[2026-09-22 08:41:25,359] DESKTOP-2G72T6F/INFO/locust.main: Starting Locust 2.46.4
[2026-09-22 08:41:25,363] DESKTOP-2G72T6F/INFO/locust.main: Run time limit set to 300 seconds
Type     Name                                                                          # reqs      # fails |    Avg     Min     Max    Med |   req/s  failures/s
--------|----------------------------------------------------------------------------|-------|-------------|-------|-------|-------|-------|--------|-----------
--------|----------------------------------------------------------------------------|-------|-------------|-------|-------|-------|-------|--------|-----------
         Aggregated                                                                         0     0(0.00%) |      0       0       0      0 |    0.00        0.00

[2026-09-22 08:41:25,366] DESKTOP-2G72T6F/INFO/locust.runners: Ramping to 50 users at a rate of 5.00 per second
Type     Name                                                                          # reqs      # fails |    Avg     Min     Max    Med |   req/s  failures/s
--------|----------------------------------------------------------------------------|-------|-------------|-------|-------|-------|-------|--------|-----------
GET      [GET] /actuator/health                                                             2     0(0.00%) |      9       4      13      4 |    0.00        0.00
GET      [GET] /api/soporte/election/status                                                 1     0(0.00%) |      4       4       4      4 |    0.00        0.00
GET      [GET] /api/soporte/tickets                                                         6     0(0.00%) |     14       7      38      8 |    0.00        0.00
GET      [GET] /health                                                                     11     0(0.00%) |     13       2      26     11 |    0.00        0.00
--------|----------------------------------------------------------------------------|-------|-------------|-------|-------|-------|-------|--------|-----------
         Aggregated                                                                        20     0(0.00%) |     12       2      38      9 |    0.00        0.00

Type     Name                                                                          # reqs      # fails |    Avg     Min     Max    Med |   req/s  failures/s
--------|----------------------------------------------------------------------------|-------|-------------|-------|-------|-------|-------|--------|-----------
GET      [GET] /actuator/health                                                             6     0(0.00%) |      8       4      13      5 |    1.00        0.00
GET      [GET] /api/soporte/election/status                                                 8     0(0.00%) |      5       3      12      4 |    0.50        0.00
GET      [GET] /api/soporte/tickets                                                        16     0(0.00%) |     13       6      38      9 |    2.50        0.00
GET      [GET] /health                                                                     29     0(0.00%) |      8       2      26      4 |    4.50        0.00
--------|----------------------------------------------------------------------------|-------|-------------|-------|-------|-------|-------|--------|-----------
         Aggregated                                                                        59     0(0.00%) |      9       2      38      8 |    8.50        0.00

Type     Name                                                                          # reqs      # fails |    Avg     Min     Max    Med |   req/s  failures/s
--------|----------------------------------------------------------------------------|-------|-------------|-------|-------|-------|-------|--------|-----------
GET      [GET] /actuator/health                                                            10     0(0.00%) |      8       4      16      5 |    1.50        0.00
GET      [GET] /api/soporte/election/status                                                15     0(0.00%) |     10       3      41      5 |    1.75        0.00
GET      [GET] /api/soporte/tickets                                                        35     0(0.00%) |     12       6      42      8 |    3.75        0.00
GET      [GET] /health                                                                     60     0(0.00%) |      7       2      27      4 |    7.00        0.00
--------|----------------------------------------------------------------------------|-------|-------------|-------|-------|-------|-------|--------|-----------
         Aggregated                                                                       120     0(0.00%) |      9       2      42      7 |   14.00        0.00

Type     Name                                                                          # reqs      # fails |    Avg     Min     Max    Med |   req/s  failures/s
--------|----------------------------------------------------------------------------|-------|-------------|-------|-------|-------|-------|--------|-----------
GET      [GET] /actuator/health                                                            17     0(0.00%) |      8       2      34      5 |    1.67        0.00
GET      [GET] /api/soporte/election/status                                                28     0(0.00%) |      8       2      41      4 |    2.50        0.00
GET      [GET] /api/soporte/tickets                                                        64     0(0.00%) |     12       6      42      9 |    5.33        0.00
GET      [GET] /health                                                                     90     0(0.00%) |      7       2      30      4 |    8.67        0.00
--------|----------------------------------------------------------------------------|-------|-------------|-------|-------|-------|-------|--------|-----------
         Aggregated                                                                       199     0(0.00%) |      9       2      42      6 |   18.17        0.00

[2026-09-22 08:41:34,446] DESKTOP-2G72T6F/INFO/locust.runners: All users spawned: {"SoporteUser": 50} (50 total users)
Type     Name                                                                          # reqs      # fails |    Avg     Min     Max    Med |   req/s  failures/s
--------|----------------------------------------------------------------------------|-------|-------------|-------|-------|-------|-------|--------|-----------
GET      [GET] /actuator/health                                                            35     0(0.00%) |      7       2      34      5 |    2.00        0.00
GET      [GET] /api/soporte/election/status                                                41     0(0.00%) |      7       2      41      4 |    3.12        0.00
GET      [GET] /api/soporte/tickets                                                       100     0(0.00%) |     11       6      42      8 |    7.38        0.00
GET      [GET] /health                                                                    129     0(0.00%) |      6       2      31      4 |   10.62        0.00
--------|----------------------------------------------------------------------------|-------|-------------|-------|-------|-------|-------|--------|-----------
         Aggregated                                                                       305     0(0.00%) |      8       2      42      6 |   23.12        0.00

Type     Name                                                                          # reqs      # fails |    Avg     Min     Max    Med |   req/s  failures/s
--------|----------------------------------------------------------------------------|-------|-------------|-------|-------|-------|-------|--------|-----------
GET      [GET] /actuator/health                                                            47     0(0.00%) |      6       2      34      4 |    2.90        0.00
GET      [GET] /api/soporte/election/status                                                58     0(0.00%) |      6       2      41      4 |    3.80        0.00
GET      [GET] /api/soporte/tickets                                                       141     0(0.00%) |     10       4      42      8 |    9.30        0.00
GET      [GET] /health                                                                    161     0(0.00%) |      6       2      31      4 |   11.90        0.00
--------|----------------------------------------------------------------------------|-------|-------------|-------|-------|-------|-------|--------|-----------
         Aggregated                                                                       407     0(0.00%) |      7       2      42      5 |   27.90        0.00

Type     Name                                                                          # reqs      # fails |    Avg     Min     Max    Med |   req/s  failures/s
--------|----------------------------------------------------------------------------|-------|-------------|-------|-------|-------|-------|--------|-----------
GET      [GET] /actuator/health                                                            65     0(0.00%) |      5       2      34      4 |    4.20        0.00
GET      [GET] /api/soporte/election/status                                                80     0(0.00%) |      5       2      41      4 |    5.60        0.00
GET      [GET] /api/soporte/tickets                                                       173     0(0.00%) |      9       4      42      8 |   12.60        0.00
GET      [GET] /health                                                                    190     0(0.00%) |      5       2      31      4 |   14.50        0.00
--------|----------------------------------------------------------------------------|-------|-------------|-------|-------|-------|-------|--------|-----------
         Aggregated                                                                       508     0(0.00%) |      7       2      42      5 |   36.90        0.00

Type     Name                                                                          # reqs      # fails |    Avg     Min     Max    Med |   req/s  failures/s
--------|----------------------------------------------------------------------------|-------|-------------|-------|-------|-------|-------|--------|-----------
GET      [GET] /actuator/health                                                            79     0(0.00%) |      5       2      34      4 |    5.40        0.00
GET      [GET] /api/soporte/election/status                                                99     0(0.00%) |      5       2      41      4 |    6.90        0.00
GET      [GET] /api/soporte/tickets                                                       189     0(0.00%) |      9       4      42      8 |   15.00        0.00
GET      [GET] /health                                                                    237     0(0.00%) |      5       2      31      4 |   15.60        0.00
--------|----------------------------------------------------------------------------|-------|-------------|-------|-------|-------|-------|--------|-----------
         Aggregated                                                                       604     0(0.00%) |      6       2      42      5 |   42.90        0.00

Type     Name                                                                          # reqs      # fails |    Avg     Min     Max    Med |   req/s  failures/s
--------|----------------------------------------------------------------------------|-------|-------------|-------|-------|-------|-------|--------|-----------
GET      [GET] /actuator/health                                                            96     0(0.00%) |      5       2      34      4 |    6.60        0.00
GET      [GET] /api/soporte/election/status                                               112     0(0.00%) |      5       2      41      4 |    8.30        0.00
GET      [GET] /api/soporte/tickets                                                       208     0(0.00%) |      9       4      42      8 |   15.20        0.00
GET      [GET] /health                                                                    281     0(0.00%) |      5       2      31      4 |   17.30        0.00
--------|----------------------------------------------------------------------------|-------|-------------|-------|-------|-------|-------|--------|-----------
         Aggregated                                                                       697     0(0.00%) |      6       2      42      5 |   47.40        0.00

Type     Name                                                                          # reqs      # fails |    Avg     Min     Max    Med |   req/s  failures/s
--------|----------------------------------------------------------------------------|-------|-------------|-------|-------|-------|-------|--------|-----------
GET      [GET] /actuator/health                                                           117     0(0.00%) |      5       2      34      4 |    7.80        0.00
GET      [GET] /api/soporte/election/status                                               122     0(0.00%) |      5       2      41      4 |    8.30        0.00
GET      [GET] /api/soporte/tickets                                                       241     0(0.00%) |      9       4      42      7 |   14.60        0.00
GET      [GET] /health                                                                    319     0(0.00%) |      4       2      31      4 |   18.20        0.00
--------|----------------------------------------------------------------------------|-------|-------------|-------|-------|-------|-------|--------|-----------
         Aggregated                                                                       799     0(0.00%) |      6       2      42      4 |   48.90        0.00

Type     Name                                                                          # reqs      # fails |    Avg     Min     Max    Med |   req/s  failures/s
--------|----------------------------------------------------------------------------|-------|-------------|-------|-------|-------|-------|--------|-----------
GET      [GET] /actuator/health                                                           128     0(0.00%) |      5       2      34      4 |    8.30        0.00
GET      [GET] /api/soporte/election/status                                               147     0(0.00%) |      4       2      41      4 |    8.40        0.00
GET      [GET] /api/soporte/tickets                                                       266     0(0.00%) |      8       4      42      7 |   14.00        0.00
GET      [GET] /health                                                                    354     0(0.00%) |      4       2      31      4 |   19.20        0.00
--------|----------------------------------------------------------------------------|-------|-------------|-------|-------|-------|-------|--------|-----------
         Aggregated                                                                       895     0(0.00%) |      6       2      42      4 |   49.90        0.00

Type     Name                                                                          # reqs      # fails |    Avg     Min     Max    Med |   req/s  failures/s
--------|----------------------------------------------------------------------------|-------|-------------|-------|-------|-------|-------|--------|-----------
GET      [GET] /actuator/health                                                           144     0(0.00%) |      5       2      34      4 |    8.10        0.00
GET      [GET] /api/soporte/election/status                                               160     0(0.00%) |      4       2      41      4 |    8.50        0.00
GET      [GET] /api/soporte/tickets                                                       293     0(0.00%) |      8       4      42      7 |   13.20        0.00
GET      [GET] /health                                                                    408     0(0.00%) |      4       2      31      4 |   19.20        0.00
--------|----------------------------------------------------------------------------|-------|-------------|-------|-------|-------|-------|--------|-----------
         Aggregated                                                                      1005     0(0.00%) |      5       2      42      4 |   49.00        0.00

Type     Name                                                                          # reqs      # fails |    Avg     Min     Max    Med |   req/s  failures/s
--------|----------------------------------------------------------------------------|-------|-------------|-------|-------|-------|-------|--------|-----------
GET      [GET] /actuator/health                                                           160     0(0.00%) |      4       2      34      4 |    8.00        0.00
GET      [GET] /api/soporte/election/status                                               173     0(0.00%) |      4       2      41      4 |    8.30        0.00
GET      [GET] /api/soporte/tickets                                                       325     0(0.00%) |      8       4      42      7 |   11.90        0.00
GET      [GET] /health                                                                    440     0(0.00%) |      4       2      31      4 |   20.20        0.00
--------|----------------------------------------------------------------------------|-------|-------------|-------|-------|-------|-------|--------|-----------
         Aggregated                                                                      1098     0(0.00%) |      5       2      42      4 |   48.40        0.00

Type     Name                                                                          # reqs      # fails |    Avg     Min     Max    Med |   req/s  failures/s
--------|----------------------------------------------------------------------------|-------|-------------|-------|-------|-------|-------|--------|-----------
GET      [GET] /actuator/health                                                           177     0(0.00%) |      4       2      34      4 |    8.10        0.00
GET      [GET] /api/soporte/election/status                                               181     0(0.00%) |      4       2      41      4 |    7.40        0.00
GET      [GET] /api/soporte/tickets                                                       359     0(0.00%) |      8       4      42      7 |   13.50        0.00
GET      [GET] /health                                                                    482     0(0.00%) |      4       2      31      4 |   20.60        0.00
--------|----------------------------------------------------------------------------|-------|-------------|-------|-------|-------|-------|--------|-----------
         Aggregated                                                                      1199     0(0.00%) |      5       2      42      4 |   49.60        0.00

Type     Name                                                                          # reqs      # fails |    Avg     Min     Max    Med |   req/s  failures/s
--------|----------------------------------------------------------------------------|-------|-------------|-------|-------|-------|-------|--------|-----------
GET      [GET] /actuator/health                                                           193     0(0.00%) |      4       2      34      4 |    7.90        0.00
GET      [GET] /api/soporte/election/status                                               193     0(0.00%) |      4       2      41      4 |    7.10        0.00
GET      [GET] /api/soporte/tickets                                                       397     0(0.00%) |      8       4      42      7 |   14.30        0.00
GET      [GET] /health                                                                    520     0(0.00%) |      4       2      31      4 |   20.50        0.00
--------|----------------------------------------------------------------------------|-------|-------------|-------|-------|-------|-------|--------|-----------
         Aggregated                                                                      1303     0(0.00%) |      5       2      42      4 |   49.80        0.00

Type     Name                                                                          # reqs      # fails |    Avg     Min     Max    Med |   req/s  failures/s
--------|----------------------------------------------------------------------------|-------|-------------|-------|-------|-------|-------|--------|-----------
GET      [GET] /actuator/health                                                           203     0(0.00%) |      4       2      34      4 |    7.40        0.00
GET      [GET] /api/soporte/election/status                                               207     0(0.00%) |      4       2      41      4 |    7.00        0.00
GET      [GET] /api/soporte/tickets                                                       425     0(0.00%) |      8       4      42      7 |   15.40        0.00
GET      [GET] /health                                                                    563     0(0.00%) |      4       2      31      4 |   19.70        0.00
--------|----------------------------------------------------------------------------|-------|-------------|-------|-------|-------|-------|--------|-----------
         Aggregated                                                                      1398     0(0.00%) |      5       2      42      4 |   49.50        0.00

Type     Name                                                                          # reqs      # fails |    Avg     Min     Max    Med |   req/s  failures/s
--------|----------------------------------------------------------------------------|-------|-------------|-------|-------|-------|-------|--------|-----------
GET      [GET] /actuator/health                                                           214     0(0.00%) |      4       2      34      4 |    7.70        0.00
GET      [GET] /api/soporte/election/status                                               220     0(0.00%) |      4       2      41      4 |    6.20        0.00
GET      [GET] /api/soporte/tickets                                                       463     0(0.00%) |      7       3      42      7 |   15.40        0.00
GET      [GET] /health                                                                    603     0(0.00%) |      4       2      31      4 |   20.80        0.00
--------|----------------------------------------------------------------------------|-------|-------------|-------|-------|-------|-------|--------|-----------
         Aggregated                                                                      1500     0(0.00%) |      5       2      42      4 |   50.10        0.00

Type     Name                                                                          # reqs      # fails |    Avg     Min     Max    Med |   req/s  failures/s
--------|----------------------------------------------------------------------------|-------|-------------|-------|-------|-------|-------|--------|-----------
GET      [GET] /actuator/health                                                           226     0(0.00%) |      4       2      34      4 |    7.20        0.00
GET      [GET] /api/soporte/election/status                                               230     0(0.00%) |      4       2      41      4 |    5.70        0.00
GET      [GET] /api/soporte/tickets                                                       490     0(0.00%) |      7       3      42      7 |   16.90        0.00
GET      [GET] /health                                                                    649     0(0.00%) |      4       2      31      4 |   20.80        0.00
--------|----------------------------------------------------------------------------|-------|-------------|-------|-------|-------|-------|--------|-----------
         Aggregated                                                                      1595     0(0.00%) |      5       2      42      4 |   50.60        0.00

Type     Name                                                                          # reqs      # fails |    Avg     Min     Max    Med |   req/s  failures/s
--------|----------------------------------------------------------------------------|-------|-------------|-------|-------|-------|-------|--------|-----------
GET      [GET] /actuator/health                                                           241     0(0.00%) |      4       2      34      4 |    6.50        0.00
GET      [GET] /api/soporte/election/status                                               247     0(0.00%) |      4       2      41      4 |    5.60        0.00
GET      [GET] /api/soporte/tickets                                                       515     0(0.00%) |      7       3      42      7 |   16.30        0.00
GET      [GET] /health                                                                    688     0(0.00%) |      4       2      31      4 |   20.90        0.00
--------|----------------------------------------------------------------------------|-------|-------------|-------|-------|-------|-------|--------|-----------
         Aggregated                                                                      1691     0(0.00%) |      5       2      42      4 |   49.30        0.00

Type     Name                                                                          # reqs      # fails |    Avg     Min     Max    Med |   req/s  failures/s
--------|----------------------------------------------------------------------------|-------|-------------|-------|-------|-------|-------|--------|-----------
GET      [GET] /actuator/health                                                           259     0(0.00%) |      4       2      34      4 |    6.30        0.00
GET      [GET] /api/soporte/election/status                                               264     0(0.00%) |      4       2      41      4 |    6.20        0.00
GET      [GET] /api/soporte/tickets                                                       544     0(0.00%) |      7       3      42      7 |   16.10        0.00
GET      [GET] /health                                                                    724     0(0.00%) |      4       2      31      4 |   21.00        0.00
--------|----------------------------------------------------------------------------|-------|-------------|-------|-------|-------|-------|--------|-----------
         Aggregated                                                                      1791     0(0.00%) |      5       2      42      4 |   49.60        0.00

Type     Name                                                                          # reqs      # fails |    Avg     Min     Max    Med |   req/s  failures/s
--------|----------------------------------------------------------------------------|-------|-------------|-------|-------|-------|-------|--------|-----------
GET      [GET] /actuator/health                                                           269     0(0.00%) |      4       2      34      4 |    6.80        0.00
GET      [GET] /api/soporte/election/status                                               276     0(0.00%) |      4       2      41      4 |    6.80        0.00
GET      [GET] /api/soporte/tickets                                                       572     0(0.00%) |      7       3      42      7 |   14.90        0.00
GET      [GET] /health                                                                    773     0(0.00%) |      4       2      31      4 |   21.20        0.00
--------|----------------------------------------------------------------------------|-------|-------------|-------|-------|-------|-------|--------|-----------
         Aggregated                                                                      1890     0(0.00%) |      5       2      42      4 |   49.70        0.00

Type     Name                                                                          # reqs      # fails |    Avg     Min     Max    Med |   req/s  failures/s
--------|----------------------------------------------------------------------------|-------|-------------|-------|-------|-------|-------|--------|-----------
GET      [GET] /actuator/health                                                           285     0(0.00%) |      4       2      34      4 |    6.60        0.00
GET      [GET] /api/soporte/election/status                                               291     0(0.00%) |      4       2      41      4 |    7.00        0.00
GET      [GET] /api/soporte/tickets                                                       603     0(0.00%) |      7       3      42      7 |   14.70        0.00
GET      [GET] /health                                                                    813     0(0.00%) |      4       2      31      4 |   20.70        0.00
--------|----------------------------------------------------------------------------|-------|-------------|-------|-------|-------|-------|--------|-----------
         Aggregated                                                                      1992     0(0.00%) |      5       2      42      4 |   49.00        0.00

Type     Name                                                                          # reqs      # fails |    Avg     Min     Max    Med |   req/s  failures/s
--------|----------------------------------------------------------------------------|-------|-------------|-------|-------|-------|-------|--------|-----------
GET      [GET] /actuator/health                                                           299     0(0.00%) |      4       2      34      4 |    6.70        0.00
GET      [GET] /api/soporte/election/status                                               310     0(0.00%) |      4       2      41      4 |    7.10        0.00
GET      [GET] /api/soporte/tickets                                                       629     0(0.00%) |      7       3      42      7 |   14.60        0.00
GET      [GET] /health                                                                    853     0(0.00%) |      4       2      31      4 |   21.00        0.00
--------|----------------------------------------------------------------------------|-------|-------------|-------|-------|-------|-------|--------|-----------
         Aggregated                                                                      2091     0(0.00%) |      5       2      42      4 |   49.40        0.00

Type     Name                                                                          # reqs      # fails |    Avg     Min     Max    Med |   req/s  failures/s
--------|----------------------------------------------------------------------------|-------|-------------|-------|-------|-------|-------|--------|-----------
GET      [GET] /actuator/health                                                           311     0(0.00%) |      4       2      34      4 |    7.10        0.00
GET      [GET] /api/soporte/election/status                                               334     0(0.00%) |      4       2      41      4 |    8.00        0.00
GET      [GET] /api/soporte/tickets                                                       648     0(0.00%) |      7       3      42      7 |   14.20        0.00
GET      [GET] /health                                                                    896     0(0.00%) |      4       2      31      4 |   20.10        0.00
--------|----------------------------------------------------------------------------|-------|-------------|-------|-------|-------|-------|--------|-----------
         Aggregated                                                                      2189     0(0.00%) |      5       2      42      4 |   49.40        0.00

Type     Name                                                                          # reqs      # fails |    Avg     Min     Max    Med |   req/s  failures/s
--------|----------------------------------------------------------------------------|-------|-------------|-------|-------|-------|-------|--------|-----------
GET      [GET] /actuator/health                                                           327     0(0.00%) |      4       2      34      4 |    7.40        0.00
GET      [GET] /api/soporte/election/status                                               347     0(0.00%) |      4       2      41      4 |    8.70        0.00
GET      [GET] /api/soporte/tickets                                                       677     0(0.00%) |      7       3      42      7 |   13.50        0.00
GET      [GET] /health                                                                    937     0(0.00%) |      4       2      31      4 |   20.40        0.00
--------|----------------------------------------------------------------------------|-------|-------------|-------|-------|-------|-------|--------|-----------
         Aggregated                                                                      2288     0(0.00%) |      5       2      42      4 |   50.00        0.00

Type     Name                                                                          # reqs      # fails |    Avg     Min     Max    Med |   req/s  failures/s
--------|----------------------------------------------------------------------------|-------|-------------|-------|-------|-------|-------|--------|-----------
GET      [GET] /actuator/health                                                           340     0(0.00%) |      4       2      34      4 |    7.00        0.00
GET      [GET] /api/soporte/election/status                                               362     0(0.00%) |      4       2      41      4 |    8.40        0.00
GET      [GET] /api/soporte/tickets                                                       713     0(0.00%) |      7       3      42      7 |   13.40        0.00
GET      [GET] /health                                                                    973     0(0.00%) |      4       2      31      4 |   20.90        0.00
--------|----------------------------------------------------------------------------|-------|-------------|-------|-------|-------|-------|--------|-----------
         Aggregated                                                                      2388     0(0.00%) |      5       2      42      4 |   49.70        0.00

Type     Name                                                                          # reqs      # fails |    Avg     Min     Max    Med |   req/s  failures/s
--------|----------------------------------------------------------------------------|-------|-------------|-------|-------|-------|-------|--------|-----------
GET      [GET] /actuator/health                                                           360     0(0.00%) |      4       2      34      4 |    7.10        0.00
GET      [GET] /api/soporte/election/status                                               375     0(0.00%) |      4       2      41      4 |    8.60        0.00
GET      [GET] /api/soporte/tickets                                                       733     0(0.00%) |      7       3      42      7 |   13.60        0.00
GET      [GET] /health                                                                   1018     0(0.00%) |      4       2      31      4 |   20.40        0.00
--------|----------------------------------------------------------------------------|-------|-------------|-------|-------|-------|-------|--------|-----------
         Aggregated                                                                      2486     0(0.00%) |      5       2      42      4 |   49.70        0.00

Type     Name                                                                          # reqs      # fails |    Avg     Min     Max    Med |   req/s  failures/s
--------|----------------------------------------------------------------------------|-------|-------------|-------|-------|-------|-------|--------|-----------
GET      [GET] /actuator/health                                                           375     0(0.00%) |      4       2      34      4 |    7.30        0.00
GET      [GET] /api/soporte/election/status                                               386     0(0.00%) |      4       2      41      4 |    8.60        0.00
GET      [GET] /api/soporte/tickets                                                       751     0(0.00%) |      7       3      42      7 |   12.90        0.00
GET      [GET] /health                                                                   1073     0(0.00%) |      4       2      31      4 |   20.60        0.00
--------|----------------------------------------------------------------------------|-------|-------------|-------|-------|-------|-------|--------|-----------
         Aggregated                                                                      2585     0(0.00%) |      5       2      42      4 |   49.40        0.00

Type     Name                                                                          # reqs      # fails |    Avg     Min     Max    Med |   req/s  failures/s
--------|----------------------------------------------------------------------------|-------|-------------|-------|-------|-------|-------|--------|-----------
GET      [GET] /actuator/health                                                           390     0(0.00%) |      4       2      34      4 |    7.80        0.00
GET      [GET] /api/soporte/election/status                                               393     0(0.00%) |      4       2      41      4 |    7.60        0.00
GET      [GET] /api/soporte/tickets                                                       784     0(0.00%) |      7       3      42      7 |   12.30        0.00
GET      [GET] /health                                                                   1120     0(0.00%) |      4       2      31      4 |   21.70        0.00
--------|----------------------------------------------------------------------------|-------|-------------|-------|-------|-------|-------|--------|-----------
         Aggregated                                                                      2687     0(0.00%) |      5       2      42      4 |   49.40        0.00

Type     Name                                                                          # reqs      # fails |    Avg     Min     Max    Med |   req/s  failures/s
--------|----------------------------------------------------------------------------|-------|-------------|-------|-------|-------|-------|--------|-----------
GET      [GET] /actuator/health                                                           400     0(0.00%) |      4       2      34      4 |    7.60        0.00
GET      [GET] /api/soporte/election/status                                               412     0(0.00%) |      4       2      41      4 |    6.40        0.00
GET      [GET] /api/soporte/tickets                                                       812     0(0.00%) |      7       3      42      7 |   12.90        0.00
GET      [GET] /health                                                                   1164     0(0.00%) |      4       2      31      4 |   22.30        0.00
--------|----------------------------------------------------------------------------|-------|-------------|-------|-------|-------|-------|--------|-----------
         Aggregated                                                                      2788     0(0.00%) |      5       2      42      4 |   49.20        0.00

Type     Name                                                                          # reqs      # fails |    Avg     Min     Max    Med |   req/s  failures/s
--------|----------------------------------------------------------------------------|-------|-------------|-------|-------|-------|-------|--------|-----------
GET      [GET] /actuator/health                                                           410     0(0.00%) |      4       2      34      4 |    7.50        0.00
GET      [GET] /api/soporte/election/status                                               434     0(0.00%) |      4       2      41      4 |    6.40        0.00
GET      [GET] /api/soporte/tickets                                                       843     0(0.00%) |      7       3      42      7 |   13.00        0.00
GET      [GET] /health                                                                   1209     0(0.00%) |      4       2      31      4 |   22.20        0.00
--------|----------------------------------------------------------------------------|-------|-------------|-------|-------|-------|-------|--------|-----------
         Aggregated                                                                      2896     0(0.00%) |      5       2      42      4 |   49.10        0.00

Type     Name                                                                          # reqs      # fails |    Avg     Min     Max    Med |   req/s  failures/s
--------|----------------------------------------------------------------------------|-------|-------------|-------|-------|-------|-------|--------|-----------
GET      [GET] /actuator/health                                                           432     0(0.00%) |      4       2      34      4 |    7.00        0.00
GET      [GET] /api/soporte/election/status                                               443     0(0.00%) |      4       2      41      4 |    6.50        0.00
GET      [GET] /api/soporte/tickets                                                       868     0(0.00%) |      7       3      42      7 |   13.40        0.00
GET      [GET] /health                                                                   1259     0(0.00%) |      4       2      31      4 |   22.90        0.00
--------|----------------------------------------------------------------------------|-------|-------------|-------|-------|-------|-------|--------|-----------
         Aggregated                                                                      3002     0(0.00%) |      5       2      42      4 |   49.80        0.00

Type     Name                                                                          # reqs      # fails |    Avg     Min     Max    Med |   req/s  failures/s
--------|----------------------------------------------------------------------------|-------|-------------|-------|-------|-------|-------|--------|-----------
GET      [GET] /actuator/health                                                           451     0(0.00%) |      4       2      34      4 |    7.20        0.00
GET      [GET] /api/soporte/election/status                                               454     0(0.00%) |      4       2      41      4 |    6.80        0.00
GET      [GET] /api/soporte/tickets                                                       889     0(0.00%) |      7       3      42      7 |   13.10        0.00
GET      [GET] /health                                                                   1308     0(0.00%) |      3       2      31      4 |   23.20        0.00
--------|----------------------------------------------------------------------------|-------|-------------|-------|-------|-------|-------|--------|-----------
         Aggregated                                                                      3102     0(0.00%) |      5       2      42      4 |   50.30        0.00

Type     Name                                                                          # reqs      # fails |    Avg     Min     Max    Med |   req/s  failures/s
--------|----------------------------------------------------------------------------|-------|-------------|-------|-------|-------|-------|--------|-----------
GET      [GET] /actuator/health                                                           463     0(0.00%) |      4       2      34      4 |    7.70        0.00
GET      [GET] /api/soporte/election/status                                               465     0(0.00%) |      4       2      41      4 |    6.90        0.00
GET      [GET] /api/soporte/tickets                                                       921     0(0.00%) |      7       3      42      7 |   13.50        0.00
GET      [GET] /health                                                                   1348     0(0.00%) |      4       2      31      4 |   23.10        0.00
--------|----------------------------------------------------------------------------|-------|-------------|-------|-------|-------|-------|--------|-----------
         Aggregated                                                                      3197     0(0.00%) |      5       2      42      4 |   51.20        0.00

Type     Name                                                                          # reqs      # fails |    Avg     Min     Max    Med |   req/s  failures/s
--------|----------------------------------------------------------------------------|-------|-------------|-------|-------|-------|-------|--------|-----------
GET      [GET] /actuator/health                                                           479     0(0.00%) |      4       2      34      4 |    7.20        0.00
GET      [GET] /api/soporte/election/status                                               479     0(0.00%) |      4       2      41      4 |    7.20        0.00
GET      [GET] /api/soporte/tickets                                                       948     0(0.00%) |      7       3      42      7 |   13.90        0.00
GET      [GET] /health                                                                   1391     0(0.00%) |      4       2      31      4 |   22.80        0.00
--------|----------------------------------------------------------------------------|-------|-------------|-------|-------|-------|-------|--------|-----------
         Aggregated                                                                      3297     0(0.00%) |      5       2      42      4 |   51.10        0.00

Type     Name                                                                          # reqs      # fails |    Avg     Min     Max    Med |   req/s  failures/s
--------|----------------------------------------------------------------------------|-------|-------------|-------|-------|-------|-------|--------|-----------
GET      [GET] /actuator/health                                                           500     0(0.00%) |      4       2      34      4 |    7.90        0.00
GET      [GET] /api/soporte/election/status                                               495     0(0.00%) |      4       2      41      4 |    6.60        0.00
GET      [GET] /api/soporte/tickets                                                       975     0(0.00%) |      7       3      42      7 |   13.80        0.00
GET      [GET] /health                                                                   1431     0(0.00%) |      4       2      31      4 |   22.80        0.00
--------|----------------------------------------------------------------------------|-------|-------------|-------|-------|-------|-------|--------|-----------
         Aggregated                                                                      3401     0(0.00%) |      5       2      42      4 |   51.10        0.00

Type     Name                                                                          # reqs      # fails |    Avg     Min     Max    Med |   req/s  failures/s
--------|----------------------------------------------------------------------------|-------|-------------|-------|-------|-------|-------|--------|-----------
GET      [GET] /actuator/health                                                           516     0(0.00%) |      4       2      34      4 |    8.80        0.00
GET      [GET] /api/soporte/election/status                                               511     0(0.00%) |      4       2      41      4 |    6.50        0.00
GET      [GET] /api/soporte/tickets                                                      1005     0(0.00%) |      7       3      42      7 |   12.90        0.00
GET      [GET] /health                                                                   1471     0(0.00%) |      4       2      31      4 |   22.60        0.00
--------|----------------------------------------------------------------------------|-------|-------------|-------|-------|-------|-------|--------|-----------
         Aggregated                                                                      3503     0(0.00%) |      5       2      42      4 |   50.80        0.00

Type     Name                                                                          # reqs      # fails |    Avg     Min     Max    Med |   req/s  failures/s
--------|----------------------------------------------------------------------------|-------|-------------|-------|-------|-------|-------|--------|-----------
GET      [GET] /actuator/health                                                           534     0(0.00%) |      4       2      34      4 |    8.80        0.00
GET      [GET] /api/soporte/election/status                                               520     0(0.00%) |      4       2      41      4 |    6.40        0.00
GET      [GET] /api/soporte/tickets                                                      1030     0(0.00%) |      7       3      42      7 |   14.00        0.00
GET      [GET] /health                                                                   1518     0(0.00%) |      4       2      31      4 |   21.30        0.00
--------|----------------------------------------------------------------------------|-------|-------------|-------|-------|-------|-------|--------|-----------
         Aggregated                                                                      3602     0(0.00%) |      5       2      42      4 |   50.50        0.00

Type     Name                                                                          # reqs      # fails |    Avg     Min     Max    Med |   req/s  failures/s
--------|----------------------------------------------------------------------------|-------|-------------|-------|-------|-------|-------|--------|-----------
GET      [GET] /actuator/health                                                           546     0(0.00%) |      4       2      34      4 |    8.30        0.00
GET      [GET] /api/soporte/election/status                                               536     0(0.00%) |      4       2      41      4 |    6.10        0.00
GET      [GET] /api/soporte/tickets                                                      1057     0(0.00%) |      7       3      42      7 |   13.80        0.00
GET      [GET] /health                                                                   1560     0(0.00%) |      4       2      31      4 |   21.30        0.00
--------|----------------------------------------------------------------------------|-------|-------------|-------|-------|-------|-------|--------|-----------
         Aggregated                                                                      3699     0(0.00%) |      5       2      42      4 |   49.50        0.00

Type     Name                                                                          # reqs      # fails |    Avg     Min     Max    Med |   req/s  failures/s
--------|----------------------------------------------------------------------------|-------|-------------|-------|-------|-------|-------|--------|-----------
GET      [GET] /actuator/health                                                           559     0(0.00%) |      4       2      34      4 |    8.00        0.00
GET      [GET] /api/soporte/election/status                                               552     0(0.00%) |      4       2      41      4 |    6.70        0.00
GET      [GET] /api/soporte/tickets                                                      1094     0(0.00%) |      7       3      42      7 |   13.80        0.00
GET      [GET] /health                                                                   1595     0(0.00%) |      4       2      31      4 |   20.50        0.00
--------|----------------------------------------------------------------------------|-------|-------------|-------|-------|-------|-------|--------|-----------
         Aggregated                                                                      3800     0(0.00%) |      5       2      42      4 |   49.00        0.00

Type     Name                                                                          # reqs      # fails |    Avg     Min     Max    Med |   req/s  failures/s
--------|----------------------------------------------------------------------------|-------|-------------|-------|-------|-------|-------|--------|-----------
GET      [GET] /actuator/health                                                           572     0(0.00%) |      4       2      34      4 |    7.50        0.00
GET      [GET] /api/soporte/election/status                                               565     0(0.00%) |      4       2      41      4 |    7.10        0.00
GET      [GET] /api/soporte/tickets                                                      1125     0(0.00%) |      7       3      42      7 |   14.40        0.00
GET      [GET] /health                                                                   1638     0(0.00%) |      4       2      31      4 |   20.50        0.00
--------|----------------------------------------------------------------------------|-------|-------------|-------|-------|-------|-------|--------|-----------
         Aggregated                                                                      3900     0(0.00%) |      5       2      42      4 |   49.50        0.00

Type     Name                                                                          # reqs      # fails |    Avg     Min     Max    Med |   req/s  failures/s
--------|----------------------------------------------------------------------------|-------|-------------|-------|-------|-------|-------|--------|-----------
GET      [GET] /actuator/health                                                           586     0(0.00%) |      4       2      34      4 |    7.10        0.00
GET      [GET] /api/soporte/election/status                                               580     0(0.00%) |      4       2      41      4 |    7.20        0.00
GET      [GET] /api/soporte/tickets                                                      1155     0(0.00%) |      7       3      42      6 |   15.30        0.00
GET      [GET] /health                                                                   1677     0(0.00%) |      4       2      31      4 |   20.40        0.00
--------|----------------------------------------------------------------------------|-------|-------------|-------|-------|-------|-------|--------|-----------
         Aggregated                                                                      3998     0(0.00%) |      5       2      42      4 |   50.00        0.00

Type     Name                                                                          # reqs      # fails |    Avg     Min     Max    Med |   req/s  failures/s
--------|----------------------------------------------------------------------------|-------|-------------|-------|-------|-------|-------|--------|-----------
GET      [GET] /actuator/health                                                           595     0(0.00%) |      4       2      34      4 |    6.90        0.00
GET      [GET] /api/soporte/election/status                                               594     0(0.00%) |      4       2      41      4 |    7.10        0.00
GET      [GET] /api/soporte/tickets                                                      1181     0(0.00%) |      7       3      42      6 |   14.70        0.00
GET      [GET] /health                                                                   1720     0(0.00%) |      3       2      31      4 |   20.90        0.00
--------|----------------------------------------------------------------------------|-------|-------------|-------|-------|-------|-------|--------|-----------
         Aggregated                                                                      4090     0(0.00%) |      5       2      42      4 |   49.60        0.00

Type     Name                                                                          # reqs      # fails |    Avg     Min     Max    Med |   req/s  failures/s
--------|----------------------------------------------------------------------------|-------|-------------|-------|-------|-------|-------|--------|-----------
GET      [GET] /actuator/health                                                           610     0(0.00%) |      4       2      34      4 |    5.80        0.00
GET      [GET] /api/soporte/election/status                                               607     0(0.00%) |      4       2      41      4 |    7.30        0.00
GET      [GET] /api/soporte/tickets                                                      1216     0(0.00%) |      7       3      42      6 |   15.20        0.00
GET      [GET] /health                                                                   1753     0(0.00%) |      3       2      31      3 |   20.60        0.00
--------|----------------------------------------------------------------------------|-------|-------------|-------|-------|-------|-------|--------|-----------
         Aggregated                                                                      4186     0(0.00%) |      5       2      42      4 |   48.90        0.00

Type     Name                                                                          # reqs      # fails |    Avg     Min     Max    Med |   req/s  failures/s
--------|----------------------------------------------------------------------------|-------|-------------|-------|-------|-------|-------|--------|-----------
GET      [GET] /actuator/health                                                           624     0(0.00%) |      4       2      34      4 |    6.90        0.00
GET      [GET] /api/soporte/election/status                                               626     0(0.00%) |      4       2      41      4 |    7.10        0.00
GET      [GET] /api/soporte/tickets                                                      1248     0(0.00%) |      7       3      42      6 |   15.30        0.00
GET      [GET] /health                                                                   1789     0(0.00%) |      3       2      31      3 |   19.50        0.00
--------|----------------------------------------------------------------------------|-------|-------------|-------|-------|-------|-------|--------|-----------
         Aggregated                                                                      4287     0(0.00%) |      5       2      42      4 |   48.80        0.00

Type     Name                                                                          # reqs      # fails |    Avg     Min     Max    Med |   req/s  failures/s
--------|----------------------------------------------------------------------------|-------|-------------|-------|-------|-------|-------|--------|-----------
GET      [GET] /actuator/health                                                           639     0(0.00%) |      4       2      34      4 |    6.60        0.00
GET      [GET] /api/soporte/election/status                                               637     0(0.00%) |      4       2      41      4 |    7.20        0.00
GET      [GET] /api/soporte/tickets                                                      1278     0(0.00%) |      7       3      42      6 |   15.60        0.00
GET      [GET] /health                                                                   1831     0(0.00%) |      3       2      31      3 |   19.20        0.00
--------|----------------------------------------------------------------------------|-------|-------------|-------|-------|-------|-------|--------|-----------
         Aggregated                                                                      4385     0(0.00%) |      5       2      42      4 |   48.60        0.00

Type     Name                                                                          # reqs      # fails |    Avg     Min     Max    Med |   req/s  failures/s
--------|----------------------------------------------------------------------------|-------|-------------|-------|-------|-------|-------|--------|-----------
GET      [GET] /actuator/health                                                           651     0(0.00%) |      4       2      34      4 |    6.70        0.00
GET      [GET] /api/soporte/election/status                                               652     0(0.00%) |      4       1      41      4 |    7.20        0.00
GET      [GET] /api/soporte/tickets                                                      1309     0(0.00%) |      7       3      42      6 |   15.20        0.00
GET      [GET] /health                                                                   1873     0(0.00%) |      3       2      31      3 |   19.30        0.00
--------|----------------------------------------------------------------------------|-------|-------------|-------|-------|-------|-------|--------|-----------
         Aggregated                                                                      4485     0(0.00%) |      5       1      42      4 |   48.40        0.00

Type     Name                                                                          # reqs      # fails |    Avg     Min     Max    Med |   req/s  failures/s
--------|----------------------------------------------------------------------------|-------|-------------|-------|-------|-------|-------|--------|-----------
GET      [GET] /actuator/health                                                           667     0(0.00%) |      4       2      34      4 |    6.50        0.00
GET      [GET] /api/soporte/election/status                                               663     0(0.00%) |      4       1      41      4 |    7.10        0.00
GET      [GET] /api/soporte/tickets                                                      1345     0(0.00%) |      7       3      42      6 |   15.10        0.00
GET      [GET] /health                                                                   1912     0(0.00%) |      3       2      31      3 |   19.20        0.00
--------|----------------------------------------------------------------------------|-------|-------------|-------|-------|-------|-------|--------|-----------
         Aggregated                                                                      4587     0(0.00%) |      5       1      42      4 |   47.90        0.00

Type     Name                                                                          # reqs      # fails |    Avg     Min     Max    Med |   req/s  failures/s
--------|----------------------------------------------------------------------------|-------|-------------|-------|-------|-------|-------|--------|-----------
GET      [GET] /actuator/health                                                           687     0(0.00%) |      4       2      34      4 |    7.20        0.00
GET      [GET] /api/soporte/election/status                                               676     0(0.00%) |      4       1      41      4 |    7.50        0.00
GET      [GET] /api/soporte/tickets                                                      1371     0(0.00%) |      7       3      42      6 |   16.20        0.00
GET      [GET] /health                                                                   1956     0(0.00%) |      3       2      31      3 |   18.40        0.00
--------|----------------------------------------------------------------------------|-------|-------------|-------|-------|-------|-------|--------|-----------
         Aggregated                                                                      4690     0(0.00%) |      4       1      42      4 |   49.30        0.00

Type     Name                                                                          # reqs      # fails |    Avg     Min     Max    Med |   req/s  failures/s
--------|----------------------------------------------------------------------------|-------|-------------|-------|-------|-------|-------|--------|-----------
GET      [GET] /actuator/health                                                           699     0(0.00%) |      4       2      34      4 |    7.30        0.00
GET      [GET] /api/soporte/election/status                                               686     0(0.00%) |      4       1      41      4 |    6.80        0.00
GET      [GET] /api/soporte/tickets                                                      1398     0(0.00%) |      7       3      42      6 |   15.70        0.00
GET      [GET] /health                                                                   2000     0(0.00%) |      3       2      31      3 |   19.90        0.00
--------|----------------------------------------------------------------------------|-------|-------------|-------|-------|-------|-------|--------|-----------
         Aggregated                                                                      4783     0(0.00%) |      4       1      42      4 |   49.70        0.00

Type     Name                                                                          # reqs      # fails |    Avg     Min     Max    Med |   req/s  failures/s
--------|----------------------------------------------------------------------------|-------|-------------|-------|-------|-------|-------|--------|-----------
GET      [GET] /actuator/health                                                           713     0(0.00%) |      4       2      34      4 |    7.20        0.00
GET      [GET] /api/soporte/election/status                                               697     0(0.00%) |      4       1      41      4 |    6.50        0.00
GET      [GET] /api/soporte/tickets                                                      1428     0(0.00%) |      7       3      42      6 |   15.10        0.00
GET      [GET] /health                                                                   2045     0(0.00%) |      3       2      31      3 |   20.90        0.00
--------|----------------------------------------------------------------------------|-------|-------------|-------|-------|-------|-------|--------|-----------
         Aggregated                                                                      4883     0(0.00%) |      4       1      42      4 |   49.70        0.00

Type     Name                                                                          # reqs      # fails |    Avg     Min     Max    Med |   req/s  failures/s
--------|----------------------------------------------------------------------------|-------|-------------|-------|-------|-------|-------|--------|-----------
GET      [GET] /actuator/health                                                           727     0(0.00%) |      4       2      47      4 |    7.30        0.00
GET      [GET] /api/soporte/election/status                                               711     0(0.00%) |      4       1      41      4 |    6.00        0.00
GET      [GET] /api/soporte/tickets                                                      1461     0(0.00%) |      7       3      42      6 |   14.70        0.00
GET      [GET] /health                                                                   2080     0(0.00%) |      3       2      31      3 |   21.00        0.00
--------|----------------------------------------------------------------------------|-------|-------------|-------|-------|-------|-------|--------|-----------
         Aggregated                                                                      4979     0(0.00%) |      5       1      47      4 |   49.00        0.00

Type     Name                                                                          # reqs      # fails |    Avg     Min     Max    Med |   req/s  failures/s
--------|----------------------------------------------------------------------------|-------|-------------|-------|-------|-------|-------|--------|-----------
GET      [GET] /actuator/health                                                           741     0(0.00%) |      4       2      47      4 |    7.70        0.00
GET      [GET] /api/soporte/election/status                                               726     0(0.00%) |      4       1      41      4 |    5.80        0.00
GET      [GET] /api/soporte/tickets                                                      1483     0(0.00%) |      7       3      42      6 |   15.30        0.00
GET      [GET] /health                                                                   2131     0(0.00%) |      3       2      31      3 |   20.70        0.00
--------|----------------------------------------------------------------------------|-------|-------------|-------|-------|-------|-------|--------|-----------
         Aggregated                                                                      5081     0(0.00%) |      5       1      47      4 |   49.50        0.00

Type     Name                                                                          # reqs      # fails |    Avg     Min     Max    Med |   req/s  failures/s
--------|----------------------------------------------------------------------------|-------|-------------|-------|-------|-------|-------|--------|-----------
GET      [GET] /actuator/health                                                           759     0(0.00%) |      4       2      47      4 |    7.40        0.00
GET      [GET] /api/soporte/election/status                                               738     0(0.00%) |      4       1      41      4 |    6.20        0.00
GET      [GET] /api/soporte/tickets                                                      1504     0(0.00%) |      7       3      42      6 |   14.10        0.00
GET      [GET] /health                                                                   2175     0(0.00%) |      3       2      31      3 |   21.10        0.00
--------|----------------------------------------------------------------------------|-------|-------------|-------|-------|-------|-------|--------|-----------
         Aggregated                                                                      5176     0(0.00%) |      5       1      47      4 |   48.80        0.00

Type     Name                                                                          # reqs      # fails |    Avg     Min     Max    Med |   req/s  failures/s
--------|----------------------------------------------------------------------------|-------|-------------|-------|-------|-------|-------|--------|-----------
GET      [GET] /actuator/health                                                           769     0(0.00%) |      4       2      47      4 |    7.50        0.00
GET      [GET] /api/soporte/election/status                                               754     0(0.00%) |      4       1      41      4 |    6.00        0.00
GET      [GET] /api/soporte/tickets                                                      1532     0(0.00%) |      7       3      42      6 |   13.70        0.00
GET      [GET] /health                                                                   2218     0(0.00%) |      3       2      31      3 |   22.00        0.00
--------|----------------------------------------------------------------------------|-------|-------------|-------|-------|-------|-------|--------|-----------
         Aggregated                                                                      5273     0(0.00%) |      5       1      47      4 |   49.20        0.00

Type     Name                                                                          # reqs      # fails |    Avg     Min     Max    Med |   req/s  failures/s
--------|----------------------------------------------------------------------------|-------|-------------|-------|-------|-------|-------|--------|-----------
GET      [GET] /actuator/health                                                           784     0(0.00%) |      4       2      47      4 |    7.10        0.00
GET      [GET] /api/soporte/election/status                                               766     0(0.00%) |      4       1      41      4 |    6.60        0.00
GET      [GET] /api/soporte/tickets                                                      1562     0(0.00%) |      7       3      42      6 |   12.90        0.00
GET      [GET] /health                                                                   2262     0(0.00%) |      3       2      31      3 |   22.00        0.00
--------|----------------------------------------------------------------------------|-------|-------------|-------|-------|-------|-------|--------|-----------
         Aggregated                                                                      5374     0(0.00%) |      4       1      47      4 |   48.60        0.00

Type     Name                                                                          # reqs      # fails |    Avg     Min     Max    Med |   req/s  failures/s
--------|----------------------------------------------------------------------------|-------|-------------|-------|-------|-------|-------|--------|-----------
GET      [GET] /actuator/health                                                           803     0(0.00%) |      4       2      47      4 |    7.10        0.00
GET      [GET] /api/soporte/election/status                                               782     0(0.00%) |      4       1      41      4 |    6.70        0.00
GET      [GET] /api/soporte/tickets                                                      1589     0(0.00%) |      7       3      42      6 |   13.40        0.00
GET      [GET] /health                                                                   2299     0(0.00%) |      3       2      31      3 |   21.90        0.00
--------|----------------------------------------------------------------------------|-------|-------------|-------|-------|-------|-------|--------|-----------
         Aggregated                                                                      5473     0(0.00%) |      4       1      47      4 |   49.10        0.00

Type     Name                                                                          # reqs      # fails |    Avg     Min     Max    Med |   req/s  failures/s
--------|----------------------------------------------------------------------------|-------|-------------|-------|-------|-------|-------|--------|-----------
GET      [GET] /actuator/health                                                           814     0(0.00%) |      4       2      47      4 |    7.10        0.00
GET      [GET] /api/soporte/election/status                                               794     0(0.00%) |      4       1      41      4 |    7.40        0.00
GET      [GET] /api/soporte/tickets                                                      1617     0(0.00%) |      7       3      42      6 |   12.40        0.00
GET      [GET] /health                                                                   2343     0(0.00%) |      3       2      31      4 |   22.00        0.00
--------|----------------------------------------------------------------------------|-------|-------------|-------|-------|-------|-------|--------|-----------
         Aggregated                                                                      5568     0(0.00%) |      4       1      47      4 |   48.90        0.00

Type     Name                                                                          # reqs      # fails |    Avg     Min     Max    Med |   req/s  failures/s
--------|----------------------------------------------------------------------------|-------|-------------|-------|-------|-------|-------|--------|-----------
GET      [GET] /actuator/health                                                           828     0(0.00%) |      4       2      47      4 |    7.50        0.00
GET      [GET] /api/soporte/election/status                                               810     0(0.00%) |      4       1      41      4 |    6.30        0.00
GET      [GET] /api/soporte/tickets                                                      1641     0(0.00%) |      7       3      42      6 |   13.10        0.00
GET      [GET] /health                                                                   2387     0(0.00%) |      3       2      31      4 |   22.40        0.00
--------|----------------------------------------------------------------------------|-------|-------------|-------|-------|-------|-------|--------|-----------
         Aggregated                                                                      5666     0(0.00%) |      4       1      47      4 |   49.30        0.00

Type     Name                                                                          # reqs      # fails |    Avg     Min     Max    Med |   req/s  failures/s
--------|----------------------------------------------------------------------------|-------|-------------|-------|-------|-------|-------|--------|-----------
GET      [GET] /actuator/health                                                           838     0(0.00%) |      4       2      47      4 |    6.80        0.00
GET      [GET] /api/soporte/election/status                                               821     0(0.00%) |      4       1      41      4 |    7.10        0.00
GET      [GET] /api/soporte/tickets                                                      1661     0(0.00%) |      7       3      42      6 |   13.80        0.00
GET      [GET] /health                                                                   2444     0(0.00%) |      3       2      31      4 |   20.90        0.00
--------|----------------------------------------------------------------------------|-------|-------------|-------|-------|-------|-------|--------|-----------
         Aggregated                                                                      5764     0(0.00%) |      4       1      47      4 |   48.60        0.00

Type     Name                                                                          # reqs      # fails |    Avg     Min     Max    Med |   req/s  failures/s
--------|----------------------------------------------------------------------------|-------|-------------|-------|-------|-------|-------|--------|-----------
GET      [GET] /actuator/health                                                           858     0(0.00%) |      4       2      47      4 |    7.30        0.00
GET      [GET] /api/soporte/election/status                                               840     0(0.00%) |      4       1      41      4 |    6.80        0.00
GET      [GET] /api/soporte/tickets                                                      1686     0(0.00%) |      7       3      42      6 |   13.50        0.00
GET      [GET] /health                                                                   2484     0(0.00%) |      3       2      31      4 |   21.70        0.00
--------|----------------------------------------------------------------------------|-------|-------------|-------|-------|-------|-------|--------|-----------
         Aggregated                                                                      5868     0(0.00%) |      4       1      47      4 |   49.30        0.00

Type     Name                                                                          # reqs      # fails |    Avg     Min     Max    Med |   req/s  failures/s
--------|----------------------------------------------------------------------------|-------|-------------|-------|-------|-------|-------|--------|-----------
GET      [GET] /actuator/health                                                           869     0(0.00%) |      4       2      47      4 |    7.10        0.00
GET      [GET] /api/soporte/election/status                                               855     0(0.00%) |      4       1      41      4 |    7.10        0.00
GET      [GET] /api/soporte/tickets                                                      1711     0(0.00%) |      7       3      42      6 |   12.70        0.00
GET      [GET] /health                                                                   2523     0(0.00%) |      3       2      31      4 |   21.50        0.00
--------|----------------------------------------------------------------------------|-------|-------------|-------|-------|-------|-------|--------|-----------
         Aggregated                                                                      5958     0(0.00%) |      4       1      47      4 |   48.40        0.00

Type     Name                                                                          # reqs      # fails |    Avg     Min     Max    Med |   req/s  failures/s
--------|----------------------------------------------------------------------------|-------|-------------|-------|-------|-------|-------|--------|-----------
GET      [GET] /actuator/health                                                           881     0(0.00%) |      4       2      47      4 |    7.00        0.00
GET      [GET] /api/soporte/election/status                                               871     0(0.00%) |      4       1      41      4 |    6.90        0.00
GET      [GET] /api/soporte/tickets                                                      1743     0(0.00%) |      7       3      42      6 |   12.90        0.00
GET      [GET] /health                                                                   2566     0(0.00%) |      3       2      31      4 |   22.20        0.00
--------|----------------------------------------------------------------------------|-------|-------------|-------|-------|-------|-------|--------|-----------
         Aggregated                                                                      6061     0(0.00%) |      4       1      47      4 |   49.00        0.00

Type     Name                                                                          # reqs      # fails |    Avg     Min     Max    Med |   req/s  failures/s
--------|----------------------------------------------------------------------------|-------|-------------|-------|-------|-------|-------|--------|-----------
GET      [GET] /actuator/health                                                           891     0(0.00%) |      4       2      47      4 |    6.30        0.00
GET      [GET] /api/soporte/election/status                                               881     0(0.00%) |      4       1      41      4 |    7.90        0.00
GET      [GET] /api/soporte/tickets                                                      1769     0(0.00%) |      7       3      42      6 |   12.30        0.00
GET      [GET] /health                                                                   2613     0(0.00%) |      3       2      31      4 |   22.20        0.00
--------|----------------------------------------------------------------------------|-------|-------------|-------|-------|-------|-------|--------|-----------
         Aggregated                                                                      6154     0(0.00%) |      4       1      47      4 |   48.70        0.00

Type     Name                                                                          # reqs      # fails |    Avg     Min     Max    Med |   req/s  failures/s
--------|----------------------------------------------------------------------------|-------|-------------|-------|-------|-------|-------|--------|-----------
GET      [GET] /actuator/health                                                           904     0(0.00%) |      4       2      47      4 |    6.40        0.00
GET      [GET] /api/soporte/election/status                                               899     0(0.00%) |      4       1      41      4 |    7.60        0.00
GET      [GET] /api/soporte/tickets                                                      1798     0(0.00%) |      7       3      42      6 |   12.20        0.00
GET      [GET] /health                                                                   2653     0(0.00%) |      3       2      31      4 |   22.80        0.00
--------|----------------------------------------------------------------------------|-------|-------------|-------|-------|-------|-------|--------|-----------
         Aggregated                                                                      6254     0(0.00%) |      4       1      47      4 |   49.00        0.00

Type     Name                                                                          # reqs      # fails |    Avg     Min     Max    Med |   req/s  failures/s
--------|----------------------------------------------------------------------------|-------|-------------|-------|-------|-------|-------|--------|-----------
GET      [GET] /actuator/health                                                           916     0(0.00%) |      4       2      47      4 |    6.60        0.00
GET      [GET] /api/soporte/election/status                                               914     0(0.00%) |      4       1      41      4 |    7.70        0.00
GET      [GET] /api/soporte/tickets                                                      1831     0(0.00%) |      7       3      42      6 |   13.60        0.00
GET      [GET] /health                                                                   2699     0(0.00%) |      3       2      31      4 |   21.00        0.00
--------|----------------------------------------------------------------------------|-------|-------------|-------|-------|-------|-------|--------|-----------
         Aggregated                                                                      6360     0(0.00%) |      4       1      47      4 |   48.90        0.00

Type     Name                                                                          # reqs      # fails |    Avg     Min     Max    Med |   req/s  failures/s
--------|----------------------------------------------------------------------------|-------|-------------|-------|-------|-------|-------|--------|-----------
GET      [GET] /actuator/health                                                           929     0(0.00%) |      4       2      47      4 |    6.20        0.00
GET      [GET] /api/soporte/election/status                                               933     0(0.00%) |      4       1      41      4 |    7.30        0.00
GET      [GET] /api/soporte/tickets                                                      1855     0(0.00%) |      7       3     312      6 |   14.20        0.00
GET      [GET] /health                                                                   2739     0(0.00%) |      3       2      31      4 |   21.80        0.00
--------|----------------------------------------------------------------------------|-------|-------------|-------|-------|-------|-------|--------|-----------
         Aggregated                                                                      6456     0(0.00%) |      4       1     312      4 |   49.50        0.00

Type     Name                                                                          # reqs      # fails |    Avg     Min     Max    Med |   req/s  failures/s
--------|----------------------------------------------------------------------------|-------|-------------|-------|-------|-------|-------|--------|-----------
GET      [GET] /actuator/health                                                           945     0(0.00%) |      4       2      47      4 |    5.90        0.00
GET      [GET] /api/soporte/election/status                                               946     0(0.00%) |      4       1      41      4 |    7.40        0.00
GET      [GET] /api/soporte/tickets                                                      1886     0(0.00%) |      7       3     312      6 |   14.40        0.00
GET      [GET] /health                                                                   2787     0(0.00%) |      3       2      31      4 |   22.00        0.00
--------|----------------------------------------------------------------------------|-------|-------------|-------|-------|-------|-------|--------|-----------
         Aggregated                                                                      6564     0(0.00%) |      4       1     312      4 |   49.70        0.00

Type     Name                                                                          # reqs      # fails |    Avg     Min     Max    Med |   req/s  failures/s
--------|----------------------------------------------------------------------------|-------|-------------|-------|-------|-------|-------|--------|-----------
GET      [GET] /actuator/health                                                           959     0(0.00%) |      4       2      47      4 |    6.20        0.00
GET      [GET] /api/soporte/election/status                                               958     0(0.00%) |      4       1      41      4 |    7.50        0.00
GET      [GET] /api/soporte/tickets                                                      1911     0(0.00%) |      7       3     312      6 |   14.30        0.00
GET      [GET] /health                                                                   2836     0(0.00%) |      3       2      31      4 |   21.80        0.00
--------|----------------------------------------------------------------------------|-------|-------------|-------|-------|-------|-------|--------|-----------
         Aggregated                                                                      6664     0(0.00%) |      4       1     312      4 |   49.80        0.00

Type     Name                                                                          # reqs      # fails |    Avg     Min     Max    Med |   req/s  failures/s
--------|----------------------------------------------------------------------------|-------|-------------|-------|-------|-------|-------|--------|-----------
GET      [GET] /actuator/health                                                           977     0(0.00%) |      4       2      47      4 |    6.70        0.00
GET      [GET] /api/soporte/election/status                                               970     0(0.00%) |      4       1      41      4 |    7.40        0.00
GET      [GET] /api/soporte/tickets                                                      1937     0(0.00%) |      7       3     312      6 |   14.30        0.00
GET      [GET] /health                                                                   2889     0(0.00%) |      3       2      31      4 |   22.10        0.00
--------|----------------------------------------------------------------------------|-------|-------------|-------|-------|-------|-------|--------|-----------
         Aggregated                                                                      6773     0(0.00%) |      4       1     312      4 |   50.50        0.00

Type     Name                                                                          # reqs      # fails |    Avg     Min     Max    Med |   req/s  failures/s
--------|----------------------------------------------------------------------------|-------|-------------|-------|-------|-------|-------|--------|-----------
GET      [GET] /actuator/health                                                           990     0(0.00%) |      4       2      47      4 |    6.80        0.00
GET      [GET] /api/soporte/election/status                                               986     0(0.00%) |      4       1      41      4 |    7.20        0.00
GET      [GET] /api/soporte/tickets                                                      1962     0(0.00%) |      7       3     312      6 |   13.70        0.00
GET      [GET] /health                                                                   2927     0(0.00%) |      3       2      31      4 |   23.10        0.00
--------|----------------------------------------------------------------------------|-------|-------------|-------|-------|-------|-------|--------|-----------
         Aggregated                                                                      6865     0(0.00%) |      4       1     312      4 |   50.80        0.00

Type     Name                                                                          # reqs      # fails |    Avg     Min     Max    Med |   req/s  failures/s
--------|----------------------------------------------------------------------------|-------|-------------|-------|-------|-------|-------|--------|-----------
GET      [GET] /actuator/health                                                          1002     0(0.00%) |      4       2      47      4 |    7.10        0.00
GET      [GET] /api/soporte/election/status                                               999     0(0.00%) |      4       1      41      4 |    7.50        0.00
GET      [GET] /api/soporte/tickets                                                      1999     0(0.00%) |      7       3     312      6 |   13.30        0.00
GET      [GET] /health                                                                   2970     0(0.00%) |      3       2      31      4 |   22.40        0.00
--------|----------------------------------------------------------------------------|-------|-------------|-------|-------|-------|-------|--------|-----------
         Aggregated                                                                      6970     0(0.00%) |      4       1     312      4 |   50.30        0.00

Type     Name                                                                          # reqs      # fails |    Avg     Min     Max    Med |   req/s  failures/s
--------|----------------------------------------------------------------------------|-------|-------------|-------|-------|-------|-------|--------|-----------
GET      [GET] /actuator/health                                                          1020     0(0.00%) |      4       2      47      4 |    7.50        0.00
GET      [GET] /api/soporte/election/status                                              1005     0(0.00%) |      4       1      41      4 |    6.80        0.00
GET      [GET] /api/soporte/tickets                                                      2023     0(0.00%) |      7       3     312      6 |   13.60        0.00
GET      [GET] /health                                                                   3015     0(0.00%) |      3       2      31      4 |   22.50        0.00
--------|----------------------------------------------------------------------------|-------|-------------|-------|-------|-------|-------|--------|-----------
         Aggregated                                                                      7063     0(0.00%) |      4       1     312      4 |   50.40        0.00

Type     Name                                                                          # reqs      # fails |    Avg     Min     Max    Med |   req/s  failures/s
--------|----------------------------------------------------------------------------|-------|-------------|-------|-------|-------|-------|--------|-----------
GET      [GET] /actuator/health                                                          1038     0(0.00%) |      4       2      47      4 |    7.70        0.00
GET      [GET] /api/soporte/election/status                                              1016     0(0.00%) |      4       1      41      4 |    6.00        0.00
GET      [GET] /api/soporte/tickets                                                      2051     0(0.00%) |      7       3     312      6 |   13.90        0.00
GET      [GET] /health                                                                   3069     0(0.00%) |      3       2      31      4 |   22.90        0.00
--------|----------------------------------------------------------------------------|-------|-------------|-------|-------|-------|-------|--------|-----------
         Aggregated                                                                      7174     0(0.00%) |      4       1     312      4 |   50.50        0.00

Type     Name                                                                          # reqs      # fails |    Avg     Min     Max    Med |   req/s  failures/s
--------|----------------------------------------------------------------------------|-------|-------------|-------|-------|-------|-------|--------|-----------
GET      [GET] /actuator/health                                                          1048     0(0.00%) |      4       2      47      4 |    7.60        0.00
GET      [GET] /api/soporte/election/status                                              1030     0(0.00%) |      4       1      41      4 |    5.80        0.00
GET      [GET] /api/soporte/tickets                                                      2068     0(0.00%) |      7       3     312      6 |   13.90        0.00
GET      [GET] /health                                                                   3118     0(0.00%) |      3       2      31      4 |   23.00        0.00
--------|----------------------------------------------------------------------------|-------|-------------|-------|-------|-------|-------|--------|-----------
         Aggregated                                                                      7264     0(0.00%) |      4       1     312      4 |   50.30        0.00

Type     Name                                                                          # reqs      # fails |    Avg     Min     Max    Med |   req/s  failures/s
--------|----------------------------------------------------------------------------|-------|-------------|-------|-------|-------|-------|--------|-----------
GET      [GET] /actuator/health                                                          1055     0(0.00%) |      4       2      47      4 |    7.70        0.00
GET      [GET] /api/soporte/election/status                                              1040     0(0.00%) |      4       1      41      4 |    6.20        0.00
GET      [GET] /api/soporte/tickets                                                      2101     0(0.00%) |      7       3     312      6 |   13.40        0.00
GET      [GET] /health                                                                   3167     0(0.00%) |      3       2      31      4 |   23.10        0.00
--------|----------------------------------------------------------------------------|-------|-------------|-------|-------|-------|-------|--------|-----------
         Aggregated                                                                      7363     0(0.00%) |      4       1     312      4 |   50.40        0.00

Type     Name                                                                          # reqs      # fails |    Avg     Min     Max    Med |   req/s  failures/s
--------|----------------------------------------------------------------------------|-------|-------------|-------|-------|-------|-------|--------|-----------
GET      [GET] /actuator/health                                                          1071     0(0.00%) |      4       2      47      4 |    7.00        0.00
GET      [GET] /api/soporte/election/status                                              1049     0(0.00%) |      4       1      41      4 |    5.50        0.00
GET      [GET] /api/soporte/tickets                                                      2136     0(0.00%) |      7       3     312      6 |   13.30        0.00
GET      [GET] /health                                                                   3206     0(0.00%) |      3       2      31      4 |   24.10        0.00
--------|----------------------------------------------------------------------------|-------|-------------|-------|-------|-------|-------|--------|-----------
         Aggregated                                                                      7462     0(0.00%) |      4       1     312      4 |   49.90        0.00

Type     Name                                                                          # reqs      # fails |    Avg     Min     Max    Med |   req/s  failures/s
--------|----------------------------------------------------------------------------|-------|-------------|-------|-------|-------|-------|--------|-----------
GET      [GET] /actuator/health                                                          1085     0(0.00%) |      4       2      47      4 |    6.80        0.00
GET      [GET] /api/soporte/election/status                                              1068     0(0.00%) |      4       1      41      4 |    5.50        0.00
GET      [GET] /api/soporte/tickets                                                      2162     0(0.00%) |      7       3     312      6 |   13.30        0.00
GET      [GET] /health                                                                   3247     0(0.00%) |      3       2      31      3 |   23.50        0.00
--------|----------------------------------------------------------------------------|-------|-------------|-------|-------|-------|-------|--------|-----------
         Aggregated                                                                      7562     0(0.00%) |      4       1     312      4 |   49.10        0.00

Type     Name                                                                          # reqs      # fails |    Avg     Min     Max    Med |   req/s  failures/s
--------|----------------------------------------------------------------------------|-------|-------------|-------|-------|-------|-------|--------|-----------
GET      [GET] /actuator/health                                                          1102     0(0.00%) |      4       2      47      4 |    6.70        0.00
GET      [GET] /api/soporte/election/status                                              1080     0(0.00%) |      4       1      41      4 |    5.90        0.00
GET      [GET] /api/soporte/tickets                                                      2189     0(0.00%) |      7       3     312      6 |   13.70        0.00
GET      [GET] /health                                                                   3286     0(0.00%) |      3       2      31      4 |   23.00        0.00
--------|----------------------------------------------------------------------------|-------|-------------|-------|-------|-------|-------|--------|-----------
         Aggregated                                                                      7657     0(0.00%) |      4       1     312      4 |   49.30        0.00

Type     Name                                                                          # reqs      # fails |    Avg     Min     Max    Med |   req/s  failures/s
--------|----------------------------------------------------------------------------|-------|-------------|-------|-------|-------|-------|--------|-----------
GET      [GET] /actuator/health                                                          1117     0(0.00%) |      4       2      47      4 |    6.40        0.00
GET      [GET] /api/soporte/election/status                                              1091     0(0.00%) |      4       1      41      4 |    6.40        0.00
GET      [GET] /api/soporte/tickets                                                      2215     0(0.00%) |      7       3     312      6 |   13.40        0.00
GET      [GET] /health                                                                   3332     0(0.00%) |      3       2      31      4 |   22.90        0.00
--------|----------------------------------------------------------------------------|-------|-------------|-------|-------|-------|-------|--------|-----------
         Aggregated                                                                      7755     0(0.00%) |      4       1     312      4 |   49.10        0.00

Type     Name                                                                          # reqs      # fails |    Avg     Min     Max    Med |   req/s  failures/s
--------|----------------------------------------------------------------------------|-------|-------------|-------|-------|-------|-------|--------|-----------
GET      [GET] /actuator/health                                                          1135     0(0.00%) |      4       2      47      4 |    6.20        0.00
GET      [GET] /api/soporte/election/status                                              1098     0(0.00%) |      4       1      41      4 |    5.60        0.00
GET      [GET] /api/soporte/tickets                                                      2244     0(0.00%) |      7       3     312      6 |   14.30        0.00
GET      [GET] /health                                                                   3387     0(0.00%) |      3       2      31      4 |   21.80        0.00
--------|----------------------------------------------------------------------------|-------|-------------|-------|-------|-------|-------|--------|-----------
         Aggregated                                                                      7864     0(0.00%) |      4       1     312      4 |   47.90        0.00

Type     Name                                                                          # reqs      # fails |    Avg     Min     Max    Med |   req/s  failures/s
--------|----------------------------------------------------------------------------|-------|-------------|-------|-------|-------|-------|--------|-----------
GET      [GET] /actuator/health                                                          1155     0(0.00%) |      4       2      47      4 |    7.60        0.00
GET      [GET] /api/soporte/election/status                                              1112     0(0.00%) |      4       1      41      4 |    6.10        0.00
GET      [GET] /api/soporte/tickets                                                      2266     0(0.00%) |      7       3     312      6 |   14.20        0.00
GET      [GET] /health                                                                   3429     0(0.00%) |      3       2      31      3 |   21.80        0.00
--------|----------------------------------------------------------------------------|-------|-------------|-------|-------|-------|-------|--------|-----------
         Aggregated                                                                      7962     0(0.00%) |      4       1     312      4 |   49.70        0.00

Type     Name                                                                          # reqs      # fails |    Avg     Min     Max    Med |   req/s  failures/s
--------|----------------------------------------------------------------------------|-------|-------------|-------|-------|-------|-------|--------|-----------
GET      [GET] /actuator/health                                                          1171     0(0.00%) |      4       2      47      4 |    8.40        0.00
GET      [GET] /api/soporte/election/status                                              1124     0(0.00%) |      4       1      41      4 |    6.30        0.00
GET      [GET] /api/soporte/tickets                                                      2292     0(0.00%) |      7       3     312      6 |   13.00        0.00
GET      [GET] /health                                                                   3476     0(0.00%) |      3       2      31      4 |   22.30        0.00
--------|----------------------------------------------------------------------------|-------|-------------|-------|-------|-------|-------|--------|-----------
         Aggregated                                                                      8063     0(0.00%) |      4       1     312      4 |   50.00        0.00

Type     Name                                                                          # reqs      # fails |    Avg     Min     Max    Med |   req/s  failures/s
--------|----------------------------------------------------------------------------|-------|-------------|-------|-------|-------|-------|--------|-----------
GET      [GET] /actuator/health                                                          1182     0(0.00%) |      4       2      47      4 |    8.60        0.00
GET      [GET] /api/soporte/election/status                                              1138     0(0.00%) |      4       1      41      4 |    5.60        0.00
GET      [GET] /api/soporte/tickets                                                      2324     0(0.00%) |      7       3     312      6 |   13.00        0.00
GET      [GET] /health                                                                   3520     0(0.00%) |      3       1      31      4 |   22.80        0.00
--------|----------------------------------------------------------------------------|-------|-------------|-------|-------|-------|-------|--------|-----------
         Aggregated                                                                      8164     0(0.00%) |      4       1     312      4 |   50.00        0.00

Type     Name                                                                          # reqs      # fails |    Avg     Min     Max    Med |   req/s  failures/s
--------|----------------------------------------------------------------------------|-------|-------------|-------|-------|-------|-------|--------|-----------
GET      [GET] /actuator/health                                                          1188     0(0.00%) |      4       2      47      4 |    7.80        0.00
GET      [GET] /api/soporte/election/status                                              1157     0(0.00%) |      4       1      41      4 |    5.80        0.00
GET      [GET] /api/soporte/tickets                                                      2353     0(0.00%) |      7       3     312      6 |   13.40        0.00
GET      [GET] /health                                                                   3566     0(0.00%) |      3       1      31      4 |   23.40        0.00
--------|----------------------------------------------------------------------------|-------|-------------|-------|-------|-------|-------|--------|-----------
         Aggregated                                                                      8264     0(0.00%) |      4       1     312      4 |   50.40        0.00

Type     Name                                                                          # reqs      # fails |    Avg     Min     Max    Med |   req/s  failures/s
--------|----------------------------------------------------------------------------|-------|-------------|-------|-------|-------|-------|--------|-----------
GET      [GET] /actuator/health                                                          1204     0(0.00%) |      4       2      47      4 |    7.10        0.00
GET      [GET] /api/soporte/election/status                                              1169     0(0.00%) |      4       1      41      4 |    6.60        0.00
GET      [GET] /api/soporte/tickets                                                      2388     0(0.00%) |      7       3     312      6 |   13.80        0.00
GET      [GET] /health                                                                   3609     0(0.00%) |      3       1      31      3 |   23.10        0.00
--------|----------------------------------------------------------------------------|-------|-------------|-------|-------|-------|-------|--------|-----------
         Aggregated                                                                      8370     0(0.00%) |      4       1     312      4 |   50.60        0.00

Type     Name                                                                          # reqs      # fails |    Avg     Min     Max    Med |   req/s  failures/s
--------|----------------------------------------------------------------------------|-------|-------------|-------|-------|-------|-------|--------|-----------
GET      [GET] /actuator/health                                                          1221     0(0.00%) |      4       2      47      4 |    6.80        0.00
GET      [GET] /api/soporte/election/status                                              1180     0(0.00%) |      4       1      41      4 |    7.10        0.00
GET      [GET] /api/soporte/tickets                                                      2408     0(0.00%) |      7       3     312      6 |   14.30        0.00
GET      [GET] /health                                                                   3660     0(0.00%) |      3       1      31      3 |   22.20        0.00
--------|----------------------------------------------------------------------------|-------|-------------|-------|-------|-------|-------|--------|-----------
         Aggregated                                                                      8469     0(0.00%) |      4       1     312      4 |   50.40        0.00

Type     Name                                                                          # reqs      # fails |    Avg     Min     Max    Med |   req/s  failures/s
--------|----------------------------------------------------------------------------|-------|-------------|-------|-------|-------|-------|--------|-----------
GET      [GET] /actuator/health                                                          1232     0(0.00%) |      4       2      47      4 |    6.60        0.00
GET      [GET] /api/soporte/election/status                                              1196     0(0.00%) |      4       1      41      4 |    6.70        0.00
GET      [GET] /api/soporte/tickets                                                      2434     0(0.00%) |      7       3     312      6 |   14.20        0.00
GET      [GET] /health                                                                   3703     0(0.00%) |      3       1      31      4 |   23.00        0.00
--------|----------------------------------------------------------------------------|-------|-------------|-------|-------|-------|-------|--------|-----------
         Aggregated                                                                      8565     0(0.00%) |      4       1     312      4 |   50.50        0.00

Type     Name                                                                          # reqs      # fails |    Avg     Min     Max    Med |   req/s  failures/s
--------|----------------------------------------------------------------------------|-------|-------------|-------|-------|-------|-------|--------|-----------
GET      [GET] /actuator/health                                                          1249     0(0.00%) |      4       2      47      4 |    6.10        0.00
GET      [GET] /api/soporte/election/status                                              1213     0(0.00%) |      4       1      41      4 |    7.10        0.00
GET      [GET] /api/soporte/tickets                                                      2472     0(0.00%) |      7       3     312      6 |   14.20        0.00
GET      [GET] /health                                                                   3738     0(0.00%) |      3       1      31      4 |   22.80        0.00
--------|----------------------------------------------------------------------------|-------|-------------|-------|-------|-------|-------|--------|-----------
         Aggregated                                                                      8672     0(0.00%) |      4       1     312      4 |   50.20        0.00

Type     Name                                                                          # reqs      # fails |    Avg     Min     Max    Med |   req/s  failures/s
--------|----------------------------------------------------------------------------|-------|-------------|-------|-------|-------|-------|--------|-----------
GET      [GET] /actuator/health                                                          1265     0(0.00%) |      4       2      47      4 |    6.80        0.00
GET      [GET] /api/soporte/election/status                                              1226     0(0.00%) |      4       1      41      4 |    7.50        0.00
GET      [GET] /api/soporte/tickets                                                      2494     0(0.00%) |      7       3     312      6 |   14.80        0.00
GET      [GET] /health                                                                   3788     0(0.00%) |      3       1      31      4 |   21.70        0.00
--------|----------------------------------------------------------------------------|-------|-------------|-------|-------|-------|-------|--------|-----------
         Aggregated                                                                      8773     0(0.00%) |      4       1     312      4 |   50.80        0.00

Type     Name                                                                          # reqs      # fails |    Avg     Min     Max    Med |   req/s  failures/s
--------|----------------------------------------------------------------------------|-------|-------------|-------|-------|-------|-------|--------|-----------
GET      [GET] /actuator/health                                                          1272     0(0.00%) |      4       2      47      4 |    7.40        0.00
GET      [GET] /api/soporte/election/status                                              1241     0(0.00%) |      4       1      41      4 |    6.90        0.00
GET      [GET] /api/soporte/tickets                                                      2521     0(0.00%) |      7       3     312      6 |   14.10        0.00
GET      [GET] /health                                                                   3839     0(0.00%) |      3       1      31      3 |   22.40        0.00
--------|----------------------------------------------------------------------------|-------|-------------|-------|-------|-------|-------|--------|-----------
         Aggregated                                                                      8873     0(0.00%) |      4       1     312      4 |   50.80        0.00

Type     Name                                                                          # reqs      # fails |    Avg     Min     Max    Med |   req/s  failures/s
--------|----------------------------------------------------------------------------|-------|-------------|-------|-------|-------|-------|--------|-----------
GET      [GET] /actuator/health                                                          1284     0(0.00%) |      4       2      47      4 |    6.90        0.00
GET      [GET] /api/soporte/election/status                                              1255     0(0.00%) |      4       1      41      4 |    7.20        0.00
GET      [GET] /api/soporte/tickets                                                      2560     0(0.00%) |      7       3     312      6 |   13.30        0.00
GET      [GET] /health                                                                   3883     0(0.00%) |      3       1      31      3 |   22.80        0.00
--------|----------------------------------------------------------------------------|-------|-------------|-------|-------|-------|-------|--------|-----------
         Aggregated                                                                      8982     0(0.00%) |      4       1     312      4 |   50.20        0.00

Type     Name                                                                          # reqs      # fails |    Avg     Min     Max    Med |   req/s  failures/s
--------|----------------------------------------------------------------------------|-------|-------------|-------|-------|-------|-------|--------|-----------
GET      [GET] /actuator/health                                                          1298     0(0.00%) |      4       2      47      4 |    6.30        0.00
GET      [GET] /api/soporte/election/status                                              1268     0(0.00%) |      4       1      41      4 |    7.50        0.00
GET      [GET] /api/soporte/tickets                                                      2587     0(0.00%) |      7       3     312      6 |   14.90        0.00
GET      [GET] /health                                                                   3929     0(0.00%) |      3       1      31      3 |   22.10        0.00
--------|----------------------------------------------------------------------------|-------|-------------|-------|-------|-------|-------|--------|-----------
         Aggregated                                                                      9082     0(0.00%) |      4       1     312      4 |   50.80        0.00

Type     Name                                                                          # reqs      # fails |    Avg     Min     Max    Med |   req/s  failures/s
--------|----------------------------------------------------------------------------|-------|-------------|-------|-------|-------|-------|--------|-----------
GET      [GET] /actuator/health                                                          1312     0(0.00%) |      4       2      47      4 |    6.60        0.00
GET      [GET] /api/soporte/election/status                                              1278     0(0.00%) |      4       1      41      4 |    7.30        0.00
GET      [GET] /api/soporte/tickets                                                      2615     0(0.00%) |      7       3     312      6 |   15.10        0.00
GET      [GET] /health                                                                   3970     0(0.00%) |      3       1      31      3 |   22.20        0.00
--------|----------------------------------------------------------------------------|-------|-------------|-------|-------|-------|-------|--------|-----------
         Aggregated                                                                      9175     0(0.00%) |      4       1     312      4 |   51.20        0.00

Type     Name                                                                          # reqs      # fails |    Avg     Min     Max    Med |   req/s  failures/s
--------|----------------------------------------------------------------------------|-------|-------------|-------|-------|-------|-------|--------|-----------
GET      [GET] /actuator/health                                                          1321     0(0.00%) |      4       2      47      4 |    6.10        0.00
GET      [GET] /api/soporte/election/status                                              1299     0(0.00%) |      4       1      41      4 |    6.50        0.00
GET      [GET] /api/soporte/tickets                                                      2641     0(0.00%) |      7       3     312      6 |   14.10        0.00
GET      [GET] /health                                                                   4010     0(0.00%) |      3       1      31      3 |   23.30        0.00
--------|----------------------------------------------------------------------------|-------|-------------|-------|-------|-------|-------|--------|-----------
         Aggregated                                                                      9271     0(0.00%) |      4       1     312      4 |   50.00        0.00

Type     Name                                                                          # reqs      # fails |    Avg     Min     Max    Med |   req/s  failures/s
--------|----------------------------------------------------------------------------|-------|-------------|-------|-------|-------|-------|--------|-----------
GET      [GET] /actuator/health                                                          1337     0(0.00%) |      4       2      47      4 |    5.90        0.00
GET      [GET] /api/soporte/election/status                                              1315     0(0.00%) |      4       1      41      4 |    7.10        0.00
GET      [GET] /api/soporte/tickets                                                      2673     0(0.00%) |      7       3     312      6 |   14.50        0.00
GET      [GET] /health                                                                   4052     0(0.00%) |      3       1      31      3 |   21.80        0.00
--------|----------------------------------------------------------------------------|-------|-------------|-------|-------|-------|-------|--------|-----------
         Aggregated                                                                      9377     0(0.00%) |      4       1     312      4 |   49.30        0.00

Type     Name                                                                          # reqs      # fails |    Avg     Min     Max    Med |   req/s  failures/s
--------|----------------------------------------------------------------------------|-------|-------------|-------|-------|-------|-------|--------|-----------
GET      [GET] /actuator/health                                                          1353     0(0.00%) |      4       2      47      4 |    6.40        0.00
GET      [GET] /api/soporte/election/status                                              1329     0(0.00%) |      4       1      41      4 |    7.30        0.00
GET      [GET] /api/soporte/tickets                                                      2697     0(0.00%) |      7       3     312      6 |   15.20        0.00
GET      [GET] /health                                                                   4096     0(0.00%) |      3       1      31      3 |   21.30        0.00
--------|----------------------------------------------------------------------------|-------|-------------|-------|-------|-------|-------|--------|-----------
         Aggregated                                                                      9475     0(0.00%) |      4       1     312      4 |   50.20        0.00

Type     Name                                                                          # reqs      # fails |    Avg     Min     Max    Med |   req/s  failures/s
--------|----------------------------------------------------------------------------|-------|-------------|-------|-------|-------|-------|--------|-----------
GET      [GET] /actuator/health                                                          1368     0(0.00%) |      4       2      47      4 |    6.80        0.00
GET      [GET] /api/soporte/election/status                                              1343     0(0.00%) |      4       1      41      4 |    7.50        0.00
GET      [GET] /api/soporte/tickets                                                      2729     0(0.00%) |      7       3     312      6 |   13.90        0.00
GET      [GET] /health                                                                   4139     0(0.00%) |      3       1      31      3 |   21.40        0.00
--------|----------------------------------------------------------------------------|-------|-------------|-------|-------|-------|-------|--------|-----------
         Aggregated                                                                      9579     0(0.00%) |      4       1     312      4 |   49.60        0.00

Type     Name                                                                          # reqs      # fails |    Avg     Min     Max    Med |   req/s  failures/s
--------|----------------------------------------------------------------------------|-------|-------------|-------|-------|-------|-------|--------|-----------
GET      [GET] /actuator/health                                                          1379     0(0.00%) |      4       2      47      4 |    7.00        0.00
GET      [GET] /api/soporte/election/status                                              1355     0(0.00%) |      4       1      41      4 |    7.30        0.00
GET      [GET] /api/soporte/tickets                                                      2754     0(0.00%) |      7       3     312      6 |   14.10        0.00
GET      [GET] /health                                                                   4194     0(0.00%) |      3       1      31      3 |   21.20        0.00
--------|----------------------------------------------------------------------------|-------|-------------|-------|-------|-------|-------|--------|-----------
         Aggregated                                                                      9682     0(0.00%) |      4       1     312      4 |   49.60        0.00

Type     Name                                                                          # reqs      # fails |    Avg     Min     Max    Med |   req/s  failures/s
--------|----------------------------------------------------------------------------|-------|-------------|-------|-------|-------|-------|--------|-----------
GET      [GET] /actuator/health                                                          1396     0(0.00%) |      4       2      47      4 |    6.90        0.00
GET      [GET] /api/soporte/election/status                                              1368     0(0.00%) |      4       1      41      4 |    7.60        0.00
GET      [GET] /api/soporte/tickets                                                      2781     0(0.00%) |      7       3     312      6 |   13.90        0.00
GET      [GET] /health                                                                   4236     0(0.00%) |      3       1      31      4 |   21.90        0.00
--------|----------------------------------------------------------------------------|-------|-------------|-------|-------|-------|-------|--------|-----------
         Aggregated                                                                      9781     0(0.00%) |      4       1     312      4 |   50.30        0.00

Type     Name                                                                          # reqs      # fails |    Avg     Min     Max    Med |   req/s  failures/s
--------|----------------------------------------------------------------------------|-------|-------------|-------|-------|-------|-------|--------|-----------
GET      [GET] /actuator/health                                                          1411     0(0.00%) |      4       2      47      4 |    7.40        0.00
GET      [GET] /api/soporte/election/status                                              1382     0(0.00%) |      4       1      41      4 |    7.10        0.00
GET      [GET] /api/soporte/tickets                                                      2804     0(0.00%) |      7       3     312      6 |   13.70        0.00
GET      [GET] /health                                                                   4282     0(0.00%) |      3       1      31      4 |   22.90        0.00
--------|----------------------------------------------------------------------------|-------|-------------|-------|-------|-------|-------|--------|-----------
         Aggregated                                                                      9879     0(0.00%) |      4       1     312      4 |   51.10        0.00

Type     Name                                                                          # reqs      # fails |    Avg     Min     Max    Med |   req/s  failures/s
--------|----------------------------------------------------------------------------|-------|-------------|-------|-------|-------|-------|--------|-----------
GET      [GET] /actuator/health                                                          1425     0(0.00%) |      4       2      47      4 |    7.40        0.00
GET      [GET] /api/soporte/election/status                                              1393     0(0.00%) |      4       1      41      4 |    6.70        0.00
GET      [GET] /api/soporte/tickets                                                      2838     0(0.00%) |      7       3     312      6 |   13.10        0.00
GET      [GET] /health                                                                   4329     0(0.00%) |      3       1      31      4 |   23.00        0.00
--------|----------------------------------------------------------------------------|-------|-------------|-------|-------|-------|-------|--------|-----------
         Aggregated                                                                      9985     0(0.00%) |      4       1     312      4 |   50.20        0.00

Type     Name                                                                          # reqs      # fails |    Avg     Min     Max    Med |   req/s  failures/s
--------|----------------------------------------------------------------------------|-------|-------------|-------|-------|-------|-------|--------|-----------
GET      [GET] /actuator/health                                                          1444     0(0.00%) |      4       2      47      4 |    7.20        0.00
GET      [GET] /api/soporte/election/status                                              1403     0(0.00%) |      4       1      41      4 |    6.40        0.00
GET      [GET] /api/soporte/tickets                                                      2866     0(0.00%) |      7       3     312      6 |   13.90        0.00
GET      [GET] /health                                                                   4371     0(0.00%) |      3       1      31      4 |   22.90        0.00
--------|----------------------------------------------------------------------------|-------|-------------|-------|-------|-------|-------|--------|-----------
         Aggregated                                                                     10084     0(0.00%) |      4       1     312      4 |   50.40        0.00

Type     Name                                                                          # reqs      # fails |    Avg     Min     Max    Med |   req/s  failures/s
--------|----------------------------------------------------------------------------|-------|-------------|-------|-------|-------|-------|--------|-----------
GET      [GET] /actuator/health                                                          1463     0(0.00%) |      4       2      47      4 |    7.50        0.00
GET      [GET] /api/soporte/election/status                                              1417     0(0.00%) |      4       1      41      4 |    6.10        0.00
GET      [GET] /api/soporte/tickets                                                      2893     0(0.00%) |      7       3     312      6 |   13.80        0.00
GET      [GET] /health                                                                   4410     0(0.00%) |      3       1      31      4 |   22.70        0.00
--------|----------------------------------------------------------------------------|-------|-------------|-------|-------|-------|-------|--------|-----------
         Aggregated                                                                     10183     0(0.00%) |      4       1     312      4 |   50.10        0.00

Type     Name                                                                          # reqs      # fails |    Avg     Min     Max    Med |   req/s  failures/s
--------|----------------------------------------------------------------------------|-------|-------------|-------|-------|-------|-------|--------|-----------
GET      [GET] /actuator/health                                                          1480     0(0.00%) |      4       2      47      4 |    8.40        0.00
GET      [GET] /api/soporte/election/status                                              1429     0(0.00%) |      4       1      41      4 |    6.30        0.00
GET      [GET] /api/soporte/tickets                                                      2923     0(0.00%) |      7       3     312      6 |   14.00        0.00
GET      [GET] /health                                                                   4448     0(0.00%) |      3       1      31      4 |   21.70        0.00
--------|----------------------------------------------------------------------------|-------|-------------|-------|-------|-------|-------|--------|-----------
         Aggregated                                                                     10280     0(0.00%) |      4       1     312      4 |   50.40        0.00

Type     Name                                                                          # reqs      # fails |    Avg     Min     Max    Med |   req/s  failures/s
--------|----------------------------------------------------------------------------|-------|-------------|-------|-------|-------|-------|--------|-----------
GET      [GET] /actuator/health                                                          1494     0(0.00%) |      4       2      47      4 |    8.30        0.00
GET      [GET] /api/soporte/election/status                                              1442     0(0.00%) |      4       1      41      4 |    5.90        0.00
GET      [GET] /api/soporte/tickets                                                      2960     0(0.00%) |      7       3     312      6 |   14.40        0.00
GET      [GET] /health                                                                   4484     0(0.00%) |      3       1      31      4 |   21.10        0.00
--------|----------------------------------------------------------------------------|-------|-------------|-------|-------|-------|-------|--------|-----------
         Aggregated                                                                     10380     0(0.00%) |      4       1     312      4 |   49.70        0.00

Type     Name                                                                          # reqs      # fails |    Avg     Min     Max    Med |   req/s  failures/s
--------|----------------------------------------------------------------------------|-------|-------------|-------|-------|-------|-------|--------|-----------
GET      [GET] /actuator/health                                                          1511     0(0.00%) |      4       2      47      4 |    8.40        0.00
GET      [GET] /api/soporte/election/status                                              1451     0(0.00%) |      4       1      41      4 |    6.10        0.00
GET      [GET] /api/soporte/tickets                                                      2986     0(0.00%) |      7       3     312      6 |   15.30        0.00
GET      [GET] /health                                                                   4533     0(0.00%) |      3       1      31      4 |   20.00        0.00
--------|----------------------------------------------------------------------------|-------|-------------|-------|-------|-------|-------|--------|-----------
         Aggregated                                                                     10481     0(0.00%) |      4       1     312      4 |   49.80        0.00

Type     Name                                                                          # reqs      # fails |    Avg     Min     Max    Med |   req/s  failures/s
--------|----------------------------------------------------------------------------|-------|-------------|-------|-------|-------|-------|--------|-----------
GET      [GET] /actuator/health                                                          1529     0(0.00%) |      4       2      47      4 |    8.40        0.00
GET      [GET] /api/soporte/election/status                                              1465     0(0.00%) |      4       1      41      4 |    5.80        0.00
GET      [GET] /api/soporte/tickets                                                      3008     0(0.00%) |      7       3     312      6 |   14.80        0.00
GET      [GET] /health                                                                   4572     0(0.00%) |      3       1      31      4 |   20.20        0.00
--------|----------------------------------------------------------------------------|-------|-------------|-------|-------|-------|-------|--------|-----------
         Aggregated                                                                     10574     0(0.00%) |      4       1     312      4 |   49.20        0.00

Type     Name                                                                          # reqs      # fails |    Avg     Min     Max    Med |   req/s  failures/s
--------|----------------------------------------------------------------------------|-------|-------------|-------|-------|-------|-------|--------|-----------
GET      [GET] /actuator/health                                                          1537     0(0.00%) |      4       2      47      4 |    8.50        0.00
GET      [GET] /api/soporte/election/status                                              1475     0(0.00%) |      4       1      41      4 |    6.30        0.00
GET      [GET] /api/soporte/tickets                                                      3038     0(0.00%) |      7       3     312      6 |   14.40        0.00
GET      [GET] /health                                                                   4620     0(0.00%) |      3       1      31      4 |   20.50        0.00
--------|----------------------------------------------------------------------------|-------|-------------|-------|-------|-------|-------|--------|-----------
         Aggregated                                                                     10670     0(0.00%) |      4       1     312      4 |   49.70        0.00

Type     Name                                                                          # reqs      # fails |    Avg     Min     Max    Med |   req/s  failures/s
--------|----------------------------------------------------------------------------|-------|-------------|-------|-------|-------|-------|--------|-----------
GET      [GET] /actuator/health                                                          1547     0(0.00%) |      4       2      47      4 |    7.40        0.00
GET      [GET] /api/soporte/election/status                                              1497     0(0.00%) |      4       1      41      4 |    5.70        0.00
GET      [GET] /api/soporte/tickets                                                      3062     0(0.00%) |      7       3     312      6 |   14.40        0.00
GET      [GET] /health                                                                   4670     0(0.00%) |      3       1      31      4 |   21.00        0.00
--------|----------------------------------------------------------------------------|-------|-------------|-------|-------|-------|-------|--------|-----------
         Aggregated                                                                     10776     0(0.00%) |      4       1     312      4 |   48.50        0.00

Type     Name                                                                          # reqs      # fails |    Avg     Min     Max    Med |   req/s  failures/s
--------|----------------------------------------------------------------------------|-------|-------------|-------|-------|-------|-------|--------|-----------
GET      [GET] /actuator/health                                                          1558     0(0.00%) |      4       2      47      4 |    6.80        0.00
GET      [GET] /api/soporte/election/status                                              1513     0(0.00%) |      4       1      41      4 |    6.60        0.00
GET      [GET] /api/soporte/tickets                                                      3094     0(0.00%) |      7       3     312      6 |   14.00        0.00
GET      [GET] /health                                                                   4709     0(0.00%) |      3       1      31      4 |   21.90        0.00
--------|----------------------------------------------------------------------------|-------|-------------|-------|-------|-------|-------|--------|-----------
         Aggregated                                                                     10874     0(0.00%) |      4       1     312      4 |   49.30        0.00

Type     Name                                                                          # reqs      # fails |    Avg     Min     Max    Med |   req/s  failures/s
--------|----------------------------------------------------------------------------|-------|-------------|-------|-------|-------|-------|--------|-----------
GET      [GET] /actuator/health                                                          1575     0(0.00%) |      4       2      47      4 |    6.30        0.00
GET      [GET] /api/soporte/election/status                                              1528     0(0.00%) |      4       1      41      4 |    7.00        0.00
GET      [GET] /api/soporte/tickets                                                      3121     0(0.00%) |      7       3     312      6 |   13.60        0.00
GET      [GET] /health                                                                   4749     0(0.00%) |      3       1      31      4 |   22.10        0.00
--------|----------------------------------------------------------------------------|-------|-------------|-------|-------|-------|-------|--------|-----------
         Aggregated                                                                     10973     0(0.00%) |      4       1     312      4 |   49.00        0.00

Type     Name                                                                          # reqs      # fails |    Avg     Min     Max    Med |   req/s  failures/s
--------|----------------------------------------------------------------------------|-------|-------------|-------|-------|-------|-------|--------|-----------
GET      [GET] /actuator/health                                                          1589     0(0.00%) |      4       2      47      4 |    6.60        0.00
GET      [GET] /api/soporte/election/status                                              1539     0(0.00%) |      4       1      41      4 |    7.50        0.00
GET      [GET] /api/soporte/tickets                                                      3146     0(0.00%) |      7       3     312      6 |   13.50        0.00
GET      [GET] /health                                                                   4798     0(0.00%) |      3       1      31      4 |   22.00        0.00
--------|----------------------------------------------------------------------------|-------|-------------|-------|-------|-------|-------|--------|-----------
         Aggregated                                                                     11072     0(0.00%) |      4       1     312      4 |   49.60        0.00

Type     Name                                                                          # reqs      # fails |    Avg     Min     Max    Med |   req/s  failures/s
--------|----------------------------------------------------------------------------|-------|-------------|-------|-------|-------|-------|--------|-----------
GET      [GET] /actuator/health                                                          1602     0(0.00%) |      4       2      47      4 |    6.00        0.00
GET      [GET] /api/soporte/election/status                                              1563     0(0.00%) |      4       1      41      4 |    7.20        0.00
GET      [GET] /api/soporte/tickets                                                      3178     0(0.00%) |      7       3     312      6 |   13.70        0.00
GET      [GET] /health                                                                   4833     0(0.00%) |      3       1      31      4 |   22.30        0.00
--------|----------------------------------------------------------------------------|-------|-------------|-------|-------|-------|-------|--------|-----------
         Aggregated                                                                     11176     0(0.00%) |      4       1     312      4 |   49.20        0.00

Type     Name                                                                          # reqs      # fails |    Avg     Min     Max    Med |   req/s  failures/s
--------|----------------------------------------------------------------------------|-------|-------------|-------|-------|-------|-------|--------|-----------
GET      [GET] /actuator/health                                                          1618     0(0.00%) |      4       2      47      4 |    6.40        0.00
GET      [GET] /api/soporte/election/status                                              1572     0(0.00%) |      4       1      41      4 |    8.50        0.00
GET      [GET] /api/soporte/tickets                                                      3204     0(0.00%) |      7       3     312      6 |   13.40        0.00
GET      [GET] /health                                                                   4876     0(0.00%) |      3       1      31      4 |   21.50        0.00
--------|----------------------------------------------------------------------------|-------|-------------|-------|-------|-------|-------|--------|-----------
         Aggregated                                                                     11270     0(0.00%) |      4       1     312      4 |   49.80        0.00

Type     Name                                                                          # reqs      # fails |    Avg     Min     Max    Med |   req/s  failures/s
--------|----------------------------------------------------------------------------|-------|-------------|-------|-------|-------|-------|--------|-----------
GET      [GET] /actuator/health                                                          1638     0(0.00%) |      4       2      47      4 |    7.00        0.00
GET      [GET] /api/soporte/election/status                                              1585     0(0.00%) |      3       1      41      4 |    7.60        0.00
GET      [GET] /api/soporte/tickets                                                      3233     0(0.00%) |      7       3     312      6 |   13.90        0.00
GET      [GET] /health                                                                   4908     0(0.00%) |      3       1      31      4 |   20.80        0.00
--------|----------------------------------------------------------------------------|-------|-------------|-------|-------|-------|-------|--------|-----------
         Aggregated                                                                     11364     0(0.00%) |      4       1     312      4 |   49.30        0.00

Type     Name                                                                          # reqs      # fails |    Avg     Min     Max    Med |   req/s  failures/s
--------|----------------------------------------------------------------------------|-------|-------------|-------|-------|-------|-------|--------|-----------
GET      [GET] /actuator/health                                                          1652     0(0.00%) |      4       2      47      4 |    7.70        0.00
GET      [GET] /api/soporte/election/status                                              1596     0(0.00%) |      3       1      41      4 |    7.20        0.00
GET      [GET] /api/soporte/tickets                                                      3267     0(0.00%) |      7       3     312      6 |   13.70        0.00
GET      [GET] /health                                                                   4946     0(0.00%) |      3       1      31      4 |   20.00        0.00
--------|----------------------------------------------------------------------------|-------|-------------|-------|-------|-------|-------|--------|-----------
         Aggregated                                                                     11461     0(0.00%) |      4       1     312      4 |   48.60        0.00

Type     Name                                                                          # reqs      # fails |    Avg     Min     Max    Med |   req/s  failures/s
--------|----------------------------------------------------------------------------|-------|-------------|-------|-------|-------|-------|--------|-----------
GET      [GET] /actuator/health                                                          1661     0(0.00%) |      4       2      47      4 |    7.60        0.00
GET      [GET] /api/soporte/election/status                                              1608     0(0.00%) |      3       1      41      4 |    6.90        0.00
GET      [GET] /api/soporte/tickets                                                      3296     0(0.00%) |      7       3     312      6 |   14.50        0.00
GET      [GET] /health                                                                   4995     0(0.00%) |      3       1      31      3 |   19.60        0.00
--------|----------------------------------------------------------------------------|-------|-------------|-------|-------|-------|-------|--------|-----------
         Aggregated                                                                     11560     0(0.00%) |      4       1     312      4 |   48.60        0.00

Type     Name                                                                          # reqs      # fails |    Avg     Min     Max    Med |   req/s  failures/s
--------|----------------------------------------------------------------------------|-------|-------------|-------|-------|-------|-------|--------|-----------
GET      [GET] /actuator/health                                                          1671     0(0.00%) |      4       2      47      4 |    6.90        0.00
GET      [GET] /api/soporte/election/status                                              1625     0(0.00%) |      3       1      41      4 |    7.10        0.00
GET      [GET] /api/soporte/tickets                                                      3329     0(0.00%) |      7       3     312      6 |   15.00        0.00
GET      [GET] /health                                                                   5037     0(0.00%) |      3       1      31      4 |   19.60        0.00
--------|----------------------------------------------------------------------------|-------|-------------|-------|-------|-------|-------|--------|-----------
         Aggregated                                                                     11662     0(0.00%) |      4       1     312      4 |   48.60        0.00

Type     Name                                                                          # reqs      # fails |    Avg     Min     Max    Med |   req/s  failures/s
--------|----------------------------------------------------------------------------|-------|-------------|-------|-------|-------|-------|--------|-----------
GET      [GET] /actuator/health                                                          1684     0(0.00%) |      4       2      47      4 |    7.00        0.00
GET      [GET] /api/soporte/election/status                                              1640     0(0.00%) |      3       1      41      4 |    6.50        0.00
GET      [GET] /api/soporte/tickets                                                      3359     0(0.00%) |      7       3     312      6 |   15.30        0.00
GET      [GET] /health                                                                   5078     0(0.00%) |      3       1      31      4 |   20.20        0.00
--------|----------------------------------------------------------------------------|-------|-------------|-------|-------|-------|-------|--------|-----------
         Aggregated                                                                     11761     0(0.00%) |      4       1     312      4 |   49.00        0.00

Type     Name                                                                          # reqs      # fails |    Avg     Min     Max    Med |   req/s  failures/s
--------|----------------------------------------------------------------------------|-------|-------------|-------|-------|-------|-------|--------|-----------
GET      [GET] /actuator/health                                                          1699     0(0.00%) |      4       2      47      4 |    6.50        0.00
GET      [GET] /api/soporte/election/status                                              1650     0(0.00%) |      3       1      41      4 |    6.90        0.00
GET      [GET] /api/soporte/tickets                                                      3387     0(0.00%) |      7       3     312      6 |   15.50        0.00
GET      [GET] /health                                                                   5127     0(0.00%) |      3       1      31      3 |   20.20        0.00
--------|----------------------------------------------------------------------------|-------|-------------|-------|-------|-------|-------|--------|-----------
         Aggregated                                                                     11863     0(0.00%) |      4       1     312      4 |   49.10        0.00

Type     Name                                                                          # reqs      # fails |    Avg     Min     Max    Med |   req/s  failures/s
--------|----------------------------------------------------------------------------|-------|-------------|-------|-------|-------|-------|--------|-----------
GET      [GET] /actuator/health                                                          1711     0(0.00%) |      4       2      47      4 |    6.10        0.00
GET      [GET] /api/soporte/election/status                                              1662     0(0.00%) |      3       1      41      4 |    6.60        0.00
GET      [GET] /api/soporte/tickets                                                      3418     0(0.00%) |      7       3     312      6 |   15.10        0.00
GET      [GET] /health                                                                   5170     0(0.00%) |      3       1      31      3 |   22.10        0.00
--------|----------------------------------------------------------------------------|-------|-------------|-------|-------|-------|-------|--------|-----------
         Aggregated                                                                     11961     0(0.00%) |      4       1     312      4 |   49.90        0.00

Type     Name                                                                          # reqs      # fails |    Avg     Min     Max    Med |   req/s  failures/s
--------|----------------------------------------------------------------------------|-------|-------------|-------|-------|-------|-------|--------|-----------
GET      [GET] /actuator/health                                                          1729     0(0.00%) |      4       2      47      4 |    6.00        0.00
GET      [GET] /api/soporte/election/status                                              1677     0(0.00%) |      3       1      41      4 |    6.50        0.00
GET      [GET] /api/soporte/tickets                                                      3439     0(0.00%) |      7       3     312      6 |   14.60        0.00
GET      [GET] /health                                                                   5208     0(0.00%) |      3       1      31      4 |   21.80        0.00
--------|----------------------------------------------------------------------------|-------|-------------|-------|-------|-------|-------|--------|-----------
         Aggregated                                                                     12053     0(0.00%) |      4       1     312      4 |   48.90        0.00

Type     Name                                                                          # reqs      # fails |    Avg     Min     Max    Med |   req/s  failures/s
--------|----------------------------------------------------------------------------|-------|-------------|-------|-------|-------|-------|--------|-----------
GET      [GET] /actuator/health                                                          1743     0(0.00%) |      4       2      47      4 |    6.80        0.00
GET      [GET] /api/soporte/election/status                                              1689     0(0.00%) |      3       1      41      4 |    6.80        0.00
GET      [GET] /api/soporte/tickets                                                      3461     0(0.00%) |      7       3     312      6 |   14.30        0.00
GET      [GET] /health                                                                   5258     0(0.00%) |      3       1      31      4 |   21.60        0.00
--------|----------------------------------------------------------------------------|-------|-------------|-------|-------|-------|-------|--------|-----------
         Aggregated                                                                     12151     0(0.00%) |      4       1     312      4 |   49.50        0.00

Type     Name                                                                          # reqs      # fails |    Avg     Min     Max    Med |   req/s  failures/s
--------|----------------------------------------------------------------------------|-------|-------------|-------|-------|-------|-------|--------|-----------
GET      [GET] /actuator/health                                                          1753     0(0.00%) |      4       2      47      4 |    6.90        0.00
GET      [GET] /api/soporte/election/status                                              1702     0(0.00%) |      3       1      41      4 |    6.50        0.00
GET      [GET] /api/soporte/tickets                                                      3489     0(0.00%) |      7       3     312      6 |   13.80        0.00
GET      [GET] /health                                                                   5311     0(0.00%) |      3       1      31      4 |   21.80        0.00
--------|----------------------------------------------------------------------------|-------|-------------|-------|-------|-------|-------|--------|-----------
         Aggregated                                                                     12255     0(0.00%) |      4       1     312      4 |   49.00        0.00

Type     Name                                                                          # reqs      # fails |    Avg     Min     Max    Med |   req/s  failures/s
--------|----------------------------------------------------------------------------|-------|-------------|-------|-------|-------|-------|--------|-----------
GET      [GET] /actuator/health                                                          1765     0(0.00%) |      4       2      47      4 |    6.90        0.00
GET      [GET] /api/soporte/election/status                                              1718     0(0.00%) |      3       1      41      4 |    6.00        0.00
GET      [GET] /api/soporte/tickets                                                      3517     0(0.00%) |      7       3     312      6 |   13.20        0.00
GET      [GET] /health                                                                   5354     0(0.00%) |      3       1      31      4 |   23.10        0.00
--------|----------------------------------------------------------------------------|-------|-------------|-------|-------|-------|-------|--------|-----------
         Aggregated                                                                     12354     0(0.00%) |      4       1     312      4 |   49.20        0.00

Type     Name                                                                          # reqs      # fails |    Avg     Min     Max    Med |   req/s  failures/s
--------|----------------------------------------------------------------------------|-------|-------------|-------|-------|-------|-------|--------|-----------
GET      [GET] /actuator/health                                                          1788     0(0.00%) |      4       2      47      4 |    6.80        0.00
GET      [GET] /api/soporte/election/status                                              1735     0(0.00%) |      3       1      41      4 |    6.70        0.00
GET      [GET] /api/soporte/tickets                                                      3537     0(0.00%) |      7       3     312      6 |   13.20        0.00
GET      [GET] /health                                                                   5396     0(0.00%) |      3       1      31      4 |   22.50        0.00
--------|----------------------------------------------------------------------------|-------|-------------|-------|-------|-------|-------|--------|-----------
         Aggregated                                                                     12456     0(0.00%) |      4       1     312      4 |   49.20        0.00

Type     Name                                                                          # reqs      # fails |    Avg     Min     Max    Med |   req/s  failures/s
--------|----------------------------------------------------------------------------|-------|-------------|-------|-------|-------|-------|--------|-----------
GET      [GET] /actuator/health                                                          1804     0(0.00%) |      4       2      47      4 |    7.40        0.00
GET      [GET] /api/soporte/election/status                                              1753     0(0.00%) |      3       1      41      4 |    7.30        0.00
GET      [GET] /api/soporte/tickets                                                      3565     0(0.00%) |      7       3     312      6 |   12.30        0.00
GET      [GET] /health                                                                   5434     0(0.00%) |      3       1      31      4 |   22.80        0.00
--------|----------------------------------------------------------------------------|-------|-------------|-------|-------|-------|-------|--------|-----------
         Aggregated                                                                     12556     0(0.00%) |      4       1     312      4 |   49.80        0.00

Type     Name                                                                          # reqs      # fails |    Avg     Min     Max    Med |   req/s  failures/s
--------|----------------------------------------------------------------------------|-------|-------------|-------|-------|-------|-------|--------|-----------
GET      [GET] /actuator/health                                                          1813     0(0.00%) |      4       2      47      4 |    7.60        0.00
GET      [GET] /api/soporte/election/status                                              1764     0(0.00%) |      3       1      41      4 |    7.10        0.00
GET      [GET] /api/soporte/tickets                                                      3594     0(0.00%) |      7       3     312      6 |   12.40        0.00
GET      [GET] /health                                                                   5480     0(0.00%) |      3       1      31      4 |   22.40        0.00
--------|----------------------------------------------------------------------------|-------|-------------|-------|-------|-------|-------|--------|-----------
         Aggregated                                                                     12651     0(0.00%) |      4       1     312      4 |   49.50        0.00

Type     Name                                                                          # reqs      # fails |    Avg     Min     Max    Med |   req/s  failures/s
--------|----------------------------------------------------------------------------|-------|-------------|-------|-------|-------|-------|--------|-----------
GET      [GET] /actuator/health                                                          1833     0(0.00%) |      4       2      47      4 |    7.00        0.00
GET      [GET] /api/soporte/election/status                                              1775     0(0.00%) |      3       1      41      4 |    7.40        0.00
GET      [GET] /api/soporte/tickets                                                      3620     0(0.00%) |      7       3     312      6 |   12.90        0.00
GET      [GET] /health                                                                   5526     0(0.00%) |      3       1      31      4 |   21.90        0.00
--------|----------------------------------------------------------------------------|-------|-------------|-------|-------|-------|-------|--------|-----------
         Aggregated                                                                     12754     0(0.00%) |      4       1     312      4 |   49.20        0.00

Type     Name                                                                          # reqs      # fails |    Avg     Min     Max    Med |   req/s  failures/s
--------|----------------------------------------------------------------------------|-------|-------------|-------|-------|-------|-------|--------|-----------
GET      [GET] /actuator/health                                                          1843     0(0.00%) |      4       2      47      4 |    7.70        0.00
GET      [GET] /api/soporte/election/status                                              1787     0(0.00%) |      3       1      41      4 |    7.50        0.00
GET      [GET] /api/soporte/tickets                                                      3652     0(0.00%) |      7       3     312      6 |   12.90        0.00
GET      [GET] /health                                                                   5568     0(0.00%) |      3       1      31      4 |   21.00        0.00
--------|----------------------------------------------------------------------------|-------|-------------|-------|-------|-------|-------|--------|-----------
         Aggregated                                                                     12850     0(0.00%) |      4       1     312      4 |   49.10        0.00

Type     Name                                                                          # reqs      # fails |    Avg     Min     Max    Med |   req/s  failures/s
--------|----------------------------------------------------------------------------|-------|-------------|-------|-------|-------|-------|--------|-----------
GET      [GET] /actuator/health                                                          1858     0(0.00%) |      4       2      47      4 |    7.80        0.00
GET      [GET] /api/soporte/election/status                                              1799     0(0.00%) |      3       1      41      4 |    6.80        0.00
GET      [GET] /api/soporte/tickets                                                      3680     0(0.00%) |      7       3     312      6 |   13.40        0.00
GET      [GET] /health                                                                   5611     0(0.00%) |      3       1      31      4 |   21.40        0.00
--------|----------------------------------------------------------------------------|-------|-------------|-------|-------|-------|-------|--------|-----------
         Aggregated                                                                     12948     0(0.00%) |      4       1     312      4 |   49.40        0.00

Type     Name                                                                          # reqs      # fails |    Avg     Min     Max    Med |   req/s  failures/s
--------|----------------------------------------------------------------------------|-------|-------------|-------|-------|-------|-------|--------|-----------
GET      [GET] /actuator/health                                                          1873     0(0.00%) |      4       2      47      4 |    7.30        0.00
GET      [GET] /api/soporte/election/status                                              1812     0(0.00%) |      3       1      41      4 |    6.30        0.00
GET      [GET] /api/soporte/tickets                                                      3717     0(0.00%) |      7       3     312      6 |   14.40        0.00
GET      [GET] /health                                                                   5650     0(0.00%) |      3       1      31      4 |   21.80        0.00
--------|----------------------------------------------------------------------------|-------|-------------|-------|-------|-------|-------|--------|-----------
         Aggregated                                                                     13052     0(0.00%) |      4       1     312      4 |   49.80        0.00

Type     Name                                                                          # reqs      # fails |    Avg     Min     Max    Med |   req/s  failures/s
--------|----------------------------------------------------------------------------|-------|-------------|-------|-------|-------|-------|--------|-----------
GET      [GET] /actuator/health                                                          1883     0(0.00%) |      4       2      47      4 |    6.90        0.00
GET      [GET] /api/soporte/election/status                                              1830     0(0.00%) |      3       1      41      4 |    6.30        0.00
GET      [GET] /api/soporte/tickets                                                      3742     0(0.00%) |      7       3     312      6 |   14.80        0.00
GET      [GET] /health                                                                   5695     0(0.00%) |      3       1      31      4 |   21.20        0.00
--------|----------------------------------------------------------------------------|-------|-------------|-------|-------|-------|-------|--------|-----------
         Aggregated                                                                     13150     0(0.00%) |      4       1     312      4 |   49.20        0.00

Type     Name                                                                          # reqs      # fails |    Avg     Min     Max    Med |   req/s  failures/s
--------|----------------------------------------------------------------------------|-------|-------------|-------|-------|-------|-------|--------|-----------
GET      [GET] /actuator/health                                                          1898     0(0.00%) |      4       2      47      4 |    7.00        0.00
GET      [GET] /api/soporte/election/status                                              1844     0(0.00%) |      3       1      41      4 |    6.30        0.00
GET      [GET] /api/soporte/tickets                                                      3766     0(0.00%) |      7       3     312      6 |   14.90        0.00
GET      [GET] /health                                                                   5739     0(0.00%) |      3       1      31      4 |   21.80        0.00
--------|----------------------------------------------------------------------------|-------|-------------|-------|-------|-------|-------|--------|-----------
         Aggregated                                                                     13247     0(0.00%) |      4       1     312      4 |   50.00        0.00

Type     Name                                                                          # reqs      # fails |    Avg     Min     Max    Med |   req/s  failures/s
--------|----------------------------------------------------------------------------|-------|-------------|-------|-------|-------|-------|--------|-----------
GET      [GET] /actuator/health                                                          1912     0(0.00%) |      4       2      47      4 |    6.70        0.00
GET      [GET] /api/soporte/election/status                                              1853     0(0.00%) |      3       1      41      4 |    6.40        0.00
GET      [GET] /api/soporte/tickets                                                      3798     0(0.00%) |      7       3     312      6 |   14.90        0.00
GET      [GET] /health                                                                   5782     0(0.00%) |      3       1      31      4 |   21.80        0.00
--------|----------------------------------------------------------------------------|-------|-------------|-------|-------|-------|-------|--------|-----------
         Aggregated                                                                     13345     0(0.00%) |      4       1     312      4 |   49.80        0.00

Type     Name                                                                          # reqs      # fails |    Avg     Min     Max    Med |   req/s  failures/s
--------|----------------------------------------------------------------------------|-------|-------------|-------|-------|-------|-------|--------|-----------
GET      [GET] /actuator/health                                                          1934     0(0.00%) |      4       2      47      4 |    6.80        0.00
GET      [GET] /api/soporte/election/status                                              1868     0(0.00%) |      3       1      41      4 |    6.70        0.00
GET      [GET] /api/soporte/tickets                                                      3826     0(0.00%) |      7       3     312      6 |   14.50        0.00
GET      [GET] /health                                                                   5822     0(0.00%) |      3       1      31      4 |   21.60        0.00
--------|----------------------------------------------------------------------------|-------|-------------|-------|-------|-------|-------|--------|-----------
         Aggregated                                                                     13450     0(0.00%) |      4       1     312      4 |   49.60        0.00

Type     Name                                                                          # reqs      # fails |    Avg     Min     Max    Med |   req/s  failures/s
--------|----------------------------------------------------------------------------|-------|-------------|-------|-------|-------|-------|--------|-----------
GET      [GET] /actuator/health                                                          1950     0(0.00%) |      4       2      47      4 |    7.10        0.00
GET      [GET] /api/soporte/election/status                                              1878     0(0.00%) |      4       1      41      4 |    6.90        0.00
GET      [GET] /api/soporte/tickets                                                      3855     0(0.00%) |      7       3     312      6 |   14.70        0.00
GET      [GET] /health                                                                   5864     0(0.00%) |      3       1      31      4 |   20.60        0.00
--------|----------------------------------------------------------------------------|-------|-------------|-------|-------|-------|-------|--------|-----------
         Aggregated                                                                     13547     0(0.00%) |      4       1     312      4 |   49.30        0.00

Type     Name                                                                          # reqs      # fails |    Avg     Min     Max    Med |   req/s  failures/s
--------|----------------------------------------------------------------------------|-------|-------------|-------|-------|-------|-------|--------|-----------
GET      [GET] /actuator/health                                                          1973     0(0.00%) |      4       2      47      4 |    7.90        0.00
GET      [GET] /api/soporte/election/status                                              1889     0(0.00%) |      3       1      41      4 |    6.30        0.00
GET      [GET] /api/soporte/tickets                                                      3882     0(0.00%) |      7       3     312      6 |   13.70        0.00
GET      [GET] /health                                                                   5896     0(0.00%) |      3       1      31      4 |   21.80        0.00
--------|----------------------------------------------------------------------------|-------|-------------|-------|-------|-------|-------|--------|-----------
         Aggregated                                                                     13640     0(0.00%) |      4       1     312      4 |   49.70        0.00

Type     Name                                                                          # reqs      # fails |    Avg     Min     Max    Med |   req/s  failures/s
--------|----------------------------------------------------------------------------|-------|-------------|-------|-------|-------|-------|--------|-----------
GET      [GET] /actuator/health                                                          1984     0(0.00%) |      4       2      47      4 |    8.80        0.00
GET      [GET] /api/soporte/election/status                                              1905     0(0.00%) |      3       1      41      4 |    6.30        0.00
GET      [GET] /api/soporte/tickets                                                      3915     0(0.00%) |      7       3     312      6 |   13.40        0.00
GET      [GET] /health                                                                   5935     0(0.00%) |      3       1      31      4 |   20.00        0.00
--------|----------------------------------------------------------------------------|-------|-------------|-------|-------|-------|-------|--------|-----------
         Aggregated                                                                     13739     0(0.00%) |      4       1     312      4 |   48.50        0.00

Type     Name                                                                          # reqs      # fails |    Avg     Min     Max    Med |   req/s  failures/s
--------|----------------------------------------------------------------------------|-------|-------------|-------|-------|-------|-------|--------|-----------
GET      [GET] /actuator/health                                                          2001     0(0.00%) |      4       2      47      4 |    8.90        0.00
GET      [GET] /api/soporte/election/status                                              1917     0(0.00%) |      3       1      41      4 |    6.70        0.00
GET      [GET] /api/soporte/tickets                                                      3954     0(0.00%) |      7       3     312      6 |   14.00        0.00
GET      [GET] /health                                                                   5971     0(0.00%) |      3       1      31      4 |   19.20        0.00
--------|----------------------------------------------------------------------------|-------|-------------|-------|-------|-------|-------|--------|-----------
         Aggregated                                                                     13843     0(0.00%) |      4       1     312      4 |   48.80        0.00

Type     Name                                                                          # reqs      # fails |    Avg     Min     Max    Med |   req/s  failures/s
--------|----------------------------------------------------------------------------|-------|-------------|-------|-------|-------|-------|--------|-----------
GET      [GET] /actuator/health                                                          2009     0(0.00%) |      4       2      47      4 |    8.90        0.00
GET      [GET] /api/soporte/election/status                                              1928     0(0.00%) |      3       1      41      4 |    6.30        0.00
GET      [GET] /api/soporte/tickets                                                      3991     0(0.00%) |      7       3     312      6 |   15.30        0.00
GET      [GET] /health                                                                   6017     0(0.00%) |      3       1      31      4 |   18.40        0.00
--------|----------------------------------------------------------------------------|-------|-------------|-------|-------|-------|-------|--------|-----------
         Aggregated                                                                     13945     0(0.00%) |      4       1     312      4 |   48.90        0.00

Type     Name                                                                          # reqs      # fails |    Avg     Min     Max    Med |   req/s  failures/s
--------|----------------------------------------------------------------------------|-------|-------------|-------|-------|-------|-------|--------|-----------
GET      [GET] /actuator/health                                                          2032     0(0.00%) |      4       2      47      4 |    8.00        0.00
GET      [GET] /api/soporte/election/status                                              1943     0(0.00%) |      3       1      41      4 |    5.70        0.00
GET      [GET] /api/soporte/tickets                                                      4013     0(0.00%) |      7       3     312      6 |   15.70        0.00
GET      [GET] /health                                                                   6063     0(0.00%) |      3       1      31      4 |   19.90        0.00
--------|----------------------------------------------------------------------------|-------|-------------|-------|-------|-------|-------|--------|-----------
         Aggregated                                                                     14051     0(0.00%) |      4       1     312      4 |   49.30        0.00

Type     Name                                                                          # reqs      # fails |    Avg     Min     Max    Med |   req/s  failures/s
--------|----------------------------------------------------------------------------|-------|-------------|-------|-------|-------|-------|--------|-----------
GET      [GET] /actuator/health                                                          2050     0(0.00%) |      4       2      47      4 |    7.90        0.00
GET      [GET] /api/soporte/election/status                                              1954     0(0.00%) |      3       1      41      4 |    6.40        0.00
GET      [GET] /api/soporte/tickets                                                      4041     0(0.00%) |      7       3     312      6 |   16.40        0.00
GET      [GET] /health                                                                   6107     0(0.00%) |      3       1      31      4 |   19.00        0.00
--------|----------------------------------------------------------------------------|-------|-------------|-------|-------|-------|-------|--------|-----------
         Aggregated                                                                     14152     0(0.00%) |      4       1     312      4 |   49.70        0.00

Type     Name                                                                          # reqs      # fails |    Avg     Min     Max    Med |   req/s  failures/s
--------|----------------------------------------------------------------------------|-------|-------------|-------|-------|-------|-------|--------|-----------
GET      [GET] /actuator/health                                                          2064     0(0.00%) |      4       2      47      4 |    7.80        0.00
GET      [GET] /api/soporte/election/status                                              1974     0(0.00%) |      3       1      41      4 |    6.40        0.00
GET      [GET] /api/soporte/tickets                                                      4068     0(0.00%) |      7       3     312      6 |   16.00        0.00
GET      [GET] /health                                                                   6146     0(0.00%) |      3       1      31      4 |   21.20        0.00
--------|----------------------------------------------------------------------------|-------|-------------|-------|-------|-------|-------|--------|-----------
         Aggregated                                                                     14252     0(0.00%) |      4       1     312      4 |   51.40        0.00

Type     Name                                                                          # reqs      # fails |    Avg     Min     Max    Med |   req/s  failures/s
--------|----------------------------------------------------------------------------|-------|-------------|-------|-------|-------|-------|--------|-----------
GET      [GET] /actuator/health                                                          2080     0(0.00%) |      4       2      47      4 |    7.80        0.00
GET      [GET] /api/soporte/election/status                                              1987     0(0.00%) |      3       1      41      4 |    6.60        0.00
GET      [GET] /api/soporte/tickets                                                      4102     0(0.00%) |      7       3     312      6 |   15.10        0.00
GET      [GET] /health                                                                   6185     0(0.00%) |      3       1      31      4 |   20.90        0.00
--------|----------------------------------------------------------------------------|-------|-------------|-------|-------|-------|-------|--------|-----------
         Aggregated                                                                     14354     0(0.00%) |      4       1     312      4 |   50.40        0.00

Type     Name                                                                          # reqs      # fails |    Avg     Min     Max    Med |   req/s  failures/s
--------|----------------------------------------------------------------------------|-------|-------------|-------|-------|-------|-------|--------|-----------
GET      [GET] /actuator/health                                                          2097     0(0.00%) |      4       2      47      4 |    7.70        0.00
GET      [GET] /api/soporte/election/status                                              1999     0(0.00%) |      3       1      41      4 |    6.90        0.00
GET      [GET] /api/soporte/tickets                                                      4136     0(0.00%) |      7       3     312      6 |   15.00        0.00
GET      [GET] /health                                                                   6218     0(0.00%) |      3       1      31      4 |   21.10        0.00
--------|----------------------------------------------------------------------------|-------|-------------|-------|-------|-------|-------|--------|-----------
         Aggregated                                                                     14450     0(0.00%) |      4       1     312      4 |   50.70        0.00

Type     Name                                                                          # reqs      # fails |    Avg     Min     Max    Med |   req/s  failures/s
--------|----------------------------------------------------------------------------|-------|-------------|-------|-------|-------|-------|--------|-----------
GET      [GET] /actuator/health                                                          2104     0(0.00%) |      4       2      47      4 |    8.30        0.00
GET      [GET] /api/soporte/election/status                                              2015     0(0.00%) |      3       1      41      4 |    7.50        0.00
GET      [GET] /api/soporte/tickets                                                      4166     0(0.00%) |      7       3     312      6 |   14.90        0.00
GET      [GET] /health                                                                   6265     0(0.00%) |      3       1      31      4 |   20.00        0.00
--------|----------------------------------------------------------------------------|-------|-------------|-------|-------|-------|-------|--------|-----------
         Aggregated                                                                     14550     0(0.00%) |      4       1     312      4 |   50.70        0.00

[2026-09-22 08:46:24,385] DESKTOP-2G72T6F/INFO/locust.main: --run-time limit reached, shutting down
Type     Name                                                                          # reqs      # fails |    Avg     Min     Max    Med |   req/s  failures/s
--------|----------------------------------------------------------------------------|-------|-------------|-------|-------|-------|-------|--------|-----------
GET      [GET] /actuator/health                                                          2117     0(0.00%) |      4       2      47      4 |    7.60        0.00
GET      [GET] /api/soporte/election/status                                              2028     0(0.00%) |      3       1      41      4 |    7.40        0.00
GET      [GET] /api/soporte/tickets                                                      4190     0(0.00%) |      7       3     312      6 |   15.00        0.00
GET      [GET] /health                                                                   6307     0(0.00%) |      3       1      31      4 |   20.40        0.00
--------|----------------------------------------------------------------------------|-------|-------------|-------|-------|-------|-------|--------|-----------
         Aggregated                                                                     14642     0(0.00%) |      4       1     312      4 |   50.40        0.00

[2026-09-22 08:46:24,630] DESKTOP-2G72T6F/INFO/locust.main: Shutting down (exit code 0)
Type     Name                                                                          # reqs      # fails |    Avg     Min     Max    Med |   req/s  failures/s
--------|----------------------------------------------------------------------------|-------|-------------|-------|-------|-------|-------|--------|-----------
GET      [GET] /actuator/health                                                          2117     0(0.00%) |      4       2      47      4 |    7.08        0.00
GET      [GET] /api/soporte/election/status                                              2028     0(0.00%) |      3       1      41      4 |    6.78        0.00
GET      [GET] /api/soporte/tickets                                                      4190     0(0.00%) |      7       3     312      6 |   14.01        0.00
GET      [GET] /health                                                                   6307     0(0.00%) |      3       1      31      4 |   21.09        0.00
--------|----------------------------------------------------------------------------|-------|-------------|-------|-------|-------|-------|--------|-----------
         Aggregated                                                                     14642     0(0.00%) |      4       1     312      4 |   48.97        0.00

Response time percentiles (approximated)
Type     Name                                                                                  50%    66%    75%    80%    90%    95%    98%    99%  99.9% 99.99%   100% # reqs
--------|--------------------------------------------------------------------------------|--------|------|------|------|------|------|------|------|------|------|------|------
GET      [GET] /actuator/health                                                                  4      4      5      5      6      7      8     10     33     48     48   2117
GET      [GET] /api/soporte/election/status                                                      4      4      4      5      5      6      8      9     25     41     41   2028
GET      [GET] /api/soporte/tickets                                                              6      7      7      8      9     10     15     27     37    310    310   4190
GET      [GET] /health                                                                           4      4      4      4      5      6      8      9     28     32     32   6307
--------|--------------------------------------------------------------------------------|--------|------|------|------|------|------|------|------|------|------|------|------
         Aggregated                                                                              4      5      6      6      7      8     10     13     34     48    310  14642

