Timestamp,User Count,Type,Name,Requests/s,Failures/s,50%,66%,75%,80%,90%,95%,98%,99%,99.9%,99.99%,100%,Total Request Count,Total Failure Count,Total Median Response Time,Total Average Response Time,Total Min Response Time,Total Max Response Time,Total Average Content Size

1790084485,0,,Aggregated,0.000000,0.000000,N/A,N/A,N/A,N/A,N/A,N/A,N/A,N/A,N/A,N/A,N/A,0,0,0,0.0,0,0,0

1790084486,5,GET,[GET] /api/soporte/election/status,0.000000,0.000000,0,0,0,0,0,0,0,0,0,0,0,1,0,4.34260000474751,4.34260000474751,4.34260000474751,4.34260000474751,78.0

1790084486,5,GET,[GET] /api/soporte/tickets,0.000000,0.000000,0,0,0,0,0,0,0,0,0,0,0,3,0,9,18.34140000573825,7.704200004809536,38.58550000586547,84651.0

1790084486,5,GET,[GET] /health,0.000000,0.000000,0,0,0,0,0,0,0,0,0,0,0,4,0,24,24.111925002216594,21.49089999147691,26.740400004200637,84.0

1790084486,5,,Aggregated,0.000000,0.000000,0,0,0,0,0,0,0,0,0,0,0,8,0,21,19.47681250385358,4.34260000474751,38.58550000586547,31795.875

1790084487,10,GET,[GET] /actuator/health,0.000000,0.000000,0,0,0,0,0,0,0,0,0,0,0,2,0,4.268200005753897,9.091400002944283,4.268200005753897,13.91460000013467,49.0

1790084487,10,GET,[GET] /api/soporte/election/status,0.000000,0.000000,0,0,0,0,0,0,0,0,0,0,0,1,0,4.34260000474751,4.34260000474751,4.34260000474751,4.34260000474751,78.0

1790084487,10,GET,[GET] /api/soporte/tickets,0.000000,0.000000,8,9,9,17,17,17,17,17,17,17,17,6,0,8,14.522800003760494,7.167300005676225,38.58550000586547,84651.0

1790084487,10,GET,[GET] /health,0.000000,0.000000,4,10,11,11,16,16,16,16,16,16,16,11,0,11,13.470690911741588,2.8300999983912334,26.740400004200637,84.0

1790084487,10,,Aggregated,0.000000,0.000000,8,9,11,14,16,17,17,17,17,17,17,20,0,9,12.891990003117826,2.8300999983912334,38.58550000586547,25450.3

1790084488,20,GET,[GET] /actuator/health,0.000000,0.000000,14,14,14,14,14,14,14,14,14,14,14,2,0,4.268200005753897,9.091400002944283,4.268200005753897,13.91460000013467,49.0

1790084488,20,GET,[GET] /api/soporte/election/status,0.000000,0.000000,4,4,4,4,4,4,4,4,4,4,4,4,0,4,3.7769250011479016,3.1257999944500625,4.34260000474751,78.0

1790084488,20,GET,[GET] /api/soporte/tickets,1.000000,0.000000,8,9,10,17,20,20,20,20,20,20,20,11,0,8,12.63969091153492,6.488300001365133,38.58550000586547,84651.0

1790084488,20,GET,[GET] /health,4.000000,0.000000,4,10,11,11,15,16,16,16,16,16,16,23,0,4,9.720095652838886,2.37649999326095,26.740400004200637,84.0

1790084488,20,,Aggregated,5.000000,0.000000,6,9,11,11,15,17,20,20,20,20,20,40,0,8,9.897232501316466,2.37649999326095,38.58550000586547,23337.575

1790084489,25,GET,[GET] /actuator/health,1.000000,0.000000,11,11,13,13,14,14,14,14,14,14,14,6,0,5,8.531899999070447,4.268200005753897,13.91460000013467,49.0

1790084489,25,GET,[GET] /api/soporte/election/status,0.500000,0.000000,4,5,10,10,13,13,13,13,13,13,13,10,0,4,6.038070000067819,3.1257999944500625,12.643800000660121,78.0

1790084489,25,GET,[GET] /api/soporte/tickets,2.500000,0.000000,9,9,17,20,20,24,24,24,24,24,24,16,0,9,13.101999999889813,6.488300001365133,38.58550000586547,84651.0

1790084489,25,GET,[GET] /health,4.500000,0.000000,4,6,10,11,12,15,16,16,16,16,16,29,0,4,8.839003448193925,2.37649999326095,26.740400004200637,84.0

1790084489,25,,Aggregated,8.500000,0.000000,7,9,11,11,15,20,20,24,24,24,24,61,0,8,9.467790163786258,2.37649999326095,38.58550000586547,22261.081967213115

1790084490,30,GET,[GET] /actuator/health,0.666667,0.000000,5,5,11,13,14,14,14,14,14,14,14,9,0,5,7.190333331689342,4.192299995338544,13.91460000013467,49.0

1790084490,30,GET,[GET] /api/soporte/election/status,0.666667,0.000000,5,10,13,14,16,41,41,41,41,41,41,14,0,4,9.60000714258058,3.1257999944500625,41.07420000946149,78.0

1790084490,30,GET,[GET] /api/soporte/tickets,3.000000,0.000000,8,9,10,20,24,25,43,43,43,43,43,26,0,8,13.103711538021274,6.488300001365133,42.932399999699555,84651.0

1790084490,30,GET,[GET] /health,6.666667,0.000000,4,5,10,11,13,15,16,16,16,16,16,41,0,4,7.904931706612044,2.37649999326095,26.740400004200637,84.0

1790084490,30,,Aggregated,11.000000,0.000000,7,9,10,12,16,20,41,43,43,43,43,90,0,7,9.599019999344213,2.37649999326095,42.932399999699555,24510.033333333333

1790084491,35,GET,[GET] /actuator/health,1.500000,0.000000,5,11,13,14,16,16,16,16,16,16,16,10,0,5,8.093399998324458,4.192299995338544,16.220999998040497,49.0

1790084491,35,GET,[GET] /api/soporte/election/status,1.750000,0.000000,10,13,14,16,25,41,41,41,41,41,41,15,0,5,10.595799999039931,3.1257999944500625,41.07420000946149,78.0

1790084491,35,GET,[GET] /api/soporte/tickets,3.750000,0.000000,9,9,11,17,24,33,43,43,43,43,43,38,0,9,12.585918420977817,6.488300001365133,42.932399999699555,84651.0

1790084491,35,GET,[GET] /health,7.000000,0.000000,4,5,9,11,14,20,23,28,28,28,28,61,0,4,7.739113114648269,2.37649999326095,27.738799995859154,84.0

1790084491,35,,Aggregated,14.000000,0.000000,7,9,11,13,20,25,33,41,43,43,43,124,0,7,9.598562902899557,2.37649999326095,42.932399999699555,25996.145161290322

1790084492,40,GET,[GET] /actuator/health,1.600000,0.000000,5,5,11,13,14,16,16,16,16,16,16,13,0,5,7.1244538446010734,2.72170000243932,16.220999998040497,49.0

1790084492,40,GET,[GET] /api/soporte/election/status,2.800000,0.000000,5,10,13,14,25,41,41,41,41,41,41,20,0,5,9.106325000175275,3.1257999944500625,41.07420000946149,78.0

1790084492,40,GET,[GET] /api/soporte/tickets,4.400000,0.000000,9,10,12,19,24,25,33,43,43,43,43,52,0,9,12.633726922593688,6.488300001365133,42.932399999699555,84651.0

1790084492,40,GET,[GET] /health,7.200000,0.000000,4,5,6,10,14,16,23,28,28,28,28,74,0,4,7.067039189309612,2.3573999933432788,27.738799995859154,84.0

1790084492,40,,Aggregated,16.000000,0.000000,6,9,10,11,19,24,28,41,43,43,43,159,0,7,9.14879937086228,2.3573999933432788,42.932399999699555,27737.51572327044

1790084493,45,GET,[GET] /actuator/health,1.666667,0.000000,5,6,13,14,17,35,35,35,35,35,35,19,0,5,8.646478946933424,2.72170000243932,34.86780000093859,49.0

1790084493,45,GET,[GET] /api/soporte/election/status,2.500000,0.000000,4,5,10,13,25,31,41,41,41,41,41,28,0,4,8.544435714221825,2.9177999967942014,41.07420000946149,78.0

1790084493,45,GET,[GET] /api/soporte/tickets,5.333333,0.000000,9,10,11,19,24,25,35,43,43,43,43,64,0,9,12.450923437427264,6.488300001365133,42.932399999699555,84651.0

1790084493,45,GET,[GET] /health,8.666667,0.000000,4,5,6,9,14,20,30,30,30,30,30,91,0,4,7.133182417889187,2.3327000089921057,30.25500000512693,84.0

1790084493,45,,Aggregated,18.166667,0.000000,6,8,10,11,20,25,35,41,43,43,43,202,0,6,9.155970297095084,2.3327000089921057,42.932399999699555,26873.381188118812

1790084494,50,GET,[GET] /actuator/health,1.571429,0.000000,5,6,11,14,17,33,35,35,35,35,35,25,0,5,8.96374800009653,2.72170000243932,34.86780000093859,49.0

1790084494,50,GET,[GET] /api/soporte/election/status,2.571429,0.000000,4,5,10,11,16,31,41,41,41,41,41,36,0,4,7.629838888129194,2.718300005653873,41.07420000946149,78.0

1790084494,50,GET,[GET] /api/soporte/tickets,6.714286,0.000000,9,10,12,19,24,33,35,43,43,43,43,86,0,9,12.586549999934165,6.488300001365133,42.932399999699555,84651.0

1790084494,50,GET,[GET] /health,10.000000,0.000000,4,4,6,10,15,28,31,32,32,32,32,108,0,4,7.419740741035504,2.3327000089921057,31.771899986779317,84.0

1790084494,50,,Aggregated,20.857143,0.000000,6,8,10,12,20,30,34,35,43,43,43,255,0,7,9.343306666671518,2.3327000089921057,42.932399999699555,28600.3568627451

1790084495,50,GET,[GET] /actuator/health,2.000000,0.000000,5,5,6,11,16,33,35,35,35,35,35,35,0,5,7.546242858266591,2.72170000243932,34.86780000093859,49.0

1790084495,50,GET,[GET] /api/soporte/election/status,3.125000,0.000000,4,5,6,10,14,25,41,41,41,41,41,42,0,4,7.099666665973408,2.5088999973377213,41.07420000946149,78.0

1790084495,50,GET,[GET] /api/soporte/tickets,7.375000,0.000000,8,9,11,15,24,33,35,43,43,43,43,101,0,8,11.818556435317456,5.766199989011511,42.932399999699555,84651.0

1790084495,50,GET,[GET] /health,10.625000,0.000000,4,4,5,6,14,23,31,32,32,32,32,130,0,4,6.76152230768751,2.3327000089921057,31.771899986779317,84.0

1790084495,50,,Aggregated,23.125000,0.000000,5,8,9,10,19,25,33,35,43,43,43,308,0,6,8.55511883109303,2.3327000089921057,42.932399999699555,27810.590909090908

1790084496,50,GET,[GET] /actuator/health,2.444444,0.000000,5,5,6,10,16,33,35,35,35,35,35,39,0,5,7.227884617093831,2.72170000243932,34.86780000093859,49.0

1790084496,50,GET,[GET] /api/soporte/election/status,3.444444,0.000000,4,5,6,6,13,25,31,41,41,41,41,53,0,4,6.52511698031306,2.5088999973377213,41.07420000946149,78.0

1790084496,50,GET,[GET] /api/soporte/tickets,8.111111,0.000000,8,9,10,11,21,25,34,35,43,43,43,119,0,8,11.153050419774704,5.766199989011511,42.932399999699555,84651.0

1790084496,50,GET,[GET] /health,11.222222,0.000000,4,4,5,5,12,23,31,32,32,32,32,148,0,4,6.3712736482557375,2.254399994853884,31.771899986779317,84.0

1790084496,50,,Aggregated,25.222222,0.000000,5,8,8,9,15,25,33,35,43,43,43,359,0,5,8.072089693365712,2.254399994853884,42.932399999699555,28111.27019498607

1790084497,50,GET,[GET] /actuator/health,2.900000,0.000000,4,5,5,6,13,17,35,35,35,35,35,47,0,4,6.628434043724407,2.3022999957902357,34.86780000093859,49.0

1790084497,50,GET,[GET] /api/soporte/election/status,3.800000,0.000000,4,5,6,6,13,25,31,41,41,41,41,58,0,4,6.304712068130953,2.5088999973377213,41.07420000946149,78.0

1790084497,50,GET,[GET] /api/soporte/tickets,9.300000,0.000000,8,9,9,10,20,25,34,35,43,43,43,142,0,8,10.390271126595161,4.903399996692315,42.932399999699555,84651.0

1790084497,50,GET,[GET] /health,11.900000,0.000000,4,4,4,5,9,20,31,32,32,32,32,162,0,4,6.099952468727601,2.2102999937487766,31.771899986779317,84.0

1790084497,50,,Aggregated,27.900000,0.000000,5,7,8,9,14,24,33,35,43,43,43,409,0,5,7.6792677259585,2.2102999937487766,42.932399999699555,29439.79706601467

1790084498,50,GET,[GET] /actuator/health,3.800000,0.000000,4,5,5,5,10,17,35,35,35,35,35,56,0,4,6.198658929601412,2.3022999957902357,34.86780000093859,49.0

1790084498,50,GET,[GET] /api/soporte/election/status,4.800000,0.000000,4,4,5,6,10,16,31,41,41,41,41,72,0,4,5.835479165600393,2.5088999973377213,41.07420000946149,78.0

1790084498,50,GET,[GET] /api/soporte/tickets,10.900000,0.000000,8,8,9,10,19,25,34,35,43,43,43,161,0,8,10.088814285374825,4.546600001049228,42.932399999699555,84651.0

1790084498,50,GET,[GET] /health,13.500000,0.000000,4,4,4,5,7,20,31,32,32,32,32,177,0,4,5.872229378082458,2.2102999937487766,31.771899986779317,84.0

1790084498,50,,Aggregated,33.000000,0.000000,5,6,8,8,12,24,32,34,43,43,43,466,0,5,7.362581759328003,2.2102999937487766,42.932399999699555,29296.221030042918

1790084499,50,GET,[GET] /actuator/health,4.200000,0.000000,4,5,5,5,6,17,33,35,35,35,35,67,0,4,5.925646269391638,2.3022999957902357,34.86780000093859,49.0

1790084499,50,GET,[GET] /api/soporte/election/status,5.600000,0.000000,4,4,5,5,6,7,25,31,31,31,31,80,0,4,5.704408748351852,2.5088999973377213,41.07420000946149,78.0

1790084499,50,GET,[GET] /api/soporte/tickets,12.600000,0.000000,8,8,9,9,14,24,33,34,35,35,35,173,0,8,9.855247398426574,4.546600001049228,42.932399999699555,84651.0

1790084499,50,GET,[GET] /health,14.500000,0.000000,3,4,4,5,7,20,30,32,32,32,32,191,0,4,5.754328795378974,2.2102999937487766,31.771899986779317,84.0

1790084499,50,,Aggregated,36.900000,0.000000,5,6,7,8,10,20,31,33,35,35,35,511,0,5,7.15734951029857,2.2102999937487766,42.932399999699555,28708.786692759295

1790084500,50,GET,[GET] /actuator/health,5.100000,0.000000,4,5,5,5,6,10,33,35,35,35,35,73,0,4,5.790482192461328,2.3022999957902357,34.86780000093859,49.0

1790084500,50,GET,[GET] /api/soporte/election/status,6.400000,0.000000,4,4,5,5,6,6,11,31,31,31,31,93,0,4,5.4551086004232605,2.5088999973377213,41.07420000946149,78.0

1790084500,50,GET,[GET] /api/soporte/tickets,14.200000,0.000000,7,8,9,9,14,22,33,34,35,35,35,181,0,8,9.728040330955187,4.546600001049228,42.932399999699555,84651.0

1790084500,50,GET,[GET] /health,14.600000,0.000000,3,4,4,5,6,9,30,32,32,32,32,215,0,4,5.534213953204778,2.2102999937487766,31.771899986779317,84.0

1790084500,50,,Aggregated,40.300000,0.000000,5,6,7,7,9,15,30,33,35,35,35,562,0,5,6.905091814467894,2.2102999937487766,42.932399999699555,27314.451957295372

1790084501,50,GET,[GET] /actuator/health,5.400000,0.000000,4,5,5,5,6,10,33,35,35,35,35,79,0,4,5.711131646110723,2.3022999957902357,34.86780000093859,49.0

1790084501,50,GET,[GET] /api/soporte/election/status,6.900000,0.000000,4,4,5,5,5,6,11,31,31,31,31,99,0,4,5.3724050488043105,2.5088999973377213,41.07420000946149,78.0

1790084501,50,GET,[GET] /api/soporte/tickets,15.000000,0.000000,7,8,8,9,10,19,33,34,35,35,35,189,0,8,9.607901586966205,4.546600001049228,42.932399999699555,84651.0

1790084501,50,GET,[GET] /health,15.600000,0.000000,4,4,4,4,5,7,30,32,32,32,32,237,0,4,5.399835442845172,2.2102999937487766,31.771899986779317,84.0

1790084501,50,,Aggregated,42.900000,0.000000,4,6,6,7,9,11,30,33,35,35,35,604,0,5,6.752817714843199,2.2102999937487766,42.932399999699555,26540.629139072847

1790084502,50,GET,[GET] /actuator/health,6.000000,0.000000,4,5,5,5,6,7,17,33,33,33,33,89,0,4,5.544038202346752,2.3022999957902357,34.86780000093859,49.0

1790084502,50,GET,[GET] /api/soporte/election/status,7.300000,0.000000,4,4,4,5,5,6,7,11,11,11,11,105,0,4,5.278165712592281,2.5088999973377213,41.07420000946149,78.0

1790084502,50,GET,[GET] /api/soporte/tickets,15.600000,0.000000,7,8,8,9,10,19,27,33,34,34,34,199,0,8,9.51276281367386,4.546600001049228,42.932399999699555,84651.0

1790084502,50,GET,[GET] /health,16.700000,0.000000,4,4,4,4,5,7,15,32,32,32,32,260,0,4,5.260696538159839,2.2102999937487766,31.771899986779317,84.0

1790084502,50,,Aggregated,45.600000,0.000000,4,6,6,7,8,10,19,32,34,34,34,653,0,5,6.597929095978111,2.2102999937487766,42.932399999699555,25849.831546707504

1790084503,50,GET,[GET] /actuator/health,6.600000,0.000000,4,5,5,5,6,6,7,10,10,10,10,97,0,4,5.460320618759706,2.3022999957902357,34.86780000093859,49.0

1790084503,50,GET,[GET] /api/soporte/election/status,8.300000,0.000000,4,4,4,5,5,6,7,11,11,11,11,112,0,4,5.201930355724471,2.5088999973377213,41.07420000946149,78.0

1790084503,50,GET,[GET] /api/soporte/tickets,15.200000,0.000000,7,8,8,8,9,10,17,19,27,27,27,211,0,8,9.388547392837346,4.35740000102669,42.932399999699555,84651.0

1790084503,50,GET,[GET] /health,17.300000,0.000000,4,4,4,4,5,6,7,8,15,15,15,287,0,4,5.1322630661351525,2.2102999937487766,31.771899986779317,84.0

1790084503,50,,Aggregated,47.400000,0.000000,4,5,6,6,8,9,10,14,27,27,27,707,0,5,6.458571852518106,2.2102999937487766,42.932399999699555,25316.772277227723

1790084504,50,GET,[GET] /actuator/health,7.400000,0.000000,4,5,5,5,6,6,7,8,8,8,8,108,0,4,5.3308787040198995,2.3022999957902357,34.86780000093859,49.0

1790084504,50,GET,[GET] /api/soporte/election/status,8.200000,0.000000,4,4,4,5,5,5,6,7,7,7,7,120,0,4,5.096726665336367,2.5088999973377213,41.07420000946149,78.0

1790084504,50,GET,[GET] /api/soporte/tickets,14.800000,0.000000,7,7,7,8,9,10,14,17,27,27,27,226,0,7,9.200936725166878,4.35740000102669,42.932399999699555,84651.0

1790084504,50,GET,[GET] /health,17.900000,0.000000,4,4,4,4,5,6,7,7,8,8,8,297,0,4,5.077593265932683,2.2102999937487766,31.771899986779317,84.0

1790084504,50,,Aggregated,48.300000,0.000000,4,5,6,6,7,8,9,10,27,27,27,751,0,5,6.35792143774199,2.2102999937487766,42.932399999699555,25526.93209054594

1790084505,50,GET,[GET] /actuator/health,7.800000,0.000000,4,4,5,5,6,6,7,8,8,8,8,118,0,4,5.1832533899252695,2.3022999957902357,34.86780000093859,49.0

1790084505,50,GET,[GET] /api/soporte/election/status,8.300000,0.000000,4,4,5,5,5,5,6,7,7,7,7,124,0,4,5.038218546917872,2.5088999973377213,41.07420000946149,78.0

1790084505,50,GET,[GET] /api/soporte/tickets,14.600000,0.000000,7,7,8,8,9,9,14,17,27,27,27,242,0,7,9.026360330037187,4.35740000102669,42.932399999699555,84651.0

1790084505,50,GET,[GET] /health,18.200000,0.000000,4,4,4,4,5,6,7,7,8,8,8,319,0,4,4.965465830702504,2.2102999937487766,31.771899986779317,84.0

1790084505,50,,Aggregated,48.900000,0.000000,4,5,6,6,7,8,9,10,27,27,27,803,0,4,6.232535242455911,2.2102999937487766,42.932399999699555,25563.875466998754

1790084506,50,GET,[GET] /actuator/health,7.600000,0.000000,4,4,5,5,6,6,7,8,8,8,8,121,0,4,5.156314049675206,2.3022999957902357,34.86780000093859,49.0

1790084506,50,GET,[GET] /api/soporte/election/status,8.700000,0.000000,4,4,4,5,5,5,5,7,7,7,7,135,0,4,4.928757776549362,2.5088999973377213,41.07420000946149,78.0

1790084506,50,GET,[GET] /api/soporte/tickets,14.100000,0.000000,6,7,7,8,9,9,14,17,27,27,27,256,0,7,8.865811327609663,4.35740000102669,42.932399999699555,84651.0

1790084506,50,GET,[GET] /health,19.200000,0.000000,4,4,4,5,5,5,7,7,8,8,8,337,0,4,4.892714539978401,2.2102999937487766,31.771899986779317,84.0

1790084506,50,,Aggregated,49.600000,0.000000,4,5,6,6,7,8,9,10,27,27,27,849,0,4,6.134026854753427,2.2102999937487766,42.932399999699555,25577.64782096584

1790084507,50,GET,[GET] /actuator/health,8.300000,0.000000,4,5,5,5,6,7,7,8,8,8,8,128,0,4,5.124157812588237,2.3022999957902357,34.86780000093859,49.0

1790084507,50,GET,[GET] /api/soporte/election/status,8.400000,0.000000,4,4,4,5,5,5,6,6,6,6,6,149,0,4,4.830553018915367,2.410000000963919,41.07420000946149,78.0

1790084507,50,GET,[GET] /api/soporte/tickets,14.000000,0.000000,7,7,7,7,9,9,10,10,17,17,17,268,0,7,8.787676118837267,4.35740000102669,42.932399999699555,84651.0

1790084507,50,GET,[GET] /health,19.200000,0.000000,4,4,4,4,5,5,7,7,8,8,8,357,0,4,4.8096588234686495,2.2102999937487766,31.771899986779317,84.0

1790084507,50,,Aggregated,49.900000,0.000000,4,5,6,6,7,7,9,9,17,17,17,902,0,4,6.039678491858513,2.2102999937487766,42.932399999699555,25204.37915742794

1790084508,50,GET,[GET] /actuator/health,8.300000,0.000000,4,4,5,5,6,7,7,8,8,8,8,139,0,4,5.044295683271995,2.3022999957902357,34.86780000093859,49.0

1790084508,50,GET,[GET] /api/soporte/election/status,8.200000,0.000000,4,4,4,5,5,5,6,6,6,6,6,156,0,4,4.776807049776648,2.410000000963919,41.07420000946149,78.0

1790084508,50,GET,[GET] /api/soporte/tickets,14.000000,0.000000,7,7,7,7,9,9,10,10,17,17,17,282,0,7,8.682341843365414,4.35740000102669,42.932399999699555,84651.0

1790084508,50,GET,[GET] /health,18.800000,0.000000,4,4,4,5,5,6,7,7,8,8,8,380,0,4,4.752760526408613,2.1338999940780923,31.771899986779317,84.0

1790084508,50,,Aggregated,49.300000,0.000000,4,5,6,6,7,7,9,9,17,17,17,957,0,4,5.95695757534408,2.1338999940780923,42.932399999699555,24997.367816091955

1790084509,50,GET,[GET] /actuator/health,8.100000,0.000000,4,4,5,5,6,7,7,8,8,8,8,144,0,4,5.006750694216559,2.3022999957902357,34.86780000093859,49.0

1790084509,50,GET,[GET] /api/soporte/election/status,8.500000,0.000000,4,4,4,4,5,5,6,6,6,6,6,161,0,4,4.742547203457671,2.410000000963919,41.07420000946149,78.0

1790084509,50,GET,[GET] /api/soporte/tickets,13.200000,0.000000,7,7,7,8,9,9,10,10,17,17,17,294,0,7,8.618387074204206,4.35740000102669,42.932399999699555,84651.0

1790084509,50,GET,[GET] /health,19.200000,0.000000,4,4,4,4,5,6,6,7,8,8,8,409,0,4,4.682144498956916,2.1338999940780923,31.771899986779317,84.0

1790084509,50,,Aggregated,49.000000,0.000000,4,5,6,6,7,8,9,9,17,17,17,1008,0,4,5.886235217870322,2.1338999940780923,42.932399999699555,24743.416666666668

1790084510,50,GET,[GET] /actuator/health,8.000000,0.000000,4,5,5,5,5,7,7,8,8,8,8,154,0,4,4.976836363512829,2.3022999957902357,34.86780000093859,49.0

1790084510,50,GET,[GET] /api/soporte/election/status,8.700000,0.000000,4,4,4,4,5,6,6,6,6,6,6,168,0,4,4.732887498556964,2.1593999990727752,41.07420000946149,78.0

1790084510,50,GET,[GET] /api/soporte/tickets,12.100000,0.000000,7,7,7,8,9,9,10,10,17,17,17,313,0,7,8.513027475365757,4.35740000102669,42.932399999699555,84651.0

1790084510,50,GET,[GET] /health,20.200000,0.000000,4,4,4,4,5,6,6,7,8,8,8,423,0,4,4.649887470628661,2.1338999940780923,31.771899986779317,84.0

1790084510,50,,Aggregated,49.000000,0.000000,4,5,6,6,7,8,9,10,17,17,17,1058,0,4,5.853532986393148,2.1338999940780923,42.932399999699555,25096.356332703213

1790084511,50,GET,[GET] /actuator/health,8.000000,0.000000,4,5,5,5,5,7,7,8,8,8,8,161,0,4,4.949764596220245,2.3022999957902357,34.86780000093859,49.0

1790084511,50,GET,[GET] /api/soporte/election/status,8.300000,0.000000,4,4,4,5,5,6,6,6,6,6,6,174,0,4,4.716993102067199,2.1593999990727752,41.07420000946149,78.0

1790084511,50,GET,[GET] /api/soporte/tickets,11.900000,0.000000,7,7,7,8,9,10,11,15,16,16,16,326,0,7,8.510675766231046,4.35740000102669,42.932399999699555,84651.0

1790084511,50,GET,[GET] /health,20.200000,0.000000,4,4,4,4,5,6,6,7,8,8,8,443,0,4,4.608150338786906,2.1338999940780923,31.771899986779317,84.0

1790084511,50,,Aggregated,48.400000,0.000000,4,5,6,6,7,8,9,10,16,16,16,1104,0,4,5.827499818500971,2.1338999940780923,42.932399999699555,25049.727355072464

1790084512,50,GET,[GET] /actuator/health,7.800000,0.000000,4,5,5,5,6,7,8,10,10,10,10,170,0,4,4.948475882274044,2.3022999957902357,34.86780000093859,49.0

1790084512,50,GET,[GET] /api/soporte/election/status,7.800000,0.000000,4,4,4,5,5,6,6,6,6,6,6,176,0,4,4.718588066845603,2.1593999990727752,41.07420000946149,78.0

1790084512,50,GET,[GET] /api/soporte/tickets,12.500000,0.000000,7,7,7,8,9,10,13,15,16,16,16,344,0,7,8.428934883002427,4.35740000102669,42.932399999699555,84651.0

1790084512,50,GET,[GET] /health,21.200000,0.000000,3,4,4,4,5,6,7,7,8,8,8,465,0,4,4.582559140004788,2.1338999940780923,31.771899986779317,84.0

1790084512,50,,Aggregated,49.300000,0.000000,4,5,6,6,7,8,9,11,16,16,16,1155,0,4,5.8027324671917535,2.1338999940780923,42.932399999699555,25264.988744588743

1790084513,50,GET,[GET] /actuator/health,8.100000,0.000000,4,4,5,5,6,7,8,10,10,10,10,177,0,4,4.898831073249332,2.3022999957902357,34.86780000093859,49.0

1790084513,50,GET,[GET] /api/soporte/election/status,7.400000,0.000000,4,4,4,5,5,6,6,6,6,6,6,181,0,4,4.677417678343652,2.1593999990727752,41.07420000946149,78.0

1790084513,50,GET,[GET] /api/soporte/tickets,13.500000,0.000000,7,7,7,7,9,10,15,16,16,16,16,361,0,7,8.353392243228267,4.35740000102669,42.932399999699555,84651.0

1790084513,50,GET,[GET] /health,20.600000,0.000000,4,4,4,4,5,5,6,7,7,7,7,485,0,4,4.534226598112469,2.1338999940780923,31.771899986779317,84.0

1790084513,50,,Aggregated,49.600000,0.000000,4,5,6,6,7,8,10,13,16,16,16,1204,0,4,5.754468604348244,2.1338999940780923,42.932399999699555,25434.004983388706

1790084514,50,GET,[GET] /actuator/health,8.100000,0.000000,4,5,5,5,6,7,7,10,10,10,10,184,0,4,4.88221956505225,2.3022999957902357,34.86780000093859,49.0

1790084514,50,GET,[GET] /api/soporte/election/status,7.400000,0.000000,4,4,4,5,5,6,6,6,6,6,6,186,0,4,4.657120966575965,2.1593999990727752,41.07420000946149,78.0

1790084514,50,GET,[GET] /api/soporte/tickets,14.100000,0.000000,6,7,7,8,9,11,16,16,22,22,22,382,0,7,8.305075392187987,4.35740000102669,42.932399999699555,84651.0

1790084514,50,GET,[GET] /health,20.100000,0.000000,4,4,4,4,5,6,7,7,11,11,11,500,0,4,4.52978560019983,2.1338999940780923,31.771899986779317,84.0

1790084514,50,,Aggregated,49.700000,0.000000,4,5,6,6,7,8,11,14,22,22,22,1252,0,4,5.752383785677692,2.1338999940780923,42.932399999699555,25880.35623003195

1790084515,50,GET,[GET] /actuator/health,7.900000,0.000000,4,5,5,5,6,7,7,10,10,10,10,193,0,4,4.8357150258033155,2.3022999957902357,34.86780000093859,49.0

1790084515,50,GET,[GET] /api/soporte/election/status,7.100000,0.000000,4,4,4,5,6,6,6,7,7,7,7,193,0,4,4.656902071431767,2.1593999990727752,41.07420000946149,78.0

1790084515,50,GET,[GET] /api/soporte/tickets,14.300000,0.000000,7,7,7,8,9,11,16,16,22,22,22,398,0,7,8.253148492025247,4.35740000102669,42.932399999699555,84651.0

1790084515,50,GET,[GET] /health,20.500000,0.000000,3,4,4,4,5,6,7,7,11,11,11,522,0,4,4.48451321861431,2.1338999940780923,31.771899986779317,84.0

1790084515,50,,Aggregated,49.800000,0.000000,4,5,6,6,7,8,11,14,22,22,22,1306,0,4,5.71037067359042,2.1338999940780923,42.932399999699555,25849.507656967842

1790084516,50,GET,[GET] /actuator/health,8.100000,0.000000,4,5,5,5,5,6,7,10,10,10,10,199,0,4,4.81664673360907,2.3022999957902357,34.86780000093859,49.0

1790084516,50,GET,[GET] /api/soporte/election/status,6.500000,0.000000,4,4,5,5,6,6,6,7,7,7,7,202,0,4,4.607060889953789,2.1593999990727752,41.07420000946149,78.0

1790084516,50,GET,[GET] /api/soporte/tickets,15.600000,0.000000,6,7,7,8,9,11,16,16,22,22,22,408,0,7,8.196790930942013,4.35740000102669,42.932399999699555,84651.0

1790084516,50,GET,[GET] /health,19.800000,0.000000,4,4,4,4,5,6,7,7,11,11,11,548,0,4,4.443366241045033,2.1338999940780923,31.771899986779317,84.0

1790084516,50,,Aggregated,50.000000,0.000000,4,5,6,6,7,8,11,14,22,22,22,1357,0,4,5.6509907145732425,2.1338999940780923,42.932399999699555,25504.161385408992

1790084517,50,GET,[GET] /actuator/health,7.400000,0.000000,4,5,5,5,5,6,7,10,10,10,10,204,0,4,4.825639705885289,2.3022999957902357,34.86780000093859,49.0

1790084517,50,GET,[GET] /api/soporte/election/status,7.000000,0.000000,4,4,5,5,6,6,6,7,7,7,7,208,0,4,4.584892306481309,2.1593999990727752,41.07420000946149,78.0

1790084517,50,GET,[GET] /api/soporte/tickets,15.400000,0.000000,7,7,7,8,9,11,15,16,22,22,22,426,0,7,8.131303755311512,4.35740000102669,42.932399999699555,84651.0

1790084517,50,GET,[GET] /health,19.700000,0.000000,4,4,4,4,5,6,7,7,11,11,11,567,0,4,4.409638095406464,2.1338999940780923,31.771899986779317,84.0

1790084517,50,,Aggregated,49.500000,0.000000,4,5,6,6,7,8,11,14,22,22,22,1405,0,4,5.624404483705964,2.1338999940780923,42.932399999699555,25718.985053380784

1790084518,50,GET,[GET] /actuator/health,7.400000,0.000000,4,5,5,5,6,6,6,10,10,10,10,209,0,4,4.819445454409127,2.3022999957902357,34.86780000093859,49.0

1790084518,50,GET,[GET] /api/soporte/election/status,6.500000,0.000000,4,4,5,5,6,6,6,7,7,7,7,212,0,4,4.5632537724675375,2.1593999990727752,41.07420000946149,78.0

1790084518,50,GET,[GET] /api/soporte/tickets,15.200000,0.000000,6,7,7,8,9,11,15,16,22,22,22,447,0,7,8.037248097892206,3.8745999918319285,42.932399999699555,84651.0

1790084518,50,GET,[GET] /health,20.400000,0.000000,3,4,4,4,5,6,7,10,11,11,11,586,0,4,4.388283276653319,2.0890000014333054,31.771899986779317,84.0

1790084518,50,,Aggregated,49.500000,0.000000,4,5,6,6,7,8,11,14,22,22,22,1454,0,4,5.5975638236666345,2.0890000014333054,42.932399999699555,26076.33975240715

1790084519,50,GET,[GET] /actuator/health,7.700000,0.000000,4,5,5,5,6,6,6,10,10,10,10,214,0,4,4.821071495281894,2.3022999957902357,34.86780000093859,49.0

1790084519,50,GET,[GET] /api/soporte/election/status,6.200000,0.000000,4,4,5,5,6,6,6,7,7,7,7,221,0,4,4.542941627831713,2.1593999990727752,41.07420000946149,78.0

1790084519,50,GET,[GET] /api/soporte/tickets,15.400000,0.000000,6,7,7,7,9,11,15,16,22,22,22,465,0,7,7.9857952683420494,3.8745999918319285,42.932399999699555,84651.0

1790084519,50,GET,[GET] /health,20.800000,0.000000,3,4,4,4,5,6,7,10,11,11,11,607,0,4,4.37107957182571,2.0890000014333054,31.771899986779317,84.0

1790084519,50,,Aggregated,50.100000,0.000000,4,5,6,6,7,8,11,14,22,22,22,1507,0,4,5.5755404775171815,2.0890000014333054,42.932399999699555,26172.14797611148

1790084520,50,GET,[GET] /actuator/health,7.500000,0.000000,4,5,5,5,5,6,6,10,10,10,10,220,0,4,4.816264545396817,2.3022999957902357,34.86780000093859,49.0

1790084520,50,GET,[GET] /api/soporte/election/status,5.600000,0.000000,4,4,5,5,6,6,6,7,7,7,7,223,0,4,4.548590133439608,2.1593999990727752,41.07420000946149,78.0

1790084520,50,GET,[GET] /api/soporte/tickets,16.100000,0.000000,6,7,7,7,9,11,13,16,22,22,22,476,0,7,7.95372037767059,3.8745999918319285,42.932399999699555,84651.0

1790084520,50,GET,[GET] /health,20.500000,0.000000,3,4,4,4,5,6,7,7,11,11,11,633,0,4,4.3576488152595445,2.0890000014333054,31.771899986779317,84.0

1790084520,50,,Aggregated,49.700000,0.000000,4,5,6,6,7,8,10,13,22,22,22,1552,0,4,5.553013144055944,2.0890000014333054,42.932399999699555,26014.96262886598

1790084521,50,GET,[GET] /actuator/health,7.200000,0.000000,4,5,5,5,6,6,6,10,10,10,10,228,0,4,4.803324999923924,2.3022999957902357,34.86780000093859,49.0

1790084521,50,GET,[GET] /api/soporte/election/status,5.700000,0.000000,4,4,4,5,6,6,6,7,7,7,7,232,0,4,4.522562498911204,2.1593999990727752,41.07420000946149,78.0

1790084521,50,GET,[GET] /api/soporte/tickets,16.900000,0.000000,6,7,7,7,8,10,13,16,22,22,22,492,0,7,7.915470934499242,3.8745999918319285,42.932399999699555,84651.0

1790084521,50,GET,[GET] /health,20.800000,0.000000,4,4,4,4,5,6,7,8,11,11,11,652,0,4,4.344634049139243,2.0890000014333054,31.771899986779317,84.0

1790084521,50,,Aggregated,50.600000,0.000000,4,5,6,6,7,8,10,13,22,22,22,1604,0,4,5.530863902457898,2.0890000014333054,42.932399999699555,26017.6608478803

1790084522,50,GET,[GET] /actuator/health,7.000000,0.000000,4,5,5,5,6,6,6,6,6,6,6,233,0,4,4.803793132854746,2.3022999957902357,34.86780000093859,49.0

1790084522,50,GET,[GET] /api/soporte/election/status,5.600000,0.000000,4,4,5,5,6,7,7,7,7,7,7,238,0,4,4.560442435938646,2.1593999990727752,41.07420000946149,78.0

1790084522,50,GET,[GET] /api/soporte/tickets,16.300000,0.000000,6,7,7,8,9,11,14,22,36,36,36,506,0,7,7.983336758511343,3.8745999918319285,42.932399999699555,84651.0

1790084522,50,GET,[GET] /health,20.400000,0.000000,4,4,4,4,5,6,8,10,11,11,11,675,0,4,4.346435555640642,2.0890000014333054,31.771899986779317,84.0

1790084522,50,,Aggregated,49.300000,0.000000,4,6,6,6,7,8,10,14,36,36,36,1652,0,4,5.555739406521021,2.0890000014333054,42.932399999699555,25980.68220338983

1790084523,50,GET,[GET] /actuator/health,6.500000,0.000000,4,5,5,5,6,6,6,11,11,11,11,243,0,4,4.79600246900591,2.3022999957902357,34.86780000093859,49.0

1790084523,50,GET,[GET] /api/soporte/election/status,5.600000,0.000000,4,4,5,5,6,7,7,9,9,9,9,249,0,4,4.5360293161978635,2.1593999990727752,41.07420000946149,78.0

1790084523,50,GET,[GET] /api/soporte/tickets,16.300000,0.000000,6,7,7,8,9,10,14,22,36,36,36,517,0,7,7.9546611214766365,3.8745999918319285,42.932399999699555,84651.0

1790084523,50,GET,[GET] /health,20.900000,0.000000,4,4,4,4,5,6,8,10,11,11,11,693,0,4,4.32283953825028,2.0890000014333054,31.771899986779317,84.0

1790084523,50,,Aggregated,49.300000,0.000000,4,5,6,6,7,8,10,11,36,36,36,1702,0,4,5.524787014989759,2.0890000014333054,42.932399999699555,25766.22091656874

1790084524,50,GET,[GET] /actuator/health,6.300000,0.000000,4,5,5,5,6,6,6,11,11,11,11,252,0,4,4.756882142828545,2.3022999957902357,34.86780000093859,49.0

1790084524,50,GET,[GET] /api/soporte/election/status,5.900000,0.000000,4,4,5,5,6,7,7,9,9,9,9,256,0,4,4.519239452008605,2.1593999990727752,41.07420000946149,78.0

1790084524,50,GET,[GET] /api/soporte/tickets,16.100000,0.000000,6,7,7,8,9,9,12,14,36,36,36,535,0,7,7.901451962284099,3.8745999918319285,42.932399999699555,84651.0

1790084524,50,GET,[GET] /health,20.800000,0.000000,4,4,4,4,5,6,6,8,10,10,10,709,0,4,4.30509971795201,2.0890000014333054,31.771899986779317,84.0

1790084524,50,,Aggregated,49.100000,0.000000,4,5,6,6,7,8,10,11,36,36,36,1752,0,4,5.499573116185482,2.0890000014333054,42.932399999699555,25901.91609589041

1790084525,50,GET,[GET] /actuator/health,6.300000,0.000000,4,5,5,5,6,6,6,11,11,11,11,260,0,4,4.734724999882299,2.3022999957902357,34.86780000093859,49.0

1790084525,50,GET,[GET] /api/soporte/election/status,6.200000,0.000000,4,4,5,5,6,7,7,9,9,9,9,264,0,4,4.512834089892391,2.1593999990727752,41.07420000946149,78.0

1790084525,50,GET,[GET] /api/soporte/tickets,16.100000,0.000000,6,7,7,7,8,9,12,14,36,36,36,549,0,7,7.855121675429854,3.8745999918319285,42.932399999699555,84651.0

1790084525,50,GET,[GET] /health,21.000000,0.000000,4,4,4,4,5,6,8,10,10,10,10,729,0,4,4.289765157819877,2.0890000014333054,31.771899986779317,84.0

1790084525,50,,Aggregated,49.600000,0.000000,4,5,6,6,7,8,9,11,36,36,36,1802,0,4,5.472873085217907,2.0890000014333054,42.932399999699555,25842.379023307436

1790084526,50,GET,[GET] /actuator/health,6.600000,0.000000,4,5,5,5,6,6,7,11,11,11,11,266,0,4,4.723165789312732,2.3022999957902357,34.86780000093859,49.0

1790084526,50,GET,[GET] /api/soporte/election/status,6.900000,0.000000,4,4,5,5,6,7,7,9,9,9,9,271,0,4,4.483514021101796,2.1593999990727752,41.07420000946149,78.0

1790084526,50,GET,[GET] /api/soporte/tickets,15.100000,0.000000,6,7,7,7,8,9,12,14,36,36,36,561,0,7,7.813078074547115,3.8745999918319285,42.932399999699555,84651.0

1790084526,50,GET,[GET] /health,20.700000,0.000000,4,4,4,4,5,6,8,10,10,10,10,752,0,4,4.259630585170755,2.0890000014333054,31.771899986779317,84.0

1790084526,50,,Aggregated,49.300000,0.000000,4,5,6,6,7,8,9,11,36,36,36,1850,0,4,5.436634270024385,2.0890000014333054,42.932399999699555,25722.46

1790084527,50,GET,[GET] /actuator/health,6.800000,0.000000,4,4,5,5,5,6,7,11,11,11,11,271,0,4,4.7029712174806875,2.3022999957902357,34.86780000093859,49.0

1790084527,50,GET,[GET] /api/soporte/election/status,6.800000,0.000000,4,4,5,5,6,7,7,9,9,9,9,276,0,4,4.465819926511925,2.1593999990727752,41.07420000946149,78.0

1790084527,50,GET,[GET] /api/soporte/tickets,14.900000,0.000000,6,7,7,7,8,10,14,31,36,36,36,577,0,7,7.825943847260304,3.8745999918319285,42.932399999699555,84651.0

1790084527,50,GET,[GET] /health,21.200000,0.000000,3,4,4,4,5,6,6,8,10,10,10,777,0,4,4.22981518676278,2.0890000014333054,31.771899986779317,84.0

1790084527,50,,Aggregated,49.700000,0.000000,4,5,6,6,7,8,10,11,36,36,36,1901,0,4,5.423044450099123,2.0890000014333054,42.932399999699555,25746.292477643347

1790084528,50,GET,[GET] /actuator/health,6.600000,0.000000,4,4,4,5,5,6,7,11,11,11,11,277,0,4,4.680815884307202,2.3022999957902357,34.86780000093859,49.0

1790084528,50,GET,[GET] /api/soporte/election/status,7.100000,0.000000,4,4,4,5,6,7,7,9,9,9,9,283,0,4,4.4505816244465946,2.1593999990727752,41.07420000946149,78.0

1790084528,50,GET,[GET] /api/soporte/tickets,14.900000,0.000000,6,7,7,7,8,10,14,31,36,36,36,593,0,7,7.779968802421196,3.8745999918319285,42.932399999699555,84651.0

1790084528,50,GET,[GET] /health,20.500000,0.000000,3,4,4,4,5,6,6,8,10,10,10,795,0,4,4.20363270459805,2.0890000014333054,31.771899986779317,84.0

1790084528,50,,Aggregated,49.100000,0.000000,4,5,6,6,7,8,9,11,36,36,36,1948,0,4,5.396052412557855,2.0890000014333054,42.932399999699555,25821.596509240248

1790084529,50,GET,[GET] /actuator/health,6.600000,0.000000,4,4,4,5,5,6,7,11,11,11,11,287,0,4,4.661610801274262,2.3022999957902357,34.86780000093859,49.0

1790084529,50,GET,[GET] /api/soporte/election/status,7.000000,0.000000,4,4,5,5,6,7,9,11,11,11,11,295,0,4,4.4645884736259545,2.1593999990727752,41.07420000946149,78.0

1790084529,50,GET,[GET] /api/soporte/tickets,14.700000,0.000000,6,7,7,7,8,10,14,31,36,36,36,607,0,7,7.758371004642216,3.8745999918319285,42.932399999699555,84651.0

1790084529,50,GET,[GET] /health,20.700000,0.000000,3,4,4,4,5,6,8,9,10,10,10,814,0,4,4.203755037094088,2.0890000014333054,31.771899986779317,84.0

1790084529,50,,Aggregated,49.000000,0.000000,4,5,6,6,7,8,10,11,36,36,36,2003,0,4,5.384984373288957,2.0890000014333054,42.932399999699555,25705.744383424862

1790084530,50,GET,[GET] /actuator/health,6.400000,0.000000,4,4,4,4,5,6,7,11,11,11,11,293,0,4,4.652990102263345,2.3022999957902357,34.86780000093859,49.0

1790084530,50,GET,[GET] /api/soporte/election/status,6.900000,0.000000,4,4,4,5,6,7,9,11,11,11,11,304,0,4,4.456259867526425,2.1593999990727752,41.07420000946149,78.0

1790084530,50,GET,[GET] /api/soporte/tickets,15.100000,0.000000,6,7,7,7,8,10,14,31,36,36,36,620,0,7,7.729418709430085,3.8745999918319285,42.932399999699555,84651.0

1790084530,50,GET,[GET] /health,20.600000,0.000000,3,4,4,4,5,6,7,9,10,10,10,837,0,4,4.184478733805008,2.0890000014333054,31.771899986779317,84.0

1790084530,50,,Aggregated,49.000000,0.000000,4,5,6,6,7,8,10,11,36,36,36,2054,0,4,5.361576143978889,2.0890000014333054,42.932399999699555,25604.672346640702

1790084531,50,GET,[GET] /actuator/health,6.700000,0.000000,4,4,4,4,5,6,7,11,11,11,11,299,0,4,4.639035116890477,2.3022999957902357,34.86780000093859,49.0

1790084531,50,GET,[GET] /api/soporte/election/status,7.100000,0.000000,4,4,4,5,6,7,9,11,11,11,11,310,0,4,4.448343547541769,2.1593999990727752,41.07420000946149,78.0

1790084531,50,GET,[GET] /api/soporte/tickets,14.600000,0.000000,6,7,7,7,8,9,11,11,31,31,31,631,0,7,7.7156527731224465,3.8745999918319285,42.932399999699555,84651.0

1790084531,50,GET,[GET] /health,21.000000,0.000000,3,4,4,4,5,5,7,9,10,10,10,861,0,4,4.17489187012664,2.0890000014333054,31.771899986779317,84.0

1790084531,50,,Aggregated,49.400000,0.000000,4,5,6,6,7,8,9,11,31,31,31,2101,0,4,5.344700999384817,2.0890000014333054,42.932399999699555,25476.409328891004

1790084532,50,GET,[GET] /actuator/health,7.300000,0.000000,4,4,4,4,5,5,7,11,11,11,11,309,0,4,4.623188672988136,2.3022999957902357,34.86780000093859,49.0

1790084532,50,GET,[GET] /api/soporte/election/status,7.500000,0.000000,4,4,5,5,6,6,9,11,11,11,11,323,0,4,4.453747367784424,2.1593999990727752,41.07420000946149,78.0

1790084532,50,GET,[GET] /api/soporte/tickets,14.500000,0.000000,6,7,7,7,8,9,11,11,31,31,31,640,0,7,7.7064437497483596,3.8745999918319285,42.932399999699555,84651.0

1790084532,50,GET,[GET] /health,20.100000,0.000000,3,4,4,4,5,6,7,9,9,9,9,882,0,4,4.166548299543637,2.0890000014333054,31.771899986779317,84.0

1790084532,50,,Aggregated,49.400000,0.000000,4,5,6,6,7,8,9,11,31,31,31,2154,0,4,5.326901253381681,2.0890000014333054,42.932399999699555,25204.76462395543

1790084533,50,GET,[GET] /actuator/health,7.100000,0.000000,4,4,4,5,5,5,6,7,7,7,7,312,0,4,4.624958974230909,2.3022999957902357,34.86780000093859,49.0

1790084533,50,GET,[GET] /api/soporte/election/status,8.000000,0.000000,4,4,5,5,5,6,8,11,11,11,11,336,0,4,4.441586309006934,2.1593999990727752,41.07420000946149,78.0

1790084533,50,GET,[GET] /api/soporte/tickets,14.200000,0.000000,6,7,7,7,8,9,11,11,31,31,31,649,0,7,7.689741139953277,3.8745999918319285,42.932399999699555,84651.0

1790084533,50,GET,[GET] /health,20.100000,0.000000,3,4,4,4,5,5,6,7,9,9,9,899,0,4,4.1545908789987465,2.0890000014333054,31.771899986779317,84.0

1790084533,50,,Aggregated,49.400000,0.000000,4,5,6,6,7,7,9,10,31,31,31,2196,0,4,5.310099908850603,2.0890000014333054,42.932399999699555,25070.81557377049

1790084534,50,GET,[GET] /actuator/health,7.300000,0.000000,4,4,4,5,5,5,6,7,7,7,7,321,0,4,4.60456355122742,2.3022999957902357,34.86780000093859,49.0

1790084534,50,GET,[GET] /api/soporte/election/status,8.000000,0.000000,4,4,5,5,5,6,8,11,11,11,11,343,0,4,4.425222448383202,2.1593999990727752,41.07420000946149,78.0

1790084534,50,GET,[GET] /api/soporte/tickets,13.600000,0.000000,6,7,7,7,8,9,11,16,31,31,31,668,0,7,7.656249850043821,3.8745999918319285,42.932399999699555,84651.0

1790084534,50,GET,[GET] /health,21.200000,0.000000,3,4,4,4,4,5,6,7,9,9,9,922,0,4,4.135262364581093,2.0890000014333054,31.771899986779317,84.0

1790084534,50,,Aggregated,50.100000,0.000000,4,5,6,6,7,7,9,11,31,31,31,2254,0,4,5.289708518062325,2.0890000014333054,42.932399999699555,25140.549689440995

1790084535,50,GET,[GET] /actuator/health,7.400000,0.000000,4,4,5,5,5,6,7,7,7,7,7,329,0,4,4.6025088144410375,2.3022999957902357,34.86780000093859,49.0

1790084535,50,GET,[GET] /api/soporte/election/status,8.700000,0.000000,4,4,5,5,5,6,8,11,11,11,11,348,0,4,4.407261780947554,2.1593999990727752,41.07420000946149,78.0

1790084535,50,GET,[GET] /api/soporte/tickets,13.500000,0.000000,6,7,7,7,9,9,12,16,31,31,31,681,0,7,7.6536675474931934,3.8745999918319285,42.932399999699555,84651.0

1790084535,50,GET,[GET] /health,20.400000,0.000000,3,4,4,4,5,5,6,7,9,9,9,943,0,4,4.120608483726842,2.0890000014333054,31.771899986779317,84.0

1790084535,50,,Aggregated,50.000000,0.000000,4,5,6,6,7,8,9,11,31,31,31,2301,0,4,5.278502346683236,2.0890000014333054,42.932399999699555,25106.39200347675

1790084536,50,GET,[GET] /actuator/health,7.000000,0.000000,4,4,4,5,5,5,6,7,7,7,7,338,0,4,4.581463609315103,2.3022999957902357,34.86780000093859,49.0

1790084536,50,GET,[GET] /api/soporte/election/status,8.700000,0.000000,4,4,4,5,5,6,8,11,11,11,11,357,0,4,4.378771708012332,2.1593999990727752,41.07420000946149,78.0

1790084536,50,GET,[GET] /api/soporte/tickets,13.300000,0.000000,6,7,7,7,8,9,12,16,31,31,31,696,0,7,7.614032471071274,3.8745999918319285,42.932399999699555,84651.0

1790084536,50,GET,[GET] /health,20.500000,0.000000,3,4,4,4,4,5,6,7,9,9,9,964,0,4,4.100324896394171,2.0890000014333054,31.771899986779317,84.0

1790084536,50,,Aggregated,49.500000,0.000000,4,5,6,6,7,8,9,11,31,31,31,2355,0,4,5.250036517918681,2.0890000014333054,42.932399999699555,25071.116772823778

1790084537,50,GET,[GET] /actuator/health,7.000000,0.000000,4,4,5,5,5,5,6,7,7,7,7,340,0,4,4.581224117453744,2.3022999957902357,34.86780000093859,49.0

1790084537,50,GET,[GET] /api/soporte/election/status,8.400000,0.000000,4,4,5,5,5,6,8,11,11,11,11,364,0,4,4.374421153193247,2.1593999990727752,41.07420000946149,78.0

1790084537,50,GET,[GET] /api/soporte/tickets,13.400000,0.000000,6,7,7,7,8,9,11,12,16,16,16,715,0,7,7.5825008389684925,3.8745999918319285,42.932399999699555,84651.0

1790084537,50,GET,[GET] /health,20.900000,0.000000,3,4,4,4,5,5,6,7,9,9,9,982,0,4,4.0916227089485835,2.0890000014333054,31.771899986779317,84.0

1790084537,50,,Aggregated,49.700000,0.000000,4,5,6,6,7,8,9,10,16,16,16,2401,0,4,5.243384881193918,2.0890000014333054,42.932399999699555,25261.559766763847

1790084538,50,GET,[GET] /actuator/health,7.000000,0.000000,4,5,5,5,5,5,6,7,7,7,7,349,0,4,4.584369627241163,2.3022999957902357,34.86780000093859,49.0

1790084538,50,GET,[GET] /api/soporte/election/status,8.500000,0.000000,4,4,4,5,5,6,8,11,11,11,11,372,0,4,4.360908601571986,2.1593999990727752,41.07420000946149,78.0

1790084538,50,GET,[GET] /api/soporte/tickets,13.200000,0.000000,6,7,7,8,9,9,11,12,16,16,16,726,0,7,7.57286322292934,3.8745999918319285,42.932399999699555,84651.0

1790084538,50,GET,[GET] /health,21.400000,0.000000,3,4,4,4,5,5,7,9,9,9,9,1002,0,4,4.0866009981772065,2.0890000014333054,31.771899986779317,84.0

1790084538,50,,Aggregated,50.100000,0.000000,4,5,5,6,7,8,9,11,16,16,16,2449,0,4,5.232697386570929,2.0890000014333054,42.932399999699555,25147.779093507554

1790084539,50,GET,[GET] /actuator/health,7.100000,0.000000,4,4,5,5,5,5,6,7,7,7,7,363,0,4,4.565635261500444,2.3022999957902357,34.86780000093859,49.0

1790084539,50,GET,[GET] /api/soporte/election/status,8.600000,0.000000,4,4,4,5,5,5,6,6,6,6,6,379,0,4,4.346455144550035,2.1593999990727752,41.07420000946149,78.0

1790084539,50,GET,[GET] /api/soporte/tickets,13.600000,0.000000,6,7,7,8,9,9,11,12,16,16,16,736,0,7,7.560119836734489,3.8745999918319285,42.932399999699555,84651.0

1790084539,50,GET,[GET] /health,20.400000,0.000000,3,4,4,4,5,5,7,7,9,9,9,1024,0,4,4.073333789222033,2.0890000014333054,31.771899986779317,84.0

1790084539,50,,Aggregated,49.700000,0.000000,4,5,5,6,7,8,9,10,16,16,16,2502,0,4,5.211820183736639,2.0890000014333054,42.932399999699555,24954.636690647483

1790084540,50,GET,[GET] /actuator/health,7.100000,0.000000,4,5,5,5,5,5,7,7,7,7,7,369,0,4,4.562939566140174,2.3022999957902357,34.86780000093859,49.0

1790084540,50,GET,[GET] /api/soporte/election/status,8.600000,0.000000,4,4,4,5,5,5,6,6,6,6,6,383,0,4,4.3429958218949976,2.1593999990727752,41.07420000946149,78.0

1790084540,50,GET,[GET] /api/soporte/tickets,13.300000,0.000000,6,7,7,8,8,9,11,12,16,16,16,745,0,7,7.549554496439449,3.8745999918319285,42.932399999699555,84651.0

1790084540,50,GET,[GET] /health,20.900000,0.000000,3,4,4,4,5,5,7,7,9,9,9,1051,0,4,4.063360989689703,2.0890000014333054,31.771899986779317,84.0

1790084540,50,,Aggregated,49.900000,0.000000,4,5,5,6,7,8,9,10,16,16,16,2548,0,4,5.197057535205171,2.0890000014333054,42.932399999699555,24804.25196232339

1790084541,50,GET,[GET] /actuator/health,7.300000,0.000000,4,5,5,5,5,6,7,7,7,7,7,377,0,4,4.55642891224055,2.3022999957902357,34.86780000093859,49.0

1790084541,50,GET,[GET] /api/soporte/election/status,8.600000,0.000000,4,4,4,5,5,5,5,6,6,6,6,388,0,4,4.330692525175052,2.1593999990727752,41.07420000946149,78.0

1790084541,50,GET,[GET] /api/soporte/tickets,12.900000,0.000000,6,7,8,8,8,9,12,16,17,17,17,753,0,7,7.553501726235764,3.8745999918319285,42.932399999699555,84651.0

1790084541,50,GET,[GET] /health,20.600000,0.000000,3,4,4,4,5,5,7,7,8,8,8,1080,0,4,4.062747222377328,2.0890000014333054,31.771899986779317,84.0

1790084541,50,,Aggregated,49.400000,0.000000,4,5,5,6,7,8,9,10,17,17,17,2598,0,4,5.186157120748904,2.0890000014333054,42.932399999699555,24588.78367975366

1790084542,50,GET,[GET] /actuator/health,7.500000,0.000000,4,5,5,5,5,6,7,7,7,7,7,386,0,4,4.552062435049703,2.3022999957902357,34.86780000093859,49.0

1790084542,50,GET,[GET] /api/soporte/election/status,8.300000,0.000000,4,4,4,4,5,5,5,7,7,7,7,392,0,4,4.337081632057766,2.1593999990727752,41.07420000946149,78.0

1790084542,50,GET,[GET] /api/soporte/tickets,12.700000,0.000000,6,7,8,8,9,11,13,16,17,17,17,772,0,7,7.565408937656864,3.8745999918319285,42.932399999699555,84651.0

1790084542,50,GET,[GET] /health,20.900000,0.000000,4,4,4,4,5,6,7,7,8,8,8,1102,0,4,4.068379673479123,2.0890000014333054,31.771899986779317,84.0

1790084542,50,,Aggregated,49.400000,0.000000,4,5,5,6,7,8,10,12,17,17,17,2652,0,4,5.196486500656456,2.0890000014333054,42.932399999699555,24695.561840120663

1790084543,50,GET,[GET] /actuator/health,7.800000,0.000000,4,4,5,5,5,5,7,7,7,7,7,391,0,4,4.541995652030994,2.3022999957902357,34.86780000093859,49.0

1790084543,50,GET,[GET] /api/soporte/election/status,7.600000,0.000000,4,4,4,4,5,5,5,7,7,7,7,394,0,4,4.3327890857353895,2.1593999990727752,41.07420000946149,78.0

1790084543,50,GET,[GET] /api/soporte/tickets,12.300000,0.000000,6,7,8,8,9,11,13,16,17,17,17,785,0,7,7.536804713205002,3.8745999918319285,42.932399999699555,84651.0

1790084543,50,GET,[GET] /health,21.700000,0.000000,3,4,4,4,5,6,7,7,8,8,8,1123,0,4,4.055235975221685,2.0890000014333054,31.771899986779317,84.0

1790084543,50,,Aggregated,49.400000,0.000000,4,5,5,6,7,8,10,12,17,17,17,2693,0,4,5.18138169319114,2.0890000014333054,42.932399999699555,24729.02265131823

1790084544,50,GET,[GET] /actuator/health,7.600000,0.000000,4,4,5,5,5,5,7,7,7,7,7,397,0,4,4.534522921796443,2.3022999957902357,34.86780000093859,49.0

1790084544,50,GET,[GET] /api/soporte/election/status,7.500000,0.000000,4,4,4,4,5,5,6,7,7,7,7,407,0,4,4.321485011711378,2.1593999990727752,41.07420000946149,78.0

1790084544,50,GET,[GET] /api/soporte/tickets,12.600000,0.000000,6,7,8,8,9,11,13,17,19,19,19,798,0,7,7.534917167759615,3.8745999918319285,42.932399999699555,84651.0

1790084544,50,GET,[GET] /health,21.300000,0.000000,4,4,4,4,5,6,7,7,8,8,8,1144,0,4,4.048358216922762,2.0890000014333054,31.771899986779317,84.0

1790084544,50,,Aggregated,49.000000,0.000000,4,5,6,6,7,8,10,12,19,19,19,2746,0,4,5.172336380098883,2.0890000014333054,42.932399999699555,24653.60269482884

1790084545,50,GET,[GET] /actuator/health,7.600000,0.000000,4,4,5,5,5,5,7,7,7,7,7,400,0,4,4.5375389998662286,2.3022999957902357,34.86780000093859,49.0

1790084545,50,GET,[GET] /api/soporte/election/status,6.400000,0.000000,4,4,4,4,5,5,6,7,7,7,7,413,0,4,4.3080157379985655,2.1593999990727752,41.07420000946149,78.0

1790084545,50,GET,[GET] /api/soporte/tickets,12.900000,0.000000,6,7,7,8,9,11,14,17,19,19,19,816,0,7,7.508652450822267,3.8745999918319285,42.932399999699555,84651.0

1790084545,50,GET,[GET] /health,22.300000,0.000000,3,4,4,4,5,7,7,8,12,12,12,1168,0,4,4.04639340770588,2.0819000055780634,31.771899986779317,84.0

1790084545,50,,Aggregated,49.200000,0.000000,4,5,6,6,7,8,10,12,19,19,19,2797,0,4,5.165346442549637,2.0819000055780634,42.932399999699555,24749.78262424026

1790084546,50,GET,[GET] /actuator/health,7.600000,0.000000,4,4,5,5,5,6,7,7,7,7,7,407,0,4,4.534752334015277,2.3022999957902357,34.86780000093859,49.0

1790084546,50,GET,[GET] /api/soporte/election/status,5.900000,0.000000,4,4,4,4,5,5,6,7,7,7,7,425,0,4,4.2909371760769695,2.119299999321811,41.07420000946149,78.0

1790084546,50,GET,[GET] /api/soporte/tickets,13.200000,0.000000,6,7,7,8,9,11,14,17,19,19,19,833,0,7,7.4789243695280865,3.8745999918319285,42.932399999699555,84651.0

1790084546,50,GET,[GET] /health,22.400000,0.000000,3,4,4,4,5,6,7,8,12,12,12,1189,0,4,4.03053927687357,2.0819000055780634,31.771899986779317,84.0

1790084546,50,,Aggregated,49.100000,0.000000,4,5,6,6,7,8,10,12,19,19,19,2854,0,4,5.147704169515242,2.0819000055780634,42.932399999699555,24760.775052557812

1790084547,50,GET,[GET] /actuator/health,7.500000,0.000000,4,4,5,5,5,6,7,7,7,7,7,412,0,4,4.527345873673731,2.3022999957902357,34.86780000093859,49.0

1790084547,50,GET,[GET] /api/soporte/election/status,6.400000,0.000000,4,4,4,4,5,5,6,7,7,7,7,437,0,4,4.26352265400405,2.119299999321811,41.07420000946149,78.0

1790084547,50,GET,[GET] /api/soporte/tickets,13.000000,0.000000,6,7,7,8,9,11,14,17,19,19,19,843,0,7,7.467171292785723,3.8745999918319285,42.932399999699555,84651.0

1790084547,50,GET,[GET] /health,22.200000,0.000000,3,4,4,4,5,6,7,8,12,12,12,1218,0,4,4.022616010021811,2.0819000055780634,31.771899986779317,84.0

1790084547,50,,Aggregated,49.100000,0.000000,4,5,6,6,7,8,10,12,19,19,19,2910,0,4,5.128109140817277,2.0819000055780634,42.932399999699555,24576.418900343644

1790084548,50,GET,[GET] /actuator/health,7.000000,0.000000,4,4,5,5,6,6,7,7,7,7,7,422,0,4,4.522169431166942,2.3022999957902357,34.86780000093859,49.0

1790084548,50,GET,[GET] /api/soporte/election/status,6.200000,0.000000,4,4,4,4,5,5,6,7,7,7,7,440,0,4,4.257503635877087,2.119299999321811,41.07420000946149,78.0

1790084548,50,GET,[GET] /api/soporte/tickets,13.600000,0.000000,6,7,7,7,8,10,14,17,19,19,19,859,0,7,7.4473556458720465,3.8745999918319285,42.932399999699555,84651.0

1790084548,50,GET,[GET] /health,22.300000,0.000000,3,4,4,4,5,6,7,7,12,12,12,1238,0,4,4.01407528287048,2.0819000055780634,31.771899986779317,84.0

1790084548,50,,Aggregated,49.100000,0.000000,4,5,6,6,7,8,10,12,19,19,19,2959,0,4,5.119418992813825,2.0819000055780634,42.932399999699555,24627.982088543427

1790084549,50,GET,[GET] /actuator/health,7.000000,0.000000,4,4,4,5,6,6,7,7,7,7,7,435,0,4,4.496000459666589,2.3022999957902357,34.86780000093859,49.0

1790084549,50,GET,[GET] /api/soporte/election/status,6.500000,0.000000,4,4,4,4,5,5,6,7,7,7,7,445,0,4,4.251323595023034,2.119299999321811,41.07420000946149,78.0

1790084549,50,GET,[GET] /api/soporte/tickets,13.400000,0.000000,6,7,7,7,8,10,14,17,19,19,19,870,0,7,7.426704022793859,3.8745999918319285,42.932399999699555,84651.0

1790084549,50,GET,[GET] /health,22.900000,0.000000,3,4,4,4,5,6,7,7,12,12,12,1267,0,3,3.9968729283235787,2.0819000055780634,31.771899986779317,84.0

1790084549,50,,Aggregated,49.800000,0.000000,4,5,6,6,7,7,10,12,19,19,19,3017,0,4,5.095415876618113,2.0819000055780634,42.932399999699555,24464.309910507127

1790084550,50,GET,[GET] /actuator/health,7.000000,0.000000,4,4,5,5,6,6,7,7,7,7,7,446,0,4,4.504373094118921,2.3022999957902357,34.86780000093859,49.0

1790084550,50,GET,[GET] /api/soporte/election/status,7.400000,0.000000,4,4,4,4,5,5,6,7,7,7,7,453,0,4,4.240534878086615,2.119299999321811,41.07420000946149,78.0

1790084550,50,GET,[GET] /api/soporte/tickets,12.800000,0.000000,6,7,7,8,9,11,14,17,19,19,19,881,0,7,7.429916004316773,3.8745999918319285,42.932399999699555,84651.0

1790084550,50,GET,[GET] /health,23.300000,0.000000,3,4,4,4,5,6,7,7,12,12,12,1287,0,4,3.99563014776849,2.0819000055780634,31.771899986779317,84.0

1790084550,50,,Aggregated,50.500000,0.000000,4,5,6,6,7,8,10,12,19,19,19,3067,0,4,5.092287153482687,2.0819000055780634,42.932399999699555,24370.0120639061

1790084551,50,GET,[GET] /actuator/health,7.200000,0.000000,4,4,5,5,6,6,7,7,7,7,7,454,0,4,4.498888546137328,2.3022999957902357,34.86780000093859,49.0

1790084551,50,GET,[GET] /api/soporte/election/status,6.800000,0.000000,4,4,4,4,5,5,6,7,7,7,7,455,0,4,4.2370204390333654,2.119299999321811,41.07420000946149,78.0

1790084551,50,GET,[GET] /api/soporte/tickets,13.100000,0.000000,6,7,7,7,8,10,11,14,19,19,19,893,0,7,7.426870660452237,3.8745999918319285,42.932399999699555,84651.0

1790084551,50,GET,[GET] /health,23.200000,0.000000,3,4,4,4,5,6,7,9,12,12,12,1313,0,4,3.9976290175787,2.0819000055780634,31.771899986779317,84.0

1790084551,50,,Aggregated,50.300000,0.000000,4,5,6,6,7,8,9,11,19,19,19,3115,0,4,5.088739036780485,2.0819000055780634,42.932399999699555,24321.467415730338

1790084552,50,GET,[GET] /actuator/health,7.200000,0.000000,4,4,5,5,6,7,7,8,8,8,8,458,0,4,4.510681222545748,2.3022999957902357,34.86780000093859,49.0

1790084552,50,GET,[GET] /api/soporte/election/status,6.800000,0.000000,4,4,4,4,5,5,6,9,9,9,9,461,0,4,4.242199565697595,2.119299999321811,41.07420000946149,78.0

1790084552,50,GET,[GET] /api/soporte/tickets,13.200000,0.000000,6,7,7,8,9,11,17,18,19,19,19,911,0,7,7.47199242567001,3.8745999918319285,42.932399999699555,84651.0

1790084552,50,GET,[GET] /health,24.100000,0.000000,3,4,4,4,5,7,9,12,14,14,14,1336,0,4,4.018399775522558,2.0819000055780634,31.771899986779317,84.0

1790084552,50,,Aggregated,51.300000,0.000000,4,5,6,6,7,8,11,14,19,19,19,3166,0,4,5.115954895639943,2.0819000055780634,42.932399999699555,24411.77668982944

1790084553,50,GET,[GET] /actuator/health,7.700000,0.000000,4,4,5,5,6,7,7,8,8,8,8,464,0,4,4.505336853291173,2.3022999957902357,34.86780000093859,49.0

1790084553,50,GET,[GET] /api/soporte/election/status,6.900000,0.000000,4,4,4,4,5,5,6,9,9,9,9,466,0,4,4.233177896540826,2.119299999321811,41.07420000946149,78.0

1790084553,50,GET,[GET] /api/soporte/tickets,13.500000,0.000000,6,7,7,8,10,14,17,18,19,19,19,924,0,7,7.46098679629733,3.8745999918319285,42.932399999699555,84651.0

1790084553,50,GET,[GET] /health,23.100000,0.000000,3,4,4,4,5,7,9,12,14,14,14,1355,0,4,4.01394369008279,2.0819000055780634,31.771899986779317,84.0

1790084553,50,,Aggregated,51.200000,0.000000,4,5,6,6,7,8,11,15,19,19,19,3209,0,4,5.1093744778921915,2.0819000055780634,42.932399999699555,24428.30414459333

1790084554,50,GET,[GET] /actuator/health,7.600000,0.000000,4,4,5,5,6,7,7,8,8,8,8,474,0,4,4.508061181296563,2.3022999957902357,34.86780000093859,49.0

1790084554,50,GET,[GET] /api/soporte/election/status,6.700000,0.000000,3,4,4,4,4,5,6,9,9,9,9,473,0,4,4.221665750024594,2.119299999321811,41.07420000946149,78.0

1790084554,50,GET,[GET] /api/soporte/tickets,13.400000,0.000000,6,7,7,8,10,11,15,17,18,18,18,938,0,7,7.449016844110836,3.8745999918319285,42.932399999699555,84651.0

1790084554,50,GET,[GET] /health,23.300000,0.000000,4,4,4,4,5,7,9,12,14,14,14,1378,0,4,4.021558345491317,2.0819000055780634,31.771899986779317,84.0

1790084554,50,,Aggregated,51.000000,0.000000,4,5,6,6,7,8,11,14,18,18,18,3263,0,4,5.10651366826822,2.0819000055780634,42.932399999699555,24388.142813361937

1790084555,50,GET,[GET] /actuator/health,7.200000,0.000000,4,5,5,5,6,7,7,8,8,8,8,484,0,4,4.506196280849245,2.3022999957902357,34.86780000093859,49.0

1790084555,50,GET,[GET] /api/soporte/election/status,7.200000,0.000000,3,4,4,4,4,5,6,9,9,9,9,484,0,4,4.199857850760377,2.119299999321811,41.07420000946149,78.0

1790084555,50,GET,[GET] /api/soporte/tickets,13.900000,0.000000,6,7,7,8,9,11,15,17,18,18,18,952,0,7,7.429622163627533,3.8745999918319285,42.932399999699555,84651.0

1790084555,50,GET,[GET] /health,22.800000,0.000000,4,4,4,4,5,7,8,9,14,14,14,1397,0,4,4.012688045887361,2.0819000055780634,31.771899986779317,84.0

1790084555,50,,Aggregated,51.100000,0.000000,4,5,6,6,7,8,10,14,18,18,18,3317,0,4,5.092690895259907,2.0819000055780634,42.932399999699555,24349.28188121797

1790084556,50,GET,[GET] /actuator/health,7.300000,0.000000,4,5,5,5,6,7,7,8,8,8,8,496,0,4,4.501514919191381,2.2021999902790412,34.86780000093859,49.0

1790084556,50,GET,[GET] /api/soporte/election/status,7.000000,0.000000,3,4,4,4,4,5,5,9,9,9,9,488,0,4,4.197916597820681,2.119299999321811,41.07420000946149,78.0

1790084556,50,GET,[GET] /api/soporte/tickets,13.900000,0.000000,7,7,7,8,10,11,15,17,18,18,18,960,0,7,7.422103333101404,3.8745999918319285,42.932399999699555,84651.0

1790084556,50,GET,[GET] /health,23.300000,0.000000,4,4,4,4,5,7,8,9,14,14,14,1419,0,4,4.0046550388507995,2.0819000055780634,31.771899986779317,84.0

1790084556,50,,Aggregated,51.500000,0.000000,4,5,6,6,7,8,10,14,18,18,18,3363,0,4,5.081522271650922,2.0819000055780634,42.932399999699555,24218.41332143919

1790084557,50,GET,[GET] /actuator/health,7.900000,0.000000,4,5,5,5,6,7,7,8,8,8,8,502,0,4,4.507052390290047,2.2021999902790412,34.86780000093859,49.0

1790084557,50,GET,[GET] /api/soporte/election/status,6.600000,0.000000,3,4,4,4,4,5,5,9,9,9,9,497,0,4,4.182597383793764,2.119299999321811,41.07420000946149,78.0

1790084557,50,GET,[GET] /api/soporte/tickets,13.800000,0.000000,6,7,7,8,9,11,15,17,18,18,18,979,0,7,7.404469356262001,3.8745999918319285,42.932399999699555,84651.0

1790084557,50,GET,[GET] /health,22.800000,0.000000,4,4,4,4,5,7,8,9,14,14,14,1437,0,4,4.005194154580817,2.0819000055780634,31.771899986779317,84.0

1790084557,50,,Aggregated,51.100000,0.000000,4,5,6,6,7,8,11,15,18,18,18,3415,0,4,5.079276925207683,2.0819000055780634,42.932399999699555,24321.34729136164

1790084558,50,GET,[GET] /actuator/health,8.300000,0.000000,4,5,5,5,6,7,7,8,8,8,8,511,0,4,4.495504500822587,2.2021999902790412,34.86780000093859,49.0

1790084558,50,GET,[GET] /api/soporte/election/status,7.100000,0.000000,3,4,4,4,4,5,9,10,10,10,10,505,0,4,4.181658415386619,2.119299999321811,41.07420000946149,78.0

1790084558,50,GET,[GET] /api/soporte/tickets,13.500000,0.000000,6,7,8,8,9,11,15,17,18,18,18,997,0,7,7.384766198402442,3.8745999918319285,42.932399999699555,84651.0

1790084558,50,GET,[GET] /health,22.500000,0.000000,4,4,4,4,6,7,8,9,14,14,14,1455,0,4,4.002880412475942,2.0819000055780634,31.771899986779317,84.0

1790084558,50,,Aggregated,51.400000,0.000000,4,5,6,6,7,8,10,14,18,18,18,3468,0,4,5.073743713855339,2.0819000055780634,42.932399999699555,24389.762399077277

1790084559,50,GET,[GET] /actuator/health,8.800000,0.000000,4,5,5,5,6,7,7,8,8,8,8,519,0,4,4.493659537436749,2.2021999902790412,34.86780000093859,49.0

1790084559,50,GET,[GET] /api/soporte/election/status,6.500000,0.000000,3,4,4,4,5,5,9,10,10,10,10,513,0,4,4.179894541388879,2.119299999321811,41.07420000946149,78.0

1790084559,50,GET,[GET] /api/soporte/tickets,12.900000,0.000000,6,7,8,8,9,11,15,17,18,18,18,1009,0,7,7.379051932389641,3.8745999918319285,42.932399999699555,84651.0

1790084559,50,GET,[GET] /health,22.600000,0.000000,4,4,4,5,6,7,8,9,14,14,14,1475,0,4,4.005042576375102,2.0819000055780634,31.771899986779317,84.0

1790084559,50,,Aggregated,50.800000,0.000000,4,5,6,6,7,9,11,15,18,18,18,3516,0,4,5.0709318542652415,2.0819000055780634,42.932399999699555,24346.474402730375

1790084560,50,GET,[GET] /actuator/health,9.000000,0.000000,4,5,5,5,6,6,7,8,8,8,8,529,0,4,4.489036672891669,2.2021999902790412,34.86780000093859,49.0

1790084560,50,GET,[GET] /api/soporte/election/status,5.900000,0.000000,3,4,4,4,5,5,9,10,10,10,10,514,0,4,4.178188715415693,2.119299999321811,41.07420000946149,78.0

1790084560,50,GET,[GET] /api/soporte/tickets,13.500000,0.000000,6,7,7,8,9,11,15,17,18,18,18,1019,0,7,7.372108341275918,3.8745999918319285,42.932399999699555,84651.0

1790084560,50,GET,[GET] /health,21.800000,0.000000,4,4,4,5,6,7,8,9,14,14,14,1502,0,4,4.00485306270278,2.0819000055780634,31.771899986779317,84.0

1790084560,50,,Aggregated,50.200000,0.000000,4,5,6,6,7,8,10,15,18,18,18,3564,0,4,5.064466077335323,2.0819000055780634,42.932399999699555,24256.888327721663

1790084561,50,GET,[GET] /actuator/health,8.800000,0.000000,4,5,5,5,6,7,7,8,8,8,8,534,0,4,4.488799812701445,2.2021999902790412,34.86780000093859,49.0

1790084561,50,GET,[GET] /api/soporte/election/status,6.400000,0.000000,3,4,4,4,5,6,9,10,10,10,10,521,0,4,4.193742225936931,2.119299999321811,41.07420000946149,78.0

1790084561,50,GET,[GET] /api/soporte/tickets,14.000000,0.000000,6,7,7,8,9,11,15,17,18,18,18,1033,0,7,7.361182574779363,3.8745999918319285,42.932399999699555,84651.0

1790084561,50,GET,[GET] /health,21.300000,0.000000,4,4,4,5,6,7,8,9,14,14,14,1526,0,4,4.001369855958947,2.0819000055780634,31.771899986779317,84.0

1790084561,50,,Aggregated,50.500000,0.000000,4,5,6,6,7,8,10,15,18,18,18,3614,0,4,5.061469507370267,2.0819000055780634,42.932399999699555,24249.99197565025

1790084562,50,GET,[GET] /actuator/health,8.400000,0.000000,4,5,5,5,6,6,7,10,10,10,10,538,0,4,4.5050007434385275,2.2021999902790412,34.86780000093859,49.0

1790084562,50,GET,[GET] /api/soporte/election/status,6.600000,0.000000,4,4,4,5,6,7,10,24,24,24,24,531,0,4,4.242508850610033,2.119299999321811,41.07420000946149,78.0

1790084562,50,GET,[GET] /api/soporte/tickets,14.000000,0.000000,6,7,7,8,9,10,15,15,24,24,24,1050,0,7,7.399652761676061,3.8745999918319285,42.932399999699555,84651.0

1790084562,50,GET,[GET] /health,20.500000,0.000000,4,4,4,5,6,7,8,9,9,9,9,1542,0,4,4.0174462387761665,2.0819000055780634,31.771899986779317,84.0

1790084562,50,,Aggregated,49.500000,0.000000,4,5,6,6,7,8,10,15,24,24,24,3661,0,4,5.0917782298816086,2.0819000055780634,42.932399999699555,24332.3840480743

1790084563,50,GET,[GET] /actuator/health,8.300000,0.000000,4,5,5,5,6,6,7,10,10,10,10,549,0,4,4.492953916146879,2.2021999902790412,34.86780000093859,49.0

1790084563,50,GET,[GET] /api/soporte/election/status,6.100000,0.000000,3,4,4,5,6,7,10,24,24,24,24,538,0,4,4.22983345667919,2.119299999321811,41.07420000946149,78.0

1790084563,50,GET,[GET] /api/soporte/tickets,13.800000,0.000000,6,7,7,8,9,10,15,15,24,24,24,1063,0,7,7.3859253054991125,3.8745999918319285,42.932399999699555,84651.0

1790084563,50,GET,[GET] /health,21.300000,0.000000,4,4,4,5,6,7,8,9,9,9,9,1564,0,4,4.016608567921804,2.0819000055780634,31.771899986779317,84.0

1790084563,50,,Aggregated,49.500000,0.000000,4,5,6,6,7,8,10,11,24,24,24,3714,0,4,5.082255384930884,2.0819000055780634,42.932399999699555,24282.24394184168

1790084564,50,GET,[GET] /actuator/health,8.000000,0.000000,4,5,5,5,6,6,9,10,10,10,10,553,0,4,4.501770524354188,2.2021999902790412,34.86780000093859,49.0

1790084564,50,GET,[GET] /api/soporte/election/status,6.700000,0.000000,4,4,5,5,6,7,10,24,24,24,24,545,0,4,4.237315045304409,2.119299999321811,41.07420000946149,78.0

1790084564,50,GET,[GET] /api/soporte/tickets,14.200000,0.000000,6,7,8,8,9,10,15,15,24,24,24,1082,0,7,7.3946027723667145,3.8745999918319285,42.932399999699555,84651.0

1790084564,50,GET,[GET] /health,21.000000,0.000000,4,4,4,5,6,7,9,9,9,9,9,1584,0,4,4.021056123848313,2.0819000055780634,31.771899986779317,84.0

1790084564,50,,Aggregated,49.900000,0.000000,4,6,6,6,8,9,10,14,24,24,24,3764,0,4,5.092754755455707,2.0819000055780634,42.932399999699555,24387.631509032944

1790084565,50,GET,[GET] /actuator/health,8.000000,0.000000,4,5,5,5,6,6,9,10,10,10,10,561,0,4,4.491388769953142,2.2021999902790412,34.86780000093859,49.0

1790084565,50,GET,[GET] /api/soporte/election/status,6.700000,0.000000,4,4,5,5,7,7,10,24,24,24,24,554,0,4,4.225318952499711,2.119299999321811,41.07420000946149,78.0

1790084565,50,GET,[GET] /api/soporte/tickets,13.800000,0.000000,6,7,8,8,9,10,15,15,24,24,24,1097,0,7,7.377916681557429,3.8745999918319285,42.932399999699555,84651.0

1790084565,50,GET,[GET] /health,20.500000,0.000000,4,4,4,5,6,7,9,9,9,9,9,1601,0,4,4.0144633355085535,2.0819000055780634,31.771899986779317,84.0

1790084565,50,,Aggregated,49.000000,0.000000,4,5,6,6,8,9,10,14,24,24,24,3813,0,4,5.082933700353068,2.0819000055780634,42.932399999699555,24407.90243902439

1790084566,50,GET,[GET] /actuator/health,8.500000,0.000000,4,4,5,5,6,6,9,10,10,10,10,568,0,4,4.492681513998114,2.2021999902790412,34.86780000093859,49.0

1790084566,50,GET,[GET] /api/soporte/election/status,7.000000,0.000000,4,4,5,5,6,7,10,24,24,24,24,562,0,4,4.217604447864211,2.119299999321811,41.07420000946149,78.0

1790084566,50,GET,[GET] /api/soporte/tickets,13.900000,0.000000,7,7,8,8,9,10,15,23,24,24,24,1116,0,7,7.377973745244691,3.8745999918319285,42.932399999699555,84651.0

1790084566,50,GET,[GET] /health,20.600000,0.000000,4,4,4,5,6,7,9,9,25,25,25,1624,0,4,4.028486514887962,2.0819000055780634,31.771899986779317,84.0

1790084566,50,,Aggregated,50.000000,0.000000,4,6,6,7,8,9,10,23,25,25,25,3870,0,4,5.089978707886755,2.0819000055780634,42.932399999699555,24464.754521963823

1790084567,50,GET,[GET] /actuator/health,7.500000,0.000000,4,4,5,5,6,6,9,10,10,10,10,573,0,4,4.486831588029413,2.2021999902790412,34.86780000093859,49.0

1790084567,50,GET,[GET] /api/soporte/election/status,7.100000,0.000000,4,4,5,5,7,7,10,24,24,24,24,565,0,4,4.214826548127952,2.119299999321811,41.07420000946149,78.0

1790084567,50,GET,[GET] /api/soporte/tickets,14.400000,0.000000,6,7,8,8,9,10,15,23,24,24,24,1130,0,7,7.363452389115155,3.8745999918319285,42.932399999699555,84651.0

1790084567,50,GET,[GET] /health,20.500000,0.000000,3,4,4,5,6,7,9,9,25,25,25,1645,0,4,4.018544802563563,2.0819000055780634,31.771899986779317,84.0

1790084567,50,,Aggregated,49.500000,0.000000,4,6,6,6,8,9,10,23,25,25,25,3913,0,4,5.081405289943862,2.0819000055780634,42.932399999699555,24499.350115001278

1790084568,50,GET,[GET] /actuator/health,7.700000,0.000000,4,4,5,5,6,6,9,10,10,10,10,580,0,4,4.480439137816951,2.2021999902790412,34.86780000093859,49.0

1790084568,50,GET,[GET] /api/soporte/election/status,7.000000,0.000000,4,4,5,5,6,7,8,24,24,24,24,576,0,4,4.203290103659027,2.119299999321811,41.07420000946149,78.0

1790084568,50,GET,[GET] /api/soporte/tickets,14.300000,0.000000,6,7,8,8,9,10,15,23,24,24,24,1144,0,7,7.347185401858251,3.8745999918319285,42.932399999699555,84651.0

1790084568,50,GET,[GET] /health,20.500000,0.000000,3,4,4,5,6,7,9,9,25,25,25,1663,0,4,4.013310342873318,2.0819000055780634,31.771899986779317,84.0

1790084568,50,,Aggregated,49.500000,0.000000,4,6,6,6,7,9,10,23,25,25,25,3963,0,4,5.071679283261569,2.0819000055780634,42.932399999699555,24489.97829926823

1790084569,50,GET,[GET] /actuator/health,7.100000,0.000000,4,4,5,5,6,6,9,10,10,10,10,586,0,4,4.475593003268559,2.2021999902790412,34.86780000093859,49.0

1790084569,50,GET,[GET] /api/soporte/election/status,7.200000,0.000000,4,4,5,5,6,7,8,24,24,24,24,580,0,4,4.199612068447911,2.119299999321811,41.07420000946149,78.0

1790084569,50,GET,[GET] /api/soporte/tickets,15.300000,0.000000,6,7,8,8,9,10,15,23,24,24,24,1161,0,6,7.3330885441199705,3.8745999918319285,42.932399999699555,84651.0

1790084569,50,GET,[GET] /health,20.400000,0.000000,3,4,4,5,6,7,9,9,25,25,25,1684,0,4,4.0068985749356285,2.0819000055780634,31.771899986779317,84.0

1790084569,50,,Aggregated,50.000000,0.000000,4,6,6,6,8,9,11,23,25,25,25,4011,0,4,5.066019820376477,2.0819000055780634,42.932399999699555,24556.27549239591

1790084571,50,GET,[GET] /actuator/health,7.000000,0.000000,4,4,4,5,6,7,9,10,10,10,10,589,0,4,4.470631918380335,2.2021999902790412,34.86780000093859,49.0

1790084571,50,GET,[GET] /api/soporte/election/status,6.800000,0.000000,4,4,4,5,6,7,7,24,24,24,24,587,0,4,4.196372060826107,2.119299999321811,41.07420000946149,78.0

1790084571,50,GET,[GET] /api/soporte/tickets,15.000000,0.000000,6,7,8,8,9,11,15,23,24,24,24,1172,0,6,7.327913566328205,3.8745999918319285,42.932399999699555,84651.0

1790084571,50,GET,[GET] /health,20.600000,0.000000,3,4,4,5,5,7,9,24,25,25,25,1708,0,4,3.998500058659602,2.0819000055780634,31.771899986779317,84.0

1790084571,50,,Aggregated,49.400000,0.000000,4,6,6,6,8,9,13,23,25,25,25,4056,0,4,5.057747879575493,2.0819000055780634,42.932399999699555,24514.075690335307

1790084572,50,GET,[GET] /actuator/health,6.900000,0.000000,4,4,4,4,6,7,7,9,9,9,9,598,0,4,4.463846655387313,2.2021999902790412,34.86780000093859,49.0

1790084572,50,GET,[GET] /api/soporte/election/status,7.100000,0.000000,3,4,4,4,5,6,7,7,7,7,7,595,0,4,4.19022386505742,2.119299999321811,41.07420000946149,78.0

1790084572,50,GET,[GET] /api/soporte/tickets,14.700000,0.000000,6,7,7,7,8,9,13,14,23,23,23,1187,0,6,7.309534540613223,3.8745999918319285,42.932399999699555,84651.0

1790084572,50,GET,[GET] /health,20.900000,0.000000,3,4,4,4,5,6,8,24,25,25,25,1723,0,4,3.9941841556610367,2.0819000055780634,31.771899986779317,84.0

1790084572,50,,Aggregated,49.600000,0.000000,4,5,6,6,7,8,9,13,25,25,25,4103,0,4,5.050197489530256,2.0819000055780634,42.932399999699555,24543.3051425786

1790084573,50,GET,[GET] /actuator/health,5.800000,0.000000,4,4,4,5,6,7,7,9,9,9,9,607,0,4,4.465927512271221,2.2021999902790412,34.86780000093859,49.0

1790084573,50,GET,[GET] /api/soporte/election/status,7.300000,0.000000,4,4,4,4,6,7,7,7,7,7,7,602,0,4,4.198275082581251,2.119299999321811,41.07420000946149,78.0

1790084573,50,GET,[GET] /api/soporte/tickets,15.200000,0.000000,6,7,7,8,8,9,13,14,23,23,23,1203,0,6,7.304859185126936,3.8745999918319285,42.932399999699555,84651.0

1790084573,50,GET,[GET] /health,20.600000,0.000000,3,4,4,4,5,6,7,24,25,25,25,1738,0,4,3.996171404033756,2.0819000055780634,31.771899986779317,84.0

1790084573,50,,Aggregated,48.900000,0.000000,4,5,6,6,7,8,9,13,25,25,25,4150,0,4,5.053318337248414,2.0819000055780634,42.932399999699555,24592.25156626506

1790084574,50,GET,[GET] /actuator/health,5.800000,0.000000,4,4,4,4,6,7,7,7,7,7,7,610,0,4,4.462461311395899,2.2021999902790412,34.86780000093859,49.0

1790084574,50,GET,[GET] /api/soporte/election/status,7.300000,0.000000,4,4,4,4,5,6,7,7,7,7,7,609,0,4,4.188892117747158,2.119299999321811,41.07420000946149,78.0

1790084574,50,GET,[GET] /api/soporte/tickets,15.200000,0.000000,6,7,7,7,8,8,13,17,23,23,23,1218,0,6,7.296136124555136,3.8745999918319285,42.932399999699555,84651.0

1790084574,50,GET,[GET] /health,20.600000,0.000000,3,3,4,4,5,5,7,24,25,25,25,1759,0,4,3.986435815909821,2.0819000055780634,31.771899986779317,84.0

1790084574,50,,Aggregated,48.900000,0.000000,4,5,6,6,7,8,8,13,25,25,25,4196,0,4,5.045750977014549,2.0819000055780634,42.932399999699555,24625.849857006673

1790084575,50,GET,[GET] /actuator/health,6.900000,0.000000,4,4,4,5,6,7,7,7,7,7,7,620,0,4,4.451406774094193,2.2021999902790412,34.86780000093859,49.0

1790084575,50,GET,[GET] /api/soporte/election/status,7.100000,0.000000,4,4,4,4,5,6,7,7,7,7,7,617,0,4,4.183322689942208,2.119299999321811,41.07420000946149,78.0

1790084575,50,GET,[GET] /api/soporte/tickets,15.300000,0.000000,6,6,7,7,8,8,17,23,31,31,31,1239,0,6,7.293291767305394,3.8745999918319285,42.932399999699555,84651.0

1790084575,50,GET,[GET] /health,19.500000,0.000000,3,4,4,4,5,6,7,24,25,25,25,1776,0,4,3.986490146490797,2.0819000055780634,31.771899986779317,84.0

1790084575,50,,Aggregated,48.800000,0.000000,4,5,6,6,7,8,9,17,31,31,31,4252,0,4,5.046419872881416,2.0819000055780634,42.932399999699555,24720.197318908748

1790084576,50,GET,[GET] /actuator/health,6.100000,0.000000,4,4,4,4,5,6,7,7,7,7,7,626,0,4,4.441463098928783,2.2021999902790412,34.86780000093859,49.0

1790084576,50,GET,[GET] /api/soporte/election/status,7.100000,0.000000,3,4,4,4,5,6,7,7,7,7,7,629,0,4,4.169982829407325,2.119299999321811,41.07420000946149,78.0

1790084576,50,GET,[GET] /api/soporte/tickets,15.400000,0.000000,6,6,7,7,8,9,13,17,31,31,31,1250,0,6,7.287304559769109,3.8745999918319285,42.932399999699555,84651.0

1790084576,50,GET,[GET] /health,19.300000,0.000000,3,4,4,4,5,6,7,7,7,7,7,1797,0,3,3.978787868773255,2.0819000055780634,31.771899986779317,84.0

1790084576,50,,Aggregated,47.900000,0.000000,4,5,6,6,7,7,8,10,31,31,31,4302,0,4,5.035399256049176,2.0819000055780634,42.932399999699555,24650.031148303115

1790084577,50,GET,[GET] /actuator/health,6.100000,0.000000,4,4,4,4,5,6,7,7,7,7,7,635,0,4,4.433518740019438,2.2021999902790412,34.86780000093859,49.0

1790084577,50,GET,[GET] /api/soporte/election/status,7.100000,0.000000,3,4,4,4,5,6,7,7,7,7,7,634,0,4,4.163301734528093,2.119299999321811,41.07420000946149,78.0

1790084577,50,GET,[GET] /api/soporte/tickets,15.400000,0.000000,6,6,7,7,8,9,13,17,31,31,31,1268,0,6,7.267017902005174,3.8745999918319285,42.932399999699555,84651.0

1790084577,50,GET,[GET] /health,19.300000,0.000000,3,4,4,4,5,6,7,7,7,7,7,1817,0,3,3.972243093076917,2.0382999937282875,31.771899986779317,83.99834892680242

1790084577,50,,Aggregated,47.900000,0.000000,4,5,6,6,7,7,8,10,31,31,31,4354,0,4,5.026863137222433,2.0382999937282875,42.932399999699555,24706.169039963253

1790084578,50,GET,[GET] /actuator/health,6.400000,0.000000,4,4,4,4,5,6,7,7,7,7,7,641,0,4,4.427505928137472,2.2021999902790412,34.86780000093859,49.0

1790084578,50,GET,[GET] /api/soporte/election/status,7.400000,0.000000,3,4,4,4,5,6,7,7,7,7,7,640,0,4,4.156647968216021,1.982199988560751,41.07420000946149,78.0

1790084578,50,GET,[GET] /api/soporte/tickets,15.300000,0.000000,6,6,7,7,8,9,16,17,31,31,31,1284,0,6,7.258459501368022,3.8745999918319285,42.932399999699555,84651.0

1790084578,50,GET,[GET] /health,19.300000,0.000000,3,4,4,4,5,5,7,7,7,7,7,1838,0,3,3.963605658390247,2.0382999937282875,31.771899986779317,83.99836779107726

1790084578,50,,Aggregated,48.400000,0.000000,4,5,6,6,7,7,8,10,31,31,31,4403,0,4,5.020044333289164,1.982199988560751,42.932399999699555,24739.405405405407

1790084579,50,GET,[GET] /actuator/health,6.700000,0.000000,4,4,4,4,5,6,7,7,7,7,7,646,0,4,4.419113931790514,2.2021999902790412,34.86780000093859,49.0

1790084579,50,GET,[GET] /api/soporte/election/status,7.200000,0.000000,3,4,4,4,5,6,7,7,7,7,7,647,0,4,4.149707727436692,1.982199988560751,41.07420000946149,78.0

1790084579,50,GET,[GET] /api/soporte/tickets,15.200000,0.000000,6,7,7,7,8,9,16,17,31,31,31,1298,0,6,7.2487981508062465,3.8745999918319285,42.932399999699555,84651.0

1790084579,50,GET,[GET] /health,19.300000,0.000000,3,4,4,4,5,5,7,7,7,7,7,1856,0,3,3.9566581358171944,2.0382999937282875,31.771899986779317,83.99838362068965

1790084579,50,,Aggregated,48.400000,0.000000,4,5,6,6,7,7,8,10,31,31,31,4447,0,4,5.012841466024608,1.982199988560751,42.932399999699555,24761.64133123454

1790084580,50,GET,[GET] /actuator/health,6.800000,0.000000,4,4,4,4,5,5,7,7,7,7,7,654,0,4,4.412774006025837,2.2021999902790412,34.86780000093859,49.0

1790084580,50,GET,[GET] /api/soporte/election/status,7.500000,0.000000,3,4,4,4,5,6,7,7,7,7,7,654,0,4,4.144510549863562,1.982199988560751,41.07420000946149,78.0

1790084580,50,GET,[GET] /api/soporte/tickets,15.400000,0.000000,6,7,7,7,8,9,16,17,31,31,31,1315,0,6,7.24109551309831,3.8745999918319285,42.932399999699555,84651.0

1790084580,50,GET,[GET] /health,19.100000,0.000000,3,4,4,4,5,6,7,7,8,8,8,1879,0,3,3.9540403406306117,2.0382999937282875,31.771899986779317,83.99840340606706

1790084580,50,,Aggregated,48.800000,0.000000,4,5,6,6,7,7,8,10,31,31,31,4502,0,4,5.008473233967318,1.982199988560751,42.932399999699555,24779.421590404265

1790084581,50,GET,[GET] /actuator/health,6.500000,0.000000,4,4,4,5,5,6,7,7,7,7,7,662,0,4,4.416042749169972,2.2021999902790412,34.86780000093859,49.0

1790084581,50,GET,[GET] /api/soporte/election/status,7.100000,0.000000,3,4,4,4,5,6,7,7,7,7,7,662,0,4,4.148543503930655,1.982199988560751,41.07420000946149,78.0

1790084581,50,GET,[GET] /api/soporte/tickets,15.100000,0.000000,6,7,7,7,8,9,16,17,31,31,31,1336,0,6,7.22950456569553,3.8745999918319285,42.932399999699555,84651.0

1790084581,50,GET,[GET] /health,19.200000,0.000000,3,4,4,4,5,6,7,7,8,8,8,1893,0,3,3.957218383550196,2.0382999937282875,31.771899986779317,83.99841521394612

1790084581,50,,Aggregated,47.900000,0.000000,4,5,6,6,7,8,9,10,31,31,31,4553,0,4,5.011945662065092,1.982199988560751,42.932399999699555,24892.778168240722

1790084582,50,GET,[GET] /actuator/health,6.700000,0.000000,4,4,4,5,5,5,7,10,10,10,10,670,0,4,4.422350596973617,2.2021999902790412,34.86780000093859,49.0

1790084582,50,GET,[GET] /api/soporte/election/status,7.400000,0.000000,3,4,4,4,5,5,6,7,7,7,7,665,0,4,4.146517593373328,1.982199988560751,41.07420000946149,78.0

1790084582,50,GET,[GET] /api/soporte/tickets,15.400000,0.000000,6,6,7,7,8,9,16,17,31,31,31,1347,0,6,7.222950408162077,3.8745999918319285,42.932399999699555,84651.0

1790084582,50,GET,[GET] /health,19.400000,0.000000,3,4,4,4,5,6,7,7,8,8,8,1916,0,3,3.9534575678502324,2.0382999937282875,31.771899986779317,83.99843423799582

1790084582,50,,Aggregated,48.900000,0.000000,4,5,6,6,7,7,9,10,31,31,31,4598,0,4,5.007513701470411,1.982199988560751,42.932399999699555,24852.22662026968

1790084583,50,GET,[GET] /actuator/health,7.200000,0.000000,4,4,4,5,5,5,7,10,10,10,10,681,0,4,4.417874155601654,2.2021999902790412,34.86780000093859,49.0

1790084583,50,GET,[GET] /api/soporte/election/status,7.500000,0.000000,3,4,4,4,5,6,7,7,7,7,7,671,0,4,4.147235170786093,1.982199988560751,41.07420000946149,78.0

1790084583,50,GET,[GET] /api/soporte/tickets,16.200000,0.000000,6,7,7,7,8,9,14,16,31,31,31,1361,0,6,7.219668111527301,3.8745999918319285,42.932399999699555,84651.0

1790084583,50,GET,[GET] /health,18.400000,0.000000,3,4,4,4,5,6,7,7,8,8,8,1938,0,3,3.950057791536556,2.0382999937282875,31.771899986779317,83.99845201238391

1790084583,50,,Aggregated,49.300000,0.000000,4,5,6,6,7,7,9,10,31,31,31,4651,0,4,5.003772822908771,1.982199988560751,42.932399999699555,24824.447860675125

1790084584,50,GET,[GET] /actuator/health,7.100000,0.000000,4,4,4,5,5,6,7,10,10,10,10,688,0,4,4.422094040671444,2.2021999902790412,34.86780000093859,49.0

1790084584,50,GET,[GET] /api/soporte/election/status,7.000000,0.000000,3,4,4,4,5,6,7,7,7,7,7,676,0,4,4.14114452603331,1.982199988560751,41.07420000946149,78.0

1790084584,50,GET,[GET] /api/soporte/tickets,15.900000,0.000000,6,7,7,7,8,9,12,14,16,16,16,1375,0,6,7.21230901803144,3.8745999918319285,42.932399999699555,84651.0

1790084584,50,GET,[GET] /health,19.300000,0.000000,3,4,4,4,5,6,7,8,8,8,8,1964,0,3,3.9516367617074133,2.0382999937282875,31.771899986779317,83.99847250509166

1790084584,50,,Aggregated,49.300000,0.000000,4,5,6,6,7,8,9,10,16,16,16,4703,0,4,5.001010822744432,1.982199988560751,42.932399999699555,24802.580905804807

1790084585,50,GET,[GET] /actuator/health,7.300000,0.000000,4,4,4,5,5,6,7,10,10,10,10,692,0,4,4.418863005727709,2.2021999902790412,34.86780000093859,49.0

1790084585,50,GET,[GET] /api/soporte/election/status,6.800000,0.000000,3,4,4,4,5,6,7,7,7,7,7,682,0,4,4.137115981790839,1.982199988560751,41.07420000946149,78.0

1790084585,50,GET,[GET] /api/soporte/tickets,15.700000,0.000000,6,7,7,7,8,9,12,14,16,16,16,1390,0,6,7.203782158116509,3.8745999918319285,42.932399999699555,84651.0

1790084585,50,GET,[GET] /health,19.900000,0.000000,3,4,4,4,5,6,7,8,8,8,8,1985,0,3,3.9495173803593975,2.0382999937282875,31.771899986779317,83.9984886649874

1790084585,50,,Aggregated,49.700000,0.000000,4,5,6,6,7,7,9,10,16,16,16,4749,0,4,4.997350073560808,1.982199988560751,42.932399999699555,24830.223415455886

1790084586,50,GET,[GET] /actuator/health,7.800000,0.000000,4,4,5,5,5,7,8,10,10,10,10,701,0,4,4.420803708892705,2.2021999902790412,34.86780000093859,49.0

1790084586,50,GET,[GET] /api/soporte/election/status,6.700000,0.000000,4,4,4,5,5,7,7,7,7,7,7,689,0,4,4.137005950065724,1.982199988560751,41.07420000946149,78.0

1790084586,50,GET,[GET] /api/soporte/tickets,15.700000,0.000000,6,7,7,7,8,9,12,14,16,16,16,1402,0,6,7.197226890019117,3.8745999918319285,42.932399999699555,84651.0

1790084586,50,GET,[GET] /health,20.200000,0.000000,3,4,4,4,5,6,7,8,8,8,8,2009,0,3,3.9429384270726855,2.0382999937282875,31.771899986779317,83.99850671976108

1790084586,50,,Aggregated,50.400000,0.000000,4,5,6,6,7,8,9,10,16,16,16,4801,0,4,4.990888543912705,1.982199988560751,42.932399999699555,24773.494272026663

1790084587,50,GET,[GET] /actuator/health,7.200000,0.000000,4,4,5,5,5,7,8,10,10,10,10,710,0,4,4.416138450631505,2.2021999902790412,34.86780000093859,49.0

1790084587,50,GET,[GET] /api/soporte/election/status,6.500000,0.000000,4,4,4,5,6,7,7,10,10,10,10,694,0,4,4.144153169450056,1.982199988560751,41.07420000946149,78.0

1790084587,50,GET,[GET] /api/soporte/tickets,15.100000,0.000000,6,7,7,7,8,9,12,13,14,14,14,1416,0,6,7.1989495055343875,3.8745999918319285,42.932399999699555,84651.0

1790084587,50,GET,[GET] /health,20.900000,0.000000,3,4,4,4,5,6,8,8,8,8,8,2029,0,3,3.938240956120845,2.0382999937282875,31.771899986779317,83.99852143913257

1790084587,50,,Aggregated,49.700000,0.000000,4,5,6,6,7,8,9,10,14,14,14,4849,0,4,4.989875025644998,1.982199988560751,42.932399999699555,24773.184367910908

1790084588,50,GET,[GET] /actuator/health,7.600000,0.000000,4,4,5,5,6,7,8,10,10,10,10,715,0,4,4.412541398554682,2.2021999902790412,34.86780000093859,49.0

1790084588,50,GET,[GET] /api/soporte/election/status,6.000000,0.000000,4,4,4,5,6,7,7,10,10,10,10,698,0,4,4.138708595400122,1.982199988560751,41.07420000946149,78.0

1790084588,50,GET,[GET] /api/soporte/tickets,15.100000,0.000000,6,7,7,7,8,9,12,13,14,14,14,1434,0,6,7.190951045925341,3.8745999918319285,42.932399999699555,84651.0

1790084588,50,GET,[GET] /health,20.900000,0.000000,4,4,4,4,5,7,8,8,8,8,8,2046,0,3,3.9404491202027025,2.0382999937282875,31.771899986779317,83.99853372434018

1790084588,50,,Aggregated,49.600000,0.000000,4,5,6,6,7,8,9,10,14,14,14,4893,0,4,4.990347107980289,1.982199988560751,42.932399999699555,24862.226445943183

1790084589,50,GET,[GET] /actuator/health,7.300000,0.000000,4,5,5,5,7,8,11,48,48,48,48,723,0,4,4.483801244755171,2.2021999902790412,47.50000000058208,49.0

1790084589,50,GET,[GET] /api/soporte/election/status,6.000000,0.000000,4,4,4,4,6,7,7,10,10,10,10,707,0,4,4.133191229983021,1.982199988560751,41.07420000946149,78.0

1790084589,50,GET,[GET] /api/soporte/tickets,14.700000,0.000000,6,7,7,7,9,10,13,14,36,36,36,1450,0,6,7.204701241310525,3.8745999918319285,42.932399999699555,84651.0

1790084589,50,GET,[GET] /health,21.000000,0.000000,4,4,4,4,5,7,8,8,9,9,9,2065,0,3,3.9418498789141805,2.0382999937282875,31.771899986779317,83.99854721549637

1790084589,50,,Aggregated,49.000000,0.000000,4,5,6,6,7,8,10,12,48,48,48,4945,0,4,5.005195409386053,1.982199988560751,47.50000000058208,24875.22345803842

1790084590,50,GET,[GET] /actuator/health,7.400000,0.000000,4,4,5,5,6,8,11,48,48,48,48,731,0,4,4.4782554035068,2.2021999902790412,47.50000000058208,49.0

1790084590,50,GET,[GET] /api/soporte/election/status,5.700000,0.000000,4,4,4,5,6,7,8,10,10,10,10,716,0,4,4.1394604742697725,1.982199988560751,41.07420000946149,78.0

1790084590,50,GET,[GET] /api/soporte/tickets,14.500000,0.000000,6,7,7,7,9,11,14,33,36,36,36,1465,0,6,7.218725938483463,3.8745999918319285,42.932399999699555,84651.0

1790084590,50,GET,[GET] /health,21.000000,0.000000,4,4,4,4,5,7,8,9,9,9,9,2086,0,3,3.947273010517156,2.0382999937282875,31.771899986779317,83.99856184084372

1790084590,50,,Aggregated,48.600000,0.000000,4,5,6,6,7,8,11,13,48,48,48,4998,0,4,5.0113852339651235,1.982199988560751,47.50000000058208,24866.067026810724

1790084591,50,GET,[GET] /actuator/health,7.700000,0.000000,4,4,5,5,6,8,11,48,48,48,48,737,0,4,4.476026322925147,2.2021999902790412,47.50000000058208,49.0

1790084591,50,GET,[GET] /api/soporte/election/status,5.800000,0.000000,4,4,4,5,7,8,8,10,10,10,10,724,0,4,4.14337389443992,1.982199988560751,41.07420000946149,78.0

1790084591,50,GET,[GET] /api/soporte/tickets,15.300000,0.000000,6,7,7,7,9,11,14,33,36,36,36,1476,0,6,7.218155284465996,3.8745999918319285,42.932399999699555,84651.0

1790084591,50,GET,[GET] /health,20.700000,0.000000,3,4,4,4,6,7,8,9,9,9,9,2113,0,3,3.9412123047407555,2.0382999937282875,31.771899986779317,83.99858021769995

1790084591,50,,Aggregated,49.500000,0.000000,4,5,6,6,7,8,11,13,48,48,48,5050,0,4,5.006022356308785,1.982199988560751,47.50000000058208,24795.039603960395

1790084592,50,GET,[GET] /actuator/health,7.600000,0.000000,4,4,5,5,6,8,11,48,48,48,48,747,0,4,4.4723804550966335,2.2021999902790412,47.50000000058208,49.0

1790084592,50,GET,[GET] /api/soporte/election/status,6.000000,0.000000,4,4,4,5,6,8,8,10,10,10,10,727,0,4,4.141286519343101,1.982199988560751,41.07420000946149,78.0

1790084592,50,GET,[GET] /api/soporte/tickets,14.900000,0.000000,6,7,7,7,9,11,13,33,36,36,36,1485,0,6,7.2142393265044165,3.8745999918319285,42.932399999699555,84651.0

1790084592,50,GET,[GET] /health,20.600000,0.000000,3,4,4,5,6,7,9,9,14,14,14,2138,0,3,3.9511744153187753,2.0382999937282875,31.771899986779317,83.99859681945743

1790084592,50,,Aggregated,49.100000,0.000000,4,5,6,6,7,8,11,13,48,48,48,5097,0,4,5.005363900202123,1.982199988560751,47.50000000058208,24716.427898763977

1790084593,50,GET,[GET] /actuator/health,7.400000,0.000000,4,4,5,5,8,8,12,48,48,48,48,756,0,4,4.482989285693124,2.2021999902790412,47.50000000058208,49.0

1790084593,50,GET,[GET] /api/soporte/election/status,6.200000,0.000000,4,4,5,5,7,8,8,10,10,10,10,731,0,4,4.1448462374426205,1.982199988560751,41.07420000946149,78.0

1790084593,50,GET,[GET] /api/soporte/tickets,14.100000,0.000000,7,7,7,8,9,11,17,33,36,36,36,1498,0,6,7.227307543315435,3.8745999918319285,42.932399999699555,84651.0

1790084593,50,GET,[GET] /health,21.100000,0.000000,4,4,4,5,6,7,9,9,14,14,14,2161,0,3,3.9519706617152788,2.02020000142511,31.771899986779317,83.99861175381767

1790084593,50,,Aggregated,48.800000,0.000000,4,5,6,7,8,9,12,14,48,48,48,5146,0,4,5.010831286320987,1.982199988560751,47.50000000058208,24695.449086669258

1790084594,50,GET,[GET] /actuator/health,7.600000,0.000000,4,4,5,5,8,8,12,48,48,48,48,760,0,4,4.47679368417563,2.2021999902790412,47.50000000058208,49.0

1790084594,50,GET,[GET] /api/soporte/election/status,6.200000,0.000000,4,4,5,5,7,8,8,10,10,10,10,742,0,4,4.151738409150324,1.982199988560751,41.07420000946149,78.0

1790084594,50,GET,[GET] /api/soporte/tickets,13.900000,0.000000,6,7,7,8,9,11,17,33,36,36,36,1511,0,6,7.218182329521444,3.8745999918319285,42.932399999699555,84651.0

1790084594,50,GET,[GET] /health,21.900000,0.000000,3,4,4,5,6,7,9,9,14,14,14,2184,0,3,3.9471690476033134,2.02020000142511,31.771899986779317,83.99862637362638

1790084594,50,,Aggregated,49.600000,0.000000,4,5,6,7,8,9,12,14,48,48,48,5197,0,4,5.004857379148654,1.982199988560751,47.50000000058208,24665.428131614393

1790084595,50,GET,[GET] /actuator/health,7.500000,0.000000,4,4,5,5,6,8,12,48,48,48,48,763,0,4,4.474865661823858,2.2021999902790412,47.50000000058208,49.0

1790084595,50,GET,[GET] /api/soporte/election/status,6.000000,0.000000,4,4,5,6,7,8,8,10,10,10,10,748,0,4,4.157006282904553,1.982199988560751,41.07420000946149,78.0

1790084595,50,GET,[GET] /api/soporte/tickets,13.700000,0.000000,6,7,7,8,9,11,17,33,36,36,36,1522,0,6,7.212008081410055,3.8745999918319285,42.932399999699555,84651.0

1790084595,50,GET,[GET] /health,22.000000,0.000000,4,4,4,5,6,7,9,9,14,14,14,2207,0,3,3.9457043044827795,2.02020000142511,31.771899986779317,83.99864068871771

1790084595,50,,Aggregated,49.200000,0.000000,4,5,6,7,8,9,12,14,48,48,48,5240,0,4,5.001642919748818,1.982199988560751,47.50000000058208,24641.209541984732

1790084596,50,GET,[GET] /actuator/health,7.200000,0.000000,4,4,5,5,6,8,12,48,48,48,48,773,0,4,4.4630803362849525,2.2021999902790412,47.50000000058208,49.0

1790084596,50,GET,[GET] /api/soporte/election/status,6.400000,0.000000,4,4,5,5,7,7,8,8,8,8,8,757,0,4,4.155574504145645,1.982199988560751,41.07420000946149,78.0

1790084596,50,GET,[GET] /api/soporte/tickets,13.500000,0.000000,6,7,7,8,10,12,17,33,36,36,36,1537,0,6,7.214366493102983,3.8745999918319285,42.932399999699555,84651.0

1790084596,50,GET,[GET] /health,21.600000,0.000000,4,4,4,5,6,7,9,11,14,14,14,2222,0,3,3.9434504500429632,2.02020000142511,31.771899986779317,83.9986498649865

1790084596,50,,Aggregated,48.700000,0.000000,4,5,6,6,8,9,12,15,48,48,48,5289,0,4,5.000294800431324,1.982199988560751,47.50000000058208,24653.46095670259

1790084597,50,GET,[GET] /actuator/health,7.100000,0.000000,4,4,4,5,7,11,19,48,48,48,48,780,0,4,4.472922692254472,2.2021999902790412,47.50000000058208,49.0

1790084597,50,GET,[GET] /api/soporte/election/status,6.600000,0.000000,4,4,5,5,7,7,8,8,8,8,8,763,0,4,4.154209435994793,1.982199988560751,41.07420000946149,78.0

1790084597,50,GET,[GET] /api/soporte/tickets,12.900000,0.000000,6,7,7,8,9,11,17,33,36,36,36,1551,0,6,7.201421212057147,3.8745999918319285,42.932399999699555,84651.0

1790084597,50,GET,[GET] /health,22.000000,0.000000,4,4,4,4,6,7,9,9,14,14,14,2249,0,3,3.938945086706859,2.02020000142511,31.771899986779317,83.99866607381058

1790084597,50,,Aggregated,48.600000,0.000000,4,5,6,6,8,9,12,17,48,48,48,5343,0,4,4.994690866465819,1.982199988560751,47.50000000058208,24626.6793935991

1790084598,50,GET,[GET] /actuator/health,6.900000,0.000000,4,4,4,5,5,7,12,19,19,19,19,787,0,4,4.469833290895945,2.2021999902790412,47.50000000058208,49.0

1790084598,50,GET,[GET] /api/soporte/election/status,6.700000,0.000000,4,4,5,6,7,7,8,8,8,8,8,769,0,4,4.152814433896328,1.982199988560751,41.07420000946149,78.0

1790084598,50,GET,[GET] /api/soporte/tickets,13.300000,0.000000,6,7,7,8,9,11,15,17,33,33,33,1564,0,6,7.195674488438181,3.8745999918319285,42.932399999699555,84651.0

1790084598,50,GET,[GET] /health,21.400000,0.000000,4,4,4,4,6,7,9,9,14,14,14,2271,0,3,3.936315675933053,2.02020000142511,31.771899986779317,83.99867899603699

1790084598,50,,Aggregated,48.300000,0.000000,4,5,6,6,7,9,11,14,33,33,33,5391,0,4,4.990666091553082,1.982199988560751,47.50000000058208,24612.03301799295

1790084599,50,GET,[GET] /actuator/health,7.100000,0.000000,4,4,4,5,6,8,12,19,19,19,19,798,0,4,4.472113032497782,2.2021999902790412,47.50000000058208,49.0

1790084599,50,GET,[GET] /api/soporte/election/status,6.700000,0.000000,4,4,5,5,6,7,8,8,8,8,8,780,0,4,4.150334102115057,1.982199988560751,41.07420000946149,78.0

1790084599,50,GET,[GET] /api/soporte/tickets,13.400000,0.000000,6,7,7,8,9,11,13,15,17,17,17,1575,0,6,7.191466603110293,3.8745999918319285,42.932399999699555,84651.0

1790084599,50,GET,[GET] /health,21.900000,0.000000,4,4,4,4,5,7,9,9,14,14,14,2291,0,3,3.9384131383808656,2.02020000142511,31.771899986779317,83.99869052815365

1790084599,50,,Aggregated,49.100000,0.000000,4,5,6,6,7,8,11,13,19,19,19,5444,0,4,4.988146803731126,1.982199988560751,47.50000000058208,24544.031594415872

1790084600,50,GET,[GET] /actuator/health,6.900000,0.000000,4,4,4,5,5,7,12,19,19,19,19,807,0,4,4.468764931782463,2.2021999902790412,47.50000000058208,49.0

1790084600,50,GET,[GET] /api/soporte/election/status,7.000000,0.000000,4,4,5,5,6,7,7,8,8,8,8,784,0,4,4.147218494464902,1.982199988560751,41.07420000946149,78.0

1790084600,50,GET,[GET] /api/soporte/tickets,13.300000,0.000000,6,7,7,8,9,11,13,15,17,17,17,1593,0,6,7.186946390410877,3.8745999918319285,42.932399999699555,84651.0

1790084600,50,GET,[GET] /health,22.000000,0.000000,4,4,4,4,5,7,9,9,14,14,14,2310,0,3,3.9372982684315234,2.02020000142511,31.771899986779317,83.99870129870129

1790084600,50,,Aggregated,49.200000,0.000000,4,5,6,6,7,8,11,13,19,19,19,5494,0,4,4.987564106226843,1.982199988560751,47.50000000058208,24598.430105569714

1790084601,50,GET,[GET] /actuator/health,7.100000,0.000000,4,4,4,5,5,7,12,19,19,19,19,812,0,4,4.464271551670061,2.2021999902790412,47.50000000058208,49.0

1790084601,50,GET,[GET] /api/soporte/election/status,7.400000,0.000000,4,5,5,5,6,7,7,8,8,8,8,790,0,4,4.1537182274255375,1.982199988560751,41.07420000946149,78.0

1790084601,50,GET,[GET] /api/soporte/tickets,12.400000,0.000000,6,7,7,8,9,11,15,17,32,32,32,1608,0,6,7.199808146719649,3.8745999918319285,42.932399999699555,84651.0

1790084601,50,GET,[GET] /health,22.000000,0.000000,4,4,4,4,5,7,8,9,11,11,11,2334,0,4,3.940951285382061,2.02020000142511,31.771899986779317,83.9987146529563

1790084601,50,,Aggregated,48.900000,0.000000,4,5,6,6,7,8,11,13,32,32,32,5544,0,4,4.993127290697906,1.982199988560751,47.50000000058208,24606.109126984127

1790084602,50,GET,[GET] /actuator/health,7.500000,0.000000,4,4,5,5,5,6,9,19,19,19,19,817,0,4,4.468665973011477,2.2021999902790412,47.50000000058208,49.0

1790084602,50,GET,[GET] /api/soporte/election/status,6.800000,0.000000,4,5,5,5,6,7,7,8,8,8,8,797,0,4,4.154058217885758,1.982199988560751,41.07420000946149,78.0

1790084602,50,GET,[GET] /api/soporte/tickets,12.700000,0.000000,6,7,8,8,9,10,13,15,32,32,32,1623,0,6,7.206052372094935,3.8745999918319285,42.932399999699555,84651.0

1790084602,50,GET,[GET] /health,22.000000,0.000000,4,4,4,4,5,6,8,9,11,11,11,2351,0,4,3.9434756274466407,2.02020000142511,31.771899986779317,83.99872394725648

1790084602,50,,Aggregated,49.000000,0.000000,4,5,6,6,7,8,10,11,32,32,32,5588,0,4,4.997891678533009,1.982199988560751,47.50000000058208,24639.988010021476

1790084603,50,GET,[GET] /actuator/health,7.500000,0.000000,4,4,5,5,5,7,9,19,19,19,19,823,0,4,4.470981287889925,2.2021999902790412,47.50000000058208,49.0

1790084603,50,GET,[GET] /api/soporte/election/status,6.300000,0.000000,4,5,5,5,6,6,7,8,8,8,8,804,0,4,4.1589781089964735,1.982199988560751,41.07420000946149,78.0

1790084603,50,GET,[GET] /api/soporte/tickets,13.100000,0.000000,6,7,8,8,9,10,13,15,32,32,32,1638,0,6,7.201504822893558,3.8745999918319285,42.932399999699555,84651.0

1790084603,50,GET,[GET] /health,22.400000,0.000000,4,4,4,5,6,7,8,11,11,11,11,2372,0,4,3.9481412732160357,2.02020000142511,31.771899986779317,83.9987352445194

1790084603,50,,Aggregated,49.300000,0.000000,4,5,6,6,7,8,10,11,32,32,32,5637,0,4,4.9999098810599,1.982199988560751,47.50000000058208,24651.520667021465

1790084604,50,GET,[GET] /actuator/health,7.000000,0.000000,4,4,5,5,5,7,9,19,19,19,19,830,0,4,4.471260843327246,2.2021999902790412,47.50000000058208,49.0

1790084604,50,GET,[GET] /api/soporte/election/status,6.900000,0.000000,4,5,5,5,6,6,6,7,7,7,7,811,0,4,4.1542965470379425,1.982199988560751,41.07420000946149,78.0

1790084604,50,GET,[GET] /api/soporte/tickets,13.500000,0.000000,6,7,7,8,9,10,13,15,32,32,32,1643,0,6,7.197882471030365,3.8745999918319285,42.932399999699555,84651.0

1790084604,50,GET,[GET] /health,21.100000,0.000000,4,4,4,5,5,6,8,8,11,11,11,2400,0,4,3.9471239583872375,2.02020000142511,31.771899986779317,83.99875

1790084604,50,,Aggregated,48.500000,0.000000,4,5,6,6,7,8,10,11,32,32,32,5684,0,4,4.992874630478826,1.982199988560751,47.50000000058208,24522.716045038705

1790084605,50,GET,[GET] /actuator/health,6.800000,0.000000,4,4,5,5,5,8,13,19,19,19,19,836,0,4,4.47754066981056,2.2021999902790412,47.50000000058208,49.0

1790084605,50,GET,[GET] /api/soporte/election/status,7.100000,0.000000,4,5,5,5,6,6,6,8,8,8,8,817,0,4,4.157215299456257,1.982199988560751,41.07420000946149,78.0

1790084605,50,GET,[GET] /api/soporte/tickets,13.800000,0.000000,6,7,7,8,9,10,12,16,32,32,32,1656,0,6,7.203587077247389,3.8745999918319285,42.932399999699555,84651.0

1790084605,50,GET,[GET] /health,20.900000,0.000000,4,4,4,5,5,6,8,8,11,11,11,2430,0,4,3.9474869136283663,2.02020000142511,31.771899986779317,83.99876543209876

1790084605,50,,Aggregated,48.600000,0.000000,4,5,6,6,7,8,10,12,32,32,32,5739,0,4,4.994110872914445,1.982199988560751,47.50000000058208,24480.024917232968

1790084606,50,GET,[GET] /actuator/health,7.000000,0.000000,4,4,5,5,5,7,9,13,13,13,13,844,0,4,4.470827725104341,2.2021999902790412,47.50000000058208,49.0

1790084606,50,GET,[GET] /api/soporte/election/status,7.000000,0.000000,4,4,5,5,5,6,6,8,8,8,8,823,0,4,4.15205176139801,1.982199988560751,41.07420000946149,78.0

1790084606,50,GET,[GET] /api/soporte/tickets,13.100000,0.000000,7,7,8,8,9,10,12,16,32,32,32,1665,0,6,7.19690696693266,3.8745999918319285,42.932399999699555,84651.0

1790084606,50,GET,[GET] /health,21.700000,0.000000,4,4,4,5,5,6,8,8,11,11,11,2452,0,4,3.941650448656756,2.02020000142511,31.771899986779317,83.99877650897227

1790084606,50,,Aggregated,48.800000,0.000000,4,5,6,6,7,8,10,12,32,32,32,5784,0,4,4.985873824285593,1.982199988560751,47.50000000058208,24421.754840940524

1790084607,50,GET,[GET] /actuator/health,7.300000,0.000000,4,5,5,5,5,7,9,13,13,13,13,851,0,4,4.469472150437065,2.2021999902790412,47.50000000058208,49.0

1790084607,50,GET,[GET] /api/soporte/election/status,6.800000,0.000000,4,4,5,5,5,6,6,8,8,8,8,835,0,4,4.144257604329941,1.982199988560751,41.07420000946149,78.0

1790084607,50,GET,[GET] /api/soporte/tickets,13.500000,0.000000,6,7,7,8,9,10,12,16,32,32,32,1680,0,6,7.189683571414207,3.8745999918319285,42.932399999699555,84651.0

1790084607,50,GET,[GET] /health,21.700000,0.000000,4,4,4,5,5,6,8,9,11,11,11,2465,0,4,3.9383505071448655,2.02020000142511,31.771899986779317,83.99878296146045

1790084607,50,,Aggregated,49.300000,0.000000,4,5,6,6,7,8,9,12,32,32,32,5831,0,4,4.982109123602368,1.982199988560751,47.50000000058208,24443.074258274737

1790084608,50,GET,[GET] /actuator/health,7.200000,0.000000,4,5,5,5,5,7,9,13,13,13,13,859,0,4,4.469045983696285,2.2021999902790412,47.50000000058208,49.0

1790084608,50,GET,[GET] /api/soporte/election/status,6.600000,0.000000,4,4,5,5,5,6,7,8,8,8,8,842,0,4,4.14394097338539,1.982199988560751,41.07420000946149,78.0

1790084608,50,GET,[GET] /api/soporte/tickets,12.900000,0.000000,6,7,7,8,9,10,12,16,32,32,32,1693,0,6,7.182549143492531,3.8745999918319285,42.932399999699555,84651.0

1790084608,50,GET,[GET] /health,22.900000,0.000000,4,4,4,5,5,6,7,8,11,11,11,2492,0,4,3.9341928170711107,2.02020000142511,31.771899986779317,83.99879614767255

1790084608,50,,Aggregated,49.600000,0.000000,4,5,6,6,7,8,9,12,32,32,32,5886,0,4,4.976583927906842,1.982199988560751,47.50000000058208,24402.180598029223

1790084609,50,GET,[GET] /actuator/health,7.100000,0.000000,4,5,5,5,5,7,8,13,13,13,13,865,0,4,4.472277919066037,2.2021999902790412,47.50000000058208,49.0

1790084609,50,GET,[GET] /api/soporte/election/status,7.100000,0.000000,4,4,5,5,5,6,7,8,8,8,8,851,0,4,4.133276027726057,1.982199988560751,41.07420000946149,78.0

1790084609,50,GET,[GET] /api/soporte/tickets,12.700000,0.000000,6,7,7,8,9,10,12,16,32,32,32,1708,0,6,7.173086592454007,3.8745999918319285,42.932399999699555,84651.0

1790084609,50,GET,[GET] /health,21.500000,0.000000,4,4,4,5,5,6,7,8,11,11,11,2511,0,4,3.932888450884121,2.02020000142511,31.771899986779317,83.99880525686977

1790084609,50,,Aggregated,48.400000,0.000000,4,5,6,6,7,8,9,12,32,32,32,5935,0,4,4.9727132434150745,1.982199988560751,47.50000000058208,24415.09553496209

1790084610,50,GET,[GET] /actuator/health,7.400000,0.000000,4,5,5,5,6,8,8,13,13,13,13,870,0,4,4.469562643649185,2.2021999902790412,47.50000000058208,49.0

1790084610,50,GET,[GET] /api/soporte/election/status,7.300000,0.000000,4,4,5,5,5,6,7,8,8,8,8,859,0,4,4.132429219530142,1.982199988560751,41.07420000946149,78.0

1790084610,50,GET,[GET] /api/soporte/tickets,12.600000,0.000000,6,7,7,7,9,10,12,12,16,16,16,1722,0,6,7.168895354173397,3.8745999918319285,42.932399999699555,84651.0

1790084610,50,GET,[GET] /health,22.200000,0.000000,4,4,4,4,5,6,7,8,11,11,11,2536,0,4,3.9307188092059255,2.02020000142511,31.771899986779317,83.99881703470031

1790084610,50,,Aggregated,49.500000,0.000000,4,5,6,6,7,8,9,11,16,16,16,5987,0,4,4.9693363787512945,1.982199988560751,47.50000000058208,24401.482378486722

1790084611,50,GET,[GET] /actuator/health,7.000000,0.000000,4,5,5,5,5,8,8,13,13,13,13,875,0,4,4.466753257122556,2.2021999902790412,47.50000000058208,49.0

1790084611,50,GET,[GET] /api/soporte/election/status,6.900000,0.000000,4,4,4,5,5,5,7,8,8,8,8,866,0,4,4.12690057688098,1.982199988560751,41.07420000946149,78.0

1790084611,50,GET,[GET] /api/soporte/tickets,12.900000,0.000000,6,7,7,7,8,9,12,12,16,16,16,1734,0,6,7.165037600852328,3.8745999918319285,42.932399999699555,84651.0

1790084611,50,GET,[GET] /health,22.200000,0.000000,4,4,4,4,5,6,7,8,11,11,11,2557,0,4,3.925510363759246,2.02020000142511,31.771899986779317,83.99882675009778

1790084611,50,,Aggregated,49.000000,0.000000,4,5,5,6,7,8,9,11,16,16,16,6032,0,4,4.9641926723427545,1.982199988560751,47.50000000058208,24388.26956233422

1790084612,50,GET,[GET] /actuator/health,6.600000,0.000000,4,5,5,5,5,8,10,13,13,13,13,884,0,4,4.476028393677618,2.2021999902790412,47.50000000058208,49.0

1790084612,50,GET,[GET] /api/soporte/election/status,7.300000,0.000000,4,4,4,5,5,6,7,8,8,8,8,875,0,4,4.130272570947584,1.982199988560751,41.07420000946149,78.0

1790084612,50,GET,[GET] /api/soporte/tickets,12.400000,0.000000,6,7,7,7,8,9,12,12,16,16,16,1747,0,6,7.162308185387648,3.8745999918319285,42.932399999699555,84651.0

1790084612,50,GET,[GET] /health,22.200000,0.000000,4,4,4,4,5,6,7,7,9,9,9,2578,0,4,3.929813615271731,2.02020000142511,31.771899986779317,83.9988363072149

1790084612,50,,Aggregated,48.500000,0.000000,4,5,5,6,7,7,9,10,16,16,16,6084,0,4,4.966208004541896,1.982199988560751,47.50000000058208,24361.17882971729

1790084613,50,GET,[GET] /actuator/health,6.300000,0.000000,4,5,5,5,6,9,10,13,13,13,13,888,0,4,4.482476351358446,2.2021999902790412,47.50000000058208,49.0

1790084613,50,GET,[GET] /api/soporte/election/status,7.900000,0.000000,4,4,4,5,5,6,7,8,8,8,8,877,0,4,4.135206726995884,1.982199988560751,41.07420000946149,78.0

1790084613,50,GET,[GET] /api/soporte/tickets,12.300000,0.000000,6,7,7,7,9,9,12,12,16,16,16,1762,0,6,7.163614188348023,3.8745999918319285,42.932399999699555,84651.0

1790084613,50,GET,[GET] /health,22.200000,0.000000,4,4,4,4,5,6,7,8,14,14,14,2602,0,4,3.9354208301868505,2.02020000142511,31.771899986779317,83.9988470407379

1790084613,50,,Aggregated,48.700000,0.000000,4,5,6,6,7,8,9,12,16,16,16,6129,0,4,4.971327867449355,1.982199988560751,47.50000000058208,24389.8751835536

1790084614,50,GET,[GET] /actuator/health,6.600000,0.000000,4,5,5,5,6,8,9,10,10,10,10,894,0,4,4.477492281879294,2.2021999902790412,47.50000000058208,49.0

1790084614,50,GET,[GET] /api/soporte/election/status,7.500000,0.000000,4,4,4,4,5,6,7,7,7,7,7,884,0,4,4.129203958795047,1.982199988560751,41.07420000946149,78.0

1790084614,50,GET,[GET] /api/soporte/tickets,12.500000,0.000000,6,7,7,7,8,9,10,11,12,12,12,1779,0,6,7.15535817866579,3.8745999918319285,42.932399999699555,84651.0

1790084614,50,GET,[GET] /health,22.500000,0.000000,4,4,4,4,5,6,7,8,14,14,14,2621,0,4,3.9304234262301154,2.02020000142511,31.771899986779317,83.99885539870279

1790084614,50,,Aggregated,49.100000,0.000000,4,5,6,6,7,8,9,10,14,14,14,6178,0,4,4.966674716667285,1.982199988560751,47.50000000058208,24429.75849789576

1790084615,50,GET,[GET] /actuator/health,6.400000,0.000000,5,5,5,5,6,9,9,10,10,10,10,902,0,4,4.484315964522639,2.2021999902790412,47.50000000058208,49.0

1790084615,50,GET,[GET] /api/soporte/election/status,7.600000,0.000000,4,4,4,5,5,6,7,7,7,7,7,897,0,4,4.123508360718637,1.982199988560751,41.07420000946149,78.0

1790084615,50,GET,[GET] /api/soporte/tickets,12.200000,0.000000,6,7,7,7,8,9,10,11,12,12,12,1793,0,6,7.15073201329693,3.8745999918319285,42.932399999699555,84651.0

1790084615,50,GET,[GET] /health,22.800000,0.000000,4,4,4,4,5,6,7,8,14,14,14,2645,0,4,3.931839621999074,2.02020000142511,31.771899986779317,83.99886578449906

1790084615,50,,Aggregated,49.000000,0.000000,4,5,6,6,7,8,9,10,14,14,14,6237,0,4,4.964665432033507,1.982199988560751,47.50000000058208,24389.223023889692

1790084616,50,GET,[GET] /actuator/health,6.100000,0.000000,5,5,5,5,6,9,9,10,10,10,10,907,0,4,4.484325468575745,2.2021999902790412,47.50000000058208,49.0

1790084616,50,GET,[GET] /api/soporte/election/status,7.200000,0.000000,4,4,4,5,5,6,7,8,8,8,8,901,0,4,4.126621087201376,1.982199988560751,41.07420000946149,78.0

1790084616,50,GET,[GET] /api/soporte/tickets,13.200000,0.000000,6,7,7,7,8,9,10,11,12,12,12,1806,0,6,7.143252159354799,3.8745999918319285,42.932399999699555,84651.0

1790084616,50,GET,[GET] /health,22.100000,0.000000,4,4,4,4,5,6,7,8,14,14,14,2665,0,4,3.926996810574261,2.02020000142511,31.771899986779317,83.99887429643528

1790084616,50,,Aggregated,48.600000,0.000000,4,5,6,6,7,8,9,10,14,14,14,6279,0,4,4.961224510199365,1.982199988560751,47.50000000058208,24401.70154483198

1790084617,50,GET,[GET] /actuator/health,6.600000,0.000000,4,5,5,5,6,9,9,10,10,10,10,913,0,4,4.480421358170161,2.2021999902790412,47.50000000058208,49.0

1790084617,50,GET,[GET] /api/soporte/election/status,7.700000,0.000000,4,4,5,5,5,6,7,8,8,8,8,911,0,4,4.123402743778701,1.982199988560751,41.07420000946149,78.0

1790084617,50,GET,[GET] /api/soporte/tickets,13.600000,0.000000,6,7,7,7,8,9,11,12,27,27,27,1823,0,6,7.14941190335569,3.8745999918319285,42.932399999699555,84651.0

1790084617,50,GET,[GET] /health,21.000000,0.000000,4,4,4,4,5,6,7,8,14,14,14,2689,0,4,3.9238125326129403,2.02020000142511,31.771899986779317,83.99888434362217

1790084617,50,,Aggregated,48.900000,0.000000,4,5,6,6,7,8,9,10,27,27,27,6336,0,4,4.9607882575134745,1.982199988560751,47.50000000058208,24409.79182449495

1790084618,50,GET,[GET] /actuator/health,6.200000,0.000000,4,5,5,5,6,9,9,10,10,10,10,918,0,4,4.478091285412463,2.2021999902790412,47.50000000058208,49.0

1790084618,50,GET,[GET] /api/soporte/election/status,7.900000,0.000000,4,4,5,5,5,6,7,8,8,8,8,920,0,4,4.113619564731894,1.982199988560751,41.07420000946149,78.0

1790084618,50,GET,[GET] /api/soporte/tickets,13.900000,0.000000,6,7,7,7,8,9,11,12,27,27,27,1837,0,6,7.1433467609112276,3.8745999918319285,42.932399999699555,84651.0

1790084618,50,GET,[GET] /health,20.800000,0.000000,4,4,4,4,5,6,7,8,14,14,14,2710,0,4,3.922448524045612,2.02020000142511,31.771899986779317,83.9988929889299

1790084618,50,,Aggregated,48.800000,0.000000,4,5,6,6,7,8,9,10,27,27,27,6385,0,4,4.956551495617778,1.982199988560751,47.50000000058208,24408.498981989036

1790084619,50,GET,[GET] /actuator/health,6.200000,0.000000,4,5,5,5,6,9,9,10,10,10,10,924,0,4,4.474672402611916,2.2021999902790412,47.50000000058208,49.0

1790084619,50,GET,[GET] /api/soporte/election/status,7.300000,0.000000,4,4,4,5,5,6,7,8,8,8,8,928,0,4,4.109644934879756,1.982199988560751,41.07420000946149,78.0

1790084619,50,GET,[GET] /api/soporte/tickets,14.200000,0.000000,6,7,7,7,8,9,12,27,310,310,310,1853,0,6,7.299423961036264,3.8745999918319285,312.9625000001397,84651.0

1790084619,50,GET,[GET] /health,21.800000,0.000000,3,4,4,4,5,6,7,8,14,14,14,2734,0,4,3.9185842356236478,2.02020000142511,31.771899986779317,83.9989027066569

1790084619,50,,Aggregated,49.500000,0.000000,4,5,6,6,7,8,9,11,310,310,310,6439,0,4,4.998849153529597,1.982199988560751,312.9625000001397,24414.60102500388

1790084620,50,GET,[GET] /actuator/health,5.800000,0.000000,4,5,5,5,6,9,9,10,10,10,10,932,0,4,4.471612982854123,2.2021999902790412,47.50000000058208,49.0

1790084620,50,GET,[GET] /api/soporte/election/status,7.600000,0.000000,4,4,5,5,5,6,7,8,8,8,8,936,0,4,4.108985042262053,1.982199988560751,41.07420000946149,78.0

1790084620,50,GET,[GET] /api/soporte/tickets,14.600000,0.000000,6,7,7,8,8,9,17,27,310,310,310,1866,0,6,7.2997802249553345,3.8745999918319285,312.9625000001397,84651.0

1790084620,50,GET,[GET] /health,21.500000,0.000000,3,4,4,5,5,6,7,8,14,14,14,2754,0,4,3.913476034938784,2.02020000142511,31.771899986779317,83.99891067538127

1790084620,50,,Aggregated,49.500000,0.000000,4,5,6,6,7,8,9,12,310,310,310,6488,0,4,4.995785480820806,1.982199988560751,312.9625000001397,24400.242755856965

1790084621,50,GET,[GET] /actuator/health,5.900000,0.000000,4,5,5,5,6,9,9,10,10,10,10,940,0,4,4.468720425551935,2.2021999902790412,47.50000000058208,49.0

1790084621,50,GET,[GET] /api/soporte/election/status,7.400000,0.000000,4,4,5,5,5,6,7,8,8,8,8,943,0,4,4.110201908348198,1.982199988560751,41.07420000946149,78.0

1790084621,50,GET,[GET] /api/soporte/tickets,14.400000,0.000000,6,7,7,8,8,9,17,27,310,310,310,1879,0,6,7.293094145701298,3.8745999918319285,312.9625000001397,84651.0

1790084621,50,GET,[GET] /health,22.000000,0.000000,4,4,4,4,5,6,7,8,14,14,14,2776,0,4,3.9124663545651868,2.02020000142511,31.771899986779317,83.99891930835734

1790084621,50,,Aggregated,49.700000,0.000000,4,5,6,6,7,8,9,12,310,310,310,6538,0,4,4.9925433006480375,1.982199988560751,312.9625000001397,24382.383603548486

1790084622,50,GET,[GET] /actuator/health,5.900000,0.000000,4,4,5,5,5,6,7,9,9,9,9,946,0,4,4.463971458826717,2.2021999902790412,47.50000000058208,49.0

1790084622,50,GET,[GET] /api/soporte/election/status,7.800000,0.000000,4,4,4,5,5,5,7,8,8,8,8,948,0,4,4.107819197871104,1.982199988560751,41.07420000946149,78.0

1790084622,50,GET,[GET] /api/soporte/tickets,14.000000,0.000000,6,7,7,8,9,10,21,27,310,310,310,1895,0,6,7.305052559233042,3.8745999918319285,312.9625000001397,84651.0

1790084622,50,GET,[GET] /health,21.600000,0.000000,3,4,4,4,5,6,6,7,8,8,8,2803,0,4,3.916274420341395,2.02020000142511,31.771899986779317,83.99892971815912

1790084622,50,,Aggregated,49.300000,0.000000,4,5,6,6,7,8,9,15,310,310,310,6592,0,4,4.99659001814251,1.982199988560751,312.9625000001397,24388.56067961165

1790084623,50,GET,[GET] /actuator/health,6.200000,0.000000,4,4,5,5,5,6,7,9,9,9,9,957,0,4,4.462397074193792,2.2021999902790412,47.50000000058208,49.0

1790084623,50,GET,[GET] /api/soporte/election/status,7.500000,0.000000,4,4,4,5,5,5,7,8,8,8,8,954,0,4,4.103599265813281,1.982199988560751,41.07420000946149,78.0

1790084623,50,GET,[GET] /api/soporte/tickets,14.300000,0.000000,6,7,7,8,8,10,21,27,310,310,310,1905,0,6,7.2998302360875,3.8745999918319285,312.9625000001397,84651.0

1790084623,50,GET,[GET] /health,21.800000,0.000000,4,4,4,4,5,6,6,7,8,8,8,2827,0,4,3.913720410384223,2.02020000142511,31.771899986779317,83.99893880438627

1790084623,50,,Aggregated,49.800000,0.000000,4,5,6,6,7,8,9,15,310,310,310,6643,0,4,4.9910600480945675,1.982199988560751,312.9625000001397,24329.207436399218

1790084624,50,GET,[GET] /actuator/health,6.400000,0.000000,4,4,5,5,5,5,7,7,7,7,7,964,0,4,4.461457676370628,2.2021999902790412,47.50000000058208,49.0

1790084624,50,GET,[GET] /api/soporte/election/status,7.500000,0.000000,4,4,4,5,5,6,7,8,8,8,8,961,0,4,4.105739957935484,1.982199988560751,41.07420000946149,78.0

1790084624,50,GET,[GET] /api/soporte/tickets,14.100000,0.000000,6,7,7,8,9,10,21,27,310,310,310,1918,0,6,7.295644994663308,3.8745999918319285,312.9625000001397,84651.0

1790084624,50,GET,[GET] /health,21.800000,0.000000,3,4,4,4,5,6,6,7,8,8,8,2848,0,4,3.911206952298936,2.02020000142511,31.771899986779317,83.99894662921348

1790084624,50,,Aggregated,49.800000,0.000000,4,5,6,6,7,8,9,15,310,310,310,6691,0,4,4.988585532731861,1.982199988560751,312.9625000001397,24319.53982962188

1790084625,50,GET,[GET] /actuator/health,6.700000,0.000000,4,4,5,5,5,6,7,7,7,7,7,972,0,4,4.459221604943214,2.2021999902790412,47.50000000058208,49.0

1790084625,50,GET,[GET] /api/soporte/election/status,7.400000,0.000000,4,4,4,5,5,5,7,7,7,7,7,968,0,4,4.100412086339298,1.982199988560751,41.07420000946149,78.0

1790084625,50,GET,[GET] /api/soporte/tickets,14.300000,0.000000,6,7,7,8,9,10,21,27,310,310,310,1932,0,6,7.285678674828206,3.8745999918319285,312.9625000001397,84651.0

1790084625,50,GET,[GET] /health,22.100000,0.000000,3,4,4,4,5,6,6,7,8,8,8,2870,0,4,3.909470662080159,2.02020000142511,31.771899986779317,83.99895470383275

1790084625,50,,Aggregated,50.500000,0.000000,4,5,6,6,7,8,9,15,310,310,310,6742,0,4,4.983636057478403,1.982199988560751,312.9625000001397,24311.768169682586

1790084626,50,GET,[GET] /actuator/health,6.900000,0.000000,4,4,5,5,5,6,7,7,7,7,7,980,0,4,4.456195612250927,2.2021999902790412,47.50000000058208,49.0

1790084626,50,GET,[GET] /api/soporte/election/status,7.600000,0.000000,4,4,4,5,5,6,7,7,7,7,7,978,0,4,4.099182310385119,1.982199988560751,41.07420000946149,78.0

1790084626,50,GET,[GET] /api/soporte/tickets,14.100000,0.000000,6,7,7,7,9,10,17,21,310,310,310,1944,0,6,7.281762911401746,3.8745999918319285,312.9625000001397,84651.0

1790084626,50,GET,[GET] /health,22.200000,0.000000,4,4,4,4,5,6,7,7,8,8,8,2896,0,4,3.912737810856141,2.02020000142511,31.771899986779317,83.99896408839778

1790084626,50,,Aggregated,50.800000,0.000000,4,5,6,6,7,8,9,10,310,310,310,6798,0,4,4.981333892257566,1.982199988560751,312.9625000001397,24261.416446013533

1790084627,50,GET,[GET] /actuator/health,6.800000,0.000000,4,4,5,5,5,6,7,7,7,7,7,988,0,4,4.454714372451393,2.2021999902790412,47.50000000058208,49.0

1790084627,50,GET,[GET] /api/soporte/election/status,7.200000,0.000000,4,4,5,5,5,6,7,7,7,7,7,984,0,4,4.105447662131916,1.982199988560751,41.07420000946149,78.0

1790084627,50,GET,[GET] /api/soporte/tickets,13.700000,0.000000,6,7,7,8,9,12,21,34,310,310,310,1955,0,6,7.300566700647425,3.8745999918319285,312.9625000001397,84651.0

1790084627,50,GET,[GET] /health,23.100000,0.000000,4,4,4,4,5,6,7,7,8,8,8,2918,0,4,3.9125595271626947,2.02020000142511,31.771899986779317,83.99897189856065

1790084627,50,,Aggregated,50.800000,0.000000,4,5,6,6,7,8,10,17,310,310,310,6845,0,4,4.986190635434075,1.982199988560751,312.9625000001397,24231.260482103724

1790084628,50,GET,[GET] /actuator/health,7.300000,0.000000,4,4,5,5,5,6,7,7,7,7,7,993,0,4,4.451923867036806,2.2021999902790412,47.50000000058208,49.0

1790084628,50,GET,[GET] /api/soporte/election/status,7.000000,0.000000,4,4,5,5,5,6,7,7,7,7,7,987,0,4,4.104614690521882,1.982199988560751,41.07420000946149,78.0

1790084628,50,GET,[GET] /api/soporte/tickets,13.700000,0.000000,6,7,7,8,9,12,21,34,310,310,310,1974,0,6,7.29147436665423,3.8745999918319285,312.9625000001397,84651.0

1790084628,50,GET,[GET] /health,23.500000,0.000000,4,4,4,4,5,6,7,7,8,8,8,2941,0,4,3.909191159559658,2.02020000142511,31.771899986779317,83.99897993879632

1790084628,50,,Aggregated,51.500000,0.000000,4,5,6,6,7,8,10,17,310,310,310,6895,0,4,4.983657244315163,1.982199988560751,312.9625000001397,24289.159970993474

1790084629,50,GET,[GET] /actuator/health,7.100000,0.000000,4,4,5,5,5,6,7,7,7,7,7,1001,0,4,4.448317682276225,2.2021999902790412,47.50000000058208,49.0

1790084629,50,GET,[GET] /api/soporte/election/status,7.500000,0.000000,4,4,4,5,5,6,7,7,7,7,7,994,0,4,4.100810965310321,1.982199988560751,41.07420000946149,78.0

1790084629,50,GET,[GET] /api/soporte/tickets,13.300000,0.000000,6,7,7,8,9,12,18,21,34,34,34,1988,0,6,7.288046076359338,3.8745999918319285,312.9625000001397,84651.0

1790084629,50,GET,[GET] /health,22.400000,0.000000,4,4,4,4,5,6,7,7,8,8,8,2961,0,4,3.9062618710750074,2.02020000142511,31.771899986779317,83.99898682877406

1790084629,50,,Aggregated,50.300000,0.000000,4,5,6,6,7,8,10,17,34,34,34,6944,0,4,4.980421817328978,1.982199988560751,312.9625000001397,24288.8090437788

1790084630,50,GET,[GET] /actuator/health,7.400000,0.000000,4,4,5,5,5,6,6,7,7,7,7,1005,0,4,4.444689651695196,2.2021999902790412,47.50000000058208,49.0

1790084630,50,GET,[GET] /api/soporte/election/status,7.000000,0.000000,4,4,4,5,5,7,7,7,7,7,7,1000,0,4,4.096777599523193,1.982199988560751,41.07420000946149,78.0

1790084630,50,GET,[GET] /api/soporte/tickets,13.000000,0.000000,6,7,7,7,9,10,18,21,34,34,34,2004,0,6,7.2791147703502865,3.8745999918319285,312.9625000001397,84651.0

1790084630,50,GET,[GET] /health,22.600000,0.000000,4,4,4,4,5,6,7,7,8,8,8,2984,0,4,3.904713639488683,2.02020000142511,31.771899986779317,83.9989946380697

1790084630,50,,Aggregated,50.000000,0.000000,4,5,6,6,7,8,10,15,34,34,34,6993,0,4,4.9767913913189,1.982199988560751,312.9625000001397,24312.6700986701

1790084631,50,GET,[GET] /actuator/health,7.500000,0.000000,4,5,5,5,5,6,6,7,7,7,7,1016,0,4,4.446211909381654,2.2021999902790412,47.50000000058208,49.0

1790084631,50,GET,[GET] /api/soporte/election/status,6.800000,0.000000,4,4,4,4,5,7,7,8,8,8,8,1003,0,4,4.098302791143372,1.982199988560751,41.07420000946149,78.0

1790084631,50,GET,[GET] /api/soporte/tickets,13.600000,0.000000,6,7,7,7,9,12,18,21,34,34,34,2019,0,6,7.2801072311801205,3.8745999918319285,312.9625000001397,84651.0

1790084631,50,GET,[GET] /health,22.500000,0.000000,4,4,4,4,5,6,7,7,8,8,8,3006,0,4,3.904307551644197,2.02020000142511,31.771899986779317,83.99900199600799

1790084631,50,,Aggregated,50.400000,0.000000,4,5,6,6,7,8,10,15,34,34,34,7044,0,4,4.977687961306599,1.982199988560751,312.9625000001397,24317.275411697898

1790084632,50,GET,[GET] /actuator/health,7.300000,0.000000,4,4,5,5,6,6,9,11,11,11,11,1026,0,4,4.45485847945857,2.2021999902790412,47.50000000058208,49.0

1790084632,50,GET,[GET] /api/soporte/election/status,6.600000,0.000000,4,4,4,4,5,7,7,8,8,8,8,1007,0,4,4.095806355039356,1.982199988560751,41.07420000946149,78.0

1790084632,50,GET,[GET] /api/soporte/tickets,14.500000,0.000000,6,7,7,7,9,12,18,18,34,34,34,2032,0,6,7.289570177044522,3.8745999918319285,312.9625000001397,84651.0

1790084632,50,GET,[GET] /health,23.000000,0.000000,4,4,4,4,5,6,7,7,8,8,8,3030,0,4,3.906633696457749,2.02020000142511,31.771899986779317,83.9990099009901

1790084632,50,,Aggregated,51.400000,0.000000,4,5,6,6,7,8,11,12,34,34,34,7095,0,4,4.981630514372173,1.982199988560751,312.9625000001397,24297.980126849896

1790084633,50,GET,[GET] /actuator/health,7.700000,0.000000,4,5,5,5,6,6,9,11,11,11,11,1036,0,4,4.45230164086225,2.2021999902790412,47.50000000058208,49.0

1790084633,50,GET,[GET] /api/soporte/election/status,6.000000,0.000000,4,4,4,4,5,7,7,8,8,8,8,1014,0,4,4.088036390030054,1.982199988560751,41.07420000946149,78.0

1790084633,50,GET,[GET] /api/soporte/tickets,13.900000,0.000000,6,7,7,8,10,12,18,18,34,34,34,2043,0,6,7.28677929504493,3.8745999918319285,312.9625000001397,84651.0

1790084633,50,GET,[GET] /health,22.900000,0.000000,4,4,4,5,5,6,7,8,9,9,9,3059,0,4,3.9057773456159577,2.02020000142511,31.771899986779317,83.9990192873488

1790084633,50,,Aggregated,50.500000,0.000000,4,5,6,6,7,8,11,12,34,34,34,7152,0,4,4.9765822706151805,1.982199988560751,312.9625000001397,24235.011465324384

1790084634,50,GET,[GET] /actuator/health,7.500000,0.000000,4,5,5,5,6,6,9,11,11,11,11,1041,0,4,4.450189337140176,2.2021999902790412,47.50000000058208,49.0

1790084634,50,GET,[GET] /api/soporte/election/status,5.900000,0.000000,4,4,4,4,5,7,7,8,8,8,8,1022,0,4,4.083434930983079,1.982199988560751,41.07420000946149,78.0

1790084634,50,GET,[GET] /api/soporte/tickets,13.800000,0.000000,6,7,7,8,10,12,18,31,34,34,34,2054,0,6,7.290860223845443,3.8745999918319285,312.9625000001397,84651.0

1790084634,50,GET,[GET] /health,22.700000,0.000000,4,4,4,5,5,6,7,8,9,9,9,3079,0,4,3.9033287756451482,2.02020000142511,31.771899986779317,83.99902565768106

1790084634,50,,Aggregated,49.900000,0.000000,4,5,6,6,7,8,11,17,34,34,34,7196,0,4,4.974943551892382,1.982199988560751,312.9625000001397,24216.580322401333

1790084635,50,GET,[GET] /actuator/health,7.600000,0.000000,4,5,5,5,6,6,9,11,11,11,11,1047,0,4,4.446610697183078,2.2021999902790412,47.50000000058208,49.0

1790084635,50,GET,[GET] /api/soporte/election/status,5.800000,0.000000,4,4,4,4,5,6,7,8,8,8,8,1029,0,4,4.081331389155524,1.982199988560751,41.07420000946149,78.0

1790084635,50,GET,[GET] /api/soporte/tickets,13.900000,0.000000,6,7,7,7,10,12,18,31,34,34,34,2064,0,6,7.284231831278682,3.8745999918319285,312.9625000001397,84651.0

1790084635,50,GET,[GET] /health,23.000000,0.000000,3,4,4,4,5,6,7,8,9,9,9,3111,0,4,3.8973046609280466,2.02020000142511,31.771899986779317,83.9990356798457

1790084635,50,,Aggregated,50.300000,0.000000,4,5,6,6,7,8,11,17,34,34,34,7251,0,4,4.966826741042349,1.982199988560751,312.9625000001397,24150.124120810924

1790084636,50,GET,[GET] /actuator/health,7.900000,0.000000,4,5,5,5,6,6,9,11,11,11,11,1053,0,4,4.443834662847712,2.2021999902790412,47.50000000058208,49.0

1790084636,50,GET,[GET] /api/soporte/election/status,5.800000,0.000000,4,4,4,4,5,6,7,8,8,8,8,1033,0,4,4.080643271489248,1.982199988560751,41.07420000946149,78.0

1790084636,50,GET,[GET] /api/soporte/tickets,13.700000,0.000000,6,7,7,7,9,12,18,18,31,31,31,2076,0,6,7.279118448819148,3.8745999918319285,312.9625000001397,84651.0

1790084636,50,GET,[GET] /health,23.200000,0.000000,3,4,4,4,5,6,7,7,9,9,9,3134,0,4,3.8945489789888748,2.02020000142511,31.771899986779317,83.99904275686025

1790084636,50,,Aggregated,50.600000,0.000000,4,5,6,6,7,8,11,12,31,31,31,7296,0,4,4.963216666574386,1.982199988560751,312.9625000001397,24140.748355263157

1790084637,50,GET,[GET] /actuator/health,7.700000,0.000000,4,4,5,5,6,6,9,11,11,11,11,1053,0,4,4.443834662847712,2.2021999902790412,47.50000000058208,49.0

1790084637,50,GET,[GET] /api/soporte/election/status,6.200000,0.000000,3,4,4,4,4,5,5,8,8,8,8,1037,0,4,4.076270394841916,1.982199988560751,41.07420000946149,78.0

1790084637,50,GET,[GET] /api/soporte/tickets,13.400000,0.000000,6,7,7,7,9,11,17,18,31,31,31,2094,0,6,7.26809321859801,3.8745999918319285,312.9625000001397,84651.0

1790084637,50,GET,[GET] /health,23.100000,0.000000,3,4,4,4,5,6,7,7,9,9,9,3154,0,4,3.8902917882653023,2.02020000142511,31.771899986779317,83.9990488268865

1790084637,50,,Aggregated,50.400000,0.000000,4,5,6,6,7,8,10,12,31,31,31,7338,0,4,4.959909757340243,1.982199988560751,312.9625000001397,24210.494685200327

1790084638,50,GET,[GET] /actuator/health,7.100000,0.000000,4,4,5,5,6,6,9,11,11,11,11,1062,0,4,4.44026064028917,2.2021999902790412,47.50000000058208,49.0

1790084638,50,GET,[GET] /api/soporte/election/status,6.000000,0.000000,3,4,4,4,5,5,7,8,8,8,8,1044,0,4,4.078154884520972,1.982199988560751,41.07420000946149,78.0

1790084638,50,GET,[GET] /api/soporte/tickets,12.900000,0.000000,6,7,7,7,9,11,17,31,31,31,31,2109,0,6,7.276651256379867,3.8745999918319285,312.9625000001397,84651.0

1790084638,50,GET,[GET] /health,23.100000,0.000000,3,4,4,4,5,6,7,7,9,9,9,3178,0,4,3.8904668030830463,2.02020000142511,31.771899986779317,83.99905601006922

1790084638,50,,Aggregated,49.100000,0.000000,4,5,6,6,7,8,10,12,31,31,31,7393,0,4,4.961924996527804,1.982199988560751,312.9625000001397,24202.53997024212

1790084639,50,GET,[GET] /actuator/health,7.000000,0.000000,4,4,5,5,6,6,10,11,11,11,11,1067,0,4,4.441756044988321,2.2021999902790412,47.50000000058208,49.0

1790084639,50,GET,[GET] /api/soporte/election/status,5.500000,0.000000,3,4,4,4,5,7,8,8,8,8,8,1049,0,4,4.078595423673655,1.982199988560751,41.07420000946149,78.0

1790084639,50,GET,[GET] /api/soporte/tickets,13.300000,0.000000,6,7,7,7,9,11,17,31,31,31,31,2126,0,6,7.270482031855516,3.8745999918319285,312.9625000001397,84651.0

1790084639,50,GET,[GET] /health,24.100000,0.000000,3,4,4,4,5,6,7,7,9,9,9,3200,0,4,3.885519375066906,2.02020000142511,31.771899986779317,83.9990625

1790084639,50,,Aggregated,49.900000,0.000000,4,5,6,6,7,8,10,12,31,31,31,7442,0,4,4.959487651085075,1.982199988560751,312.9625000001397,24236.889008331094

1790084640,50,GET,[GET] /actuator/health,6.500000,0.000000,4,4,5,5,5,6,10,11,11,11,11,1075,0,4,4.436496744178734,2.2021999902790412,47.50000000058208,49.0

1790084640,50,GET,[GET] /api/soporte/election/status,5.400000,0.000000,3,4,4,4,5,7,8,8,8,8,8,1058,0,4,4.074792343526634,1.982199988560751,41.07420000946149,78.0

1790084640,50,GET,[GET] /api/soporte/tickets,13.700000,0.000000,6,7,7,8,9,11,17,31,31,31,31,2141,0,6,7.267051284333138,3.8745999918319285,312.9625000001397,84651.0

1790084640,50,GET,[GET] /health,23.800000,0.000000,3,4,4,4,5,6,7,8,9,9,9,3223,0,4,3.881179646361594,2.02020000142511,31.771899986779317,83.99906919019547

1790084640,50,,Aggregated,49.400000,0.000000,4,5,6,6,7,8,11,12,31,31,31,7497,0,4,4.955070441433104,1.982199988560751,312.9625000001397,24228.854074963318

1790084641,50,GET,[GET] /actuator/health,6.800000,0.000000,4,4,5,5,5,6,10,11,11,11,11,1082,0,4,4.4315677449035515,2.2021999902790412,47.50000000058208,49.0

1790084641,50,GET,[GET] /api/soporte/election/status,5.500000,0.000000,3,4,4,4,5,6,7,8,8,8,8,1063,0,4,4.073967732305561,1.982199988560751,41.07420000946149,78.0

1790084641,50,GET,[GET] /api/soporte/tickets,13.300000,0.000000,6,7,7,7,9,10,17,31,31,31,31,2155,0,6,7.258734524262455,3.8745999918319285,312.9625000001397,84651.0

1790084641,50,GET,[GET] /health,23.500000,0.000000,3,4,4,4,5,6,7,8,9,9,9,3236,0,3,3.8808822003198595,2.0076000073459,31.771899986779317,83.99907292954265

1790084641,50,,Aggregated,49.100000,0.000000,4,5,6,6,7,8,10,11,31,31,31,7536,0,4,4.953117263727058,1.982199988560751,312.9625000001397,24260.968418259024

1790084642,50,GET,[GET] /actuator/health,6.900000,0.000000,4,4,5,5,5,6,7,10,10,10,10,1090,0,4,4.435515412839168,2.2021999902790412,47.50000000058208,49.0

1790084642,50,GET,[GET] /api/soporte/election/status,5.000000,0.000000,3,4,4,4,5,6,7,8,8,8,8,1070,0,4,4.072009251783732,1.982199988560751,41.07420000946149,78.0

1790084642,50,GET,[GET] /api/soporte/tickets,13.600000,0.000000,6,7,7,7,8,9,11,31,31,31,31,2165,0,6,7.25796545026141,3.8745999918319285,312.9625000001397,84651.0

1790084642,50,GET,[GET] /health,23.400000,0.000000,3,4,4,4,5,6,8,8,10,10,10,3268,0,4,3.8887505202645074,2.0076000073459,31.771899986779317,83.99908200734394

1790084642,50,,Aggregated,48.900000,0.000000,4,5,6,6,7,8,9,10,31,31,31,7593,0,4,4.953732859139161,1.982199988560751,312.9625000001397,24190.80653233241

1790084643,50,GET,[GET] /actuator/health,6.700000,0.000000,4,4,5,5,6,8,9,10,10,10,10,1101,0,4,4.445145504074814,2.2021999902790412,47.50000000058208,49.0

1790084643,50,GET,[GET] /api/soporte/election/status,5.900000,0.000000,4,4,4,5,5,6,7,8,8,8,8,1076,0,4,4.0735889399685155,1.982199988560751,41.07420000946149,78.0

1790084643,50,GET,[GET] /api/soporte/tickets,13.700000,0.000000,6,7,7,7,8,9,11,31,31,31,31,2186,0,6,7.249767520496217,3.8745999918319285,312.9625000001397,84651.0

1790084643,50,GET,[GET] /health,23.000000,0.000000,3,4,4,4,6,6,7,8,10,10,10,3279,0,4,3.888554955850873,2.0076000073459,31.771899986779317,83.99908508691674

1790084643,50,,Aggregated,49.300000,0.000000,4,5,6,6,7,8,9,10,31,31,31,7642,0,4,4.956274587729945,1.982199988560751,312.9625000001397,24268.567914158597

1790084644,50,GET,[GET] /actuator/health,6.500000,0.000000,4,4,5,5,6,8,9,10,10,10,10,1107,0,4,4.439745980116994,2.2021999902790412,47.50000000058208,49.0

1790084644,50,GET,[GET] /api/soporte/election/status,6.300000,0.000000,4,4,4,4,5,6,7,8,8,8,8,1083,0,4,4.07243804193604,1.982199988560751,41.07420000946149,78.0

1790084644,50,GET,[GET] /api/soporte/tickets,13.800000,0.000000,6,7,7,7,8,9,10,11,31,31,31,2196,0,6,7.246727732154433,3.8745999918319285,312.9625000001397,84651.0

1790084644,50,GET,[GET] /health,23.100000,0.000000,3,4,4,4,5,6,7,8,10,10,10,3303,0,4,3.8878224947590034,2.0076000073459,31.771899986779317,83.99909173478656

1790084644,50,,Aggregated,49.700000,0.000000,4,5,6,6,7,8,9,10,31,31,31,7689,0,4,4.952599947900425,1.982199988560751,312.9625000001397,24230.68825595006

1790084645,50,GET,[GET] /actuator/health,6.400000,0.000000,4,4,5,5,6,8,9,10,10,10,10,1113,0,4,4.438249865201761,2.2021999902790412,47.50000000058208,49.0

1790084645,50,GET,[GET] /api/soporte/election/status,6.400000,0.000000,4,4,4,4,5,6,7,8,8,8,8,1088,0,4,4.071128951676762,1.982199988560751,41.07420000946149,78.0

1790084645,50,GET,[GET] /api/soporte/tickets,13.400000,0.000000,6,7,7,7,8,9,10,11,31,31,31,2210,0,6,7.238821900373049,3.8745999918319285,312.9625000001397,84651.0

1790084645,50,GET,[GET] /health,22.900000,0.000000,3,4,4,4,5,6,7,8,10,10,10,3327,0,4,3.8846393748780885,2.0076000073459,31.771899986779317,83.99909828674481

1790084645,50,,Aggregated,49.100000,0.000000,4,5,6,6,7,8,9,10,31,31,31,7738,0,4,4.948455931692648,1.982199988560751,312.9625000001397,24230.75420005169

1790084646,50,GET,[GET] /actuator/health,6.400000,0.000000,4,4,4,5,6,8,9,10,10,10,10,1126,0,4,4.429419893405105,2.2021999902790412,47.50000000058208,49.0

1790084646,50,GET,[GET] /api/soporte/election/status,6.400000,0.000000,4,4,4,4,5,6,7,8,8,8,8,1092,0,4,4.068133515962946,1.982199988560751,41.07420000946149,78.0

1790084646,50,GET,[GET] /api/soporte/tickets,13.900000,0.000000,6,7,7,7,8,9,11,11,31,31,31,2222,0,6,7.233561026030142,3.8745999918319285,312.9625000001397,84651.0

1790084646,50,GET,[GET] /health,21.700000,0.000000,3,4,4,4,6,6,7,8,10,10,10,3351,0,3,3.8807455983988217,2.0076000073459,31.771899986779317,83.99910474485229

1790084646,50,,Aggregated,48.400000,0.000000,4,5,6,6,7,8,9,10,31,31,31,7791,0,4,4.942533654149546,1.982199988560751,312.9625000001397,24196.68245411372

1790084647,50,GET,[GET] /actuator/health,6.200000,0.000000,4,4,4,5,6,9,10,11,11,11,11,1132,0,4,4.439431978750591,2.2021999902790412,47.50000000058208,49.0

1790084647,50,GET,[GET] /api/soporte/election/status,5.600000,0.000000,4,4,4,4,6,7,8,8,8,8,8,1098,0,4,4.072083697111672,1.982199988560751,41.07420000946149,78.0

1790084647,50,GET,[GET] /api/soporte/tickets,14.300000,0.000000,6,7,7,7,8,9,11,11,14,14,14,2238,0,6,7.2332806969575945,3.8745999918319285,312.9625000001397,84651.0

1790084647,50,GET,[GET] /health,21.800000,0.000000,3,4,4,4,6,7,8,8,12,12,12,3378,0,4,3.883850562527926,2.0076000073459,31.771899986779317,83.99911190053285

1790084647,50,,Aggregated,47.900000,0.000000,4,5,6,6,7,8,10,11,14,14,14,7846,0,4,4.9457448762917045,1.982199988560751,312.9625000001397,24200.07634463421

1790084648,50,GET,[GET] /actuator/health,6.900000,0.000000,4,4,5,5,6,8,10,11,11,11,11,1142,0,4,4.438164798573337,2.2021999902790412,47.50000000058208,49.0

1790084648,50,GET,[GET] /api/soporte/election/status,6.100000,0.000000,4,4,4,4,5,6,7,8,8,8,8,1101,0,4,4.070944322835545,1.982199988560751,41.07420000946149,78.0

1790084648,50,GET,[GET] /api/soporte/tickets,14.700000,0.000000,6,7,7,7,8,9,11,11,14,14,14,2253,0,6,7.228874078917621,3.8745999918319285,312.9625000001397,84651.0

1790084648,50,GET,[GET] /health,21.100000,0.000000,3,4,4,4,6,7,8,8,12,12,12,3400,0,3,3.881484441247748,2.0076000073459,31.771899986779317,83.99911764705882

1790084648,50,,Aggregated,48.800000,0.000000,4,5,6,6,7,8,10,11,14,14,14,7896,0,4,4.943540311481311,1.982199988560751,312.9625000001397,24207.970618034447

1790084649,50,GET,[GET] /actuator/health,7.600000,0.000000,4,4,5,5,6,8,10,11,11,11,11,1151,0,4,4.436403735873364,2.2021999902790412,47.50000000058208,49.0

1790084649,50,GET,[GET] /api/soporte/election/status,6.100000,0.000000,4,4,4,4,6,6,8,10,10,10,10,1110,0,4,4.074667206729934,1.982199988560751,41.07420000946149,78.0

1790084649,50,GET,[GET] /api/soporte/tickets,14.200000,0.000000,6,7,7,7,8,10,14,26,27,27,27,2264,0,6,7.240904726061,3.8745999918319285,312.9625000001397,84651.0

1790084649,50,GET,[GET] /health,21.800000,0.000000,3,4,4,4,6,7,8,8,12,12,12,3424,0,3,3.878604380915761,2.0076000073459,31.771899986779317,83.9991238317757

1790084649,50,,Aggregated,49.700000,0.000000,4,5,6,6,7,8,10,11,27,27,27,7949,0,4,4.944386841051471,1.982199988560751,312.9625000001397,24164.103157629892

1790084650,50,GET,[GET] /actuator/health,8.000000,0.000000,4,4,5,5,6,8,10,11,11,11,11,1163,0,4,4.431989853840817,2.2021999902790412,47.50000000058208,49.0

1790084650,50,GET,[GET] /api/soporte/election/status,5.800000,0.000000,4,4,4,4,6,7,8,10,10,10,10,1115,0,4,4.071922779786442,1.982199988560751,41.07420000946149,78.0

1790084650,50,GET,[GET] /api/soporte/tickets,14.300000,0.000000,6,7,7,7,8,10,14,26,27,27,27,2272,0,6,7.236739700614712,3.8745999918319285,312.9625000001397,84651.0

1790084650,50,GET,[GET] /health,22.000000,0.000000,3,4,4,5,6,6,7,8,12,12,12,3444,0,3,3.876861062783569,2.0076000073459,31.771899986779317,83.99912891986062

1790084650,50,,Aggregated,50.100000,0.000000,4,5,6,6,7,8,10,11,27,27,27,7994,0,4,4.939752339192143,1.982199988560751,312.9625000001397,24113.125093820367

1790084651,50,GET,[GET] /actuator/health,7.800000,0.000000,4,4,5,5,6,8,10,11,11,11,11,1169,0,4,4.43201924724155,2.2021999902790412,47.50000000058208,49.0

1790084651,50,GET,[GET] /api/soporte/election/status,6.200000,0.000000,4,4,4,5,5,7,8,10,10,10,10,1124,0,4,4.069138967517633,1.982199988560751,41.07420000946149,78.0

1790084651,50,GET,[GET] /api/soporte/tickets,14.100000,0.000000,6,7,7,7,8,10,14,26,27,27,27,2288,0,6,7.231854807624249,3.8745999918319285,312.9625000001397,84651.0

1790084651,50,GET,[GET] /health,21.900000,0.000000,4,4,4,5,5,6,8,9,12,12,12,3467,0,4,3.8794303721509755,2.0076000073459,31.771899986779317,83.99913469858667

1790084651,50,,Aggregated,50.000000,0.000000,4,5,6,6,7,8,10,12,27,27,27,8048,0,4,4.939265854821931,1.982199988560751,312.9625000001397,24119.988320079523

1790084652,50,GET,[GET] /actuator/health,8.400000,0.000000,4,4,5,5,6,8,10,11,11,11,11,1174,0,4,4.429417632041151,2.2021999902790412,47.50000000058208,49.0

1790084652,50,GET,[GET] /api/soporte/election/status,6.300000,0.000000,4,4,4,4,5,7,8,10,10,10,10,1128,0,4,4.0681305846508184,1.982199988560751,41.07420000946149,78.0

1790084652,50,GET,[GET] /api/soporte/tickets,13.000000,0.000000,6,7,7,7,9,11,26,27,27,27,27,2301,0,6,7.241728552738556,3.8745999918319285,312.9625000001397,84651.0

1790084652,50,GET,[GET] /health,22.300000,0.000000,3,4,4,5,5,6,7,9,12,12,12,3492,0,4,3.883676976039676,2.0076000073459,31.771899986779317,83.9991408934708

1790084652,50,,Aggregated,50.000000,0.000000,4,5,6,6,7,8,11,14,27,27,27,8095,0,4,4.943051883839951,1.982199988560751,312.9625000001397,24116.218159357628

1790084653,50,GET,[GET] /actuator/health,8.500000,0.000000,4,4,4,5,5,6,10,11,11,11,11,1179,0,4,4.425982697210725,2.2021999902790412,47.50000000058208,49.0

1790084653,50,GET,[GET] /api/soporte/election/status,5.700000,0.000000,4,4,4,5,5,7,8,10,10,10,10,1136,0,4,4.064636267147263,1.982199988560751,41.07420000946149,78.0

1790084653,50,GET,[GET] /api/soporte/tickets,12.900000,0.000000,6,7,7,7,9,11,26,27,27,27,27,2320,0,6,7.233130905121376,3.8745999918319285,312.9625000001397,84651.0

1790084653,50,GET,[GET] /health,22.600000,0.000000,3,4,4,4,5,6,7,9,12,12,12,3511,0,4,3.8811756195970664,1.9070999987889081,31.771899986779317,83.99914554258046

1790084653,50,,Aggregated,49.700000,0.000000,4,5,6,6,7,8,11,14,27,27,27,8146,0,4,4.940256776304643,1.9070999987889081,312.9625000001397,24162.97814878468

1790084654,50,GET,[GET] /actuator/health,8.600000,0.000000,4,4,4,5,5,6,10,11,11,11,11,1183,0,4,4.423388334750182,2.2021999902790412,47.50000000058208,49.0

1790084654,50,GET,[GET] /api/soporte/election/status,5.600000,0.000000,4,4,4,5,5,6,8,10,10,10,10,1147,0,4,4.0609557972754065,1.982199988560751,41.07420000946149,78.0

1790084654,50,GET,[GET] /api/soporte/tickets,13.000000,0.000000,6,7,7,7,9,11,26,27,27,27,27,2336,0,6,7.226893835562905,3.8745999918319285,312.9625000001397,84651.0

1790084654,50,GET,[GET] /health,22.800000,0.000000,3,4,4,4,5,6,7,9,12,12,12,3533,0,4,3.877891848400925,1.9070999987889081,31.771899986779317,83.99915086328899

1790084654,50,,Aggregated,50.000000,0.000000,4,5,5,6,7,8,11,14,27,27,27,8199,0,4,4.93638255881934,1.9070999987889081,312.9625000001397,24172.330528113183

1790084655,50,GET,[GET] /actuator/health,8.300000,0.000000,4,4,5,5,5,6,10,11,11,11,11,1188,0,4,4.421494191945887,2.2021999902790412,47.50000000058208,49.0

1790084655,50,GET,[GET] /api/soporte/election/status,5.600000,0.000000,4,4,4,5,5,7,9,10,10,10,10,1156,0,4,4.061654151782271,1.982199988560751,41.07420000946149,78.0

1790084655,50,GET,[GET] /api/soporte/tickets,13.200000,0.000000,6,7,7,7,9,12,26,27,27,27,27,2350,0,6,7.223974468032929,3.8745999918319285,312.9625000001397,84651.0

1790084655,50,GET,[GET] /health,22.600000,0.000000,4,4,4,4,5,6,8,9,12,12,12,3557,0,4,3.877025217984038,1.9070999987889081,31.771899986779317,83.99915659263424

1790084655,50,,Aggregated,49.700000,0.000000,4,5,6,6,7,8,11,14,27,27,27,8251,0,4,4.9345444188266425,1.9070999987889081,312.9625000001397,24163.98194158284

1790084656,50,GET,[GET] /actuator/health,7.800000,0.000000,4,4,4,5,5,6,6,6,6,6,6,1191,0,4,4.41942057096967,2.2021999902790412,47.50000000058208,49.0

1790084656,50,GET,[GET] /api/soporte/election/status,5.800000,0.000000,4,4,4,4,5,6,9,10,10,10,10,1164,0,4,4.057562972053516,1.982199988560751,41.07420000946149,78.0

1790084656,50,GET,[GET] /api/soporte/tickets,13.400000,0.000000,6,7,7,7,8,10,26,27,27,27,27,2362,0,6,7.21849055880092,3.8745999918319285,312.9625000001397,84651.0

1790084656,50,GET,[GET] /health,23.400000,0.000000,4,4,4,4,5,5,6,9,12,12,12,3583,0,3,3.871166145788951,1.9070999987889081,31.771899986779317,83.99916271281049

1790084656,50,,Aggregated,50.400000,0.000000,4,5,5,6,7,8,10,12,27,27,27,8300,0,4,4.928553759005392,1.9070999987889081,312.9625000001397,24144.070120481927

1790084657,50,GET,[GET] /actuator/health,7.500000,0.000000,4,4,4,5,5,6,6,6,6,6,6,1201,0,4,4.414296919222321,2.2021999902790412,47.50000000058208,49.0

1790084657,50,GET,[GET] /api/soporte/election/status,6.700000,0.000000,4,4,4,4,5,6,9,10,10,10,10,1168,0,4,4.05635231117517,1.982199988560751,41.07420000946149,78.0

1790084657,50,GET,[GET] /api/soporte/tickets,13.500000,0.000000,6,7,7,7,8,11,26,27,27,27,27,2382,0,6,7.215950587710573,3.8745999918319285,312.9625000001397,84651.0

1790084657,50,GET,[GET] /health,22.800000,0.000000,3,4,4,4,5,5,6,9,12,12,12,3604,0,3,3.870419284225162,1.9070999987889081,31.771899986779317,83.99916759156493

1790084657,50,,Aggregated,50.500000,0.000000,4,5,6,6,7,8,10,12,27,27,27,8355,0,4,4.928399221988351,1.9070999987889081,312.9625000001397,24188.075164572114

1790084658,50,GET,[GET] /actuator/health,7.100000,0.000000,4,4,4,5,5,6,6,7,7,7,7,1208,0,4,4.412189238394525,2.2021999902790412,47.50000000058208,49.0

1790084658,50,GET,[GET] /api/soporte/election/status,6.600000,0.000000,4,4,4,4,5,5,6,9,9,9,9,1174,0,4,4.054798551477544,1.982199988560751,41.07420000946149,78.0

1790084658,50,GET,[GET] /api/soporte/tickets,13.800000,0.000000,6,7,7,7,8,10,12,16,27,27,27,2393,0,6,7.211081069755293,3.8745999918319285,312.9625000001397,84651.0

1790084658,50,GET,[GET] /health,23.100000,0.000000,3,4,4,4,5,5,6,9,12,12,12,3622,0,3,3.8671889564744375,1.9070999987889081,31.771899986779317,83.99917172832689

1790084658,50,,Aggregated,50.600000,0.000000,4,5,6,6,7,8,9,12,27,27,27,8397,0,4,4.924774740942009,1.9070999987889081,312.9625000001397,24178.26033107062

1790084659,50,GET,[GET] /actuator/health,6.500000,0.000000,4,4,4,4,5,6,7,8,8,8,8,1216,0,4,4.414505345410266,2.2021999902790412,47.50000000058208,49.0

1790084659,50,GET,[GET] /api/soporte/election/status,6.900000,0.000000,4,4,4,4,5,6,6,9,9,9,9,1176,0,4,4.056690305648716,1.982199988560751,41.07420000946149,78.0

1790084659,50,GET,[GET] /api/soporte/tickets,14.200000,0.000000,6,7,7,7,8,10,16,27,31,31,31,2405,0,6,7.21903288977273,3.8745999918319285,312.9625000001397,84651.0

1790084659,50,GET,[GET] /health,22.800000,0.000000,3,4,4,4,5,6,9,12,29,29,29,3651,0,3,3.8783122980913594,1.9070999987889081,31.771899986779317,83.99917830731306

1790084659,50,,Aggregated,50.400000,0.000000,4,5,6,6,7,8,10,16,31,31,31,8448,0,4,4.931368205456527,1.9070999987889081,312.9625000001397,24152.89393939394

1790084660,50,GET,[GET] /actuator/health,6.800000,0.000000,4,4,4,5,5,6,7,8,8,8,8,1225,0,4,4.41555975509893,2.2021999902790412,47.50000000058208,49.0

1790084660,50,GET,[GET] /api/soporte/election/status,7.100000,0.000000,4,4,4,4,5,6,6,9,9,9,9,1186,0,4,4.055320572924803,1.982199988560751,41.07420000946149,78.0

1790084660,50,GET,[GET] /api/soporte/tickets,14.300000,0.000000,7,7,7,7,8,10,16,27,31,31,31,2419,0,6,7.220470152913992,3.8745999918319285,312.9625000001397,84651.0

1790084660,50,GET,[GET] /health,22.200000,0.000000,4,4,4,4,5,6,9,12,29,29,29,3673,0,4,3.879925946190255,1.9070999987889081,31.771899986779317,83.99918322896815

1790084660,50,,Aggregated,50.400000,0.000000,4,5,6,6,7,8,11,16,31,31,31,8503,0,4,4.931901234827797,1.9070999987889081,312.9625000001397,24136.40256380101

1790084661,50,GET,[GET] /actuator/health,6.600000,0.000000,4,4,4,5,5,6,7,8,8,8,8,1232,0,4,4.413666314930752,2.2021999902790412,47.50000000058208,49.0

1790084661,50,GET,[GET] /api/soporte/election/status,6.900000,0.000000,4,4,4,4,5,6,6,9,9,9,9,1194,0,4,4.04946842502931,1.982199988560751,41.07420000946149,78.0

1790084661,50,GET,[GET] /api/soporte/tickets,14.000000,0.000000,7,7,7,7,8,10,16,27,31,31,31,2434,0,6,7.216680156075001,3.8745999918319285,312.9625000001397,84651.0

1790084661,50,GET,[GET] /health,22.700000,0.000000,3,4,4,4,5,6,8,12,29,29,29,3694,0,4,3.8779360315002704,1.9070999987889081,31.771899986779317,83.99837574445046

1790084661,50,,Aggregated,50.200000,0.000000,4,5,6,6,7,8,10,16,31,31,31,8554,0,4,4.9290621229516285,1.9070999987889081,312.9625000001397,24141.258358662613

1790084662,50,GET,[GET] /actuator/health,6.600000,0.000000,4,4,4,5,5,6,7,8,8,8,8,1238,0,4,4.412157108227877,2.2021999902790412,47.50000000058208,49.0

1790084662,50,GET,[GET] /api/soporte/election/status,6.700000,0.000000,4,4,4,4,5,6,7,9,9,9,9,1200,0,4,4.052715582874953,1.982199988560751,41.07420000946149,78.0

1790084662,50,GET,[GET] /api/soporte/tickets,14.200000,0.000000,7,7,7,7,8,9,12,31,34,34,34,2449,0,6,7.224681747613276,3.8745999918319285,312.9625000001397,84651.0

1790084662,50,GET,[GET] /health,23.000000,0.000000,3,4,4,4,5,6,7,8,29,29,29,3719,0,4,3.8797488304294365,1.9070999987889081,31.771899986779317,83.99838666308148

1790084662,50,,Aggregated,50.500000,0.000000,4,5,6,6,7,8,9,12,34,34,34,8606,0,4,4.932319393412508,1.9070999987889081,312.9625000001397,24143.266442017197

1790084663,50,GET,[GET] /actuator/health,6.400000,0.000000,4,4,5,5,6,6,7,8,8,8,8,1249,0,4,4.411075980766222,2.2021999902790412,47.50000000058208,49.0

1790084663,50,GET,[GET] /api/soporte/election/status,7.100000,0.000000,4,4,4,4,5,6,7,9,9,9,9,1210,0,4,4.050249007794129,1.982199988560751,41.07420000946149,78.0

1790084663,50,GET,[GET] /api/soporte/tickets,14.400000,0.000000,7,7,7,7,8,9,12,31,34,34,34,2464,0,6,7.217761769454653,3.8745999918319285,312.9625000001397,84651.0

1790084663,50,GET,[GET] /health,22.600000,0.000000,3,4,4,4,5,6,7,8,29,29,29,3731,0,4,3.878536558669101,1.9070999987889081,31.771899986779317,83.99839185205039

1790084663,50,,Aggregated,50.500000,0.000000,4,5,6,6,7,8,9,12,34,34,34,8654,0,4,4.930161786426923,1.9070999987889081,312.9625000001397,24156.348856020337

1790084664,50,GET,[GET] /actuator/health,6.100000,0.000000,4,4,4,5,6,6,7,8,8,8,8,1253,0,4,4.408286991203055,2.2021999902790412,47.50000000058208,49.0

1790084664,50,GET,[GET] /api/soporte/election/status,7.100000,0.000000,4,4,4,4,5,6,6,7,7,7,7,1218,0,4,4.045282511853659,1.982199988560751,41.07420000946149,78.0

1790084664,50,GET,[GET] /api/soporte/tickets,14.200000,0.000000,7,7,7,7,8,9,11,31,34,34,34,2483,0,6,7.21210861857596,3.8745999918319285,312.9625000001397,84651.0

1790084664,50,GET,[GET] /health,22.800000,0.000000,4,4,4,4,5,6,6,8,29,29,29,3754,0,4,3.8771444060674423,1.9070999987889081,31.771899986779317,83.99840170484816

1790084664,50,,Aggregated,50.200000,0.000000,4,5,6,6,7,8,9,11,34,34,34,8708,0,4,4.928020613196655,1.9070999987889081,312.9625000001397,24191.566835094167

1790084665,50,GET,[GET] /actuator/health,6.500000,0.000000,4,4,4,5,5,6,7,8,8,8,8,1261,0,4,4.405743695466785,2.2021999902790412,47.50000000058208,49.0

1790084665,50,GET,[GET] /api/soporte/election/status,7.200000,0.000000,4,4,4,4,5,6,6,7,7,7,7,1223,0,4,4.04218397338508,1.982199988560751,41.07420000946149,78.0

1790084665,50,GET,[GET] /api/soporte/tickets,14.600000,0.000000,7,7,7,7,8,9,11,31,34,34,34,2492,0,6,7.207273675737195,3.8745999918319285,312.9625000001397,84651.0

1790084665,50,GET,[GET] /health,22.200000,0.000000,3,4,4,4,5,6,6,8,29,29,29,3784,0,4,3.873159778110116,1.9070999987889081,31.771899986779317,83.99841437632135

1790084665,50,,Aggregated,50.500000,0.000000,4,5,6,6,7,8,9,11,34,34,34,8760,0,4,4.921894566180289,1.9070999987889081,312.9625000001397,24135.31107305936

1790084666,50,GET,[GET] /actuator/health,6.800000,0.000000,4,4,4,5,6,6,7,8,8,8,8,1268,0,4,4.405536593037344,2.2021999902790412,47.50000000058208,49.0

1790084666,50,GET,[GET] /api/soporte/election/status,7.500000,0.000000,4,4,4,5,5,6,6,7,7,7,7,1230,0,4,4.041728861341291,1.982199988560751,41.07420000946149,78.0

1790084666,50,GET,[GET] /api/soporte/tickets,14.800000,0.000000,6,7,7,7,8,9,11,31,34,34,34,2505,0,6,7.204398443078215,3.8745999918319285,312.9625000001397,84651.0

1790084666,50,GET,[GET] /health,21.700000,0.000000,3,4,4,4,5,5,6,8,29,29,29,3813,0,3,3.868568843534726,1.9070999987889081,31.771899986779317,83.99842643587726

1790084666,50,,Aggregated,50.800000,0.000000,4,5,6,6,7,8,9,11,34,34,34,8816,0,4,4.917810571657212,1.9070999987889081,312.9625000001397,24107.204287658802

1790084667,50,GET,[GET] /actuator/health,7.000000,0.000000,4,4,5,5,6,6,7,8,8,8,8,1272,0,4,4.403519418221275,2.2021999902790412,47.50000000058208,49.0

1790084667,50,GET,[GET] /api/soporte/election/status,6.900000,0.000000,4,4,4,5,5,6,7,8,8,8,8,1240,0,4,4.043667580199619,1.982199988560751,41.07420000946149,78.0

1790084667,50,GET,[GET] /api/soporte/tickets,14.800000,0.000000,7,7,7,7,8,10,11,31,34,34,34,2520,0,6,7.203668095185311,3.8745999918319285,312.9625000001397,84651.0

1790084667,50,GET,[GET] /health,21.600000,0.000000,3,4,4,4,5,6,6,8,29,29,29,3835,0,3,3.867522268682795,1.9070999987889081,31.771899986779317,83.99843546284224

1790084667,50,,Aggregated,50.300000,0.000000,4,5,6,6,7,8,9,11,34,34,34,8867,0,4,4.917177850421844,1.9070999987889081,312.9625000001397,24112.067441073643

1790084668,50,GET,[GET] /actuator/health,7.400000,0.000000,4,4,4,5,6,6,6,7,7,7,7,1279,0,4,4.399002189218249,2.2021999902790412,47.50000000058208,49.0

1790084668,50,GET,[GET] /api/soporte/election/status,6.900000,0.000000,4,4,4,4,5,6,7,8,8,8,8,1247,0,4,4.039914995544301,1.982199988560751,41.07420000946149,78.0

1790084668,50,GET,[GET] /api/soporte/tickets,14.100000,0.000000,6,7,7,7,8,10,11,31,34,34,34,2533,0,6,7.196289340641344,3.8745999918319285,312.9625000001397,84651.0

1790084668,50,GET,[GET] /health,22.400000,0.000000,3,4,4,4,5,5,6,8,29,29,29,3857,0,3,3.865044879536642,1.9070999987889081,31.771899986779317,83.99844438682914

1790084668,50,,Aggregated,50.800000,0.000000,4,5,6,6,7,8,9,11,34,34,34,8916,0,4,4.912491790003504,1.9070999987889081,312.9625000001397,24103.286451323464

1790084669,50,GET,[GET] /actuator/health,7.400000,0.000000,4,4,4,5,5,6,6,7,7,7,7,1282,0,4,4.398596801886509,2.2021999902790412,47.50000000058208,49.0

1790084669,50,GET,[GET] /api/soporte/election/status,6.800000,0.000000,4,4,4,4,5,6,7,8,8,8,8,1254,0,4,4.037515390318064,1.982199988560751,41.07420000946149,78.0

1790084669,50,GET,[GET] /api/soporte/tickets,13.800000,0.000000,6,7,7,7,8,9,11,11,34,34,34,2553,0,6,7.186472698708882,3.8745999918319285,312.9625000001397,84651.0

1790084669,50,GET,[GET] /health,22.700000,0.000000,3,4,4,4,5,5,6,6,8,8,8,3876,0,3,3.8624492519020266,1.9070999987889081,31.771899986779317,83.99845201238391

1790084669,50,,Aggregated,50.700000,0.000000,4,5,6,6,7,7,8,10,34,34,34,8965,0,4,4.910202286631722,1.9070999987889081,312.9625000001397,24160.648187395425

1790084670,50,GET,[GET] /actuator/health,6.900000,0.000000,4,4,4,5,5,6,6,7,7,7,7,1293,0,4,4.396267826798119,2.2021999902790412,47.50000000058208,49.0

1790084670,50,GET,[GET] /api/soporte/election/status,7.200000,0.000000,4,4,4,4,5,6,7,8,8,8,8,1259,0,4,4.038013661214346,1.982199988560751,41.07420000946149,78.0

1790084670,50,GET,[GET] /api/soporte/tickets,13.300000,0.000000,6,7,7,7,8,9,11,11,34,34,34,2569,0,6,7.182716037291168,3.8745999918319285,312.9625000001397,84651.0

1790084670,50,GET,[GET] /health,22.800000,0.000000,3,4,4,4,5,5,6,6,8,8,8,3898,0,3,3.862604284347532,1.9070999987889081,31.771899986779317,83.99846074910211

1790084670,50,,Aggregated,50.200000,0.000000,4,5,6,6,7,7,8,9,34,34,34,9019,0,4,4.9093095132172655,1.9070999987889081,312.9625000001397,24166.471227408805

1790084671,50,GET,[GET] /actuator/health,7.000000,0.000000,4,4,4,5,5,6,6,7,7,7,7,1298,0,4,4.39259707246746,2.2021999902790412,47.50000000058208,49.0

1790084671,50,GET,[GET] /api/soporte/election/status,7.200000,0.000000,4,4,4,4,5,6,7,8,8,8,8,1267,0,4,4.033632359496206,1.982199988560751,41.07420000946149,78.0

1790084671,50,GET,[GET] /api/soporte/tickets,14.000000,0.000000,6,7,7,7,8,8,11,11,34,34,34,2581,0,6,7.178103215711899,3.8745999918319285,312.9625000001397,84651.0

1790084671,50,GET,[GET] /health,22.800000,0.000000,3,4,4,4,5,5,6,6,8,8,8,3919,0,3,3.8625168666504606,1.9070999987889081,31.771899986779317,83.99846899719316

1790084671,50,,Aggregated,51.000000,0.000000,4,5,6,6,7,7,8,9,34,34,34,9065,0,4,4.906353138411475,1.9070999987889081,312.9625000001397,24156.188527302813

1790084672,50,GET,[GET] /actuator/health,6.300000,0.000000,4,4,4,4,5,6,6,7,7,7,7,1305,0,4,4.391457777808445,2.2021999902790412,47.50000000058208,49.0

1790084672,50,GET,[GET] /api/soporte/election/status,7.500000,0.000000,4,4,4,4,5,6,7,8,8,8,8,1274,0,4,4.037539481530876,1.982199988560751,41.07420000946149,78.0

1790084672,50,GET,[GET] /api/soporte/tickets,14.900000,0.000000,6,7,7,7,8,9,11,11,33,33,33,2595,0,6,7.1914714064493035,3.8745999918319285,312.9625000001397,84651.0

1790084672,50,GET,[GET] /health,22.100000,0.000000,3,4,4,4,5,5,6,7,8,8,8,3947,0,3,3.8636860654646368,1.9070999987889081,31.771899986779317,83.99847985812009

1790084672,50,,Aggregated,50.800000,0.000000,4,5,6,6,7,8,8,10,33,33,33,9121,0,4,4.910263666224671,1.9070999987889081,312.9625000001397,24138.1651134744

1790084673,50,GET,[GET] /actuator/health,6.500000,0.000000,4,4,4,5,5,6,6,7,7,7,7,1309,0,4,4.389688617304288,2.2021999902790412,47.50000000058208,49.0

1790084673,50,GET,[GET] /api/soporte/election/status,7.100000,0.000000,4,4,4,4,5,6,7,8,8,8,8,1278,0,4,4.03556596203873,1.982199988560751,41.07420000946149,78.0

1790084673,50,GET,[GET] /api/soporte/tickets,14.900000,0.000000,6,7,7,7,8,9,11,11,33,33,33,2612,0,6,7.1826187594709765,3.8745999918319285,312.9625000001397,84651.0

1790084673,50,GET,[GET] /health,22.500000,0.000000,3,4,4,4,5,5,6,7,8,8,8,3969,0,3,3.8604753843292667,1.9070999987889081,31.771899986779317,83.99848828420257

1790084673,50,,Aggregated,51.000000,0.000000,4,5,5,6,7,7,8,11,33,33,33,9168,0,4,4.9069352857414765,1.9070999987889081,312.9625000001397,24171.643433682373

1790084674,50,GET,[GET] /actuator/health,6.600000,0.000000,4,4,5,5,6,6,7,8,8,8,8,1317,0,4,4.394444571025248,2.2021999902790412,47.50000000058208,49.0

1790084674,50,GET,[GET] /api/soporte/election/status,7.300000,0.000000,4,4,4,4,5,6,7,8,8,8,8,1293,0,4,4.032149960896272,1.982199988560751,41.07420000946149,78.0

1790084674,50,GET,[GET] /api/soporte/tickets,15.100000,0.000000,6,7,7,7,8,11,13,31,33,33,33,2622,0,6,7.193151449180449,3.8745999918319285,312.9625000001397,84651.0

1790084674,50,GET,[GET] /health,22.200000,0.000000,3,4,4,4,5,5,6,7,8,8,8,3984,0,3,3.859438077407653,1.9070999987889081,31.771899986779317,83.99849397590361

1790084674,50,,Aggregated,51.200000,0.000000,4,5,5,6,7,8,9,11,33,33,33,9216,0,4,4.9085826605493015,1.9070999987889081,312.9625000001397,24137.907877604168

1790084675,50,GET,[GET] /actuator/health,6.400000,0.000000,4,4,5,5,6,7,8,8,8,8,8,1321,0,4,4.399908705554405,2.2021999902790412,47.50000000058208,49.0

1790084675,50,GET,[GET] /api/soporte/election/status,7.400000,0.000000,4,4,4,4,5,6,7,8,8,8,8,1297,0,4,4.028651117531274,1.982199988560751,41.07420000946149,78.0

1790084675,50,GET,[GET] /api/soporte/tickets,14.800000,0.000000,6,7,7,7,8,10,13,31,33,33,33,2638,0,6,7.1905229339430194,3.8745999918319285,312.9625000001397,84651.0

1790084675,50,GET,[GET] /health,23.000000,0.000000,3,4,4,4,5,5,6,7,8,8,8,4004,0,3,3.855776198895194,1.9070999987889081,31.771899986779317,83.9985014985015

1790084675,50,,Aggregated,51.600000,0.000000,4,5,6,6,7,8,10,11,33,33,33,9260,0,4,4.907620658703399,1.9070999987889081,312.9625000001397,24169.715226781856

1790084676,50,GET,[GET] /actuator/health,6.100000,0.000000,4,4,5,5,6,7,8,8,8,8,8,1327,0,4,4.397405953317675,2.2021999902790412,47.50000000058208,49.0

1790084676,50,GET,[GET] /api/soporte/election/status,6.500000,0.000000,4,4,4,4,5,6,7,8,8,8,8,1307,0,4,4.0268622796238605,1.982199988560751,41.07420000946149,78.0

1790084676,50,GET,[GET] /api/soporte/tickets,14.100000,0.000000,6,7,7,7,8,10,13,31,33,33,33,2652,0,6,7.182931787229512,3.8745999918319285,312.9625000001397,84651.0

1790084676,50,GET,[GET] /health,23.300000,0.000000,3,4,4,4,5,5,6,7,8,8,8,4028,0,3,3.853540913701113,1.9070999987889081,31.771899986779317,83.99851042701093

1790084676,50,,Aggregated,50.000000,0.000000,4,5,6,6,7,8,9,11,33,33,33,9314,0,4,4.903335258711799,1.9070999987889081,312.9625000001397,24157.15771956195

1790084677,50,GET,[GET] /actuator/health,6.400000,0.000000,4,4,5,5,6,7,8,8,8,8,8,1335,0,4,4.395242771585053,2.2021999902790412,47.50000000058208,49.0

1790084677,50,GET,[GET] /api/soporte/election/status,7.500000,0.000000,4,4,4,4,5,5,6,7,7,7,7,1314,0,4,4.025574657134712,1.982199988560751,41.07420000946149,78.0

1790084677,50,GET,[GET] /api/soporte/tickets,13.700000,0.000000,6,7,7,7,8,10,13,31,33,33,33,2671,0,6,7.182505765527486,3.8745999918319285,312.9625000001397,84651.0

1790084677,50,GET,[GET] /health,23.300000,0.000000,3,4,4,4,5,5,6,7,8,8,8,4045,0,3,3.8523449197522917,1.9070999987889081,31.771899986779317,83.99851668726824

1790084677,50,,Aggregated,50.900000,0.000000,4,5,6,6,7,8,9,11,33,33,33,9365,0,4,4.90384007471041,1.9070999987889081,312.9625000001397,24197.59765082755

1790084678,50,GET,[GET] /actuator/health,5.900000,0.000000,4,4,5,5,6,7,8,8,8,8,8,1345,0,4,4.393995836471055,2.2021999902790412,47.50000000058208,49.0

1790084678,50,GET,[GET] /api/soporte/election/status,7.100000,0.000000,4,4,4,4,5,5,6,7,7,7,7,1324,0,4,4.019102794150759,1.982199988560751,41.07420000946149,78.0

1790084678,50,GET,[GET] /api/soporte/tickets,14.500000,0.000000,6,7,7,8,9,10,13,31,33,33,33,2686,0,6,7.179908786202933,3.8745999918319285,312.9625000001397,84651.0

1790084678,50,GET,[GET] /health,21.800000,0.000000,3,4,4,4,5,5,7,8,8,8,8,4065,0,3,3.8529726692215056,1.9070999987889081,31.771899986779317,83.99852398523986

1790084678,50,,Aggregated,49.300000,0.000000,4,5,6,6,7,8,9,11,33,33,33,9420,0,4,4.902206518008033,1.9070999987889081,312.9625000001397,24191.424309978767

1790084679,50,GET,[GET] /actuator/health,5.900000,0.000000,4,5,5,5,6,7,8,8,8,8,8,1352,0,4,4.395277810684862,2.2021999902790412,47.50000000058208,49.0

1790084679,50,GET,[GET] /api/soporte/election/status,7.400000,0.000000,4,4,4,4,5,5,6,7,7,7,7,1327,0,4,4.018455086266812,1.982199988560751,41.07420000946149,78.0

1790084679,50,GET,[GET] /api/soporte/tickets,14.800000,0.000000,6,7,7,8,9,11,13,31,33,33,33,2695,0,6,7.177543710477275,3.8745999918319285,312.9625000001397,84651.0

1790084679,50,GET,[GET] /health,21.300000,0.000000,3,4,4,4,5,5,7,8,9,9,9,4090,0,3,3.8544170416669274,1.9070999987889081,31.771899986779317,83.99853300733497

1790084679,50,,Aggregated,49.400000,0.000000,4,5,6,6,7,8,9,11,33,33,33,9464,0,4,4.900988112814453,1.9070999987889081,312.9625000001397,24159.73721470837

1790084680,50,GET,[GET] /actuator/health,6.400000,0.000000,4,5,5,5,6,7,8,8,8,8,8,1357,0,4,4.396172734015613,2.2021999902790412,47.50000000058208,49.0

1790084680,50,GET,[GET] /api/soporte/election/status,7.300000,0.000000,4,4,4,4,5,5,6,7,7,7,7,1332,0,4,4.019576426012586,1.982199988560751,41.07420000946149,78.0

1790084680,50,GET,[GET] /api/soporte/tickets,15.200000,0.000000,6,7,7,8,9,11,13,31,33,33,33,2710,0,6,7.17632623606944,3.8745999918319285,312.9625000001397,84651.0

1790084680,50,GET,[GET] /health,21.300000,0.000000,4,4,4,4,5,5,6,8,9,9,9,4119,0,3,3.8532929838450243,1.9070999987889081,31.771899986779317,83.99854333576111

1790084680,50,,Aggregated,50.200000,0.000000,4,5,6,6,7,8,9,11,33,33,33,9518,0,4,4.900109277128997,1.9070999987889081,312.9625000001397,24156.397247320867

1790084681,50,GET,[GET] /actuator/health,6.500000,0.000000,4,5,5,5,6,7,8,8,8,8,8,1366,0,4,4.400707540302749,2.2021999902790412,47.50000000058208,49.0

1790084681,50,GET,[GET] /api/soporte/election/status,7.600000,0.000000,4,4,4,4,5,5,6,6,6,6,6,1341,0,4,4.020135644631024,1.982199988560751,41.07420000946149,78.0

1790084681,50,GET,[GET] /api/soporte/tickets,14.900000,0.000000,7,7,7,8,9,10,14,31,33,33,33,2724,0,6,7.177214757611771,3.8745999918319285,312.9625000001397,84651.0

1790084681,50,GET,[GET] /health,20.600000,0.000000,3,4,4,4,5,5,7,8,9,9,9,4135,0,3,3.854439975928201,1.9070999987889081,31.771899986779317,83.99854897218863

1790084681,50,,Aggregated,49.600000,0.000000,4,5,6,6,7,8,9,13,33,33,33,9566,0,4,4.901861875360791,1.9070999987889081,312.9625000001397,24159.334099937278

1790084682,50,GET,[GET] /actuator/health,6.800000,0.000000,4,5,5,6,7,7,8,8,8,8,8,1375,0,4,4.4032454545800155,2.2021999902790412,47.50000000058208,49.0

1790084682,50,GET,[GET] /api/soporte/election/status,7.500000,0.000000,4,4,4,4,5,5,6,6,6,6,6,1348,0,4,4.021475889816057,1.982199988560751,41.07420000946149,78.0

1790084682,50,GET,[GET] /api/soporte/tickets,13.900000,0.000000,7,7,7,8,9,10,13,14,31,31,31,2736,0,6,7.178366301070117,3.8745999918319285,312.9625000001397,84651.0

1790084682,50,GET,[GET] /health,21.400000,0.000000,4,4,4,4,5,5,7,7,9,9,9,4166,0,3,3.8549170428329242,1.9070999987889081,31.771899986779317,83.99855976956313

1790084682,50,,Aggregated,49.600000,0.000000,4,5,6,6,7,8,9,11,31,31,31,9625,0,4,4.901299386980714,1.9070999987889081,312.9625000001397,24117.152519480518

1790084683,50,GET,[GET] /actuator/health,6.400000,0.000000,4,5,5,6,7,7,8,8,8,8,8,1379,0,4,4.400891153027214,2.2021999902790412,47.50000000058208,49.0

1790084683,50,GET,[GET] /api/soporte/election/status,7.300000,0.000000,4,4,4,4,5,6,6,7,7,7,7,1353,0,4,4.021353362514813,1.982199988560751,41.07420000946149,78.0

1790084683,50,GET,[GET] /api/soporte/tickets,14.200000,0.000000,7,7,8,8,9,11,13,14,31,31,31,2751,0,6,7.175897237266624,3.8745999918319285,312.9625000001397,84651.0

1790084683,50,GET,[GET] /health,21.600000,0.000000,4,4,4,4,5,5,7,7,9,9,9,4189,0,3,3.853831129249566,1.9070999987889081,31.771899986779317,83.99856767724994

1790084683,50,,Aggregated,49.500000,0.000000,4,5,6,6,7,8,10,11,31,31,31,9672,0,4,4.900156317168526,1.9070999987889081,312.9625000001397,24131.50082712986

1790084684,50,GET,[GET] /actuator/health,7.000000,0.000000,4,5,5,5,6,7,8,8,8,8,8,1384,0,4,4.400513294810107,2.2021999902790412,47.50000000058208,49.0

1790084684,50,GET,[GET] /api/soporte/election/status,7.300000,0.000000,4,4,4,4,5,5,6,7,7,7,7,1364,0,4,4.021454911612116,1.982199988560751,41.07420000946149,78.0

1790084684,50,GET,[GET] /api/soporte/tickets,14.100000,0.000000,7,7,7,8,9,10,12,13,14,14,14,2763,0,6,7.172757075539601,3.8745999918319285,312.9625000001397,84651.0

1790084684,50,GET,[GET] /health,21.200000,0.000000,4,4,4,5,5,6,7,8,9,9,9,4210,0,3,3.857087553544451,1.9070999987889081,31.771899986779317,83.99857482185273

1790084684,50,,Aggregated,49.600000,0.000000,4,5,6,6,7,8,9,11,14,14,14,9721,0,4,4.899932239439787,1.9070999987889081,312.9625000001397,24114.65435654768

1790084685,50,GET,[GET] /actuator/health,6.900000,0.000000,4,5,5,5,6,7,7,8,8,8,8,1394,0,4,4.398030846492355,2.2021999902790412,47.50000000058208,49.0

1790084685,50,GET,[GET] /api/soporte/election/status,7.300000,0.000000,4,4,4,4,5,5,6,7,7,7,7,1367,0,4,4.019325164166904,1.982199988560751,41.07420000946149,78.0

1790084685,50,GET,[GET] /api/soporte/tickets,13.800000,0.000000,7,7,7,8,8,10,12,13,14,14,14,2775,0,6,7.167021225128944,3.8745999918319285,312.9625000001397,84651.0

1790084685,50,GET,[GET] /health,21.600000,0.000000,4,4,4,5,5,6,7,9,11,11,11,4231,0,3,3.857588938877392,1.9070999987889081,31.771899986779317,83.99858189553296

1790084685,50,,Aggregated,49.600000,0.000000,4,5,6,6,7,8,9,11,14,14,14,9767,0,4,4.897636449221825,1.9070999987889081,312.9625000001397,24105.339920139246

1790084686,50,GET,[GET] /actuator/health,6.900000,0.000000,4,5,5,5,6,7,8,8,8,8,8,1404,0,4,4.3970146723696235,2.2021999902790412,47.50000000058208,49.0

1790084686,50,GET,[GET] /api/soporte/election/status,7.600000,0.000000,4,4,4,4,5,5,6,7,7,7,7,1374,0,4,4.018686462467482,1.982199988560751,41.07420000946149,78.0

1790084686,50,GET,[GET] /api/soporte/tickets,13.900000,0.000000,7,7,7,8,9,10,12,13,14,14,14,2791,0,6,7.162763955478167,3.8745999918319285,312.9625000001397,84651.0

1790084686,50,GET,[GET] /health,21.900000,0.000000,4,4,4,5,5,7,8,9,11,11,11,4252,0,4,3.8601174977369443,1.9070999987889081,31.771899986779317,83.99858889934148

1790084686,50,,Aggregated,50.300000,0.000000,4,5,6,6,7,8,9,11,14,14,14,9821,0,4,4.897625251965617,1.9070999987889081,312.9625000001397,24110.9938906425

1790084687,50,GET,[GET] /actuator/health,6.800000,0.000000,4,5,5,5,6,8,8,8,8,8,8,1410,0,4,4.4012919858371315,2.2021999902790412,47.50000000058208,49.0

1790084687,50,GET,[GET] /api/soporte/election/status,7.000000,0.000000,4,4,4,4,5,5,6,7,7,7,7,1381,0,4,4.019127153816102,1.982199988560751,41.07420000946149,78.0

1790084687,50,GET,[GET] /api/soporte/tickets,14.000000,0.000000,7,7,7,7,8,10,11,12,14,14,14,2803,0,6,7.164016946025699,3.8745999918319285,312.9625000001397,84651.0

1790084687,50,GET,[GET] /health,22.200000,0.000000,4,4,4,5,6,7,9,9,14,14,14,4280,0,4,3.8619325234491875,1.9070999987889081,31.771899986779317,83.99859813084112

1790084687,50,,Aggregated,50.000000,0.000000,4,5,6,6,7,8,9,11,14,14,14,9874,0,4,4.898323577022782,1.9070999987889081,312.9625000001397,24084.77567348592

1790084688,50,GET,[GET] /actuator/health,7.400000,0.000000,4,5,5,6,7,8,8,8,8,8,8,1418,0,4,4.4003490832441665,2.2021999902790412,47.50000000058208,49.0

1790084688,50,GET,[GET] /api/soporte/election/status,7.100000,0.000000,4,4,4,5,5,5,6,7,7,7,7,1388,0,4,4.018685374228131,1.982199988560751,41.07420000946149,78.0

1790084688,50,GET,[GET] /api/soporte/tickets,13.700000,0.000000,6,7,7,7,8,10,12,13,14,14,14,2819,0,6,7.15894725068777,3.8745999918319285,312.9625000001397,84651.0

1790084688,50,GET,[GET] /health,22.900000,0.000000,4,4,4,5,6,7,9,9,14,14,14,4302,0,4,3.863702417557752,1.9070999987889081,31.771899986779317,83.99860529986053

1790084688,50,,Aggregated,51.100000,0.000000,4,5,6,6,7,8,10,11,14,14,14,9927,0,4,4.897788898911166,1.9070999987889081,312.9625000001397,24092.905913166112

1790084689,50,GET,[GET] /actuator/health,7.700000,0.000000,4,5,5,5,6,8,8,8,8,8,8,1424,0,4,4.401198665761789,2.2021999902790412,47.50000000058208,49.0

1790084689,50,GET,[GET] /api/soporte/election/status,6.700000,0.000000,4,4,4,5,5,5,6,7,7,7,7,1393,0,4,4.0178600857516535,1.982199988560751,41.07420000946149,78.0

1790084689,50,GET,[GET] /api/soporte/tickets,13.800000,0.000000,7,7,7,7,9,10,12,13,14,14,14,2835,0,6,7.159198200946298,3.8745999918319285,312.9625000001397,84651.0

1790084689,50,GET,[GET] /health,22.400000,0.000000,4,4,5,5,6,7,9,9,14,14,14,4323,0,4,3.867154985049406,1.9070999987889081,31.771899986779317,83.99861207494796

1790084689,50,,Aggregated,50.600000,0.000000,4,5,6,6,7,8,10,11,14,14,14,9975,0,4,4.900072571383276,1.9070999987889081,312.9625000001397,24112.996591478695

1790084690,50,GET,[GET] /actuator/health,7.400000,0.000000,4,5,5,6,7,8,8,9,9,9,9,1436,0,4,4.408381754908779,2.2021999902790412,47.50000000058208,49.0

1790084690,50,GET,[GET] /api/soporte/election/status,6.700000,0.000000,4,4,4,5,5,6,7,8,8,8,8,1399,0,4,4.022164188316751,1.982199988560751,41.07420000946149,78.0

1790084690,50,GET,[GET] /api/soporte/tickets,13.100000,0.000000,6,7,7,8,10,10,12,13,14,14,14,2850,0,6,7.159924245492571,3.8745999918319285,312.9625000001397,84651.0

1790084690,50,GET,[GET] /health,23.000000,0.000000,4,4,5,5,6,7,9,9,14,14,14,4345,0,4,3.8689897123990007,1.9070999987889081,31.771899986779317,83.99861910241657

1790084690,50,,Aggregated,50.200000,0.000000,4,5,6,6,7,9,10,11,14,14,14,10030,0,4,4.902690757680123,1.9070999987889081,312.9625000001397,24107.658025922232

1790084692,50,GET,[GET] /actuator/health,7.200000,0.000000,4,5,5,6,8,8,8,9,9,9,9,1443,0,4,4.414499376327937,2.2021999902790412,47.50000000058208,49.0

1790084692,50,GET,[GET] /api/soporte/election/status,6.400000,0.000000,4,4,4,5,5,7,8,9,9,9,9,1402,0,4,4.025574535976006,1.982199988560751,41.07420000946149,78.0

1790084692,50,GET,[GET] /api/soporte/tickets,13.900000,0.000000,7,7,7,8,10,10,12,13,17,17,17,2864,0,6,7.16685192027241,3.8745999918319285,312.9625000001397,84651.0

1790084692,50,GET,[GET] /health,22.900000,0.000000,4,4,5,5,6,8,9,11,14,14,14,4365,0,4,3.871977067679724,1.9070999987889081,31.771899986779317,83.99862542955326

1790084692,50,,Aggregated,50.400000,0.000000,4,6,6,7,8,9,10,12,17,17,17,10074,0,4,4.907784584034321,1.9070999987889081,312.9625000001397,24120.22840976772

1790084693,50,GET,[GET] /actuator/health,7.200000,0.000000,4,5,5,6,8,8,8,9,9,9,9,1448,0,4,4.4128640193720665,2.2021999902790412,47.50000000058208,49.0

1790084693,50,GET,[GET] /api/soporte/election/status,6.400000,0.000000,4,4,4,5,6,8,8,9,9,9,9,1411,0,4,4.031267823834348,1.982199988560751,41.07420000946149,78.0

1790084693,50,GET,[GET] /api/soporte/tickets,13.900000,0.000000,7,7,8,8,10,10,12,13,17,17,17,2878,0,6,7.166152015171097,3.8745999918319285,312.9625000001397,84651.0

1790084693,50,GET,[GET] /health,22.900000,0.000000,4,4,5,5,6,8,9,11,14,14,14,4388,0,4,3.8728871924430495,1.9070999987889081,31.771899986779317,83.9986326344576

1790084693,50,,Aggregated,50.400000,0.000000,5,6,6,7,8,9,10,11,17,17,17,10125,0,4,4.908282518477386,1.9070999987889081,312.9625000001397,24116.066567901235

1790084694,50,GET,[GET] /actuator/health,7.900000,0.000000,4,5,5,5,7,8,8,9,9,9,9,1463,0,4,4.40620601505693,2.2021999902790412,47.50000000058208,49.0

1790084694,50,GET,[GET] /api/soporte/election/status,6.700000,0.000000,4,4,4,5,6,8,8,9,9,9,9,1417,0,4,4.027728933971865,1.982199988560751,41.07420000946149,78.0

1790084694,50,GET,[GET] /api/soporte/tickets,13.800000,0.000000,7,7,8,8,10,11,16,17,31,31,31,2892,0,6,7.174529633358584,3.8745999918319285,312.9625000001397,84651.0

1790084694,50,GET,[GET] /health,22.600000,0.000000,4,4,5,5,6,8,9,10,14,14,14,4406,0,4,3.8739946891605856,1.9070999987889081,31.771899986779317,83.99863822060826

1790084694,50,,Aggregated,51.000000,0.000000,4,6,6,7,8,9,10,13,31,31,31,10178,0,4,4.9097201414404585,1.9070999987889081,312.9625000001397,24107.192277461192

1790084695,50,GET,[GET] /actuator/health,7.300000,0.000000,4,5,5,6,8,8,9,9,9,9,9,1473,0,4,4.410663000692077,2.2021999902790412,47.50000000058208,49.0

1790084695,50,GET,[GET] /api/soporte/election/status,6.300000,0.000000,4,4,4,5,6,8,8,9,9,9,9,1422,0,4,4.027583543915281,1.982199988560751,41.07420000946149,78.0

1790084695,50,GET,[GET] /api/soporte/tickets,14.100000,0.000000,7,7,8,9,10,11,17,31,33,33,33,2907,0,6,7.184396938302174,3.8745999918319285,312.9625000001397,84651.0

1790084695,50,GET,[GET] /health,22.100000,0.000000,4,4,5,5,6,8,9,14,19,19,19,4428,0,4,3.8804965222398677,1.9070999987889081,31.771899986779317,83.99864498644986

1790084695,50,,Aggregated,49.800000,0.000000,5,6,6,7,8,9,11,16,33,33,33,10230,0,4,4.9161300977115845,1.9070999987889081,312.9625000001397,24109.041642228738

1790084696,50,GET,[GET] /actuator/health,7.300000,0.000000,4,5,5,6,8,8,9,9,9,9,9,1478,0,4,4.409618538578138,2.2021999902790412,47.50000000058208,49.0

1790084696,50,GET,[GET] /api/soporte/election/status,6.300000,0.000000,4,4,4,5,6,8,8,9,9,9,9,1427,0,4,4.023589277818238,1.982199988560751,41.07420000946149,78.0

1790084696,50,GET,[GET] /api/soporte/tickets,14.100000,0.000000,7,7,8,9,10,11,17,31,33,33,33,2920,0,6,7.181412328650803,3.8745999918319285,312.9625000001397,84651.0

1790084696,50,GET,[GET] /health,22.100000,0.000000,4,4,5,5,6,8,9,14,19,19,19,4446,0,4,3.878961403616595,1.9070999987889081,31.771899986779317,83.99865047233469

1790084696,50,,Aggregated,49.800000,0.000000,5,6,6,7,8,9,11,16,33,33,33,10271,0,4,4.914289212306965,1.9070999987889081,312.9625000001397,24120.154415344172

1790084697,50,GET,[GET] /actuator/health,8.700000,0.000000,4,5,5,5,8,8,9,9,9,9,9,1489,0,4,4.408649764960517,2.2021999902790412,47.50000000058208,49.0

1790084697,50,GET,[GET] /api/soporte/election/status,5.800000,0.000000,4,4,4,5,6,8,8,9,9,9,9,1435,0,4,4.024021393339188,1.982199988560751,41.07420000946149,78.0

1790084697,50,GET,[GET] /api/soporte/tickets,14.400000,0.000000,7,7,8,9,10,12,17,31,33,33,33,2941,0,6,7.18095209101491,3.8745999918319285,312.9625000001397,84651.0

1790084697,50,GET,[GET] /health,21.700000,0.000000,4,4,5,5,6,8,9,10,19,19,19,4462,0,4,3.877676311175753,1.9070999987889081,31.771899986779317,83.9986553115195

1790084697,50,,Aggregated,50.600000,0.000000,5,6,6,7,8,9,11,16,33,33,33,10327,0,4,4.915301830116104,1.9070999987889081,312.9625000001397,24161.739517768954

1790084698,50,GET,[GET] /actuator/health,8.300000,0.000000,4,5,5,5,8,8,9,9,9,9,9,1494,0,4,4.408204618486008,2.2021999902790412,47.50000000058208,49.0

1790084698,50,GET,[GET] /api/soporte/election/status,5.900000,0.000000,4,4,5,5,6,8,8,9,9,9,9,1442,0,4,4.025229888648229,1.982199988560751,41.07420000946149,78.0

1790084698,50,GET,[GET] /api/soporte/tickets,14.400000,0.000000,7,7,8,9,10,12,17,31,33,33,33,2958,0,6,7.1768419539049075,3.8745999918319285,312.9625000001397,84651.0

1790084698,50,GET,[GET] /health,21.100000,0.000000,4,4,5,5,6,8,9,10,19,19,19,4480,0,4,3.877005781344321,1.9070999987889081,31.771899986779317,83.99866071428572

1790084698,50,,Aggregated,49.700000,0.000000,5,6,6,7,8,9,11,16,33,33,33,10374,0,4,4.91501095040699,1.9070999987889081,312.9625000001397,24191.213996529787

1790084699,50,GET,[GET] /actuator/health,8.400000,0.000000,4,4,5,5,8,8,9,9,9,9,9,1502,0,4,4.404733422116659,2.2021999902790412,47.50000000058208,49.0

1790084699,50,GET,[GET] /api/soporte/election/status,6.100000,0.000000,4,4,5,5,6,8,8,9,9,9,9,1448,0,4,4.022352900146218,1.982199988560751,41.07420000946149,78.0

1790084699,50,GET,[GET] /api/soporte/tickets,14.800000,0.000000,7,7,8,8,10,12,17,31,33,33,33,2969,0,6,7.170731188838332,3.8745999918319285,312.9625000001397,84651.0

1790084699,50,GET,[GET] /health,20.800000,0.000000,4,4,4,5,6,7,8,10,19,19,19,4504,0,4,3.8745781528480654,1.9070999987889081,31.771899986779317,83.9986678507993

1790084699,50,,Aggregated,50.100000,0.000000,4,5,6,7,8,9,11,16,33,33,33,10423,0,4,4.910417106353222,1.9070999987889081,312.9625000001397,24167.10073875084

1790084700,50,GET,[GET] /actuator/health,8.400000,0.000000,4,4,5,5,6,8,8,9,9,9,9,1508,0,4,4.404178514603179,2.2021999902790412,47.50000000058208,49.0

1790084700,50,GET,[GET] /api/soporte/election/status,6.100000,0.000000,4,4,5,5,6,7,8,9,9,9,9,1451,0,4,4.021741832826087,1.982199988560751,41.07420000946149,78.0

1790084700,50,GET,[GET] /api/soporte/tickets,15.300000,0.000000,6,7,8,9,10,12,17,31,33,33,33,2985,0,6,7.17370472351164,3.8745999918319285,312.9625000001397,84651.0

1790084700,50,GET,[GET] /health,20.000000,0.000000,4,4,4,5,6,8,9,10,19,19,19,4527,0,4,3.8774332450626923,1.9070999987889081,31.771899986779317,83.99867461895295

1790084700,50,,Aggregated,49.800000,0.000000,4,5,6,7,8,9,12,16,33,33,33,10471,0,4,4.912968914099255,1.9070999987889081,312.9625000001397,24185.900773565085

1790084701,50,GET,[GET] /actuator/health,8.400000,0.000000,4,4,4,5,5,8,8,9,9,9,9,1518,0,4,4.403552503319831,2.2021999902790412,47.50000000058208,49.0

1790084701,50,GET,[GET] /api/soporte/election/status,6.000000,0.000000,4,4,4,5,6,6,7,8,8,8,8,1459,0,4,4.0215441394668145,1.982199988560751,41.07420000946149,78.0

1790084701,50,GET,[GET] /api/soporte/tickets,14.900000,0.000000,6,7,8,8,10,12,16,31,33,33,33,2999,0,6,7.173923474374184,3.8745999918319285,312.9625000001397,84651.0

1790084701,50,GET,[GET] /health,20.100000,0.000000,4,4,4,5,6,8,9,10,19,19,19,4548,0,4,3.8784692612849696,1.9070999987889081,31.771899986779317,83.99868073878628

1790084701,50,,Aggregated,49.400000,0.000000,4,5,6,6,8,9,11,15,33,33,33,10524,0,4,4.913141419564216,1.9070999987889081,312.9625000001397,24176.982041049032

1790084702,50,GET,[GET] /actuator/health,8.400000,0.000000,4,4,4,5,6,8,8,9,9,9,9,1528,0,4,4.404925196358437,2.2021999902790412,47.50000000058208,49.0

1790084702,50,GET,[GET] /api/soporte/election/status,6.000000,0.000000,4,4,4,4,5,6,6,7,7,7,7,1465,0,4,4.022029555961331,1.982199988560751,41.07420000946149,78.0

1790084702,50,GET,[GET] /api/soporte/tickets,14.900000,0.000000,6,7,8,8,10,12,16,31,33,33,33,3008,0,6,7.173454554407378,3.8745999918319285,312.9625000001397,84651.0

1790084702,50,GET,[GET] /health,20.100000,0.000000,4,4,4,5,6,8,9,10,19,19,19,4569,0,4,3.8772748523398355,1.9070999987889081,31.771899986779317,83.99868680236375

1790084702,50,,Aggregated,49.400000,0.000000,4,5,6,6,8,9,11,15,33,33,33,10570,0,4,4.911638514618462,1.9070999987889081,312.9625000001397,24144.10028382214

1790084703,50,GET,[GET] /actuator/health,8.000000,0.000000,4,4,4,5,6,8,8,9,9,9,9,1532,0,4,4.404441449118614,2.2021999902790412,47.50000000058208,49.0

1790084703,50,GET,[GET] /api/soporte/election/status,5.900000,0.000000,4,4,5,5,5,6,6,7,7,7,7,1470,0,4,4.0248997955540275,1.982199988560751,41.07420000946149,78.0

1790084703,50,GET,[GET] /api/soporte/tickets,14.900000,0.000000,6,7,8,8,10,11,13,15,33,33,33,3025,0,6,7.1746955040124565,3.8745999918319285,312.9625000001397,84651.0

1790084703,50,GET,[GET] /health,20.100000,0.000000,4,4,4,5,5,7,9,10,19,19,19,4593,0,4,3.8769263880579135,1.9070999987889081,31.771899986779317,83.99869366427171

1790084703,50,,Aggregated,48.900000,0.000000,4,5,6,6,8,9,11,12,33,33,33,10620,0,4,4.9128421656781365,1.9070999987889081,312.9625000001397,24166.177871939737

1790084704,50,GET,[GET] /actuator/health,8.500000,0.000000,4,4,4,5,5,6,7,8,8,8,8,1537,0,4,4.4049775537139615,2.2021999902790412,47.50000000058208,49.0

1790084704,50,GET,[GET] /api/soporte/election/status,6.300000,0.000000,4,4,5,5,5,6,6,7,7,7,7,1474,0,4,4.024272319857439,1.982199988560751,41.07420000946149,78.0

1790084704,50,GET,[GET] /api/soporte/tickets,14.400000,0.000000,6,7,7,8,10,11,13,15,30,30,30,3036,0,6,7.178219696857522,3.8745999918319285,312.9625000001397,84651.0

1790084704,50,GET,[GET] /health,20.500000,0.000000,3,4,4,4,5,6,8,9,10,10,10,4619,0,4,3.8753907340022744,1.9070999987889081,31.771899986779317,83.99870101753626

1790084704,50,,Aggregated,49.700000,0.000000,4,5,6,6,7,9,10,12,30,30,30,10666,0,4,4.912406966017642,1.9070999987889081,312.9625000001397,24149.5135008438

1790084705,50,GET,[GET] /actuator/health,8.400000,0.000000,4,4,4,5,5,6,7,8,8,8,8,1543,0,4,4.402501814683618,2.2021999902790412,47.50000000058208,49.0

1790084705,50,GET,[GET] /api/soporte/election/status,5.900000,0.000000,4,4,5,5,5,6,6,7,7,7,7,1485,0,4,4.019666329611827,1.982199988560751,41.07420000946149,78.0

1790084705,50,GET,[GET] /api/soporte/tickets,14.500000,0.000000,6,7,8,8,10,12,15,30,31,31,31,3044,0,6,7.18522545981272,3.8745999918319285,312.9625000001397,84651.0

1790084705,50,GET,[GET] /health,20.300000,0.000000,3,4,4,4,5,5,8,9,10,10,10,4644,0,4,3.8732392980996027,1.9070999987889081,31.771899986779317,83.99870801033592

1790084705,50,,Aggregated,49.100000,0.000000,4,5,6,6,7,9,11,12,31,31,31,10716,0,4,4.910546323215272,1.9070999987889081,312.9625000001397,24100.33324001493

1790084706,50,GET,[GET] /actuator/health,7.400000,0.000000,4,4,5,5,5,6,6,7,7,7,7,1546,0,4,4.401059508447766,2.2021999902790412,47.50000000058208,49.0

1790084706,50,GET,[GET] /api/soporte/election/status,5.700000,0.000000,4,4,4,5,5,6,6,6,6,6,6,1495,0,4,4.01561531741686,1.982199988560751,41.07420000946149,78.0

1790084706,50,GET,[GET] /api/soporte/tickets,14.400000,0.000000,6,7,7,8,9,12,16,30,31,31,31,3060,0,6,7.181545392038709,3.8745999918319285,312.9625000001397,84651.0

1790084706,50,GET,[GET] /health,21.000000,0.000000,3,4,4,4,5,5,8,9,13,13,13,4668,0,4,3.8726010069302883,1.9070999987889081,31.771899986779317,83.9987146529563

1790084706,50,,Aggregated,48.500000,0.000000,4,5,6,6,7,8,10,13,31,31,31,10769,0,4,4.908553561109433,1.9070999987889081,312.9625000001397,24107.76580926734

1790084707,50,GET,[GET] /actuator/health,7.100000,0.000000,4,4,5,5,5,6,6,7,7,7,7,1553,0,4,4.398094011643912,2.2021999902790412,47.50000000058208,49.0

1790084707,50,GET,[GET] /api/soporte/election/status,6.200000,0.000000,3,4,4,4,5,5,6,6,6,6,6,1504,0,4,4.010338696485981,1.982199988560751,41.07420000946149,78.0

1790084707,50,GET,[GET] /api/soporte/tickets,13.600000,0.000000,6,7,7,8,9,12,30,31,34,34,34,3074,0,6,7.185277748745528,3.8745999918319285,312.9625000001397,84651.0

1790084707,50,GET,[GET] /health,21.400000,0.000000,3,4,4,4,5,5,8,9,13,13,13,4686,0,4,3.8713712762157386,1.9070999987889081,31.771899986779317,83.99871959026889

1790084707,50,,Aggregated,48.300000,0.000000,4,5,5,6,7,8,11,15,34,34,34,10817,0,4,4.908068688137988,1.9070999987889081,312.9625000001397,24110.58528242581

1790084708,50,GET,[GET] /actuator/health,6.800000,0.000000,4,4,5,5,5,6,6,7,7,7,7,1558,0,4,4.397589730474167,2.2021999902790412,47.50000000058208,49.0

1790084708,50,GET,[GET] /api/soporte/election/status,6.600000,0.000000,4,4,4,4,5,5,6,6,6,6,6,1512,0,4,4.010228108137396,1.982199988560751,41.07420000946149,78.0

1790084708,50,GET,[GET] /api/soporte/tickets,14.000000,0.000000,6,7,7,8,9,12,30,31,34,34,34,3093,0,6,7.181148302502797,3.8745999918319285,312.9625000001397,84651.0

1790084708,50,GET,[GET] /health,21.900000,0.000000,4,4,4,4,5,5,8,9,13,13,13,4707,0,4,3.871256235465911,1.9070999987889081,31.771899986779317,83.9987253027406

1790084708,50,,Aggregated,49.300000,0.000000,4,5,6,6,7,8,11,15,34,34,34,10870,0,4,4.9078385004196585,1.9070999987889081,312.9625000001397,24141.233026678932

1790084709,50,GET,[GET] /actuator/health,6.500000,0.000000,4,4,5,5,5,6,7,7,7,7,7,1565,0,4,4.395878530396059,2.2021999902790412,47.50000000058208,49.0

1790084709,50,GET,[GET] /api/soporte/election/status,6.700000,0.000000,4,4,4,5,5,6,6,6,6,6,6,1521,0,4,4.010441682783196,1.982199988560751,41.07420000946149,78.0

1790084709,50,GET,[GET] /api/soporte/tickets,13.200000,0.000000,6,7,7,8,9,12,30,31,34,34,34,3106,0,6,7.187255601941294,3.8745999918319285,312.9625000001397,84651.0

1790084709,50,GET,[GET] /health,22.400000,0.000000,4,4,4,4,5,5,7,9,13,13,13,4725,0,4,3.87197678314618,1.9070999987889081,31.771899986779317,83.99809523809523

1790084709,50,,Aggregated,48.800000,0.000000,4,5,6,6,7,8,10,16,34,34,34,10917,0,4,4.9096031784902845,1.9070999987889081,312.9625000001397,24138.336539342312

1790084710,50,GET,[GET] /actuator/health,6.300000,0.000000,4,4,5,5,5,6,7,7,7,7,7,1574,0,4,4.392595870449256,2.2021999902790412,47.50000000058208,49.0

1790084710,50,GET,[GET] /api/soporte/election/status,7.000000,0.000000,4,4,4,5,5,6,6,6,6,6,6,1526,0,4,4.010341742798349,1.982199988560751,41.07420000946149,78.0

1790084710,50,GET,[GET] /api/soporte/tickets,13.600000,0.000000,6,7,7,7,9,12,30,31,34,34,34,3120,0,6,7.186639679368968,3.8745999918319285,312.9625000001397,84651.0

1790084710,50,GET,[GET] /health,22.100000,0.000000,3,4,4,4,5,5,6,7,13,13,13,4747,0,4,3.871527491122303,1.9070999987889081,31.771899986779317,83.99810406572573

1790084710,50,,Aggregated,49.000000,0.000000,4,5,6,6,7,8,10,16,34,34,34,10967,0,4,4.908742974339944,1.9070999987889081,312.9625000001397,24136.592778335005

1790084711,50,GET,[GET] /actuator/health,6.000000,0.000000,4,4,4,5,5,6,6,7,7,7,7,1582,0,4,4.391804804091855,2.2021999902790412,47.50000000058208,49.0

1790084711,50,GET,[GET] /api/soporte/election/status,7.100000,0.000000,4,4,4,5,5,6,6,6,6,6,6,1531,0,4,4.010640496075102,1.982199988560751,41.07420000946149,78.0

1790084711,50,GET,[GET] /api/soporte/tickets,13.600000,0.000000,6,7,7,7,9,12,30,31,34,34,34,3132,0,6,7.183043678042068,3.8745999918319285,312.9625000001397,84651.0

1790084711,50,GET,[GET] /health,22.000000,0.000000,3,4,4,4,5,5,6,7,13,13,13,4775,0,4,3.867643853480055,1.9070999987889081,31.771899986779317,83.99811518324607

1790084711,50,,Aggregated,48.700000,0.000000,4,5,6,6,7,8,10,16,34,34,34,11020,0,4,4.905028856584329,1.9070999987889081,312.9625000001397,24112.97268602541

1790084712,50,GET,[GET] /actuator/health,6.600000,0.000000,4,4,5,5,5,6,6,7,7,7,7,1588,0,4,4.389596788465721,2.2021999902790412,47.50000000058208,49.0

1790084712,50,GET,[GET] /api/soporte/election/status,7.500000,0.000000,3,4,4,4,5,5,6,6,6,6,6,1538,0,4,4.008796423598997,1.982199988560751,41.07420000946149,78.0

1790084712,50,GET,[GET] /api/soporte/tickets,13.500000,0.000000,6,7,7,7,8,13,30,31,34,34,34,3146,0,6,7.188109790098729,3.8745999918319285,312.9625000001397,84651.0

1790084712,50,GET,[GET] /health,22.000000,0.000000,3,4,4,4,5,6,7,7,13,13,13,4797,0,4,3.868191974219214,1.9070999987889081,31.771899986779317,83.99812382739212

1790084712,50,,Aggregated,49.600000,0.000000,4,5,6,6,7,7,10,27,34,34,34,11069,0,4,4.906108853515132,1.9070999987889081,312.9625000001397,24113.538802059807

1790084713,50,GET,[GET] /actuator/health,6.600000,0.000000,4,4,4,5,5,6,6,7,7,7,7,1595,0,4,4.389983385633078,2.2021999902790412,47.50000000058208,49.0

1790084713,50,GET,[GET] /api/soporte/election/status,7.100000,0.000000,3,4,4,4,5,6,6,7,7,7,7,1548,0,4,4.008692053947354,1.982199988560751,41.07420000946149,78.0

1790084713,50,GET,[GET] /api/soporte/tickets,12.900000,0.000000,6,7,7,7,9,12,30,31,34,34,34,3158,0,6,7.189158866250867,3.8745999918319285,312.9625000001397,84651.0

1790084713,50,GET,[GET] /health,22.500000,0.000000,3,4,4,4,5,6,6,7,13,13,13,4818,0,4,3.868447343363185,1.9070999987889081,31.771899986779317,83.99813200498131

1790084713,50,,Aggregated,49.100000,0.000000,4,5,6,6,7,8,10,16,34,34,34,11119,0,4,4.905928752544233,1.9070999987889081,312.9625000001397,24096.722726863925

1790084714,50,GET,[GET] /actuator/health,6.000000,0.000000,4,4,4,5,5,6,6,7,7,7,7,1602,0,4,4.3862895131740895,2.2021999902790412,47.50000000058208,49.0

1790084714,50,GET,[GET] /api/soporte/election/status,7.200000,0.000000,3,4,4,4,5,6,6,7,7,7,7,1563,0,4,4.003519257537646,1.982199988560751,41.07420000946149,78.0

1790084714,50,GET,[GET] /api/soporte/tickets,13.700000,0.000000,6,7,7,7,8,10,27,30,34,34,34,3176,0,6,7.183200661089698,3.8745999918319285,312.9625000001397,84651.0

1790084714,50,GET,[GET] /health,22.300000,0.000000,4,4,4,4,5,6,6,9,13,13,13,4833,0,4,3.868276888131917,1.9070999987889081,31.771899986779317,83.99813780260708

1790084714,50,,Aggregated,49.200000,0.000000,4,5,6,6,7,7,10,13,34,34,34,11174,0,4,4.903666001395979,1.9070999987889081,312.9625000001397,24114.726239484517

1790084715,50,GET,[GET] /actuator/health,6.100000,0.000000,4,4,4,5,5,6,7,7,7,7,7,1611,0,4,4.385155803913599,2.2021999902790412,47.50000000058208,49.0

1790084715,50,GET,[GET] /api/soporte/election/status,7.700000,0.000000,3,4,4,4,5,6,6,7,7,7,7,1567,0,4,4.002771090968567,1.982199988560751,41.07420000946149,78.0

1790084715,50,GET,[GET] /api/soporte/tickets,13.300000,0.000000,6,7,7,7,8,10,27,30,34,34,34,3190,0,6,7.178011128414703,3.8745999918319285,312.9625000001397,84651.0

1790084715,50,GET,[GET] /health,22.500000,0.000000,3,4,4,4,5,6,6,7,9,9,9,4852,0,4,3.8667575021282112,1.9070999987889081,31.771899986779317,83.99814509480626

1790084715,50,,Aggregated,49.600000,0.000000,4,5,6,6,7,7,9,12,34,34,34,11220,0,4,4.901621319039353,1.9070999987889081,312.9625000001397,24121.69465240642

1790084716,50,GET,[GET] /actuator/health,6.400000,0.000000,4,4,4,5,5,6,7,7,7,7,7,1616,0,4,4.382547462930486,2.2021999902790412,47.50000000058208,49.0

1790084716,50,GET,[GET] /api/soporte/election/status,8.500000,0.000000,4,4,4,5,5,6,6,7,7,7,7,1571,0,4,4.002456078634116,1.982199988560751,41.07420000946149,78.0

1790084716,50,GET,[GET] /api/soporte/tickets,13.400000,0.000000,6,7,7,7,8,10,13,27,30,30,30,3202,0,6,7.176003435241677,3.8745999918319285,312.9625000001397,84651.0

1790084716,50,GET,[GET] /health,21.500000,0.000000,3,4,4,4,5,6,6,7,9,9,9,4875,0,4,3.8643372308325548,1.9070999987889081,31.771899986779317,83.99815384615384

1790084716,50,,Aggregated,49.800000,0.000000,4,5,6,6,7,8,9,10,30,30,30,11264,0,4,4.8993485617527,1.9070999987889081,312.9625000001397,24117.872425426136

1790084717,50,GET,[GET] /actuator/health,6.600000,0.000000,4,4,4,5,5,6,7,7,7,7,7,1628,0,4,4.382070208896745,2.2021999902790412,47.50000000058208,49.0

1790084717,50,GET,[GET] /api/soporte/election/status,8.200000,0.000000,3,4,4,4,5,6,6,7,7,7,7,1578,0,4,3.9985911277154815,1.982199988560751,41.07420000946149,78.0

1790084717,50,GET,[GET] /api/soporte/tickets,14.300000,0.000000,6,7,7,7,8,10,13,27,30,30,30,3219,0,6,7.170229605360014,3.8745999918319285,312.9625000001397,84651.0

1790084717,50,GET,[GET] /health,20.500000,0.000000,3,4,4,4,5,6,6,7,9,9,9,4886,0,4,3.8635560172535217,1.9070999987889081,31.771899986779317,83.998158002456

1790084717,50,,Aggregated,49.600000,0.000000,4,5,6,6,7,7,9,10,30,30,30,11311,0,4,4.898071868055302,1.9070999987889081,312.9625000001397,24145.065865087083

1790084718,50,GET,[GET] /actuator/health,7.000000,0.000000,4,4,4,5,6,6,7,7,7,7,7,1638,0,4,4.379036813272264,2.2021999902790412,47.50000000058208,49.0

1790084718,50,GET,[GET] /api/soporte/election/status,7.600000,0.000000,3,4,4,4,5,6,6,7,7,7,7,1584,0,4,3.996337689101773,1.982199988560751,41.07420000946149,78.0

1790084718,50,GET,[GET] /api/soporte/tickets,13.900000,0.000000,6,7,7,7,8,9,13,27,30,30,30,3232,0,6,7.175268780834399,3.8745999918319285,312.9625000001397,84651.0

1790084718,50,GET,[GET] /health,20.800000,0.000000,3,4,4,4,5,6,6,7,9,9,9,4907,0,4,3.863353596961025,1.9070999987889081,31.771899986779317,83.99816588546973

1790084718,50,,Aggregated,49.300000,0.000000,4,5,6,6,7,8,9,11,30,30,30,11361,0,4,4.898424962558023,1.9070999987889081,312.9625000001397,24135.90573012939

1790084719,50,GET,[GET] /actuator/health,7.300000,0.000000,4,4,4,5,5,6,7,7,7,7,7,1646,0,4,4.376565066933531,2.2021999902790412,47.50000000058208,49.0

1790084719,50,GET,[GET] /api/soporte/election/status,7.400000,0.000000,3,4,4,4,5,6,6,7,7,7,7,1590,0,4,3.99542660348091,1.982199988560751,41.07420000946149,78.0

1790084719,50,GET,[GET] /api/soporte/tickets,14.600000,0.000000,6,7,7,7,8,9,12,27,30,30,30,3250,0,6,7.169477969121474,3.8745999918319285,312.9625000001397,84651.0

1790084719,50,GET,[GET] /health,19.800000,0.000000,3,4,4,4,5,5,6,7,9,9,9,4926,0,4,3.861460962314564,1.9070999987889081,31.771899986779317,83.99756394640683

1790084719,50,,Aggregated,49.100000,0.000000,4,5,6,6,7,7,9,10,30,30,30,11412,0,4,4.896504950903748,1.9070999987889081,312.9625000001397,24161.776726253065

1790084720,50,GET,[GET] /actuator/health,7.700000,0.000000,4,4,4,5,5,6,7,7,7,7,7,1652,0,4,4.374666949255253,2.2021999902790412,47.50000000058208,49.0

1790084720,50,GET,[GET] /api/soporte/election/status,7.200000,0.000000,3,4,4,4,5,5,6,7,7,7,7,1596,0,4,3.9940252503228315,1.982199988560751,41.07420000946149,78.0

1790084720,50,GET,[GET] /api/soporte/tickets,13.700000,0.000000,6,7,7,7,8,9,12,27,30,30,30,3265,0,6,7.1632409187327575,3.8745999918319285,312.9625000001397,84651.0

1790084720,50,GET,[GET] /health,20.000000,0.000000,3,4,4,4,5,5,6,7,9,9,9,4945,0,4,3.8589956724714427,1.9070999987889081,31.771899986779317,83.99757330637007

1790084720,50,,Aggregated,48.600000,0.000000,4,5,6,6,7,7,9,10,30,30,30,11458,0,4,4.893710010448477,1.9070999987889081,312.9625000001397,24175.800226915693

1790084721,50,GET,[GET] /actuator/health,8.300000,0.000000,4,4,4,4,5,6,7,7,7,7,7,1655,0,4,4.3729464653626176,2.2021999902790412,47.50000000058208,49.0

1790084721,50,GET,[GET] /api/soporte/election/status,6.700000,0.000000,3,4,4,4,5,5,6,7,7,7,7,1603,0,4,3.99206144699559,1.982199988560751,41.07420000946149,78.0

1790084721,50,GET,[GET] /api/soporte/tickets,14.100000,0.000000,6,7,7,7,8,9,11,12,27,27,27,3281,0,6,7.15967101483311,3.8745999918319285,312.9625000001397,84651.0

1790084721,50,GET,[GET] /health,20.000000,0.000000,3,4,4,4,5,5,6,6,6,6,6,4970,0,4,3.857612756612173,1.9070999987889081,31.771899986779317,83.99758551307848

1790084721,50,,Aggregated,49.100000,0.000000,4,5,6,6,7,7,8,9,27,27,27,11509,0,4,4.891799191914067,1.9070999987889081,312.9625000001397,24186.59553392997

1790084722,50,GET,[GET] /actuator/health,7.600000,0.000000,4,4,4,4,5,6,7,7,7,7,7,1661,0,4,4.371576700903112,2.2021999902790412,47.50000000058208,49.0

1790084722,50,GET,[GET] /api/soporte/election/status,6.900000,0.000000,3,4,4,4,5,5,6,6,6,6,6,1608,0,4,3.9914412932488976,1.982199988560751,41.07420000946149,78.0

1790084722,50,GET,[GET] /api/soporte/tickets,14.500000,0.000000,6,6,7,7,8,8,9,11,27,27,27,3296,0,6,7.155061832430503,3.8745999918319285,312.9625000001397,84651.0

1790084722,50,GET,[GET] /health,19.600000,0.000000,3,4,4,4,5,5,6,6,6,6,6,4995,0,3,3.8557415816513867,1.9070999987889081,31.771899986779317,83.9975975975976

1790084722,50,,Aggregated,48.600000,0.000000,4,5,6,6,7,7,8,8,27,27,27,11560,0,4,4.8894411331993,1.9070999987889081,312.9625000001397,24189.97205882353

1790084723,50,GET,[GET] /actuator/health,7.300000,0.000000,4,4,4,5,5,7,7,10,10,10,10,1666,0,4,4.3768085235235645,2.2021999902790412,47.50000000058208,49.0

1790084723,50,GET,[GET] /api/soporte/election/status,6.900000,0.000000,3,4,4,4,5,5,7,9,9,9,9,1620,0,4,3.994225123182175,1.982199988560751,41.07420000946149,78.0

1790084723,50,GET,[GET] /api/soporte/tickets,15.100000,0.000000,6,7,7,7,8,8,9,11,27,27,27,3308,0,6,7.155424455769035,3.8745999918319285,312.9625000001397,84651.0

1790084723,50,GET,[GET] /health,19.200000,0.000000,3,4,4,4,5,6,7,7,8,8,8,5017,0,4,3.8602614112832567,1.9070999987889081,31.771899986779317,83.99760813235001

1790084723,50,,Aggregated,48.500000,0.000000,4,5,6,6,7,7,8,9,27,27,27,11611,0,4,4.891868340352894,1.9070999987889081,312.9625000001397,24171.46826285419

1790084724,50,GET,[GET] /actuator/health,6.900000,0.000000,4,4,4,4,5,6,7,10,10,10,10,1671,0,4,4.374537223317512,2.2021999902790412,47.50000000058208,49.0

1790084724,50,GET,[GET] /api/soporte/election/status,7.100000,0.000000,3,4,4,4,5,7,8,9,9,9,9,1625,0,4,3.9943939074247075,1.982199988560751,41.07420000946149,78.0

1790084724,50,GET,[GET] /api/soporte/tickets,15.000000,0.000000,6,7,7,7,8,9,11,27,32,32,32,3329,0,6,7.160735235706316,3.8745999918319285,312.9625000001397,84651.0

1790084724,50,GET,[GET] /health,19.600000,0.000000,3,4,4,4,5,6,7,8,9,9,9,5037,0,4,3.8607792734512008,1.9070999987889081,31.771899986779317,83.9976176295414

1790084724,50,,Aggregated,48.600000,0.000000,4,5,6,6,7,8,9,10,32,32,32,11662,0,4,4.895007254310473,1.9070999987889081,312.9625000001397,24218.39341450866

1790084725,50,GET,[GET] /actuator/health,7.200000,0.000000,4,4,4,4,5,6,7,10,10,10,10,1677,0,4,4.372207990550554,2.2021999902790412,47.50000000058208,49.0

1790084725,50,GET,[GET] /api/soporte/election/status,7.200000,0.000000,3,4,4,4,5,6,8,9,9,9,9,1634,0,4,3.9925475517574114,1.982199988560751,41.07420000946149,78.0

1790084725,50,GET,[GET] /api/soporte/tickets,15.000000,0.000000,6,7,7,7,8,9,11,27,32,32,32,3348,0,6,7.155033572184334,3.8745999918319285,312.9625000001397,84651.0

1790084725,50,GET,[GET] /health,19.900000,0.000000,3,4,4,4,5,6,7,8,9,9,9,5056,0,4,3.8608924051349955,1.9070999987889081,31.771899986779317,83.99762658227849

1790084725,50,,Aggregated,49.300000,0.000000,4,5,6,6,7,8,9,10,32,32,32,11715,0,4,4.893874511289849,1.9070999987889081,312.9625000001397,24246.339308578747

1790084726,50,GET,[GET] /actuator/health,7.000000,0.000000,4,4,4,4,5,7,7,10,10,10,10,1684,0,4,4.36903171029503,2.2021999902790412,47.50000000058208,49.0

1790084726,50,GET,[GET] /api/soporte/election/status,6.500000,0.000000,4,4,4,4,5,6,8,9,9,9,9,1640,0,4,3.9896293290129083,1.982199988560751,41.07420000946149,78.0

1790084726,50,GET,[GET] /api/soporte/tickets,15.300000,0.000000,6,7,7,7,8,9,11,27,32,32,32,3359,0,6,7.152071806987955,3.8745999918319285,312.9625000001397,84651.0

1790084726,50,GET,[GET] /health,20.200000,0.000000,3,4,4,4,5,6,7,8,9,9,9,5078,0,4,3.8578702048777513,1.9070999987889081,31.771899986779317,83.99763686490745

1790084726,50,,Aggregated,49.000000,0.000000,4,5,6,6,7,8,9,11,32,32,32,11761,0,4,4.890274262372227,1.9070999987889081,312.9625000001397,24230.90596037752

1790084727,50,GET,[GET] /actuator/health,6.600000,0.000000,4,4,4,4,5,7,9,10,10,10,10,1692,0,4,4.368891844064744,2.2021999902790412,47.50000000058208,49.0

1790084727,50,GET,[GET] /api/soporte/election/status,6.400000,0.000000,4,4,4,4,5,6,8,9,9,9,9,1645,0,4,3.9873304556755174,1.982199988560751,41.07420000946149,78.0

1790084727,50,GET,[GET] /api/soporte/tickets,15.500000,0.000000,6,7,7,7,8,8,11,11,32,32,32,3373,0,6,7.14521891481873,3.8745999918319285,312.9625000001397,84651.0

1790084727,50,GET,[GET] /health,20.300000,0.000000,3,4,4,4,5,6,7,8,9,9,9,5102,0,3,3.856173539868831,1.9070999987889081,31.771899986779317,83.99764798118385

1790084727,50,,Aggregated,48.800000,0.000000,4,5,6,6,7,8,9,10,32,32,32,11812,0,4,4.887093159485111,1.9070999987889081,312.9625000001397,24226.853792753132

1790084728,50,GET,[GET] /actuator/health,6.500000,0.000000,4,4,4,5,5,7,9,10,10,10,10,1699,0,4,4.3726849324036206,2.2021999902790412,47.50000000058208,49.0

1790084728,50,GET,[GET] /api/soporte/election/status,6.900000,0.000000,4,4,4,4,5,7,8,9,9,9,9,1650,0,4,3.989966969450258,1.982199988560751,41.07420000946149,78.0

1790084728,50,GET,[GET] /api/soporte/tickets,15.500000,0.000000,6,6,7,7,8,9,11,11,32,32,32,3388,0,6,7.140190318677666,3.8745999918319285,312.9625000001397,84651.0

1790084728,50,GET,[GET] /health,20.200000,0.000000,3,4,4,4,5,6,7,8,9,9,9,5127,0,3,3.8553021845942474,1.9070999987889081,31.771899986779317,83.99765944997074

1790084728,50,,Aggregated,49.100000,0.000000,4,5,6,6,7,8,9,10,32,32,32,11864,0,4,4.886188157437737,1.9070999987889081,312.9625000001397,24227.932821982467

1790084729,50,GET,[GET] /actuator/health,6.500000,0.000000,4,4,4,5,5,7,9,10,10,10,10,1709,0,4,4.36968718557793,2.2021999902790412,47.50000000058208,49.0

1790084729,50,GET,[GET] /api/soporte/election/status,6.600000,0.000000,3,4,4,4,5,7,8,9,9,9,9,1657,0,4,3.9868988530988134,1.982199988560751,41.07420000946149,78.0

1790084729,50,GET,[GET] /api/soporte/tickets,15.100000,0.000000,6,7,7,7,8,9,11,11,32,32,32,3403,0,6,7.135754216764205,3.8745999918319285,312.9625000001397,84651.0

1790084729,50,GET,[GET] /health,21.300000,0.000000,3,4,4,4,5,6,7,8,9,9,9,5146,0,3,3.8534500583817595,1.9070999987889081,31.771899986779317,83.99766809172172

1790084729,50,,Aggregated,49.500000,0.000000,4,5,6,6,7,8,9,10,32,32,32,11915,0,4,4.883500830870209,1.9070999987889081,312.9625000001397,24231.01905161561

1790084730,50,GET,[GET] /actuator/health,6.100000,0.000000,4,4,5,5,6,7,9,10,10,10,10,1711,0,4,4.370292519083617,2.2021999902790412,47.50000000058208,49.0

1790084730,50,GET,[GET] /api/soporte/election/status,6.600000,0.000000,3,4,4,4,5,7,8,9,9,9,9,1662,0,4,3.985269614672902,1.982199988560751,41.07420000946149,78.0

1790084730,50,GET,[GET] /api/soporte/tickets,15.100000,0.000000,6,6,7,7,8,9,11,11,32,32,32,3418,0,6,7.130680134492312,3.8745999918319285,312.9625000001397,84651.0

1790084730,50,GET,[GET] /health,22.100000,0.000000,3,4,4,4,5,6,7,8,9,9,9,5170,0,3,3.8514870020215954,1.9070999987889081,31.771899986779317,83.99767891682785

1790084730,50,,Aggregated,49.900000,0.000000,4,5,6,6,7,8,9,10,32,32,32,11961,0,4,4.881359510064778,1.9070999987889081,312.9625000001397,24244.198729203243

1790084731,50,GET,[GET] /actuator/health,6.000000,0.000000,4,4,5,5,6,7,9,10,10,10,10,1720,0,4,4.369545581467656,2.2021999902790412,47.50000000058208,49.0

1790084731,50,GET,[GET] /api/soporte/election/status,7.000000,0.000000,4,4,4,5,6,7,8,9,9,9,9,1667,0,4,3.9860376122263195,1.982199988560751,41.07420000946149,78.0

1790084731,50,GET,[GET] /api/soporte/tickets,15.000000,0.000000,6,6,7,7,8,9,11,28,32,32,32,3428,0,6,7.135184305627014,3.8745999918319285,312.9625000001397,84651.0

1790084731,50,GET,[GET] /health,21.400000,0.000000,4,4,4,4,5,6,7,8,9,9,9,5194,0,4,3.8532343089108645,1.9070999987889081,31.771899986779317,83.9976896418945

1790084731,50,,Aggregated,49.400000,0.000000,4,5,6,6,7,8,9,10,32,32,32,12009,0,4,4.882459313837795,1.9070999987889081,312.9625000001397,24218.021317345323

1790084732,50,GET,[GET] /actuator/health,6.000000,0.000000,4,4,5,5,6,7,8,9,9,9,9,1729,0,4,4.37515367271175,2.2021999902790412,47.50000000058208,49.0

1790084732,50,GET,[GET] /api/soporte/election/status,6.500000,0.000000,4,4,4,4,6,7,7,8,8,8,8,1677,0,4,3.989086940719165,1.982199988560751,41.07420000946149,78.0

1790084732,50,GET,[GET] /api/soporte/tickets,14.600000,0.000000,6,6,7,7,8,10,14,28,32,32,32,3441,0,6,7.13820037770773,3.8745999918319285,312.9625000001397,84651.0

1790084732,50,GET,[GET] /health,21.800000,0.000000,4,4,4,4,5,6,7,9,10,10,10,5209,0,4,3.8563288731960803,1.9070999987889081,31.771899986779317,83.99769629487426

1790084732,50,,Aggregated,48.900000,0.000000,4,5,6,6,7,8,9,11,32,32,32,12056,0,4,4.885907772053363,1.9070999987889081,312.9625000001397,24215.093065693432

1790084733,50,GET,[GET] /actuator/health,6.300000,0.000000,4,5,5,5,6,7,8,9,9,9,9,1734,0,4,4.377511822431367,2.2021999902790412,47.50000000058208,49.0

1790084733,50,GET,[GET] /api/soporte/election/status,6.800000,0.000000,4,4,4,4,6,7,7,11,11,11,11,1683,0,4,3.9941458702254797,1.982199988560751,41.07420000946149,78.0

1790084733,50,GET,[GET] /api/soporte/tickets,14.400000,0.000000,6,6,7,7,8,10,14,27,28,28,28,3456,0,6,7.142389004537074,3.8745999918319285,312.9625000001397,84651.0

1790084733,50,GET,[GET] /health,22.200000,0.000000,4,4,4,4,5,6,7,7,10,10,10,5232,0,4,3.8558211201278874,1.9070999987889081,31.771899986779317,83.99770642201835

1790084733,50,,Aggregated,49.700000,0.000000,4,5,6,6,7,8,10,11,28,28,28,12105,0,4,4.8881045435666834,1.9070999987889081,312.9625000001397,24222.186864931846

1790084734,50,GET,[GET] /actuator/health,6.800000,0.000000,4,5,5,5,7,7,8,9,9,9,9,1743,0,4,4.378724727541252,2.2021999902790412,47.50000000058208,49.0

1790084734,50,GET,[GET] /api/soporte/election/status,6.800000,0.000000,4,4,4,5,6,7,7,11,11,11,11,1689,0,4,3.99299644735998,1.982199988560751,41.07420000946149,78.0

1790084734,50,GET,[GET] /api/soporte/tickets,14.300000,0.000000,6,6,7,7,8,10,14,27,28,28,28,3462,0,6,7.141661120645127,3.8745999918319285,312.9625000001397,84651.0

1790084734,50,GET,[GET] /health,21.600000,0.000000,4,4,4,4,5,5,7,7,10,10,10,5259,0,4,3.855972219150787,1.9070999987889081,31.771899986779317,83.99771819737593

1790084734,50,,Aggregated,49.500000,0.000000,4,5,5,6,7,8,9,11,28,28,28,12153,0,4,4.8859768698990225,1.9070999987889081,312.9625000001397,24168.57195754135

1790084735,50,GET,[GET] /actuator/health,6.700000,0.000000,4,5,5,5,7,7,8,9,9,9,9,1747,0,4,4.380253176943867,2.2021999902790412,47.50000000058208,49.0

1790084735,50,GET,[GET] /api/soporte/election/status,6.300000,0.000000,4,4,4,5,7,7,8,11,11,11,11,1695,0,4,3.994839055811201,1.982199988560751,41.07420000946149,78.0

1790084735,50,GET,[GET] /api/soporte/tickets,14.600000,0.000000,6,6,7,7,8,10,14,27,28,28,28,3476,0,6,7.141467894038009,3.8745999918319285,312.9625000001397,84651.0

1790084735,50,GET,[GET] /health,21.100000,0.000000,4,4,4,5,5,7,8,9,10,10,10,5293,0,4,3.858001889384729,1.9070999987889081,31.771899986779317,83.99773285471377

1790084735,50,,Aggregated,48.700000,0.000000,4,5,6,6,7,8,10,12,28,28,28,12211,0,4,4.886389394800624,1.9070999987889081,312.9625000001397,24151.116943739253

1790084736,50,GET,[GET] /actuator/health,6.900000,0.000000,4,5,5,5,7,7,8,8,8,8,8,1753,0,4,4.3804919567164085,2.2021999902790412,47.50000000058208,49.0

1790084736,50,GET,[GET] /api/soporte/election/status,6.500000,0.000000,4,4,5,5,7,7,8,11,11,11,11,1702,0,4,3.995646298240904,1.982199988560751,41.07420000946149,78.0

1790084736,50,GET,[GET] /api/soporte/tickets,13.800000,0.000000,6,7,7,7,8,10,14,27,28,28,28,3491,0,6,7.1382695788231345,3.8745999918319285,312.9625000001397,84651.0

1790084736,50,GET,[GET] /health,21.800000,0.000000,4,4,4,5,5,7,8,9,10,10,10,5311,0,4,3.8577083412774757,1.9070999987889081,31.771899986779317,83.99774053850498

1790084736,50,,Aggregated,49.000000,0.000000,4,5,6,6,7,8,10,12,28,28,28,12257,0,4,4.8859900872910265,1.9070999987889081,312.9625000001397,24164.265807293792

1790084737,50,GET,[GET] /actuator/health,7.100000,0.000000,4,5,5,5,7,7,8,8,8,8,8,1759,0,4,4.377947981873246,2.2021999902790412,47.50000000058208,49.0

1790084737,50,GET,[GET] /api/soporte/election/status,6.100000,0.000000,4,4,5,5,5,7,8,11,11,11,11,1716,0,4,3.992631876237266,1.982199988560751,41.07420000946149,78.0

1790084737,50,GET,[GET] /api/soporte/tickets,13.100000,0.000000,6,7,7,7,9,12,14,27,28,28,28,3499,0,6,7.136994569788153,3.8745999918319285,312.9625000001397,84651.0

1790084737,50,GET,[GET] /health,23.400000,0.000000,4,4,4,4,5,7,8,9,10,10,10,5334,0,4,3.8561764155438545,1.9070999987889081,31.771899986779317,83.99775028121485

1790084737,50,,Aggregated,49.700000,0.000000,4,5,6,6,7,8,10,12,28,28,28,12308,0,4,4.882463097167522,1.9070999987889081,312.9625000001397,24119.428989275268

1790084738,50,GET,[GET] /actuator/health,6.900000,0.000000,4,5,5,6,7,7,8,8,8,8,8,1765,0,4,4.3784206232818494,2.2021999902790412,47.50000000058208,49.0

1790084738,50,GET,[GET] /api/soporte/election/status,6.000000,0.000000,4,4,5,5,5,7,8,11,11,11,11,1719,0,4,3.9921096565568663,1.982199988560751,41.07420000946149,78.0

1790084738,50,GET,[GET] /api/soporte/tickets,13.200000,0.000000,6,7,7,7,8,10,14,27,28,28,28,3517,0,6,7.1328465168328,3.8745999918319285,312.9625000001397,84651.0

1790084738,50,GET,[GET] /health,23.100000,0.000000,4,4,4,5,5,7,8,9,10,10,10,5354,0,4,3.857142958633249,1.9070999987889081,31.771899986779317,83.99775868509525

1790084738,50,,Aggregated,49.200000,0.000000,4,5,6,6,7,8,10,12,28,28,28,12355,0,4,4.882858235527081,1.9070999987889081,312.9625000001397,24151.182355321733

1790084739,50,GET,[GET] /actuator/health,6.500000,0.000000,4,5,5,6,7,7,8,9,9,9,9,1779,0,4,4.3824381675606405,2.2021999902790412,47.50000000058208,49.0

1790084739,50,GET,[GET] /api/soporte/election/status,7.000000,0.000000,4,4,5,5,5,7,8,11,11,11,11,1726,0,4,3.9946362106758144,1.982199988560751,41.07420000946149,78.0

1790084739,50,GET,[GET] /api/soporte/tickets,12.700000,0.000000,7,7,7,8,9,12,27,28,30,30,30,3528,0,6,7.140053939826291,3.8745999918319285,312.9625000001397,84651.0

1790084739,50,GET,[GET] /health,22.800000,0.000000,4,4,4,5,5,7,8,9,10,10,10,5376,0,4,3.8583917783701813,1.9070999987889081,31.771899986779317,83.99776785714286

1790084739,50,,Aggregated,49.000000,0.000000,4,5,6,6,7,8,10,14,30,30,30,12409,0,4,4.885480224026279,1.9070999987889081,312.9625000001397,24121.371504553146

1790084740,50,GET,[GET] /actuator/health,6.800000,0.000000,4,5,5,6,7,7,8,9,9,9,9,1788,0,4,4.380831040318412,2.2021999902790412,47.50000000058208,49.0

1790084740,50,GET,[GET] /api/soporte/election/status,6.700000,0.000000,4,4,5,5,5,7,8,11,11,11,11,1736,0,4,3.991994412233254,1.982199988560751,41.07420000946149,78.0

1790084740,50,GET,[GET] /api/soporte/tickets,13.200000,0.000000,7,7,7,8,9,12,27,28,30,30,30,3537,0,6,7.137341984658066,3.8745999918319285,312.9625000001397,84651.0

1790084740,50,GET,[GET] /health,22.500000,0.000000,4,4,4,5,5,7,8,9,10,10,10,5397,0,4,3.855581953032825,1.9070999987889081,31.771899986779317,83.99777654252362

1790084740,50,,Aggregated,49.200000,0.000000,4,5,6,6,7,8,10,14,30,30,30,12458,0,4,4.881713164230213,1.9070999987889081,312.9625000001397,24087.890752929845

1790084741,50,GET,[GET] /actuator/health,6.600000,0.000000,4,5,5,5,6,7,8,9,9,9,9,1796,0,4,4.3812883073943825,2.2021999902790412,47.50000000058208,49.0

1790084741,50,GET,[GET] /api/soporte/election/status,6.500000,0.000000,4,4,5,5,5,6,8,11,11,11,11,1743,0,4,3.9899584048415484,1.982199988560751,41.07420000946149,78.0

1790084741,50,GET,[GET] /api/soporte/tickets,12.900000,0.000000,6,7,7,7,9,12,14,27,30,30,30,3555,0,6,7.131848326228781,3.8745999918319285,312.9625000001397,84651.0

1790084741,50,GET,[GET] /health,23.100000,0.000000,4,4,4,4,5,6,8,9,10,10,10,5417,0,4,3.854789976091407,1.9070999987889081,31.771899986779317,83.99778475170758

1790084741,50,,Aggregated,49.100000,0.000000,4,5,6,6,7,8,9,12,30,30,30,12511,0,4,4.880378019338949,1.9070999987889081,312.9625000001397,24107.84741427544

1790084742,50,GET,[GET] /actuator/health,7.400000,0.000000,4,5,5,5,6,7,9,16,16,16,16,1804,0,4,4.387829656383083,2.2021999902790412,47.50000000058208,49.0

1790084742,50,GET,[GET] /api/soporte/election/status,7.300000,0.000000,4,4,5,5,5,6,7,8,8,8,8,1753,0,4,3.9898334852510375,1.982199988560751,41.07420000946149,78.0

1790084742,50,GET,[GET] /api/soporte/tickets,12.300000,0.000000,6,7,7,7,8,9,12,12,30,30,30,3566,0,6,7.131095092483904,3.8745999918319285,312.9625000001397,84651.0

1790084742,50,GET,[GET] /health,22.800000,0.000000,4,4,4,4,5,6,7,8,9,9,9,5435,0,4,3.8553906716538076,1.9070999987889081,31.771899986779317,83.99779208831647

1790084742,50,,Aggregated,49.800000,0.000000,4,5,6,6,7,8,9,10,30,30,30,12558,0,4,4.880821484312486,1.9070999987889081,312.9625000001397,24091.983118330943

1790084743,50,GET,[GET] /actuator/health,7.500000,0.000000,4,5,5,5,6,7,9,16,16,16,16,1806,0,4,4.386992469608331,2.2021999902790412,47.50000000058208,49.0

1790084743,50,GET,[GET] /api/soporte/election/status,7.100000,0.000000,4,4,5,5,5,6,7,8,8,8,8,1760,0,4,3.9879617611570044,1.982199988560751,41.07420000946149,78.0

1790084743,50,GET,[GET] /api/soporte/tickets,12.600000,0.000000,6,7,7,7,8,10,12,16,30,30,30,3578,0,6,7.133599301216136,3.8745999918319285,312.9625000001397,84651.0

1790084743,50,GET,[GET] /health,22.300000,0.000000,4,4,4,4,5,6,7,8,9,9,9,5458,0,4,3.8556788201498797,1.9070999987889081,31.771899986779317,83.99780139245145

1790084743,50,,Aggregated,49.500000,0.000000,4,5,6,6,7,8,9,12,30,30,30,12602,0,4,4.880974004116676,1.9070999987889081,312.9625000001397,24088.677352801144

1790084744,50,GET,[GET] /actuator/health,7.600000,0.000000,4,4,5,5,6,7,9,16,16,16,16,1814,0,4,4.3845674201249025,2.2021999902790412,47.50000000058208,49.0

1790084744,50,GET,[GET] /api/soporte/election/status,7.100000,0.000000,4,4,5,5,5,6,7,10,10,10,10,1764,0,4,3.9912654192985038,1.982199988560751,41.07420000946149,78.0

1790084744,50,GET,[GET] /api/soporte/tickets,12.400000,0.000000,6,7,7,8,9,9,12,16,30,30,30,3594,0,6,7.135153839657921,3.8745999918319285,312.9625000001397,84651.0

1790084744,50,GET,[GET] /health,22.400000,0.000000,4,4,4,4,5,5,7,7,7,7,7,5482,0,4,3.8548623678097007,1.9070999987889081,31.771899986779317,83.99781101787669

1790084744,50,,Aggregated,49.500000,0.000000,4,5,6,6,7,8,9,11,30,30,30,12654,0,4,4.881483791671604,1.9070999987889081,312.9625000001397,24096.937569148096

1790084745,50,GET,[GET] /actuator/health,7.200000,0.000000,4,4,5,5,6,8,9,16,16,16,16,1824,0,4,4.384756414526093,2.2021999902790412,47.50000000058208,49.0

1790084745,50,GET,[GET] /api/soporte/election/status,7.300000,0.000000,4,4,4,5,5,6,7,10,10,10,10,1768,0,4,3.990316741889905,1.982199988560751,41.07420000946149,78.0

1790084745,50,GET,[GET] /api/soporte/tickets,12.300000,0.000000,7,7,7,8,8,9,12,16,30,30,30,3607,0,6,7.133559633968093,3.8745999918319285,312.9625000001397,84651.0

1790084745,50,GET,[GET] /health,22.500000,0.000000,4,4,4,4,5,5,7,7,7,7,7,5501,0,4,3.854319778283357,1.9070999987889081,31.771899986779317,83.99781857844029

1790084745,50,,Aggregated,49.300000,0.000000,4,5,6,6,7,8,9,11,30,30,30,12700,0,4,4.88079042518241,1.9070999987889081,312.9625000001397,24096.496771653543

1790084746,50,GET,[GET] /actuator/health,7.000000,0.000000,4,4,5,5,6,9,12,16,16,16,16,1833,0,4,4.389530605621548,2.2021999902790412,47.50000000058208,49.0

1790084746,50,GET,[GET] /api/soporte/election/status,7.400000,0.000000,4,4,4,5,5,6,7,10,10,10,10,1776,0,4,3.9887771394582536,1.982199988560751,41.07420000946149,78.0

1790084746,50,GET,[GET] /api/soporte/tickets,12.900000,0.000000,7,7,7,8,9,11,14,16,30,30,30,3620,0,6,7.1350927899814485,3.8745999918319285,312.9625000001397,84651.0

1790084746,50,GET,[GET] /health,21.900000,0.000000,4,4,4,4,5,5,7,7,10,10,10,5529,0,4,3.853737710324225,1.9070999987889081,31.771899986779317,83.99782962561042

1790084746,50,,Aggregated,49.200000,0.000000,4,5,6,6,7,8,10,13,30,30,30,12758,0,4,4.880579205196554,1.9070999987889081,312.9625000001397,24073.474604169933

1790084747,50,GET,[GET] /actuator/health,7.500000,0.000000,4,4,5,5,6,9,12,16,16,16,16,1840,0,4,4.388885380491126,2.2021999902790412,47.50000000058208,49.0

1790084747,50,GET,[GET] /api/soporte/election/status,7.500000,0.000000,4,4,4,4,5,6,7,10,10,10,10,1781,0,4,3.98697125191611,1.982199988560751,41.07420000946149,78.0

1790084747,50,GET,[GET] /api/soporte/tickets,13.100000,0.000000,6,7,7,8,9,13,30,37,40,40,40,3632,0,6,7.148686398604976,3.8745999918319285,312.9625000001397,84651.0

1790084747,50,GET,[GET] /health,21.000000,0.000000,3,4,4,4,5,5,7,7,10,10,10,5551,0,4,3.85154943259924,1.9070999987889081,31.771899986779317,83.99783822734642

1790084747,50,,Aggregated,49.100000,0.000000,4,5,6,6,7,8,11,16,40,40,40,12804,0,4,4.882874476714926,1.9070999987889081,312.9625000001397,24066.524679787566

1790084748,50,GET,[GET] /actuator/health,7.700000,0.000000,4,4,5,5,5,8,12,16,16,16,16,1844,0,4,4.388790021757439,2.2021999902790412,47.50000000058208,49.0

1790084748,50,GET,[GET] /api/soporte/election/status,7.500000,0.000000,4,4,4,4,5,6,7,10,10,10,10,1787,0,4,3.985306267286784,1.982199988560751,41.07420000946149,78.0

1790084748,50,GET,[GET] /api/soporte/tickets,12.900000,0.000000,6,7,7,7,9,12,16,37,40,40,40,3654,0,6,7.147600437811034,3.8745999918319285,312.9625000001397,84651.0

1790084748,50,GET,[GET] /health,21.000000,0.000000,3,4,4,4,5,5,7,8,10,10,10,5569,0,4,3.8515068235505305,1.9070999987889081,31.771899986779317,83.99784521458072

1790084748,50,,Aggregated,49.100000,0.000000,4,5,6,6,7,8,11,14,40,40,40,12854,0,4,4.884164042311858,1.9070999987889081,312.9625000001397,24117.961723976972

1790084749,50,GET,[GET] /actuator/health,8.100000,0.000000,4,4,5,5,5,8,12,16,16,16,16,1853,0,4,4.388040528935267,2.2021999902790412,47.50000000058208,49.0

1790084749,50,GET,[GET] /api/soporte/election/status,6.700000,0.000000,4,4,4,4,5,6,7,10,10,10,10,1792,0,4,3.9857492185514536,1.982199988560751,41.07420000946149,78.0

1790084749,50,GET,[GET] /api/soporte/tickets,13.200000,0.000000,6,7,7,8,9,12,16,37,40,40,40,3671,0,6,7.146126695668101,3.8745999918319285,312.9625000001397,84651.0

1790084749,50,GET,[GET] /health,21.400000,0.000000,3,4,4,4,5,5,7,10,10,10,10,5587,0,4,3.8500155182214635,1.9070999987889081,31.771899986779317,83.99785215679256

1790084749,50,,Aggregated,49.400000,0.000000,4,5,6,6,7,8,11,14,40,40,40,12903,0,4,4.883900604499897,1.9070999987889081,312.9625000001397,24138.08339145935

1790084750,50,GET,[GET] /actuator/health,7.800000,0.000000,4,5,5,5,8,9,12,16,16,16,16,1860,0,4,4.395081290379993,2.2021999902790412,47.50000000058208,49.0

1790084750,50,GET,[GET] /api/soporte/election/status,6.800000,0.000000,4,4,4,4,5,6,10,10,10,10,10,1799,0,4,3.9901176207140296,1.982199988560751,41.07420000946149,78.0

1790084750,50,GET,[GET] /api/soporte/tickets,13.400000,0.000000,7,7,7,8,9,12,16,37,40,40,40,3682,0,6,7.1447833513854695,3.8745999918319285,312.9625000001397,84651.0

1790084750,50,GET,[GET] /health,21.400000,0.000000,4,4,4,4,5,6,7,9,10,10,10,5612,0,4,3.852955256649848,1.9070999987889081,31.771899986779317,83.99786172487526

1790084750,50,,Aggregated,49.400000,0.000000,4,5,6,6,7,9,11,14,40,40,40,12953,0,4,4.88558249053436,1.9070999987889081,312.9625000001397,24117.02617154327

1790084751,50,GET,[GET] /actuator/health,7.800000,0.000000,4,4,5,5,8,9,12,16,16,16,16,1867,0,4,4.396255436590892,2.2021999902790412,47.50000000058208,49.0

1790084751,50,GET,[GET] /api/soporte/election/status,6.700000,0.000000,4,4,4,5,6,8,10,10,10,10,10,1803,0,4,3.993328452391224,1.982199988560751,41.07420000946149,78.0

1790084751,50,GET,[GET] /api/soporte/tickets,14.000000,0.000000,7,7,8,8,9,12,16,37,40,40,40,3705,0,6,7.145660512765031,3.8745999918319285,312.9625000001397,84651.0

1790084751,50,GET,[GET] /health,21.000000,0.000000,4,4,4,4,5,6,9,10,10,10,10,5630,0,4,3.8549753819452928,1.9070999987889081,31.771899986779317,83.99786856127886

1790084751,50,,Aggregated,49.500000,0.000000,4,5,6,7,8,9,12,14,40,40,40,13005,0,4,4.889347458663822,1.9070999987889081,312.9625000001397,24170.471357170318

1790084752,50,GET,[GET] /actuator/health,7.300000,0.000000,4,5,5,5,8,9,10,12,12,12,12,1873,0,4,4.4014122264475395,2.2021999902790412,47.50000000058208,49.0

1790084752,50,GET,[GET] /api/soporte/election/status,6.300000,0.000000,4,4,5,5,7,9,10,10,10,10,10,1814,0,4,4.000780870817096,1.982199988560751,41.07420000946149,78.0

1790084752,50,GET,[GET] /api/soporte/tickets,14.400000,0.000000,7,7,8,8,9,13,16,37,40,40,40,3718,0,6,7.148156105377875,3.8745999918319285,312.9625000001397,84651.0

1790084752,50,GET,[GET] /health,21.800000,0.000000,4,4,4,4,5,6,9,10,10,10,10,5653,0,4,3.8545225190924466,1.9070999987889081,31.771899986779317,83.9973465416593

1790084752,50,,Aggregated,49.800000,0.000000,4,5,6,7,8,9,12,14,40,40,40,13058,0,4,4.89107993567338,1.9070999987889081,312.9625000001397,24156.878848215652

1790084753,50,GET,[GET] /actuator/health,7.000000,0.000000,4,5,5,5,8,9,10,12,12,12,12,1876,0,4,4.401038432911313,2.2021999902790412,47.50000000058208,49.0

1790084753,50,GET,[GET] /api/soporte/election/status,6.200000,0.000000,4,4,5,5,6,8,9,10,10,10,10,1822,0,4,3.99942327094043,1.982199988560751,41.07420000946149,78.0

1790084753,50,GET,[GET] /api/soporte/tickets,14.800000,0.000000,7,7,7,8,9,12,14,37,40,40,40,3732,0,6,7.145093140351543,3.8745999918319285,312.9625000001397,84651.0

1790084753,50,GET,[GET] /health,21.300000,0.000000,3,4,4,4,5,6,9,10,10,10,10,5676,0,4,3.852823819672691,1.9070999987889081,31.771899986779317,83.99735729386892

1790084753,50,,Aggregated,49.300000,0.000000,4,5,6,7,8,9,11,13,40,40,40,13106,0,4,4.889166252102033,1.9070999987889081,312.9625000001397,24159.037158553336

1790084754,50,GET,[GET] /actuator/health,6.900000,0.000000,4,5,5,6,8,9,10,12,12,12,12,1884,0,4,4.403436730455816,2.2021999902790412,47.50000000058208,49.0

1790084754,50,GET,[GET] /api/soporte/election/status,6.300000,0.000000,4,4,5,5,5,8,9,10,10,10,10,1830,0,4,3.997717322210738,1.982199988560751,41.07420000946149,78.0

1790084754,50,GET,[GET] /api/soporte/tickets,14.800000,0.000000,7,7,8,8,9,12,14,37,40,40,40,3745,0,6,7.145800934527853,3.8745999918319285,312.9625000001397,84651.0

1790084754,50,GET,[GET] /health,21.200000,0.000000,4,4,4,4,5,6,9,10,10,10,10,5697,0,4,3.8541526418228806,1.9070999987889081,31.771899986779317,83.99736703528173

1790084754,50,,Aggregated,49.200000,0.000000,4,5,6,7,8,9,11,13,40,40,40,13156,0,4,4.889786378845862,1.9070999987889081,312.9625000001397,24151.07813925205

1790084755,50,GET,[GET] /actuator/health,7.100000,0.000000,4,5,5,6,8,9,10,12,12,12,12,1892,0,4,4.400945296075419,2.2021999902790412,47.50000000058208,49.0

1790084755,50,GET,[GET] /api/soporte/election/status,6.300000,0.000000,4,4,5,5,5,8,9,10,10,10,10,1836,0,4,3.996465141412727,1.982199988560751,41.07420000946149,78.0

1790084755,50,GET,[GET] /api/soporte/tickets,15.100000,0.000000,7,7,8,8,9,12,14,37,40,40,40,3756,0,6,7.143917917941405,3.8745999918319285,312.9625000001397,84651.0

1790084755,50,GET,[GET] /health,21.200000,0.000000,4,4,4,4,5,6,9,10,10,10,10,5721,0,4,3.8558495543540072,1.9070999987889081,31.771899986779317,83.99737808075511

1790084755,50,,Aggregated,49.700000,0.000000,4,5,6,7,8,9,11,13,40,40,40,13205,0,4,4.888751950023146,1.9070999987889081,312.9625000001397,24132.193941688754

1790084756,50,GET,[GET] /actuator/health,7.000000,0.000000,4,5,5,5,7,8,9,10,10,10,10,1899,0,4,4.3983029490151635,2.2021999902790412,47.50000000058208,49.0

1790084756,50,GET,[GET] /api/soporte/election/status,6.300000,0.000000,4,4,5,5,5,8,9,10,10,10,10,1846,0,4,3.994960996552453,1.982199988560751,41.07420000946149,78.0

1790084756,50,GET,[GET] /api/soporte/tickets,14.900000,0.000000,7,7,8,8,8,11,13,13,14,14,14,3766,0,6,7.1418045405776995,3.8745999918319285,312.9625000001397,84651.0

1790084756,50,GET,[GET] /health,21.800000,0.000000,4,4,4,4,5,6,9,10,10,10,10,5744,0,4,3.85632428628987,1.9070999987889081,31.771899986779317,83.99738857938719

1790084756,50,,Aggregated,50.000000,0.000000,4,5,6,7,8,8,10,11,14,14,14,13255,0,4,4.886747483974369,1.9070999987889081,312.9625000001397,24105.257336854018

1790084757,50,GET,[GET] /actuator/health,6.500000,0.000000,4,4,5,5,7,8,9,10,10,10,10,1909,0,4,4.3951826611568645,2.2021999902790412,47.50000000058208,49.0

1790084757,50,GET,[GET] /api/soporte/election/status,6.800000,0.000000,4,4,5,5,6,8,9,10,10,10,10,1850,0,4,3.995747134935841,1.982199988560751,41.07420000946149,78.0

1790084757,50,GET,[GET] /api/soporte/tickets,14.900000,0.000000,7,7,7,8,8,9,12,13,13,13,13,3785,0,6,7.135636169044178,3.8745999918319285,312.9625000001397,84651.0

1790084757,50,GET,[GET] /health,21.300000,0.000000,4,4,4,4,5,6,7,9,10,10,10,5765,0,4,3.8553183868923004,1.9070999987889081,31.771899986779317,83.99739809193409

1790084757,50,,Aggregated,49.500000,0.000000,4,5,6,6,7,8,10,11,13,13,13,13309,0,4,4.8851776467087,1.9070999987889081,312.9625000001397,24128.493575775792

1790084758,50,GET,[GET] /actuator/health,6.700000,0.000000,4,5,5,5,7,8,9,10,10,10,10,1914,0,4,4.395233855888166,2.2021999902790412,47.50000000058208,49.0

1790084758,50,GET,[GET] /api/soporte/election/status,6.400000,0.000000,4,4,5,5,6,8,9,10,10,10,10,1855,0,4,3.9973016709529836,1.982199988560751,41.07420000946149,78.0

1790084758,50,GET,[GET] /api/soporte/tickets,14.900000,0.000000,7,7,7,8,8,11,12,13,13,13,13,3802,0,6,7.135216333463493,3.8745999918319285,312.9625000001397,84651.0

1790084758,50,GET,[GET] /health,21.800000,0.000000,4,4,4,5,5,6,8,9,10,10,10,5786,0,4,3.857117214040964,1.9070999987889081,31.771899986779317,83.99740753543036

1790084758,50,,Aggregated,49.800000,0.000000,4,5,6,7,8,8,10,11,13,13,13,13357,0,4,4.886789316467541,1.9070999987889081,312.9625000001397,24149.70330163959

1790084759,50,GET,[GET] /actuator/health,6.600000,0.000000,4,5,5,5,6,7,8,8,8,8,8,1925,0,4,4.39738883125118,2.2021999902790412,47.50000000058208,49.0

1790084759,50,GET,[GET] /api/soporte/election/status,6.900000,0.000000,4,4,5,5,6,8,8,9,9,9,9,1863,0,4,3.997430327228184,1.982199988560751,41.07420000946149,78.0

1790084759,50,GET,[GET] /api/soporte/tickets,14.700000,0.000000,7,7,7,8,8,11,12,13,13,13,13,3818,0,6,7.133416448352655,3.8745999918319285,312.9625000001397,84651.0

1790084759,50,GET,[GET] /health,21.600000,0.000000,4,4,4,5,5,6,8,10,10,10,10,5799,0,4,3.85775062949697,1.9070999987889081,31.771899986779317,83.99741334712881

1790084759,50,,Aggregated,49.800000,0.000000,4,5,6,6,7,8,10,11,13,13,13,13405,0,4,4.887628951887206,1.9070999987889081,312.9625000001397,24164.43550913838

1790084760,50,GET,[GET] /actuator/health,6.800000,0.000000,4,5,5,5,6,6,8,8,8,8,8,1935,0,4,4.3978466150574675,2.2021999902790412,47.50000000058208,49.0

1790084760,50,GET,[GET] /api/soporte/election/status,6.700000,0.000000,4,4,5,5,6,8,8,9,9,9,9,1868,0,4,3.996828800660974,1.982199988560751,41.07420000946149,78.0

1790084760,50,GET,[GET] /api/soporte/tickets,14.500000,0.000000,7,7,7,8,9,11,13,13,35,35,35,3829,0,6,7.140525124000143,3.8745999918319285,312.9625000001397,84651.0

1790084760,50,GET,[GET] /health,21.600000,0.000000,4,4,4,5,5,6,8,9,10,10,10,5826,0,4,3.8599460865908046,1.9070999987889081,31.771899986779317,83.99742533470649

1790084760,50,,Aggregated,49.600000,0.000000,4,5,6,6,7,8,10,11,35,35,35,13458,0,4,4.889658641703483,1.9070999987889081,312.9625000001397,24138.695720017833

1790084761,50,GET,[GET] /actuator/health,7.200000,0.000000,4,5,5,5,6,6,8,8,8,8,8,1945,0,4,4.3988246273247595,2.2021999902790412,47.50000000058208,49.0

1790084761,50,GET,[GET] /api/soporte/election/status,7.200000,0.000000,4,4,4,5,6,7,8,9,9,9,9,1871,0,4,3.999729235505985,1.982199988560751,41.07420000946149,78.0

1790084761,50,GET,[GET] /api/soporte/tickets,14.100000,0.000000,7,7,7,8,8,11,11,13,35,35,35,3842,0,6,7.139908094679796,3.8745999918319285,312.9625000001397,84651.0

1790084761,50,GET,[GET] /health,21.200000,0.000000,4,4,4,5,5,6,7,8,9,9,9,5849,0,4,3.8586751411287685,1.9070999987889081,31.771899986779317,83.99743545905282

1790084761,50,,Aggregated,49.700000,0.000000,4,5,6,6,7,8,9,11,35,35,35,13507,0,4,4.889325912489842,1.9070999987889081,312.9625000001397,24132.796772044127

1790084762,50,GET,[GET] /actuator/health,7.100000,0.000000,4,5,5,5,6,6,6,8,8,8,8,1950,0,4,4.398641641101,2.2021999902790412,47.50000000058208,49.0

1790084762,50,GET,[GET] /api/soporte/election/status,6.900000,0.000000,4,4,5,5,5,7,7,8,8,8,8,1878,0,4,4.000130244725693,1.982199988560751,41.07420000946149,78.0

1790084762,50,GET,[GET] /api/soporte/tickets,14.700000,0.000000,7,7,8,8,9,11,12,15,35,35,35,3856,0,6,7.146008091219463,3.8745999918319285,312.9625000001397,84651.0

1790084762,50,GET,[GET] /health,20.600000,0.000000,4,4,5,5,5,6,7,8,11,11,11,5868,0,4,3.861845415901731,1.9070999987889081,31.771899986779317,83.99744376278119

1790084762,50,,Aggregated,49.300000,0.000000,4,5,6,6,7,8,11,11,35,35,35,13552,0,4,4.892703062278292,1.9070999987889081,312.9625000001397,24140.288296930343

1790084763,50,GET,[GET] /actuator/health,7.400000,0.000000,4,5,5,5,5,6,6,8,8,8,8,1963,0,4,4.396595720910008,2.2021999902790412,47.50000000058208,49.0

1790084763,50,GET,[GET] /api/soporte/election/status,6.900000,0.000000,4,4,4,4,5,6,7,8,8,8,8,1887,0,4,3.996750450242771,1.982199988560751,41.07420000946149,78.0

1790084763,50,GET,[GET] /api/soporte/tickets,13.700000,0.000000,6,7,7,8,9,11,12,15,35,35,35,3868,0,6,7.143430454955977,3.8745999918319285,312.9625000001397,84651.0

1790084763,50,GET,[GET] /health,21.600000,0.000000,4,4,5,5,6,6,8,9,11,11,11,5883,0,4,3.861509400058099,1.9070999987889081,31.771899986779317,83.99745028046915

1790084763,50,,Aggregated,49.600000,0.000000,4,5,6,6,7,8,10,11,35,35,35,13601,0,4,4.890848783182558,1.9070999987889081,312.9625000001397,24128.19630909492

1790084764,50,GET,[GET] /actuator/health,7.900000,0.000000,4,5,5,5,5,6,6,6,6,6,6,1973,0,4,4.392006183547903,2.2021999902790412,47.50000000058208,49.0

1790084764,50,GET,[GET] /api/soporte/election/status,6.300000,0.000000,4,4,4,5,5,7,7,8,8,8,8,1892,0,4,3.9964903803448975,1.982199988560751,41.07420000946149,78.0

1790084764,50,GET,[GET] /api/soporte/tickets,13.700000,0.000000,6,7,7,8,9,11,12,15,35,35,35,3883,0,6,7.139347617765161,3.8745999918319285,312.9625000001397,84651.0

1790084764,50,GET,[GET] /health,21.800000,0.000000,4,4,4,5,5,6,8,9,11,11,11,5901,0,4,3.860967039576423,1.9070999987889081,31.771899986779317,83.99745805795628

1790084764,50,,Aggregated,49.700000,0.000000,4,5,6,6,7,8,10,11,35,35,35,13649,0,4,4.889181720278054,1.9070999987889081,312.9625000001397,24136.54883141622

1790084765,50,GET,[GET] /actuator/health,8.000000,0.000000,4,5,5,5,5,6,6,6,6,6,6,1980,0,4,4.390863686943464,2.2021999902790412,47.50000000058208,49.0

1790084765,50,GET,[GET] /api/soporte/election/status,6.200000,0.000000,4,4,4,5,5,6,7,8,8,8,8,1900,0,4,3.996528368213484,1.982199988560751,41.07420000946149,78.0

1790084765,50,GET,[GET] /api/soporte/tickets,13.400000,0.000000,6,7,7,8,9,11,12,15,35,35,35,3898,0,6,7.134529245713038,3.8745999918319285,312.9625000001397,84651.0

1790084765,50,GET,[GET] /health,21.100000,0.000000,4,4,4,5,5,6,8,9,11,11,11,5919,0,4,3.8595527117005473,1.9070999987889081,31.771899986779317,83.99746578813989

1790084765,50,,Aggregated,48.700000,0.000000,4,5,6,6,7,8,10,11,35,35,35,13697,0,4,4.887376907359177,1.9070999987889081,312.9625000001397,24144.849164050524

1790084766,50,GET,[GET] /actuator/health,8.800000,0.000000,4,5,5,5,5,6,6,6,6,6,6,1985,0,4,4.389138035342785,2.2021999902790412,47.50000000058208,49.0

1790084766,50,GET,[GET] /api/soporte/election/status,6.300000,0.000000,4,4,4,5,5,7,7,8,8,8,8,1907,0,4,3.9943597795574584,1.982199988560751,41.07420000946149,78.0

1790084766,50,GET,[GET] /api/soporte/tickets,13.400000,0.000000,6,7,7,7,9,11,12,15,35,35,35,3917,0,6,7.127831018585737,3.8745999918319285,312.9625000001397,84651.0

1790084766,50,GET,[GET] /health,20.000000,0.000000,4,4,4,5,5,6,8,9,11,11,11,5937,0,4,3.8575306553125555,1.9070999987889081,31.771899986779317,83.99696816574027

1790084766,50,,Aggregated,48.500000,0.000000,4,5,6,6,7,8,10,11,35,35,35,13746,0,4,4.885170718766367,1.9070999987889081,312.9625000001397,24175.95431398225

1790084767,50,GET,[GET] /actuator/health,9.000000,0.000000,4,5,5,5,5,6,6,6,6,6,6,1995,0,4,4.386303659232642,2.2021999902790412,47.50000000058208,49.0

1790084767,50,GET,[GET] /api/soporte/election/status,6.000000,0.000000,4,4,4,4,5,6,7,7,7,7,7,1913,0,4,3.992046680414861,1.982199988560751,41.07420000946149,78.0

1790084767,50,GET,[GET] /api/soporte/tickets,13.700000,0.000000,6,7,7,7,9,10,12,15,35,35,35,3940,0,6,7.1231045430875675,3.8745999918319285,312.9625000001397,84651.0

1790084767,50,GET,[GET] /health,20.200000,0.000000,4,4,4,5,5,6,7,9,11,11,11,5951,0,4,3.8569420602626967,1.9070999987889081,31.771899986779317,83.99697529826919

1790084767,50,,Aggregated,48.900000,0.000000,4,5,6,6,7,8,10,11,35,35,35,13799,0,4,4.884785506209949,1.9070999987889081,312.9625000001397,24224.34777882455

1790084768,50,GET,[GET] /actuator/health,8.900000,0.000000,4,4,5,5,5,6,6,6,6,6,6,2002,0,4,4.3831222278536295,2.2021999902790412,47.50000000058208,49.0

1790084768,50,GET,[GET] /api/soporte/election/status,6.700000,0.000000,4,4,4,4,5,6,7,7,7,7,7,1917,0,4,3.9912774645898663,1.982199988560751,41.07420000946149,78.0

1790084768,50,GET,[GET] /api/soporte/tickets,14.000000,0.000000,6,7,7,7,9,10,12,28,35,35,35,3959,0,6,7.124968805190928,3.8745999918319285,312.9625000001397,84651.0

1790084768,50,GET,[GET] /health,19.200000,0.000000,4,4,4,5,5,6,7,9,11,11,11,5972,0,4,3.855444357110905,1.9070999987889081,31.771899986779317,83.99698593436035

1790084768,50,,Aggregated,48.800000,0.000000,4,5,6,6,7,8,10,11,35,35,35,13850,0,4,4.885108649833859,1.9070999987889081,312.9625000001397,24251.44859205776

1790084769,50,GET,[GET] /actuator/health,8.500000,0.000000,4,4,5,5,5,5,6,6,6,6,6,2006,0,4,4.382331655118178,2.2021999902790412,47.50000000058208,49.0

1790084769,50,GET,[GET] /api/soporte/election/status,6.300000,0.000000,4,4,4,5,5,6,7,7,7,7,7,1920,0,4,3.991203228959724,1.982199988560751,41.07420000946149,78.0

1790084769,50,GET,[GET] /api/soporte/tickets,15.100000,0.000000,6,7,7,7,8,10,12,15,28,28,28,3973,0,6,7.12261724131523,3.8745999918319285,312.9625000001397,84651.0

1790084769,50,GET,[GET] /health,18.900000,0.000000,3,4,4,4,5,6,7,10,11,11,11,6000,0,4,3.855129366781815,1.9070999987889081,31.771899986779317,83.997

1790084769,50,,Aggregated,48.800000,0.000000,4,5,6,6,7,8,10,11,28,28,28,13899,0,4,4.884020577034753,1.9070999987889081,312.9625000001397,24251.418015684583

1790084770,50,GET,[GET] /actuator/health,8.900000,0.000000,4,4,5,5,5,5,6,7,7,7,7,2014,0,4,4.381534756786875,2.2021999902790412,47.50000000058208,49.0

1790084770,50,GET,[GET] /api/soporte/election/status,6.300000,0.000000,4,4,4,4,5,5,7,7,7,7,7,1929,0,4,3.9903186104894544,1.982199988560751,41.07420000946149,78.0

1790084770,50,GET,[GET] /api/soporte/tickets,15.300000,0.000000,6,7,7,7,8,10,11,15,28,28,28,3994,0,6,7.120426715009507,3.8745999918319285,312.9625000001397,84651.0

1790084770,50,GET,[GET] /health,18.400000,0.000000,3,4,4,4,5,6,7,10,11,11,11,6021,0,4,3.854383258708676,1.9070999987889081,31.771899986779317,83.99701046337817

1790084770,50,,Aggregated,48.900000,0.000000,4,5,6,6,7,8,10,11,28,28,28,13958,0,4,4.883791481604516,1.9070999987889081,312.9625000001397,24276.47141424273

1790084771,50,GET,[GET] /actuator/health,8.200000,0.000000,4,4,5,5,5,5,5,7,7,7,7,2025,0,4,4.379690172931145,2.2021999902790412,47.50000000058208,49.0

1790084771,50,GET,[GET] /api/soporte/election/status,5.700000,0.000000,4,4,4,4,5,5,6,7,7,7,7,1935,0,4,3.99127173107701,1.982199988560751,41.07420000946149,78.0

1790084771,50,GET,[GET] /api/soporte/tickets,15.900000,0.000000,6,6,7,7,8,10,11,15,28,28,28,4009,0,6,7.1146400099212,3.8745999918319285,312.9625000001397,84651.0

1790084771,50,GET,[GET] /health,19.300000,0.000000,3,4,4,4,5,6,7,10,11,11,11,6038,0,4,3.8532016728538094,1.9070999987889081,31.771899986779317,83.99701888042398

1790084771,50,,Aggregated,49.100000,0.000000,4,5,6,6,7,8,10,11,28,28,28,14007,0,4,4.88185956309595,1.9070999987889081,312.9625000001397,24282.372242450205

1790084772,50,GET,[GET] /actuator/health,8.000000,0.000000,4,4,5,5,5,5,7,8,8,8,8,2033,0,4,4.380868470334744,2.2021999902790412,47.50000000058208,49.0

1790084772,50,GET,[GET] /api/soporte/election/status,5.700000,0.000000,4,4,4,4,5,6,7,7,7,7,7,1943,0,4,3.9947221819965657,1.982199988560751,41.07420000946149,78.0

1790084772,50,GET,[GET] /api/soporte/tickets,15.700000,0.000000,6,6,7,7,8,9,10,13,28,28,28,4016,0,6,7.116296613493472,3.8745999918319285,312.9625000001397,84651.0

1790084772,50,GET,[GET] /health,19.900000,0.000000,3,4,4,4,5,5,7,9,10,10,10,6066,0,4,3.8544042203646574,1.9070999987889081,31.771899986779317,83.99703264094956

1790084772,50,,Aggregated,49.300000,0.000000,4,5,6,6,7,7,9,10,28,28,28,14058,0,4,4.881769384004244,1.9070999987889081,312.9625000001397,24236.670436761986

1790084773,50,GET,[GET] /actuator/health,8.100000,0.000000,4,4,5,5,5,5,7,8,8,8,8,2044,0,4,4.38052641886579,2.2021999902790412,47.50000000058208,49.0

1790084773,50,GET,[GET] /api/soporte/election/status,6.400000,0.000000,4,4,4,4,5,6,7,7,7,7,7,1951,0,4,3.9937291130767125,1.982199988560751,41.07420000946149,78.0

1790084773,50,GET,[GET] /api/soporte/tickets,16.200000,0.000000,6,7,7,7,8,9,10,13,28,28,28,4030,0,6,7.113563895722962,3.8745999918319285,312.9625000001397,84651.0

1790084773,50,GET,[GET] /health,18.700000,0.000000,3,4,4,4,5,5,7,9,10,10,10,6088,0,4,3.8542357097137128,1.9070999987889081,31.771899986779317,83.99704336399475

1790084773,50,,Aggregated,49.400000,0.000000,4,5,6,6,7,8,9,10,28,28,28,14113,0,4,4.880451427781121,1.9070999987889081,312.9625000001397,24226.403882944804

1790084774,50,GET,[GET] /actuator/health,7.900000,0.000000,4,4,5,5,5,6,7,8,8,8,8,2050,0,4,4.381830097643215,2.2021999902790412,47.50000000058208,49.0

1790084774,50,GET,[GET] /api/soporte/election/status,6.400000,0.000000,4,4,4,5,5,6,7,7,7,7,7,1958,0,4,3.9949430539402933,1.982199988560751,41.07420000946149,78.0

1790084774,50,GET,[GET] /api/soporte/tickets,16.400000,0.000000,6,7,7,7,8,9,10,13,28,28,28,4043,0,6,7.11145122427649,3.8745999918319285,312.9625000001397,84651.0

1790084774,50,GET,[GET] /health,19.000000,0.000000,3,4,4,4,5,5,7,7,10,10,10,6110,0,4,3.853830491120618,1.9070999987889081,31.771899986779317,83.99705400981996

1790084774,50,,Aggregated,49.700000,0.000000,4,5,6,6,7,7,9,10,28,28,28,14161,0,4,4.879835590726679,1.9070999987889081,312.9625000001397,24222.186921827553

1790084775,50,GET,[GET] /actuator/health,8.300000,0.000000,4,4,5,5,5,6,7,8,8,8,8,2058,0,4,4.382879640517018,2.2021999902790412,47.50000000058208,49.0

1790084775,50,GET,[GET] /api/soporte/election/status,6.800000,0.000000,4,4,4,5,5,6,7,7,7,7,7,1968,0,4,3.9957411075348075,1.982199988560751,41.07420000946149,78.0

1790084775,50,GET,[GET] /api/soporte/tickets,15.800000,0.000000,6,7,7,7,8,9,10,13,28,28,28,4052,0,6,7.109640794610816,3.8745999918319285,312.9625000001397,84651.0

1790084775,50,GET,[GET] /health,19.700000,0.000000,3,4,4,4,5,5,7,7,10,10,10,6131,0,4,3.852655292900522,1.9070999987889081,31.771899986779317,83.99706410047301

1790084775,50,,Aggregated,50.600000,0.000000,4,5,6,6,7,7,9,10,28,28,28,14209,0,4,4.8780687522238475,1.9070999987889081,312.9625000001397,24194.18565697797

1790084776,50,GET,[GET] /actuator/health,7.800000,0.000000,4,4,5,5,5,6,7,8,8,8,8,2066,0,4,4.379962245991299,2.2021999902790412,47.50000000058208,49.0

1790084776,50,GET,[GET] /api/soporte/election/status,6.400000,0.000000,4,4,4,5,5,6,7,7,7,7,7,1974,0,4,3.9950059775193245,1.982199988560751,41.07420000946149,78.0

1790084776,50,GET,[GET] /api/soporte/tickets,16.000000,0.000000,6,7,7,7,8,10,13,28,31,31,31,4071,0,6,7.110969344080594,3.8745999918319285,312.9625000001397,84651.0

1790084776,50,GET,[GET] /health,21.200000,0.000000,3,4,4,4,5,6,7,7,10,10,10,6152,0,4,3.8522359396625494,1.9070999987889081,31.771899986779317,83.99707412223667

1790084776,50,,Aggregated,51.400000,0.000000,4,5,6,6,7,8,9,10,31,31,31,14263,0,4,4.878556790324425,1.9070999987889081,312.9625000001397,24215.535090794365

1790084777,50,GET,[GET] /actuator/health,7.600000,0.000000,4,4,5,5,5,6,7,8,8,8,8,2074,0,4,4.3768288814904475,2.2021999902790412,47.50000000058208,49.0

1790084777,50,GET,[GET] /api/soporte/election/status,7.000000,0.000000,4,4,4,5,5,6,7,7,7,7,7,1983,0,4,3.9910695913340053,1.982199988560751,41.07420000946149,78.0

1790084777,50,GET,[GET] /api/soporte/tickets,15.500000,0.000000,6,7,7,7,8,9,13,28,31,31,31,4089,0,6,7.106243824841167,3.8745999918319285,312.9625000001397,84651.0

1790084777,50,GET,[GET] /health,20.900000,0.000000,3,4,4,4,5,6,7,7,10,10,10,6168,0,4,3.85099354746432,1.9070999987889081,31.771899986779317,83.99708171206225

1790084777,50,,Aggregated,51.000000,0.000000,4,5,6,6,7,7,8,10,31,31,31,14314,0,4,4.876498064856921,1.9070999987889081,312.9625000001397,24235.876274975548

1790084778,50,GET,[GET] /actuator/health,7.800000,0.000000,4,4,5,5,5,6,7,8,8,8,8,2081,0,4,4.376004757438502,2.2021999902790412,47.50000000058208,49.0

1790084778,50,GET,[GET] /api/soporte/election/status,6.600000,0.000000,4,4,4,5,5,6,7,7,7,7,7,1990,0,4,3.991741155578121,1.982199988560751,41.07420000946149,78.0

1790084778,50,GET,[GET] /api/soporte/tickets,15.100000,0.000000,6,7,7,7,8,9,11,13,31,31,31,4104,0,6,7.10392305062692,3.8745999918319285,312.9625000001397,84651.0

1790084778,50,GET,[GET] /health,20.900000,0.000000,3,4,4,4,5,6,7,7,10,10,10,6190,0,4,3.8483942165977947,1.9070999987889081,31.771899986779317,83.99709208400647

1790084778,50,,Aggregated,50.400000,0.000000,4,5,5,6,7,7,8,10,31,31,31,14365,0,4,4.8747714027388245,1.9070999987889081,312.9625000001397,24238.415245388096

1790084779,50,GET,[GET] /actuator/health,8.000000,0.000000,4,4,5,5,6,6,7,8,8,8,8,2087,0,4,4.377191710692711,2.2021999902790412,47.50000000058208,49.0

1790084779,50,GET,[GET] /api/soporte/election/status,6.400000,0.000000,4,4,5,5,5,6,7,8,8,8,8,1994,0,4,3.994122717960167,1.982199988560751,41.07420000946149,78.0

1790084779,50,GET,[GET] /api/soporte/tickets,15.000000,0.000000,6,7,7,7,8,8,11,13,31,31,31,4125,0,6,7.10310324842717,3.8745999918319285,312.9625000001397,84651.0

1790084779,50,GET,[GET] /health,21.700000,0.000000,3,4,4,4,5,5,7,7,8,8,8,6207,0,4,3.8475158370739297,1.9070999987889081,31.771899986779317,83.99710004833253

1790084779,50,,Aggregated,51.100000,0.000000,4,5,6,6,7,8,8,10,31,31,31,14413,0,4,4.87624446682219,1.9070999987889081,312.9625000001397,24281.17255255672

1790084780,50,GET,[GET] /actuator/health,7.700000,0.000000,4,5,5,5,6,6,8,11,11,11,11,2098,0,4,4.381162869490198,2.2021999902790412,47.50000000058208,49.0

1790084780,50,GET,[GET] /api/soporte/election/status,6.900000,0.000000,4,4,5,5,6,7,7,8,8,8,8,2000,0,4,3.9942393497985904,1.982199988560751,41.07420000946149,78.0

1790084780,50,GET,[GET] /api/soporte/tickets,15.000000,0.000000,6,7,7,7,8,9,11,13,31,31,31,4141,0,6,7.1033298236591635,3.8745999918319285,312.9625000001397,84651.0

1790084780,50,GET,[GET] /health,21.100000,0.000000,3,4,4,4,5,6,7,8,9,9,9,6223,0,4,3.848835818853435,1.9070999987889081,31.771899986779317,83.99710750441909

1790084780,50,,Aggregated,50.700000,0.000000,4,5,6,6,7,8,9,11,31,31,31,14462,0,4,4.8780495436513025,1.9070999987889081,312.9625000001397,24292.719333425528

1790084781,50,GET,[GET] /actuator/health,8.000000,0.000000,4,5,5,5,6,6,8,11,11,11,11,2103,0,4,4.380279790863996,2.2021999902790412,47.50000000058208,49.0

1790084781,50,GET,[GET] /api/soporte/election/status,7.500000,0.000000,4,4,5,5,5,6,7,8,8,8,8,2008,0,4,3.9932300296786125,1.982199988560751,41.07420000946149,78.0

1790084781,50,GET,[GET] /api/soporte/tickets,14.200000,0.000000,6,7,7,7,8,9,11,13,31,31,31,4157,0,6,7.1006019965917515,3.8745999918319285,312.9625000001397,84651.0

1790084781,50,GET,[GET] /health,21.200000,0.000000,3,4,4,4,5,6,7,8,9,9,9,6245,0,4,3.8479230905895316,1.9070999987889081,31.771899986779317,83.99711769415532

1790084781,50,,Aggregated,50.900000,0.000000,4,5,6,6,7,8,9,11,31,31,31,14513,0,4,4.8768425894263885,1.9070999987889081,312.9625000001397,24300.864052918074

1790084782,50,GET,[GET] /actuator/health,8.300000,0.000000,4,5,5,5,6,6,7,11,11,11,11,2105,0,4,4.380081710301952,2.2021999902790412,47.50000000058208,49.0

1790084782,50,GET,[GET] /api/soporte/election/status,7.500000,0.000000,4,4,4,5,6,7,8,9,9,9,9,2017,0,4,3.9971125431681567,1.982199988560751,41.07420000946149,78.0

1790084782,50,GET,[GET] /api/soporte/tickets,14.900000,0.000000,6,7,7,7,8,9,11,31,32,32,32,4171,0,6,7.1052802924568725,3.8745999918319285,312.9625000001397,84651.0

1790084782,50,GET,[GET] /health,20.000000,0.000000,3,4,4,4,5,6,8,9,9,9,9,6270,0,4,3.8480331739653986,1.9070999987889081,31.771899986779317,83.99712918660288

1790084782,50,,Aggregated,50.700000,0.000000,4,5,6,6,7,8,9,11,32,32,32,14563,0,4,4.878496195863246,1.9070999987889081,312.9625000001397,24299.008034058916

1790084783,50,GET,[GET] /actuator/health,8.100000,0.000000,4,5,5,5,6,6,7,11,11,11,11,2113,0,4,4.38021940376381,2.2021999902790412,47.50000000058208,49.0

1790084783,50,GET,[GET] /api/soporte/election/status,7.100000,0.000000,4,4,5,5,6,7,8,9,9,9,9,2026,0,4,3.995902220926168,1.982199988560751,41.07420000946149,78.0

1790084783,50,GET,[GET] /api/soporte/tickets,15.100000,0.000000,6,7,7,7,8,9,11,31,32,32,32,4183,0,6,7.1025353095441,3.8745999918319285,312.9625000001397,84651.0

1790084783,50,GET,[GET] /health,20.200000,0.000000,3,4,4,4,5,5,8,9,9,9,9,6288,0,4,3.8469187342130593,1.9070999987889081,31.771899986779317,83.99713740458016

1790084783,50,,Aggregated,50.500000,0.000000,4,5,6,6,7,8,9,11,32,32,32,14610,0,4,4.876826262854485,1.9070999987889081,312.9625000001397,24290.545653661877

