Timestamp,User Count,Type,Name,Requests/s,Failures/s,50%,66%,75%,80%,90%,95%,98%,99%,99.9%,99.99%,100%,Total Request Count,Total Failure Count,Total Median Response Time,Total Average Response Time,Total Min Response Time,Total Max Response Time,Total Average Content Size
1790043102,0,,Aggregated,0.000000,0.000000,N/A,N/A,N/A,N/A,N/A,N/A,N/A,N/A,N/A,N/A,N/A,0,0,0,0.0,0,0,0
1790043103,1,GET,[GET] /health,0.000000,0.000000,0,0,0,0,0,0,0,0,0,0,0,1,0,24.499900006048847,24.499900006048847,24.499900006048847,24.499900006048847,84.0
1790043103,1,,Aggregated,0.000000,0.000000,0,0,0,0,0,0,0,0,0,0,0,1,0,24.499900006048847,24.499900006048847,24.499900006048847,24.499900006048847,84.0
1790043104,3,GET,[GET] /api/soporte/election/status,0.000000,0.000000,0,0,0,0,0,0,0,0,0,0,0,1,0,4.004999995231628,4.004999995231628,4.004999995231628,4.004999995231628,78.0
1790043104,3,GET,[GET] /health,0.000000,0.000000,4,4,10,10,10,10,10,10,10,10,10,4,0,4,10.218375002295943,2.9634000020450912,24.499900006048847,84.0
1790043104,3,,Aggregated,0.000000,0.000000,4,4,10,10,10,10,10,10,10,10,10,5,0,4,8.97570000088308,2.9634000020450912,24.499900006048847,82.8
1790043105,4,GET,[GET] /actuator/health,0.000000,0.000000,0,0,0,0,0,0,0,0,0,0,0,2,0,4,3.9905000012367964,3.9307000042754225,4.05029999819817,49.0
1790043105,4,GET,[GET] /api/soporte/election/status,0.000000,0.000000,0,0,0,0,0,0,0,0,0,0,0,3,0,7,6.294099997224596,4.004999995231628,7.93590000102995,78.0
1790043105,4,GET,[GET] /health,1.000000,0.000000,4,4,10,10,10,10,10,10,10,10,10,5,0,4,8.811800001421943,2.9634000020450912,24.499900006048847,84.0
1790043105,4,,Aggregated,1.000000,0.000000,4,4,7,8,10,10,10,10,10,10,10,10,0,4,7.09223000012571,2.9634000020450912,24.499900006048847,75.2
1790043106,5,GET,[GET] /actuator/health,0.000000,0.000000,4,4,4,4,4,4,4,4,4,4,4,3,0,4,4.056100001131806,3.9307000042754225,4.187300000921823,49.0
1790043106,5,GET,[GET] /api/soporte/election/status,0.000000,0.000000,8,8,8,8,8,8,8,8,8,8,8,3,0,7,6.294099997224596,4.004999995231628,7.93590000102995,78.0
1790043106,5,GET,[GET] /api/soporte/tickets,0.000000,0.000000,0,0,0,0,0,0,0,0,0,0,0,1,0,6.642999993346166,6.642999993346166,6.642999993346166,6.642999993346166,84567.0
1790043106,5,GET,[GET] /health,1.500000,0.000000,4,7,7,10,10,10,10,10,10,10,10,6,0,4,8.51903333386872,2.9634000020450912,24.499900006048847,84.0
1790043106,5,,Aggregated,1.500000,0.000000,4,7,7,7,8,10,10,10,10,10,10,13,0,4,6.8313692301252065,2.9634000020450912,24.499900006048847,6573.2307692307695
1790043107,6,GET,[GET] /actuator/health,0.333333,0.000000,4,4,5,5,5,5,5,5,5,5,5,4,0,4,4.332174999944982,3.9307000042754225,5.160399996384513,49.0
1790043107,6,GET,[GET] /api/soporte/election/status,0.666667,0.000000,8,8,8,8,8,8,8,8,8,8,8,4,0,4,5.625624999083811,3.6202000046614558,7.93590000102995,78.0
1790043107,6,GET,[GET] /api/soporte/tickets,0.000000,0.000000,0,0,0,0,0,0,0,0,0,0,0,2,0,7,7.080599996697856,6.642999993346166,7.518200000049546,84567.0
1790043107,6,GET,[GET] /health,1.666667,0.000000,4,4,7,7,10,10,10,10,10,10,10,7,0,4,7.849228572532801,2.9634000020450912,24.499900006048847,84.0
1790043107,6,,Aggregated,2.666667,0.000000,4,7,7,7,8,10,10,10,10,10,10,17,0,4,6.408058823367088,2.9634000020450912,24.499900006048847,10013.529411764706
1790043108,7,GET,[GET] /actuator/health,0.750000,0.000000,4,4,5,5,5,5,5,5,5,5,5,5,0,4,4.325899999821559,3.9307000042754225,5.160399996384513,49.0
1790043108,7,GET,[GET] /api/soporte/election/status,0.750000,0.000000,8,8,8,8,8,8,8,8,8,8,8,4,0,4,5.625624999083811,3.6202000046614558,7.93590000102995,78.0
1790043108,7,GET,[GET] /api/soporte/tickets,0.000000,0.000000,10,10,10,10,10,10,10,10,10,10,10,3,0,8,7.987866663218786,6.642999993346166,9.802399996260647,84567.0
1790043108,7,GET,[GET] /health,1.250000,0.000000,4,7,8,8,10,22,22,22,22,22,22,12,0,4,7.977575000040815,2.9634000020450912,24.499900006048847,84.0
1790043108,7,,Aggregated,2.750000,0.000000,4,7,8,8,10,10,22,22,22,22,22,24,0,4,6.826104166066216,2.9634000020450912,24.499900006048847,10636.083333333334
1790043109,8,GET,[GET] /actuator/health,0.800000,0.000000,4,5,5,7,7,7,7,7,7,7,7,6,0,4,4.793783333298052,3.9307000042754225,7.133200000680517,49.0
1790043109,8,GET,[GET] /api/soporte/election/status,0.800000,0.000000,4,4,8,8,8,8,8,8,8,8,8,5,0,4,5.242919999000151,3.6202000046614558,7.93590000102995,78.0
1790043109,8,GET,[GET] /api/soporte/tickets,0.400000,0.000000,7,7,10,10,10,10,10,10,10,10,10,6,0,7,7.447499998913069,6.642999993346166,9.802399996260647,84567.0
1790043109,8,GET,[GET] /health,1.200000,0.000000,4,4,7,7,10,22,22,22,22,22,22,17,0,4,6.514964705702903,2.4696999971638434,24.499900006048847,84.0
1790043109,8,,Aggregated,3.200000,0.000000,4,7,7,7,8,10,22,22,22,22,22,34,0,4,6.188726470153436,2.4696999971638434,24.499900006048847,14985.70588235294
1790043110,9,GET,[GET] /actuator/health,0.833333,0.000000,4,4,5,5,7,7,7,7,7,7,7,8,0,4,4.641474999516504,3.9267999964067712,7.133200000680517,49.0
1790043110,9,GET,[GET] /api/soporte/election/status,0.666667,0.000000,4,4,8,8,8,8,8,8,8,8,8,5,0,4,5.242919999000151,3.6202000046614558,7.93590000102995,78.0
1790043110,9,GET,[GET] /api/soporte/tickets,0.500000,0.000000,7,7,7,7,10,10,10,10,10,10,10,8,0,7,7.160837500123307,5.662300005496945,9.802399996260647,84567.0
1790043110,9,GET,[GET] /health,1.500000,0.000000,4,4,4,7,8,10,22,22,22,22,22,22,0,4,6.060150000187357,2.4696999971638434,24.499900006048847,84.0
1790043110,9,,Aggregated,3.500000,0.000000,4,7,7,7,8,10,22,22,22,22,22,43,0,4,5.905962790610258,2.4696999971638434,24.499900006048847,15794.558139534884
1790043111,10,GET,[GET] /actuator/health,0.714286,0.000000,4,4,5,5,7,7,7,7,7,7,7,8,0,4,4.641474999516504,3.9267999964067712,7.133200000680517,49.0
1790043111,10,GET,[GET] /api/soporte/election/status,0.571429,0.000000,4,4,8,8,8,8,8,8,8,8,8,6,0,4,5.073916665423894,3.6202000046614558,7.93590000102995,78.0
1790043111,10,GET,[GET] /api/soporte/tickets,0.428571,0.000000,7,7,7,7,10,10,10,10,10,10,10,8,0,7,7.160837500123307,5.662300005496945,9.802399996260647,84567.0
1790043111,10,GET,[GET] /health,2.142857,0.000000,4,4,4,7,8,10,22,22,22,22,22,28,0,4,5.752342857054567,2.4696999971638434,24.499900006048847,84.0
1790043111,10,,Aggregated,3.857143,0.000000,4,6,7,7,8,10,22,22,22,22,22,50,0,4,5.718551999743795,2.4696999971638434,24.499900006048847,13594.96
1790043112,11,GET,[GET] /actuator/health,0.875000,0.000000,4,5,5,7,9,9,9,9,9,9,9,10,0,4,5.086719999235356,3.9267999964067712,8.74449999537319,49.0
1790043112,11,GET,[GET] /api/soporte/election/status,0.625000,0.000000,4,4,4,4,8,8,8,8,8,8,8,10,0,4,4.654339999251533,3.3409999959985726,7.93590000102995,78.0
1790043112,11,GET,[GET] /api/soporte/tickets,0.750000,0.000000,7,7,7,7,10,10,10,10,10,10,10,10,0,7,7.123979999596486,5.662300005496945,9.802399996260647,84567.0
1790043112,11,GET,[GET] /health,2.250000,0.000000,4,4,4,4,8,10,22,22,22,22,22,32,0,4,5.477543749975666,2.4696999971638434,24.499900006048847,84.0
1790043112,11,,Aggregated,4.500000,0.000000,4,5,7,7,8,9,10,22,22,22,22,62,0,4,5.547287096452501,2.4696999971638434,24.499900006048847,13703.677419354839
1790043113,12,GET,[GET] /actuator/health,0.888889,0.000000,5,5,7,9,16,16,16,16,16,16,16,11,0,4,6.085754544818139,3.9267999964067712,16.076100000645965,49.0
1790043113,12,GET,[GET] /api/soporte/election/status,0.555556,0.000000,4,4,4,4,4,8,8,8,8,8,8,13,0,4,4.4186615380637635,2.9966000001877546,7.93590000102995,78.0
1790043113,12,GET,[GET] /api/soporte/tickets,0.888889,0.000000,7,7,7,7,9,10,10,10,10,10,10,13,0,7,7.245676922208916,5.662300005496945,9.802399996260647,84567.0
1790043113,12,GET,[GET] /health,2.666667,0.000000,4,4,4,4,7,8,22,22,22,22,22,37,0,4,5.321783783910104,2.4696999971638434,24.499900006048847,84.0
1790043113,12,,Aggregated,5.000000,0.000000,4,5,7,7,8,9,16,22,22,22,22,74,0,4,5.614671621367814,2.4696999971638434,24.499900006048847,14919.351351351352
1790043114,13,GET,[GET] /actuator/health,0.800000,0.000000,5,5,7,7,9,16,16,16,16,16,16,13,0,4,5.8736230762756,3.9267999964067712,16.076100000645965,49.0
1790043114,13,GET,[GET] /api/soporte/election/status,0.900000,0.000000,4,4,4,4,4,8,8,8,8,8,8,14,0,4,4.404364285229739,2.9966000001877546,7.93590000102995,78.0
1790043114,13,GET,[GET] /api/soporte/tickets,0.900000,0.000000,7,7,7,9,9,10,10,10,10,10,10,16,0,7,7.211318749341444,5.662300005496945,9.802399996260647,84567.0
1790043114,13,GET,[GET] /health,2.900000,0.000000,4,4,4,4,7,8,22,22,22,22,22,46,0,4,5.351630434787417,2.4696999971638434,24.499900006048847,84.0
1790043114,13,,Aggregated,5.500000,0.000000,4,5,7,7,8,9,18,22,22,22,22,89,0,4,5.613194381735769,2.4696999971638434,24.499900006048847,15265.898876404495
1790043115,14,GET,[GET] /actuator/health,1.000000,0.000000,5,5,7,7,9,16,16,16,16,16,16,14,0,4,5.7795357138924635,3.9267999964067712,16.076100000645965,49.0
1790043115,14,GET,[GET] /api/soporte/election/status,1.100000,0.000000,4,4,4,4,4,9,9,9,9,9,9,17,0,4,4.599276469996446,2.9966000001877546,8.827500001643784,78.0
1790043115,14,GET,[GET] /api/soporte/tickets,1.100000,0.000000,7,7,7,8,9,9,10,10,10,10,10,24,0,7,7.004837499152927,5.4533999937120825,9.802399996260647,84567.0
1790043115,14,GET,[GET] /health,3.300000,0.000000,4,4,4,5,7,8,22,22,22,22,22,49,0,4,5.278616326644884,2.4696999971638434,24.499900006048847,84.0
1790043115,14,,Aggregated,6.500000,0.000000,4,6,7,7,8,9,18,22,22,22,22,104,0,4,5.633360576631765,2.4696999971638434,24.499900006048847,19574.384615384617
1790043116,15,GET,[GET] /actuator/health,1.300000,0.000000,5,5,7,7,9,16,16,16,16,16,16,15,0,4,5.634513332915958,3.6041999992448837,16.076100000645965,49.0
1790043116,15,GET,[GET] /api/soporte/election/status,1.400000,0.000000,4,4,4,4,4,9,9,9,9,9,9,21,0,4,4.374385713682776,2.9966000001877546,8.827500001643784,78.0
1790043116,15,GET,[GET] /api/soporte/tickets,1.500000,0.000000,7,7,7,8,9,9,10,10,10,10,10,27,0,7,6.87355925819483,4.637399993953295,9.802399996260647,84567.0
1790043116,15,GET,[GET] /health,3.600000,0.000000,4,4,4,5,8,9,22,22,22,22,22,53,0,4,5.327692453064165,2.4696999971638434,24.499900006048847,84.0
1790043116,15,,Aggregated,7.800000,0.000000,4,6,7,7,8,9,18,22,22,22,22,116,0,4,5.554599999696024,2.4696999971638434,24.499900006048847,19742.53448275862
1790043117,16,GET,[GET] /actuator/health,1.200000,0.000000,5,5,6,7,9,16,16,16,16,16,16,18,0,4,5.553249999340753,3.6041999992448837,16.076100000645965,49.0
1790043117,16,GET,[GET] /api/soporte/election/status,1.300000,0.000000,4,4,4,4,5,9,9,9,9,9,9,24,0,4,4.349008333216868,2.9966000001877546,8.827500001643784,78.0
1790043117,16,GET,[GET] /api/soporte/tickets,2.000000,0.000000,7,7,8,8,10,17,31,31,31,31,31,29,0,7,8.052920688802761,4.637399993953295,31.149500005994923,84567.0
1790043117,16,GET,[GET] /health,4.100000,0.000000,4,4,4,5,8,10,10,18,18,18,18,62,0,4,5.2856451614887545,2.4696999971638434,24.499900006048847,84.0
1790043117,16,,Aggregated,8.600000,0.000000,4,5,6,7,8,10,17,18,31,31,31,133,0,4,5.7562360900219645,2.4696999971638434,31.149500005994923,18499.285714285714
1790043118,17,GET,[GET] /actuator/health,1.200000,0.000000,5,6,8,8,9,16,16,16,16,16,16,21,0,5,5.773661904510975,3.6041999992448837,16.076100000645965,49.0
1790043118,17,GET,[GET] /api/soporte/election/status,1.500000,0.000000,4,4,4,4,4,5,9,9,9,9,9,27,0,4,4.238662962894455,2.9966000001877546,8.827500001643784,78.0
1790043118,17,GET,[GET] /api/soporte/tickets,2.500000,0.000000,7,7,7,8,9,17,31,31,31,31,31,34,0,7,7.87324411666144,4.637399993953295,31.149500005994923,84567.0
1790043118,17,GET,[GET] /health,4.700000,0.000000,4,4,4,5,7,10,10,18,18,18,18,68,0,4,5.118629411941477,2.4696999971638434,24.499900006048847,84.0
1790043118,17,,Aggregated,9.900000,0.000000,4,6,7,7,8,9,17,18,31,31,31,150,0,4,5.676319333142601,2.4696999971638434,31.149500005994923,19227.5
1790043119,18,GET,[GET] /actuator/health,1.100000,0.000000,5,5,8,9,9,16,16,16,16,16,16,22,0,4,5.684345454276561,3.6041999992448837,16.076100000645965,49.0
1790043119,18,GET,[GET] /api/soporte/election/status,1.800000,0.000000,4,4,4,4,4,5,9,9,9,9,9,30,0,4,4.219149999941389,2.9966000001877546,8.827500001643784,78.0
1790043119,18,GET,[GET] /api/soporte/tickets,2.600000,0.000000,7,7,8,8,9,17,31,31,31,31,31,39,0,7,7.938233332354755,4.637399993953295,31.149500005994923,84567.0
1790043119,18,GET,[GET] /health,5.100000,0.000000,4,4,4,5,7,10,10,18,18,18,18,73,0,4,5.011449315009498,2.4696999971638434,24.499900006048847,84.0
1790043119,18,,Aggregated,10.600000,0.000000,4,6,7,7,9,10,17,18,31,31,31,164,0,4,5.65278658506009,2.4696999971638434,31.149500005994923,20168.676829268294
1790043120,19,GET,[GET] /actuator/health,1.300000,0.000000,5,5,6,7,9,9,16,16,16,16,16,29,0,4,5.450286206755193,3.6041999992448837,16.076100000645965,49.0
1790043120,19,GET,[GET] /api/soporte/election/status,2.200000,0.000000,4,4,4,4,5,5,9,9,9,9,9,34,0,4,4.157691176634912,2.9966000001877546,8.827500001643784,78.0
1790043120,19,GET,[GET] /api/soporte/tickets,2.800000,0.000000,7,7,8,8,9,17,31,31,31,31,31,45,0,7,7.652742221641044,4.637399993953295,31.149500005994923,84567.0
1790043120,19,GET,[GET] /health,5.600000,0.000000,4,4,4,4,7,10,10,18,18,18,18,80,0,4,4.886163750052219,2.311700001882855,24.499900006048847,84.0
1790043120,19,,Aggregated,11.900000,0.000000,4,5,6,7,8,9,17,18,31,31,31,188,0,4,5.503650531805915,2.311700001882855,31.149500005994923,20299.510638297874
1790043121,20,GET,[GET] /actuator/health,1.600000,0.000000,5,5,6,7,9,9,16,16,16,16,16,30,0,4,5.400979999831179,3.6041999992448837,16.076100000645965,49.0
1790043121,20,GET,[GET] /api/soporte/election/status,2.400000,0.000000,4,4,4,4,5,5,9,9,9,9,9,37,0,4,4.133294594695955,2.9966000001877546,8.827500001643784,78.0
1790043121,20,GET,[GET] /api/soporte/tickets,3.200000,0.000000,7,7,8,8,9,11,31,31,31,31,31,51,0,7,7.663862744498058,4.637399993953295,31.149500005994923,84567.0
1790043121,20,GET,[GET] /health,5.800000,0.000000,4,4,4,4,6,10,10,18,18,18,18,87,0,4,4.805088505863437,2.311700001882855,24.499900006048847,84.0
1790043121,20,,Aggregated,13.000000,0.000000,4,6,6,7,9,10,17,18,31,31,31,205,0,4,5.482248780381491,2.311700001882855,31.149500005994923,21095.517073170733
1790043122,21,GET,[GET] /actuator/health,1.700000,0.000000,4,5,5,6,8,9,16,16,16,16,16,33,0,4,5.2956121210379274,3.6041999992448837,16.076100000645965,49.0
1790043122,21,GET,[GET] /api/soporte/election/status,2.700000,0.000000,4,4,4,5,5,5,9,9,9,9,9,43,0,4,4.182558139545171,2.9966000001877546,8.827500001643784,78.0
1790043122,21,GET,[GET] /api/soporte/tickets,3.600000,0.000000,7,8,8,8,11,11,31,31,31,31,31,57,0,7,7.6769245608470795,4.637399993953295,31.149500005994923,84567.0
1790043122,21,GET,[GET] /health,5.900000,0.000000,4,4,4,4,6,10,10,18,18,18,18,94,0,4,4.711580851243467,2.311700001882855,24.499900006048847,84.0
1790043122,21,,Aggregated,13.900000,0.000000,4,5,6,7,8,10,16,18,31,31,31,227,0,4,5.4408744492505,2.311700001882855,31.149500005994923,21291.568281938326
1790043123,22,GET,[GET] /actuator/health,2.200000,0.000000,4,5,5,5,8,9,16,16,16,16,16,37,0,4,5.141448648410497,3.1746000022394583,16.076100000645965,49.0
1790043123,22,GET,[GET] /api/soporte/election/status,3.000000,0.000000,4,4,5,5,5,9,9,9,9,9,9,45,0,4,4.279975555416765,2.9966000001877546,8.827500001643784,78.0
1790043123,22,GET,[GET] /api/soporte/tickets,3.800000,0.000000,7,8,8,9,11,17,18,31,31,31,31,69,0,7,7.948955071987112,4.637399993953295,31.149500005994923,84567.0
1790043123,22,GET,[GET] /health,5.800000,0.000000,4,4,4,4,6,9,10,18,18,18,18,100,0,4,4.691109000050346,2.311700001882855,24.499900006048847,84.0
1790043123,22,,Aggregated,14.800000,0.000000,4,6,7,7,9,11,17,18,31,31,31,251,0,4,5.579367728912702,2.311700001882855,31.149500005994923,23302.17529880478
1790043124,23,GET,[GET] /actuator/health,2.500000,0.000000,4,5,5,5,7,8,9,9,9,9,9,39,0,4,5.147602563785115,3.1746000022394583,16.076100000645965,49.0
1790043124,23,GET,[GET] /api/soporte/election/status,3.000000,0.000000,4,4,4,5,5,9,9,9,9,9,9,50,0,4,4.264279999770224,2.9966000001877546,8.827500001643784,78.0
1790043124,23,GET,[GET] /api/soporte/tickets,4.300000,0.000000,7,8,8,9,11,17,18,31,31,31,31,76,0,7,7.791861841580708,4.637399993953295,31.149500005994923,84567.0
1790043124,23,GET,[GET] /health,6.200000,0.000000,4,4,4,5,6,9,10,10,10,10,10,106,0,4,4.695319811393999,2.311700001882855,24.499900006048847,84.0
1790043124,23,,Aggregated,16.000000,0.000000,4,6,6,7,9,10,12,18,31,31,31,271,0,4,5.5492837636311005,2.311700001882855,31.149500005994923,23770.505535055352
1790043125,24,GET,[GET] /actuator/health,2.300000,0.000000,4,4,5,5,6,8,9,9,9,9,9,45,0,4,4.990608888975759,3.1746000022394583,16.076100000645965,49.0
1790043125,24,GET,[GET] /api/soporte/election/status,3.300000,0.000000,4,4,4,5,5,9,11,11,11,11,11,55,0,4,4.322270908795128,2.124400001775939,11.384999997972045,78.0
1790043125,24,GET,[GET] /api/soporte/tickets,5.000000,0.000000,7,8,8,9,12,17,18,31,31,31,31,84,0,7,7.759214284998874,4.637399993953295,31.149500005994923,84567.0
1790043125,24,GET,[GET] /health,6.100000,0.000000,4,4,4,4,6,9,10,10,10,10,10,112,0,4,4.627865178788072,2.0215999975334853,24.499900006048847,84.0
1790043125,24,,Aggregated,16.700000,0.000000,4,6,6,7,9,11,12,18,31,31,31,296,0,4,5.514855405242604,2.0215999975334853,31.149500005994923,24052.469594594593
1790043126,25,GET,[GET] /actuator/health,2.400000,0.000000,4,4,5,5,6,8,9,9,9,9,9,46,0,4,4.967602174039475,3.1746000022394583,16.076100000645965,49.0
1790043126,25,GET,[GET] /api/soporte/election/status,3.300000,0.000000,4,4,4,5,5,9,11,11,11,11,11,59,0,4,4.302761016657253,2.124400001775939,11.384999997972045,78.0
1790043126,25,GET,[GET] /api/soporte/tickets,5.400000,0.000000,7,8,8,9,11,12,18,31,31,31,31,90,0,7,7.680976665950665,4.637399993953295,31.149500005994923,84567.0
1790043126,25,GET,[GET] /health,6.300000,0.000000,4,4,4,4,5,7,10,10,10,10,10,128,0,4,4.588443750208171,2.0215999975334853,24.499900006048847,84.0
1790043126,25,,Aggregated,17.400000,0.000000,4,6,6,7,8,10,12,12,31,31,31,323,0,4,5.451954489011763,2.0215999975334853,31.149500005994923,23618.074303405574
1790043127,26,GET,[GET] /actuator/health,2.900000,0.000000,4,4,5,5,6,8,9,9,9,9,9,50,0,4,4.936820000002626,3.1746000022394583,16.076100000645965,49.0
1790043127,26,GET,[GET] /api/soporte/election/status,3.600000,0.000000,4,4,4,5,5,9,11,11,11,11,11,61,0,4,4.282465573523354,2.124400001775939,11.384999997972045,78.0
1790043127,26,GET,[GET] /api/soporte/tickets,5.800000,0.000000,7,8,8,9,11,12,12,18,18,18,18,96,0,7,7.622905207578394,4.637399993953295,31.149500005994923,84567.0
1790043127,26,GET,[GET] /health,6.300000,0.000000,4,4,4,4,5,6,8,9,9,9,9,144,0,4,4.510740972313619,2.0215999975334853,24.499900006048847,84.0
1790043127,26,,Aggregated,18.600000,0.000000,4,6,6,7,8,9,11,12,18,18,18,351,0,4,5.382954415742857,2.0215999975334853,31.149500005994923,23184.43304843305
1790043128,27,GET,[GET] /actuator/health,3.000000,0.000000,4,4,4,5,5,6,7,7,7,7,7,53,0,4,4.879532075478291,3.0226000017137267,16.076100000645965,49.0
1790043128,27,GET,[GET] /api/soporte/election/status,3.700000,0.000000,4,4,4,5,5,9,11,11,11,11,11,67,0,4,4.228667163966856,2.124400001775939,11.384999997972045,78.0
1790043128,27,GET,[GET] /api/soporte/tickets,6.100000,0.000000,7,8,8,9,11,12,12,18,18,18,18,105,0,7,7.630709523246402,4.637399993953295,31.149500005994923,84567.0
1790043128,27,GET,[GET] /health,6.600000,0.000000,4,4,4,4,5,6,8,9,9,9,9,153,0,4,4.4452614381394255,2.0215999975334853,24.499900006048847,84.0
1790043128,27,,Aggregated,19.400000,0.000000,4,6,6,7,8,9,11,12,18,18,18,378,0,4,5.35260687820723,2.0215999975334853,31.149500005994923,23545.5291005291
1790043129,28,GET,[GET] /actuator/health,3.100000,0.000000,4,4,5,5,5,6,7,7,7,7,7,56,0,4,4.869098214320339,3.0226000017137267,16.076100000645965,49.0
1790043129,28,GET,[GET] /api/soporte/election/status,3.900000,0.000000,4,4,5,5,5,9,11,11,11,11,11,72,0,4,4.2431138885553485,2.124400001775939,11.384999997972045,78.0
1790043129,28,GET,[GET] /api/soporte/tickets,6.300000,0.000000,7,8,8,8,11,12,12,18,18,18,18,112,0,7,7.581877678148885,4.637399993953295,31.149500005994923,84567.0
1790043129,28,GET,[GET] /health,7.600000,0.000000,4,4,4,4,5,6,8,9,9,9,9,164,0,4,4.436879878329176,2.0215999975334853,24.499900006048847,84.0
1790043129,28,,Aggregated,20.900000,0.000000,4,6,6,7,8,9,11,12,18,18,18,404,0,4,5.334139356377683,2.0215999975334853,31.149500005994923,23499.10891089109
1790043130,29,GET,[GET] /actuator/health,3.300000,0.000000,4,4,5,5,5,5,6,6,6,6,6,63,0,4,4.7916000000282475,2.536399995733518,16.076100000645965,49.0
1790043130,29,GET,[GET] /api/soporte/election/status,3.700000,0.000000,4,4,4,5,5,6,11,11,11,11,11,76,0,4,4.205096052349913,2.124400001775939,11.384999997972045,78.0
1790043130,29,GET,[GET] /api/soporte/tickets,6.700000,0.000000,7,7,8,8,10,12,12,18,18,18,18,120,0,7,7.524074166273446,4.637399993953295,31.149500005994923,84567.0
1790043130,29,GET,[GET] /health,8.200000,0.000000,4,4,4,4,5,7,8,9,9,9,9,173,0,4,4.422537572528815,2.0215999975334853,24.499900006048847,84.0
1790043130,29,,Aggregated,21.900000,0.000000,4,6,6,7,8,9,11,12,18,18,18,432,0,4,5.2996435184737765,2.0215999975334853,31.149500005994923,23545.340277777777
1790043131,30,GET,[GET] /actuator/health,3.200000,0.000000,4,4,5,5,5,6,6,6,6,6,6,69,0,4,4.789321739340465,2.536399995733518,16.076100000645965,49.0
1790043131,30,GET,[GET] /api/soporte/election/status,4.200000,0.000000,4,4,4,5,5,6,11,11,11,11,11,81,0,4,4.155712345554666,2.124400001775939,11.384999997972045,78.0
1790043131,30,GET,[GET] /api/soporte/tickets,7.200000,0.000000,7,8,8,8,10,12,12,18,18,18,18,125,0,7,7.567871999577619,4.637399993953295,31.149500005994923,84567.0
1790043131,30,GET,[GET] /health,8.600000,0.000000,4,4,4,4,5,7,8,9,9,9,9,183,0,4,4.371370492017029,2.0215999975334853,24.499900006048847,84.0
1790043131,30,,Aggregated,23.200000,0.000000,4,6,6,7,8,9,12,12,18,18,18,458,0,4,5.268604148451394,2.0215999975334853,31.149500005994923,23135.25327510917
1790043132,31,GET,[GET] /actuator/health,3.300000,0.000000,4,5,5,5,5,6,9,9,9,9,9,75,0,4,4.8146413335537845,2.536399995733518,16.076100000645965,49.0
1790043132,31,GET,[GET] /api/soporte/election/status,4.200000,0.000000,4,4,4,4,5,8,11,11,11,11,11,87,0,4,4.164773563054208,2.124400001775939,11.384999997972045,78.0
1790043132,31,GET,[GET] /api/soporte/tickets,7.400000,0.000000,7,7,8,8,10,12,12,18,18,18,18,135,0,7,7.517828147683758,4.637399993953295,31.149500005994923,84567.0
1790043132,31,GET,[GET] /health,9.000000,0.000000,4,4,4,4,5,7,8,9,9,9,9,195,0,4,4.319541538708831,2.0215999975334853,24.499900006048847,84.0
1790043132,31,,Aggregated,23.900000,0.000000,4,6,6,7,8,9,11,12,18,18,18,492,0,4,5.245225203227194,2.0215999975334853,31.149500005994923,23258.914634146342
1790043133,32,GET,[GET] /actuator/health,3.400000,0.000000,4,5,5,5,6,6,9,9,9,9,9,79,0,4,4.829024050817265,2.536399995733518,16.076100000645965,49.0
1790043133,32,GET,[GET] /api/soporte/election/status,4.400000,0.000000,4,4,4,5,6,8,11,11,11,11,11,93,0,4,4.270719354662428,2.124400001775939,11.384999997972045,78.0
1790043133,32,GET,[GET] /api/soporte/tickets,7.600000,0.000000,7,7,8,8,9,10,12,12,12,12,12,143,0,7,7.485027971552926,4.637399993953295,31.149500005994923,84567.0
1790043133,32,GET,[GET] /health,9.300000,0.000000,4,4,4,4,5,7,8,8,9,9,9,208,0,4,4.282444231054027,2.0215999975334853,24.499900006048847,84.0
1790043133,32,,Aggregated,24.700000,0.000000,4,5,6,7,8,9,9,11,12,12,12,523,0,4,5.238579732293453,2.0215999975334853,31.149500005994923,23177.204588910135
1790043134,33,GET,[GET] /actuator/health,3.800000,0.000000,5,5,5,5,6,6,9,9,9,9,9,87,0,4,4.869559770145576,2.536399995733518,16.076100000645965,49.0
1790043134,33,GET,[GET] /api/soporte/election/status,4.400000,0.000000,4,4,5,5,6,8,11,11,11,11,11,97,0,4,4.245090721410306,2.124400001775939,11.384999997972045,78.0
1790043134,33,GET,[GET] /api/soporte/tickets,7.400000,0.000000,7,7,8,8,9,10,12,12,12,12,12,150,0,7,7.486934666230809,4.637399993953295,31.149500005994923,84567.0
1790043134,33,GET,[GET] /health,9.600000,0.000000,4,4,4,4,5,6,8,8,8,8,8,221,0,4,4.243809502514931,2.0215999975334853,24.499900006048847,84.0
1790043134,33,,Aggregated,25.200000,0.000000,4,5,6,7,8,9,10,11,12,12,12,555,0,4,5.218644324270064,2.0215999975334853,31.149500005994923,22910.70810810811
1790043135,34,GET,[GET] /actuator/health,4.200000,0.000000,5,5,5,5,6,6,9,9,9,9,9,93,0,4,4.82109892469961,2.536399995733518,16.076100000645965,49.0
1790043135,34,GET,[GET] /api/soporte/election/status,4.500000,0.000000,4,4,4,5,5,8,9,9,9,9,9,104,0,4,4.2084384613190196,2.124400001775939,11.384999997972045,78.0
1790043135,34,GET,[GET] /api/soporte/tickets,7.700000,0.000000,7,7,8,8,9,10,12,12,12,12,12,159,0,7,7.448216351832749,4.637399993953295,31.149500005994923,84567.0
1790043135,34,GET,[GET] /health,10.500000,0.000000,4,4,4,4,5,7,8,8,8,8,8,235,0,4,4.219351064084355,2.0215999975334853,24.499900006048847,84.0
1790043135,34,,Aggregated,26.900000,0.000000,4,5,6,7,8,8,9,11,12,12,12,591,0,4,5.180801522801138,2.0215999975334853,31.149500005994923,22806.3654822335
1790043136,35,GET,[GET] /actuator/health,4.300000,0.000000,5,5,5,5,6,6,9,9,9,9,9,98,0,4,4.753786734556566,2.536399995733518,16.076100000645965,49.0
1790043136,35,GET,[GET] /api/soporte/election/status,4.800000,0.000000,4,4,4,5,5,8,8,9,9,9,9,114,0,4,4.129404385725809,2.124400001775939,11.384999997972045,78.0
1790043136,35,GET,[GET] /api/soporte/tickets,7.500000,0.000000,7,7,8,8,9,11,12,12,12,12,12,166,0,7,7.423996987637954,4.637399993953295,31.149500005994923,84567.0
1790043136,35,GET,[GET] /health,11.000000,0.000000,4,4,4,4,5,7,8,8,8,8,8,245,0,4,4.188081632874317,2.0215999975334853,24.499900006048847,84.0
1790043136,35,,Aggregated,27.600000,0.000000,4,5,6,7,8,8,10,12,12,12,12,623,0,4,5.128550080194853,2.0215999975334853,31.149500005994923,22588.115569823436
1790043137,36,GET,[GET] /actuator/health,4.700000,0.000000,5,5,5,5,6,7,9,9,9,9,9,108,0,4,4.778112962850611,2.536399995733518,16.076100000645965,49.0
1790043137,36,GET,[GET] /api/soporte/election/status,4.800000,0.000000,4,4,4,4,5,8,8,9,9,9,9,122,0,4,4.1187139342254655,2.124400001775939,11.384999997972045,78.0
1790043137,36,GET,[GET] /api/soporte/tickets,7.300000,0.000000,7,7,8,8,9,11,12,12,12,12,12,176,0,7,7.414793749748324,4.637399993953295,31.149500005994923,84567.0
1790043137,36,GET,[GET] /health,11.500000,0.000000,4,4,4,4,5,7,8,8,8,8,8,255,0,4,4.173921176669526,2.0215999975334853,24.499900006048847,84.0
1790043137,36,,Aggregated,28.300000,0.000000,4,5,6,7,7,8,9,11,12,12,12,661,0,4,5.125375037775805,2.0215999975334853,31.149500005994923,22571.891074130104
1790043138,37,GET,[GET] /actuator/health,5.100000,0.000000,5,5,5,5,6,7,9,9,9,9,9,113,0,4,4.737361946796887,2.536399995733518,16.076100000645965,49.0
1790043138,37,GET,[GET] /api/soporte/election/status,5.200000,0.000000,4,4,4,4,5,8,8,9,9,9,9,126,0,4,4.100982539620461,2.124400001775939,11.384999997972045,78.0
1790043138,37,GET,[GET] /api/soporte/tickets,7.300000,0.000000,7,7,7,8,9,10,12,12,12,12,12,188,0,7,7.333095744507637,4.637399993953295,31.149500005994923,84567.0
1790043138,37,GET,[GET] /health,11.900000,0.000000,4,4,4,4,5,7,8,8,8,8,8,267,0,4,4.170308239943974,2.0215999975334853,24.499900006048847,84.0
1790043138,37,,Aggregated,29.500000,0.000000,4,5,6,6,7,8,9,10,12,12,12,694,0,4,5.10682997119986,2.0215999975334853,31.149500005994923,22963.096541786745
1790043139,38,GET,[GET] /actuator/health,5.600000,0.000000,5,5,5,5,6,7,9,9,9,9,9,120,0,4,4.756233333197694,2.536399995733518,16.076100000645965,49.0
1790043139,38,GET,[GET] /api/soporte/election/status,5.400000,0.000000,4,4,4,4,5,8,8,9,9,9,9,127,0,4,4.096870078690585,2.124400001775939,11.384999997972045,78.0
1790043139,38,GET,[GET] /api/soporte/tickets,7.900000,0.000000,7,7,8,8,9,10,12,13,13,13,13,200,0,7,7.354943999780517,4.637399993953295,31.149500005994923,84567.0
1790043139,38,GET,[GET] /health,11.500000,0.000000,4,4,4,4,5,7,8,8,8,8,8,285,0,4,4.135364210723262,2.0215999975334853,24.499900006048847,84.0
1790043139,38,,Aggregated,30.400000,0.000000,4,5,6,6,7,9,10,12,13,13,13,732,0,4,5.110134016379318,2.0215999975334853,31.149500005994923,23160.008196721312
1790043140,39,GET,[GET] /actuator/health,5.800000,0.000000,5,5,5,5,6,7,9,9,9,9,9,123,0,4,4.745634959178231,2.536399995733518,16.076100000645965,49.0
1790043140,39,GET,[GET] /api/soporte/election/status,6.000000,0.000000,4,4,4,4,5,8,8,9,9,9,9,132,0,4,4.091633333397719,2.124400001775939,11.384999997972045,78.0
1790043140,39,GET,[GET] /api/soporte/tickets,8.200000,0.000000,7,7,7,8,9,10,12,13,13,13,13,213,0,7,7.271043192372524,4.637399993953295,31.149500005994923,84567.0
1790043140,39,GET,[GET] /health,11.300000,0.000000,4,4,4,4,5,6,7,8,8,8,8,298,0,4,4.107264429638467,2.0215999975334853,24.499900006048847,84.0
1790043140,39,,Aggregated,31.300000,0.000000,4,5,6,6,7,8,10,12,13,13,13,766,0,4,5.0868220626567,2.0215999975334853,31.149500005994923,23569.35509138381
1790043141,40,GET,[GET] /actuator/health,6.100000,0.000000,5,5,5,5,6,7,9,9,9,9,9,125,0,4,4.7372119998326525,2.536399995733518,16.076100000645965,49.0
1790043141,40,GET,[GET] /api/soporte/election/status,5.600000,0.000000,4,4,4,4,5,8,8,9,9,9,9,136,0,4,4.069265441263697,2.124400001775939,11.384999997972045,78.0
1790043141,40,GET,[GET] /api/soporte/tickets,8.400000,0.000000,7,7,7,8,9,10,12,12,13,13,13,227,0,7,7.274749339109447,4.637399993953295,31.149500005994923,84567.0
1790043141,40,GET,[GET] /health,11.200000,0.000000,3,4,4,4,5,6,7,8,8,8,8,314,0,4,4.07487770709247,2.0215999975334853,24.499900006048847,84.0
1790043141,40,,Aggregated,31.300000,0.000000,4,5,6,7,7,8,10,10,13,13,13,802,0,4,5.082856982538434,2.0215999975334853,31.149500005994923,23989.79800498753
1790043142,41,GET,[GET] /actuator/health,6.500000,0.000000,5,5,5,5,6,7,7,9,9,9,9,131,0,4,4.7208267173646306,2.536399995733518,16.076100000645965,49.0
1790043142,41,GET,[GET] /api/soporte/election/status,5.400000,0.000000,4,4,4,4,5,6,8,9,9,9,9,144,0,4,4.04131597234583,2.124400001775939,11.384999997972045,78.0
1790043142,41,GET,[GET] /api/soporte/tickets,8.700000,0.000000,7,7,7,8,9,10,12,13,13,13,13,236,0,7,7.273713982906005,4.637399993953295,31.149500005994923,84567.0
1790043142,41,GET,[GET] /health,11.900000,0.000000,4,4,4,4,5,6,7,8,8,8,8,339,0,4,4.032148967670815,1.924299998790957,24.499900006048847,84.0
1790043142,41,,Aggregated,32.500000,0.000000,4,5,6,6,7,8,10,11,13,13,13,850,0,4,5.0398503529397525,1.924299998790957,31.149500005994923,23534.04588235294
1790043143,42,GET,[GET] /actuator/health,5.900000,0.000000,4,5,5,5,6,7,9,9,9,9,9,134,0,4,4.73589179086075,2.536399995733518,16.076100000645965,49.0
1790043143,42,GET,[GET] /api/soporte/election/status,5.400000,0.000000,4,4,4,4,5,6,7,9,9,9,9,150,0,4,4.097076000034576,2.124400001775939,11.384999997972045,78.0
1790043143,42,GET,[GET] /api/soporte/tickets,9.400000,0.000000,7,7,8,8,10,11,13,19,22,22,22,251,0,7,7.428233067622636,4.637399993953295,31.149500005994923,84567.0
1790043143,42,GET,[GET] /health,12.500000,0.000000,4,4,4,4,5,7,8,8,9,9,9,346,0,4,4.038504335346781,1.924299998790957,24.499900006048847,84.0
1790043143,42,,Aggregated,33.200000,0.000000,4,6,6,7,8,9,11,12,22,22,22,881,0,4,5.120295005656975,1.924299998790957,31.149500005994923,24147.15891032917
1790043144,43,GET,[GET] /actuator/health,5.400000,0.000000,4,5,5,5,6,7,9,9,9,9,9,139,0,4,4.7217438846705955,2.536399995733518,16.076100000645965,49.0
1790043144,43,GET,[GET] /api/soporte/election/status,5.400000,0.000000,4,4,4,4,5,6,7,9,9,9,9,156,0,4,4.074996153949775,2.124400001775939,11.384999997972045,78.0
1790043144,43,GET,[GET] /api/soporte/tickets,10.400000,0.000000,7,7,8,8,10,11,19,22,31,31,31,266,0,7,7.499676691657072,4.637399993953295,31.149500005994923,84567.0
1790043144,43,GET,[GET] /health,13.200000,0.000000,4,4,4,4,5,7,8,9,9,9,9,364,0,4,4.041410164903097,1.924299998790957,24.499900006048847,84.0
1790043144,43,,Aggregated,34.400000,0.000000,4,6,6,7,8,9,11,13,31,31,31,925,0,4,5.143793621611769,1.924299998790957,31.149500005994923,24372.29945945946
1790043145,44,GET,[GET] /actuator/health,5.700000,0.000000,4,5,5,5,6,7,9,9,9,9,9,145,0,4,4.698687585889651,2.536399995733518,16.076100000645965,49.0
1790043145,44,GET,[GET] /api/soporte/election/status,5.500000,0.000000,4,4,4,4,5,7,9,9,9,9,9,161,0,4,4.108646583896324,2.124400001775939,11.384999997972045,78.0
1790043145,44,GET,[GET] /api/soporte/tickets,10.000000,0.000000,7,7,8,8,10,11,22,30,31,31,31,281,0,7,7.561627757952845,4.637399993953295,31.149500005994923,84567.0
1790043145,44,GET,[GET] /health,14.000000,0.000000,4,4,4,4,5,7,9,9,9,9,9,386,0,4,4.0336158031402,1.924299998790957,24.499900006048847,84.0
1790043145,44,,Aggregated,35.200000,0.000000,4,6,6,7,8,9,11,19,31,31,31,973,0,4,5.164023535414362,1.924299998790957,31.149500005994923,24476.273381294963
1790043146,45,GET,[GET] /actuator/health,5.500000,0.000000,4,5,5,5,6,7,9,9,9,9,9,149,0,4,4.7200798654136555,2.536399995733518,16.076100000645965,49.0
1790043146,45,GET,[GET] /api/soporte/election/status,5.600000,0.000000,4,4,4,5,5,7,9,9,9,9,9,171,0,4,4.108203508765559,2.124400001775939,11.384999997972045,78.0
1790043146,45,GET,[GET] /api/soporte/tickets,11.300000,0.000000,7,7,8,9,10,11,22,30,31,31,31,294,0,7,7.566000680180012,4.637399993953295,31.149500005994923,84567.0
1790043146,45,GET,[GET] /health,13.900000,0.000000,4,4,4,4,5,7,9,9,9,9,9,399,0,4,4.047753884730438,1.924299998790957,24.499900006048847,84.0
1790043146,45,,Aggregated,36.300000,0.000000,4,6,6,7,8,9,11,19,31,31,31,1013,0,4,5.177939486600112,1.924299998790957,31.149500005994923,24597.09081934847
1790043147,46,GET,[GET] /actuator/health,5.300000,0.000000,4,5,5,5,6,7,9,9,9,9,9,159,0,4,4.675008175770515,2.536399995733518,16.076100000645965,49.0
1790043147,46,GET,[GET] /api/soporte/election/status,5.700000,0.000000,4,4,5,5,5,7,9,9,9,9,9,178,0,4,4.0995623594937385,2.124400001775939,11.384999997972045,78.0
1790043147,46,GET,[GET] /api/soporte/tickets,11.700000,0.000000,7,7,8,9,10,11,22,30,31,31,31,300,0,7,7.545909666587249,4.637399993953295,31.149500005994923,84567.0
1790043147,46,GET,[GET] /health,14.500000,0.000000,4,4,4,4,5,7,9,9,9,9,9,419,0,4,4.034200954651916,1.924299998790957,24.499900006048847,84.0
1790043147,46,,Aggregated,37.200000,0.000000,4,6,6,7,8,9,11,19,31,31,31,1056,0,4,5.1393480112809895,1.924299998790957,31.149500005994923,24078.571022727272
1790043148,47,GET,[GET] /actuator/health,5.000000,0.000000,4,5,5,5,6,7,8,9,9,9,9,166,0,4,4.672757831042007,2.536399995733518,16.076100000645965,49.0
1790043148,47,GET,[GET] /api/soporte/election/status,5.500000,0.000000,4,4,5,5,5,6,9,9,9,9,9,188,0,4,4.083828191490264,2.124400001775939,11.384999997972045,78.0
1790043148,47,GET,[GET] /api/soporte/tickets,12.400000,0.000000,7,8,8,9,11,12,22,30,31,31,31,308,0,7,7.5378058440297275,4.637399993953295,31.149500005994923,84567.0
1790043148,47,GET,[GET] /health,15.000000,0.000000,4,4,4,4,5,7,9,9,9,9,9,440,0,4,3.99686863635328,1.924299998790957,24.499900006048847,84.0
1790043148,47,,Aggregated,37.900000,0.000000,4,5,6,7,8,9,11,19,31,31,31,1102,0,4,5.103179582495229,1.924299998790957,31.149500005994923,23690.012704174227
1790043149,48,GET,[GET] /actuator/health,4.700000,0.000000,4,5,5,5,6,7,9,9,9,9,9,172,0,4,4.701084302004622,2.536399995733518,16.076100000645965,49.0
1790043149,48,GET,[GET] /api/soporte/election/status,5.800000,0.000000,4,4,4,5,5,6,9,9,9,9,9,200,0,4,4.061647000016819,2.124400001775939,11.384999997972045,78.0
1790043149,48,GET,[GET] /api/soporte/tickets,12.600000,0.000000,7,7,8,9,10,11,22,30,31,31,31,319,0,7,7.506463009264499,4.637399993953295,31.149500005994923,84567.0
1790043149,48,GET,[GET] /health,15.500000,0.000000,4,4,4,4,5,7,9,9,11,11,11,461,0,4,4.0092778741666155,1.924299998790957,24.499900006048847,84.0
1790043149,48,,Aggregated,38.600000,0.000000,4,5,6,7,8,9,11,12,31,31,31,1152,0,4,5.0900648436582845,1.924299998790957,31.149500005994923,23471.89670138889
1790043150,49,GET,[GET] /actuator/health,5.100000,0.000000,4,5,5,5,6,7,8,9,9,9,9,177,0,4,4.687657061871207,2.536399995733518,16.076100000645965,49.0
1790043150,49,GET,[GET] /api/soporte/election/status,5.800000,0.000000,4,4,4,5,5,6,9,9,9,9,9,208,0,4,4.059663461598225,2.124400001775939,11.384999997972045,78.0
1790043150,49,GET,[GET] /api/soporte/tickets,12.100000,0.000000,7,8,8,9,11,11,22,30,31,31,31,330,0,7,7.496580302959598,4.637399993953295,31.149500005994923,84567.0
1790043150,49,GET,[GET] /health,16.500000,0.000000,4,4,4,4,5,6,9,9,11,11,11,481,0,4,3.9944879417306467,1.924299998790957,24.499900006048847,84.0
1790043150,49,,Aggregated,39.500000,0.000000,4,5,6,7,8,9,11,12,31,31,31,1196,0,4,5.074703595244768,1.924299998790957,31.149500005994923,23388.303511705686
1790043151,50,GET,[GET] /actuator/health,5.300000,0.000000,4,5,5,5,6,7,8,9,9,9,9,183,0,4,4.665567212850377,2.4978000001283363,16.076100000645965,49.0
1790043151,50,GET,[GET] /api/soporte/election/status,6.300000,0.000000,4,4,4,5,5,6,9,9,9,9,9,215,0,4,4.050243255847437,2.124400001775939,11.384999997972045,78.0
1790043151,50,GET,[GET] /api/soporte/tickets,11.800000,0.000000,7,8,8,9,11,12,30,31,31,31,31,347,0,7,7.514107204570773,4.637399993953295,31.149500005994923,84567.0
1790043151,50,GET,[GET] /health,17.000000,0.000000,4,4,4,5,6,7,9,11,12,12,12,502,0,4,4.020647211117434,1.924299998790957,24.499900006048847,84.0
1790043151,50,,Aggregated,40.400000,0.000000,4,5,6,7,8,9,11,19,31,31,31,1247,0,4,5.0925109863078015,1.924299998790957,31.149500005994923,23586.731355252607
1790043152,51,GET,[GET] /actuator/health,5.200000,0.000000,4,5,5,5,6,7,8,9,9,9,9,192,0,4,4.614700520657304,2.4978000001283363,16.076100000645965,49.0
1790043152,51,GET,[GET] /api/soporte/election/status,7.200000,0.000000,4,4,4,4,5,6,9,9,9,9,9,222,0,4,4.037752702732849,2.124400001775939,11.384999997972045,78.0
1790043152,51,GET,[GET] /api/soporte/tickets,11.900000,0.000000,7,7,8,9,11,19,31,31,31,31,31,356,0,7,7.583867134803512,4.637399993953295,31.149500005994923,84567.0
1790043152,51,GET,[GET] /health,17.800000,0.000000,4,4,4,5,6,7,9,11,12,12,12,523,0,4,4.0183722753116475,1.924299998790957,24.499900006048847,84.0
1790043152,51,,Aggregated,42.100000,0.000000,4,5,6,7,8,9,12,22,31,31,31,1293,0,4,5.091932714579224,1.924299998790957,31.149500005994923,23338.366589327146
1790043153,52,GET,[GET] /actuator/health,5.500000,0.000000,4,5,5,5,6,6,7,8,8,8,8,202,0,4,4.573924257297537,2.4978000001283363,16.076100000645965,49.0
1790043153,52,GET,[GET] /api/soporte/election/status,7.600000,0.000000,4,4,4,4,5,5,6,9,9,9,9,226,0,4,4.031950000031445,2.124400001775939,11.384999997972045,78.0
1790043153,52,GET,[GET] /api/soporte/tickets,11.400000,0.000000,7,7,8,8,10,11,30,31,31,31,31,375,0,7,7.5555813332515145,4.637399993953295,31.149500005994923,84567.0
1790043153,52,GET,[GET] /health,18.200000,0.000000,4,4,4,4,6,7,9,11,12,12,12,544,0,4,4.0038733455356335,1.924299998790957,24.499900006048847,84.0
1790043153,52,,Aggregated,42.700000,0.000000,4,5,6,6,7,9,11,12,31,31,31,1347,0,4,5.082853377818791,1.924299998790957,31.149500005994923,23597.510764662213
1790043154,53,GET,[GET] /actuator/health,5.800000,0.000000,4,5,5,5,6,6,7,8,8,8,8,209,0,4,4.560613396962432,2.4978000001283363,16.076100000645965,49.0
1790043154,53,GET,[GET] /api/soporte/election/status,7.900000,0.000000,4,4,4,4,5,5,6,9,9,9,9,232,0,4,4.01851336209802,2.124400001775939,11.384999997972045,78.0
1790043154,53,GET,[GET] /api/soporte/tickets,11.800000,0.000000,7,7,8,8,10,11,30,31,31,31,31,387,0,7,7.537950129115543,4.637399993953295,31.149500005994923,84567.0
1790043154,53,GET,[GET] /health,18.400000,0.000000,4,4,4,4,5,7,9,11,12,12,12,565,0,4,3.9890607079002693,1.924299998790957,24.499900006048847,84.0
1790043154,53,,Aggregated,43.900000,0.000000,4,5,6,6,7,9,11,12,31,31,31,1393,0,4,5.065663531875991,1.924299998790957,31.149500005994923,23548.618808327352
1790043155,54,GET,[GET] /actuator/health,6.200000,0.000000,4,5,5,5,5,6,7,8,8,8,8,217,0,4,4.569735022879759,2.4978000001283363,16.076100000645965,49.0
1790043155,54,GET,[GET] /api/soporte/election/status,7.800000,0.000000,4,4,4,4,5,5,6,9,9,9,9,243,0,4,4.033114403394509,2.124400001775939,11.384999997972045,78.0
1790043155,54,GET,[GET] /api/soporte/tickets,12.000000,0.000000,7,7,8,8,10,11,16,31,31,31,31,395,0,7,7.535197974633591,4.637399993953295,31.149500005994923,84567.0
1790043155,54,GET,[GET] /health,18.800000,0.000000,4,4,4,4,5,6,7,9,12,12,12,591,0,4,3.9735060913429963,1.924299998790957,24.499900006048847,84.0
1790043155,54,,Aggregated,44.800000,0.000000,4,5,6,6,7,8,11,12,31,31,31,1446,0,4,5.045936791116011,1.924299998790957,31.149500005994923,23155.737206085752
1790043156,55,GET,[GET] /actuator/health,6.700000,0.000000,4,5,5,5,5,6,6,7,7,7,7,223,0,4,4.553025560333465,2.4978000001283363,16.076100000645965,49.0
1790043156,55,GET,[GET] /api/soporte/election/status,7.700000,0.000000,4,4,4,4,5,5,6,9,9,9,9,246,0,4,4.021053252110165,2.124400001775939,11.384999997972045,78.0
1790043156,55,GET,[GET] /api/soporte/tickets,11.800000,0.000000,7,7,8,8,9,12,24,31,31,31,31,411,0,7,7.557626520646787,4.637399993953295,31.149500005994923,84567.0
1790043156,55,GET,[GET] /health,19.400000,0.000000,4,4,4,4,5,6,7,8,12,12,12,618,0,4,3.9631912621124505,1.924299998790957,24.499900006048847,84.0
1790043156,55,,Aggregated,45.600000,0.000000,4,5,6,6,7,8,10,13,31,31,31,1498,0,4,5.046689252299591,1.924299998790957,31.149500005994923,23257.0520694259
1790043157,56,GET,[GET] /actuator/health,6.800000,0.000000,4,5,5,5,5,6,6,7,7,7,7,230,0,4,4.516525217205407,2.4978000001283363,16.076100000645965,49.0
1790043157,56,GET,[GET] /api/soporte/election/status,7.700000,0.000000,4,4,4,4,5,5,5,9,9,9,9,254,0,4,4.000444488292129,2.124400001775939,11.384999997972045,78.0
1790043157,56,GET,[GET] /api/soporte/tickets,12.000000,0.000000,7,7,8,8,9,12,31,31,32,32,32,425,0,7,7.595918352924534,4.637399993953295,31.805999999050982,84567.0
1790043157,56,GET,[GET] /health,19.900000,0.000000,4,4,4,4,5,6,7,8,12,12,12,641,0,4,3.9348525740383318,1.924299998790957,24.499900006048847,84.0
1790043157,56,,Aggregated,46.400000,0.000000,4,5,6,6,7,8,11,16,32,32,32,1550,0,4,5.035754516087059,1.924299998790957,31.805999999050982,23242.516774193547
1790043158,57,GET,[GET] /actuator/health,7.100000,0.000000,4,4,5,5,5,6,7,8,8,8,8,235,0,4,4.526077021078078,2.4978000001283363,16.076100000645965,49.0
1790043158,57,GET,[GET] /api/soporte/election/status,8.100000,0.000000,4,4,4,4,5,5,8,9,9,9,9,262,0,4,4.018939313013773,2.124400001775939,11.384999997972045,78.0
1790043158,57,GET,[GET] /api/soporte/tickets,11.400000,0.000000,7,7,8,8,9,13,31,32,32,32,32,442,0,7,7.627818778278259,4.637399993953295,31.805999999050982,84567.0
1790043158,57,GET,[GET] /health,20.600000,0.000000,4,4,4,4,5,6,7,8,12,12,12,666,0,4,3.924006456413094,1.924299998790957,24.499900006048847,84.0
1790043158,57,,Aggregated,47.200000,0.000000,4,5,6,6,7,8,11,24,32,32,32,1605,0,4,5.047647601204403,1.924299998790957,31.805999999050982,23343.619314641746
1790043159,58,GET,[GET] /actuator/health,7.500000,0.000000,4,4,5,5,5,6,6,8,8,8,8,241,0,4,4.527029045483125,2.4978000001283363,16.076100000645965,49.0
1790043159,58,GET,[GET] /api/soporte/election/status,7.300000,0.000000,4,4,4,4,5,7,8,9,9,9,9,277,0,4,3.9952061372192995,2.124400001775939,11.384999997972045,78.0
1790043159,58,GET,[GET] /api/soporte/tickets,11.800000,0.000000,7,7,8,8,9,16,31,32,32,32,32,455,0,7,7.6388191209164455,4.637399993953295,31.805999999050982,84567.0
1790043159,58,GET,[GET] /health,21.600000,0.000000,4,4,4,4,5,6,7,7,12,12,12,683,0,4,3.9247202049472265,1.924299998790957,24.499900006048847,84.0
1790043159,58,,Aggregated,48.200000,0.000000,4,5,6,6,7,8,11,24,32,32,32,1656,0,4,5.044645350221689,1.924299998790957,31.805999999050982,23290.32125603865
1790043160,59,GET,[GET] /actuator/health,7.000000,0.000000,4,4,5,5,5,5,6,8,8,8,8,250,0,4,4.492839599843137,2.4978000001283363,16.076100000645965,49.0
1790043160,59,GET,[GET] /api/soporte/election/status,7.300000,0.000000,4,4,4,4,5,7,8,9,9,9,9,286,0,4,3.9883437063756655,2.124400001775939,11.384999997972045,78.0
1790043160,59,GET,[GET] /api/soporte/tickets,12.500000,0.000000,7,7,8,8,9,13,31,32,32,32,32,473,0,7,7.603103171292708,4.637399993953295,31.805999999050982,84567.0
1790043160,59,GET,[GET] /health,21.700000,0.000000,4,4,4,4,5,5,6,7,12,12,12,708,0,4,3.915689406769911,1.924299998790957,24.499900006048847,84.0
1790043160,59,,Aggregated,48.500000,0.000000,4,5,6,6,7,8,10,19,32,32,32,1717,0,4,5.0276366336626515,1.924299998790957,31.805999999050982,23351.322655794993
1790043161,60,GET,[GET] /actuator/health,6.800000,0.000000,4,4,5,5,5,6,8,9,9,9,9,259,0,4,4.50425328171954,2.4978000001283363,16.076100000645965,49.0
1790043161,60,GET,[GET] /api/soporte/election/status,7.400000,0.000000,4,4,4,4,5,6,8,9,9,9,9,297,0,4,3.972682491642962,2.124400001775939,11.384999997972045,78.0
1790043161,60,GET,[GET] /api/soporte/tickets,13.300000,0.000000,7,7,8,8,9,10,31,32,32,32,32,492,0,7,7.578557926875859,4.31399999797577,31.805999999050982,84567.0
1790043161,60,GET,[GET] /health,22.500000,0.000000,4,4,4,4,5,5,6,6,8,8,8,726,0,4,3.9093758953066886,1.924299998790957,24.499900006048847,84.0
1790043161,60,,Aggregated,50.000000,0.000000,4,5,6,6,7,9,10,16,32,32,32,1774,0,4,5.024433878240642,1.924299998790957,31.805999999050982,23508.34554678692
1790043162,61,GET,[GET] /actuator/health,6.800000,0.000000,4,4,5,5,5,6,8,9,9,9,9,266,0,4,4.505875939760433,2.4978000001283363,16.076100000645965,49.0
1790043162,61,GET,[GET] /api/soporte/election/status,7.900000,0.000000,4,4,4,4,5,6,8,9,9,9,9,307,0,4,3.975382410497966,2.124400001775939,11.384999997972045,78.0
1790043162,61,GET,[GET] /api/soporte/tickets,13.400000,0.000000,7,7,8,8,9,10,19,32,32,32,32,516,0,7,7.572270348864832,4.31399999797577,31.805999999050982,84567.0
1790043162,61,GET,[GET] /health,22.200000,0.000000,4,4,4,4,5,5,6,7,8,8,8,743,0,4,3.9241833109155575,1.924299998790957,24.499900006048847,84.0
1790043162,61,,Aggregated,50.300000,0.000000,4,5,6,6,8,9,10,11,32,32,32,1832,0,4,5.0447407751220865,1.924299998790957,31.805999999050982,23873.342794759825
1790043163,62,GET,[GET] /actuator/health,7.200000,0.000000,4,5,5,5,6,8,9,9,9,9,9,278,0,4,4.549753956747762,2.4978000001283363,16.076100000645965,49.0
1790043163,62,GET,[GET] /api/soporte/election/status,7.700000,0.000000,4,4,4,4,6,7,9,9,9,9,9,317,0,4,4.000483596258964,2.124400001775939,11.384999997972045,78.0
1790043163,62,GET,[GET] /api/soporte/tickets,14.400000,0.000000,7,7,8,8,9,10,19,32,32,32,32,533,0,7,7.560503939972618,4.31399999797577,31.805999999050982,84567.0
1790043163,62,GET,[GET] /health,22.600000,0.000000,4,4,4,4,5,5,7,8,9,9,9,766,0,4,3.931016579661935,1.924299998790957,24.499900006048847,84.0
1790043163,62,,Aggregated,51.900000,0.000000,4,5,6,7,8,9,10,11,32,32,32,1894,0,4,5.054853326302227,1.924299998790957,31.805999999050982,23852.641499472018
1790043164,63,GET,[GET] /actuator/health,7.700000,0.000000,4,5,5,5,6,8,9,9,9,9,9,289,0,4,4.549585813091492,2.4978000001283363,16.076100000645965,49.0
1790043164,63,GET,[GET] /api/soporte/election/status,8.100000,0.000000,4,4,4,5,6,7,9,9,9,9,9,322,0,4,4.009137267129523,2.124400001775939,11.384999997972045,78.0
1790043164,63,GET,[GET] /api/soporte/tickets,14.400000,0.000000,7,7,8,8,9,10,19,32,32,32,32,551,0,7,7.5323125227197485,4.31399999797577,31.805999999050982,84567.0
1790043164,63,GET,[GET] /health,22.300000,0.000000,4,4,4,4,5,5,7,8,9,9,9,795,0,4,3.918205660413848,1.924299998790957,24.499900006048847,84.0
1790043164,63,,Aggregated,52.500000,0.000000,4,5,6,7,8,9,10,11,32,32,32,1957,0,4,5.043970465021328,1.924299998790957,31.805999999050982,23864.319877363312
1790043165,64,GET,[GET] /actuator/health,7.200000,0.000000,4,4,5,5,7,8,9,9,9,9,9,294,0,4,4.544921768658959,2.4978000001283363,16.076100000645965,49.0
1790043165,64,GET,[GET] /api/soporte/election/status,8.500000,0.000000,4,4,4,5,6,7,8,9,9,9,9,335,0,4,4.009298805982298,2.124400001775939,11.384999997972045,78.0
1790043165,64,GET,[GET] /api/soporte/tickets,15.900000,0.000000,7,7,8,8,9,10,19,32,32,32,32,567,0,7,7.494146737266053,4.31399999797577,31.805999999050982,84567.0
1790043165,64,GET,[GET] /health,21.600000,0.000000,4,4,4,4,5,6,7,8,9,9,9,829,0,4,3.9029708082383396,1.924299998790957,24.499900006048847,84.0
1790043165,64,,Aggregated,53.200000,0.000000,4,5,6,7,8,9,10,11,32,32,32,2025,0,4,5.019291901258884,1.924299998790957,31.805999999050982,23733.165925925925
1790043166,65,GET,[GET] /actuator/health,7.700000,0.000000,4,5,5,5,7,8,9,9,9,9,9,303,0,4,4.516035973547002,2.4978000001283363,16.076100000645965,49.0
1790043166,65,GET,[GET] /api/soporte/election/status,8.900000,0.000000,4,4,4,5,6,7,8,9,9,9,9,346,0,4,3.998712716776221,2.124400001775939,11.384999997972045,78.0
1790043166,65,GET,[GET] /api/soporte/tickets,15.900000,0.000000,7,7,8,8,9,10,11,19,32,32,32,584,0,7,7.46034726033604,4.31399999797577,31.805999999050982,84567.0
1790043166,65,GET,[GET] /health,22.200000,0.000000,4,4,4,4,5,6,7,8,9,9,9,851,0,4,3.898066039999195,1.924299998790957,24.499900006048847,84.0
1790043166,65,,Aggregated,54.700000,0.000000,4,5,6,6,7,9,9,10,32,32,32,2084,0,4,5.002884117113664,1.924299998790957,31.805999999050982,23752.613723608447
1790043168,66,GET,[GET] /actuator/health,7.900000,0.000000,4,5,5,5,6,8,9,9,9,9,9,312,0,4,4.511761538406763,2.4978000001283363,16.076100000645965,49.0
1790043168,66,GET,[GET] /api/soporte/election/status,8.900000,0.000000,4,4,4,5,6,7,7,9,9,9,9,352,0,4,3.9992187499923273,2.124400001775939,11.384999997972045,78.0
1790043168,66,GET,[GET] /api/soporte/tickets,16.300000,0.000000,7,7,7,8,9,10,11,15,19,19,19,607,0,7,7.452048599717892,4.3084999997518025,31.805999999050982,84567.0
1790043168,66,GET,[GET] /health,22.700000,0.000000,4,4,4,4,5,6,7,8,9,9,9,889,0,4,3.889234195783796,1.9118999989586882,24.499900006048847,84.0
1790043168,66,,Aggregated,55.800000,0.000000,4,5,6,6,7,9,9,10,19,19,19,2160,0,4,4.998295046324428,1.9118999989586882,31.805999999050982,23819.254166666666
1790043169,67,GET,[GET] /actuator/health,7.800000,0.000000,4,4,5,5,6,8,9,9,9,9,9,321,0,4,4.498339252241066,2.4978000001283363,16.076100000645965,49.0
1790043169,67,GET,[GET] /api/soporte/election/status,9.200000,0.000000,4,4,4,5,5,6,7,9,9,9,9,362,0,4,3.9891248618899615,2.124400001775939,11.384999997972045,78.0
1790043169,67,GET,[GET] /api/soporte/tickets,17.100000,0.000000,7,7,7,8,9,10,11,13,15,15,15,630,0,7,7.436158730233151,4.3084999997518025,31.805999999050982,84567.0
1790043169,67,GET,[GET] /health,23.600000,0.000000,4,4,4,4,5,6,7,8,9,9,9,916,0,4,3.8860268559801625,1.9118999989586882,24.499900006048847,84.0
1790043169,67,,Aggregated,57.700000,0.000000,4,5,6,6,7,9,9,10,15,15,15,2229,0,4,4.994352041318198,1.9118999989586882,31.805999999050982,23956.087483176314
1790043170,68,GET,[GET] /actuator/health,7.900000,0.000000,4,5,5,5,7,8,9,9,9,9,9,332,0,4,4.508237349329143,2.4978000001283363,16.076100000645965,49.0
1790043170,68,GET,[GET] /api/soporte/election/status,10.000000,0.000000,4,4,4,5,6,6,7,9,9,9,9,376,0,4,3.983925000032654,2.124400001775939,11.384999997972045,78.0
1790043170,68,GET,[GET] /api/soporte/tickets,17.000000,0.000000,6,7,8,8,9,10,13,15,15,15,15,645,0,7,7.43447457373191,4.3084999997518025,31.805999999050982,84567.0
1790043170,68,GET,[GET] /health,23.200000,0.000000,4,4,4,4,5,6,7,8,9,9,9,946,0,4,3.8823860465679005,1.9118999989586882,24.499900006048847,84.0
1790043170,68,,Aggregated,58.100000,0.000000,4,5,6,6,7,9,10,11,15,15,15,2299,0,4,4.985934710787242,1.9118999989586882,31.805999999050982,23780.241409308393
1790043171,69,GET,[GET] /actuator/health,8.600000,0.000000,4,5,5,5,6,8,9,9,9,9,9,343,0,4,4.491978717151433,2.4978000001283363,16.076100000645965,49.0
1790043171,69,GET,[GET] /api/soporte/election/status,9.900000,0.000000,4,4,4,5,6,6,7,9,9,9,9,389,0,4,3.9688951156398695,2.124400001775939,11.384999997972045,78.0
1790043171,69,GET,[GET] /api/soporte/tickets,18.800000,0.000000,6,7,7,8,9,10,13,15,15,15,15,661,0,7,7.398491376795106,4.3084999997518025,31.805999999050982,84567.0
1790043171,69,GET,[GET] /health,25.000000,0.000000,4,4,4,4,5,6,7,8,9,9,9,974,0,4,3.874647227983725,1.9118999989586882,24.499900006048847,84.0
1790043171,69,,Aggregated,62.300000,0.000000,4,5,6,6,7,8,10,11,15,15,15,2367,0,4,4.96364938744595,1.9118999989586882,31.805999999050982,23670.364174059992
1790043172,70,GET,[GET] /actuator/health,9.000000,0.000000,4,4,5,5,6,8,9,9,9,9,9,350,0,4,4.473301142799236,2.4302999954670668,16.076100000645965,49.0
1790043172,70,GET,[GET] /api/soporte/election/status,9.700000,0.000000,4,4,4,5,6,6,7,9,9,9,9,400,0,4,3.9543367499572923,2.124400001775939,11.384999997972045,78.0
1790043172,70,GET,[GET] /api/soporte/tickets,18.900000,0.000000,6,7,7,7,8,10,13,15,15,15,15,680,0,7,7.353727647151733,4.3084999997518025,31.805999999050982,84567.0
1790043172,70,GET,[GET] /health,26.000000,0.000000,3,4,4,4,5,6,7,8,9,9,9,1004,0,4,3.8582656375020377,1.8741000021691434,24.499900006048847,84.0
1790043172,70,,Aggregated,63.600000,0.000000,4,5,6,6,7,8,9,11,15,15,15,2434,0,4,4.939040098635116,1.8741000021691434,31.805999999050982,23680.462612982745
1790043173,71,GET,[GET] /actuator/health,9.300000,0.000000,4,4,4,5,6,7,9,9,9,9,9,364,0,4,4.452864010930241,2.4302999954670668,16.076100000645965,49.0
1790043173,71,GET,[GET] /api/soporte/election/status,10.200000,0.000000,4,4,4,5,5,6,7,7,7,7,7,405,0,4,3.948812839452229,2.124400001775939,11.384999997972045,78.0
1790043173,71,GET,[GET] /api/soporte/tickets,18.500000,0.000000,6,7,7,7,8,9,13,15,15,15,15,697,0,7,7.328421233978588,4.3084999997518025,31.805999999050982,84567.0
1790043173,71,GET,[GET] /health,26.300000,0.000000,3,4,4,4,5,6,7,8,9,9,9,1037,0,4,3.851798746438543,1.8741000021691434,24.499900006048847,84.0
1790043173,71,,Aggregated,64.300000,0.000000,4,5,6,6,7,7,9,10,15,15,15,2503,0,4,4.923027007629487,1.8741000021691434,31.805999999050982,23603.568917299242
1790043174,72,GET,[GET] /actuator/health,9.000000,0.000000,4,4,4,5,5,6,9,9,9,9,9,370,0,4,4.449287297226161,2.4302999954670668,16.076100000645965,49.0
1790043174,72,GET,[GET] /api/soporte/election/status,10.200000,0.000000,4,4,4,5,6,6,7,7,7,7,7,416,0,4,3.9775576922413447,2.124400001775939,11.384999997972045,78.0
1790043174,72,GET,[GET] /api/soporte/tickets,18.800000,0.000000,6,7,7,7,8,10,13,15,15,15,15,717,0,7,7.314002789505267,4.3084999997518025,31.805999999050982,84567.0
1790043174,72,GET,[GET] /health,27.800000,0.000000,3,4,4,4,5,6,7,8,9,9,9,1074,0,4,3.8596119181252693,1.8741000021691434,24.499900006048847,84.0
1790043174,72,,Aggregated,65.800000,0.000000,4,5,6,6,7,8,9,10,15,15,15,2577,0,4,4.924432867709699,1.8741000021691434,31.805999999050982,23583.753589445092
1790043175,73,GET,[GET] /actuator/health,9.800000,0.000000,4,4,4,5,5,6,8,9,9,9,9,376,0,4,4.431684042483926,2.4302999954670668,16.076100000645965,49.0
1790043175,73,GET,[GET] /api/soporte/election/status,9.800000,0.000000,4,4,4,5,6,6,6,7,7,7,7,425,0,4,3.9568374117131015,2.063200001430232,11.384999997972045,78.0
1790043175,73,GET,[GET] /api/soporte/tickets,18.000000,0.000000,6,7,7,7,8,10,13,15,15,15,15,741,0,7,7.27528164650613,4.3084999997518025,31.805999999050982,84567.0
1790043175,73,GET,[GET] /health,28.900000,0.000000,3,4,4,4,5,6,7,8,9,9,9,1107,0,4,3.84354236682141,1.8741000021691434,24.499900006048847,84.0
1790043175,73,,Aggregated,66.500000,0.000000,4,5,6,6,7,8,9,10,15,15,15,2649,0,4,4.905154473418032,1.8741000021691434,31.805999999050982,23710.34692336731
1790043176,74,GET,[GET] /actuator/health,9.100000,0.000000,4,4,5,5,5,6,8,9,9,9,9,388,0,4,4.426877834984478,2.4302999954670668,16.076100000645965,49.0
1790043176,74,GET,[GET] /api/soporte/election/status,9.900000,0.000000,4,4,4,5,6,6,9,15,15,15,15,436,0,4,3.99653623852152,2.063200001430232,14.605700001993682,78.0
1790043176,74,GET,[GET] /api/soporte/tickets,18.300000,0.000000,6,7,7,7,9,10,13,15,15,15,15,762,0,7,7.274054330777089,4.3084999997518025,31.805999999050982,84567.0
1790043176,74,GET,[GET] /health,30.400000,0.000000,4,4,4,4,5,6,7,9,11,11,11,1140,0,4,3.858433421134434,1.8741000021691434,24.499900006048847,84.0
1790043176,74,,Aggregated,67.700000,0.000000,4,5,6,6,7,8,10,12,15,15,15,2726,0,4,4.916200256828597,1.8741000021691434,31.805999999050982,23693.629493763758
1790043177,75,GET,[GET] /actuator/health,8.700000,0.000000,4,4,4,5,5,6,8,9,9,9,9,394,0,4,4.422144162375392,2.4302999954670668,16.076100000645965,49.0
1790043177,75,GET,[GET] /api/soporte/election/status,10.300000,0.000000,4,4,4,5,6,6,9,15,15,15,15,451,0,4,3.9977461197132147,2.063200001430232,14.605700001993682,78.0
1790043177,75,GET,[GET] /api/soporte/tickets,18.900000,0.000000,6,7,7,8,9,10,12,13,15,15,15,780,0,7,7.246058076989123,4.123999999137595,31.805999999050982,84567.0
1790043177,75,GET,[GET] /health,30.800000,0.000000,3,4,4,4,5,6,7,9,11,11,11,1172,0,4,3.8464247441109896,1.8741000021691434,24.499900006048847,84.0
1790043177,75,,Aggregated,68.700000,0.000000,4,5,6,6,7,8,10,11,15,15,15,2797,0,4,4.8999797640744225,1.8741000021691434,31.805999999050982,23637.894887379334
1790043178,76,GET,[GET] /actuator/health,9.200000,0.000000,4,4,5,5,6,6,8,9,9,9,9,402,0,4,4.4295975123930305,2.4302999954670668,16.076100000645965,49.0
1790043178,76,GET,[GET] /api/soporte/election/status,10.000000,0.000000,4,4,4,5,6,6,9,9,15,15,15,465,0,4,3.9823638709163123,2.063200001430232,14.605700001993682,78.0
1790043178,76,GET,[GET] /api/soporte/tickets,19.400000,0.000000,6,7,7,7,8,10,11,13,15,15,15,803,0,7,7.229367870575624,4.123999999137595,31.805999999050982,84567.0
1790043178,76,GET,[GET] /health,30.900000,0.000000,4,4,4,4,5,6,7,9,11,11,11,1204,0,4,3.851255398760041,1.8741000021691434,24.499900006048847,84.0
1790043178,76,,Aggregated,69.500000,0.000000,4,5,6,6,7,8,10,11,15,15,15,2874,0,4,4.8972133960116215,1.8741000021691434,31.805999999050982,23682.813152400835
1790043179,77,GET,[GET] /actuator/health,9.100000,0.000000,4,4,5,5,6,6,7,16,16,16,16,417,0,4,4.442994484350719,2.4302999954670668,16.339399997377768,49.0
1790043179,77,GET,[GET] /api/soporte/election/status,10.200000,0.000000,4,4,4,5,6,6,9,15,15,15,15,474,0,4,3.9817284809424,2.063200001430232,14.605700001993682,78.0
1790043179,77,GET,[GET] /api/soporte/tickets,19.600000,0.000000,6,7,7,7,8,10,11,16,18,18,18,819,0,7,7.234975335854364,4.123999999137595,31.805999999050982,84567.0
1790043179,77,GET,[GET] /health,31.800000,0.000000,3,4,4,4,5,6,7,9,11,11,11,1232,0,4,3.849505681914293,1.8741000021691434,24.499900006048847,84.0
1790043179,77,,Aggregated,70.700000,0.000000,4,5,6,6,7,8,10,11,18,18,18,2942,0,4,4.897384024515324,1.8741000021691434,31.805999999050982,23596.623385452072
1790043180,78,GET,[GET] /actuator/health,9.000000,0.000000,4,4,5,5,6,6,7,16,16,16,16,431,0,4,4.422248491844926,2.4302999954670668,16.339399997377768,49.0
1790043180,78,GET,[GET] /api/soporte/election/status,11.300000,0.000000,4,4,5,5,6,6,9,15,15,15,15,479,0,4,3.9813127347878434,2.063200001430232,14.605700001993682,78.0
1790043180,78,GET,[GET] /api/soporte/tickets,19.400000,0.000000,6,7,7,7,8,10,11,16,18,18,18,835,0,7,7.225205988072843,4.123999999137595,31.805999999050982,84567.0
1790043180,78,GET,[GET] /health,31.200000,0.000000,4,4,4,4,5,6,7,9,11,11,11,1277,0,4,3.847095693128669,1.8741000021691434,24.499900006048847,84.0
1790043180,78,,Aggregated,70.900000,0.000000,4,5,6,6,7,8,10,11,18,18,18,3022,0,4,4.883794209170971,1.8741000021691434,31.805999999050982,23421.30840502978
1790043181,79,GET,[GET] /actuator/health,9.400000,0.000000,4,4,5,5,6,6,7,16,16,16,16,443,0,4,4.411174040579429,2.4302999954670668,16.339399997377768,49.0
1790043181,79,GET,[GET] /api/soporte/election/status,11.200000,0.000000,4,4,5,5,6,7,15,31,31,31,31,489,0,4,4.019775460046861,2.063200001430232,30.852299998514354,78.0
1790043181,79,GET,[GET] /api/soporte/tickets,18.800000,0.000000,6,7,7,8,9,10,16,33,34,34,34,855,0,7,7.270698713512114,4.123999999137595,33.85130000242498,84567.0
1790043181,79,GET,[GET] /health,31.500000,0.000000,4,4,4,4,5,6,8,10,34,34,34,1315,0,4,3.880371939268728,1.8741000021691434,34.45179999835091,84.0
1790043181,79,,Aggregated,70.900000,0.000000,4,5,6,6,7,8,11,16,34,34,34,3102,0,4,4.912623081924834,1.8741000021691434,34.45179999835091,23363.989039329466
1790043182,80,GET,[GET] /actuator/health,9.900000,0.000000,4,4,5,5,6,7,8,16,16,16,16,448,0,4,4.407130133878517,2.4302999954670668,16.339399997377768,49.0
1790043182,80,GET,[GET] /api/soporte/election/status,10.200000,0.000000,4,4,5,5,6,7,15,31,31,31,31,494,0,4,4.015667206404621,2.063200001430232,30.852299998514354,78.0
1790043182,80,GET,[GET] /api/soporte/tickets,18.600000,0.000000,6,7,8,8,9,10,16,33,34,34,34,878,0,7,7.264373462489681,4.123999999137595,33.85130000242498,84567.0
1790043182,80,GET,[GET] /health,32.500000,0.000000,4,4,4,4,5,7,8,10,34,34,34,1357,0,4,3.8777786294350864,1.8741000021691434,34.45179999835091,84.0
1790043182,80,,Aggregated,71.200000,0.000000,4,5,6,6,7,8,11,16,34,34,34,3177,0,4,4.909788920412594,1.8741000021691434,34.45179999835091,23425.96726471514
1790043183,81,GET,[GET] /actuator/health,9.800000,0.000000,4,4,5,5,6,7,8,16,16,16,16,460,0,4,4.397587173883474,2.4302999954670668,16.339399997377768,49.0
1790043183,81,GET,[GET] /api/soporte/election/status,10.100000,0.000000,4,4,4,5,6,8,15,31,31,31,31,505,0,4,4.018637623711683,2.063200001430232,30.852299998514354,78.0
1790043183,81,GET,[GET] /api/soporte/tickets,19.300000,0.000000,6,7,7,8,9,10,16,33,34,34,34,900,0,7,7.249065444516924,4.123999999137595,33.85130000242498,84567.0
1790043183,81,GET,[GET] /health,33.900000,0.000000,4,4,4,4,5,7,8,10,34,34,34,1390,0,4,3.881732014479181,1.8741000021691434,34.45179999835091,84.0
1790043183,81,,Aggregated,73.100000,0.000000,4,5,6,6,7,8,11,16,34,34,34,3255,0,4,4.90693348698989,1.8741000021691434,34.45179999835091,23437.4777265745
1790043184,82,GET,[GET] /actuator/health,9.600000,0.000000,4,5,5,5,6,7,9,10,16,16,16,477,0,4,4.440574633071431,2.4302999954670668,16.339399997377768,49.0
1790043184,82,GET,[GET] /api/soporte/election/status,9.400000,0.000000,4,4,5,5,6,8,15,31,31,31,31,515,0,4,4.041298058249048,2.063200001430232,30.852299998514354,78.0
1790043184,82,GET,[GET] /api/soporte/tickets,19.500000,0.000000,7,7,8,8,10,12,16,33,34,34,34,919,0,7,7.31209956480178,4.123999999137595,33.85130000242498,84567.73122959738
1790043184,82,GET,[GET] /health,34.700000,0.000000,4,4,4,5,6,7,9,10,34,34,34,1419,0,4,3.90400140953962,1.8741000021691434,34.45179999835091,84.0
1790043184,82,,Aggregated,73.200000,0.000000,4,5,6,6,8,9,12,16,34,34,34,3330,0,4,4.942648678727594,1.8741000021691434,34.45179999835091,23393.538738738738
1790043185,83,GET,[GET] /actuator/health,9.300000,0.000000,4,5,5,6,8,9,11,16,22,22,22,495,0,4,4.539052525201854,2.4302999954670668,22.143500005768146,49.0
1790043185,83,GET,[GET] /api/soporte/election/status,9.800000,0.000000,4,4,5,5,6,8,11,31,31,31,31,531,0,4,4.06603502825623,2.063200001430232,30.852299998514354,78.0
1790043185,83,GET,[GET] /api/soporte/tickets,19.800000,0.000000,7,8,8,9,10,13,18,33,34,34,34,943,0,7,7.352390774204541,4.123999999137595,33.85130000242498,84569.85047720042
1790043185,83,GET,[GET] /health,35.100000,0.000000,4,4,5,5,6,7,9,10,34,34,34,1446,0,4,3.9338081605090145,1.8741000021691434,34.45179999835091,84.0
1790043185,83,,Aggregated,74.000000,0.000000,4,5,6,7,8,10,14,22,34,34,34,3415,0,4,4.986086881449456,1.8741000021691434,34.45179999835091,23407.468814055635
1790043186,84,GET,[GET] /actuator/health,10.300000,0.000000,4,5,5,6,7,9,11,16,22,22,22,506,0,4,4.530733399150783,2.4302999954670668,22.143500005768146,49.0
1790043186,84,GET,[GET] /api/soporte/election/status,9.600000,0.000000,4,4,5,5,6,8,11,31,31,31,31,543,0,4,4.063160957642175,2.063200001430232,30.852299998514354,78.0
1790043186,84,GET,[GET] /api/soporte/tickets,20.000000,0.000000,7,8,8,9,11,14,20,33,34,34,34,967,0,7,7.359175904946028,4.123999999137595,33.85130000242498,84571.8645294726
1790043186,84,GET,[GET] /health,34.300000,0.000000,4,4,5,5,6,7,10,16,34,34,34,1486,0,4,3.9459716016918276,1.8741000021691434,34.45179999835091,84.0
1790043186,84,,Aggregated,74.200000,0.000000,4,5,6,7,8,10,15,20,34,34,34,3502,0,4,4.99111490581578,1.8741000021691434,34.45179999835091,23407.471444888633
1790043187,85,GET,[GET] /actuator/health,11.400000,0.000000,4,5,5,5,7,9,11,16,22,22,22,524,0,4,4.515359732782835,2.4302999954670668,22.143500005768146,49.0
1790043187,85,GET,[GET] /api/soporte/election/status,10.300000,0.000000,4,4,5,5,6,8,11,31,31,31,31,554,0,4,4.058216426000192,2.063200001430232,30.852299998514354,78.0
1790043187,85,GET,[GET] /api/soporte/tickets,19.900000,0.000000,7,8,8,9,10,14,20,33,34,34,34,999,0,7,7.326134034124302,4.123999999137595,33.85130000242498,84574.3993993994
1790043187,85,GET,[GET] /health,33.500000,0.000000,4,4,5,5,6,7,10,16,34,34,34,1511,0,4,3.9361013898808643,1.8741000021691434,34.45179999835091,84.0
1790043187,85,,Aggregated,75.100000,0.000000,4,5,6,7,8,10,15,20,34,34,34,3588,0,4,4.98343297106535,1.8741000021691434,34.45179999835091,23602.462931995542
1790043188,86,GET,[GET] /actuator/health,11.600000,0.000000,4,5,5,5,7,9,10,11,22,22,22,540,0,4,4.4979603703352575,2.4302999954670668,22.143500005768146,49.0
1790043188,86,GET,[GET] /api/soporte/election/status,10.400000,0.000000,4,5,5,5,6,8,11,31,31,31,31,562,0,4,4.068500177977852,2.063200001430232,30.852299998514354,78.0
1790043188,86,GET,[GET] /api/soporte/tickets,20.300000,0.000000,7,8,8,9,10,13,20,23,34,34,34,1023,0,7,7.326991691216298,4.123999999137595,33.85130000242498,84576.19648093842
1790043188,86,GET,[GET] /health,34.300000,0.000000,4,4,5,5,6,7,10,16,34,34,34,1546,0,4,3.9272610608796,1.8741000021691434,34.45179999835091,84.0
1790043188,86,,Aggregated,76.600000,0.000000,5,6,6,7,8,10,14,22,34,34,34,3671,0,4,4.980238027850375,1.8741000021691434,34.45179999835091,23623.429310814492
1790043189,87,GET,[GET] /actuator/health,12.900000,0.000000,4,5,5,5,7,9,10,11,22,22,22,556,0,4,4.501516186988581,2.4302999954670668,22.143500005768146,49.0
1790043189,87,GET,[GET] /api/soporte/election/status,10.400000,0.000000,4,4,5,5,6,8,11,31,31,31,31,575,0,4,4.075161043488745,2.063200001430232,30.852299998514354,78.0
1790043189,87,GET,[GET] /api/soporte/tickets,21.300000,0.000000,7,8,8,9,10,14,22,33,34,34,34,1049,0,7,7.354216301367925,4.123999999137595,33.85130000242498,84578.05052430887
1790043189,87,GET,[GET] /health,33.500000,0.000000,4,4,5,5,6,7,10,16,34,34,34,1578,0,4,3.9353010140222033,1.8741000021691434,34.45179999835091,84.0
1790043189,87,,Aggregated,78.100000,0.000000,5,6,6,7,8,10,15,22,34,34,34,3758,0,4,4.994821314591184,1.8741000021691434,34.45179999835091,23663.390367216605
1790043190,88,GET,[GET] /actuator/health,13.500000,0.000000,4,5,5,5,7,9,10,11,22,22,22,570,0,4,4.4895859648501135,2.4302999954670668,22.143500005768146,49.0
1790043190,88,GET,[GET] /api/soporte/election/status,9.700000,0.000000,4,4,5,5,6,8,8,8,11,11,11,590,0,4,4.063903728807818,2.063200001430232,30.852299998514354,78.0
1790043190,88,GET,[GET] /api/soporte/tickets,22.100000,0.000000,7,8,8,9,10,13,15,22,33,33,33,1072,0,7,7.33997975757758,4.123999999137595,33.85130000242498,84579.61567164179
1790043190,88,GET,[GET] /health,33.500000,0.000000,4,4,5,5,6,7,9,10,20,20,20,1616,0,4,3.9269873763313994,1.8741000021691434,34.45179999835091,84.0
1790043190,88,,Aggregated,78.800000,0.000000,5,6,6,7,8,10,12,15,33,33,33,3848,0,4,4.982130223554024,1.8741000021691434,34.45179999835091,23617.214656964657
1790043191,89,GET,[GET] /actuator/health,13.600000,0.000000,4,5,5,5,7,9,10,11,22,22,22,583,0,4,4.471998970791271,2.4302999954670668,22.143500005768146,49.0
1790043191,89,GET,[GET] /api/soporte/election/status,9.900000,0.000000,4,4,5,5,6,8,8,8,11,11,11,599,0,4,4.05830851417771,2.063200001430232,30.852299998514354,78.0
1790043191,89,GET,[GET] /api/soporte/tickets,22.500000,0.000000,7,8,8,9,10,13,20,23,34,34,34,1103,0,7,7.339294651053666,4.123999999137595,33.87749999819789,84581.6219401632
1790043191,89,GET,[GET] /health,34.500000,0.000000,4,4,5,5,6,7,9,10,20,20,20,1657,0,4,3.9158719976846923,1.8741000021691434,34.45179999835091,84.0
1790043191,89,,Aggregated,80.500000,0.000000,5,6,6,7,8,10,13,16,34,34,34,3942,0,4,4.977662125885208,1.8741000021691434,34.45179999835091,23720.955352612888
1790043192,90,GET,[GET] /actuator/health,13.500000,0.000000,4,5,5,5,7,9,10,11,22,22,22,592,0,4,4.458643412117207,2.4302999954670668,22.143500005768146,49.0
1790043192,90,GET,[GET] /api/soporte/election/status,10.800000,0.000000,4,4,5,5,6,7,8,8,11,11,11,609,0,4,4.051480952355256,2.063200001430232,30.852299998514354,78.0
1790043192,90,GET,[GET] /api/soporte/tickets,23.400000,0.000000,7,8,8,9,10,13,20,23,34,34,34,1130,0,7,7.318396106286621,4.070499999215826,33.87749999819789,84583.2796460177
1790043192,90,GET,[GET] /health,33.500000,0.000000,4,4,5,5,6,7,9,10,20,20,20,1693,0,4,3.9059790314038145,1.8741000021691434,34.45179999835091,84.0
1790043192,90,,Aggregated,81.200000,0.000000,5,6,6,7,8,9,13,16,34,34,34,4024,0,4,4.967564339022932,1.8741000021691434,34.45179999835091,23806.617296222663
1790043193,91,GET,[GET] /actuator/health,14.000000,0.000000,4,4,5,5,6,8,10,11,22,22,22,600,0,4,4.44461699994766,2.3662999956286512,22.143500005768146,49.0
1790043193,91,GET,[GET] /api/soporte/election/status,10.800000,0.000000,4,4,5,5,6,6,8,8,11,11,11,619,0,4,4.038069305291868,2.063200001430232,30.852299998514354,78.0
1790043193,91,GET,[GET] /api/soporte/tickets,24.100000,0.000000,7,8,8,8,10,11,22,26,34,34,34,1164,0,7,7.341512113508696,4.070499999215826,33.87749999819789,84585.25773195876
1790043193,91,GET,[GET] /health,33.600000,0.000000,3,4,4,5,6,6,9,10,20,20,20,1731,0,4,3.8976484691980215,1.8741000021691434,34.45179999835091,84.0
1790043193,91,,Aggregated,82.500000,0.000000,4,5,6,7,8,9,12,20,34,34,34,4114,0,4,4.9729423189718425,1.8741000021691434,34.45179999835091,23986.467185221198
1790043194,92,GET,[GET] /actuator/health,14.200000,0.000000,4,4,5,5,6,6,7,8,8,8,8,620,0,4,4.459085806370093,2.3662999956286512,22.143500005768146,49.0
1790043194,92,GET,[GET] /api/soporte/election/status,11.100000,0.000000,4,4,4,5,6,6,8,8,8,8,8,633,0,4,4.04478056869605,2.063200001430232,30.852299998514354,78.0
1790043194,92,GET,[GET] /api/soporte/tickets,24.900000,0.000000,7,7,8,9,10,11,19,26,34,34,34,1190,0,7,7.372354201762399,4.070499999215826,33.87749999819789,84586.69411764706
1790043194,92,GET,[GET] /health,33.100000,0.000000,3,4,4,5,5,6,8,9,16,16,16,1767,0,4,3.902954669021904,1.8741000021691434,34.45179999835091,84.0
1790043194,92,,Aggregated,83.300000,0.000000,4,5,6,6,8,9,11,15,34,34,34,4210,0,4,4.98684125895321,1.8741000021691434,34.45179999835091,23963.503087885987
1790043195,93,GET,[GET] /actuator/health,14.200000,0.000000,4,4,5,5,6,7,8,8,10,10,10,629,0,4,4.468114626292115,2.3662999956286512,22.143500005768146,49.0
1790043195,93,GET,[GET] /api/soporte/election/status,11.400000,0.000000,4,4,4,5,6,6,8,8,48,48,48,648,0,4,4.1023171295954075,2.063200001430232,47.80419999588048,78.0
1790043195,93,GET,[GET] /api/soporte/tickets,25.800000,0.000000,7,7,8,9,10,11,19,33,51,51,51,1216,0,7,7.397043256661929,4.070499999215826,51.473300001816824,84588.06907894737
1790043195,93,GET,[GET] /health,33.500000,0.000000,3,4,4,4,5,6,8,9,47,47,47,1806,0,4,3.923144241488467,1.8741000021691434,47.118199996475596,84.0
1790043195,93,,Aggregated,84.900000,0.000000,4,5,6,6,8,9,11,16,51,51,51,4299,0,4,5.012502605290682,1.8741000021691434,51.473300001816824,23980.498022796
1790043196,94,GET,[GET] /actuator/health,14.200000,0.000000,4,4,5,5,6,7,8,8,10,10,10,638,0,4,4.458600940328963,2.2706000017933547,22.143500005768146,49.0
1790043196,94,GET,[GET] /api/soporte/election/status,11.600000,0.000000,4,4,5,5,6,6,8,8,48,48,48,670,0,4,4.09778701491157,2.063200001430232,47.80419999588048,78.0
1790043196,94,GET,[GET] /api/soporte/tickets,26.500000,0.000000,7,7,8,9,10,11,22,33,51,51,51,1243,0,7,7.369545937319772,4.070499999215826,51.473300001816824,84589.43604183427
1790043196,94,GET,[GET] /health,34.400000,0.000000,3,4,4,4,5,6,8,9,47,47,47,1842,0,4,3.9168446797647625,1.8741000021691434,47.118199996475596,84.0
1790043196,94,,Aggregated,86.700000,0.000000,4,5,6,6,8,9,11,16,51,51,51,4393,0,4,5.000063328052765,1.8741000021691434,51.473300001816824,23988.827452765763
1790043197,95,GET,[GET] /actuator/health,13.800000,0.000000,4,5,5,5,6,6,8,8,10,10,10,658,0,4,4.4504958965140995,2.2706000017933547,22.143500005768146,49.0
1790043197,95,GET,[GET] /api/soporte/election/status,11.600000,0.000000,4,4,5,5,6,6,8,8,48,48,48,685,0,4,4.103514890506843,2.063200001430232,47.80419999588048,78.0
1790043197,95,GET,[GET] /api/soporte/tickets,27.000000,0.000000,7,7,8,9,10,11,19,33,51,51,51,1272,0,7,7.353944968633856,4.070499999215826,51.473300001816824,84590.8396226415
1790043197,95,GET,[GET] /health,36.000000,0.000000,3,4,4,4,5,6,8,9,47,47,47,1879,0,4,3.914518520557133,1.8741000021691434,47.118199996475596,84.0
1790043197,95,,Aggregated,88.400000,0.000000,4,5,6,6,8,9,11,14,51,51,51,4494,0,4,4.995312038302756,1.8741000021691434,51.473300001816824,23997.11971517579
1790043198,96,GET,[GET] /actuator/health,13.200000,0.000000,4,4,5,5,6,7,8,9,10,10,10,669,0,4,4.450064274897974,2.2706000017933547,22.143500005768146,49.0
1790043198,96,GET,[GET] /api/soporte/election/status,12.800000,0.000000,4,4,5,5,6,6,8,8,48,48,48,694,0,4,4.101935878939278,2.063200001430232,47.80419999588048,78.0
1790043198,96,GET,[GET] /api/soporte/tickets,27.300000,0.000000,6,7,8,8,10,11,14,26,51,51,51,1302,0,7,7.336638018518346,4.070499999215826,51.473300001816824,84592.2258064516
1790043198,96,GET,[GET] /health,35.300000,0.000000,3,4,4,4,5,6,8,9,47,47,47,1925,0,4,3.911663584495054,1.8741000021691434,47.118199996475596,84.0
1790043198,96,,Aggregated,88.600000,0.000000,4,5,6,6,8,9,11,12,51,51,51,4590,0,4,4.990433899815788,1.8741000021691434,51.473300001816824,24049.605882352942
1790043199,97,GET,[GET] /actuator/health,13.200000,0.000000,4,4,5,5,6,7,8,9,10,10,10,683,0,4,4.437127671896778,2.2706000017933547,22.143500005768146,49.0
1790043199,97,GET,[GET] /api/soporte/election/status,12.800000,0.000000,4,4,4,5,6,6,8,8,48,48,48,703,0,4,4.097100853471875,2.063200001430232,47.80419999588048,78.0
1790043199,97,GET,[GET] /api/soporte/tickets,26.800000,0.000000,6,7,8,8,10,11,14,26,51,51,51,1328,0,7,7.324643373582389,4.070499999215826,51.473300001816824,84593.3765060241
1790043199,97,GET,[GET] /health,36.900000,0.000000,3,4,4,4,5,6,8,9,47,47,47,1962,0,4,3.9137832314851404,1.8741000021691434,47.118199996475596,84.0
1790043199,97,,Aggregated,89.700000,0.000000,4,5,6,6,8,9,11,12,51,51,51,4676,0,4,4.98648186488184,1.8741000021691434,51.473300001816824,24078.9377673225
1790043200,98,GET,[GET] /actuator/health,13.000000,0.000000,4,5,5,5,6,8,9,10,10,10,10,704,0,4,4.450413778241372,2.2706000017933547,22.143500005768146,49.0
1790043200,98,GET,[GET] /api/soporte/election/status,13.200000,0.000000,4,4,5,5,6,6,8,8,48,48,48,712,0,4,4.097529213457451,2.063200001430232,47.80419999588048,78.0
1790043200,98,GET,[GET] /api/soporte/tickets,26.700000,0.000000,7,7,8,8,10,11,12,19,51,51,51,1363,0,7,7.3240955980329,4.070499999215826,51.473300001816824,84594.8561995598
1790043200,98,GET,[GET] /health,37.600000,0.000000,4,4,4,4,5,6,8,9,47,47,47,2004,0,4,3.9171255988959364,1.8741000021691434,47.118199996475596,84.0
1790043200,98,,Aggregated,90.500000,0.000000,4,5,6,6,8,9,11,12,51,51,51,4783,0,4,4.9933502195630215,1.8741000021691434,51.473300001816824,24160.810579134435
1790043201,99,GET,[GET] /actuator/health,12.800000,0.000000,4,5,5,5,6,8,9,10,10,10,10,722,0,4,4.445787534473878,2.2706000017933547,22.143500005768146,49.0
1790043201,99,GET,[GET] /api/soporte/election/status,12.900000,0.000000,4,4,5,5,6,6,8,9,48,48,48,727,0,4,4.098369738628621,2.063200001430232,47.80419999588048,78.0
1790043201,99,GET,[GET] /api/soporte/tickets,27.600000,0.000000,7,7,8,9,10,11,12,19,51,51,51,1391,0,7,7.307671028116591,4.070499999215826,51.473300001816824,84595.98634076204
1790043201,99,GET,[GET] /health,37.800000,0.000000,4,4,4,4,5,6,8,9,47,47,47,2044,0,4,3.910341438434509,1.8741000021691434,47.118199996475596,84.0
1790043201,99,,Aggregated,91.100000,0.000000,4,5,6,6,8,9,11,12,51,51,51,4884,0,4,4.985069963174337,1.8741000021691434,51.473300001816824,24147.583333333332
1790043202,100,GET,[GET] /actuator/health,13.100000,0.000000,4,5,5,5,6,8,9,10,10,10,10,733,0,4,4.4443589357515805,2.2706000017933547,22.143500005768146,49.0
1790043202,100,GET,[GET] /api/soporte/election/status,12.400000,0.000000,4,4,5,5,6,6,8,9,48,48,48,740,0,4,4.095231621603661,2.063200001430232,47.80419999588048,78.0
1790043202,100,GET,[GET] /api/soporte/tickets,28.900000,0.000000,7,7,8,8,10,11,12,16,51,51,51,1423,0,7,7.299320239023383,4.070499999215826,51.473300001816824,84597.22347153901
1790043202,100,GET,[GET] /health,38.900000,0.000000,4,4,4,5,5,6,7,9,47,47,47,2086,0,4,3.909393768060792,1.8741000021691434,47.118199996475596,84.0
1790043202,100,,Aggregated,93.300000,0.000000,4,5,6,6,8,9,10,12,51,51,51,4982,0,4,4.983965194740607,1.8741000021691434,51.473300001816824,24217.324367723806
1790043203,101,GET,[GET] /actuator/health,13.500000,0.000000,4,5,5,5,6,8,9,10,10,10,10,746,0,4,4.438754691549323,2.2706000017933547,22.143500005768146,49.0
1790043203,101,GET,[GET] /api/soporte/election/status,12.500000,0.000000,4,4,5,5,6,7,8,9,48,48,48,754,0,4,4.089587533140749,2.063200001430232,47.80419999588048,78.0
1790043203,101,GET,[GET] /api/soporte/tickets,29.200000,0.000000,6,7,7,8,9,10,12,12,51,51,51,1452,0,7,7.284513154355251,4.070499999215826,51.473300001816824,84598.29752066116
1790043203,101,GET,[GET] /health,38.800000,0.000000,4,4,4,4,5,6,8,8,47,47,47,2132,0,4,3.9012685272910135,1.8741000021691434,47.118199996475596,84.0
1790043203,101,,Aggregated,94.000000,0.000000,4,5,6,6,7,9,10,11,51,51,51,5084,0,4,4.9743268293060945,1.8741000021691434,51.473300001816824,24215.417387883557
1790043204,102,GET,[GET] /actuator/health,13.800000,0.000000,4,5,5,5,6,8,10,10,10,10,10,770,0,4,4.44090428559734,2.2706000017933547,22.143500005768146,49.0
1790043204,102,GET,[GET] /api/soporte/election/status,13.500000,0.000000,4,4,5,5,6,7,8,9,48,48,48,764,0,4,4.086056937164848,2.063200001430232,47.80419999588048,78.0
1790043204,102,GET,[GET] /api/soporte/tickets,28.800000,0.000000,6,7,7,8,9,10,12,13,51,51,51,1480,0,7,7.278804797386181,4.070499999215826,51.473300001816824,84599.2945945946
1790043204,102,GET,[GET] /health,39.200000,0.000000,4,4,4,5,5,7,8,10,47,47,47,2174,0,4,3.9148873505839075,1.8741000021691434,47.118199996475596,84.0
1790043204,102,,Aggregated,95.300000,0.000000,4,5,6,6,7,9,10,12,51,51,51,5188,0,4,4.977802621473566,1.8741000021691434,51.473300001816824,24187.9132613724
1790043205,103,GET,[GET] /actuator/health,14.000000,0.000000,4,5,5,5,6,8,9,10,10,10,10,786,0,4,4.437947328140664,2.2706000017933547,22.143500005768146,49.0
1790043205,103,GET,[GET] /api/soporte/election/status,13.400000,0.000000,4,4,5,5,6,6,8,8,9,9,9,776,0,4,4.0760581185299385,1.953999999386724,47.80419999588048,78.0
1790043205,103,GET,[GET] /api/soporte/tickets,29.100000,0.000000,6,7,7,8,9,10,12,13,32,32,32,1507,0,7,7.2881044459938416,4.070499999215826,51.473300001816824,84600.22096881221
1790043205,103,GET,[GET] /health,39.900000,0.000000,4,4,4,5,5,7,8,9,15,15,15,2222,0,4,3.9130043205086564,1.8741000021691434,47.118199996475596,84.0
1790043205,103,,Aggregated,96.400000,0.000000,4,5,6,6,7,9,10,11,32,32,32,5291,0,4,4.976208032542194,1.8741000021691434,51.473300001816824,24150.108297108298
1790043206,104,GET,[GET] /actuator/health,15.100000,0.000000,4,4,5,5,6,8,10,10,10,10,10,801,0,4,4.431966167223013,2.2706000017933547,22.143500005768146,49.0
1790043206,104,GET,[GET] /api/soporte/election/status,13.400000,0.000000,4,4,5,5,6,6,7,8,9,9,9,799,0,4,4.074762453057658,1.953999999386724,47.80419999588048,78.0
1790043206,104,GET,[GET] /api/soporte/tickets,28.600000,0.000000,6,7,7,8,9,11,12,15,32,32,32,1543,0,7,7.286095657894854,4.070499999215826,51.473300001816824,84601.40570317564
1790043206,104,GET,[GET] /health,39.900000,0.000000,4,4,4,5,5,7,8,10,15,15,15,2258,0,4,3.91525066438239,1.8741000021691434,47.118199996475596,84.0
1790043206,104,,Aggregated,97.000000,0.000000,4,5,6,6,7,9,10,11,32,32,32,5401,0,4,4.978489483474523,1.8741000021691434,51.473300001816824,24223.516385854473
1790043207,105,GET,[GET] /actuator/health,15.600000,0.000000,4,4,5,5,6,8,10,10,10,10,10,814,0,4,4.430484152256702,2.2706000017933547,22.143500005768146,49.0
1790043207,105,GET,[GET] /api/soporte/election/status,12.800000,0.000000,4,4,4,5,6,6,8,8,9,9,9,815,0,4,4.067129447855887,1.953999999386724,47.80419999588048,78.0
1790043207,105,GET,[GET] /api/soporte/tickets,28.900000,0.000000,6,7,7,8,9,10,12,15,32,32,32,1570,0,7,7.2711825478723,4.070499999215826,51.473300001816824,84602.25859872611
1790043207,105,GET,[GET] /health,41.400000,0.000000,4,4,4,5,5,7,8,9,15,15,15,2301,0,4,3.9072610170205855,1.8741000021691434,47.118199996475596,84.0
1790043207,105,,Aggregated,98.700000,0.000000,4,5,6,6,7,9,10,11,32,32,32,5500,0,4,4.968634327320615,1.8741000021691434,51.473300001816824,24204.052
1790043208,106,GET,[GET] /actuator/health,16.000000,0.000000,4,4,5,5,6,8,10,10,10,10,10,830,0,4,4.437180963761793,2.2706000017933547,22.143500005768146,49.0
1790043208,106,GET,[GET] /api/soporte/election/status,12.600000,0.000000,4,4,5,5,6,8,9,10,19,19,19,834,0,4,4.103400719424512,1.953999999386724,47.80419999588048,78.0
1790043208,106,GET,[GET] /api/soporte/tickets,28.800000,0.000000,6,7,7,8,9,11,12,15,32,32,32,1598,0,7,7.262484668426032,4.070499999215826,51.473300001816824,84603.112640801
1790043208,106,GET,[GET] /health,40.800000,0.000000,4,4,4,5,6,7,8,10,17,17,17,2346,0,4,3.9151591646078816,1.8741000021691434,47.118199996475596,84.0
1790043208,106,,Aggregated,98.200000,0.000000,4,5,6,6,7,9,10,12,32,32,32,5608,0,4,4.974235074935311,1.8741000021691434,51.473300001816824,24161.654778887303
1790043209,107,GET,[GET] /actuator/health,15.200000,0.000000,4,4,5,5,6,7,10,10,10,10,10,843,0,4,4.439370937030975,2.2706000017933547,22.143500005768146,49.0
1790043209,107,GET,[GET] /api/soporte/election/status,12.800000,0.000000,4,4,5,5,6,8,9,10,19,19,19,850,0,4,4.0929215294069285,1.953999999386724,47.80419999588048,78.0
1790043209,107,GET,[GET] /api/soporte/tickets,29.600000,0.000000,6,7,7,8,9,11,12,15,32,32,32,1623,0,7,7.254485705570562,4.070499999215826,51.473300001816824,84603.85027726433
1790043209,107,GET,[GET] /health,41.400000,0.000000,3,4,4,5,6,7,8,9,17,17,17,2387,0,4,3.914863636431917,1.8741000021691434,47.118199996475596,84.0
1790043209,107,,Aggregated,99.000000,0.000000,4,5,6,6,7,9,10,11,32,32,32,5703,0,4,4.969346449275295,1.8741000021691434,51.473300001816824,24131.187795896898
1790043210,108,GET,[GET] /actuator/health,15.500000,0.000000,4,4,5,5,6,7,10,10,10,10,10,850,0,4,4.435326705801451,2.2706000017933547,22.143500005768146,49.0
1790043210,108,GET,[GET] /api/soporte/election/status,13.100000,0.000000,4,4,4,5,6,7,9,10,19,19,19,866,0,4,4.08284422634605,1.953999999386724,47.80419999588048,78.0
1790043210,108,GET,[GET] /api/soporte/tickets,29.900000,0.000000,6,7,7,8,9,11,13,29,37,37,37,1662,0,7,7.250938447725251,4.070499999215826,51.473300001816824,84604.95667870036
1790043210,108,GET,[GET] /health,41.500000,0.000000,3,4,4,5,6,7,8,9,17,17,17,2440,0,4,3.91292659842591,1.8741000021691434,47.118199996475596,84.0
1790043210,108,,Aggregated,100.000000,0.000000,4,5,6,6,7,9,10,12,37,37,37,5818,0,4,4.968094087353988,1.8741000021691434,51.473300001816824,24222.687521485048
1790043211,109,GET,[GET] /actuator/health,15.900000,0.000000,4,4,5,5,6,7,10,10,10,10,10,862,0,4,4.424754408272707,2.2706000017933547,22.143500005768146,49.0
1790043211,109,GET,[GET] /api/soporte/election/status,13.900000,0.000000,4,4,4,5,6,8,11,13,19,19,19,881,0,4,4.093240068114265,1.953999999386724,47.80419999588048,78.0
1790043211,109,GET,[GET] /api/soporte/tickets,29.900000,0.000000,6,7,7,8,9,10,13,29,37,37,37,1697,0,7,7.2357922805648895,4.070499999215826,51.473300001816824,84605.90630524456
1790043211,109,GET,[GET] /health,41.800000,0.000000,3,4,4,5,6,7,8,9,17,17,17,2478,0,4,3.9083085553582944,1.8741000021691434,47.118199996475596,84.0
1790043211,109,,Aggregated,101.500000,0.000000,4,5,6,6,7,9,10,13,37,37,37,5918,0,4,4.965226579965565,1.8741000021691434,51.473300001816824,24314.858229131463
1790043212,110,GET,[GET] /actuator/health,14.900000,0.000000,4,4,5,5,6,7,10,10,10,10,10,878,0,4,4.427774031792731,2.2706000017933547,22.143500005768146,49.0
1790043212,110,GET,[GET] /api/soporte/election/status,14.900000,0.000000,3,4,5,5,6,8,11,13,19,19,19,898,0,4,4.086874832986386,1.953999999386724,47.80419999588048,78.0
1790043212,110,GET,[GET] /api/soporte/tickets,29.300000,0.000000,6,7,7,8,9,11,17,29,37,37,37,1727,0,7,7.248969600539738,4.070499999215826,51.473300001816824,84606.68963520556
1790043212,110,GET,[GET] /health,42.100000,0.000000,3,4,4,5,6,7,9,9,17,17,17,2529,0,4,3.9075675366478873,1.8741000021691434,47.118199996475596,84.0
1790043212,110,,Aggregated,101.200000,0.000000,4,5,6,6,8,9,11,15,37,37,37,6032,0,4,4.966645888635681,1.8741000021691434,51.473300001816824,24277.396385941644
1790043213,111,GET,[GET] /actuator/health,14.300000,0.000000,4,4,5,5,6,7,8,8,10,10,10,894,0,4,4.419162080459655,2.2706000017933547,22.143500005768146,49.0
1790043213,111,GET,[GET] /api/soporte/election/status,15.200000,0.000000,3,4,4,5,6,7,10,13,19,19,19,915,0,4,4.078381857961986,1.953999999386724,47.80419999588048,78.0
1790043213,111,GET,[GET] /api/soporte/tickets,29.800000,0.000000,6,7,7,8,9,11,17,29,37,37,37,1755,0,7,7.240102963042485,4.070499999215826,51.473300001816824,84607.39658119658
1790043213,111,GET,[GET] /health,43.200000,0.000000,3,4,4,5,6,7,8,9,17,17,17,2579,0,4,3.9018524234959897,1.8741000021691434,47.118199996475596,84.0
1790043213,111,,Aggregated,102.500000,0.000000,4,5,6,6,7,9,11,13,37,37,37,6143,0,4,4.957139573547431,1.8741000021691434,51.473300001816824,24225.588963047372
1790043214,112,GET,[GET] /actuator/health,14.600000,0.000000,4,5,5,6,6,8,9,10,10,10,10,914,0,4,4.436545842371757,2.2706000017933547,22.143500005768146,49.0
1790043214,112,GET,[GET] /api/soporte/election/status,15.600000,0.000000,3,4,4,5,6,7,10,13,19,19,19,927,0,4,4.073047464975734,1.953999999386724,47.80419999588048,78.0
1790043214,112,GET,[GET] /api/soporte/tickets,30.400000,0.000000,6,7,7,8,9,11,17,23,37,37,37,1787,0,7,7.242647845622607,4.070499999215826,51.473300001816824,84608.17739227756
1790043214,112,GET,[GET] /health,43.600000,0.000000,3,4,4,5,6,7,8,9,17,17,17,2632,0,4,3.902197150543231,1.8741000021691434,47.118199996475596,84.0
1790043214,112,,Aggregated,104.200000,0.000000,4,5,6,6,7,9,11,15,37,37,37,6260,0,4,4.959091453724868,1.8741000021691434,51.473300001816824,24206.54840255591
1790043215,113,GET,[GET] /actuator/health,15.000000,0.000000,4,5,5,5,6,8,8,9,10,10,10,935,0,4,4.430076470503641,2.2706000017933547,22.143500005768146,49.0
1790043215,113,GET,[GET] /api/soporte/election/status,15.600000,0.000000,4,4,4,5,7,8,11,13,19,19,19,948,0,4,4.084220253216815,1.953999999386724,47.80419999588048,78.0
1790043215,113,GET,[GET] /api/soporte/tickets,30.100000,0.000000,6,7,7,8,9,11,15,23,37,37,37,1818,0,7,7.230539714041032,4.070499999215826,51.473300001816824,84608.90759075907
1790043215,113,GET,[GET] /health,43.900000,0.000000,3,4,4,5,6,7,8,9,17,17,17,2664,0,4,3.898195795892144,1.8741000021691434,47.118199996475596,84.0
1790043215,113,,Aggregated,104.600000,0.000000,4,5,6,6,7,9,10,12,23,37,37,6365,0,4,4.955833008696577,1.8741000021691434,51.473300001816824,24220.350196386487
1790043216,114,GET,[GET] /actuator/health,14.600000,0.000000,4,5,5,6,7,8,9,9,10,10,10,951,0,4,4.446529337455267,2.2706000017933547,22.143500005768146,49.0
1790043216,114,GET,[GET] /api/soporte/election/status,16.200000,0.000000,3,4,4,5,6,8,11,13,19,19,19,973,0,4,4.079140493368267,1.953999999386724,47.80419999588048,78.0
1790043216,114,GET,[GET] /api/soporte/tickets,30.100000,0.000000,6,7,7,8,10,11,15,23,37,37,37,1847,0,7,7.218497184694038,4.070499999215826,51.473300001816824,84609.56848944233
1790043216,114,GET,[GET] /health,45.300000,0.000000,3,4,4,5,6,7,8,9,17,17,17,2716,0,4,3.9012763992025707,1.8741000021691434,47.118199996475596,84.0
1790043216,114,,Aggregated,106.200000,0.000000,4,5,6,6,7,9,11,12,23,37,37,6487,0,4,4.952379235444944,1.8741000021691434,51.473300001816824,24144.36719593032
1790043217,115,GET,[GET] /actuator/health,14.100000,0.000000,4,5,5,6,7,8,9,9,10,10,10,961,0,4,4.438135171613235,2.2706000017933547,22.143500005768146,49.0
1790043217,115,GET,[GET] /api/soporte/election/status,16.300000,0.000000,4,4,4,5,6,8,11,12,13,13,13,989,0,4,4.073005460101875,1.953999999386724,47.80419999588048,78.0
1790043217,115,GET,[GET] /api/soporte/tickets,30.900000,0.000000,6,7,7,8,10,11,15,23,37,37,37,1874,0,7,7.216414301040564,4.070499999215826,51.473300001816824,84610.16542155817
1790043217,115,GET,[GET] /health,44.000000,0.000000,3,4,4,5,6,7,8,9,10,10,10,2768,0,4,3.897318424942516,1.8741000021691434,47.118199996475596,84.0
1790043217,115,,Aggregated,105.300000,0.000000,4,5,6,6,7,9,10,11,23,37,37,6592,0,4,4.946084359883492,1.8741000021691434,51.473300001816824,24107.432190533982
1790043218,116,GET,[GET] /actuator/health,14.800000,0.000000,4,5,5,6,7,8,9,10,10,10,10,986,0,4,4.456664604403109,2.2706000017933547,22.143500005768146,49.0
1790043218,116,GET,[GET] /api/soporte/election/status,16.800000,0.000000,3,4,4,4,6,7,11,12,13,13,13,1001,0,4,4.063368331691316,1.953999999386724,47.80419999588048,78.0
1790043218,116,GET,[GET] /api/soporte/tickets,30.700000,0.000000,6,7,7,8,10,10,15,23,37,37,37,1902,0,7,7.206618454335381,4.070499999215826,51.473300001816824,84610.76656151419
1790043218,116,GET,[GET] /health,45.300000,0.000000,3,4,4,5,6,7,9,9,10,10,10,2812,0,4,3.8976200214260883,1.8741000021691434,47.118199996475596,84.0
1790043218,116,,Aggregated,107.600000,0.000000,4,5,6,6,8,9,10,12,23,37,37,6701,0,4,4.9438589464797085,1.8741000021691434,51.473300001816824,24069.88180868527
1790043219,117,GET,[GET] /actuator/health,15.000000,0.000000,4,5,5,6,7,8,9,10,10,10,10,1009,0,4,4.458173736301089,2.2706000017933547,22.143500005768146,49.0
1790043219,117,GET,[GET] /api/soporte/election/status,17.300000,0.000000,3,4,4,5,6,7,11,12,13,13,13,1020,0,4,4.064868137278359,1.953999999386724,47.80419999588048,78.0
1790043219,117,GET,[GET] /api/soporte/tickets,30.800000,0.000000,6,7,7,8,10,10,15,23,37,37,37,1933,0,7,7.197350543288962,4.070499999215826,51.473300001816824,84611.41179513709
1790043219,117,GET,[GET] /health,45.400000,0.000000,3,4,4,5,6,7,9,9,14,14,14,2860,0,4,3.8963996854019913,1.8741000021691434,47.118199996475596,84.0
1790043219,117,,Aggregated,108.500000,0.000000,4,5,6,6,8,9,10,12,23,37,37,6822,0,4,4.939994796302988,1.8741000021691434,51.473300001816824,24028.59865142187
1790043220,118,GET,[GET] /actuator/health,15.800000,0.000000,4,5,5,6,7,8,9,10,10,10,10,1025,0,4,4.454309073107874,2.2706000017933547,22.143500005768146,49.0
1790043220,118,GET,[GET] /api/soporte/election/status,17.200000,0.000000,3,4,4,5,6,7,9,11,12,12,12,1045,0,4,4.065658564625852,1.953999999386724,47.80419999588048,78.0
1790043220,118,GET,[GET] /api/soporte/tickets,30.200000,0.000000,6,7,7,8,9,11,15,18,23,23,23,1962,0,7,7.18750290528409,4.070499999215826,51.473300001816824,84611.99694189602
1790043220,118,GET,[GET] /health,46.400000,0.000000,3,4,4,5,6,7,9,9,14,14,14,2905,0,4,3.89749672985796,1.8741000021691434,47.118199996475596,84.0
1790043220,118,,Aggregated,109.600000,0.000000,4,5,6,6,7,9,10,12,23,23,23,6937,0,4,4.93561895637514,1.8741000021691434,51.473300001816824,23985.078996684446
1790043221,119,GET,[GET] /actuator/health,16.200000,0.000000,4,5,5,6,7,8,9,10,10,10,10,1047,0,4,4.441730754475593,2.2706000017933547,22.143500005768146,49.0
1790043221,119,GET,[GET] /api/soporte/election/status,17.200000,0.000000,3,4,4,5,6,8,10,11,12,12,12,1063,0,4,4.0714605832757735,1.953999999386724,47.80419999588048,78.0
1790043221,119,GET,[GET] /api/soporte/tickets,29.900000,0.000000,6,7,7,8,9,10,12,15,23,23,23,2000,0,7,7.174848900078359,4.040899999381509,51.473300001816824,84612.738
1790043221,119,GET,[GET] /health,46.900000,0.000000,3,4,4,5,6,7,8,9,14,14,14,2955,0,4,3.888056480624479,1.8741000021691434,47.118199996475596,84.0
1790043221,119,,Aggregated,110.200000,0.000000,4,5,6,6,7,9,10,11,15,23,23,7065,0,4,4.928147119654656,1.8741000021691434,51.473300001816824,24006.781740976647
1790043222,120,GET,[GET] /actuator/health,17.300000,0.000000,4,5,5,6,7,8,9,10,10,10,10,1065,0,4,4.43170450696396,2.2706000017933547,22.143500005768146,49.0
1790043222,120,GET,[GET] /api/soporte/election/status,17.600000,0.000000,4,4,5,5,6,8,10,12,13,13,13,1084,0,4,4.084552214045721,1.953999999386724,47.80419999588048,78.0
1790043222,120,GET,[GET] /api/soporte/tickets,29.900000,0.000000,6,7,7,8,9,10,12,15,23,23,23,2034,0,7,7.166474533006816,4.040899999381509,51.473300001816824,84613.37758112095
1790043222,120,GET,[GET] /health,47.200000,0.000000,3,4,4,5,6,7,8,10,14,14,14,3003,0,4,3.8904177156964757,1.8741000021691434,47.118199996475596,84.0
1790043222,120,,Aggregated,112.000000,0.000000,4,5,6,6,7,9,10,12,15,23,23,7186,0,4,4.927213122782432,1.8741000021691434,51.473300001816824,24003.97982187587
1790043223,121,GET,[GET] /actuator/health,18.200000,0.000000,4,5,5,6,7,8,9,10,11,11,11,1084,0,4,4.436286808024266,2.2706000017933547,22.143500005768146,49.0
1790043223,121,GET,[GET] /api/soporte/election/status,18.200000,0.000000,3,4,5,5,7,8,10,12,13,13,13,1101,0,4,4.083194096314595,1.953999999386724,47.80419999588048,78.0
1790043223,121,GET,[GET] /api/soporte/tickets,30.000000,0.000000,6,7,7,8,9,11,12,15,23,23,23,2066,0,7,7.157575169481473,4.040899999381509,51.473300001816824,84613.96030977735
1790043223,121,GET,[GET] /health,46.500000,0.000000,3,4,4,5,6,7,8,9,14,14,14,3053,0,4,3.8923592532802567,1.8741000021691434,47.118199996475596,84.0
1790043223,121,,Aggregated,112.900000,0.000000,4,5,6,6,7,9,11,12,15,23,23,7304,0,4,4.925445605196334,1.8741000021691434,51.473300001816824,23987.936473165388
1790043224,122,GET,[GET] /actuator/health,18.600000,0.000000,4,5,5,6,7,8,9,10,11,11,11,1107,0,4,4.437111291695816,2.2706000017933547,22.143500005768146,49.0
1790043224,122,GET,[GET] /api/soporte/election/status,17.800000,0.000000,3,4,5,6,7,8,11,13,13,13,13,1116,0,4,4.091798028707916,1.953999999386724,47.80419999588048,78.0
1790043224,122,GET,[GET] /api/soporte/tickets,30.800000,0.000000,6,7,7,8,9,11,12,12,15,15,15,2107,0,7,7.158062363624095,4.040899999381509,51.473300001816824,84614.68106312292
1790043224,122,GET,[GET] /health,46.400000,0.000000,3,4,4,5,6,7,8,9,14,14,14,3100,0,4,3.8912997742708315,1.8741000021691434,47.118199996475596,83.99903225806452
1790043224,122,,Aggregated,113.600000,0.000000,4,5,6,6,7,9,11,12,14,15,15,7430,0,4,4.929124562629993,1.8741000021691434,51.473300001816824,24049.101076716015
1790043225,123,GET,[GET] /actuator/health,18.600000,0.000000,4,5,5,5,7,8,9,10,11,11,11,1125,0,4,4.43436284435706,2.2706000017933547,22.143500005768146,49.0
1790043225,123,GET,[GET] /api/soporte/election/status,18.800000,0.000000,3,4,5,5,7,8,11,13,14,14,14,1135,0,4,4.093676299621641,1.953999999386724,47.80419999588048,78.0
1790043225,123,GET,[GET] /api/soporte/tickets,30.800000,0.000000,6,7,7,8,9,11,12,13,18,18,18,2147,0,7,7.150607172870111,4.040899999381509,51.473300001816824,84615.35770843037
1790043225,123,GET,[GET] /health,46.900000,0.000000,3,4,4,5,6,7,8,9,14,14,14,3144,0,4,3.8886988868467904,1.8741000021691434,47.118199996475596,83.99904580152672
1790043225,123,,Aggregated,115.100000,0.000000,4,5,6,6,7,9,11,12,17,18,18,7551,0,4,4.928274890792039,1.8741000021691434,51.473300001816824,24112.954707985697
1790043226,124,GET,[GET] /actuator/health,18.600000,0.000000,4,5,5,6,7,9,11,12,14,14,14,1148,0,4,4.4631189023450695,2.2706000017933547,22.143500005768146,49.0
1790043226,124,GET,[GET] /api/soporte/election/status,18.100000,0.000000,4,4,5,5,7,8,13,18,30,30,30,1153,0,4,4.129597224695829,1.953999999386724,47.80419999588048,78.0
1790043226,124,GET,[GET] /api/soporte/tickets,31.900000,0.000000,6,7,8,8,9,12,15,22,34,34,34,2184,0,7,7.197844414001534,4.040899999381509,51.473300001816824,84615.96153846153
1790043226,124,GET,[GET] /health,46.500000,0.000000,3,4,4,5,6,7,9,14,27,27,27,3195,0,4,3.9139569014818583,1.8741000021691434,47.118199996475596,83.99906103286385
1790043226,124,,Aggregated,115.100000,0.000000,4,5,6,7,8,9,12,17,32,34,34,7680,0,4,4.962274817757854,1.8741000021691434,51.473300001816824,24116.643619791666
1790043227,125,GET,[GET] /actuator/health,19.000000,0.000000,4,5,5,5,7,8,11,12,14,14,14,1176,0,4,4.462850935276353,2.2706000017933547,22.143500005768146,49.0
1790043227,125,GET,[GET] /api/soporte/election/status,18.900000,0.000000,4,4,5,6,7,9,13,18,30,30,30,1164,0,4,4.135509965698228,1.953999999386724,47.80419999588048,78.0
1790043227,125,GET,[GET] /api/soporte/tickets,31.700000,0.000000,6,7,8,8,9,12,17,22,34,34,34,2210,0,7,7.196553393734732,4.040899999381509,51.473300001816824,84616.37375565611
1790043227,125,GET,[GET] /health,46.900000,0.000000,3,4,4,5,6,7,8,14,27,27,27,3246,0,4,3.9124042822501357,1.8741000021691434,47.118199996475596,83.99907578558225
1790043227,125,,Aggregated,116.500000,0.000000,4,5,6,7,8,9,12,17,32,34,34,7796,0,4,4.959734941033277,1.8741000021691434,51.473300001816824,24040.952154951257
1790043228,126,GET,[GET] /actuator/health,19.400000,0.000000,4,4,5,5,7,8,11,12,14,14,14,1192,0,4,4.457811073728671,2.2706000017933547,22.143500005768146,49.0
1790043228,126,GET,[GET] /api/soporte/election/status,18.300000,0.000000,4,4,5,6,7,9,13,18,30,30,30,1184,0,4,4.134406334515006,1.953999999386724,47.80419999588048,78.0
1790043228,126,GET,[GET] /api/soporte/tickets,33.100000,0.000000,6,7,8,8,9,12,18,27,34,34,34,2249,0,7,7.195205958272047,4.040899999381509,51.473300001816824,84616.97421076034
1790043228,126,GET,[GET] /health,47.800000,0.000000,3,4,4,5,6,7,9,14,27,27,27,3304,0,4,3.904335714342794,1.8741000021691434,47.118199996475596,83.99909200968523
1790043228,126,,Aggregated,118.600000,0.000000,4,5,6,7,8,9,12,18,34,34,34,7929,0,4,4.955327443598533,1.8741000021691434,51.473300001816824,24054.971370916886
1790043229,127,GET,[GET] /actuator/health,19.900000,0.000000,4,4,5,5,7,9,11,12,14,14,14,1206,0,4,4.455821392920631,2.2706000017933547,22.143500005768146,49.0
1790043229,127,GET,[GET] /api/soporte/election/status,17.900000,0.000000,4,4,5,5,7,9,13,18,30,30,30,1204,0,4,4.121288704385449,1.953999999386724,47.80419999588048,78.0
1790043229,127,GET,[GET] /api/soporte/tickets,32.700000,0.000000,6,7,8,8,11,12,18,27,34,34,34,2285,0,7,7.198250196994888,4.040899999381509,51.473300001816824,84617.51028446389
1790043229,127,GET,[GET] /health,48.400000,0.000000,3,4,4,5,6,7,9,14,27,27,27,3360,0,4,3.9157179464880407,1.8741000021691434,47.118199996475596,83.99910714285714
1790043229,127,,Aggregated,118.900000,0.000000,4,5,6,7,8,9,13,18,34,34,34,8055,0,4,4.958481216669832,1.8741000021691434,51.473300001816824,24057.88379888268
1790043230,128,GET,[GET] /actuator/health,20.600000,0.000000,4,5,5,6,7,9,13,15,17,17,17,1230,0,4,4.490744959202413,2.2706000017933547,22.143500005768146,49.0
1790043230,128,GET,[GET] /api/soporte/election/status,17.800000,0.000000,4,4,5,5,7,9,13,18,30,30,30,1219,0,4,4.131738310146422,1.953999999386724,47.80419999588048,78.0
1790043230,128,GET,[GET] /api/soporte/tickets,33.900000,0.000000,6,7,8,8,11,14,20,27,34,34,34,2316,0,7,7.210475043242875,4.040899999381509,51.473300001816824,84617.95854922279
1790043230,128,GET,[GET] /health,48.200000,0.000000,4,4,5,5,6,7,11,14,27,27,27,3421,0,4,3.9204147033564656,1.8741000021691434,47.118199996475596,83.99912306343174
1790043230,128,,Aggregated,120.500000,0.000000,4,5,6,7,8,11,14,19,34,34,34,8186,0,4,4.96840999269734,1.8741000021691434,51.473300001816824,23994.369044710482
1790043231,129,GET,[GET] /actuator/health,20.100000,0.000000,4,5,5,6,7,9,13,15,17,17,17,1244,0,4,4.490005305319097,2.2706000017933547,22.143500005768146,49.0
1790043231,129,GET,[GET] /api/soporte/election/status,18.000000,0.000000,4,4,5,5,7,8,13,18,30,30,30,1239,0,4,4.126110895943871,1.953999999386724,47.80419999588048,78.0
1790043231,129,GET,[GET] /api/soporte/tickets,34.900000,0.000000,6,7,8,8,11,15,22,31,34,34,34,2355,0,7,7.216720934255932,4.040899999381509,51.473300001816824,84618.50573248407
1790043231,129,GET,[GET] /health,48.800000,0.000000,4,4,5,5,6,7,11,14,27,27,27,3474,0,4,3.9222402130583354,1.8741000021691434,47.118199996475596,83.99913644214162
1790043231,129,,Aggregated,121.800000,0.000000,4,5,6,7,8,11,15,20,34,34,34,8312,0,4,4.971012788766697,1.8741000021691434,51.473300001816824,24028.632338787294
1790043232,130,GET,[GET] /actuator/health,20.100000,0.000000,4,5,5,6,7,9,13,15,17,17,17,1258,0,4,4.486626311444451,2.2706000017933547,22.143500005768146,49.0
1790043232,130,GET,[GET] /api/soporte/election/status,17.900000,0.000000,4,4,5,5,7,8,13,18,30,30,30,1258,0,4,4.131969077973379,1.953999999386724,47.80419999588048,78.0
1790043232,130,GET,[GET] /api/soporte/tickets,35.200000,0.000000,7,7,8,8,11,15,25,31,34,34,34,2397,0,7,7.227046182807124,4.040899999381509,51.473300001816824,84619.07509386733
1790043232,130,GET,[GET] /health,49.400000,0.000000,4,4,5,5,6,7,9,12,27,27,27,3530,0,4,3.927871303160186,1.8741000021691434,47.118199996475596,83.99915014164306
1790043232,130,,Aggregated,122.600000,0.000000,5,6,6,7,8,11,15,21,34,34,34,8443,0,4,4.9781841052033355,1.8741000021691434,51.473300001816824,24077.72189979865
1790043233,131,GET,[GET] /actuator/health,19.700000,0.000000,4,5,5,6,8,11,14,16,17,17,17,1276,0,4,4.5095864418535685,2.2706000017933547,22.143500005768146,49.0
1790043233,131,GET,[GET] /api/soporte/election/status,17.200000,0.000000,4,4,5,5,7,9,13,18,30,30,30,1275,0,4,4.139570353025406,1.953999999386724,47.80419999588048,78.0
1790043233,131,GET,[GET] /api/soporte/tickets,34.700000,0.000000,7,7,8,8,11,15,22,31,34,34,34,2440,0,7,7.24932450827256,4.040899999381509,51.473300001816824,84619.63770491803
1790043233,131,GET,[GET] /health,51.500000,0.000000,4,4,5,5,6,8,10,12,27,27,27,3586,0,4,3.9359078360703776,1.8741000021691434,47.118199996475596,83.99916341327385
1790043233,131,,Aggregated,123.100000,0.000000,5,6,6,7,8,11,15,21,34,34,34,8577,0,4,4.994135688497839,1.8741000021691434,51.473300001816824,24126.74723096654
1790043234,132,GET,[GET] /actuator/health,19.100000,0.000000,4,5,5,6,8,11,14,16,17,17,17,1294,0,4,4.518119783473232,2.2706000017933547,22.143500005768146,49.0
1790043234,132,GET,[GET] /api/soporte/election/status,17.200000,0.000000,4,4,5,5,7,8,11,18,30,30,30,1299,0,4,4.133623479686925,1.953999999386724,47.80419999588048,78.0
1790043234,132,GET,[GET] /api/soporte/tickets,35.000000,0.000000,7,7,8,8,11,15,22,31,34,34,34,2478,0,7,7.241775706302049,4.040899999381509,51.473300001816824,84620.1186440678
1790043234,132,GET,[GET] /health,52.800000,0.000000,4,4,5,5,6,8,10,12,27,27,27,3640,0,4,3.9332748901430463,1.8741000021691434,47.118199996475596,83.99917582417582
1790043234,132,,Aggregated,124.100000,0.000000,5,6,6,7,8,11,15,21,34,34,34,8711,0,4,4.991190988435868,1.8741000021691434,51.473300001816824,24125.71909080473
1790043235,133,GET,[GET] /actuator/health,19.000000,0.000000,4,5,5,6,7,9,14,16,17,17,17,1312,0,4,4.5174181400897195,2.2706000017933547,22.143500005768146,49.0
1790043235,133,GET,[GET] /api/soporte/election/status,17.000000,0.000000,4,4,5,5,7,8,10,11,11,11,11,1319,0,4,4.133589461794348,1.953999999386724,47.80419999588048,78.0
1790043235,133,GET,[GET] /api/soporte/tickets,36.200000,0.000000,7,7,8,8,10,14,19,25,34,34,34,2515,0,7,7.226472803276143,4.040899999381509,51.473300001816824,84620.57296222664
1790043235,133,GET,[GET] /health,53.200000,0.000000,4,4,5,5,6,7,9,10,12,12,12,3695,0,4,3.933083491227939,1.8741000021691434,47.118199996475596,83.99918809201624
1790043235,133,,Aggregated,125.400000,0.000000,5,6,6,7,8,9,13,15,31,34,34,8841,0,4,4.986582931821196,1.8741000021691434,51.473300001816824,24126.03642121932
1790043236,134,GET,[GET] /actuator/health,18.800000,0.000000,4,5,5,6,7,9,14,16,17,17,17,1328,0,4,4.515002861298634,2.2706000017933547,22.143500005768146,49.0
1790043236,134,GET,[GET] /api/soporte/election/status,17.900000,0.000000,4,4,5,5,7,8,10,11,11,11,11,1336,0,4,4.134072604865433,1.953999999386724,47.80419999588048,78.0
1790043236,134,GET,[GET] /api/soporte/tickets,37.100000,0.000000,6,7,8,8,10,14,19,25,34,34,34,2554,0,7,7.231325567833979,4.040899999381509,51.473300001816824,84621.0375880971
1790043236,134,GET,[GET] /health,53.000000,0.000000,4,4,5,5,6,7,9,10,12,12,12,3749,0,4,3.939210696211071,1.8741000021691434,47.118199996475596,83.99919978660976
1790043236,134,,Aggregated,126.800000,0.000000,5,6,6,7,8,10,13,16,31,34,34,8967,0,4,4.991184476441183,1.8741000021691434,51.473300001816824,24155.94100591056
1790043237,135,GET,[GET] /actuator/health,18.500000,0.000000,4,5,5,6,8,11,15,16,17,17,17,1356,0,4,4.53092013258973,2.2706000017933547,22.143500005768146,49.0
1790043237,135,GET,[GET] /api/soporte/election/status,18.300000,0.000000,4,4,5,5,6,8,10,11,12,12,12,1351,0,4,4.131244855738277,1.953999999386724,47.80419999588048,78.0
1790043237,135,GET,[GET] /api/soporte/tickets,37.400000,0.000000,6,7,8,8,11,14,18,22,31,31,31,2596,0,7,7.232979275912109,4.040899999381509,51.473300001816824,84621.52234206471
1790043237,135,GET,[GET] /health,54.100000,0.000000,4,4,5,5,6,8,9,11,12,12,12,3800,0,4,3.938266815817578,1.8741000021691434,47.118199996475596,83.99921052631579
1790043237,135,,Aggregated,128.300000,0.000000,5,6,6,7,8,10,14,16,30,31,31,9103,0,4,4.994778380783117,1.8741000021691434,51.473300001816824,24186.36614302977
1790043238,136,GET,[GET] /actuator/health,18.300000,0.000000,4,5,5,6,7,12,16,17,29,29,29,1380,0,4,4.536770579542845,2.2706000017933547,28.645999998843763,49.0
1790043238,136,GET,[GET] /api/soporte/election/status,18.300000,0.000000,4,4,5,5,6,8,10,11,12,12,12,1377,0,4,4.120558678352731,1.953999999386724,47.80419999588048,78.0
1790043238,136,GET,[GET] /api/soporte/tickets,37.000000,0.000000,6,7,8,8,10,14,20,30,33,33,33,2622,0,7,7.23870568279167,4.039599996758625,51.473300001816824,84621.81464530893
1790043238,136,GET,[GET] /health,54.900000,0.000000,4,4,5,5,6,7,9,10,33,33,33,3861,0,4,3.938656902384746,1.8741000021691434,47.118199996475596,83.998445998446
1790043238,136,,Aggregated,128.500000,0.000000,5,5,6,7,8,10,14,18,33,33,33,9240,0,4,4.991536071455422,1.8741000021691434,51.473300001816824,24066.855194805194
1790043239,137,GET,[GET] /actuator/health,18.300000,0.000000,4,5,5,6,7,10,15,16,29,29,29,1408,0,4,4.5388225850718875,2.2706000017933547,28.645999998843763,49.0
1790043239,137,GET,[GET] /api/soporte/election/status,18.300000,0.000000,4,4,5,5,6,8,10,11,12,12,12,1398,0,4,4.117302718230567,1.953999999386724,47.80419999588048,78.0
1790043239,137,GET,[GET] /api/soporte/tickets,38.500000,0.000000,6,7,8,8,10,14,21,30,33,33,33,2648,0,7,7.2384089502536995,4.039599996758625,51.473300001816824,84622.10120845921
1790043239,137,GET,[GET] /health,54.200000,0.000000,4,4,5,5,6,7,9,11,33,33,33,3920,0,4,3.9441957653419806,1.8741000021691434,47.118199996475596,83.99846938775511
1790043239,137,,Aggregated,129.300000,0.000000,5,5,6,7,8,10,13,16,33,33,33,9374,0,4,4.989887529366323,1.8741000021691434,51.473300001816824,23958.463196074248
1790043240,138,GET,[GET] /actuator/health,17.700000,0.000000,4,5,5,6,7,10,14,16,29,29,29,1431,0,4,4.528668693047442,2.2706000017933547,28.645999998843763,49.0
1790043240,138,GET,[GET] /api/soporte/election/status,18.600000,0.000000,4,4,5,5,6,8,9,10,12,12,12,1413,0,4,4.121591365943622,1.953999999386724,47.80419999588048,78.0
1790043240,138,GET,[GET] /api/soporte/tickets,37.700000,0.000000,6,7,8,8,10,13,18,30,33,33,33,2688,0,7,7.234774144448931,4.039599996758625,51.473300001816824,84622.53125
1790043240,138,GET,[GET] /health,55.200000,0.000000,4,4,5,5,6,7,9,10,33,33,33,3980,0,4,3.947109949781841,1.8741000021691434,47.118199996475596,83.99849246231156
1790043240,138,,Aggregated,129.200000,0.000000,5,5,6,6,8,9,13,16,33,33,33,9512,0,4,4.989582001707284,1.8741000021691434,51.473300001816824,23967.621005046258
1790043241,139,GET,[GET] /actuator/health,19.300000,0.000000,4,5,5,6,7,9,13,16,29,29,29,1456,0,4,4.53200054928627,2.2706000017933547,28.645999998843763,49.0
1790043241,139,GET,[GET] /api/soporte/election/status,19.100000,0.000000,4,4,5,5,6,8,9,10,12,12,12,1433,0,4,4.120557850708872,1.953999999386724,47.80419999588048,78.0
1790043241,139,GET,[GET] /api/soporte/tickets,36.500000,0.000000,6,7,8,8,10,13,18,22,33,33,33,2724,0,7,7.2256524230084676,4.039599996758625,51.473300001816824,84622.90748898678
1790043241,139,GET,[GET] /health,56.000000,0.000000,4,4,5,5,6,7,9,10,33,33,33,4042,0,4,3.9454386690075496,1.8741000021691434,47.118199996475596,83.99851558634339
1790043241,139,,Aggregated,130.900000,0.000000,4,5,6,6,8,9,13,16,33,33,33,9655,0,4,4.985343604373921,1.8741000021691434,51.473300001816824,23929.097876747797
1790043242,140,GET,[GET] /actuator/health,19.800000,0.000000,4,5,5,6,7,9,13,16,29,29,29,1480,0,4,4.537073648483587,2.2706000017933547,28.645999998843763,49.0
1790043242,140,GET,[GET] /api/soporte/election/status,19.300000,0.000000,4,4,5,5,6,7,10,10,12,12,12,1452,0,4,4.117521212161296,1.953999999386724,47.80419999588048,78.0
1790043242,140,GET,[GET] /api/soporte/tickets,36.400000,0.000000,6,7,8,8,10,13,17,21,33,33,33,2763,0,7,7.216934057282208,4.039599996758625,51.473300001816824,84623.30401737241
1790043242,140,GET,[GET] /health,56.600000,0.000000,4,4,5,5,6,7,9,10,33,33,33,4103,0,4,3.950103046575756,1.8741000021691434,47.118199996475596,83.99707531074823
1790043242,140,,Aggregated,132.100000,0.000000,4,5,6,6,8,9,12,16,33,33,33,9798,0,4,4.984810308245048,1.8741000021691434,51.473300001816824,23917.59593794652
1790043243,141,GET,[GET] /actuator/health,20.000000,0.000000,4,5,5,6,7,9,11,13,29,29,29,1501,0,4,4.54881572269144,2.2706000017933547,28.645999998843763,49.0
1790043243,141,GET,[GET] /api/soporte/election/status,19.500000,0.000000,4,4,5,5,6,7,10,12,12,12,12,1483,0,4,4.116585704688198,1.953999999386724,47.80419999588048,78.0
1790043243,141,GET,[GET] /api/soporte/tickets,37.100000,0.000000,6,7,8,8,9,11,16,18,33,33,33,2795,0,7,7.213692951793132,4.039599996758625,51.473300001816824,84623.62110912343
1790043243,141,GET,[GET] /health,55.500000,0.000000,4,4,5,5,6,7,9,10,33,33,33,4155,0,4,3.9567356438322916,1.8741000021691434,47.118199996475596,83.9971119133574
1790043243,141,,Aggregated,132.100000,0.000000,4,5,6,6,8,9,11,14,33,33,33,9934,0,4,4.98642816591478,1.8741000021691434,51.473300001816824,23863.62512583048
1790043244,142,GET,[GET] /actuator/health,21.000000,0.000000,4,5,5,6,7,9,11,13,29,29,29,1514,0,4,4.546712219128698,2.2706000017933547,28.645999998843763,49.0
1790043244,142,GET,[GET] /api/soporte/election/status,19.500000,0.000000,4,4,5,5,6,6,8,10,12,12,12,1509,0,4,4.116145990760932,1.953999999386724,47.80419999588048,78.0
1790043244,142,GET,[GET] /api/soporte/tickets,37.000000,0.000000,6,7,7,8,9,11,16,18,33,33,33,2829,0,7,7.205370625752666,4.039599996758625,51.473300001816824,84623.95015906681
1790043244,142,GET,[GET] /health,56.300000,0.000000,4,4,5,5,6,7,9,11,33,33,33,4231,0,4,3.9570399905785854,1.8741000021691434,47.118199996475596,83.99716379106594
1790043244,142,,Aggregated,133.800000,0.000000,4,5,6,6,8,9,11,13,33,33,33,10083,0,4,4.980781146505145,1.8741000021691434,51.473300001816824,23797.325696717246
1790043245,143,GET,[GET] /actuator/health,22.600000,0.000000,4,5,5,6,7,9,11,13,29,29,29,1526,0,4,4.546771756079294,2.2706000017933547,28.645999998843763,49.0
1790043245,143,GET,[GET] /api/soporte/election/status,20.000000,0.000000,4,4,5,5,6,6,9,10,12,12,12,1537,0,4,4.117071568024364,1.953999999386724,47.80419999588048,78.0
1790043245,143,GET,[GET] /api/soporte/tickets,35.800000,0.000000,6,7,7,8,9,12,16,18,33,33,33,2860,0,7,7.202748986114434,4.039599996758625,51.473300001816824,84624.24335664336
1790043245,143,GET,[GET] /health,56.700000,0.000000,4,4,5,5,6,7,9,11,33,33,33,4301,0,4,3.9578973727291666,1.8741000021691434,47.118199996475596,83.99720995117414
1790043245,143,,Aggregated,135.100000,0.000000,4,5,6,6,7,9,11,14,33,33,33,10224,0,4,4.977415043058087,1.8741000021691434,51.473300001816824,23726.64984350548
1790043246,144,GET,[GET] /actuator/health,22.000000,0.000000,4,5,5,6,7,8,10,12,29,29,29,1541,0,4,4.541544970646978,2.2706000017933547,28.645999998843763,49.0
1790043246,144,GET,[GET] /api/soporte/election/status,21.100000,0.000000,4,4,5,5,6,6,8,9,12,12,12,1557,0,4,4.114850610175911,1.953999999386724,47.80419999588048,78.0
1790043246,144,GET,[GET] /api/soporte/tickets,34.700000,0.000000,6,7,7,8,9,10,15,18,33,33,33,2900,0,7,7.199526689760989,4.039599996758625,51.473300001816824,84624.6124137931
1790043246,144,GET,[GET] /health,57.600000,0.000000,4,4,5,5,6,7,9,10,33,33,33,4366,0,4,3.9527284700265732,1.8741000021691434,47.118199996475596,83.99725148877691
1790043246,144,,Aggregated,135.400000,0.000000,4,5,6,6,7,9,10,13,33,33,33,10364,0,4,4.973136154019083,1.8741000021691434,51.473300001816824,23733.60314550367
1790043247,145,GET,[GET] /actuator/health,21.900000,0.000000,4,5,5,5,7,8,10,12,29,29,29,1563,0,4,4.535202367093607,2.2706000017933547,28.645999998843763,49.0
1790043247,145,GET,[GET] /api/soporte/election/status,20.900000,0.000000,4,4,5,5,6,7,8,9,12,12,12,1577,0,4,4.113990171225526,1.953999999386724,47.80419999588048,78.0
1790043247,145,GET,[GET] /api/soporte/tickets,34.300000,0.000000,6,7,7,8,9,10,14,17,33,33,33,2940,0,7,7.1919332994240195,4.039599996758625,51.473300001816824,84624.97142857143
1790043247,145,GET,[GET] /health,58.800000,0.000000,4,4,5,5,6,7,9,10,33,33,33,4420,0,4,3.9532112217496667,1.8741000021691434,47.118199996475596,83.9972850678733
1790043247,145,,Aggregated,135.900000,0.000000,4,5,6,6,7,9,10,12,33,33,33,10500,0,4,4.970834409545724,1.8741000021691434,51.473300001816824,23749.359714285714
1790043248,146,GET,[GET] /actuator/health,21.400000,0.000000,4,5,5,5,7,8,10,11,12,12,12,1581,0,4,4.530018658934566,2.2706000017933547,28.645999998843763,49.0
1790043248,146,GET,[GET] /api/soporte/election/status,21.900000,0.000000,4,4,5,5,6,7,7,9,12,12,12,1600,0,4,4.110404187522363,1.953999999386724,47.80419999588048,78.0
1790043248,146,GET,[GET] /api/soporte/tickets,33.900000,0.000000,6,7,7,8,9,10,14,18,33,33,33,2985,0,7,7.2003540034540245,4.039599996758625,51.473300001816824,84625.36381909548
1790043248,146,GET,[GET] /health,60.400000,0.000000,4,4,5,5,6,7,9,10,17,17,17,4480,0,4,3.956307901814528,1.8741000021691434,47.118199996475596,83.99732142857142
1790043248,146,,Aggregated,137.600000,0.000000,4,5,6,6,7,9,10,12,31,33,33,10646,0,4,4.974255335360763,1.8741000021691434,51.473300001816824,23782.19876009769
1790043249,147,GET,[GET] /actuator/health,20.800000,0.000000,4,5,5,6,7,8,11,12,34,34,34,1604,0,4,4.553709289109775,2.2706000017933547,34.04990000126418,49.0
1790043249,147,GET,[GET] /api/soporte/election/status,21.800000,0.000000,4,4,5,5,6,7,8,9,12,12,12,1619,0,4,4.113107288473335,1.953999999386724,47.80419999588048,78.0
1790043249,147,GET,[GET] /api/soporte/tickets,33.100000,0.000000,6,7,7,8,9,11,16,31,35,35,35,3027,0,7,7.2157278824813735,4.039599996758625,51.473300001816824,84625.71952428146
1790043249,147,GET,[GET] /health,62.100000,0.000000,4,4,5,5,6,7,9,10,17,17,17,4553,0,4,3.9573818801067615,1.8741000021691434,47.118199996475596,83.99670546892159
1790043249,147,,Aggregated,137.800000,0.000000,4,5,6,6,7,9,11,13,34,35,35,10803,0,4,4.982249227082071,1.8741000021691434,51.473300001816824,23766.487827455338
1790043250,148,GET,[GET] /actuator/health,20.400000,0.000000,4,5,5,6,7,8,11,12,34,34,34,1625,0,4,4.545440922898706,2.2706000017933547,34.04990000126418,49.0
1790043250,148,GET,[GET] /api/soporte/election/status,22.200000,0.000000,4,4,5,5,6,7,8,9,12,12,12,1634,0,4,4.108288188506547,1.953999999386724,47.80419999588048,78.0
1790043250,148,GET,[GET] /api/soporte/tickets,34.700000,0.000000,6,7,7,8,9,11,16,31,35,35,35,3077,0,6,7.202423496992944,4.039599996758625,51.473300001816824,84626.13032174196
1790043250,148,GET,[GET] /health,61.900000,0.000000,4,4,5,5,6,7,9,10,17,17,17,4614,0,4,3.9528124837645877,1.8741000021691434,47.118199996475596,83.99674902470741
1790043250,148,,Aggregated,139.200000,0.000000,4,5,6,6,7,9,11,13,34,35,35,10950,0,4,4.977115826490154,1.8741000021691434,51.473300001816824,23834.63388127854
1790043251,149,GET,[GET] /actuator/health,20.000000,0.000000,4,5,5,6,7,8,11,12,34,34,34,1645,0,4,4.547560364553757,2.2706000017933547,34.04990000126418,49.0
1790043251,149,GET,[GET] /api/soporte/election/status,22.300000,0.000000,4,4,5,5,7,7,8,9,12,12,12,1658,0,4,4.121015440297587,1.953999999386724,47.80419999588048,78.0
1790043251,149,GET,[GET] /api/soporte/tickets,36.400000,0.000000,6,7,7,8,9,11,15,31,35,35,35,3108,0,6,7.194398584377612,4.039599996758625,51.473300001816824,84626.37837837837
1790043251,149,GET,[GET] /health,61.600000,0.000000,4,4,5,5,6,7,9,10,17,17,17,4677,0,4,3.9550849262596404,1.8558999945526011,47.118199996475596,83.99679281590764
1790043251,149,,Aggregated,140.300000,0.000000,4,5,6,6,7,9,11,13,34,35,35,11088,0,4,4.975784938678417,1.8558999945526011,51.473300001816824,23775.39375901876
1790043252,150,GET,[GET] /actuator/health,19.600000,0.000000,4,5,5,6,7,9,12,13,34,34,34,1668,0,4,4.5549541365187265,2.2706000017933547,34.04990000126418,49.0
1790043252,150,GET,[GET] /api/soporte/election/status,21.500000,0.000000,4,5,5,5,7,7,8,9,12,12,12,1678,0,4,4.127573241963325,1.953999999386724,47.80419999588048,78.0
1790043252,150,GET,[GET] /api/soporte/tickets,38.200000,0.000000,6,7,7,8,9,11,16,31,35,35,35,3155,0,6,7.192178922424922,4.039599996758625,51.473300001816824,84626.74516640253
1790043252,150,GET,[GET] /health,61.900000,0.000000,4,4,5,5,6,7,9,11,17,17,17,4741,0,4,3.9575822611518126,1.8558999945526011,47.118199996475596,83.99683611052521
1790043252,150,,Aggregated,141.200000,0.000000,4,5,6,6,8,9,11,14,34,35,35,11242,0,4,4.979358957489688,1.8558999945526011,51.473300001816824,23804.325386941826
1790043253,151,GET,[GET] /actuator/health,19.100000,0.000000,4,5,5,6,7,8,11,13,34,34,34,1683,0,4,4.558448781755593,2.2706000017933547,34.04990000126418,49.0
1790043253,151,GET,[GET] /api/soporte/election/status,21.700000,0.000000,4,5,5,5,7,7,8,9,9,9,9,1707,0,4,4.134496953727118,1.953999999386724,47.80419999588048,78.0
1790043253,151,GET,[GET] /api/soporte/tickets,38.600000,0.000000,6,7,7,8,9,11,16,31,35,35,35,3195,0,6,7.188287230118973,4.039599996758625,51.473300001816824,84627.04882629108
1790043253,151,GET,[GET] /health,63.400000,0.000000,4,4,5,5,6,7,9,10,17,17,17,4807,0,4,3.9663272103440548,1.8558999945526011,47.118199996475596,83.9968795506553
1790043253,151,,Aggregated,142.800000,0.000000,5,5,6,6,8,9,11,14,34,35,35,11392,0,4,4.982634146775004,1.8558999945526011,51.473300001816824,23788.869996488764
1790043363,152,GET,[GET] /actuator/health,19.200000,0.000000,0,0,0,0,0,0,0,0,0,0,0,1690,0,4,4.56615745543899,2.2706000017933547,34.04990000126418,49.0
1790043363,152,GET,[GET] /api/soporte/election/status,22.400000,0.000000,0,0,0,0,0,0,0,0,0,0,0,1717,0,4,4.1338467093849856,1.953999999386724,47.80419999588048,78.0
1790043363,152,GET,[GET] /api/soporte/tickets,38.000000,0.000000,0,0,0,0,0,0,0,0,0,0,0,3208,0,6,7.188115866656086,4.039599996758625,51.473300001816824,84627.14588528678
1790043363,152,GET,[GET] /health,63.800000,0.000000,0,0,0,0,0,0,0,0,0,0,0,4831,0,4,3.971106251318923,1.8558999945526011,47.118199996475596,83.9968950527841
1790043363,152,,Aggregated,143.400000,0.000000,0,0,0,0,0,0,0,0,0,0,0,11446,0,4,4.9850175519884985,1.8558999945526011,51.473300001816824,23773.056875764458
1790043364,153,GET,[GET] /actuator/health,0.000000,0.000000,430,430,450,450,470,110000,110000,110000,110000,110000,110000,1706,0,4,71.86967268447157,2.2706000017933547,109768.10389999446,49.0
1790043364,153,GET,[GET] /api/soporte/election/status,0.000000,0.000000,440,450,450,490,520,600,110000,110000,110000,110000,110000,1738,0,4,72.1331219217437,1.953999999386724,109763.77990000037,78.0
1790043364,153,GET,[GET] /api/soporte/tickets,0.000000,0.000000,450,450,500,530,540,110000,110000,110000,110000,110000,110000,3255,0,7,147.82496079885087,4.039599996758625,109783.04149999894,84627.49032258065
1790043364,153,GET,[GET] /health,0.000000,0.000000,440,450,450,460,520,520,520,110000,110000,110000,110000,4911,0,4,32.805717348835124,1.8558999945526011,109783.76410000055,83.99633475870495
1790043364,153,,Aggregated,0.000000,0.000000,440,450,450,470,520,540,110000,110000,110000,110000,110000,11610,0,4,76.68011652024872,1.8558999945526011,109783.76410000055,23780.718776916452
1790043365,154,GET,[GET] /actuator/health,0.000000,0.000000,7,9,400,430,450,470,110000,110000,110000,110000,110000,1730,0,4,70.95053231197183,2.2706000017933547,109768.10389999446,49.0
1790043365,154,GET,[GET] /api/soporte/election/status,0.000000,0.000000,11,400,440,440,490,520,110000,110000,110000,110000,110000,1765,0,4,71.13026073652652,1.953999999386724,109763.77990000037,78.0
1790043365,154,GET,[GET] /api/soporte/tickets,0.000000,0.000000,13,440,450,450,530,540,110000,110000,110000,110000,110000,3308,0,7,145.58583648738352,4.039599996758625,109783.04149999894,84627.86698911729
1790043365,154,GET,[GET] /health,0.000000,0.000000,390,430,440,450,470,520,520,520,110000,110000,110000,4971,0,4,32.47085538123822,1.8558999945526011,109783.76410000055,83.9963789981895
1790043365,154,,Aggregated,0.000000,0.000000,11,430,440,450,470,520,110000,110000,110000,110000,110000,11774,0,4,75.70068798200101,1.8558999945526011,109783.76410000055,23831.235773738747
1790043366,155,GET,[GET] /actuator/health,1.100000,0.000000,5,6,8,8,430,450,470,110000,110000,110000,110000,1762,0,4,69.74003496012202,2.2706000017933547,109768.10389999446,49.0
1790043366,155,GET,[GET] /api/soporte/election/status,1.700000,0.000000,5,10,400,430,450,490,600,110000,110000,110000,110000,1788,0,4,70.2652887583799,1.953999999386724,109763.77990000037,78.0
1790043366,155,GET,[GET] /api/soporte/tickets,3.900000,0.000000,9,14,430,440,450,530,110000,110000,110000,110000,110000,3350,0,7,143.84951805978025,4.039599996758625,109783.04149999894,84628.15701492537
1790043366,155,GET,[GET] /health,6.400000,0.000000,6,400,430,440,450,500,520,520,110000,110000,110000,5024,0,4,32.16962804539736,1.8558999945526011,109783.76410000055,83.99641719745223
1790043366,155,,Aggregated,13.100000,0.000000,7,11,430,430,450,510,540,110000,110000,110000,110000,11924,0,4,74.80982679470462,1.8558999945526011,109783.76410000055,23830.268869506875
1790043367,156,GET,[GET] /actuator/health,2.300000,0.000000,5,6,7,8,400,430,470,110000,110000,110000,110000,1788,0,4,68.79949994391411,2.2706000017933547,109768.10389999446,49.0
1790043367,156,GET,[GET] /api/soporte/election/status,4.100000,0.000000,5,6,11,400,440,490,600,110000,110000,110000,110000,1811,0,4,69.4264954168887,1.953999999386724,109763.77990000037,78.0
1790043367,156,GET,[GET] /api/soporte/tickets,7.300000,0.000000,8,10,400,430,450,530,110000,110000,110000,110000,110000,3387,0,7,142.35845621501713,4.039599996758625,109783.04149999894,84628.40655447298
1790043367,156,GET,[GET] /health,10.300000,0.000000,5,8,400,430,450,470,520,520,110000,110000,110000,5098,0,4,31.7628967242248,1.8558999945526011,109783.76410000055,83.99646920360925
1790043367,156,,Aggregated,24.000000,0.000000,6,8,13,420,450,470,530,110000,110000,110000,110000,12084,0,4,73.88614927176961,1.8558999945526011,109783.76410000055,23774.70183714002
1790044116,157,GET,[GET] /actuator/health,5.800000,0.000000,0,0,0,0,0,0,0,0,0,0,0,1796,0,4,68.51055734951986,2.2706000017933547,109768.10389999446,49.0
1790044116,157,GET,[GET] /api/soporte/election/status,5.500000,0.000000,0,0,0,0,0,0,0,0,0,0,0,1830,0,4,68.74583366119762,1.953999999386724,109763.77990000037,78.0
1790044116,157,GET,[GET] /api/soporte/tickets,11.500000,0.000000,0,0,0,0,0,0,0,0,0,0,0,3423,0,7,140.93347975468907,4.039599996758625,109783.04149999894,84628.64417177915
1790044116,157,GET,[GET] /health,16.300000,0.000000,0,0,0,0,0,0,0,0,0,0,0,5147,0,4,31.496534447271713,1.8558999945526011,109783.76410000055,83.99650281717506
1790044116,157,,Aggregated,39.100000,0.000000,0,0,0,0,0,0,0,0,0,0,0,12196,0,4,73.25170552641333,1.8558999945526011,109783.76410000055,23806.733601180717
1790044117,157,GET,[GET] /actuator/health,0.000000,0.000000,0,0,0,0,0,0,0,0,0,0,0,1805,8,4,486.96297822699756,2.2706000017933547,748892.5116000028,48.782825484764544
1790044117,157,GET,[GET] /api/soporte/election/status,0.000000,0.000000,0,0,0,0,0,0,0,0,0,0,0,1834,3,4,70.48232175572277,1.953999999386724,109763.77990000037,77.87241003271538
1790044117,157,GET,[GET] /api/soporte/tickets,0.000000,0.000000,0,0,0,0,0,0,0,0,0,0,0,3441,16,7,579.8310198780293,4.039599996758625,748879.4265000033,84235.14995640801
1790044117,157,GET,[GET] /health,0.000000,0.000000,0,0,0,0,0,0,0,0,0,0,0,5177,26,4,181.33125043463167,1.8558999945526011,748859.1667000001,83.57465713733822
1790044117,157,,Aggregated,0.000000,0.000000,0,0,0,0,0,0,0,0,0,0,0,12257,53,4,321.62708466183517,1.8558999945526011,748892.5116000028,23702.103940605368
