Timestamp,User Count,Type,Name,Requests/s,Failures/s,50%,66%,75%,80%,90%,95%,98%,99%,99.9%,99.99%,100%,Total Request Count,Total Failure Count,Total Median Response Time,Total Average Response Time,Total Min Response Time,Total Max Response Time,Total Average Content Size
1790079360,0,,Aggregated,0.000000,0.000000,N/A,N/A,N/A,N/A,N/A,N/A,N/A,N/A,N/A,N/A,N/A,0,0,0,0.0,0,0,0
1790079361,1,GET,[GET] /health,0.000000,0.000000,0,0,0,0,0,0,0,0,0,0,0,1,0,21.195799999986775,21.195799999986775,21.195799999986775,21.195799999986775,84.0
1790079361,1,,Aggregated,0.000000,0.000000,0,0,0,0,0,0,0,0,0,0,0,1,0,21.195799999986775,21.195799999986775,21.195799999986775,21.195799999986775,84.0
1790079363,2,GET,[GET] /api/soporte/tickets,0.000000,0.000000,0,0,0,0,0,0,0,0,0,0,0,2,0,7.188200004748069,9.922900004312396,7.188200004748069,12.657600003876723,84651.0
1790079363,2,GET,[GET] /health,0.000000,0.000000,21,21,21,21,21,21,21,21,21,21,21,1,0,21.195799999986775,21.195799999986775,21.195799999986775,21.195799999986775,84.0
1790079363,2,,Aggregated,0.000000,0.000000,13,13,21,21,21,21,21,21,21,21,21,3,0,13,13.680533336203856,7.188200004748069,21.195799999986775,56462.0
1790079364,3,GET,[GET] /api/soporte/election/status,0.000000,0.000000,0,0,0,0,0,0,0,0,0,0,0,1,0,3.9031000051181763,3.9031000051181763,3.9031000051181763,3.9031000051181763,78.0
1790079364,3,GET,[GET] /api/soporte/tickets,0.000000,0.000000,52,52,52,52,52,52,52,52,52,52,52,3,0,13,24.011633334642585,7.188200004748069,52.18909999530297,84651.0
1790079364,3,GET,[GET] /health,0.000000,0.000000,8,8,21,21,21,21,21,21,21,21,21,3,0,8,11.112833332542019,4.117799995583482,21.195799999986775,84.0
1790079364,3,,Aggregated,0.000000,0.000000,8,13,21,21,52,52,52,52,52,52,52,7,0,8,15.610928572381713,3.9031000051181763,52.18909999530297,36326.142857142855
1790079365,4,GET,[GET] /api/soporte/election/status,0.000000,0.000000,4,4,4,4,4,4,4,4,4,4,4,1,0,3.9031000051181763,3.9031000051181763,3.9031000051181763,3.9031000051181763,78.0
1790079365,4,GET,[GET] /api/soporte/tickets,0.000000,0.000000,12,12,52,52,52,52,52,52,52,52,52,5,0,12,18.47692000446841,7.188200004748069,52.18909999530297,84651.0
1790079365,4,GET,[GET] /health,0.500000,0.000000,5,5,8,8,21,21,21,21,21,21,21,6,0,4,7.624783332479031,3.7167999980738387,21.195799999986775,84.0
1790079365,4,,Aggregated,0.500000,0.000000,8,8,13,13,21,52,52,52,52,52,52,12,0,7,11.836366668527868,3.7167999980738387,52.18909999530297,35319.75
1790079366,6,GET,[GET] /actuator/health,0.000000,0.000000,0,0,0,0,0,0,0,0,0,0,0,2,0,5.648500009556301,5.590650005615316,5.532800001674332,5.648500009556301,49.0
1790079366,6,GET,[GET] /api/soporte/election/status,0.250000,0.000000,4,4,5,5,5,5,5,5,5,5,5,3,0,4,4.204633330421832,3.652599989436567,5.058199996710755,78.0
1790079366,6,GET,[GET] /api/soporte/tickets,0.750000,0.000000,11,12,12,52,52,52,52,52,52,52,52,7,0,11,16.184442859542155,7.188200004748069,52.18909999530297,84651.0
1790079366,6,GET,[GET] /health,0.750000,0.000000,5,5,8,8,21,21,21,21,21,21,21,6,0,4,7.624783332479031,3.7167999980738387,21.195799999986775,84.0
1790079366,6,,Aggregated,1.750000,0.000000,7,8,11,12,21,52,52,52,52,52,52,18,0,6,10.157500000786968,3.652599989436567,52.18909999530297,32966.27777777778
1790079367,7,GET,[GET] /actuator/health,0.000000,0.000000,4,4,4,4,4,4,4,4,4,4,4,4,0,4,4.809375001059379,3.620399991632439,5.648500009556301,49.0
1790079367,7,GET,[GET] /api/soporte/election/status,0.200000,0.000000,4,4,5,5,5,5,5,5,5,5,5,3,0,4,4.204633330421832,3.652599989436567,5.058199996710755,78.0
1790079367,7,GET,[GET] /api/soporte/tickets,1.000000,0.000000,11,12,12,52,52,52,52,52,52,52,52,7,0,11,16.184442859542155,7.188200004748069,52.18909999530297,84651.0
1790079367,7,GET,[GET] /health,1.200000,0.000000,5,8,8,8,8,21,21,21,21,21,21,11,0,5,6.939609090543606,3.567099993233569,21.195799999986775,84.0
1790079367,7,,Aggregated,2.400000,0.000000,6,8,8,11,13,21,52,52,52,52,52,25,0,6,8.859128000331111,3.567099993233569,52.18909999530297,23756.44
1790079368,8,GET,[GET] /actuator/health,0.333333,0.000000,4,4,4,4,4,4,4,4,4,4,4,5,0,4,4.680340000777505,3.620399991632439,5.648500009556301,49.0
1790079368,8,GET,[GET] /api/soporte/election/status,0.500000,0.000000,4,4,5,5,5,5,5,5,5,5,5,3,0,4,4.204633330421832,3.652599989436567,5.058199996710755,78.0
1790079368,8,GET,[GET] /api/soporte/tickets,1.000000,0.000000,11,11,12,12,52,52,52,52,52,52,52,8,0,10,15.107450000868994,7.188200004748069,52.18909999530297,84651.0
1790079368,8,GET,[GET] /health,1.000000,0.000000,5,5,8,8,8,21,21,21,21,21,21,16,0,5,6.081881249883736,3.217899997252971,21.195799999986775,84.0
1790079368,8,,Aggregated,2.833333,0.000000,5,8,8,8,12,21,52,52,52,52,52,32,0,5,7.9432906250076485,3.217899997252971,52.18909999530297,21219.71875
1790079369,9,GET,[GET] /actuator/health,0.571429,0.000000,4,4,4,4,4,4,4,4,4,4,4,5,0,4,4.680340000777505,3.620399991632439,5.648500009556301,49.0
1790079369,9,GET,[GET] /api/soporte/election/status,0.428571,0.000000,4,4,5,5,5,5,5,5,5,5,5,3,0,4,4.204633330421832,3.652599989436567,5.058199996710755,78.0
1790079369,9,GET,[GET] /api/soporte/tickets,1.000000,0.000000,8,10,11,12,52,52,52,52,52,52,52,12,0,8,12.359908332048994,6.106699991505593,52.18909999530297,84651.0
1790079369,9,GET,[GET] /health,1.428571,0.000000,5,5,7,8,8,21,21,21,21,21,21,18,0,5,5.932644444530727,2.868099996703677,21.195799999986775,84.0
1790079369,9,,Aggregated,3.428571,0.000000,6,7,8,8,12,21,52,52,52,52,52,38,0,5,7.661107894244579,2.868099996703677,52.18909999530297,26784.28947368421
1790079370,10,GET,[GET] /actuator/health,0.625000,0.000000,4,4,8,8,8,8,8,8,8,8,8,6,0,4,5.238850001963631,3.620399991632439,8.031400007894263,49.0
1790079370,10,GET,[GET] /api/soporte/election/status,0.375000,0.000000,4,4,5,5,5,5,5,5,5,5,5,3,0,4,4.204633330421832,3.652599989436567,5.058199996710755,78.0
1790079370,10,GET,[GET] /api/soporte/tickets,0.875000,0.000000,7,8,10,11,12,52,52,52,52,52,52,17,0,7,10.703982353066642,6.106699991505593,52.18909999530297,84651.0
1790079370,10,GET,[GET] /health,1.750000,0.000000,4,5,5,7,8,8,21,21,21,21,21,22,0,4,5.463786363014316,2.868099996703677,21.195799999986775,84.0
1790079370,10,,Aggregated,3.625000,0.000000,6,7,8,8,11,13,52,52,52,52,52,48,0,6,7.212874999822816,2.868099996703677,52.18909999530297,30030.0625
1790079371,11,GET,[GET] /actuator/health,0.625000,0.000000,4,4,4,8,8,8,8,8,8,8,8,7,0,4,5.087828573388314,3.620399991632439,8.031400007894263,49.0
1790079371,11,GET,[GET] /api/soporte/election/status,0.375000,0.000000,4,4,4,5,5,5,5,5,5,5,5,5,0,4,3.760279997368343,3.0414999928325415,5.058199996710755,78.0
1790079371,11,GET,[GET] /api/soporte/tickets,0.875000,0.000000,7,8,10,10,12,52,52,52,52,52,52,19,0,7,10.501168420887552,6.106699991505593,52.18909999530297,84651.0
1790079371,11,GET,[GET] /health,1.750000,0.000000,4,5,5,5,8,8,21,21,21,21,21,27,0,4,5.060848147776495,2.868099996703677,21.195799999986775,84.0
1790079371,11,,Aggregated,3.625000,0.000000,5,7,7,8,10,12,13,52,52,52,52,58,0,5,6.734160344610151,2.868099996703677,52.18909999530297,27782.241379310344
1790079372,12,GET,[GET] /actuator/health,0.555556,0.000000,4,4,4,4,8,8,8,8,8,8,8,8,0,4,4.967862501871423,3.620399991632439,8.031400007894263,49.0
1790079372,12,GET,[GET] /api/soporte/election/status,0.333333,0.000000,4,4,5,5,8,8,8,8,8,8,8,7,0,4,4.38294285725403,3.0414999928325415,7.78510000964161,78.0
1790079372,12,GET,[GET] /api/soporte/tickets,1.222222,0.000000,7,8,10,10,12,52,52,52,52,52,52,22,0,7,9.994940908985551,6.106699991505593,52.18909999530297,84651.0
1790079372,12,GET,[GET] /health,2.000000,0.000000,4,4,5,5,8,8,8,8,8,8,8,31,0,4,4.827390323043801,2.868099996703677,21.195799999986775,84.0
1790079372,12,,Aggregated,4.111111,0.000000,5,7,7,8,8,10,12,52,52,52,52,68,0,5,6.4700191180557285,2.868099996703677,52.18909999530297,27439.176470588234
1790079373,13,GET,[GET] /actuator/health,0.700000,0.000000,4,4,5,5,8,8,8,8,8,8,8,9,0,4,4.917633334924984,3.620399991632439,8.031400007894263,49.0
1790079373,13,GET,[GET] /api/soporte/election/status,0.500000,0.000000,4,4,5,5,8,8,8,8,8,8,8,8,0,4,4.3507874997885665,3.0414999928325415,7.78510000964161,78.0
1790079373,13,GET,[GET] /api/soporte/tickets,1.900000,0.000000,7,8,8,10,11,12,12,12,12,12,12,26,0,7,9.84641538413528,6.106699991505593,52.18909999530297,84651.0
1790079373,13,GET,[GET] /health,2.700000,0.000000,4,4,5,5,6,8,8,8,8,8,8,40,0,4,4.71781500018551,2.868099996703677,21.195799999986775,84.0
1790079373,13,,Aggregated,5.800000,0.000000,5,6,7,7,8,10,12,12,12,12,12,83,0,5,6.310655421777965,2.868099996703677,52.18909999530297,26570.493975903613
1790079374,14,GET,[GET] /actuator/health,0.800000,0.000000,4,5,5,5,8,9,9,9,9,9,9,13,0,5,5.183607693582487,3.620399991632439,9.169099997961894,49.0
1790079374,14,GET,[GET] /api/soporte/election/status,0.700000,0.000000,4,4,4,5,8,8,8,8,8,8,8,10,0,4,4.218819999368861,3.0414999928325415,7.78510000964161,78.0
1790079374,14,GET,[GET] /api/soporte/tickets,2.200000,0.000000,7,8,9,9,11,11,12,12,12,12,12,31,0,8,9.648090322321702,6.106699991505593,52.18909999530297,84651.0
1790079374,14,GET,[GET] /health,3.000000,0.000000,4,4,5,5,6,8,8,8,8,8,8,42,0,4,4.660626190819866,2.868099996703677,21.195799999986775,84.0
1790079374,14,,Aggregated,6.700000,0.000000,5,7,7,8,8,10,11,12,12,12,12,96,0,5,6.295960416840292,2.868099996703677,52.18909999530297,27386.729166666668
1790079375,15,GET,[GET] /actuator/health,0.900000,0.000000,5,5,5,5,8,9,9,9,9,9,9,15,0,5,5.181646668158161,3.620399991632439,9.169099997961894,49.0
1790079375,15,GET,[GET] /api/soporte/election/status,0.800000,0.000000,4,4,5,6,8,8,8,8,8,8,8,11,0,4,4.352527271046049,3.0414999928325415,7.78510000964161,78.0
1790079375,15,GET,[GET] /api/soporte/tickets,2.300000,0.000000,8,8,9,9,11,12,12,12,12,12,12,34,0,8,9.62746176382472,6.106699991505593,52.18909999530297,84651.0
1790079375,15,GET,[GET] /health,3.900000,0.000000,4,4,5,5,6,8,29,29,29,29,29,49,0,4,5.0598142861046504,2.345499990042299,29.397000005701557,84.0
1790079375,15,,Aggregated,7.900000,0.000000,5,7,7,8,9,10,12,29,29,29,29,109,0,5,6.429973394431626,2.345499990042299,52.18909999530297,26457.275229357798
1790079376,16,GET,[GET] /actuator/health,1.100000,0.000000,5,5,5,5,8,9,9,9,9,9,9,17,0,5,5.152929413324112,3.620399991632439,9.169099997961894,49.0
1790079376,16,GET,[GET] /api/soporte/election/status,0.900000,0.000000,4,4,5,5,6,8,8,8,8,8,8,13,0,4,4.361461536833444,3.0414999928325415,7.78510000964161,78.0
1790079376,16,GET,[GET] /api/soporte/tickets,2.700000,0.000000,8,8,9,10,12,12,12,12,12,12,12,36,0,8,9.588802777014077,6.106699991505593,52.18909999530297,84651.0
1790079376,16,GET,[GET] /health,3.900000,0.000000,4,4,4,5,5,7,29,29,29,29,29,57,0,4,4.916294736750914,2.345499990042299,29.397000005701557,84.0
1790079376,16,,Aggregated,8.600000,0.000000,5,6,7,7,9,11,12,29,29,29,29,123,0,5,6.257922764005314,2.345499990042299,52.18909999530297,24829.845528455284
1790079377,17,GET,[GET] /actuator/health,1.500000,0.000000,5,5,5,6,8,9,9,9,9,9,9,19,0,5,5.143647370124726,3.620399991632439,9.169099997961894,49.0
1790079377,17,GET,[GET] /api/soporte/election/status,1.000000,0.000000,4,4,5,5,6,8,8,8,8,8,8,14,0,4,4.3235857124922665,3.0414999928325415,7.78510000964161,78.0
1790079377,17,GET,[GET] /api/soporte/tickets,2.900000,0.000000,7,8,9,10,12,12,13,13,13,13,13,40,0,8,9.521754999514087,6.106699991505593,52.18909999530297,84651.0
1790079377,17,GET,[GET] /health,4.100000,0.000000,4,4,5,5,6,9,10,29,29,29,29,66,0,4,5.029265151692512,2.345499990042299,29.397000005701557,84.0
1790079377,17,,Aggregated,9.500000,0.000000,5,6,7,8,9,11,12,13,29,29,29,139,0,5,6.266627338126121,2.345499990042299,52.18909999530297,24414.438848920865
1790079378,18,GET,[GET] /actuator/health,1.500000,0.000000,5,5,5,6,8,9,9,9,9,9,9,25,0,5,5.086504000937566,3.509899994242005,9.169099997961894,49.0
1790079378,18,GET,[GET] /api/soporte/election/status,1.000000,0.000000,4,5,5,5,6,8,8,8,8,8,8,17,0,4,4.384876468547565,3.0414999928325415,7.78510000964161,78.0
1790079378,18,GET,[GET] /api/soporte/tickets,3.000000,0.000000,7,8,9,10,12,12,13,13,13,13,13,44,0,8,9.303020454271147,5.641299998387694,52.18909999530297,84651.0
1790079378,18,GET,[GET] /health,5.000000,0.000000,4,4,4,5,6,9,10,29,29,29,29,73,0,4,4.984387671630766,2.345499990042299,29.397000005701557,84.0
1790079378,18,,Aggregated,10.500000,0.000000,5,6,7,7,9,10,12,13,29,29,29,159,0,5,6.131438364815875,2.345499990042299,52.18909999530297,23480.044025157233
1790079379,19,GET,[GET] /actuator/health,1.500000,0.000000,5,5,5,5,6,7,9,9,9,9,9,28,0,5,5.009171429784536,3.509899994242005,9.169099997961894,49.0
1790079379,19,GET,[GET] /api/soporte/election/status,1.100000,0.000000,4,4,5,5,6,8,8,8,8,8,8,21,0,4,4.3260714266493565,3.0414999928325415,7.78510000964161,78.0
1790079379,19,GET,[GET] /api/soporte/tickets,3.300000,0.000000,8,8,9,10,12,12,13,13,13,13,13,49,0,8,9.100306121934187,5.641299998387694,52.18909999530297,84651.0
1790079379,19,GET,[GET] /health,5.400000,0.000000,4,4,5,5,6,9,10,29,29,29,29,79,0,4,4.955344304407039,2.345499990042299,29.397000005701557,84.0
1790079379,19,,Aggregated,11.300000,0.000000,5,5,7,7,9,10,12,13,29,29,29,177,0,5,6.036675141336354,2.345499990042299,52.18909999530297,23488.954802259886
1790079380,20,GET,[GET] /actuator/health,1.900000,0.000000,5,5,5,5,7,9,9,9,9,9,9,34,0,5,5.083141177772846,3.509899994242005,9.169099997961894,49.0
1790079380,20,GET,[GET] /api/soporte/election/status,1.300000,0.000000,4,5,5,5,6,8,8,8,8,8,8,23,0,4,4.370230432908537,3.0414999928325415,7.78510000964161,78.0
1790079380,20,GET,[GET] /api/soporte/tickets,3.600000,0.000000,8,8,9,9,12,13,25,25,25,25,25,56,0,7,9.158508928002059,5.641299998387694,52.18909999530297,84651.0
1790079380,20,GET,[GET] /health,5.800000,0.000000,4,4,5,5,6,9,10,29,29,29,29,84,0,4,4.909920238701272,2.345499990042299,29.397000005701557,84.0
1790079380,20,,Aggregated,12.600000,0.000000,5,6,7,7,9,11,13,25,29,29,29,197,0,5,6.0845274112700265,2.345499990042299,52.18909999530297,24116.60913705584
1790079381,21,GET,[GET] /actuator/health,2.200000,0.000000,5,5,5,5,7,9,9,9,9,9,9,35,0,5,5.10280000120734,3.509899994242005,9.169099997961894,49.0
1790079381,21,GET,[GET] /api/soporte/election/status,1.500000,0.000000,4,5,5,5,5,6,6,6,6,6,6,25,0,4,4.278723997995257,2.8298999968683347,7.78510000964161,78.0
1790079381,21,GET,[GET] /api/soporte/tickets,3.800000,0.000000,8,8,9,9,12,12,25,25,25,25,25,64,0,7,9.019404686569032,5.641299998387694,52.18909999530297,84651.0
1790079381,21,GET,[GET] /health,5.900000,0.000000,4,4,5,5,6,9,10,29,29,29,29,91,0,4,4.802429670714876,2.345499990042299,29.397000005701557,84.0
1790079381,21,,Aggregated,13.400000,0.000000,5,6,7,8,9,11,13,25,29,29,29,215,0,5,6.045716744035396,2.345499990042299,52.18909999530297,25251.037209302325
1790079382,22,GET,[GET] /actuator/health,2.700000,0.000000,5,5,5,5,7,9,9,9,9,9,9,37,0,5,5.07955405526052,3.509899994242005,9.169099997961894,49.0
1790079382,22,GET,[GET] /api/soporte/election/status,2.000000,0.000000,4,5,5,5,6,12,12,12,12,12,12,28,0,4,4.56614642670112,2.8298999968683347,11.787900002673268,78.0
1790079382,22,GET,[GET] /api/soporte/tickets,3.800000,0.000000,8,8,9,9,12,12,25,25,25,25,25,72,0,8,8.961466665924592,5.641299998387694,52.18909999530297,84651.0
1790079382,22,GET,[GET] /health,6.100000,0.000000,4,4,5,5,6,9,10,29,29,29,29,101,0,4,4.78929108945828,2.345499990042299,29.397000005701557,84.0
1790079382,22,,Aggregated,14.600000,0.000000,5,6,7,8,9,11,12,25,29,29,29,238,0,5,6.070334453672805,2.345499990042299,52.18909999530297,25661.147058823528
1790079383,23,GET,[GET] /actuator/health,2.700000,0.000000,5,5,5,5,6,7,9,9,9,9,9,40,0,5,5.06980500103964,3.509899994242005,9.169099997961894,49.0
1790079383,23,GET,[GET] /api/soporte/election/status,1.900000,0.000000,4,5,5,5,5,6,12,12,12,12,12,31,0,4,4.551306450007213,2.8298999968683347,11.787900002673268,78.0
1790079383,23,GET,[GET] /api/soporte/tickets,4.400000,0.000000,8,8,9,9,12,12,25,25,25,25,25,77,0,8,8.851754544310381,5.641299998387694,52.18909999530297,84651.0
1790079383,23,GET,[GET] /health,6.400000,0.000000,4,4,5,5,6,9,10,29,29,29,29,114,0,4,4.691449123288693,2.345499990042299,29.397000005701557,84.0
1790079383,23,,Aggregated,15.400000,0.000000,5,6,7,7,9,10,12,25,29,29,29,262,0,5,5.9553167937351885,2.345499990042299,52.18909999530297,24931.606870229007
1790079384,24,GET,[GET] /actuator/health,2.900000,0.000000,5,5,5,6,6,7,9,9,9,9,9,40,0,5,5.06980500103964,3.509899994242005,9.169099997961894,49.0
1790079384,24,GET,[GET] /api/soporte/election/status,2.100000,0.000000,4,5,5,5,5,5,12,12,12,12,12,34,0,4,4.447091175226139,2.3197999980766326,11.787900002673268,78.0
1790079384,24,GET,[GET] /api/soporte/tickets,4.900000,0.000000,7,8,8,9,10,12,13,25,25,25,25,87,0,8,8.709993102686779,5.641299998387694,52.18909999530297,84651.0
1790079384,24,GET,[GET] /health,6.700000,0.000000,4,4,5,5,6,9,10,29,29,29,29,120,0,4,4.6848575006151805,2.345499990042299,29.397000005701557,84.0
1790079384,24,,Aggregated,16.600000,0.000000,5,6,7,7,9,10,12,25,29,29,29,281,0,5,5.957101779383793,2.3197999980766326,52.18909999530297,26260.957295373664
1790079385,25,GET,[GET] /actuator/health,3.000000,0.000000,5,5,5,5,6,7,9,9,9,9,9,43,0,5,5.033139536038128,3.509899994242005,9.169099997961894,49.0
1790079385,25,GET,[GET] /api/soporte/election/status,2.300000,0.000000,4,5,5,5,7,9,12,12,12,12,12,39,0,4,4.645761537502926,2.3197999980766326,11.787900002673268,78.0
1790079385,25,GET,[GET] /api/soporte/tickets,5.100000,0.000000,7,8,8,9,10,12,13,25,25,25,25,95,0,8,8.666001051805276,5.641299998387694,52.18909999530297,84651.0
1790079385,25,GET,[GET] /health,7.200000,0.000000,4,4,5,5,6,8,9,10,10,10,10,130,0,4,4.60821923155051,2.345499990042299,29.397000005701557,84.0
1790079385,25,,Aggregated,17.600000,0.000000,5,7,7,7,9,9,12,13,25,25,25,307,0,5,5.928170358421242,2.3197999980766326,52.18909999530297,26247.27687296417
1790079386,26,GET,[GET] /actuator/health,2.900000,0.000000,5,5,5,5,6,7,9,9,9,9,9,47,0,5,4.97073829892349,3.509899994242005,9.169099997961894,49.0
1790079386,26,GET,[GET] /api/soporte/election/status,2.400000,0.000000,5,5,5,5,9,12,42,42,42,42,42,44,0,4,5.513827271815072,2.3197999980766326,42.321900007664226,78.0
1790079386,26,GET,[GET] /api/soporte/tickets,5.700000,0.000000,7,8,8,9,10,12,25,25,25,25,25,103,0,8,8.78084368861927,5.641299998387694,52.18909999530297,84651.0
1790079386,26,GET,[GET] /health,7.600000,0.000000,4,4,4,5,5,8,9,49,49,49,49,140,0,4,4.888153572288242,2.345499990042299,49.49259999557398,84.0
1790079386,26,,Aggregated,18.600000,0.000000,5,7,7,7,9,10,25,42,49,49,49,334,0,5,6.18263922172876,2.3197999980766326,52.18909999530297,26157.329341317367
1790079387,27,GET,[GET] /actuator/health,2.800000,0.000000,5,5,5,5,6,6,9,9,9,9,9,50,0,5,4.947350001020823,3.509899994242005,9.169099997961894,49.0
1790079387,27,GET,[GET] /api/soporte/election/status,2.800000,0.000000,5,5,5,5,7,12,42,42,42,42,42,50,0,4,5.446977999235969,2.3197999980766326,42.321900007664226,78.0
1790079387,27,GET,[GET] /api/soporte/tickets,6.000000,0.000000,8,8,9,9,11,12,25,25,25,25,25,106,0,8,8.868995282270744,5.641299998387694,52.18909999530297,84651.0
1790079387,27,GET,[GET] /health,8.100000,0.000000,4,4,5,5,7,9,17,49,49,49,49,155,0,4,5.030921936286764,2.345499990042299,49.49259999557398,84.0
1790079387,27,,Aggregated,19.700000,0.000000,5,7,7,8,9,11,17,25,49,49,49,361,0,5,6.203941274398855,2.3197999980766326,52.18909999530297,24909.628808864265
1790079388,28,GET,[GET] /actuator/health,2.900000,0.000000,5,5,5,5,6,6,9,9,9,9,9,52,0,5,4.891767308715946,3.502199993818067,9.169099997961894,49.0
1790079388,28,GET,[GET] /api/soporte/election/status,3.000000,0.000000,5,5,5,5,7,12,42,42,42,42,42,55,0,4,5.3141363634495065,2.3197999980766326,42.321900007664226,78.0
1790079388,28,GET,[GET] /api/soporte/tickets,6.400000,0.000000,7,8,9,9,11,12,25,25,25,25,25,110,0,8,8.773531817397187,5.213600001297891,52.18909999530297,84651.0
1790079388,28,GET,[GET] /health,8.300000,0.000000,4,4,5,5,6,8,17,49,49,49,49,170,0,4,4.964855294725995,2.345499990042299,49.49259999557398,84.0
1790079388,28,,Aggregated,20.600000,0.000000,5,6,7,7,9,11,17,25,49,49,49,387,0,5,6.0872436694058445,2.3197999980766326,52.18909999530297,24115.576227390182
1790079389,29,GET,[GET] /actuator/health,3.100000,0.000000,5,5,5,5,6,6,6,6,6,6,6,55,0,5,4.879549091988751,3.502199993818067,9.169099997961894,49.0
1790079389,29,GET,[GET] /api/soporte/election/status,3.300000,0.000000,5,5,5,5,7,12,42,42,42,42,42,60,0,4,5.276404999798008,2.3197999980766326,42.321900007664226,78.0
1790079389,29,GET,[GET] /api/soporte/tickets,6.600000,0.000000,8,8,9,9,10,12,17,25,25,25,25,116,0,8,8.704090516779427,5.213600001297891,52.18909999530297,84651.0
1790079389,29,GET,[GET] /health,8.700000,0.000000,4,4,5,5,7,10,17,49,49,49,49,181,0,4,4.9295729287168095,2.345499990042299,49.49259999557398,84.0
1790079389,29,,Aggregated,21.700000,0.000000,5,6,7,7,9,11,17,25,49,49,49,412,0,5,6.036132767212179,2.3197999980766326,52.18909999530297,23888.58009708738
1790079390,30,GET,[GET] /actuator/health,2.800000,0.000000,5,5,5,5,6,6,9,9,9,9,9,58,0,5,4.9287206904786025,3.502199993818067,9.169099997961894,49.0
1790079390,30,GET,[GET] /api/soporte/election/status,3.700000,0.000000,5,5,5,5,7,9,42,42,42,42,42,67,0,4,5.164831343329331,2.3197999980766326,42.321900007664226,78.0
1790079390,30,GET,[GET] /api/soporte/tickets,6.600000,0.000000,8,8,9,9,10,11,17,25,25,25,25,125,0,7,8.564875999582,4.718800002592616,52.18909999530297,84651.0
1790079390,30,GET,[GET] /health,9.200000,0.000000,4,4,5,5,7,8,12,17,49,49,49,197,0,4,4.881582234106807,2.345499990042299,49.49259999557398,84.0
1790079390,30,,Aggregated,22.300000,0.000000,5,6,7,7,9,10,17,25,49,49,49,447,0,5,5.96015816581122,2.3197999980766326,52.18909999530297,23727.049217002237
1790079391,31,GET,[GET] /actuator/health,2.700000,0.000000,5,5,5,5,6,9,9,9,9,9,9,61,0,5,4.989021312451127,3.502199993818067,9.169099997961894,49.0
1790079391,31,GET,[GET] /api/soporte/election/status,4.100000,0.000000,5,5,5,5,7,9,42,42,42,42,42,68,0,4,5.147830882539411,2.3197999980766326,42.321900007664226,78.0
1790079391,31,GET,[GET] /api/soporte/tickets,6.600000,0.000000,7,8,8,9,10,12,17,25,25,25,25,131,0,7,8.527859541559094,4.718800002592616,52.18909999530297,84651.0
1790079391,31,GET,[GET] /health,10.300000,0.000000,4,4,5,5,6,8,12,17,49,49,49,215,0,4,4.770980000449886,2.102799990097992,49.49259999557398,84.0
1790079391,31,,Aggregated,23.700000,0.000000,5,6,7,7,8,10,17,25,49,49,49,475,0,5,5.889038105501402,2.102799990097992,52.18909999530297,23401.334736842105
1790079392,32,GET,[GET] /actuator/health,2.400000,0.000000,5,5,5,5,6,9,9,9,9,9,9,63,0,5,4.979728572329299,3.502199993818067,9.169099997961894,49.0
1790079392,32,GET,[GET] /api/soporte/election/status,4.300000,0.000000,4,5,5,5,7,7,42,42,42,42,42,75,0,4,5.064610666789425,2.3197999980766326,42.321900007664226,78.0
1790079392,32,GET,[GET] /api/soporte/tickets,6.700000,0.000000,7,8,8,9,10,11,17,25,25,25,25,142,0,7,8.418169013809898,4.718800002592616,52.18909999530297,84651.0
1790079392,32,GET,[GET] /health,10.900000,0.000000,4,4,5,5,6,8,12,17,49,49,49,227,0,4,4.750155947580913,2.102799990097992,49.49259999557398,84.0
1790079392,32,,Aggregated,24.300000,0.000000,5,6,7,7,8,10,17,25,49,49,49,507,0,5,5.852532741869478,2.102799990097992,52.18909999530297,23764.19526627219
1790079393,33,GET,[GET] /actuator/health,2.500000,0.000000,5,5,5,6,7,9,9,9,9,9,9,65,0,5,4.994260000799281,3.502199993818067,9.169099997961894,49.0
1790079393,33,GET,[GET] /api/soporte/election/status,4.400000,0.000000,4,5,5,5,7,7,42,42,42,42,42,79,0,4,4.9729645567212275,2.3197999980766326,42.321900007664226,78.0
1790079393,33,GET,[GET] /api/soporte/tickets,6.600000,0.000000,7,8,8,9,10,11,17,25,25,25,25,152,0,7,8.313892762855271,4.718800002592616,52.18909999530297,84651.0
1790079393,33,GET,[GET] /health,11.800000,0.000000,4,4,5,5,6,7,12,17,49,49,49,240,0,4,4.68371208365473,2.102799990097992,49.49259999557398,84.0
1790079393,33,,Aggregated,25.300000,0.000000,5,5,6,7,8,10,12,25,49,49,49,536,0,5,5.793458395641916,2.102799990097992,52.18909999530297,24060.557835820895
1790079394,34,GET,[GET] /actuator/health,2.600000,0.000000,5,5,5,6,7,9,9,9,9,9,9,68,0,5,4.966294118596981,3.0864000000292435,9.169099997961894,49.0
1790079394,34,GET,[GET] /api/soporte/election/status,4.300000,0.000000,4,5,5,5,6,7,42,42,42,42,42,82,0,4,4.922989024191516,2.3197999980766326,42.321900007664226,78.0
1790079394,34,GET,[GET] /api/soporte/tickets,6.800000,0.000000,7,8,8,8,10,11,17,25,25,25,25,165,0,7,8.196933939171052,4.718800002592616,52.18909999530297,84651.0
1790079394,34,GET,[GET] /health,12.400000,0.000000,4,4,5,5,6,7,12,17,49,49,49,253,0,4,4.6300478262910545,2.102799990097992,49.49259999557398,84.0
1790079394,34,,Aggregated,26.100000,0.000000,5,5,6,7,8,10,12,25,49,49,49,568,0,5,5.74874876771683,2.102799990097992,52.18909999530297,24645.061619718308
1790079395,35,GET,[GET] /actuator/health,2.500000,0.000000,5,5,6,6,8,9,9,9,9,9,9,73,0,5,4.986347946177288,3.0864000000292435,9.169099997961894,49.0
1790079395,35,GET,[GET] /api/soporte/election/status,4.600000,0.000000,4,5,5,5,6,7,7,7,7,7,7,89,0,4,4.913350561498978,2.3197999980766326,42.321900007664226,78.0
1790079395,35,GET,[GET] /api/soporte/tickets,7.400000,0.000000,7,7,8,8,10,11,15,17,17,17,17,179,0,7,8.150159217681939,4.718800002592616,52.18909999530297,84651.0
1790079395,35,GET,[GET] /health,12.500000,0.000000,4,4,5,5,6,7,10,12,17,17,17,265,0,4,4.614178490888697,2.102799990097992,49.49259999557398,84.0
1790079395,35,,Aggregated,27.000000,0.000000,5,6,6,7,8,9,11,15,17,17,17,606,0,5,5.7474049506516875,2.102799990097992,52.18909999530297,25058.26402640264
1790079396,36,GET,[GET] /actuator/health,2.700000,0.000000,5,5,6,6,8,9,9,9,9,9,9,76,0,5,4.973140790657214,3.0864000000292435,9.169099997961894,49.0
1790079396,36,GET,[GET] /api/soporte/election/status,4.700000,0.000000,4,5,5,5,7,7,7,7,7,7,7,95,0,4,4.897907368170931,2.3197999980766326,42.321900007664226,78.0
1790079396,36,GET,[GET] /api/soporte/tickets,7.300000,0.000000,7,7,8,8,9,11,12,15,15,15,15,190,0,7,8.155442105060885,4.718800002592616,52.18909999530297,84651.0
1790079396,36,GET,[GET] /health,13.100000,0.000000,4,4,4,5,5,7,8,9,12,12,12,281,0,4,4.586157295718255,2.102799990097992,49.49259999557398,84.0
1790079396,36,,Aggregated,27.800000,0.000000,5,5,6,7,8,9,11,12,15,15,15,642,0,5,5.734430062499353,2.102799990097992,52.18909999530297,25106.585669781933
1790079397,37,GET,[GET] /actuator/health,2.900000,0.000000,5,5,6,6,8,9,10,10,10,10,10,83,0,5,4.976161446875376,2.3474000045098364,10.216199996648356,49.0
1790079397,37,GET,[GET] /api/soporte/election/status,4.800000,0.000000,4,5,5,5,7,7,14,14,14,14,14,102,0,4,4.96233921534012,2.3197999980766326,42.321900007664226,78.0
1790079397,37,GET,[GET] /api/soporte/tickets,8.300000,0.000000,7,8,8,9,10,11,12,15,15,15,15,201,0,7,8.19514577086744,4.718800002592616,52.18909999530297,84651.0
1790079397,37,GET,[GET] /health,13.000000,0.000000,4,4,4,5,5,7,9,9,12,12,12,293,0,4,4.5759423212056864,2.102799990097992,49.49259999557398,84.0
1790079397,37,,Aggregated,29.000000,0.000000,5,6,7,7,8,9,11,12,15,15,15,679,0,5,5.754278939783461,2.102799990097992,52.18909999530297,25112.645066273933
1790079398,38,GET,[GET] /actuator/health,2.800000,0.000000,5,5,6,7,8,9,10,10,10,10,10,92,0,5,4.995953261918064,2.3474000045098364,10.216199996648356,49.0
1790079398,38,GET,[GET] /api/soporte/election/status,4.900000,0.000000,4,5,5,5,7,7,14,14,14,14,14,103,0,4,4.950107766701885,2.3197999980766326,42.321900007664226,78.0
1790079398,38,GET,[GET] /api/soporte/tickets,8.700000,0.000000,7,8,8,9,10,11,12,15,15,15,15,213,0,7,8.083328638311055,4.718800002592616,52.18909999530297,84651.0
1790079398,38,GET,[GET] /health,13.700000,0.000000,4,4,4,5,5,7,8,9,9,9,9,313,0,4,4.515386901397151,2.102799990097992,49.49259999557398,84.0
1790079398,38,,Aggregated,30.100000,0.000000,5,6,7,7,8,9,11,12,15,15,15,721,0,5,5.692862552239,2.102799990097992,52.18909999530297,25061.715672676837
1790079399,39,GET,[GET] /actuator/health,3.000000,0.000000,5,5,6,6,7,8,10,10,10,10,10,103,0,5,4.936255340705156,2.3474000045098364,10.216199996648356,49.0
1790079399,39,GET,[GET] /api/soporte/election/status,5.400000,0.000000,4,4,5,5,7,7,14,14,14,14,14,109,0,4,4.873742201390095,2.3197999980766326,42.321900007664226,78.0
1790079399,39,GET,[GET] /api/soporte/tickets,9.300000,0.000000,7,8,8,9,10,11,15,15,15,15,15,219,0,7,8.09929497698407,4.718800002592616,52.18909999530297,84651.0
1790079399,39,GET,[GET] /health,13.500000,0.000000,4,4,4,5,5,7,8,9,9,9,9,325,0,4,4.503697846532584,2.102799990097992,49.49259999557398,84.0
1790079399,39,,Aggregated,31.200000,0.000000,5,6,7,7,8,9,11,12,15,15,15,756,0,5,5.657565608633271,2.102799990097992,52.18909999530297,24575.949735449736
1790079400,40,GET,[GET] /actuator/health,3.600000,0.000000,5,5,5,6,7,8,10,10,10,10,10,109,0,5,4.896201835886507,2.3474000045098364,10.216199996648356,49.0
1790079400,40,GET,[GET] /api/soporte/election/status,4.900000,0.000000,4,4,5,5,7,7,14,14,14,14,14,115,0,4,4.8027443473034985,2.3197999980766326,42.321900007664226,78.0
1790079400,40,GET,[GET] /api/soporte/tickets,10.300000,0.000000,7,8,8,9,10,11,15,15,23,23,23,232,0,7,8.104553448118105,4.718800002592616,52.18909999530297,84651.0
1790079400,40,GET,[GET] /health,14.000000,0.000000,4,4,4,4,5,8,9,9,10,10,10,340,0,4,4.478432941473062,2.102799990097992,49.49259999557398,84.0
1790079400,40,,Aggregated,32.800000,0.000000,5,6,7,7,8,9,11,14,23,23,23,796,0,5,5.639353266477102,2.102799990097992,52.18909999530297,24726.00879396985
1790079401,41,GET,[GET] /actuator/health,4.300000,0.000000,5,5,5,6,7,8,10,10,10,10,10,112,0,5,4.926363394068695,2.3474000045098364,10.216199996648356,49.0
1790079401,41,GET,[GET] /api/soporte/election/status,4.800000,0.000000,4,4,4,5,7,7,8,14,14,14,14,124,0,4,4.725874999665745,2.3197999980766326,42.321900007664226,78.0
1790079401,41,GET,[GET] /api/soporte/tickets,10.100000,0.000000,7,8,8,9,10,11,15,15,23,23,23,241,0,7,8.031997095196434,4.718800002592616,52.18909999530297,84651.0
1790079401,41,GET,[GET] /health,14.400000,0.000000,4,4,4,5,6,8,9,9,10,10,10,360,0,4,4.4444552780785465,2.102799990097992,49.49259999557398,84.0
1790079401,41,,Aggregated,33.600000,0.000000,4,6,6,7,8,9,11,14,23,23,23,837,0,5,5.583603823351092,2.102799990097992,52.18909999530297,24428.06571087216
1790079402,42,GET,[GET] /actuator/health,5.100000,0.000000,5,5,5,6,7,8,10,10,10,10,10,116,0,5,4.900482759569122,2.3474000045098364,10.216199996648356,49.0
1790079402,42,GET,[GET] /api/soporte/election/status,4.700000,0.000000,4,4,5,5,7,7,14,14,14,14,14,125,0,4,4.722839199588634,2.3197999980766326,42.321900007664226,78.0
1790079402,42,GET,[GET] /api/soporte/tickets,10.600000,0.000000,7,8,8,9,11,12,15,20,23,23,23,252,0,7,8.027486507686147,4.718800002592616,52.18909999530297,84651.0
1790079402,42,GET,[GET] /health,14.500000,0.000000,4,4,4,4,6,8,10,19,24,24,24,383,0,4,4.49852637106774,2.102799990097992,49.49259999557398,84.0
1790079402,42,,Aggregated,34.900000,0.000000,4,6,6,7,8,10,14,19,24,24,24,876,0,5,5.598941895107821,2.102799990097992,52.18909999530297,24406.002283105023
1790079403,43,GET,[GET] /actuator/health,5.200000,0.000000,4,5,5,5,7,8,10,10,10,10,10,123,0,5,4.850960976436613,2.3474000045098364,10.216199996648356,49.0
1790079403,43,GET,[GET] /api/soporte/election/status,5.300000,0.000000,4,4,5,5,7,8,9,14,14,14,14,136,0,4,4.692414705513168,2.2237999946810305,42.321900007664226,78.0
1790079403,43,GET,[GET] /api/soporte/tickets,10.800000,0.000000,7,8,8,9,11,12,15,20,23,23,23,265,0,7,7.937299622385323,4.718800002592616,52.18909999530297,84651.0
1790079403,43,GET,[GET] /health,14.500000,0.000000,4,4,4,4,6,8,9,19,24,24,24,401,0,4,4.459516957873697,2.102799990097992,49.49259999557398,84.0
1790079403,43,,Aggregated,35.800000,0.000000,4,6,6,7,8,10,12,19,24,24,24,925,0,5,5.542148432530765,2.102799990097992,52.18909999530297,24305.766486486486
1790079404,44,GET,[GET] /actuator/health,5.100000,0.000000,4,5,5,6,7,8,10,10,10,10,10,127,0,5,4.870083465265646,2.3474000045098364,10.216199996648356,49.0
1790079404,44,GET,[GET] /api/soporte/election/status,5.400000,0.000000,4,4,4,5,5,8,9,14,14,14,14,139,0,4,4.673566906139248,2.2237999946810305,42.321900007664226,78.0
1790079404,44,GET,[GET] /api/soporte/tickets,11.100000,0.000000,6,7,8,8,9,12,20,23,23,23,23,274,0,7,7.887138320914008,4.718800002592616,52.18909999530297,84651.0
1790079404,44,GET,[GET] /health,15.400000,0.000000,4,4,4,4,6,7,9,19,24,24,24,419,0,4,4.433840334334584,2.102799990097992,49.49259999557398,84.0
1790079404,44,,Aggregated,37.000000,0.000000,4,5,6,7,8,9,12,19,24,24,24,959,0,5,5.513015015702525,2.102799990097992,52.18909999530297,24240.495307612095
1790079405,45,GET,[GET] /actuator/health,5.700000,0.000000,5,5,5,5,7,8,10,10,10,10,10,138,0,5,4.852586232658908,2.3474000045098364,10.216199996648356,49.0
1790079405,45,GET,[GET] /api/soporte/election/status,5.300000,0.000000,4,4,4,4,5,8,9,14,14,14,14,143,0,4,4.64044545418534,2.2237999946810305,42.321900007664226,78.0
1790079405,45,GET,[GET] /api/soporte/tickets,11.100000,0.000000,6,7,8,8,9,11,20,23,23,23,23,284,0,7,7.866133098399535,4.718800002592616,52.18909999530297,84651.0
1790079405,45,GET,[GET] /health,15.400000,0.000000,4,4,4,4,6,8,9,19,24,24,24,441,0,4,4.423364172499551,2.102799990097992,49.49259999557398,84.0
1790079405,45,,Aggregated,37.500000,0.000000,4,5,6,6,8,9,11,19,24,24,24,1006,0,5,5.485015904645331,2.102799990097992,52.18909999530297,23952.13121272366
1790079406,46,GET,[GET] /actuator/health,5.800000,0.000000,4,5,5,5,6,7,8,10,10,10,10,146,0,5,4.830505480042544,2.3474000045098364,10.216199996648356,49.0
1790079406,46,GET,[GET] /api/soporte/election/status,5.600000,0.000000,4,4,4,4,5,5,9,9,9,9,9,151,0,4,4.605908609081726,2.2237999946810305,42.321900007664226,78.0
1790079406,46,GET,[GET] /api/soporte/tickets,11.200000,0.000000,6,7,8,8,9,11,20,23,23,23,23,296,0,7,7.866563851191156,4.718800002592616,52.18909999530297,84651.0
1790079406,46,GET,[GET] /health,16.200000,0.000000,4,4,4,4,6,8,9,19,24,24,24,460,0,4,4.413131522027391,2.102799990097992,49.49259999557398,84.0
1790079406,46,,Aggregated,38.800000,0.000000,4,5,6,6,8,8,11,19,24,24,24,1053,0,5,5.469410636412853,2.102799990097992,52.18909999530297,23850.20702754036
1790079407,47,GET,[GET] /actuator/health,6.400000,0.000000,4,5,5,5,6,8,9,10,10,10,10,150,0,5,4.837442000668186,2.3474000045098364,10.216199996648356,49.0
1790079407,47,GET,[GET] /api/soporte/election/status,5.500000,0.000000,4,4,4,4,5,6,7,9,9,9,9,161,0,4,4.592741614620502,2.2237999946810305,42.321900007664226,78.0
1790079407,47,GET,[GET] /api/soporte/tickets,10.400000,0.000000,6,7,8,8,10,15,20,23,23,23,23,304,0,7,7.9188019735738635,4.718800002592616,52.18909999530297,84651.0
1790079407,47,GET,[GET] /health,17.600000,0.000000,4,4,4,5,6,7,9,19,24,24,24,478,0,4,4.436743514953039,2.102799990097992,49.49259999557398,84.0
1790079407,47,,Aggregated,39.900000,0.000000,4,5,6,6,8,9,13,19,24,24,24,1093,0,5,5.483190210583839,2.102799990097992,52.18909999530297,23599.235132662398
1790079408,48,GET,[GET] /actuator/health,6.900000,0.000000,4,5,5,5,5,6,9,10,10,10,10,159,0,5,4.775250315191752,2.3474000045098364,10.216199996648356,49.0
1790079408,48,GET,[GET] /api/soporte/election/status,5.400000,0.000000,4,4,4,5,5,6,7,9,9,9,9,175,0,4,4.543847428451825,2.2237999946810305,42.321900007664226,78.0
1790079408,48,GET,[GET] /api/soporte/tickets,10.500000,0.000000,6,7,8,8,10,13,15,20,23,23,23,319,0,7,7.863153604840565,4.718800002592616,52.18909999530297,84651.0
1790079408,48,GET,[GET] /health,17.400000,0.000000,4,4,4,5,6,7,9,19,24,24,24,493,0,4,4.4102014202596695,2.102799990097992,49.49259999557398,83.99391480730223
1790079408,48,,Aggregated,40.200000,0.000000,4,5,6,6,8,9,11,15,24,24,24,1146,0,5,5.442420070005859,2.102799990097992,52.18909999530297,23618.25392670157
1790079409,49,GET,[GET] /actuator/health,6.800000,0.000000,4,5,5,5,6,9,10,10,10,10,10,164,0,5,4.803618903235652,2.3474000045098364,10.216199996648356,49.0
1790079409,49,GET,[GET] /api/soporte/election/status,5.700000,0.000000,4,4,5,5,6,7,9,11,11,11,11,181,0,4,4.584909944704384,2.2237999946810305,42.321900007664226,78.0
1790079409,49,GET,[GET] /api/soporte/tickets,10.300000,0.000000,6,7,8,8,10,11,15,20,23,23,23,337,0,7,7.787258753621086,4.718800002592616,52.18909999530297,84651.0
1790079409,49,GET,[GET] /health,18.700000,0.000000,4,4,4,5,7,8,10,19,24,24,24,508,0,4,4.424900984648005,2.102799990097992,49.49259999557398,83.99409448818898
1790079409,49,,Aggregated,41.500000,0.000000,4,5,6,6,8,9,11,15,24,24,24,1190,0,5,5.453628655708935,2.102799990097992,52.18909999530297,24027.067226890755
1790079410,50,GET,[GET] /actuator/health,6.700000,0.000000,4,5,5,5,6,9,10,10,10,10,10,170,0,5,4.797055883083137,2.3474000045098364,10.216199996648356,49.0
1790079410,50,GET,[GET] /api/soporte/election/status,6.700000,0.000000,4,4,5,5,6,7,9,11,11,11,11,185,0,4,4.561978919003662,2.2237999946810305,42.321900007664226,78.0
1790079410,50,GET,[GET] /api/soporte/tickets,10.300000,0.000000,6,7,8,8,9,11,15,15,20,20,20,355,0,7,7.712922535154601,4.718800002592616,52.18909999530297,84651.0
1790079410,50,GET,[GET] /health,18.100000,0.000000,4,4,4,5,7,8,10,19,24,24,24,528,0,4,4.402092803474895,2.069100009975955,49.49259999557398,83.99431818181819
1790079410,50,,Aggregated,41.800000,0.000000,4,6,6,6,8,9,11,15,24,24,24,1238,0,5,5.429610743420387,2.069100009975955,52.18909999530297,24328.121163166397
1790079411,51,GET,[GET] /actuator/health,6.500000,0.000000,4,5,5,5,6,9,10,41,41,41,41,176,0,5,5.00268636435728,2.3474000045098364,40.9197000117274,49.0
1790079411,51,GET,[GET] /api/soporte/election/status,7.100000,0.000000,4,4,5,5,6,7,11,12,12,12,12,196,0,4,4.534733163419165,2.173200002289377,42.321900007664226,78.0
1790079411,51,GET,[GET] /api/soporte/tickets,11.100000,0.000000,6,7,8,8,10,11,15,31,31,31,31,367,0,7,7.820734332318161,4.718800002592616,52.18909999530297,84651.0
1790079411,51,GET,[GET] /health,17.800000,0.000000,4,4,4,5,6,8,10,11,13,13,13,554,0,4,4.387234296572575,2.069100009975955,49.49259999557398,83.99458483754513
1790079411,51,,Aggregated,42.500000,0.000000,4,5,6,6,8,9,11,15,41,41,41,1293,0,5,5.467917865753294,2.069100009975955,52.18909999530297,24081.486465583912
1790079412,52,GET,[GET] /actuator/health,6.000000,0.000000,4,5,5,5,6,9,10,41,41,41,41,183,0,5,4.975646448765673,2.3474000045098364,40.9197000117274,49.0
1790079412,52,GET,[GET] /api/soporte/election/status,6.900000,0.000000,4,4,5,5,6,9,11,12,12,12,12,202,0,4,4.565145049632024,2.173200002289377,42.321900007664226,78.0
1790079412,52,GET,[GET] /api/soporte/tickets,12.200000,0.000000,6,7,8,8,10,11,15,31,31,31,31,376,0,7,7.790188297803979,4.718800002592616,52.18909999530297,84651.0
1790079412,52,GET,[GET] /health,18.600000,0.000000,4,4,4,5,6,7,10,11,13,13,13,577,0,4,4.364065511774173,2.069100009975955,49.49259999557398,83.9948006932409
1790079412,52,,Aggregated,43.700000,0.000000,4,5,6,6,8,9,11,15,41,41,41,1338,0,5,5.440866368025247,2.069100009975955,52.18909999530297,23843.022421524664
1790079413,53,GET,[GET] /actuator/health,6.300000,0.000000,4,5,5,5,8,9,10,41,41,41,41,190,0,5,4.98540736903363,2.3474000045098364,40.9197000117274,49.0
1790079413,53,GET,[GET] /api/soporte/election/status,7.000000,0.000000,4,4,5,5,6,7,11,12,12,12,12,211,0,4,4.534368720570451,2.173200002289377,42.321900007664226,78.0
1790079413,53,GET,[GET] /api/soporte/tickets,12.300000,0.000000,6,7,8,8,10,11,15,31,31,31,31,389,0,7,7.77210694079941,4.718800002592616,52.18909999530297,84651.0
1790079413,53,GET,[GET] /health,19.000000,0.000000,4,4,5,5,6,7,10,11,13,13,13,600,0,4,4.35123400047208,2.069100009975955,49.49259999557398,83.995
1790079413,53,,Aggregated,44.600000,0.000000,4,5,6,6,8,9,11,15,41,41,41,1390,0,5,5.423071367202139,2.069100009975955,52.18909999530297,23744.894964028776
1790079414,54,GET,[GET] /actuator/health,6.400000,0.000000,4,5,5,5,6,9,10,41,41,41,41,198,0,5,4.960113636942961,2.3474000045098364,40.9197000117274,49.0
1790079414,54,GET,[GET] /api/soporte/election/status,7.400000,0.000000,4,4,5,5,6,9,11,12,12,12,12,221,0,4,4.534212669910235,2.173200002289377,42.321900007664226,78.0
1790079414,54,GET,[GET] /api/soporte/tickets,12.200000,0.000000,7,7,8,8,10,11,15,31,31,31,31,403,0,7,7.749315880858062,4.718800002592616,52.18909999530297,84651.0
1790079414,54,GET,[GET] /health,18.800000,0.000000,4,4,5,5,6,7,10,11,13,13,13,621,0,4,4.32876811641,2.069100009975955,49.49259999557398,83.9951690821256
1790079414,54,,Aggregated,44.800000,0.000000,4,5,6,6,8,10,11,15,41,41,41,1443,0,5,5.402150242856048,2.069100009975955,52.18909999530297,23696.087318087317
1790079415,55,GET,[GET] /actuator/health,6.600000,0.000000,4,5,5,5,7,9,10,41,41,41,41,208,0,5,4.925062019747902,2.3474000045098364,40.9197000117274,49.0
1790079415,55,GET,[GET] /api/soporte/election/status,7.600000,0.000000,4,4,5,5,6,9,11,12,12,12,12,224,0,4,4.528396428733166,2.173200002289377,42.321900007664226,78.0
1790079415,55,GET,[GET] /api/soporte/tickets,12.000000,0.000000,7,7,8,9,10,15,33,33,34,34,34,419,0,7,7.910950835187128,4.718800002592616,52.18909999530297,84651.0
1790079415,55,GET,[GET] /health,19.800000,0.000000,4,4,5,5,6,7,10,11,13,13,13,644,0,4,4.315093012936254,2.069100009975955,49.49259999557398,83.99534161490683
1790079415,55,,Aggregated,46.000000,0.000000,4,5,6,6,8,10,13,31,41,41,41,1495,0,5,5.43972040161749,2.069100009975955,52.18909999530297,23779.616053511705
1790079416,56,GET,[GET] /actuator/health,6.800000,0.000000,4,5,5,5,6,9,10,41,41,41,41,213,0,5,4.912075117813038,2.3474000045098364,40.9197000117274,49.0
1790079416,56,GET,[GET] /api/soporte/election/status,7.900000,0.000000,4,4,5,5,6,9,11,12,12,12,12,238,0,4,4.505139916201959,2.173200002289377,42.321900007664226,78.0
1790079416,56,GET,[GET] /api/soporte/tickets,12.000000,0.000000,7,7,8,8,9,10,33,33,34,34,34,435,0,7,7.887099769994102,4.718800002592616,52.18909999530297,84651.0
1790079416,56,GET,[GET] /health,20.300000,0.000000,4,4,4,5,5,6,10,11,13,13,13,666,0,4,4.315470420874658,2.0120999979553744,49.49259999557398,83.99549549549549
1790079416,56,,Aggregated,47.000000,0.000000,4,5,6,6,8,9,11,31,41,41,41,1552,0,5,5.42750451056714,2.0120999979553744,52.18909999530297,23781.009664948455
1790079417,57,GET,[GET] /actuator/health,6.500000,0.000000,5,5,5,6,8,9,10,41,41,41,41,227,0,5,4.968738326334112,2.3474000045098364,40.9197000117274,49.0
1790079417,57,GET,[GET] /api/soporte/election/status,8.200000,0.000000,4,4,5,5,7,9,11,12,12,12,12,248,0,4,4.536650806556047,2.173200002289377,42.321900007664226,78.0
1790079417,57,GET,[GET] /api/soporte/tickets,12.800000,0.000000,7,8,8,9,10,12,33,33,34,34,34,450,0,7,7.919165111023984,4.718800002592616,52.18909999530297,84651.0
1790079417,57,GET,[GET] /health,20.200000,0.000000,4,4,5,5,5,7,8,10,13,13,13,686,0,4,4.326690962525735,2.0120999979553744,49.49259999557398,83.99562682215743
1790079417,57,,Aggregated,47.700000,0.000000,5,6,6,7,8,10,12,31,41,41,41,1611,0,5,5.452965425423457,2.0120999979553744,52.18909999530297,23700.209807572937
1790079418,58,GET,[GET] /actuator/health,6.700000,0.000000,5,5,5,5,8,9,10,41,41,41,41,235,0,5,4.974515745143822,2.3474000045098364,40.9197000117274,49.0
1790079418,58,GET,[GET] /api/soporte/election/status,8.700000,0.000000,4,4,5,5,6,7,11,12,12,12,12,265,0,4,4.482911320904024,2.1668999979738146,42.321900007664226,78.0
1790079418,58,GET,[GET] /api/soporte/tickets,13.500000,0.000000,7,8,8,9,10,12,33,33,34,34,34,456,0,7,7.905365350795859,4.718800002592616,52.18909999530297,84651.0
1790079418,58,GET,[GET] /health,20.700000,0.000000,4,4,5,5,5,6,8,8,11,11,11,710,0,4,4.315304084911346,2.0120999979553744,49.49259999557398,83.99577464788733
1790079418,58,,Aggregated,49.600000,0.000000,5,5,6,6,8,9,12,31,41,41,41,1666,0,5,5.417584153900559,2.0120999979553744,52.18909999530297,23224.896758703482
1790079419,59,GET,[GET] /actuator/health,7.400000,0.000000,5,5,5,5,8,9,10,41,41,41,41,239,0,5,4.9631928874785665,2.3474000045098364,40.9197000117274,49.0
1790079419,59,GET,[GET] /api/soporte/election/status,8.300000,0.000000,4,4,5,5,6,7,11,12,12,12,12,281,0,4,4.461619217181578,2.1668999979738146,42.321900007664226,78.0
1790079419,59,GET,[GET] /api/soporte/tickets,14.100000,0.000000,7,8,9,9,10,14,33,33,34,34,34,470,0,7,7.878229361673956,4.571600002236664,52.18909999530297,84651.0
1790079419,59,GET,[GET] /health,20.300000,0.000000,4,4,5,5,5,6,8,8,11,11,11,736,0,4,4.3029239134383435,2.0120999979553744,49.49259999557398,83.99592391304348
1790079419,59,,Aggregated,50.100000,0.000000,4,5,6,6,8,9,11,31,41,41,41,1726,0,5,5.39376471634576,2.0120999979553744,52.18909999530297,23106.268829663964
1790079420,60,GET,[GET] /actuator/health,7.500000,0.000000,5,5,5,6,8,9,10,41,41,41,41,243,0,5,4.959514815350247,2.3474000045098364,40.9197000117274,49.0
1790079420,60,GET,[GET] /api/soporte/election/status,8.800000,0.000000,4,4,5,5,6,6,9,11,12,12,12,297,0,4,4.441975084259269,2.1668999979738146,42.321900007664226,78.0
1790079420,60,GET,[GET] /api/soporte/tickets,13.900000,0.000000,7,8,9,9,10,14,33,33,34,34,34,491,0,7,7.8745494908326,4.274999999324791,52.18909999530297,84651.0
1790079420,60,GET,[GET] /health,21.200000,0.000000,4,4,5,5,5,6,8,8,11,11,11,757,0,4,4.2894162487006735,2.0120999979553744,49.49259999557398,83.99603698811096
1790079420,60,,Aggregated,51.400000,0.000000,5,5,6,6,8,9,12,26,41,41,41,1788,0,5,5.390335906275352,2.0120999979553744,52.18909999530297,23301.062080536914
1790079421,61,GET,[GET] /actuator/health,7.600000,0.000000,5,5,5,5,7,9,9,10,10,10,10,249,0,5,4.961085542776981,2.3474000045098364,40.9197000117274,49.0
1790079421,61,GET,[GET] /api/soporte/election/status,9.400000,0.000000,4,4,5,5,5,6,9,9,11,11,11,307,0,4,4.425269706764013,2.1668999979738146,42.321900007664226,78.0
1790079421,61,GET,[GET] /api/soporte/tickets,13.600000,0.000000,7,8,8,9,10,14,33,34,310,310,310,507,0,7,8.426994871775458,4.274999999324791,310.5918999935966,84651.0
1790079421,61,GET,[GET] /health,22.100000,0.000000,4,4,5,5,5,6,7,8,8,8,8,778,0,4,4.284192288255829,2.0120999979553744,49.49259999557398,83.9961439588689
1790079421,61,,Aggregated,52.700000,0.000000,5,5,6,6,8,9,11,15,310,310,310,1841,0,5,5.540171700370023,2.0120999979553744,310.5918999935966,23367.492123845735
1790079422,62,GET,[GET] /actuator/health,7.200000,0.000000,5,5,5,6,8,9,9,10,10,10,10,253,0,5,4.940128063917871,2.3474000045098364,40.9197000117274,49.0
1790079422,62,GET,[GET] /api/soporte/election/status,10.400000,0.000000,4,4,5,5,5,6,7,9,11,11,11,318,0,4,4.39602767272725,2.1668999979738146,42.321900007664226,78.0
1790079422,62,GET,[GET] /api/soporte/tickets,12.900000,0.000000,7,8,8,9,10,14,33,34,310,310,310,528,0,7,8.398510795428372,4.274999999324791,310.5918999935966,84651.0
1790079422,62,GET,[GET] /health,22.500000,0.000000,4,4,5,5,5,7,8,8,9,9,9,802,0,4,4.274626060156296,2.0120999979553744,49.49259999557398,83.99625935162095
1790079422,62,,Aggregated,53.000000,0.000000,5,5,6,6,8,9,12,26,310,310,310,1901,0,5,5.528907417322471,2.0120999979553744,310.5918999935966,23566.698579694897
1790079423,63,GET,[GET] /actuator/health,7.100000,0.000000,5,5,5,6,8,9,9,10,10,10,10,266,0,5,4.951461278857519,2.3474000045098364,40.9197000117274,49.0
1790079423,63,GET,[GET] /api/soporte/election/status,11.000000,0.000000,4,4,5,5,5,6,7,9,11,11,11,329,0,4,4.383815805196669,2.1668999979738146,42.321900007664226,78.0
1790079423,63,GET,[GET] /api/soporte/tickets,13.400000,0.000000,7,7,8,9,10,15,33,34,310,310,310,548,0,7,8.3738713503514,4.274999999324791,310.5918999935966,84651.0
1790079423,63,GET,[GET] /health,22.200000,0.000000,4,4,5,5,5,7,8,8,9,9,9,824,0,4,4.267890777078472,2.0120999979553744,49.49259999557398,83.99635922330097
1790079423,63,,Aggregated,53.700000,0.000000,5,5,6,7,8,9,12,26,310,310,310,1967,0,5,5.5236337571891365,2.0120999979553744,310.5918999935966,23638.361464158617
1790079424,64,GET,[GET] /actuator/health,7.300000,0.000000,5,5,6,6,8,9,9,10,10,10,10,272,0,5,4.95885404475035,2.3474000045098364,40.9197000117274,49.0
1790079424,64,GET,[GET] /api/soporte/election/status,11.300000,0.000000,4,4,5,5,5,6,6,7,9,9,9,335,0,4,4.375659402697903,2.1668999979738146,42.321900007664226,78.0
1790079424,64,GET,[GET] /api/soporte/tickets,14.200000,0.000000,7,7,8,9,10,15,33,34,310,310,310,567,0,7,8.301776543178931,4.274999999324791,310.5918999935966,84651.0
1790079424,64,GET,[GET] /health,22.700000,0.000000,4,4,5,5,5,7,8,8,9,9,9,851,0,4,4.253763690102215,2.0120999979553744,49.49259999557398,83.99647473560518
1790079424,64,,Aggregated,55.500000,0.000000,5,5,6,6,8,9,12,26,310,310,310,2025,0,5,5.502081185350781,2.0120999979553744,310.5918999935966,23757.064691358024
1790079425,65,GET,[GET] /actuator/health,7.200000,0.000000,5,5,6,6,8,9,9,10,10,10,10,286,0,5,4.9315720285843385,2.3474000045098364,40.9197000117274,49.0
1790079425,65,GET,[GET] /api/soporte/election/status,11.600000,0.000000,4,4,5,5,5,6,6,7,9,9,9,345,0,4,4.357675361983559,2.1668999979738146,42.321900007664226,78.0
1790079425,65,GET,[GET] /api/soporte/tickets,15.500000,0.000000,7,7,8,9,10,14,26,35,310,310,310,586,0,7,8.296140443685436,4.274999999324791,310.5918999935966,84651.0
1790079425,65,GET,[GET] /health,22.200000,0.000000,4,4,5,5,5,7,8,8,9,9,9,876,0,4,4.260156849590178,2.0120999979553744,49.49259999557398,83.9931506849315
1790079425,65,,Aggregated,56.500000,0.000000,5,5,6,6,8,9,11,15,310,310,310,2093,0,5,5.497975776540903,2.0120999979553744,310.5918999935966,23755.369326325846
1790079426,66,GET,[GET] /actuator/health,7.600000,0.000000,4,5,5,6,7,9,9,10,10,10,10,291,0,5,4.9354869421672305,2.3474000045098364,40.9197000117274,49.0
1790079426,66,GET,[GET] /api/soporte/election/status,11.700000,0.000000,4,4,4,5,5,6,6,9,9,9,9,356,0,4,4.355833426651249,2.1668999979738146,42.321900007664226,78.0
1790079426,66,GET,[GET] /api/soporte/tickets,16.300000,0.000000,7,7,8,8,9,12,26,35,310,310,310,611,0,7,8.275510638372275,4.274999999324791,310.5918999935966,84651.0
1790079426,66,GET,[GET] /health,22.100000,0.000000,4,4,4,5,5,6,7,9,29,29,29,899,0,4,4.283241268384759,2.0120999979553744,49.49259999557398,83.99332591768632
1790079426,66,,Aggregated,57.700000,0.000000,4,5,6,6,7,9,10,21,310,310,310,2157,0,5,5.514081734066698,2.0120999979553744,310.5918999935966,24033.05424200278
1790079427,67,GET,[GET] /actuator/health,7.900000,0.000000,4,5,6,6,7,9,9,10,10,10,10,306,0,5,4.918780719628938,2.3474000045098364,40.9197000117274,49.0
1790079427,67,GET,[GET] /api/soporte/election/status,11.700000,0.000000,4,4,4,5,5,6,6,8,9,9,9,364,0,4,4.357540109624976,2.1668999979738146,42.321900007664226,78.0
1790079427,67,GET,[GET] /api/soporte/tickets,16.600000,0.000000,7,7,8,8,10,12,26,35,310,310,310,629,0,7,8.282785373665867,4.274999999324791,310.5918999935966,84651.0
1790079427,67,GET,[GET] /health,22.600000,0.000000,4,4,5,5,6,7,9,9,29,29,29,927,0,4,4.313759007859757,2.0120999979553744,49.49259999557398,83.99029126213593
1790079427,67,,Aggregated,58.800000,0.000000,5,6,6,7,8,9,11,21,310,310,310,2226,0,5,5.525614600373662,2.0120999979553744,310.5918999935966,23974.269541778976
1790079428,68,GET,[GET] /actuator/health,7.700000,0.000000,4,5,5,6,7,8,9,9,9,9,9,317,0,4,4.88964542639126,2.3474000045098364,40.9197000117274,49.0
1790079428,68,GET,[GET] /api/soporte/election/status,11.500000,0.000000,4,4,4,4,5,6,6,8,9,9,9,373,0,4,4.339415281154302,2.1668999979738146,42.321900007664226,78.0
1790079428,68,GET,[GET] /api/soporte/tickets,17.200000,0.000000,7,7,8,8,9,12,26,35,310,310,310,648,0,7,8.246792901277162,4.274999999324791,310.5918999935966,84651.0
1790079428,68,GET,[GET] /health,22.800000,0.000000,4,4,5,5,6,7,9,9,29,29,29,948,0,4,4.296635232347836,2.0120999979553744,49.49259999557398,83.99050632911393
1790079428,68,,Aggregated,59.200000,0.000000,4,6,6,7,8,9,11,21,310,310,310,2286,0,5,5.5055780841338295,2.0120999979553744,310.5918999935966,24049.911636045494
1790079429,69,GET,[GET] /actuator/health,7.600000,0.000000,4,5,5,6,7,8,9,9,9,9,9,333,0,4,4.854129430000298,2.3474000045098364,40.9197000117274,49.0
1790079429,69,GET,[GET] /api/soporte/election/status,11.700000,0.000000,4,4,4,4,5,6,8,9,9,9,9,375,0,4,4.336025332993207,2.1668999979738146,42.321900007664226,78.0
1790079429,69,GET,[GET] /api/soporte/tickets,17.500000,0.000000,7,7,8,9,10,13,26,35,310,310,310,672,0,7,8.251071131001352,4.274999999324791,310.5918999935966,84651.0
1790079429,69,GET,[GET] /health,23.600000,0.000000,4,4,5,5,6,7,9,9,29,29,29,975,0,4,4.278657743871475,2.0068000012543052,49.49259999557398,83.99076923076923
1790079429,69,,Aggregated,60.400000,0.000000,5,6,6,7,8,9,12,20,310,310,310,2355,0,5,5.502694564913014,2.0068000012543052,310.5918999935966,24209.31210191083
1790079430,70,GET,[GET] /actuator/health,7.700000,0.000000,4,5,5,5,7,8,9,9,9,9,9,340,0,4,4.84709205933648,2.3474000045098364,40.9197000117274,49.0
1790079430,70,GET,[GET] /api/soporte/election/status,11.100000,0.000000,4,4,4,4,5,6,8,9,9,9,9,384,0,4,4.334664322527715,2.1668999979738146,42.321900007664226,78.0
1790079430,70,GET,[GET] /api/soporte/tickets,18.200000,0.000000,7,7,8,8,10,13,21,34,310,310,310,695,0,7,8.248294964068394,4.274999999324791,310.5918999935966,84651.0
1790079430,70,GET,[GET] /health,23.800000,0.000000,4,4,4,5,6,6,9,9,29,29,29,1012,0,4,4.255347431076782,2.0068000012543052,49.49259999557398,83.9911067193676
1790079430,70,,Aggregated,60.800000,0.000000,4,6,6,7,8,9,12,20,310,310,310,2431,0,5,5.492183875072926,2.0068000012543052,310.5918999935966,24255.06211435623
1790079431,71,GET,[GET] /actuator/health,8.700000,0.000000,4,5,5,5,6,7,8,9,9,9,9,353,0,4,4.815968555822393,2.3474000045098364,40.9197000117274,49.0
1790079431,71,GET,[GET] /api/soporte/election/status,10.100000,0.000000,4,4,4,4,5,6,8,9,9,9,9,399,0,4,4.324010275432696,2.1668999979738146,42.321900007664226,78.0
1790079431,71,GET,[GET] /api/soporte/tickets,19.600000,0.000000,7,8,8,9,10,13,21,32,35,35,35,716,0,7,8.261232821267734,4.274999999324791,310.5918999935966,84651.0
1790079431,71,GET,[GET] /health,23.300000,0.000000,4,4,4,5,6,6,9,10,29,29,29,1034,0,4,4.2489932304123466,2.0068000012543052,49.49259999557398,83.99129593810444
1790079431,71,,Aggregated,61.700000,0.000000,4,6,6,7,8,9,12,20,35,35,35,2502,0,5,5.4891361712138345,2.0068000012543052,310.5918999935966,24278.729816147083
1790079432,72,GET,[GET] /actuator/health,9.700000,0.000000,4,4,5,5,6,7,8,9,9,9,9,362,0,4,4.786433149881671,2.3474000045098364,40.9197000117274,49.0
1790079432,72,GET,[GET] /api/soporte/election/status,9.600000,0.000000,4,4,4,5,5,6,8,9,9,9,9,407,0,4,4.314870024325912,2.1668999979738146,42.321900007664226,78.0
1790079432,72,GET,[GET] /api/soporte/tickets,20.200000,0.000000,7,7,8,9,10,12,20,30,35,35,35,740,0,7,8.207385270341891,4.274999999324791,310.5918999935966,84651.0
1790079432,72,GET,[GET] /health,24.300000,0.000000,4,4,4,5,6,6,9,10,29,29,29,1060,0,4,4.234841509674399,2.0068000012543052,49.49259999557398,83.99150943396226
1790079432,72,,Aggregated,63.800000,0.000000,4,6,6,7,8,9,11,15,35,35,35,2569,0,5,5.4695360064093705,2.0068000012543052,310.5918999935966,24437.623588945116
1790079433,73,GET,[GET] /actuator/health,9.900000,0.000000,4,5,5,5,6,7,8,8,12,12,12,373,0,4,4.812363539574275,2.3474000045098364,40.9197000117274,49.0
1790079433,73,GET,[GET] /api/soporte/election/status,8.500000,0.000000,4,4,4,5,5,6,8,9,9,9,9,413,0,4,4.3011493943888155,2.1668999979738146,42.321900007664226,78.0
1790079433,73,GET,[GET] /api/soporte/tickets,21.300000,0.000000,7,7,8,8,9,11,20,30,35,35,35,762,0,7,8.161851312428759,4.274999999324791,310.5918999935966,84651.0
1790079433,73,GET,[GET] /health,25.300000,0.000000,4,4,4,5,6,6,8,10,29,29,29,1094,0,4,4.214898903311593,2.0068000012543052,49.49259999557398,83.98903107861061
1790079433,73,,Aggregated,65.000000,0.000000,4,6,6,7,8,9,11,15,35,35,35,2642,0,5,5.451103860877132,2.0068000012543052,310.5918999935966,24468.749810749432
1790079434,74,GET,[GET] /actuator/health,10.500000,0.000000,4,5,5,5,6,7,8,9,12,12,12,385,0,4,4.7942711693890905,2.3474000045098364,40.9197000117274,49.0
1790079434,74,GET,[GET] /api/soporte/election/status,9.000000,0.000000,4,4,4,5,5,6,8,9,9,9,9,423,0,4,4.29977541351135,2.1668999979738146,42.321900007664226,78.0
1790079434,74,GET,[GET] /api/soporte/tickets,20.800000,0.000000,7,7,8,8,10,12,15,21,34,34,34,792,0,7,8.11226325767524,4.274999999324791,310.5918999935966,84651.0
1790079434,74,GET,[GET] /health,24.900000,0.000000,4,4,5,5,6,7,9,11,29,29,29,1125,0,4,4.224917155729297,2.0068000012543052,49.49259999557398,83.98933333333333
1790079434,74,,Aggregated,65.200000,0.000000,5,6,6,7,8,9,11,14,34,34,34,2725,0,5,5.446805027671321,2.0068000012543052,310.5918999935966,24656.858348623853
1790079435,75,GET,[GET] /actuator/health,10.500000,0.000000,4,4,5,5,6,7,8,9,12,12,12,391,0,4,4.774653964759032,2.3474000045098364,40.9197000117274,49.0
1790079435,75,GET,[GET] /api/soporte/election/status,8.500000,0.000000,4,4,4,5,5,6,8,9,9,9,9,438,0,4,4.277225798881,2.1668999979738146,42.321900007664226,78.0
1790079435,75,GET,[GET] /api/soporte/tickets,21.600000,0.000000,7,7,8,8,10,11,14,20,34,34,34,818,0,7,8.083714547765316,4.274999999324791,310.5918999935966,84651.0
1790079435,75,GET,[GET] /health,26.200000,0.000000,4,4,4,5,6,6,8,10,11,11,11,1146,0,4,4.2187593369827,2.0068000012543052,49.49259999557398,83.98952879581152
1790079435,75,,Aggregated,66.800000,0.000000,4,6,6,7,8,9,11,13,34,34,34,2793,0,5,5.437698281555626,2.0068000012543052,310.5918999935966,24845.718940207662
1790079436,76,GET,[GET] /actuator/health,10.600000,0.000000,4,4,5,5,6,8,12,16,35,35,35,399,0,4,4.878726316441462,2.3474000045098364,40.9197000117274,49.0
1790079436,76,GET,[GET] /api/soporte/election/status,8.200000,0.000000,4,4,4,5,5,6,7,11,11,11,11,446,0,4,4.287519058065945,2.1668999979738146,42.321900007664226,78.0
1790079436,76,GET,[GET] /api/soporte/tickets,21.800000,0.000000,7,7,8,8,10,13,16,30,36,36,36,842,0,7,8.11182066517265,4.274999999324791,310.5918999935966,84651.0
1790079436,76,GET,[GET] /health,26.800000,0.000000,4,4,4,5,5,6,7,10,11,11,11,1177,0,4,4.211035004415183,2.0068000012543052,49.49259999557398,83.98980458793542
1790079436,76,,Aggregated,67.400000,0.000000,4,5,6,7,8,10,13,16,36,36,36,2864,0,5,5.462774616071786,2.0068000012543052,310.5918999935966,24940.41096368715
1790079437,77,GET,[GET] /actuator/health,10.700000,0.000000,4,4,5,5,6,9,16,35,35,35,35,406,0,4,4.8937352222655415,2.3474000045098364,40.9197000117274,49.0
1790079437,77,GET,[GET] /api/soporte/election/status,8.700000,0.000000,4,4,4,5,6,6,9,11,11,11,11,455,0,4,4.302721758018719,2.1668999979738146,42.321900007664226,78.0
1790079437,77,GET,[GET] /api/soporte/tickets,22.500000,0.000000,7,7,8,9,11,13,20,30,36,36,36,862,0,7,8.140562065109787,4.274999999324791,310.5918999935966,84651.0
1790079437,77,GET,[GET] /health,26.600000,0.000000,4,4,5,5,6,7,8,10,13,13,13,1223,0,4,4.230262469520769,2.0068000012543052,49.49259999557398,83.99018806214227
1790079437,77,,Aggregated,68.500000,0.000000,5,6,6,7,8,10,13,19,36,36,36,2946,0,5,5.477043584686648,2.0068000012543052,310.5918999935966,24822.561439239646
1790079438,78,GET,[GET] /actuator/health,10.800000,0.000000,4,5,5,6,6,9,16,35,35,35,35,419,0,4,4.871273986243105,2.3474000045098364,40.9197000117274,49.0
1790079438,78,GET,[GET] /api/soporte/election/status,9.100000,0.000000,4,4,5,5,6,6,9,11,11,11,11,473,0,4,4.290046722803661,2.1668999979738146,42.321900007664226,78.0
1790079438,78,GET,[GET] /api/soporte/tickets,22.600000,0.000000,7,7,8,8,10,13,19,30,36,36,36,881,0,7,8.10425096492679,4.274999999324791,310.5918999935966,84651.0
1790079438,78,GET,[GET] /health,27.100000,0.000000,4,4,5,5,6,7,8,10,13,13,13,1253,0,4,4.216423623527884,2.0068000012543052,49.49259999557398,83.9904229848364
1790079438,78,,Aggregated,69.600000,0.000000,4,6,6,7,8,10,13,16,36,36,36,3026,0,5,5.450522075513197,2.0068000012543052,310.5918999935966,24699.337739590217
1790079439,79,GET,[GET] /actuator/health,10.300000,0.000000,4,5,5,6,8,11,17,35,35,35,35,426,0,4,4.898994366815718,2.3474000045098364,40.9197000117274,49.0
1790079439,79,GET,[GET] /api/soporte/election/status,9.100000,0.000000,4,4,5,5,6,7,11,16,16,16,16,481,0,4,4.3079565485695905,2.1668999979738146,42.321900007664226,78.0
1790079439,79,GET,[GET] /api/soporte/tickets,23.100000,0.000000,7,7,8,9,11,14,22,30,36,36,36,906,0,7,8.131068874336574,4.274999999324791,310.5918999935966,84651.0
1790079439,79,GET,[GET] /health,28.200000,0.000000,4,4,5,5,6,7,10,13,17,17,17,1288,0,4,4.238009161679837,2.0068000012543052,49.49259999557398,83.99068322981367
1790079439,79,,Aggregated,70.700000,0.000000,5,6,6,7,8,11,15,19,36,36,36,3101,0,5,5.477072847635613,2.0068000012543052,310.5918999935966,24785.67494356659
1790079440,80,GET,[GET] /actuator/health,10.500000,0.000000,4,4,5,5,6,11,17,35,35,35,35,441,0,4,4.853961905403814,2.3474000045098364,40.9197000117274,49.0
1790079440,80,GET,[GET] /api/soporte/election/status,9.300000,0.000000,4,4,5,5,6,7,9,11,16,16,16,492,0,4,4.300195528149351,2.1668999979738146,42.321900007664226,78.0
1790079440,80,GET,[GET] /api/soporte/tickets,23.200000,0.000000,7,7,8,9,11,13,21,25,36,36,36,925,0,7,8.094603027204505,4.218300004140474,310.5918999935966,84651.0
1790079440,80,GET,[GET] /health,29.400000,0.000000,4,4,5,5,6,7,8,11,17,17,17,1322,0,4,4.224111876138658,2.0068000012543052,49.49259999557398,83.99092284417549
1790079440,80,,Aggregated,72.400000,0.000000,4,6,6,7,8,10,15,17,36,36,36,3180,0,5,5.4490808492302,2.0068000012543052,310.5918999935966,24677.105660377358
1790079441,81,GET,[GET] /actuator/health,9.700000,0.000000,4,5,5,5,6,11,17,35,35,35,35,452,0,4,4.835923230731386,2.3474000045098364,40.9197000117274,49.0
1790079441,81,GET,[GET] /api/soporte/election/status,10.400000,0.000000,4,4,5,5,6,7,9,11,16,16,16,509,0,4,4.286527111656343,2.1668999979738146,42.321900007664226,78.0
1790079441,81,GET,[GET] /api/soporte/tickets,22.900000,0.000000,7,7,8,9,10,12,19,22,36,36,36,948,0,7,8.051305590894339,4.218300004140474,310.5918999935966,84651.0
1790079441,81,GET,[GET] /health,30.800000,0.000000,4,4,5,5,6,7,8,11,17,17,17,1349,0,4,4.216260934224662,2.0068000012543052,49.49259999557398,83.99110452186805
1790079441,81,,Aggregated,73.800000,0.000000,5,6,6,7,8,10,13,17,36,36,36,3258,0,5,5.429113965795141,2.0068000012543052,310.5918999935966,24685.175567833026
1790079442,82,GET,[GET] /actuator/health,9.500000,0.000000,4,5,5,5,6,11,17,35,35,35,35,461,0,4,4.82630390514657,2.3474000045098364,40.9197000117274,49.0
1790079442,82,GET,[GET] /api/soporte/election/status,10.000000,0.000000,4,4,5,5,6,8,9,11,16,16,16,522,0,4,4.278713601173688,2.1668999979738146,42.321900007664226,78.0
1790079442,82,GET,[GET] /api/soporte/tickets,23.000000,0.000000,7,7,8,9,11,13,19,22,36,36,36,971,0,7,8.028089289521573,4.218300004140474,310.5918999935966,84651.0
1790079442,82,GET,[GET] /health,30.500000,0.000000,4,4,5,5,6,7,8,11,17,17,17,1381,0,4,4.206144967598009,2.0068000012543052,49.49259999557398,83.99131064446054
1790079442,82,,Aggregated,73.000000,0.000000,4,5,6,7,8,10,13,17,36,36,36,3335,0,5,5.416004647815152,2.0068000012543052,310.5918999935966,24700.275262368814
1790079443,83,GET,[GET] /actuator/health,10.100000,0.000000,4,5,5,5,6,9,17,35,35,35,35,469,0,4,4.820120896167829,2.3474000045098364,40.9197000117274,49.0
1790079443,83,GET,[GET] /api/soporte/election/status,11.000000,0.000000,4,4,4,5,6,8,9,11,16,16,16,529,0,4,4.270564649863228,2.1668999979738146,42.321900007664226,78.0
1790079443,83,GET,[GET] /api/soporte/tickets,22.300000,0.000000,7,7,8,9,11,13,21,25,36,36,36,1001,0,7,8.001163336771683,4.154700000071898,310.5918999935966,84651.0
1790079443,83,GET,[GET] /health,30.800000,0.000000,4,4,5,5,6,7,8,11,17,17,17,1416,0,4,4.196227683806904,2.0068000012543052,49.49259999557398,83.99152542372882
1790079443,83,,Aggregated,74.200000,0.000000,4,5,6,7,8,10,14,17,36,36,36,3415,0,5,5.408722781979323,2.0068000012543052,310.5918999935966,24866.420497803807
1790079444,84,GET,[GET] /actuator/health,9.800000,0.000000,4,5,5,5,7,9,17,35,35,35,35,481,0,4,4.817369231391987,2.3474000045098364,40.9197000117274,49.0
1790079444,84,GET,[GET] /api/soporte/election/status,10.800000,0.000000,4,4,5,5,6,8,9,11,16,16,16,540,0,4,4.271399073628277,2.1668999979738146,42.321900007664226,78.0
1790079444,84,GET,[GET] /api/soporte/tickets,22.800000,0.000000,7,8,9,9,11,15,22,31,47,47,47,1035,0,7,8.056022608815805,4.154700000071898,310.5918999935966,84651.0
1790079444,84,GET,[GET] /health,32.400000,0.000000,4,4,5,5,6,7,8,11,17,17,17,1448,0,4,4.195701312408808,2.0068000012543052,49.49259999557398,83.99171270718232
1790079444,84,,Aggregated,75.800000,0.000000,5,6,6,7,8,10,16,19,47,47,47,3504,0,5,5.432953481892445,2.0068000012543052,310.5918999935966,25057.38984018265
1790079445,85,GET,[GET] /actuator/health,9.800000,0.000000,4,5,5,5,7,9,16,17,17,17,17,493,0,4,4.830393712633737,2.3474000045098364,40.9197000117274,49.0
1790079445,85,GET,[GET] /api/soporte/election/status,11.800000,0.000000,4,4,5,5,6,8,8,9,16,16,16,551,0,4,4.2883422863357,2.1668999979738146,42.321900007664226,78.0
1790079445,85,GET,[GET] /api/soporte/tickets,23.200000,0.000000,7,7,8,9,11,15,21,25,47,47,47,1060,0,7,8.022820754805887,4.154700000071898,310.5918999935966,84651.0
1790079445,85,GET,[GET] /health,32.100000,0.000000,4,4,5,5,6,7,8,11,17,17,17,1481,0,4,4.19487994621754,2.0068000012543052,49.49259999557398,83.99189736664415
1790079445,85,,Aggregated,76.900000,0.000000,5,6,6,7,8,10,15,18,47,47,47,3585,0,5,5.428470823024218,2.0068000012543052,310.5918999935966,25082.729986053
1790079446,86,GET,[GET] /actuator/health,9.800000,0.000000,4,5,5,6,7,8,13,15,17,17,17,506,0,4,4.853778854408209,2.3474000045098364,40.9197000117274,49.0
1790079446,86,GET,[GET] /api/soporte/election/status,11.600000,0.000000,4,4,5,5,6,8,8,13,16,16,16,572,0,4,4.308827971707633,2.1668999979738146,42.321900007664226,78.0
1790079446,86,GET,[GET] /api/soporte/tickets,23.800000,0.000000,7,7,8,9,10,12,19,25,47,47,47,1074,0,7,8.01593659223869,4.154700000071898,310.5918999935966,84651.0
1790079446,86,GET,[GET] /health,32.200000,0.000000,4,4,5,5,6,7,11,13,41,41,41,1521,0,4,4.235118737916984,1.967900010640733,49.49259999557398,83.99211045364892
1790079446,86,,Aggregated,77.400000,0.000000,5,5,6,7,8,10,13,17,47,47,47,3673,0,5,5.437351810667957,1.967900010640733,310.5918999935966,24805.97222978492
1790079447,87,GET,[GET] /actuator/health,9.600000,0.000000,4,5,5,6,7,8,13,15,17,17,17,521,0,4,4.854920922008552,2.3474000045098364,40.9197000117274,49.0
1790079447,87,GET,[GET] /api/soporte/election/status,11.500000,0.000000,4,5,5,5,6,8,8,13,16,16,16,583,0,4,4.311574442200499,2.1668999979738146,42.321900007664226,78.0
1790079447,87,GET,[GET] /api/soporte/tickets,24.200000,0.000000,7,7,8,9,10,12,19,25,47,47,47,1095,0,7,8.009370319655837,4.154700000071898,310.5918999935966,84651.0
1790079447,87,GET,[GET] /health,32.900000,0.000000,4,4,5,5,6,7,11,13,41,41,41,1556,0,4,4.241359318986776,1.967900010640733,49.49259999557398,83.99228791773778
1790079447,87,,Aggregated,78.200000,0.000000,5,6,6,7,8,10,13,17,47,47,47,3755,0,5,5.436185699210629,1.967900010640733,310.5918999935966,24738.892143808254
1790079448,88,GET,[GET] /actuator/health,10.000000,0.000000,4,5,5,6,7,8,10,13,15,15,15,544,0,4,4.841021691925776,2.3474000045098364,40.9197000117274,49.0
1790079448,88,GET,[GET] /api/soporte/election/status,11.900000,0.000000,4,5,5,5,6,8,8,8,13,13,13,594,0,4,4.31388164950305,2.1668999979738146,42.321900007664226,78.0
1790079448,88,GET,[GET] /api/soporte/tickets,23.900000,0.000000,7,7,8,8,10,11,17,19,47,47,47,1120,0,7,7.986943035718598,4.154700000071898,310.5918999935966,84651.0
1790079448,88,GET,[GET] /health,34.000000,0.000000,4,4,5,5,6,7,10,12,41,41,41,1589,0,4,4.233758779303956,1.967900010640733,49.49259999557398,83.99244808055381
1790079448,88,,Aggregated,79.800000,0.000000,5,6,6,7,8,9,12,15,47,47,47,3847,0,5,5.424689472454185,1.967900010640733,310.5918999935966,24698.61502469457
1790079449,89,GET,[GET] /actuator/health,10.800000,0.000000,4,5,5,6,7,8,13,15,17,17,17,563,0,4,4.8470964483810475,2.3474000045098364,40.9197000117274,49.0
1790079449,89,GET,[GET] /api/soporte/election/status,12.500000,0.000000,4,5,5,5,6,8,8,13,17,17,17,611,0,4,4.332245335201222,2.1668999979738146,42.321900007664226,78.0
1790079449,89,GET,[GET] /api/soporte/tickets,23.100000,0.000000,7,7,8,9,10,12,18,24,47,47,47,1141,0,7,7.993959421551102,4.154700000071898,310.5918999935966,84651.0
1790079449,89,GET,[GET] /health,33.500000,0.000000,4,4,5,5,6,8,13,15,41,41,41,1615,0,4,4.26811517044886,1.967900010640733,49.49259999557398,83.99256965944272
1790079449,89,,Aggregated,79.900000,0.000000,5,6,6,7,8,10,13,18,47,47,47,3930,0,5,5.442755954328548,1.967900010640733,310.5918999935966,24630.453944020355
1790079450,90,GET,[GET] /actuator/health,11.400000,0.000000,4,5,6,6,7,8,13,15,17,17,17,571,0,4,4.844696323044603,2.3474000045098364,40.9197000117274,49.0
1790079450,90,GET,[GET] /api/soporte/election/status,12.500000,0.000000,4,5,5,5,7,8,8,13,17,17,17,627,0,4,4.341215629737187,2.1668999979738146,42.321900007664226,78.0
1790079450,90,GET,[GET] /api/soporte/tickets,23.400000,0.000000,7,7,8,8,10,13,18,24,47,47,47,1170,0,7,7.965716752101782,4.154700000071898,310.5918999935966,84651.0
1790079450,90,GET,[GET] /health,33.400000,0.000000,4,4,5,5,6,8,13,15,41,41,41,1648,0,4,4.276241383654319,1.967900010640733,49.49259999557398,83.99271844660194
1790079450,90,,Aggregated,80.700000,0.000000,5,6,6,7,8,10,14,18,47,47,47,4016,0,5,5.442081225230351,1.967900010640733,310.5918999935966,24715.38222111554
1790079451,91,GET,[GET] /actuator/health,12.500000,0.000000,4,5,6,6,7,8,13,15,17,17,17,583,0,4,4.839308920148065,2.3474000045098364,40.9197000117274,49.0
1790079451,91,GET,[GET] /api/soporte/election/status,12.100000,0.000000,4,5,5,5,7,8,8,13,17,17,17,637,0,4,4.333455101758669,2.1668999979738146,42.321900007664226,78.0
1790079451,91,GET,[GET] /api/soporte/tickets,23.900000,0.000000,7,7,8,8,10,12,18,24,47,47,47,1200,0,7,7.921915249983916,4.154700000071898,310.5918999935966,84651.0
1790079451,91,GET,[GET] /health,33.300000,0.000000,4,4,5,5,7,8,13,15,41,41,41,1691,0,4,4.265147841668447,1.967900010640733,49.49259999557398,83.99290360733293
1790079451,91,,Aggregated,81.800000,0.000000,5,6,6,7,8,10,14,18,47,47,47,4111,0,5,5.424566115424139,1.967900010640733,310.5918999935966,24763.19265385551
1790079452,92,GET,[GET] /actuator/health,13.500000,0.000000,4,5,6,6,7,8,13,15,17,17,17,590,0,4,4.830197119390813,2.3474000045098364,40.9197000117274,49.0
1790079452,92,GET,[GET] /api/soporte/election/status,13.400000,0.000000,4,5,5,6,7,8,11,13,17,17,17,649,0,4,4.34012773471134,2.1668999979738146,42.321900007664226,78.0
1790079452,92,GET,[GET] /api/soporte/tickets,23.800000,0.000000,7,7,8,8,9,12,18,19,47,47,47,1229,0,7,7.881326118801558,4.154700000071898,310.5918999935966,84651.0
1790079452,92,GET,[GET] /health,33.200000,0.000000,4,4,5,5,7,8,13,15,41,41,41,1733,0,4,4.261808424825115,1.9596000056480989,49.49259999557398,83.9930755914599
1790079452,92,,Aggregated,83.900000,0.000000,5,6,6,7,8,10,13,17,47,47,47,4201,0,5,5.412621518804398,1.9596000056480989,310.5918999935966,24818.17924303737
1790079453,93,GET,[GET] /actuator/health,12.900000,0.000000,4,5,6,6,7,8,13,15,17,17,17,605,0,4,4.813235868461246,2.3474000045098364,40.9197000117274,49.0
1790079453,93,GET,[GET] /api/soporte/election/status,13.400000,0.000000,4,5,5,5,7,7,11,13,17,17,17,661,0,4,4.336475945327399,2.1668999979738146,42.321900007664226,78.0
1790079453,93,GET,[GET] /api/soporte/tickets,24.800000,0.000000,7,7,8,8,9,11,15,18,24,24,24,1248,0,7,7.863212820491474,4.154700000071898,310.5918999935966,84651.0
1790079453,93,GET,[GET] /health,32.800000,0.000000,4,4,5,5,7,8,12,15,41,41,41,1778,0,4,4.252198144035108,1.9596000056480989,49.49259999557398,83.99325084364455
1790079453,93,,Aggregated,83.900000,0.000000,5,6,6,7,8,9,13,17,41,41,41,4292,0,5,5.394248881721399,1.9596000056480989,310.5918999935966,24667.9848555452
1790079454,94,GET,[GET] /actuator/health,13.100000,0.000000,4,5,6,6,7,8,13,15,17,17,17,613,0,4,4.809402284535449,2.3474000045098364,40.9197000117274,49.0
1790079454,94,GET,[GET] /api/soporte/election/status,12.800000,0.000000,4,5,5,5,7,8,11,13,17,17,17,677,0,4,4.3422466762712295,2.1668999979738146,42.321900007664226,78.0
1790079454,94,GET,[GET] /api/soporte/tickets,25.500000,0.000000,6,7,8,8,9,11,14,18,30,30,30,1285,0,7,7.8425688715742226,4.154700000071898,310.5918999935966,84651.0
1790079454,94,GET,[GET] /health,33.400000,0.000000,4,4,5,5,6,8,12,15,41,41,41,1817,0,4,4.241690148657942,1.9596000056480989,49.49259999557398,83.99339570720969
1790079454,94,,Aggregated,84.800000,0.000000,5,6,6,7,8,9,13,15,41,41,41,4392,0,5,5.389962796070175,1.9596000056480989,310.5918999935966,24820.581511839708
1790079455,95,GET,[GET] /actuator/health,13.100000,0.000000,4,5,6,6,7,7,10,15,17,17,17,631,0,4,4.801717116403365,2.3474000045098364,40.9197000117274,49.0
1790079455,95,GET,[GET] /api/soporte/election/status,12.900000,0.000000,4,5,5,5,7,8,11,13,17,17,17,686,0,4,4.354414722815858,2.1668999979738146,42.321900007664226,78.0
1790079455,95,GET,[GET] /api/soporte/tickets,24.900000,0.000000,6,7,8,8,9,11,14,18,30,30,30,1309,0,7,7.83010420165892,4.154700000071898,310.5918999935966,84651.0
1790079455,95,GET,[GET] /health,35.000000,0.000000,4,4,5,5,6,8,12,15,41,41,41,1861,0,4,4.226631273551554,1.9596000056480989,49.49259999557398,83.99355185384202
1790079455,95,,Aggregated,85.900000,0.000000,5,6,6,7,8,9,12,15,41,41,41,4487,0,5,5.378288210464268,1.9596000056480989,310.5918999935966,24749.030086917763
1790079456,96,GET,[GET] /actuator/health,13.300000,0.000000,4,5,5,6,6,7,8,9,17,17,17,648,0,4,4.797788117987996,2.3474000045098364,40.9197000117274,49.0
1790079456,96,GET,[GET] /api/soporte/election/status,13.200000,0.000000,4,5,5,5,6,8,11,11,17,17,17,696,0,4,4.364083045747348,2.1668999979738146,42.321900007664226,78.0
1790079456,96,GET,[GET] /api/soporte/tickets,24.300000,0.000000,6,7,8,8,9,11,13,18,30,30,30,1332,0,7,7.82394069069091,4.154700000071898,310.5918999935966,84651.0
1790079456,96,GET,[GET] /health,36.400000,0.000000,4,4,5,5,6,7,11,15,19,19,19,1903,0,4,4.231744666341401,1.9596000056480989,49.49259999557398,83.99369416710458
1790079456,96,,Aggregated,87.200000,0.000000,5,5,6,6,8,9,11,15,30,30,30,4579,0,5,5.376909281577714,1.9596000056480989,310.5918999935966,24678.098274732474
1790079457,97,GET,[GET] /actuator/health,13.500000,0.000000,4,5,5,6,7,8,12,16,17,17,17,663,0,4,4.828001358161777,2.3474000045098364,40.9197000117274,49.0
1790079457,97,GET,[GET] /api/soporte/election/status,13.500000,0.000000,4,5,5,6,7,9,11,11,17,17,17,706,0,4,4.37229631705112,2.1668999979738146,42.321900007664226,78.0
1790079457,97,GET,[GET] /api/soporte/tickets,24.500000,0.000000,6,7,8,8,9,11,14,18,30,30,30,1364,0,7,7.798659237540963,4.154700000071898,310.5918999935966,84651.0
1790079457,97,GET,[GET] /health,36.900000,0.000000,4,4,5,5,6,7,11,15,19,19,19,1950,0,4,4.235341897434316,1.9596000056480989,49.49259999557398,83.99384615384615
1790079457,97,,Aggregated,88.400000,0.000000,5,6,6,6,8,9,11,15,30,30,30,4683,0,5,5.377769378667978,1.9596000056480989,310.5918999935966,24709.6534272902
1790079458,98,GET,[GET] /actuator/health,13.900000,0.000000,4,5,5,6,6,9,12,16,17,17,17,673,0,4,4.825571323110117,2.3474000045098364,40.9197000117274,49.0
1790079458,98,GET,[GET] /api/soporte/election/status,13.000000,0.000000,4,5,5,5,7,9,10,11,11,11,11,721,0,4,4.37332801650399,2.1668999979738146,42.321900007664226,78.0
1790079458,98,GET,[GET] /api/soporte/tickets,25.100000,0.000000,6,7,7,8,9,11,13,14,41,41,41,1390,0,7,7.814322446027801,4.154700000071898,310.5918999935966,84651.0
1790079458,98,GET,[GET] /health,37.800000,0.000000,4,4,5,5,6,7,9,11,43,43,43,1999,0,4,4.250089894926789,1.9596000056480989,49.49259999557398,83.99399699849926
1790079458,98,,Aggregated,89.800000,0.000000,5,5,6,6,8,9,11,13,43,43,43,4783,0,5,5.385451996715405,1.9596000056480989,310.5918999935966,24654.402885218482
1790079459,99,GET,[GET] /actuator/health,14.300000,0.000000,4,5,5,6,6,8,11,12,16,16,16,688,0,4,4.816890552975502,2.3474000045098364,40.9197000117274,49.0
1790079459,99,GET,[GET] /api/soporte/election/status,12.800000,0.000000,4,5,5,5,7,9,10,11,11,11,11,736,0,4,4.355619972715352,2.1668999979738146,42.321900007664226,78.0
1790079459,99,GET,[GET] /api/soporte/tickets,25.300000,0.000000,6,7,7,8,9,11,13,14,41,41,41,1419,0,7,7.7779425651631975,4.154700000071898,310.5918999935966,84651.0
1790079459,99,GET,[GET] /health,38.600000,0.000000,4,4,4,5,6,7,9,10,43,43,43,2034,0,4,4.239302359853006,1.9596000056480989,49.49259999557398,83.99410029498524
1790079459,99,,Aggregated,91.000000,0.000000,5,5,6,6,8,9,11,12,43,43,43,4877,0,5,5.367930797677515,1.9596000056480989,310.5918999935966,24683.562230879637
1790079460,100,GET,[GET] /actuator/health,13.800000,0.000000,4,5,5,6,7,8,11,12,16,16,16,704,0,4,4.830432671166239,2.3474000045098364,40.9197000117274,49.0
1790079460,100,GET,[GET] /api/soporte/election/status,12.400000,0.000000,4,5,5,5,7,9,10,11,11,11,11,746,0,4,4.3518061661233265,2.1668999979738146,42.321900007664226,78.0
1790079460,100,GET,[GET] /api/soporte/tickets,26.700000,0.000000,6,7,7,8,9,11,14,23,41,41,41,1449,0,7,7.774401932384039,4.154700000071898,310.5918999935966,84651.0
1790079460,100,GET,[GET] /health,39.600000,0.000000,4,4,4,5,6,6,9,10,43,43,43,2075,0,4,4.226326409626348,1.9596000056480989,49.49259999557398,83.99421686746987
1790079460,100,,Aggregated,92.500000,0.000000,4,5,6,6,8,9,11,13,43,43,43,4974,0,5,5.364255669567386,1.9596000056480989,310.5918999935966,24713.76578206675
1790079461,101,GET,[GET] /actuator/health,12.700000,0.000000,4,5,5,6,7,9,11,12,16,16,16,722,0,4,4.821347507584964,2.3474000045098364,40.9197000117274,49.0
1790079461,101,GET,[GET] /api/soporte/election/status,12.500000,0.000000,4,5,5,5,6,9,10,11,11,11,11,755,0,4,4.347275629013604,2.1668999979738146,42.321900007664226,78.0
1790079461,101,GET,[GET] /api/soporte/tickets,26.700000,0.000000,6,7,8,8,9,11,14,23,41,41,41,1485,0,7,7.745466060620522,4.154700000071898,310.5918999935966,84651.0
1790079461,101,GET,[GET] /health,41.000000,0.000000,4,4,4,5,6,6,9,10,43,43,43,2108,0,4,4.21524838706736,1.9596000056480989,49.49259999557398,83.99288425047439
1790079461,101,,Aggregated,92.900000,0.000000,5,5,6,6,8,9,11,13,43,43,43,5070,0,5,5.355220256477532,1.9596000056480989,310.5918999935966,24847.74358974359
1790079462,102,GET,[GET] /actuator/health,12.400000,0.000000,4,5,5,6,7,8,11,12,16,16,16,738,0,4,4.806230352961346,2.3474000045098364,40.9197000117274,49.0
1790079462,102,GET,[GET] /api/soporte/election/status,12.200000,0.000000,4,5,5,5,6,9,10,10,11,11,11,772,0,4,4.328679792645419,2.1668999979738146,42.321900007664226,78.0
1790079462,102,GET,[GET] /api/soporte/tickets,27.600000,0.000000,6,7,8,8,9,11,14,23,41,41,41,1515,0,7,7.730981584174617,4.154700000071898,310.5918999935966,84651.0
1790079462,102,GET,[GET] /health,41.600000,0.000000,4,4,4,5,6,6,8,9,43,43,43,2152,0,4,4.20586793674895,1.9596000056480989,49.49259999557398,83.99302973977696
1790079462,102,,Aggregated,93.800000,0.000000,4,5,6,6,8,9,11,13,43,43,43,5177,0,5,5.341356712442732,1.9596000056480989,310.5918999935966,24825.844311377245
1790079463,103,GET,[GET] /actuator/health,13.700000,0.000000,4,5,5,6,7,8,11,12,16,16,16,747,0,4,4.794495449099257,2.3474000045098364,40.9197000117274,49.0
1790079463,103,GET,[GET] /api/soporte/election/status,11.800000,0.000000,4,5,5,5,6,9,10,11,25,25,25,788,0,4,4.339187563396843,2.1668999979738146,42.321900007664226,78.0
1790079463,103,GET,[GET] /api/soporte/tickets,27.700000,0.000000,6,7,8,8,9,11,14,23,41,41,41,1544,0,7,7.710199611422613,3.9293000008910894,310.5918999935966,84651.0
1790079463,103,GET,[GET] /health,42.500000,0.000000,4,4,4,5,5,6,8,9,43,43,43,2197,0,4,4.195996813804772,1.9596000056480989,49.49259999557398,83.99317250796541
1790079463,103,,Aggregated,95.700000,0.000000,4,5,6,6,8,9,11,14,43,43,43,5276,0,5,5.330538495147736,1.9596000056480989,310.5918999935966,24826.335102350266
1790079464,104,GET,[GET] /actuator/health,13.700000,0.000000,4,5,5,6,8,8,11,12,16,16,16,766,0,4,4.789203003188868,2.3474000045098364,40.9197000117274,49.0
1790079464,104,GET,[GET] /api/soporte/election/status,12.200000,0.000000,4,4,5,5,6,8,10,10,25,25,25,805,0,4,4.325355652134768,2.13719999010209,42.321900007664226,78.0
1790079464,104,GET,[GET] /api/soporte/tickets,28.400000,0.000000,6,7,8,8,9,11,14,23,41,41,41,1570,0,7,7.714737706996017,3.9293000008910894,310.5918999935966,84651.0
1790079464,104,GET,[GET] /health,41.500000,0.000000,4,4,4,5,5,6,8,9,43,43,43,2240,0,4,4.18962625000339,1.9596000056480989,49.49259999557398,83.99330357142857
1790079464,104,,Aggregated,95.800000,0.000000,4,5,6,6,8,9,11,14,43,43,43,5381,0,5,5.323795168259153,1.9596000056480989,310.5918999935966,24752.005017654712
1790079465,105,GET,[GET] /actuator/health,14.700000,0.000000,4,5,5,6,8,8,11,12,16,16,16,784,0,4,4.77309451590762,2.3474000045098364,40.9197000117274,49.0
1790079465,105,GET,[GET] /api/soporte/election/status,12.100000,0.000000,4,4,5,5,6,7,10,10,25,25,25,828,0,4,4.3137714974935095,2.13719999010209,42.321900007664226,78.0
1790079465,105,GET,[GET] /api/soporte/tickets,28.500000,0.000000,6,7,8,8,9,11,14,34,41,41,41,1611,0,7,7.709343947846605,3.9293000008910894,310.5918999935966,84651.0
1790079465,105,GET,[GET] /health,41.600000,0.000000,4,4,4,5,6,6,8,10,43,43,43,2272,0,4,4.1831956425956145,1.9596000056480989,49.49259999557398,83.99207746478874
1790079465,105,,Aggregated,96.900000,0.000000,4,5,6,6,8,9,11,14,43,43,43,5495,0,5,5.3208157416477375,1.9596000056480989,310.5918999935966,24871.081164695177
1790079466,106,GET,[GET] /actuator/health,14.400000,0.000000,4,5,5,5,7,9,11,12,14,14,14,807,0,4,4.811048575545271,2.3474000045098364,40.9197000117274,49.0
1790079466,106,GET,[GET] /api/soporte/election/status,12.600000,0.000000,4,4,5,5,6,8,10,12,25,25,25,841,0,4,4.334388822776694,2.13719999010209,42.321900007664226,78.0
1790079466,106,GET,[GET] /api/soporte/tickets,29.300000,0.000000,6,7,8,8,9,12,18,34,41,41,41,1641,0,7,7.734354235205486,3.9293000008910894,310.5918999935966,84651.0
1790079466,106,GET,[GET] /health,41.500000,0.000000,4,4,4,5,5,6,7,9,43,43,43,2314,0,4,4.187186819338672,1.9596000056480989,49.49259999557398,83.99222126188418
1790079466,106,,Aggregated,97.800000,0.000000,4,5,6,6,8,9,12,14,41,43,43,5603,0,5,5.33802655726256,1.9596000056480989,310.5918999935966,24845.937890415848
1790079467,107,GET,[GET] /actuator/health,15.100000,0.000000,4,5,5,6,7,8,11,12,14,14,14,827,0,4,4.8109095531939206,2.3474000045098364,40.9197000117274,49.0
1790079467,107,GET,[GET] /api/soporte/election/status,12.900000,0.000000,4,4,5,5,6,8,10,12,25,25,25,855,0,4,4.341542807016903,2.13719999010209,42.321900007664226,78.0
1790079467,107,GET,[GET] /api/soporte/tickets,28.800000,0.000000,6,7,8,8,10,12,23,35,41,41,41,1668,0,7,7.7359289568123755,3.9293000008910894,310.5918999935966,84651.0
1790079467,107,GET,[GET] /health,41.800000,0.000000,4,4,4,5,5,7,8,8,43,43,43,2362,0,4,4.1905372565542995,1.9596000056480989,49.49259999557398,83.99237933954277
1790079467,107,,Aggregated,98.600000,0.000000,4,5,6,6,8,9,12,17,41,43,43,5712,0,5,5.338273774585981,1.9596000056480989,310.5918999935966,24773.01663165266
1790079468,108,GET,[GET] /actuator/health,15.100000,0.000000,4,5,5,5,7,8,10,12,14,14,14,842,0,4,4.797054038606634,2.3474000045098364,40.9197000117274,49.0
1790079468,108,GET,[GET] /api/soporte/election/status,14.100000,0.000000,4,4,5,5,6,7,10,12,25,25,25,872,0,4,4.335445412843159,2.13719999010209,42.321900007664226,78.0
1790079468,108,GET,[GET] /api/soporte/tickets,30.000000,0.000000,6,7,8,8,9,12,18,30,35,35,35,1698,0,7,7.711416489963126,3.9293000008910894,310.5918999935966,84651.0
1790079468,108,GET,[GET] /health,40.200000,0.000000,4,4,4,5,6,7,8,9,14,14,14,2409,0,4,4.191021170618058,1.9596000056480989,49.49259999557398,83.99252801992527
1790079468,108,,Aggregated,99.400000,0.000000,4,5,6,6,8,9,12,14,35,35,35,5821,0,5,5.327226095255508,1.9596000056480989,310.5918999935966,24746.43703830957
1790079469,109,GET,[GET] /actuator/health,15.900000,0.000000,4,5,5,6,7,8,10,12,14,14,14,859,0,4,4.8003632136378265,2.3474000045098364,40.9197000117274,49.0
1790079469,109,GET,[GET] /api/soporte/election/status,14.200000,0.000000,4,4,5,5,6,8,10,12,25,25,25,886,0,4,4.335132167057311,2.13719999010209,42.321900007664226,78.0
1790079469,109,GET,[GET] /api/soporte/tickets,31.200000,0.000000,7,7,8,8,10,12,18,30,35,35,35,1732,0,7,7.707503060029237,3.9293000008910894,310.5918999935966,84651.0
1790079469,109,GET,[GET] /health,40.600000,0.000000,4,4,5,5,6,7,8,9,14,14,14,2456,0,4,4.1969567182515926,1.9596000056480989,49.49259999557398,83.99144951140065
1790079469,109,,Aggregated,101.900000,0.000000,5,6,6,7,8,9,12,14,35,35,35,5933,0,5,5.329775847046051,1.9596000056480989,310.5918999935966,24765.382437215572
1790079470,110,GET,[GET] /actuator/health,16.400000,0.000000,4,5,5,5,7,8,11,14,36,36,36,874,0,4,4.826334439937582,2.3474000045098364,40.9197000117274,49.0
1790079470,110,GET,[GET] /api/soporte/election/status,14.700000,0.000000,4,4,5,5,6,9,10,12,25,25,25,906,0,4,4.3234906180896155,2.13719999010209,42.321900007664226,78.0
1790079470,110,GET,[GET] /api/soporte/tickets,30.100000,0.000000,7,7,8,8,10,11,14,30,35,35,35,1757,0,7,7.693940125205424,3.9293000008910894,310.5918999935966,84651.0
1790079470,110,GET,[GET] /health,41.000000,0.000000,4,4,5,5,6,7,9,11,35,35,35,2504,0,4,4.230805431320049,1.9596000056480989,49.49259999557398,83.99161341853035
1790079470,110,,Aggregated,102.200000,0.000000,5,6,6,7,8,9,12,17,35,36,36,6041,0,5,5.3381043536676005,1.9596000056480989,310.5918999935966,24673.99702036087
1790079471,111,GET,[GET] /actuator/health,17.000000,0.000000,4,5,5,5,7,8,11,14,36,36,36,891,0,4,4.814575421413528,2.3474000045098364,40.9197000117274,49.0
1790079471,111,GET,[GET] /api/soporte/election/status,15.300000,0.000000,4,4,5,5,6,8,10,12,25,25,25,927,0,4,4.3173946062435204,2.13719999010209,42.321900007664226,78.0
1790079471,111,GET,[GET] /api/soporte/tickets,31.100000,0.000000,7,7,8,8,10,12,17,34,35,35,35,1782,0,7,7.690881200895961,3.9293000008910894,310.5918999935966,84651.0
1790079471,111,GET,[GET] /health,40.800000,0.000000,4,4,5,5,6,7,9,11,35,35,35,2547,0,4,4.226349352204759,1.9596000056480989,49.49259999557398,83.99175500588929
1790079471,111,,Aggregated,104.200000,0.000000,5,5,6,7,8,9,12,17,35,36,36,6147,0,5,5.329701252729676,1.9596000056480989,310.5918999935966,24593.781356759395
1790079472,112,GET,[GET] /actuator/health,17.000000,0.000000,4,5,5,5,7,8,11,14,36,36,36,919,0,4,4.791712078863251,2.3474000045098364,40.9197000117274,49.0
1790079472,112,GET,[GET] /api/soporte/election/status,15.000000,0.000000,4,4,5,5,7,8,10,12,25,25,25,943,0,4,4.313964050925858,2.13719999010209,42.321900007664226,78.0
1790079472,112,GET,[GET] /api/soporte/tickets,30.900000,0.000000,6,7,8,8,10,12,17,34,35,35,35,1811,0,7,7.6755486471372905,3.9293000008910894,310.5918999935966,84651.0
1790079472,112,GET,[GET] /health,41.700000,0.000000,4,4,5,5,6,7,9,11,35,35,35,2593,0,4,4.21618557655725,1.9596000056480989,49.49259999557398,83.99190127265716
1790079472,112,,Aggregated,104.600000,0.000000,5,5,6,6,8,9,12,17,35,36,36,6266,0,5,5.315135541091125,1.9596000056480989,310.5918999935966,24519.523938716884
1790079473,113,GET,[GET] /actuator/health,16.300000,0.000000,4,5,5,5,7,8,11,14,36,36,36,939,0,4,4.800246006891497,2.3474000045098364,40.9197000117274,49.0
1790079473,113,GET,[GET] /api/soporte/election/status,16.200000,0.000000,4,4,5,5,6,8,10,10,12,12,12,960,0,4,4.317705208359257,2.13719999010209,42.321900007664226,78.0
1790079473,113,GET,[GET] /api/soporte/tickets,30.300000,0.000000,7,8,8,9,10,12,17,32,35,35,35,1853,0,7,7.694985105200164,3.9293000008910894,310.5918999935966,84651.0
1790079473,113,GET,[GET] /health,42.700000,0.000000,4,4,5,5,6,8,9,11,35,35,35,2635,0,4,4.212031726755442,1.9596000056480989,49.49259999557398,83.9920303605313
1790079473,113,,Aggregated,105.500000,0.000000,5,6,6,7,8,10,12,17,35,36,36,6387,0,5,5.324869109195631,1.9596000056480989,310.5918999935966,24612.574448097697
1790079474,114,GET,[GET] /actuator/health,17.300000,0.000000,4,5,5,5,7,9,12,36,56,56,56,957,0,4,4.8481264372602935,2.3474000045098364,56.38069999986328,49.0
1790079474,114,GET,[GET] /api/soporte/election/status,16.800000,0.000000,4,4,5,5,7,8,10,10,12,12,12,976,0,4,4.307895286907953,2.13719999010209,42.321900007664226,78.0
1790079474,114,GET,[GET] /api/soporte/tickets,29.700000,0.000000,7,7,8,9,11,13,17,32,35,35,35,1890,0,7,7.70183460313886,3.9293000008910894,310.5918999935966,84651.0
1790079474,114,GET,[GET] /health,44.200000,0.000000,4,4,5,5,6,8,9,14,35,35,35,2679,0,4,4.218804292647535,1.9596000056480989,49.49259999557398,83.99216125419933
1790079474,114,,Aggregated,108.000000,0.000000,5,6,6,7,8,10,13,18,36,56,56,6502,0,5,5.3372511381752465,1.9596000056480989,310.5918999935966,24659.86250384497
1790079475,115,GET,[GET] /actuator/health,18.000000,0.000000,4,5,5,6,7,9,12,36,56,56,56,968,0,4,4.842555372396577,2.3474000045098364,56.38069999986328,49.0
1790079475,115,GET,[GET] /api/soporte/election/status,17.100000,0.000000,4,4,5,5,6,8,9,10,12,12,12,994,0,4,4.2900119718452085,2.13719999010209,42.321900007664226,78.0
1790079475,115,GET,[GET] /api/soporte/tickets,29.900000,0.000000,7,8,8,9,11,13,17,31,35,35,35,1927,0,7,7.6956055526185825,3.9293000008910894,310.5918999935966,84651.0
1790079475,115,GET,[GET] /health,43.700000,0.000000,4,4,5,5,6,8,9,14,35,35,35,2731,0,4,4.2146734895623865,1.9596000056480989,49.49259999557398,83.99231050897107
1790079475,115,,Aggregated,108.700000,0.000000,5,6,6,7,8,10,13,18,36,56,56,6620,0,5,5.3310529758889595,1.9596000056480989,310.5918999935966,24694.38429003021
1790079476,116,GET,[GET] /actuator/health,18.900000,0.000000,4,5,5,6,7,8,10,36,56,56,56,979,0,4,4.857886313068119,2.3474000045098364,56.38069999986328,49.0
1790079476,116,GET,[GET] /api/soporte/election/status,17.200000,0.000000,4,4,5,5,6,7,9,9,9,9,9,1013,0,4,4.304411549867326,2.13719999010209,42.321900007664226,78.0
1790079476,116,GET,[GET] /api/soporte/tickets,30.800000,0.000000,7,8,8,9,10,13,16,30,34,34,34,1962,0,7,7.71522471962871,3.9293000008910894,310.5918999935966,84651.0
1790079476,116,GET,[GET] /health,43.200000,0.000000,4,4,5,5,7,8,9,14,35,35,35,2777,0,4,4.227449729917323,1.9596000056480989,49.49259999557398,83.99243788260713
1790079476,116,,Aggregated,110.100000,0.000000,5,6,6,7,8,10,13,17,36,56,56,6731,0,5,5.347368652562951,1.9596000056480989,310.5918999935966,24728.196998960037
1790079477,117,GET,[GET] /actuator/health,18.900000,0.000000,4,5,5,6,7,8,10,36,56,56,56,997,0,4,4.865259880148301,2.3474000045098364,56.38069999986328,49.0
1790079477,117,GET,[GET] /api/soporte/election/status,17.100000,0.000000,4,4,5,5,6,7,9,9,12,12,12,1026,0,4,4.310401364540628,2.13719999010209,42.321900007664226,78.0
1790079477,117,GET,[GET] /api/soporte/tickets,31.900000,0.000000,7,8,8,9,11,13,17,31,34,34,34,2005,0,7,7.723720099685825,3.9293000008910894,310.5918999935966,84651.0
1790079477,117,GET,[GET] /health,44.000000,0.000000,4,4,5,5,7,8,11,14,35,35,35,2828,0,4,4.2296128005360805,1.9596000056480989,49.49259999557398,83.99257425742574
1790079477,117,,Aggregated,111.900000,0.000000,5,6,6,7,8,10,13,17,36,56,56,6856,0,5,5.3559713681902945,1.9596000056480989,310.5918999935966,24809.16963243874
1790079478,118,GET,[GET] /actuator/health,18.500000,0.000000,4,5,5,6,7,8,10,36,56,56,56,1012,0,4,4.853075889819564,2.3474000045098364,56.38069999986328,49.0
1790079478,118,GET,[GET] /api/soporte/election/status,16.600000,0.000000,4,4,5,5,6,7,9,9,12,12,12,1042,0,4,4.318638579657273,2.13719999010209,42.321900007664226,78.0
1790079478,118,GET,[GET] /api/soporte/tickets,31.500000,0.000000,7,7,8,9,11,13,17,31,34,34,34,2030,0,7,7.72338266003581,3.9293000008910894,310.5918999935966,84651.0
1790079478,118,GET,[GET] /health,45.800000,0.000000,4,4,5,5,6,8,10,12,35,35,35,2888,0,4,4.226766828207897,1.9596000056480989,49.49259999557398,83.99272853185596
1790079478,118,,Aggregated,112.400000,0.000000,5,6,6,7,8,10,13,23,36,56,56,6972,0,5,5.3494985083530375,1.9596000056480989,310.5918999935966,24700.941623637405
1790079479,119,GET,[GET] /actuator/health,17.000000,0.000000,4,5,5,6,7,8,10,36,56,56,56,1028,0,4,4.847930739817195,2.3474000045098364,56.38069999986328,49.0
1790079479,119,GET,[GET] /api/soporte/election/status,16.900000,0.000000,4,4,5,5,6,7,9,9,12,12,12,1063,0,4,4.312278833507489,2.13719999010209,42.321900007664226,78.0
1790079479,119,GET,[GET] /api/soporte/tickets,32.100000,0.000000,7,7,8,9,11,13,24,31,34,34,34,2064,0,7,7.716552180146075,3.9293000008910894,310.5918999935966,84651.0
1790079479,119,GET,[GET] /health,45.700000,0.000000,4,4,5,5,7,8,10,12,35,35,35,2938,0,4,4.232861436311494,1.9596000056480989,49.49259999557398,83.9928522804629
1790079479,119,,Aggregated,111.700000,0.000000,5,6,6,7,8,10,13,23,36,56,56,7093,0,5,5.347629465706359,1.9596000056480989,310.5918999935966,24686.271112364302
1790079480,120,GET,[GET] /actuator/health,17.000000,0.000000,4,5,5,6,7,8,10,12,56,56,56,1042,0,4,4.839348560972823,2.3474000045098364,56.38069999986328,49.0
1790079480,120,GET,[GET] /api/soporte/election/status,17.000000,0.000000,4,4,5,5,6,7,8,9,12,12,12,1080,0,4,4.298904537049735,2.13719999010209,42.321900007664226,78.0
1790079480,120,GET,[GET] /api/soporte/tickets,33.700000,0.000000,7,7,8,9,11,14,24,31,34,34,34,2102,0,7,7.714903663065073,3.9293000008910894,310.5918999935966,84651.0
1790079480,120,GET,[GET] /health,46.000000,0.000000,4,4,5,5,7,8,9,11,23,23,23,2992,0,4,4.230357854225378,1.9596000056480989,49.49259999557398,83.99298128342247
1790079480,120,,Aggregated,113.700000,0.000000,5,6,6,7,8,10,13,17,34,56,56,7216,0,5,5.343594276628673,1.9596000056480989,310.5918999935966,24712.168375831487
1790079481,121,GET,[GET] /actuator/health,16.800000,0.000000,4,5,5,6,7,9,10,15,56,56,56,1054,0,4,4.838801613415502,2.3474000045098364,56.38069999986328,49.0
1790079481,121,GET,[GET] /api/soporte/election/status,16.700000,0.000000,4,4,5,5,6,7,9,12,13,13,13,1094,0,4,4.300873765965708,2.13719999010209,42.321900007664226,78.0
1790079481,121,GET,[GET] /api/soporte/tickets,32.600000,0.000000,7,7,8,9,11,14,21,31,34,34,34,2146,0,7,7.71829855531561,3.9293000008910894,310.5918999935966,84651.0
1790079481,121,GET,[GET] /health,47.400000,0.000000,4,4,5,5,7,8,10,11,23,23,23,3033,0,4,4.2283866468319475,1.9596000056480989,49.49259999557398,83.99307616221563
1790079481,121,,Aggregated,113.500000,0.000000,5,6,7,7,9,10,14,19,34,56,56,7327,0,5,5.34917677085506,1.9596000056480989,310.5918999935966,24846.837041080933
1790079482,122,GET,[GET] /actuator/health,16.800000,0.000000,4,5,6,6,7,8,10,15,56,56,56,1072,0,4,4.832740578829326,2.3474000045098364,56.38069999986328,49.0
1790079482,122,GET,[GET] /api/soporte/election/status,17.500000,0.000000,4,4,5,5,6,7,8,12,13,13,13,1114,0,4,4.29776561936028,2.13719999010209,42.321900007664226,78.0
1790079482,122,GET,[GET] /api/soporte/tickets,33.200000,0.000000,7,7,8,9,11,14,21,31,34,34,34,2174,0,7,7.702770653036892,3.9293000008910894,310.5918999935966,84651.0
1790079482,122,GET,[GET] /health,48.300000,0.000000,4,4,5,5,7,8,10,11,23,23,23,3100,0,4,4.224051258009445,1.9596000056480989,49.49259999557398,83.99322580645162
1790079482,122,,Aggregated,115.800000,0.000000,5,6,6,7,8,10,13,19,34,56,56,7460,0,5,5.336299075067544,1.9596000056480989,310.5918999935966,24722.663941018767
1790079483,123,GET,[GET] /actuator/health,16.800000,0.000000,4,5,5,6,7,7,12,15,56,56,56,1087,0,4,4.833452162361106,2.3474000045098364,56.38069999986328,49.0
1790079483,123,GET,[GET] /api/soporte/election/status,17.000000,0.000000,4,4,5,5,6,7,9,13,13,13,13,1137,0,4,4.302449076505674,2.13719999010209,42.321900007664226,78.0
1790079483,123,GET,[GET] /api/soporte/tickets,34.600000,0.000000,7,7,8,9,11,14,19,29,31,31,31,2204,0,7,7.692559346494441,3.9293000008910894,310.5918999935966,84651.0
1790079483,123,GET,[GET] /health,48.800000,0.000000,4,4,5,5,7,8,9,10,13,13,13,3147,0,4,4.222648395246122,1.9596000056480989,49.49259999557398,83.99332697807435
1790079483,123,,Aggregated,117.200000,0.000000,5,6,6,7,8,10,13,16,31,56,56,7575,0,5,5.331870943892643,1.9596000056480989,310.5918999935966,24683.44290429043
1790079484,124,GET,[GET] /actuator/health,15.900000,0.000000,4,5,6,6,7,7,10,12,15,15,15,1102,0,4,4.833301270853144,2.3474000045098364,56.38069999986328,49.0
1790079484,124,GET,[GET] /api/soporte/election/status,16.700000,0.000000,4,4,5,5,6,7,9,13,13,13,13,1150,0,4,4.294569391273873,2.096600001095794,42.321900007664226,78.0
1790079484,124,GET,[GET] /api/soporte/tickets,36.100000,0.000000,7,7,8,8,10,13,19,29,31,31,31,2250,0,7,7.672436577610723,3.9293000008910894,310.5918999935966,84651.0
1790079484,124,GET,[GET] /health,48.000000,0.000000,4,4,5,5,7,8,9,10,13,13,13,3203,0,4,4.214164283433496,1.9596000056480989,49.49259999557398,83.99344364658133
1790079484,124,,Aggregated,116.700000,0.000000,5,6,6,7,8,10,12,16,31,31,31,7705,0,5,5.324594847489518,1.9596000056480989,310.5918999935966,24773.19649578196
1790079485,125,GET,[GET] /actuator/health,15.200000,0.000000,4,5,6,6,7,7,10,12,15,15,15,1115,0,4,4.838405381585367,2.3474000045098364,56.38069999986328,49.0
1790079485,125,GET,[GET] /api/soporte/election/status,16.800000,0.000000,4,5,5,6,6,7,9,13,13,13,13,1165,0,4,4.295266008573132,2.096600001095794,42.321900007664226,78.0
1790079485,125,GET,[GET] /api/soporte/tickets,35.700000,0.000000,7,7,8,9,10,12,19,24,31,31,31,2277,0,7,7.665673912876101,3.9293000008910894,310.5918999935966,84651.0
1790079485,125,GET,[GET] /health,50.300000,0.000000,4,4,5,5,7,7,9,10,13,13,13,3268,0,4,4.2121906670021945,1.9596000056480989,49.49259999557398,83.99357405140759
1790079485,125,,Aggregated,118.000000,0.000000,5,6,6,7,8,10,12,16,31,31,31,7825,0,5,5.318720191672516,1.9596000056480989,310.5918999935966,24686.30325878594
1790079487,126,GET,[GET] /actuator/health,14.800000,0.000000,4,5,6,6,7,9,16,20,20,20,20,1131,0,4,4.887493899609617,2.3474000045098364,56.38069999986328,49.0
1790079487,126,GET,[GET] /api/soporte/election/status,17.600000,0.000000,4,4,5,5,6,8,13,16,57,57,57,1187,0,4,4.355762679007833,2.096600001095794,57.24999999802094,78.0
1790079487,126,GET,[GET] /api/soporte/tickets,34.900000,0.000000,6,7,8,8,10,12,21,23,31,31,31,2311,0,7,7.684549069526145,3.9293000008910894,310.5918999935966,84651.0
1790079487,126,GET,[GET] /health,51.200000,0.000000,4,4,5,5,6,7,9,10,13,13,13,3323,0,4,4.21991721330238,1.9596000056480989,49.49259999557398,83.99368040926873
1790079487,126,,Aggregated,118.500000,0.000000,5,6,6,7,8,10,13,19,31,57,57,7952,0,5,5.342030143350039,1.9596000056480989,310.5918999935966,24654.876383299797
1790079488,127,GET,[GET] /actuator/health,14.400000,0.000000,4,5,6,6,7,9,16,20,20,20,20,1144,0,4,4.884226923480071,2.3474000045098364,56.38069999986328,49.0
1790079488,127,GET,[GET] /api/soporte/election/status,17.300000,0.000000,4,4,5,5,6,7,13,16,57,57,57,1206,0,4,4.362768656680373,2.096600001095794,57.24999999802094,78.0
1790079488,127,GET,[GET] /api/soporte/tickets,35.700000,0.000000,7,7,8,9,11,14,19,23,29,29,29,2357,0,7,7.691233304923789,3.9293000008910894,310.5918999935966,84651.0
1790079488,127,GET,[GET] /health,51.900000,0.000000,4,4,5,5,6,7,9,10,13,13,13,3371,0,4,4.217804953950215,1.9596000056480989,49.49259999557398,83.99377039454168
1790079488,127,,Aggregated,119.300000,0.000000,5,6,6,7,8,10,14,16,29,57,57,8078,0,5,5.347302797708502,1.9596000056480989,310.5918999935966,24753.11636543699
1790079489,128,GET,[GET] /actuator/health,15.000000,0.000000,4,5,6,6,7,9,16,20,20,20,20,1159,0,4,4.8757066440545955,2.3474000045098364,56.38069999986328,49.0
1790079489,128,GET,[GET] /api/soporte/election/status,17.400000,0.000000,4,5,5,5,6,8,13,16,57,57,57,1233,0,4,4.358343471193158,2.096600001095794,57.24999999802094,78.0
1790079489,128,GET,[GET] /api/soporte/tickets,34.500000,0.000000,6,7,8,8,10,13,19,22,28,28,28,2397,0,7,7.672536044948726,3.9293000008910894,310.5918999935966,84651.0
1790079489,128,GET,[GET] /health,54.500000,0.000000,4,4,5,5,6,7,8,10,13,13,13,3419,0,4,4.207054577307772,1.9596000056480989,49.49259999557398,83.99385785317344
1790079489,128,,Aggregated,121.400000,0.000000,5,6,6,7,8,10,13,16,28,57,57,8208,0,5,5.3362292884987585,1.9596000056480989,310.5918999935966,24774.437987329435
1790079490,129,GET,[GET] /actuator/health,14.600000,0.000000,5,5,6,6,7,9,16,20,20,20,20,1177,0,4,4.870069074306891,2.3474000045098364,56.38069999986328,49.0
1790079490,129,GET,[GET] /api/soporte/election/status,17.900000,0.000000,4,5,5,5,6,8,13,16,57,57,57,1253,0,4,4.351057940932844,2.096600001095794,57.24999999802094,78.0
1790079490,129,GET,[GET] /api/soporte/tickets,35.000000,0.000000,7,7,8,8,10,12,16,22,28,28,28,2434,0,7,7.658045028641781,3.9293000008910894,310.5918999935966,84651.0
1790079490,129,GET,[GET] /health,54.200000,0.000000,4,4,5,5,6,7,8,10,13,13,13,3473,0,4,4.202486783718053,1.9596000056480989,49.49259999557398,83.9939533544486
1790079490,129,,Aggregated,121.700000,0.000000,5,6,6,7,8,9,13,16,28,57,57,8337,0,5,5.327919527409734,1.9596000056480989,310.5918999935966,24767.620486985725
1790079491,130,GET,[GET] /actuator/health,14.700000,0.000000,4,5,6,6,7,8,16,20,20,20,20,1203,0,4,4.857413217386928,2.3474000045098364,56.38069999986328,49.0
1790079491,130,GET,[GET] /api/soporte/election/status,18.900000,0.000000,4,5,5,5,6,8,13,16,57,57,57,1275,0,4,4.3428118431406535,2.096600001095794,57.24999999802094,78.0
1790079491,130,GET,[GET] /api/soporte/tickets,36.500000,0.000000,6,7,8,8,10,12,16,22,28,28,28,2475,0,7,7.635947555436451,3.9293000008910894,310.5918999935966,84651.0
1790079491,130,GET,[GET] /health,52.900000,0.000000,4,4,5,5,6,7,8,9,26,26,26,3523,0,4,4.204336701623633,1.9596000056480989,49.49259999557398,83.99403917116095
1790079491,130,,Aggregated,123.000000,0.000000,5,5,6,7,8,9,12,16,28,57,57,8476,0,5,5.31989164700874,1.9596000056480989,310.5918999935966,24771.77123643228
1790079492,131,GET,[GET] /actuator/health,14.800000,0.000000,4,5,6,6,7,9,16,20,20,20,20,1222,0,4,4.861379460319792,2.3474000045098364,56.38069999986328,49.0
1790079492,131,GET,[GET] /api/soporte/election/status,18.900000,0.000000,4,5,5,5,6,7,13,16,57,57,57,1290,0,4,4.33609806202657,2.096600001095794,57.24999999802094,78.0
1790079492,131,GET,[GET] /api/soporte/tickets,36.800000,0.000000,7,7,8,8,10,12,16,22,28,28,28,2522,0,7,7.6270015066302905,3.9293000008910894,310.5918999935966,84651.0
1790079492,131,GET,[GET] /health,52.900000,0.000000,4,4,5,5,6,7,8,10,26,26,26,3562,0,4,4.205111538396052,1.9596000056480989,49.49259999557398,83.99410443571027
1790079492,131,,Aggregated,123.400000,0.000000,5,6,6,7,8,9,12,16,28,57,57,8596,0,5,5.322019229875918,1.9596000056480989,310.5918999935966,24889.426128431827
1790079493,132,GET,[GET] /actuator/health,15.900000,0.000000,4,5,6,6,7,9,11,20,20,20,20,1242,0,4,4.855192915089642,2.3474000045098364,56.38069999986328,49.0
1790079493,132,GET,[GET] /api/soporte/election/status,19.300000,0.000000,4,4,5,5,6,7,9,16,57,57,57,1310,0,4,4.3366094656601435,2.096600001095794,57.24999999802094,78.0
1790079493,132,GET,[GET] /api/soporte/tickets,36.900000,0.000000,7,7,8,8,9,11,15,22,28,28,28,2550,0,7,7.611301960668974,3.9293000008910894,310.5918999935966,84651.0
1790079493,132,GET,[GET] /health,52.600000,0.000000,4,4,5,5,6,7,8,10,26,26,26,3631,0,4,4.206108372286642,1.9596000056480989,49.49259999557398,83.99421646929221
1790079493,132,,Aggregated,124.700000,0.000000,5,6,6,7,8,9,12,16,28,57,57,8733,0,5,5.312299038135212,1.9596000056480989,310.5918999935966,24771.335279972518
1790079494,133,GET,[GET] /actuator/health,16.800000,0.000000,4,5,6,6,7,9,11,20,20,20,20,1266,0,4,4.8480886260532525,2.3474000045098364,56.38069999986328,49.0
1790079494,133,GET,[GET] /api/soporte/election/status,19.500000,0.000000,4,4,5,5,6,7,9,16,57,57,57,1325,0,4,4.326596377364729,2.096600001095794,57.24999999802094,78.0
1790079494,133,GET,[GET] /api/soporte/tickets,37.300000,0.000000,7,7,8,8,10,11,16,23,36,36,36,2589,0,7,7.606085206523123,3.9293000008910894,310.5918999935966,84651.0
1790079494,133,GET,[GET] /health,52.500000,0.000000,4,4,5,5,6,7,9,10,26,26,26,3691,0,4,4.204359577268017,1.9090999994659796,49.49259999557398,83.99431048496342
1790079494,133,,Aggregated,126.100000,0.000000,5,6,6,7,8,9,12,16,36,57,57,8871,0,5,5.307278345166982,1.9090999994659796,310.5918999935966,24758.972607372336
1790079495,134,GET,[GET] /actuator/health,17.000000,0.000000,4,5,5,6,7,9,11,20,20,20,20,1288,0,4,4.842171817229354,2.3474000045098364,56.38069999986328,49.0
1790079495,134,GET,[GET] /api/soporte/election/status,19.600000,0.000000,4,4,5,5,6,8,9,16,57,57,57,1345,0,4,4.32718855018994,2.096600001095794,57.24999999802094,78.0
1790079495,134,GET,[GET] /api/soporte/tickets,37.600000,0.000000,6,7,8,8,10,11,15,23,36,36,36,2633,0,7,7.595145157495909,3.9293000008910894,310.5918999935966,84651.0
1790079495,134,GET,[GET] /health,53.000000,0.000000,4,4,5,5,6,7,9,10,26,26,26,3740,0,4,4.203010374231309,1.9090999994659796,49.49259999557398,83.99438502673797
1790079495,134,,Aggregated,127.200000,0.000000,5,6,6,7,8,9,12,16,36,57,57,9006,0,5,5.304692638231035,1.9090999994659796,310.5918999935966,24802.159005107707
1790079496,135,GET,[GET] /actuator/health,17.800000,0.000000,4,5,5,6,6,8,9,10,11,11,11,1309,0,4,4.832920397708664,2.3474000045098364,56.38069999986328,49.0
1790079496,135,GET,[GET] /api/soporte/election/status,18.800000,0.000000,4,4,5,5,6,7,8,8,9,9,9,1362,0,4,4.319532599135438,2.096600001095794,57.24999999802094,78.0
1790079496,135,GET,[GET] /api/soporte/tickets,38.400000,0.000000,6,7,8,8,9,10,12,15,36,36,36,2670,0,7,7.577764531723939,3.708900010678917,310.5918999935966,84651.0
1790079496,135,GET,[GET] /health,54.000000,0.000000,4,4,5,5,6,7,8,10,26,26,26,3794,0,4,4.195875223920663,1.9090999994659796,49.49259999557398,83.99446494464945
1790079496,135,,Aggregated,129.000000,0.000000,5,5,6,6,8,9,10,12,26,36,36,9135,0,5,5.294064378749975,1.9090999994659796,310.5918999935966,24795.536070060207
1790079497,136,GET,[GET] /actuator/health,18.300000,0.000000,4,5,5,5,6,7,9,11,11,11,11,1325,0,4,4.832314717438388,2.3474000045098364,56.38069999986328,49.0
1790079497,136,GET,[GET] /api/soporte/election/status,19.300000,0.000000,4,4,5,5,6,7,8,8,9,9,9,1391,0,4,4.31480984902386,2.096600001095794,57.24999999802094,78.0
1790079497,136,GET,[GET] /api/soporte/tickets,37.300000,0.000000,6,7,7,8,9,10,12,15,36,36,36,2716,0,7,7.581673158936085,3.708900010678917,310.5918999935966,84651.0
1790079497,136,GET,[GET] /health,53.500000,0.000000,4,4,5,5,6,7,9,11,26,26,26,3850,0,4,4.2064593505271555,1.9090999994659796,49.49259999557398,83.99376623376624
1790079497,136,,Aggregated,128.400000,0.000000,5,5,6,6,8,9,10,11,26,36,36,9282,0,5,5.299656356366947,1.9090999994659796,310.5918999935966,24823.197048049988
1790079498,137,GET,[GET] /actuator/health,19.300000,0.000000,4,5,5,5,6,8,9,11,11,11,11,1338,0,4,4.823016891332889,2.3474000045098364,56.38069999986328,49.0
1790079498,137,GET,[GET] /api/soporte/election/status,19.700000,0.000000,4,4,5,5,6,7,8,8,8,8,8,1416,0,4,4.301001836169965,2.096600001095794,57.24999999802094,78.0
1790079498,137,GET,[GET] /api/soporte/tickets,38.900000,0.000000,6,7,8,8,9,10,12,18,36,36,36,2758,0,7,7.581157976662647,3.708900010678917,310.5918999935966,84651.0
1790079498,137,GET,[GET] /health,51.700000,0.000000,4,4,5,5,6,7,9,11,26,26,26,3904,0,4,4.205811705832439,1.9090999994659796,49.49259999557398,83.9938524590164
1790079498,137,,Aggregated,129.600000,0.000000,5,5,6,7,8,9,10,12,35,36,36,9416,0,5,5.296488721306871,1.9090999994659796,310.5918999935966,24848.27740016992
1790079499,138,GET,[GET] /actuator/health,19.100000,0.000000,4,5,5,5,6,8,10,11,20,20,20,1357,0,4,4.827496094760254,2.3474000045098364,56.38069999986328,49.0
1790079499,138,GET,[GET] /api/soporte/election/status,20.000000,0.000000,4,4,5,5,6,7,8,8,8,8,8,1434,0,4,4.296481659728205,2.096600001095794,57.24999999802094,78.0
1790079499,138,GET,[GET] /api/soporte/tickets,40.100000,0.000000,6,7,8,8,9,10,12,18,36,36,36,2793,0,7,7.5626329751508115,3.708900010678917,310.5918999935966,84651.0
1790079499,138,GET,[GET] /health,52.200000,0.000000,4,4,5,5,6,7,9,11,26,26,26,3963,0,4,4.202966817961555,1.9090999994659796,49.49259999557398,83.99394398183195
1790079499,138,,Aggregated,131.400000,0.000000,5,5,6,6,8,9,10,12,35,36,36,9547,0,5,5.288662228953365,1.9090999994659796,310.5918999935966,24818.420027233686
1790079500,139,GET,[GET] /actuator/health,19.200000,0.000000,4,5,5,5,6,8,10,11,20,20,20,1380,0,4,4.816121377276115,2.3474000045098364,56.38069999986328,49.0
1790079500,139,GET,[GET] /api/soporte/election/status,20.800000,0.000000,4,4,5,5,6,7,8,8,8,8,8,1456,0,4,4.289652197857632,2.096600001095794,57.24999999802094,78.0
1790079500,139,GET,[GET] /api/soporte/tickets,39.700000,0.000000,6,7,8,8,9,10,13,18,36,36,36,2837,0,7,7.551686675925872,3.708900010678917,310.5918999935966,84651.0
1790079500,139,GET,[GET] /health,52.400000,0.000000,4,4,5,5,6,7,9,10,13,13,13,4018,0,4,4.1995759829656,1.9090999994659796,49.49259999557398,83.9940268790443
1790079500,139,,Aggregated,132.100000,0.000000,5,5,6,6,8,9,10,12,35,36,36,9691,0,5,5.282221906911488,1.9090999994659796,310.5918999935966,24834.750077391393
1790079501,140,GET,[GET] /actuator/health,19.400000,0.000000,4,5,5,5,6,7,9,11,20,20,20,1404,0,4,4.801021724096247,2.3474000045098364,56.38069999986328,49.0
1790079501,140,GET,[GET] /api/soporte/election/status,20.200000,0.000000,4,4,5,5,6,7,8,8,11,11,11,1478,0,4,4.28934939113806,2.096600001095794,57.24999999802094,78.0
1790079501,140,GET,[GET] /api/soporte/tickets,39.600000,0.000000,6,7,8,8,9,10,13,18,36,36,36,2871,0,7,7.53684831052569,3.708900010678917,310.5918999935966,84651.0
1790079501,140,GET,[GET] /health,53.900000,0.000000,4,4,5,5,6,7,8,10,13,13,13,4078,0,4,4.193758754189534,1.9090999994659796,49.49259999557398,83.99411476213831
1790079501,140,,Aggregated,133.100000,0.000000,4,5,6,6,7,9,10,12,35,36,36,9831,0,5,5.271155792883466,1.9090999994659796,310.5918999935966,24774.65456209948
1790079502,141,GET,[GET] /actuator/health,20.000000,0.000000,4,4,5,5,6,7,9,11,20,20,20,1420,0,4,4.793720000432099,2.3474000045098364,56.38069999986328,49.0
1790079502,141,GET,[GET] /api/soporte/election/status,20.100000,0.000000,4,4,5,5,6,7,8,10,11,11,11,1500,0,4,4.288796666747658,2.096600001095794,57.24999999802094,78.0
1790079502,141,GET,[GET] /api/soporte/tickets,40.000000,0.000000,6,7,8,8,9,10,14,18,36,36,36,2920,0,7,7.521005171048734,3.708900010678917,310.5918999935966,84651.0
1790079502,141,GET,[GET] /health,53.800000,0.000000,4,4,5,5,6,7,9,10,13,13,13,4134,0,4,4.189668601738351,1.9090999994659796,49.49259999557398,83.99419448476053
1790079502,141,,Aggregated,133.900000,0.000000,4,5,6,6,8,9,10,12,35,36,36,9974,0,5,5.265861489851987,1.9090999994659796,310.5918999935966,24836.046921997193
1790079503,142,GET,[GET] /actuator/health,20.000000,0.000000,4,5,5,5,6,7,8,11,20,20,20,1436,0,4,4.79116615641737,2.3474000045098364,56.38069999986328,49.0
1790079503,142,GET,[GET] /api/soporte/election/status,20.100000,0.000000,4,4,5,5,6,7,8,10,11,11,11,1521,0,4,4.28593655499052,2.096600001095794,57.24999999802094,78.0
1790079503,142,GET,[GET] /api/soporte/tickets,39.100000,0.000000,6,7,8,8,9,10,14,18,35,35,35,2962,0,7,7.511736259092085,3.708900010678917,310.5918999935966,84651.0
1790079503,142,GET,[GET] /health,55.000000,0.000000,4,4,5,5,6,7,9,9,13,13,13,4195,0,4,4.1867036232766415,1.9090999994659796,49.49259999557398,83.99427890345649
1790079503,142,,Aggregated,134.200000,0.000000,4,5,6,6,8,9,11,12,22,35,35,10114,0,5,5.261222918709926,1.9090999994659796,310.5918999935966,24844.53430887878
1790079504,143,GET,[GET] /actuator/health,19.700000,0.000000,4,5,5,5,6,7,8,11,20,20,20,1458,0,4,4.789825926362924,2.3474000045098364,56.38069999986328,49.0
1790079504,143,GET,[GET] /api/soporte/election/status,20.700000,0.000000,4,4,4,5,6,7,8,10,11,11,11,1542,0,4,4.281285927446297,2.096600001095794,57.24999999802094,78.0
1790079504,143,GET,[GET] /api/soporte/tickets,39.100000,0.000000,6,7,8,8,9,10,14,18,35,35,35,2998,0,7,7.5032664441033035,3.708900010678917,310.5918999935966,84651.0
1790079504,143,GET,[GET] /health,57.100000,0.000000,4,4,5,5,6,7,9,9,27,27,27,4255,0,4,4.18948366619101,1.9090999994659796,49.49259999557398,83.99435957696828
1790079504,143,,Aggregated,136.600000,0.000000,4,5,6,6,8,9,10,12,27,35,35,10253,0,5,5.257617760638231,1.9090999994659796,310.5918999935966,24805.69706427387
1790079505,144,GET,[GET] /actuator/health,19.300000,0.000000,4,5,5,5,6,7,8,11,20,20,20,1473,0,4,4.781298574785881,2.3474000045098364,56.38069999986328,49.0
1790079505,144,GET,[GET] /api/soporte/election/status,20.700000,0.000000,4,4,4,5,6,7,8,10,11,11,11,1560,0,4,4.277009615459694,2.096600001095794,57.24999999802094,78.0
1790079505,144,GET,[GET] /api/soporte/tickets,40.800000,0.000000,6,7,8,8,9,11,15,18,35,35,35,3047,0,7,7.5027514274350455,3.708900010678917,310.5918999935966,84651.0
1790079505,144,GET,[GET] /health,55.500000,0.000000,4,4,5,5,7,8,9,12,27,27,27,4313,0,4,4.198381544092751,1.9090999994659796,49.49259999557398,83.9944354277765
1790079505,144,,Aggregated,136.300000,0.000000,4,5,6,6,8,9,11,14,27,35,35,10393,0,5,5.261569421711089,1.9090999994659796,310.5918999935966,24871.328971423074
1790079506,145,GET,[GET] /actuator/health,19.000000,0.000000,4,5,5,5,6,7,8,10,20,20,20,1488,0,4,4.777991532694526,2.3474000045098364,56.38069999986328,49.0
1790079506,145,GET,[GET] /api/soporte/election/status,21.500000,0.000000,4,4,4,5,6,7,8,10,11,11,11,1585,0,4,4.268019053688763,2.096600001095794,57.24999999802094,78.0
1790079506,145,GET,[GET] /api/soporte/tickets,40.500000,0.000000,6,7,8,8,9,11,15,18,35,35,35,3083,0,7,7.496264741931495,3.708900010678917,310.5918999935966,84651.0
1790079506,145,GET,[GET] /health,55.400000,0.000000,4,4,5,5,7,7,10,12,27,27,27,4392,0,4,4.201272427075018,1.9090999994659796,49.49259999557398,83.99453551912568
1790079506,145,,Aggregated,136.400000,0.000000,4,5,6,6,8,9,11,14,31,35,35,10548,0,5,5.255729455805311,1.9090999994659796,310.5918999935966,24795.646473265075
1790079507,146,GET,[GET] /actuator/health,18.700000,0.000000,4,5,5,5,7,8,16,21,26,26,26,1505,0,4,4.820138737963485,2.3474000045098364,56.38069999986328,49.0
1790079507,146,GET,[GET] /api/soporte/election/status,21.300000,0.000000,4,4,5,5,6,8,11,14,14,14,14,1605,0,4,4.296773956469159,2.096600001095794,57.24999999802094,78.0
1790079507,146,GET,[GET] /api/soporte/tickets,41.600000,0.000000,6,7,8,8,10,12,17,31,50,50,50,3126,0,7,7.543640850726765,3.708900010678917,310.5918999935966,84651.0
1790079507,146,GET,[GET] /health,56.300000,0.000000,4,4,5,5,7,9,12,16,27,27,27,4450,0,4,4.229313348239455,1.9090999994659796,49.49259999557398,83.99460674157304
1790079507,146,,Aggregated,137.900000,0.000000,4,6,6,7,8,10,14,21,40,50,50,10686,0,5,5.292204445050111,1.9090999994659796,310.5918999935966,24816.744993449374
1790079508,147,GET,[GET] /actuator/health,17.500000,0.000000,4,5,5,5,6,8,14,21,26,26,26,1531,0,4,4.808145330276035,2.3474000045098364,56.38069999986328,49.0
1790079508,147,GET,[GET] /api/soporte/election/status,21.800000,0.000000,4,4,5,5,6,9,11,14,14,14,14,1621,0,4,4.294357557154006,2.096600001095794,57.24999999802094,78.0
1790079508,147,GET,[GET] /api/soporte/tickets,41.000000,0.000000,6,7,8,8,10,13,17,31,50,50,50,3168,0,7,7.528577240950975,3.708900010678917,310.5918999935966,84651.0
1790079508,147,GET,[GET] /health,59.000000,0.000000,4,4,5,5,7,9,12,16,27,27,27,4508,0,4,4.2248302794410435,1.9090999994659796,49.49259999557398,83.9946761313221
1790079508,147,,Aggregated,139.300000,0.000000,4,5,6,7,8,10,14,21,40,50,50,10828,0,5,5.284308431829716,1.9090999994659796,310.5918999935966,24820.324436645733
1790079509,148,GET,[GET] /actuator/health,18.200000,0.000000,4,5,5,5,7,9,15,21,26,26,26,1552,0,4,4.810964691152792,2.3474000045098364,56.38069999986328,49.0
1790079509,148,GET,[GET] /api/soporte/election/status,21.500000,0.000000,4,4,5,5,6,9,11,14,14,14,14,1640,0,4,4.288940000075921,2.096600001095794,57.24999999802094,78.0
1790079509,148,GET,[GET] /api/soporte/tickets,40.400000,0.000000,6,7,8,8,10,13,22,31,50,50,50,3202,0,7,7.541646533204679,3.708900010678917,310.5918999935966,84651.0
1790079509,148,GET,[GET] /health,59.700000,0.000000,4,4,5,5,7,9,12,24,27,27,27,4578,0,4,4.227548339829217,1.9090999994659796,49.49259999557398,83.99475753604194
1790079509,148,,Aggregated,139.800000,0.000000,4,5,6,7,8,11,15,24,40,50,50,10972,0,5,5.286415174977504,1.9090999994659796,310.5918999935966,24757.655668975574
1790079510,149,GET,[GET] /actuator/health,19.100000,0.000000,4,5,5,6,7,9,15,21,26,26,26,1574,0,4,4.8107991745092535,2.3474000045098364,56.38069999986328,49.0
1790079510,149,GET,[GET] /api/soporte/election/status,20.100000,0.000000,4,4,5,5,6,8,11,14,14,14,14,1656,0,4,4.2890540459407,2.096600001095794,57.24999999802094,78.0
1790079510,149,GET,[GET] /api/soporte/tickets,40.400000,0.000000,6,7,8,8,10,13,22,31,50,50,50,3245,0,7,7.526531864175765,3.708900010678917,310.5918999935966,84651.0
1790079510,149,GET,[GET] /health,60.400000,0.000000,4,4,5,5,7,9,12,24,27,27,27,4642,0,4,4.22308425242629,1.9090999994659796,49.49259999557398,83.99482981473503
1790079510,149,,Aggregated,140.000000,0.000000,4,5,6,7,8,11,14,22,40,50,50,11117,0,5,5.280383592675053,1.9090999994659796,310.5918999935966,24762.85805523073
1790079511,150,GET,[GET] /actuator/health,19.500000,0.000000,4,5,5,6,8,9,15,21,26,26,26,1604,0,4,4.799578179987937,2.3474000045098364,56.38069999986328,49.0
1790079511,150,GET,[GET] /api/soporte/election/status,20.100000,0.000000,4,4,5,5,6,8,11,14,14,14,14,1677,0,4,4.282362313722313,2.096600001095794,57.24999999802094,78.0
1790079511,150,GET,[GET] /api/soporte/tickets,40.200000,0.000000,6,7,8,8,11,14,29,31,50,50,50,3288,0,7,7.5380163318823845,3.708900010678917,310.5918999935966,84651.0
1790079511,150,GET,[GET] /health,60.700000,0.000000,4,4,5,5,7,9,12,24,27,27,27,4697,0,4,4.216794911581539,1.9090999994659796,49.49259999557398,83.99489035554609
1790079511,150,,Aggregated,140.500000,0.000000,4,5,6,7,8,11,16,26,40,50,50,11266,0,5,5.278832629126641,1.9090999994659796,310.5918999935966,24759.13491922599
1790079512,151,GET,[GET] /actuator/health,19.400000,0.000000,4,5,5,5,7,9,15,21,26,26,26,1628,0,4,4.795334398451805,2.3474000045098364,56.38069999986328,49.0
1790079512,151,GET,[GET] /api/soporte/election/status,19.900000,0.000000,4,4,5,5,6,8,11,14,14,14,14,1696,0,4,4.280320401037143,2.096600001095794,57.24999999802094,78.0
1790079512,151,GET,[GET] /api/soporte/tickets,40.200000,0.000000,6,7,8,9,11,13,29,31,50,50,50,3332,0,7,7.537595648023299,3.708900010678917,310.5918999935966,84651.0
1790079512,151,GET,[GET] /health,62.300000,0.000000,4,4,5,5,7,9,12,24,27,27,27,4764,0,4,4.21393765736637,1.9090999994659796,49.49259999557398,83.99496221662469
1790079512,151,,Aggregated,141.800000,0.000000,4,5,6,7,9,11,16,26,40,50,50,11420,0,5,5.276418169855127,1.9090999994659796,310.5918999935966,24752.13169877408
1790079513,152,GET,[GET] /actuator/health,19.300000,0.000000,4,4,5,5,7,9,15,21,26,26,26,1651,0,4,4.778967535245285,2.3474000045098364,56.38069999986328,49.0
1790079513,152,GET,[GET] /api/soporte/election/status,20.200000,0.000000,4,4,5,5,6,8,11,14,14,14,14,1723,0,4,4.276645444065318,2.096600001095794,57.24999999802094,78.0
1790079513,152,GET,[GET] /api/soporte/tickets,41.800000,0.000000,6,7,8,8,11,13,29,31,50,50,50,3378,0,7,7.514333214694457,3.708900010678917,310.5918999935966,84651.0
1790079513,152,GET,[GET] /health,61.500000,0.000000,4,4,5,5,7,9,12,17,27,27,27,4818,0,4,4.2055678911781476,1.9090999994659796,49.49259999557398,83.99501867995019
1790079513,152,,Aggregated,142.800000,0.000000,4,5,6,7,8,11,16,26,40,50,50,11570,0,5,5.264008573876292,1.9090999994659796,310.5918999935966,24768.457994814176
1790079514,153,GET,[GET] /actuator/health,20.500000,0.000000,4,4,5,5,7,9,14,16,26,26,26,1680,0,4,4.766991905186539,2.3474000045098364,56.38069999986328,49.0
1790079514,153,GET,[GET] /api/soporte/election/status,19.200000,0.000000,4,4,5,5,6,8,11,14,14,14,14,1748,0,4,4.275709897118503,2.096600001095794,57.24999999802094,78.0
1790079514,153,GET,[GET] /api/soporte/tickets,41.300000,0.000000,6,7,8,9,11,13,29,31,50,50,50,3417,0,7,7.508691366467086,3.708900010678917,310.5918999935966,84651.0
1790079514,153,GET,[GET] /health,62.100000,0.000000,4,4,5,5,6,8,11,17,27,27,27,4880,0,4,4.204779692542511,1.9090999994659796,49.49259999557398,83.99508196721311
1790079514,153,,Aggregated,143.100000,0.000000,4,5,6,7,8,11,14,26,40,50,50,11725,0,5,5.258764230251771,1.9090999994659796,310.5918999935966,24723.32852878465
1790079515,154,GET,[GET] /actuator/health,21.000000,0.000000,4,5,5,5,7,9,14,16,26,26,26,1703,0,4,4.773630241184488,2.3474000045098364,56.38069999986328,49.0
1790079515,154,GET,[GET] /api/soporte/election/status,20.000000,0.000000,4,4,5,5,6,8,11,14,14,14,14,1771,0,4,4.271426764634353,2.096600001095794,57.24999999802094,78.0
1790079515,154,GET,[GET] /api/soporte/tickets,41.000000,0.000000,6,7,8,9,11,13,30,32,50,50,50,3457,0,7,7.520372548236661,3.708900010678917,310.5918999935966,84651.0
1790079515,154,GET,[GET] /health,61.900000,0.000000,4,4,5,5,6,8,11,14,27,27,27,4953,0,4,4.208470522856545,1.9090999994659796,49.49259999557398,83.99515445184737
1790079515,154,,Aggregated,143.900000,0.000000,4,5,6,7,8,10,14,26,40,50,50,11884,0,5,5.262257783563381,1.9090999994659796,310.5918999935966,24678.232918209356
1790079516,155,GET,[GET] /actuator/health,22.000000,0.000000,4,5,5,5,7,8,9,10,25,25,25,1731,0,4,4.787703813240295,2.3474000045098364,56.38069999986328,49.0
1790079516,155,GET,[GET] /api/soporte/election/status,20.200000,0.000000,4,4,5,5,6,6,8,11,11,11,11,1793,0,4,4.271012493139442,2.096600001095794,57.24999999802094,78.0
1790079516,155,GET,[GET] /api/soporte/tickets,41.700000,0.000000,6,7,8,8,10,12,29,31,38,38,38,3499,0,7,7.531819433915032,3.708900010678917,310.5918999935966,84651.0
1790079516,155,GET,[GET] /health,62.500000,0.000000,4,4,5,5,6,7,9,17,35,35,35,5023,0,4,4.230424009493472,1.9090999994659796,49.49259999557398,83.99522197889708
1790079516,155,,Aggregated,146.400000,0.000000,4,5,6,6,8,9,12,28,35,38,38,12046,0,5,5.275501967447483,1.9090999994659796,310.5918999935966,24642.240577785156
1790079517,156,GET,[GET] /actuator/health,22.500000,0.000000,4,5,5,6,8,9,10,15,25,25,25,1753,0,4,4.810349572561091,2.3474000045098364,56.38069999986328,49.0
1790079517,156,GET,[GET] /api/soporte/election/status,21.100000,0.000000,4,4,5,5,6,7,8,11,21,21,21,1811,0,4,4.279973550637554,2.096600001095794,57.24999999802094,78.0
1790079517,156,GET,[GET] /api/soporte/tickets,40.900000,0.000000,6,7,8,9,11,14,29,31,38,38,38,3541,0,7,7.5548122562360875,3.708900010678917,310.5918999935966,84651.0
1790079517,156,GET,[GET] /health,63.700000,0.000000,4,4,5,5,6,8,10,26,41,41,41,5093,0,4,4.244014058447853,1.9090999994659796,49.49259999557398,83.99469860592971
1790079517,156,,Aggregated,148.200000,0.000000,4,5,6,7,8,10,15,28,38,41,41,12198,0,5,5.291845277907124,1.9090999994659796,310.5918999935966,24627.326692900475
1790079518,157,GET,[GET] /actuator/health,24.200000,0.000000,4,5,5,6,8,9,10,15,25,25,25,1774,0,4,4.812962683599538,2.3474000045098364,56.38069999986328,49.0
1790079518,157,GET,[GET] /api/soporte/election/status,20.900000,0.000000,4,4,5,5,6,8,8,11,21,21,21,1836,0,4,4.287378976141454,2.096600001095794,57.24999999802094,78.0
1790079518,157,GET,[GET] /api/soporte/tickets,41.600000,0.000000,6,7,8,9,10,13,28,31,38,38,38,3578,0,7,7.543951201603967,3.708900010678917,310.5918999935966,84651.0
1790079518,157,GET,[GET] /health,62.600000,0.000000,4,4,5,5,7,8,10,17,41,41,41,5166,0,4,4.2444762484919965,1.9090999994659796,49.49259999557398,83.99477351916376
1790079518,157,,Aggregated,149.300000,0.000000,4,5,6,7,8,10,14,25,38,41,41,12354,0,5,5.28808849764853,1.9090999994659796,310.5918999935966,24570.611057147482
1790079519,158,GET,[GET] /actuator/health,24.400000,0.000000,4,5,5,6,8,9,10,15,25,25,25,1795,0,4,4.815921226022168,2.3474000045098364,56.38069999986328,49.0
1790079519,158,GET,[GET] /api/soporte/election/status,20.400000,0.000000,4,4,5,5,6,8,8,11,21,21,21,1859,0,4,4.2876556752312975,2.096600001095794,57.24999999802094,78.0
1790079519,158,GET,[GET] /api/soporte/tickets,41.700000,0.000000,6,7,8,9,10,13,28,31,38,38,38,3630,0,7,7.531040798716847,3.708900010678917,310.5918999935966,84651.0
1790079519,158,GET,[GET] /health,62.800000,0.000000,4,4,5,5,7,8,12,28,41,41,41,5229,0,4,4.247547312991571,1.9090999994659796,49.49259999557398,83.9948364888124
1790079519,158,,Aggregated,149.300000,0.000000,5,6,6,7,8,10,15,26,38,41,41,12513,0,5,5.287575601369764,1.9090999994659796,310.5918999935966,24610.828418444817
1790079520,159,GET,[GET] /actuator/health,24.100000,0.000000,4,5,5,6,8,10,11,15,25,25,25,1823,0,4,4.811351947739028,2.3474000045098364,56.38069999986328,49.0
1790079520,159,GET,[GET] /api/soporte/election/status,21.800000,0.000000,4,5,5,6,6,8,11,11,21,21,21,1884,0,4,4.297912420492769,2.096600001095794,57.24999999802094,78.0
1790079520,159,GET,[GET] /api/soporte/tickets,41.200000,0.000000,7,8,8,9,10,13,21,31,38,38,38,3670,0,7,7.53408839218512,3.708900010678917,310.5918999935966,84651.0
1790079520,159,GET,[GET] /health,64.500000,0.000000,4,4,5,6,7,8,12,18,41,41,41,5288,0,4,4.248339863775258,1.9090999994659796,49.49259999557398,83.99489409984871
1790079520,159,,Aggregated,151.600000,0.000000,5,6,6,7,8,10,14,21,38,41,41,12665,0,5,5.288881737062738,1.9090999994659796,310.5918999935966,24583.467350967232
1790079521,160,GET,[GET] /actuator/health,24.100000,0.000000,4,5,6,6,8,10,13,15,25,25,25,1852,0,4,4.820416037121938,2.3474000045098364,56.38069999986328,49.0
1790079521,160,GET,[GET] /api/soporte/election/status,21.900000,0.000000,4,5,5,6,6,8,11,11,21,21,21,1906,0,4,4.295972665378009,2.096600001095794,57.24999999802094,78.0
1790079521,160,GET,[GET] /api/soporte/tickets,42.100000,0.000000,6,7,8,9,10,12,21,31,38,38,38,3713,0,7,7.526488984460953,3.708900010678917,310.5918999935966,84651.0
1790079521,160,GET,[GET] /health,64.800000,0.000000,4,4,5,6,7,8,12,18,41,41,41,5359,0,4,4.252348311173668,1.9090999994659796,49.49259999557398,83.99496174659451
1790079521,160,,Aggregated,152.900000,0.000000,5,6,6,7,8,10,14,21,38,41,41,12830,0,5,5.28836497270799,1.9090999994659796,310.5918999935966,24551.730943102106
1790079522,161,GET,[GET] /actuator/health,24.700000,0.000000,4,5,6,6,8,10,13,15,25,25,25,1873,0,4,4.820861399224516,2.3474000045098364,56.38069999986328,49.0
1790079522,161,GET,[GET] /api/soporte/election/status,23.000000,0.000000,4,4,5,5,6,8,11,11,21,21,21,1925,0,4,4.290539013099397,2.096600001095794,57.24999999802094,78.0
1790079522,161,GET,[GET] /api/soporte/tickets,42.300000,0.000000,7,8,8,9,10,13,21,31,38,38,38,3768,0,7,7.519734129328655,3.708900010678917,310.5918999935966,84651.0
1790079522,161,GET,[GET] /health,64.200000,0.000000,4,4,5,6,7,8,13,18,41,41,41,5425,0,4,4.24895988931785,1.9090999994659796,49.49259999557398,83.99502304147465
1790079522,161,,Aggregated,154.200000,0.000000,5,6,6,7,8,10,14,21,38,41,41,12991,0,5,5.286254068187481,1.9090999994659796,310.5918999935966,24606.46355168963
1790079523,162,GET,[GET] /actuator/health,24.900000,0.000000,5,5,6,6,9,10,13,15,25,25,25,1892,0,4,4.829322569103689,2.3474000045098364,56.38069999986328,49.0
1790079523,162,GET,[GET] /api/soporte/election/status,22.500000,0.000000,4,4,5,6,7,8,11,16,33,33,33,1947,0,4,4.305671392008423,2.096600001095794,57.24999999802094,78.0
1790079523,162,GET,[GET] /api/soporte/tickets,41.200000,0.000000,7,8,8,9,10,12,17,29,38,38,38,3818,0,7,7.510850471264073,3.708900010678917,310.5918999935966,84651.0
1790079523,162,GET,[GET] /health,65.500000,0.000000,4,4,5,6,7,8,13,28,41,41,41,5482,0,4,4.250760379342546,1.9090999994659796,49.49259999557398,83.99507479022255
1790079523,162,,Aggregated,154.200000,0.000000,5,6,6,7,9,10,15,25,38,41,41,13139,0,5,5.289543800884896,1.9090999994659796,310.5918999935966,24651.99429180303
1790079524,163,GET,[GET] /actuator/health,24.300000,0.000000,5,6,6,7,9,10,13,15,25,25,25,1916,0,4,4.836899060925488,2.3474000045098364,56.38069999986328,49.0
1790079524,163,GET,[GET] /api/soporte/election/status,23.100000,0.000000,4,5,5,6,7,8,11,21,33,33,33,1961,0,4,4.308436461099522,2.096600001095794,57.24999999802094,78.0
1790079524,163,GET,[GET] /api/soporte/tickets,42.600000,0.000000,7,8,8,9,10,12,17,24,35,35,35,3866,0,7,7.514384298856098,3.708900010678917,310.5918999935966,84651.0
1790079524,163,GET,[GET] /health,64.800000,0.000000,4,4,5,6,7,8,13,28,41,41,41,5561,0,4,4.246988131565695,1.9090999994659796,49.49259999557398,83.99514475813703
1790079524,163,,Aggregated,154.800000,0.000000,5,6,6,7,9,10,14,23,36,41,41,13304,0,5,5.290473030664755,1.9090999994659796,310.5918999935966,24652.33801864101
1790079525,164,GET,[GET] /actuator/health,24.200000,0.000000,4,5,6,7,9,10,12,13,17,17,17,1932,0,4,4.840594772611903,2.3474000045098364,56.38069999986328,49.0
1790079525,164,GET,[GET] /api/soporte/election/status,22.600000,0.000000,4,4,5,6,7,8,11,21,33,33,33,1981,0,4,4.304475063206096,2.096600001095794,57.24999999802094,78.0
1790079525,164,GET,[GET] /api/soporte/tickets,44.200000,0.000000,7,8,8,9,11,12,16,21,34,34,34,3917,0,7,7.5187872604989225,3.708900010678917,310.5918999935966,84651.0
1790079525,164,GET,[GET] /health,66.200000,0.000000,4,4,5,6,7,8,11,14,41,41,41,5641,0,4,4.245712887707289,1.9090999994659796,49.49259999557398,83.99521361460734
1790079525,164,,Aggregated,157.200000,0.000000,5,6,7,7,9,10,13,17,36,41,41,13471,0,5,5.291392643443587,1.9090999994659796,310.5918999935966,24667.876920792813
1790079526,165,GET,[GET] /actuator/health,23.000000,0.000000,4,5,6,6,9,9,11,13,17,17,17,1961,0,4,4.835154003413106,2.3474000045098364,56.38069999986328,49.0
1790079526,165,GET,[GET] /api/soporte/election/status,21.700000,0.000000,4,5,5,6,7,8,10,16,33,33,33,1993,0,4,4.310146412571282,2.096600001095794,57.24999999802094,78.0
1790079526,165,GET,[GET] /api/soporte/tickets,45.500000,0.000000,7,7,8,9,11,12,14,17,34,34,34,3965,0,7,7.519330289885742,3.708900010678917,310.5918999935966,84651.0
1790079526,165,GET,[GET] /health,66.700000,0.000000,4,4,5,5,7,8,10,13,36,36,36,5706,0,4,4.245346302061285,1.9090999994659796,49.49259999557398,83.99526813880126
1790079526,165,,Aggregated,156.900000,0.000000,5,6,6,7,8,10,12,15,34,36,36,13625,0,5,5.29247335045184,1.9090999994659796,310.5918999935966,24687.855779816513
1790079527,166,GET,[GET] /actuator/health,23.000000,0.000000,4,5,6,6,9,9,11,12,13,13,13,1983,0,4,4.838505850067391,2.3474000045098364,56.38069999986328,49.0
1790079527,166,GET,[GET] /api/soporte/election/status,20.900000,0.000000,4,5,5,6,7,8,10,11,33,33,33,2011,0,4,4.31566215828097,2.096600001095794,57.24999999802094,78.0
1790079527,166,GET,[GET] /api/soporte/tickets,45.600000,0.000000,7,8,8,9,11,12,15,21,34,34,34,4012,0,7,7.534766026775257,3.708900010678917,310.5918999935966,84651.0
1790079527,166,GET,[GET] /health,67.900000,0.000000,4,4,5,5,7,8,10,11,36,36,36,5786,0,4,4.2546677323782935,1.9090999994659796,49.49259999557398,83.99533356377462
1790079527,166,,Aggregated,157.400000,0.000000,5,6,7,7,9,10,12,15,34,36,36,13792,0,5,5.301663464323507,1.9090999994659796,310.5918999935966,24678.062209976797
1790079528,167,GET,[GET] /actuator/health,23.000000,0.000000,4,5,6,6,9,9,11,12,13,13,13,2008,0,4,4.835537301146704,2.3474000045098364,56.38069999986328,49.0
1790079528,167,GET,[GET] /api/soporte/election/status,20.200000,0.000000,4,5,5,6,7,8,10,11,33,33,33,2040,0,4,4.312361813886216,2.096600001095794,57.24999999802094,78.0
1790079528,167,GET,[GET] /api/soporte/tickets,45.700000,0.000000,7,8,8,9,11,12,16,21,34,34,34,4056,0,7,7.530054733594375,3.708900010678917,310.5918999935966,84651.0
1790079528,167,GET,[GET] /health,69.200000,0.000000,4,4,5,5,7,8,10,11,36,36,36,5853,0,4,4.25012354340537,1.9090999994659796,49.49259999557398,83.99538698103537
1790079528,167,,Aggregated,158.100000,0.000000,5,6,7,7,9,10,12,15,34,36,36,13957,0,5,5.296614752456895,1.9090999994659796,310.5918999935966,24653.83628286881
1790079529,168,GET,[GET] /actuator/health,22.900000,0.000000,4,5,6,6,8,9,10,12,13,13,13,2032,0,4,4.833391781827718,2.3474000045098364,56.38069999986328,49.0
1790079529,168,GET,[GET] /api/soporte/election/status,19.800000,0.000000,4,4,5,6,7,9,10,10,33,33,33,2057,0,4,4.313742197543726,2.096600001095794,57.24999999802094,78.0
1790079529,168,GET,[GET] /api/soporte/tickets,46.400000,0.000000,7,7,8,9,11,12,16,21,34,34,34,4103,0,7,7.517448135392685,3.708900010678917,310.5918999935966,84651.0
1790079529,168,GET,[GET] /health,69.200000,0.000000,4,4,5,5,7,8,10,10,36,36,36,5934,0,4,4.246681108795826,1.9090999994659796,49.49259999557398,83.99544994944388
1790079529,168,,Aggregated,158.300000,0.000000,5,6,6,7,9,10,12,15,34,36,36,14126,0,5,5.2908619000518184,1.9090999994659796,310.5918999935966,24641.193260654112
1790079530,169,GET,[GET] /actuator/health,23.400000,0.000000,4,5,6,6,8,9,9,10,12,12,12,2064,0,4,4.8282612406394545,2.3474000045098364,56.38069999986328,49.0
1790079530,169,GET,[GET] /api/soporte/election/status,19.700000,0.000000,4,4,5,5,7,9,10,10,33,33,33,2080,0,4,4.315433077079853,2.096600001095794,57.24999999802094,78.0
1790079530,169,GET,[GET] /api/soporte/tickets,47.200000,0.000000,7,7,8,9,11,12,15,21,34,34,34,4150,0,7,7.507131807123877,3.708900010678917,310.5918999935966,84651.0
1790079530,169,GET,[GET] /health,68.700000,0.000000,4,4,5,5,7,8,9,10,36,36,36,6004,0,4,4.248102115193351,1.9090999994659796,49.49259999557398,83.99550299800133
1790079530,169,,Aggregated,159.000000,0.000000,5,6,6,7,9,10,12,14,34,36,36,14298,0,5,5.287581067295489,1.9090999994659796,310.5918999935966,24623.677087704575
1790079531,170,GET,[GET] /actuator/health,23.700000,0.000000,4,5,6,6,8,9,9,10,12,12,12,2093,0,4,4.830232298467642,2.3474000045098364,56.38069999986328,49.0
1790079531,170,GET,[GET] /api/soporte/election/status,20.000000,0.000000,4,5,5,6,7,9,10,10,33,33,33,2111,0,4,4.321019895929443,2.096600001095794,57.24999999802094,78.0
1790079531,170,GET,[GET] /api/soporte/tickets,47.200000,0.000000,7,7,8,9,11,12,16,21,34,34,34,4199,0,7,7.501414527180021,3.708900010678917,310.5918999935966,84651.0
1790079531,170,GET,[GET] /health,69.800000,0.000000,4,4,5,5,7,8,10,10,36,36,36,6074,0,4,4.254359746381584,1.9090999994659796,49.49259999557398,83.99555482383931
1790079531,170,,Aggregated,160.700000,0.000000,5,6,6,7,9,10,12,14,34,36,36,14477,0,5,5.2891324100400965,1.9090999994659796,310.5918999935966,24606.40692132348
1790079532,171,GET,[GET] /actuator/health,23.200000,0.000000,4,5,6,6,8,9,9,10,13,13,13,2117,0,4,4.832000945052783,2.3474000045098364,56.38069999986328,49.0
1790079532,171,GET,[GET] /api/soporte/election/status,18.800000,0.000000,4,5,5,5,7,9,10,10,14,14,14,2140,0,4,4.324904159018792,2.096600001095794,57.24999999802094,78.0
1790079532,171,GET,[GET] /api/soporte/tickets,48.100000,0.000000,7,7,8,9,10,12,16,21,34,34,34,4246,0,7,7.494607654171945,3.708900010678917,310.5918999935966,84651.0
1790079532,171,GET,[GET] /health,70.700000,0.000000,4,4,5,6,7,8,10,10,13,13,13,6136,0,4,4.258645045553252,1.9090999994659796,49.49259999557398,83.9955997392438
1790079532,171,,Aggregated,160.800000,0.000000,5,6,6,7,8,10,12,14,24,34,34,14639,0,5,5.289827925411967,1.9090999994659796,310.5918999935966,24606.475578932987
1790079533,172,GET,[GET] /actuator/health,24.000000,0.000000,4,5,6,6,7,9,9,10,13,13,13,2141,0,4,4.824340588818865,2.3474000045098364,56.38069999986328,49.0
1790079533,172,GET,[GET] /api/soporte/election/status,19.700000,0.000000,4,4,5,5,7,9,10,10,14,14,14,2159,0,4,4.318519129365048,2.096600001095794,57.24999999802094,78.0
1790079533,172,GET,[GET] /api/soporte/tickets,48.900000,0.000000,7,7,8,9,10,12,15,17,22,22,22,4301,0,7,7.484874308192894,3.708900010678917,310.5918999935966,84651.0
1790079533,172,GET,[GET] /health,71.100000,0.000000,4,4,5,5,7,8,10,10,13,13,13,6206,0,4,4.254126474318309,1.9090999994659796,49.49259999557398,83.9956493715759
1790079533,172,,Aggregated,163.600000,0.000000,5,6,6,7,8,10,12,14,21,22,22,14807,0,5,5.284402600129493,1.9090999994659796,310.5918999935966,24642.300195853313
1790079534,173,GET,[GET] /actuator/health,24.100000,0.000000,4,5,6,6,7,8,9,10,13,13,13,2168,0,4,4.826793265989698,2.3474000045098364,56.38069999986328,49.0
1790079534,173,GET,[GET] /api/soporte/election/status,21.000000,0.000000,4,5,5,5,7,9,10,10,14,14,14,2189,0,4,4.319576199338042,2.096600001095794,57.24999999802094,78.0
1790079534,173,GET,[GET] /api/soporte/tickets,48.400000,0.000000,7,7,8,9,10,12,15,18,30,30,30,4350,0,7,7.494777310244878,3.708900010678917,310.5918999935966,84651.0
1790079534,173,GET,[GET] /health,71.300000,0.000000,4,5,5,6,7,9,10,12,13,13,13,6274,0,4,4.262208272170087,1.9090999994659796,49.49259999557398,83.99569652534268
1790079534,173,,Aggregated,164.800000,0.000000,5,6,6,7,9,10,12,14,22,30,30,14981,0,5,5.2909295841517245,1.9090999994659796,310.5918999935966,24633.590080768972
1790079535,174,GET,[GET] /actuator/health,24.800000,0.000000,4,5,6,6,8,9,10,10,13,13,13,2191,0,4,4.830379644311853,2.3474000045098364,56.38069999986328,49.0
1790079535,174,GET,[GET] /api/soporte/election/status,21.000000,0.000000,4,4,5,5,7,8,10,10,14,14,14,2218,0,4,4.3155760145821755,2.096600001095794,57.24999999802094,78.0
1790079535,174,GET,[GET] /api/soporte/tickets,47.300000,0.000000,6,7,8,9,10,12,15,18,30,30,30,4395,0,7,7.492171262697644,3.708900010678917,310.5918999935966,84651.0
1790079535,174,GET,[GET] /health,71.900000,0.000000,4,5,5,6,8,9,10,12,13,13,13,6358,0,4,4.269118181757975,1.9090999994659796,49.49259999557398,83.99575338156653
1790079535,174,,Aggregated,165.000000,0.000000,5,6,6,7,9,10,12,14,22,30,30,15162,0,5,5.291284494143509,1.9090999994659796,310.5918999935966,24591.449215143122
1790079536,175,GET,[GET] /actuator/health,26.000000,0.000000,4,5,6,6,8,9,10,10,13,13,13,2215,0,4,4.82685914249727,2.3474000045098364,56.38069999986328,49.0
1790079536,175,GET,[GET] /api/soporte/election/status,22.200000,0.000000,4,4,5,5,6,8,10,10,14,14,14,2241,0,4,4.313824810491057,2.096600001095794,57.24999999802094,78.0
1790079536,175,GET,[GET] /api/soporte/tickets,47.000000,0.000000,6,7,8,8,10,11,14,15,30,30,30,4445,0,7,7.480646074133143,3.708900010678917,310.5918999935966,84651.0
1790079536,175,GET,[GET] /health,71.400000,0.000000,4,4,5,6,7,9,10,12,13,13,13,6437,0,4,4.264426984563106,1.9090999994659796,49.49259999557398,83.99580549945627
1790079536,175,,Aggregated,166.600000,0.000000,5,6,6,7,8,10,11,13,18,30,30,15338,0,5,5.284936934417554,1.9090999994659796,310.5918999935966,24585.84619898292
1790079537,176,GET,[GET] /actuator/health,25.700000,0.000000,4,5,6,6,8,9,10,10,13,13,13,2235,0,4,4.839397002528766,2.3474000045098364,56.38069999986328,49.0
1790079537,176,GET,[GET] /api/soporte/election/status,23.100000,0.000000,4,5,5,6,7,8,10,12,14,14,14,2271,0,4,4.331590929243684,2.096600001095794,57.24999999802094,78.0
1790079537,176,GET,[GET] /api/soporte/tickets,47.400000,0.000000,6,7,8,9,10,12,14,15,30,30,30,4504,0,7,7.4992028862273035,3.708900010678917,310.5918999935966,84651.0
1790079537,176,GET,[GET] /health,71.200000,0.000000,4,5,5,6,7,9,10,12,19,19,19,6500,0,4,4.273173799939776,1.9090999994659796,49.49259999557398,83.99584615384616
1790079537,176,,Aggregated,167.400000,0.000000,5,6,6,7,8,10,12,13,23,30,30,15510,0,5,5.300137640241168,1.9090999994659796,310.5918999935966,24635.76595744681
1790079538,177,GET,[GET] /actuator/health,24.800000,0.000000,4,5,6,7,8,9,10,13,15,15,15,2257,0,4,4.852056535507404,2.3474000045098364,56.38069999986328,49.0
1790079538,177,GET,[GET] /api/soporte/election/status,24.200000,0.000000,4,5,5,6,7,8,10,12,14,14,14,2298,0,4,4.335426501450269,2.096600001095794,57.24999999802094,78.0
1790079538,177,GET,[GET] /api/soporte/tickets,47.900000,0.000000,6,7,8,9,11,13,15,16,30,30,30,4557,0,7,7.505680645058907,3.708900010678917,310.5918999935966,84651.0
1790079538,177,GET,[GET] /health,71.500000,0.000000,4,5,5,6,8,9,11,12,45,45,45,6567,0,4,4.283853266273039,1.9090999994659796,49.49259999557398,83.99543170397442
1790079538,177,,Aggregated,168.400000,0.000000,5,6,7,7,9,10,13,14,30,45,45,15679,0,5,5.309608571982997,1.9090999994659796,310.5918999935966,24656.932329867977
1790079539,178,GET,[GET] /actuator/health,25.200000,0.000000,4,6,6,7,9,10,13,13,19,19,19,2282,0,4,4.872033172920394,2.3474000045098364,56.38069999986328,49.0
1790079539,178,GET,[GET] /api/soporte/election/status,25.800000,0.000000,4,5,5,6,7,9,13,13,14,14,14,2319,0,4,4.347804571092926,2.096600001095794,57.24999999802094,78.0
1790079539,178,GET,[GET] /api/soporte/tickets,48.100000,0.000000,7,8,8,9,11,13,15,16,30,30,30,4613,0,7,7.514729265003556,3.708900010678917,310.5918999935966,84651.0
1790079539,178,GET,[GET] /health,71.300000,0.000000,4,5,6,6,8,10,12,13,45,45,45,6648,0,4,4.3022836792410875,1.9090999994659796,49.49259999557398,83.99548736462094
1790079539,178,,Aggregated,170.400000,0.000000,5,6,7,7,9,11,13,15,30,45,45,15862,0,5,5.325152345229164,1.9090999994659796,310.5918999935966,24671.93071491615
1790079540,179,GET,[GET] /actuator/health,24.800000,0.000000,4,6,6,7,9,10,13,13,19,19,19,2305,0,4,4.878786160765163,2.3474000045098364,56.38069999986328,49.0
1790079540,179,GET,[GET] /api/soporte/election/status,26.100000,0.000000,4,5,5,6,7,9,13,13,14,14,14,2341,0,4,4.359078983507387,2.096600001095794,57.24999999802094,78.0
1790079540,179,GET,[GET] /api/soporte/tickets,49.500000,0.000000,7,8,9,9,11,14,15,18,30,30,30,4654,0,7,7.519399484207993,3.708900010678917,310.5918999935966,84651.0
1790079540,179,GET,[GET] /health,70.700000,0.000000,4,5,6,6,8,10,12,13,45,45,45,6731,0,4,4.305337661506773,1.9090999994659796,49.49259999557398,83.99554300995395
1790079540,179,,Aggregated,171.100000,0.000000,5,6,7,7,9,11,13,15,30,45,45,16031,0,5,5.328720541454717,1.9090999994659796,310.5918999935966,24628.948350071736
1790079541,180,GET,[GET] /actuator/health,25.000000,0.000000,4,6,7,7,9,10,11,13,19,19,19,2334,0,4,4.872759040528137,2.3474000045098364,56.38069999986328,49.0
1790079541,180,GET,[GET] /api/soporte/election/status,25.600000,0.000000,4,5,6,6,7,9,12,13,13,13,13,2365,0,4,4.367164355366989,2.096600001095794,57.24999999802094,78.0
1790079541,180,GET,[GET] /api/soporte/tickets,50.500000,0.000000,7,8,9,9,11,13,15,18,30,30,30,4710,0,7,7.512835944696125,3.708900010678917,310.5918999935966,84651.0
1790079541,180,GET,[GET] /health,70.800000,0.000000,4,5,6,6,8,9,11,13,45,45,45,6800,0,4,4.305684764652089,1.9090999994659796,49.49259999557398,83.99558823529412
1790079541,180,,Aggregated,171.900000,0.000000,5,6,7,7,9,11,13,15,30,45,45,16209,0,5,5.328242149434792,1.9090999994659796,310.5918999935966,24651.503238941328
1790079542,181,GET,[GET] /actuator/health,24.400000,0.000000,4,6,7,7,9,10,11,13,19,19,19,2357,0,4,4.874143105894339,2.3474000045098364,56.38069999986328,49.0
1790079542,181,GET,[GET] /api/soporte/election/status,26.400000,0.000000,4,5,6,6,7,9,12,13,13,13,13,2389,0,4,4.3669483049351365,2.096600001095794,57.24999999802094,78.0
1790079542,181,GET,[GET] /api/soporte/tickets,49.700000,0.000000,7,8,8,9,11,13,15,18,30,30,30,4767,0,7,7.502972120717204,3.708900010678917,310.5918999935966,84651.0
1790079542,181,GET,[GET] /health,71.900000,0.000000,4,5,6,6,8,9,11,13,45,45,45,6887,0,4,4.311147291959553,1.9090999994659796,49.49259999557398,83.99564396689415
1790079542,181,,Aggregated,172.400000,0.000000,5,6,7,7,9,11,13,15,30,45,45,16400,0,5,5.327959408552887,1.9090999994659796,310.5918999935966,24659.245731707317
1790079543,182,GET,[GET] /actuator/health,23.700000,0.000000,4,6,7,7,9,10,11,13,19,19,19,2380,0,4,4.8647060086463965,2.3046999995131046,56.38069999986328,49.0
1790079543,182,GET,[GET] /api/soporte/election/status,26.200000,0.000000,4,5,6,6,8,9,12,13,13,13,13,2415,0,4,4.362580911174424,2.096600001095794,57.24999999802094,78.0
1790079543,182,GET,[GET] /api/soporte/tickets,50.700000,0.000000,7,7,8,9,11,13,15,16,30,30,30,4825,0,7,7.4799006423759735,3.2902999955695122,310.5918999935966,84651.0
1790079543,182,GET,[GET] /health,73.100000,0.000000,4,5,6,6,8,9,11,12,45,45,45,6954,0,4,4.304600345090401,1.6930999991018325,49.49259999557398,83.99568593615186
1790079543,182,,Aggregated,173.700000,0.000000,5,6,7,7,9,11,13,15,30,45,45,16574,0,5,5.31786802222079,1.6930999991018325,310.5918999935966,24697.126282128636
1790079544,183,GET,[GET] /actuator/health,24.100000,0.000000,4,5,6,7,9,9,11,13,19,19,19,2397,0,4,4.8600529414223965,2.3046999995131046,56.38069999986328,49.0
1790079544,183,GET,[GET] /api/soporte/election/status,25.200000,0.000000,4,5,6,6,8,9,11,13,13,13,13,2448,0,4,4.356059885817647,2.096600001095794,57.24999999802094,78.0
1790079544,183,GET,[GET] /api/soporte/tickets,51.200000,0.000000,6,7,8,9,11,13,15,16,23,23,23,4880,0,7,7.466916290873907,3.2902999955695122,310.5918999935966,84651.0
1790079544,183,GET,[GET] /health,73.500000,0.000000,4,5,5,6,7,9,11,12,45,45,45,7032,0,4,4.300385366864233,1.6930999991018325,49.49259999557398,83.99573378839591
1790079544,183,,Aggregated,174.000000,0.000000,5,6,7,7,9,11,13,15,23,45,45,16757,0,5,5.310738372043029,1.6930999991018325,310.5918999935966,24705.850390881424
1790079545,184,GET,[GET] /actuator/health,23.600000,0.000000,4,5,7,7,9,10,12,13,19,19,19,2427,0,4,4.863883312993526,2.3046999995131046,56.38069999986328,49.0
1790079545,184,GET,[GET] /api/soporte/election/status,25.000000,0.000000,4,5,6,6,8,9,11,13,13,13,13,2481,0,4,4.362384845016884,2.096600001095794,57.24999999802094,78.0
1790079545,184,GET,[GET] /api/soporte/tickets,51.900000,0.000000,7,7,8,9,11,13,15,16,23,23,23,4927,0,7,7.464773858245041,3.2902999955695122,310.5918999935966,84651.0
1790079545,184,GET,[GET] /health,74.200000,0.000000,4,5,5,6,7,9,11,12,45,45,45,7116,0,4,4.304700548034519,1.6930999991018325,49.49259999557398,83.99578414839797
1790079545,184,,Aggregated,174.700000,0.000000,5,6,7,7,9,11,13,15,23,45,45,16951,0,5,5.311716801398687,1.6930999991018325,310.5918999935966,24658.464515367825
1790079546,185,GET,[GET] /actuator/health,22.400000,0.000000,4,5,6,7,9,9,11,13,19,19,19,2446,0,4,4.864246852275495,2.3046999995131046,56.38069999986328,49.0
1790079546,185,GET,[GET] /api/soporte/election/status,25.200000,0.000000,4,5,6,6,8,9,10,13,13,13,13,2516,0,4,4.367562440570647,2.096600001095794,57.24999999802094,78.0
1790079546,185,GET,[GET] /api/soporte/tickets,52.800000,0.000000,6,7,8,9,11,12,15,16,21,21,21,4976,0,7,7.459115755547032,3.2902999955695122,310.5918999935966,84651.0
1790079546,185,GET,[GET] /health,75.100000,0.000000,4,5,5,6,7,9,11,12,45,45,45,7192,0,4,4.304371607302829,1.6930999991018325,49.49259999557398,83.99582869855395
1790079546,185,,Aggregated,175.500000,0.000000,5,6,7,7,9,10,13,15,21,45,45,17130,0,5,5.310002072414804,1.6930999991018325,310.5918999935966,24643.524576765907
1790080181,186,GET,[GET] /actuator/health,22.400000,0.000000,0,0,0,0,0,0,0,0,0,0,0,2457,0,4,4.870787830950605,2.3046999995131046,56.38069999986328,49.0
1790080181,186,GET,[GET] /api/soporte/election/status,25.200000,0.000000,0,0,0,0,0,0,0,0,0,0,0,2531,0,4,4.379697669084864,2.096600001095794,57.24999999802094,78.0
1790080181,186,GET,[GET] /api/soporte/tickets,52.800000,0.000000,0,0,0,0,0,0,0,0,0,0,0,4991,0,7,7.461946203089833,3.2902999955695122,310.5918999935966,84651.0
1790080181,186,GET,[GET] /health,75.100000,0.000000,0,0,0,0,0,0,0,0,0,0,0,7232,0,4,4.308351119984401,1.6930999991018325,49.49259999557398,83.99585176991151
1790080181,186,,Aggregated,175.500000,0.000000,0,0,0,0,0,0,0,0,0,0,0,17211,0,5,5.313642978353842,1.6930999991018325,310.5918999935966,24601.615827087327
