Timestamp,User Count,Type,Name,Requests/s,Failures/s,50%,66%,75%,80%,90%,95%,98%,99%,99.9%,99.99%,100%,Total Request Count,Total Failure Count,Total Median Response Time,Total Average Response Time,Total Min Response Time,Total Max Response Time,Total Average Content Size

1790042199,0,,Aggregated,0.000000,0.000000,N/A,N/A,N/A,N/A,N/A,N/A,N/A,N/A,N/A,N/A,N/A,0,0,0,0.0,0,0,0

1790042200,5,GET,[GET] /actuator/health,0.000000,0.000000,0,0,0,0,0,0,0,0,0,0,0,1,0,18.875800000387244,18.875800000387244,18.875800000387244,18.875800000387244,49.0

1790042200,5,GET,[GET] /api/soporte/election/status,0.000000,0.000000,0,0,0,0,0,0,0,0,0,0,0,1,0,17.39829999860376,17.39829999860376,17.39829999860376,17.39829999860376,78.0

1790042200,5,GET,[GET] /api/soporte/tickets,0.000000,0.000000,0,0,0,0,0,0,0,0,0,0,0,1,0,7.767800001602154,7.767800001602154,7.767800001602154,7.767800001602154,84567.0

1790042200,5,GET,[GET] /health,0.000000,0.000000,0,0,0,0,0,0,0,0,0,0,0,5,0,21,18.8306999989436,3.1670000025769696,32.24279999994906,84.0

1790042200,5,,Aggregated,0.000000,0.000000,0,0,0,0,0,0,0,0,0,0,0,8,0,17,17.274424999413895,3.1670000025769696,32.24279999994906,10639.25

1790042201,10,GET,[GET] /actuator/health,0.000000,0.000000,15,15,15,15,15,15,15,15,15,15,15,3,0,15,12.927933334140107,4.65260000055423,18.875800000387244,49.0

1790042201,10,GET,[GET] /api/soporte/election/status,0.000000,0.000000,17,17,17,17,17,17,17,17,17,17,17,1,0,17.39829999860376,17.39829999860376,17.39829999860376,17.39829999860376,78.0

1790042201,10,GET,[GET] /api/soporte/tickets,0.000000,0.000000,0,0,0,0,0,0,0,0,0,0,0,5,0,16,16.038799998932518,5.7737999959499575,26.698000001488253,84567.0

1790042201,10,GET,[GET] /health,0.000000,0.000000,4,4,6,6,29,29,29,29,29,29,29,9,0,6,14.894555555656552,3.1670000025769696,32.24279999994906,84.0

1790042201,10,,Aggregated,0.000000,0.000000,6,15,16,24,27,29,29,29,29,29,29,18,0,15,15.023727777588647,3.1670000025769696,32.24279999994906,23545.333333333332

1790042202,15,GET,[GET] /actuator/health,1.000000,0.000000,4,5,5,15,15,15,15,15,15,15,15,6,0,4,8.3326000009644,3.3504999955766834,18.875800000387244,49.0

1790042202,15,GET,[GET] /api/soporte/election/status,1.000000,0.000000,17,17,40,40,40,40,40,40,40,40,40,3,0,17,24.72253333204814,16.2756999998237,40.493599997716956,78.0

1790042202,15,GET,[GET] /api/soporte/tickets,0.000000,0.000000,8,8,13,14,46,46,46,46,46,46,46,14,0,8,14.039435714948922,5.7737999959499575,45.70390000299085,84567.0

1790042202,15,GET,[GET] /health,3.000000,0.000000,5,6,9,9,29,43,43,43,43,43,43,15,0,6,13.647160000982694,3.1670000025769696,43.428200006019324,84.0

1790042202,15,,Aggregated,5.000000,0.000000,7,9,15,16,29,43,46,46,46,46,46,38,0,8,13.826913158577794,3.1670000025769696,45.70390000299085,31203.315789473683

1790042203,25,GET,[GET] /actuator/health,1.500000,0.000000,5,5,15,15,16,16,16,16,16,16,16,8,0,5,8.910087499316433,3.3504999955766834,18.875800000387244,49.0

1790042203,25,GET,[GET] /api/soporte/election/status,0.500000,0.000000,17,17,17,17,40,40,40,40,40,40,40,6,0,16,18.028149998523684,7.165499999246094,40.493599997716956,78.0

1790042203,25,GET,[GET] /api/soporte/tickets,2.000000,0.000000,8,12,13,14,16,46,46,46,46,46,46,21,0,8,12.955652381822889,5.7737999959499575,45.70390000299085,84567.0

1790042203,25,GET,[GET] /health,4.000000,0.000000,4,5,6,9,18,29,43,43,43,43,43,25,0,4,10.687680000555702,3.1072999991010875,43.428200006019324,84.0

1790042203,25,,Aggregated,8.000000,0.000000,7,12,16,16,24,40,43,46,46,46,46,60,0,7,11.978505000297446,3.1072999991010875,45.70390000299085,29647.783333333333

1790042204,30,GET,[GET] /actuator/health,1.000000,0.000000,4,5,13,13,15,16,16,16,16,16,16,13,0,4,7.703576922582355,3.3504999955766834,18.875800000387244,49.0

1790042204,30,GET,[GET] /api/soporte/election/status,1.000000,0.000000,16,17,17,17,40,40,40,40,40,40,40,8,0,9,14.501637499051867,2.8315000017755665,40.493599997716956,78.0

1790042204,30,GET,[GET] /api/soporte/tickets,4.333333,0.000000,7,8,13,14,16,18,46,46,46,46,46,28,0,8,11.84873571505055,5.7737999959499575,45.70390000299085,84567.0

1790042204,30,GET,[GET] /health,4.333333,0.000000,4,5,6,10,18,29,43,43,43,43,43,36,0,4,9.383502778291586,2.8433999978005886,43.428200006019324,84.0

1790042204,30,,Aggregated,10.666667,0.000000,6,8,13,16,18,29,43,46,46,46,46,85,0,7,10.420356470892917,2.8315000017755665,45.70390000299085,27907.776470588236

1790042205,35,GET,[GET] /actuator/health,2.000000,0.000000,4,5,5,13,15,16,16,16,16,16,16,14,0,4,7.530678570869246,3.3504999955766834,18.875800000387244,49.0

1790042205,35,GET,[GET] /api/soporte/election/status,1.500000,0.000000,9,16,17,17,17,40,40,40,40,40,40,14,0,9,11.90112857044109,2.8315000017755665,40.493599997716956,78.0

1790042205,35,GET,[GET] /api/soporte/tickets,4.750000,0.000000,7,12,13,16,18,21,46,46,46,46,46,38,0,8,11.585210526582637,5.658599999151193,45.70390000299085,84567.0

1790042205,35,GET,[GET] /health,4.750000,0.000000,4,4,6,6,16,18,43,43,43,43,43,51,0,4,7.754492156855835,2.4635000008856878,43.428200006019324,84.0

1790042205,35,,Aggregated,13.000000,0.000000,6,8,12,14,18,24,40,43,46,46,46,117,0,6,9.46805470075327,2.4635000008856878,45.70390000299085,27518.017094017094

1790042206,40,GET,[GET] /actuator/health,2.400000,0.000000,5,5,13,13,15,16,16,16,16,16,16,16,0,5,7.726168749741191,3.3504999955766834,18.875800000387244,49.0

1790042206,40,GET,[GET] /api/soporte/election/status,1.400000,0.000000,5,9,16,17,17,40,40,40,40,40,40,19,0,5,9.712752631075043,2.8154000028735027,40.493599997716956,78.0

1790042206,40,GET,[GET] /api/soporte/tickets,5.400000,0.000000,7,8,12,13,18,18,46,46,46,46,46,46,0,7,10.712506521762723,4.851300000154879,45.70390000299085,84567.0

1790042206,40,GET,[GET] /health,6.000000,0.000000,4,4,5,6,12,18,29,43,43,43,43,74,0,4,6.84693378354643,2.4635000008856878,43.428200006019324,84.0

1790042206,40,,Aggregated,15.200000,0.000000,5,7,9,12,16,18,40,43,46,46,46,155,0,6,8.436189677224554,2.4635000008856878,45.70390000299085,25152.025806451613

1790042207,45,GET,[GET] /actuator/health,2.166667,0.000000,4,5,5,13,15,16,16,16,16,16,16,21,0,4,6.712914285474524,2.700699995330069,18.875800000387244,49.0

1790042207,45,GET,[GET] /api/soporte/election/status,1.833333,0.000000,4,7,13,16,17,17,40,40,40,40,40,24,0,4,8.433270832938433,2.8154000028735027,40.493599997716956,78.0

1790042207,45,GET,[GET] /api/soporte/tickets,5.500000,0.000000,7,8,9,12,18,18,46,46,46,46,46,53,0,7,10.184449056670825,4.851300000154879,45.70390000299085,84567.0

1790042207,45,GET,[GET] /health,7.833333,0.000000,4,4,5,6,12,16,29,43,43,43,43,99,0,4,6.4192161612527805,2.0325000004959293,43.428200006019324,84.0

1790042207,45,,Aggregated,17.333333,0.000000,5,7,8,10,16,18,29,43,46,46,46,197,0,5,7.708872588594246,2.0325000004959293,45.70390000299085,22808.46700507614

1790042208,50,GET,[GET] /actuator/health,2.142857,0.000000,4,5,5,5,15,16,17,17,17,17,17,27,0,4,6.718174074194394,2.700699995330069,18.875800000387244,49.0

1790042208,50,GET,[GET] /api/soporte/election/status,2.285714,0.000000,4,5,9,9,17,17,40,40,40,40,40,31,0,4,7.261441935571061,2.4121000024024397,40.493599997716956,78.0

1790042208,50,GET,[GET] /api/soporte/tickets,5.857143,0.000000,7,8,9,12,16,18,21,46,46,46,46,65,0,7,9.866326153636551,4.851300000154879,45.70390000299085,84567.0

1790042208,50,GET,[GET] /health,9.428571,0.000000,4,4,5,6,12,16,18,29,43,43,43,121,0,4,6.0042842972108685,2.0325000004959293,43.428200006019324,84.0

1790042208,50,,Aggregated,19.714286,0.000000,5,6,7,9,15,18,27,40,46,46,46,244,0,5,7.271823770306732,2.0325000004959293,45.70390000299085,22585.081967213115

1790042209,50,GET,[GET] /actuator/health,2.125000,0.000000,4,5,5,5,15,17,21,21,21,21,21,38,0,4,6.307660526592946,2.700699995330069,20.929999998770654,49.0

1790042209,50,GET,[GET] /api/soporte/election/status,2.875000,0.000000,4,4,7,9,17,17,40,40,40,40,40,33,0,4,7.030457576161787,2.4121000024024397,40.493599997716956,78.0

1790042209,50,GET,[GET] /api/soporte/tickets,6.125000,0.000000,7,8,8,12,16,18,21,46,46,46,46,80,0,7,9.339036250003119,4.681099999288563,45.70390000299085,84567.0

1790042209,50,GET,[GET] /health,10.875000,0.000000,4,4,5,6,11,14,18,29,43,43,43,147,0,4,5.8019700678711645,2.0325000004959293,43.428200006019324,84.0

1790042209,50,,Aggregated,22.000000,0.000000,4,6,7,8,14,17,24,40,46,46,46,298,0,4,6.952042617453629,2.0325000004959293,45.70390000299085,22758.872483221476

1790042210,50,GET,[GET] /actuator/health,2.555556,0.000000,4,5,5,5,13,16,21,21,21,21,21,43,0,4,6.051104651326801,2.700699995330069,20.929999998770654,49.0

1790042210,50,GET,[GET] /api/soporte/election/status,3.333333,0.000000,4,4,5,7,16,17,40,40,40,40,40,40,0,4,6.465207500332326,2.4121000024024397,40.493599997716956,78.0

1790042210,50,GET,[GET] /api/soporte/tickets,6.555556,0.000000,7,7,8,8,15,18,21,46,46,46,46,95,0,7,8.861559999978022,4.486400001042057,45.70390000299085,84567.0

1790042210,50,GET,[GET] /health,11.777778,0.000000,4,4,4,5,10,13,17,18,43,43,43,169,0,4,5.493522485084046,2.0325000004959293,43.428200006019324,84.0

1790042210,50,,Aggregated,24.222222,0.000000,4,6,7,7,12,16,18,21,46,46,46,347,0,4,6.5967126801079585,2.0325000004959293,45.70390000299085,23208.322766570604

1790042211,50,GET,[GET] /actuator/health,3.200000,0.000000,4,5,5,5,13,16,21,21,21,21,21,48,0,4,5.895618750249317,2.700699995330069,20.929999998770654,49.0

1790042211,50,GET,[GET] /api/soporte/election/status,3.200000,0.000000,4,4,4,5,9,13,17,17,17,17,17,45,0,4,6.064355555766572,2.4121000024024397,40.493599997716956,78.0

1790042211,50,GET,[GET] /api/soporte/tickets,7.400000,0.000000,7,7,8,8,15,18,18,21,21,21,21,113,0,7,8.723035398216513,4.486400001042057,45.70390000299085,84567.0

1790042211,50,GET,[GET] /health,13.300000,0.000000,4,4,4,5,9,12,16,18,18,18,18,194,0,4,5.242192783418769,2.0325000004959293,43.428200006019324,84.0

1790042211,50,,Aggregated,27.100000,0.000000,4,6,6,7,10,15,18,18,21,21,21,400,0,4,6.396435250007926,2.0325000004959293,45.70390000299085,23945.5725

1790042212,50,GET,[GET] /actuator/health,4.000000,0.000000,4,4,5,5,6,13,21,21,21,21,21,56,0,4,5.594262500121009,2.700699995330069,20.929999998770654,49.0

1790042212,50,GET,[GET] /api/soporte/election/status,3.600000,0.000000,3,4,4,4,5,9,13,17,17,17,17,57,0,4,5.643045614098746,2.4121000024024397,40.493599997716956,78.0

1790042212,50,GET,[GET] /api/soporte/tickets,8.800000,0.000000,7,7,8,8,10,18,18,21,32,32,32,130,0,7,8.621809230792747,4.486400001042057,45.70390000299085,84567.0

1790042212,50,GET,[GET] /health,15.400000,0.000000,3,4,4,4,6,12,14,17,18,18,18,212,0,4,5.091536792329038,2.0325000004959293,43.428200006019324,84.0

1790042212,50,,Aggregated,31.800000,0.000000,4,5,6,7,9,13,18,18,32,32,32,455,0,4,6.231150109862019,2.0325000004959293,45.70390000299085,24216.94065934066

1790042213,50,GET,[GET] /actuator/health,4.200000,0.000000,4,4,5,5,6,13,17,21,21,21,21,65,0,4,5.49469538460611,2.5717999960761517,20.929999998770654,49.0

1790042213,50,GET,[GET] /api/soporte/election/status,4.200000,0.000000,3,4,4,4,5,9,13,17,17,17,17,60,0,4,5.530543333346334,2.4121000024024397,40.493599997716956,78.0

1790042213,50,GET,[GET] /api/soporte/tickets,10.200000,0.000000,7,7,8,8,10,18,18,21,32,32,32,144,0,7,8.45691388879762,4.486400001042057,45.70390000299085,84567.0

1790042213,50,GET,[GET] /health,17.000000,0.000000,3,4,4,4,6,10,13,14,17,17,17,233,0,4,5.015274677946494,2.0325000004959293,43.428200006019324,84.0

1790042213,50,,Aggregated,35.600000,0.000000,4,5,6,7,8,12,17,18,32,32,32,502,0,4,6.12618007957882,2.0325000004959293,45.70390000299085,24312.918326693227

1790042214,50,GET,[GET] /actuator/health,5.000000,0.000000,4,5,5,5,6,9,17,21,21,21,21,76,0,4,5.287321052540057,2.5717999960761517,20.929999998770654,49.0

1790042214,50,GET,[GET] /api/soporte/election/status,4.500000,0.000000,3,4,4,4,5,5,5,8,8,8,8,68,0,3,5.267501470691915,2.4121000024024397,40.493599997716956,78.0

1790042214,50,GET,[GET] /api/soporte/tickets,10.500000,0.000000,6,7,7,8,9,14,18,18,32,32,32,155,0,7,8.302245161218208,4.486400001042057,45.70390000299085,84567.0

1790042214,50,GET,[GET] /health,19.400000,0.000000,3,4,4,4,6,10,13,14,17,17,17,253,0,3,4.873881027558699,1.9185999990440905,43.428200006019324,84.0

1790042214,50,,Aggregated,39.400000,0.000000,4,5,6,6,8,10,15,17,32,32,32,552,0,4,5.941968115871862,1.9185999990440905,45.70390000299085,23801.023550724636

1790042215,50,GET,[GET] /actuator/health,5.100000,0.000000,4,5,5,5,5,7,17,21,21,21,21,80,0,4,5.261586249798711,2.5717999960761517,20.929999998770654,49.0

1790042215,50,GET,[GET] /api/soporte/election/status,5.200000,0.000000,3,4,4,4,5,6,6,8,8,8,8,75,0,3,5.188429333502427,2.4121000024024397,40.493599997716956,78.0

1790042215,50,GET,[GET] /api/soporte/tickets,11.700000,0.000000,6,7,7,8,9,15,18,32,32,32,32,175,0,7,8.205853714316618,4.486400001042057,45.70390000299085,84567.0

1790042215,50,GET,[GET] /health,20.300000,0.000000,3,4,4,4,5,9,13,14,17,17,17,267,0,3,4.807194756436178,1.9185999990440905,43.428200006019324,84.0

1790042215,50,,Aggregated,42.300000,0.000000,4,5,6,6,8,9,15,18,32,32,32,597,0,4,5.912235343334081,1.9185999990440905,45.70390000299085,24843.25460636516

1790042216,50,GET,[GET] /actuator/health,6.000000,0.000000,4,4,5,5,5,7,17,21,21,21,21,89,0,4,5.127931460479845,2.5717999960761517,20.929999998770654,49.0

1790042216,50,GET,[GET] /api/soporte/election/status,5.800000,0.000000,3,4,4,5,5,6,6,8,8,8,8,82,0,3,5.107734146405142,2.4121000024024397,40.493599997716956,78.0

1790042216,50,GET,[GET] /api/soporte/tickets,12.300000,0.000000,6,7,7,8,9,15,18,32,32,32,32,184,0,7,8.098817391367882,4.486400001042057,45.70390000299085,84567.0

1790042216,50,GET,[GET] /health,21.200000,0.000000,3,4,4,4,5,6,9,12,17,17,17,295,0,3,4.678914576183839,1.9185999990440905,43.428200006019324,84.0

1790042216,50,,Aggregated,45.300000,0.000000,4,5,6,6,7,9,15,18,32,32,32,650,0,4,5.762588153805924,1.9185999990440905,45.70390000299085,23993.638461538463

1790042217,50,GET,[GET] /actuator/health,6.600000,0.000000,4,5,5,5,5,6,9,21,21,21,21,98,0,4,5.023479591746225,2.5717999960761517,20.929999998770654,49.0

1790042217,50,GET,[GET] /api/soporte/election/status,5.900000,0.000000,3,4,4,5,5,6,6,8,8,8,8,87,0,4,5.07364367814293,2.4121000024024397,40.493599997716956,78.0

1790042217,50,GET,[GET] /api/soporte/tickets,12.900000,0.000000,6,7,7,7,9,10,18,32,32,32,32,198,0,7,7.962317676734675,4.116199997952208,45.70390000299085,84567.0

1790042217,50,GET,[GET] /health,21.400000,0.000000,3,4,4,4,5,6,9,11,17,17,17,318,0,3,4.609956289183952,1.9185999990440905,43.428200006019324,84.0

1790042217,50,,Aggregated,46.800000,0.000000,4,5,6,6,7,8,11,18,32,32,32,701,0,4,5.6722011411462585,1.9185999990440905,45.70390000299085,23940.893009985735

1790042218,50,GET,[GET] /actuator/health,6.900000,0.000000,4,4,5,5,5,6,7,9,9,9,9,104,0,4,4.992584615278107,2.5717999960761517,20.929999998770654,49.0

1790042218,50,GET,[GET] /api/soporte/election/status,6.100000,0.000000,3,4,5,5,5,6,6,8,8,8,8,95,0,3,4.949597894646056,2.2907999955350533,40.493599997716956,78.0

1790042218,50,GET,[GET] /api/soporte/tickets,13.900000,0.000000,6,7,7,7,9,10,18,32,32,32,32,215,0,7,7.932188372069504,4.116199997952208,45.70390000299085,84567.0

1790042218,50,GET,[GET] /health,21.300000,0.000000,3,4,4,4,5,5,7,8,9,9,9,341,0,3,4.577968328413,1.9185999990440905,43.428200006019324,84.0

1790042218,50,,Aggregated,48.200000,0.000000,4,5,6,6,7,8,9,13,32,32,32,755,0,4,5.637017615846457,1.9185999990440905,45.70390000299085,24136.49668874172

1790042219,50,GET,[GET] /actuator/health,7.700000,0.000000,4,4,5,5,5,6,7,9,9,9,9,113,0,4,4.939608849403221,2.5717999960761517,20.929999998770654,49.0

1790042219,50,GET,[GET] /api/soporte/election/status,6.300000,0.000000,3,4,5,5,5,6,6,8,8,8,8,101,0,4,4.881739603859225,2.2907999955350533,40.493599997716956,78.0

1790042219,50,GET,[GET] /api/soporte/tickets,13.900000,0.000000,6,7,7,8,9,12,18,32,32,32,32,228,0,7,7.877909649132083,4.116199997952208,45.70390000299085,84567.0

1790042219,50,GET,[GET] /health,21.900000,0.000000,3,4,4,4,5,5,7,8,9,9,9,363,0,4,4.546080991759198,1.9185999990440905,43.428200006019324,84.0

1790042219,50,,Aggregated,49.800000,0.000000,4,5,6,6,7,8,9,13,32,32,32,805,0,4,5.587108447183913,1.9185999990440905,45.70390000299085,24006.43850931677

1790042220,50,GET,[GET] /actuator/health,7.900000,0.000000,4,4,5,5,5,6,7,9,9,9,9,121,0,4,4.888890908953103,2.5717999960761517,20.929999998770654,49.0

1790042220,50,GET,[GET] /api/soporte/election/status,6.200000,0.000000,4,4,5,5,5,6,8,8,8,8,8,106,0,4,4.884317924459641,2.2907999955350533,40.493599997716956,78.0

1790042220,50,GET,[GET] /api/soporte/tickets,14.800000,0.000000,7,7,7,8,9,12,18,32,32,32,32,240,0,7,7.849709166718337,4.116199997952208,45.70390000299085,84567.0

1790042220,50,GET,[GET] /health,22.100000,0.000000,4,4,4,4,5,5,7,8,9,9,9,391,0,4,4.499324296722147,1.9185999990440905,43.428200006019324,84.0

1790042220,50,,Aggregated,51.000000,0.000000,4,5,6,6,7,8,9,13,32,32,32,858,0,4,5.53899708625502,1.9185999990440905,45.70390000299085,23709.931235431235

1790042221,50,GET,[GET] /actuator/health,7.600000,0.000000,4,5,5,5,5,6,7,9,9,9,9,123,0,4,4.8816756096174485,2.5717999960761517,20.929999998770654,49.0

1790042221,50,GET,[GET] /api/soporte/election/status,6.500000,0.000000,4,4,5,5,5,6,8,8,8,8,8,110,0,4,4.839086363658267,2.2844000050099567,40.493599997716956,78.0

1790042221,50,GET,[GET] /api/soporte/tickets,14.600000,0.000000,7,7,7,8,8,9,14,32,32,32,32,251,0,7,7.810721115558872,4.116199997952208,45.70390000299085,84567.0

1790042221,50,GET,[GET] /health,21.800000,0.000000,4,4,4,4,5,5,7,8,9,9,9,415,0,4,4.439942650665271,1.9185999990440905,43.428200006019324,84.0

1790042221,50,,Aggregated,50.500000,0.000000,4,5,6,6,7,8,9,13,32,32,32,899,0,4,5.490336818706028,1.9185999990440905,45.70390000299085,23666.055617352613

1790042222,50,GET,[GET] /actuator/health,7.600000,0.000000,4,5,5,5,5,6,6,9,9,9,9,128,0,4,4.867603124864672,2.5717999960761517,20.929999998770654,49.0

1790042222,50,GET,[GET] /api/soporte/election/status,6.600000,0.000000,4,4,5,5,6,6,6,8,8,8,8,122,0,4,4.80823196720267,2.2844000050099567,40.493599997716956,78.0

1790042222,50,GET,[GET] /api/soporte/tickets,14.300000,0.000000,7,7,7,8,8,9,13,13,32,32,32,266,0,7,7.7700105263686154,4.116199997952208,45.70390000299085,84567.0

1790042222,50,GET,[GET] /health,22.000000,0.000000,4,4,4,4,5,5,8,8,9,9,9,434,0,4,4.420941705126927,1.9185999990440905,43.428200006019324,84.0

1790042222,50,,Aggregated,50.500000,0.000000,4,5,6,6,7,8,9,9,32,32,32,950,0,4,5.468598947390044,1.9185999990440905,45.70390000299085,23733.753684210526

1790042223,50,GET,[GET] /actuator/health,7.600000,0.000000,4,4,5,5,5,5,6,6,6,6,6,135,0,4,4.822427407284353,2.5717999960761517,20.929999998770654,49.0

1790042223,50,GET,[GET] /api/soporte/election/status,6.500000,0.000000,4,4,5,5,6,6,6,8,8,8,8,130,0,4,4.746736153678144,2.2844000050099567,40.493599997716956,78.0

1790042223,50,GET,[GET] /api/soporte/tickets,13.900000,0.000000,7,7,7,8,8,9,13,13,32,32,32,280,0,7,7.698253214273011,4.116199997952208,45.70390000299085,84567.0

1790042223,50,GET,[GET] /health,22.000000,0.000000,4,4,4,5,5,6,7,8,8,8,8,460,0,4,4.4113160869765915,1.9185999990440905,43.428200006019324,84.0

1790042223,50,,Aggregated,50.000000,0.000000,4,5,6,6,7,8,9,9,32,32,32,1005,0,4,5.42569124374848,1.9185999990440905,45.70390000299085,23616.074626865673

1790042224,50,GET,[GET] /actuator/health,7.300000,0.000000,4,4,5,5,5,6,6,15,15,15,15,144,0,4,4.847399999814822,2.5717999960761517,20.929999998770654,49.0

1790042224,50,GET,[GET] /api/soporte/election/status,6.800000,0.000000,4,4,5,5,6,6,6,8,8,8,8,132,0,4,4.728076514959067,2.2844000050099567,40.493599997716956,78.0

1790042224,50,GET,[GET] /api/soporte/tickets,14.400000,0.000000,7,7,8,8,8,11,16,19,32,32,32,303,0,7,7.742226402577445,4.116199997952208,45.70390000299085,84567.0

1790042224,50,GET,[GET] /health,21.500000,0.000000,4,4,4,5,5,6,7,8,8,8,8,476,0,4,4.3841930672584075,1.9185999990440905,43.428200006019324,84.0

1790042224,50,,Aggregated,50.000000,0.000000,4,5,6,6,7,8,9,13,32,32,32,1055,0,4,5.454883601842559,1.9185999990440905,45.70390000299085,24342.309952606636

1790042225,50,GET,[GET] /actuator/health,7.200000,0.000000,4,4,5,5,5,6,7,15,15,15,15,153,0,4,4.813840522604319,2.5717999960761517,20.929999998770654,49.0

1790042225,50,GET,[GET] /api/soporte/election/status,6.600000,0.000000,4,4,5,5,5,6,6,8,8,8,8,139,0,4,4.685243884641292,2.2844000050099567,40.493599997716956,78.0

1790042225,50,GET,[GET] /api/soporte/tickets,13.700000,0.000000,7,7,8,8,8,11,13,16,19,19,19,314,0,7,7.701220382106006,4.116199997952208,45.70390000299085,84567.0

1790042225,50,GET,[GET] /health,22.400000,0.000000,4,4,4,5,5,6,8,8,8,8,8,500,0,4,4.382919800103991,1.9185999990440905,43.428200006019324,84.0

1790042225,50,,Aggregated,49.900000,0.000000,4,5,6,6,7,8,9,13,19,19,19,1106,0,4,5.4226126581888625,1.9185999990440905,45.70390000299085,24063.632007233275

1790042226,50,GET,[GET] /actuator/health,6.400000,0.000000,4,4,5,5,5,6,7,15,15,15,15,160,0,4,4.781164999712928,2.5717999960761517,20.929999998770654,49.0

1790042226,50,GET,[GET] /api/soporte/election/status,6.600000,0.000000,4,4,4,5,5,6,6,8,8,8,8,145,0,4,4.640426206681476,2.2844000050099567,40.493599997716956,78.0

1790042226,50,GET,[GET] /api/soporte/tickets,13.400000,0.000000,7,7,8,8,8,9,13,16,19,19,19,333,0,7,7.632205705652217,4.116199997952208,45.70390000299085,84567.0

1790042226,50,GET,[GET] /health,22.400000,0.000000,4,4,4,5,5,6,8,8,8,8,8,518,0,4,4.357605791599247,1.9185999990440905,43.428200006019324,84.0

1790042226,50,,Aggregated,48.800000,0.000000,4,5,6,6,7,8,9,13,19,19,19,1156,0,4,5.394993512070485,1.9185999990440905,45.70390000299085,24414.76903114187

1790042227,50,GET,[GET] /actuator/health,6.500000,0.000000,4,4,5,5,5,6,7,15,15,15,15,170,0,4,4.744454705659711,2.5717999960761517,20.929999998770654,49.0

1790042227,50,GET,[GET] /api/soporte/election/status,6.500000,0.000000,4,4,4,4,5,6,6,8,8,8,8,154,0,4,4.570298051830478,2.2844000050099567,40.493599997716956,78.0

1790042227,50,GET,[GET] /api/soporte/tickets,14.500000,0.000000,7,7,8,8,8,9,13,16,19,19,19,340,0,7,7.604062941112822,4.116199997952208,45.70390000299085,84567.0

1790042227,50,GET,[GET] /health,22.200000,0.000000,4,4,5,5,5,6,8,8,8,8,8,543,0,4,4.325236648361994,1.9185999990440905,43.428200006019324,84.0

1790042227,50,,Aggregated,49.700000,0.000000,4,5,6,6,7,8,9,11,19,19,19,1207,0,4,5.339161640416708,1.9185999990440905,45.70390000299085,23876.33305716653

1790042228,50,GET,[GET] /actuator/health,7.000000,0.000000,4,4,5,5,5,6,7,15,15,15,15,173,0,4,4.741477456411166,2.5717999960761517,20.929999998770654,49.0

1790042228,50,GET,[GET] /api/soporte/election/status,6.500000,0.000000,4,4,4,4,5,6,6,8,8,8,8,162,0,4,4.530557407296901,2.2844000050099567,40.493599997716956,78.0

1790042228,50,GET,[GET] /api/soporte/tickets,14.100000,0.000000,7,7,8,8,8,10,13,16,19,19,19,355,0,7,7.5878411267259365,4.116199997952208,45.70390000299085,84567.0

1790042228,50,GET,[GET] /health,22.800000,0.000000,4,4,4,5,5,6,7,8,8,8,8,565,0,4,4.296323008934732,1.9185999990440905,43.428200006019324,84.0

1790042228,50,,Aggregated,50.400000,0.000000,4,5,6,6,7,8,9,11,19,19,19,1255,0,4,5.3189896414159845,1.9185999990440905,45.70390000299085,23975.98247011952

1790042229,50,GET,[GET] /actuator/health,7.000000,0.000000,4,4,5,5,5,6,7,15,15,15,15,179,0,4,4.734959217668355,2.5717999960761517,20.929999998770654,49.0

1790042229,50,GET,[GET] /api/soporte/election/status,6.100000,0.000000,4,4,4,5,5,6,8,8,8,8,8,171,0,4,4.540157309886169,2.2844000050099567,40.493599997716956,78.0

1790042229,50,GET,[GET] /api/soporte/tickets,14.600000,0.000000,7,7,8,8,8,10,13,16,19,19,19,368,0,7,7.5687540760475756,4.116199997952208,45.70390000299085,84567.0

1790042229,50,GET,[GET] /health,22.300000,0.000000,4,4,4,5,5,6,7,8,8,8,8,592,0,4,4.271656250079399,1.9185999990440905,43.428200006019324,84.0

1790042229,50,,Aggregated,50.000000,0.000000,4,5,6,6,7,8,9,11,19,19,19,1310,0,4,5.2962187786150245,1.9185999990440905,45.70390000299085,23811.063358778625

1790042230,50,GET,[GET] /actuator/health,7.100000,0.000000,4,4,5,5,5,6,7,15,15,15,15,186,0,4,4.73012956968222,2.5717999960761517,20.929999998770654,49.0

1790042230,50,GET,[GET] /api/soporte/election/status,6.400000,0.000000,4,4,4,4,5,6,7,8,8,8,8,178,0,4,4.507848876364937,2.2844000050099567,40.493599997716956,78.0

1790042230,50,GET,[GET] /api/soporte/tickets,13.800000,0.000000,7,7,8,8,9,11,19,21,22,22,22,388,0,7,7.666334020560151,4.116199997952208,45.70390000299085,84567.0

1790042230,50,GET,[GET] /health,22.200000,0.000000,4,4,4,5,5,6,8,8,8,8,8,610,0,4,4.279146557430485,1.9185999990440905,43.428200006019324,84.0

1790042230,50,,Aggregated,49.500000,0.000000,4,5,6,7,8,8,11,16,22,22,22,1362,0,4,5.33554933918046,1.9185999990440905,45.70390000299085,24145.546255506608

1790042231,50,GET,[GET] /actuator/health,6.600000,0.000000,4,4,5,5,6,7,8,15,15,15,15,190,0,4,4.738870526068096,2.5717999960761517,20.929999998770654,49.0

1790042231,50,GET,[GET] /api/soporte/election/status,7.000000,0.000000,4,4,4,4,5,5,7,8,8,8,8,183,0,4,4.4888852458288815,2.2844000050099567,40.493599997716956,78.0

1790042231,50,GET,[GET] /api/soporte/tickets,14.100000,0.000000,7,7,8,8,9,11,19,21,22,22,22,408,0,7,7.627630147016687,4.116199997952208,45.70390000299085,84567.0

1790042231,50,GET,[GET] /health,22.800000,0.000000,4,4,5,5,5,6,8,8,8,8,8,630,0,4,4.2738066667100485,1.9185999990440905,43.428200006019324,84.0

1790042231,50,,Aggregated,50.500000,0.000000,4,5,6,7,8,8,11,16,22,22,22,1411,0,4,5.334105386215281,1.9185999990440905,45.70390000299085,24507.328136073706

1790042232,50,GET,[GET] /actuator/health,6.500000,0.000000,4,5,5,5,6,7,8,15,15,15,15,195,0,4,4.743839999719057,2.5717999960761517,20.929999998770654,49.0

1790042232,50,GET,[GET] /api/soporte/election/status,7.000000,0.000000,4,4,4,4,5,5,7,8,8,8,8,190,0,4,4.467186842061653,2.2844000050099567,40.493599997716956,78.0

1790042232,50,GET,[GET] /api/soporte/tickets,14.400000,0.000000,7,7,8,8,9,13,19,22,34,34,34,425,0,7,7.659518352935693,4.116199997952208,45.70390000299085,84567.0

1790042232,50,GET,[GET] /health,21.900000,0.000000,4,4,4,5,5,6,8,8,8,8,8,648,0,4,4.266588580254325,1.9185999990440905,43.428200006019324,84.0

1790042232,50,,Aggregated,49.800000,0.000000,4,5,6,7,8,8,11,17,34,34,34,1458,0,4,5.345582304485187,1.9185999990440905,45.70390000299085,24704.925925925927

1790042233,50,GET,[GET] /actuator/health,6.600000,0.000000,4,5,5,5,6,7,8,15,15,15,15,198,0,4,4.737673737058731,2.5717999960761517,20.929999998770654,49.0

1790042233,50,GET,[GET] /api/soporte/election/status,7.200000,0.000000,4,4,4,4,5,5,7,8,8,8,8,197,0,4,4.423303045639721,2.2844000050099567,40.493599997716956,78.0

1790042233,50,GET,[GET] /api/soporte/tickets,14.800000,0.000000,7,7,8,8,9,13,19,22,34,34,34,438,0,7,7.614059817320619,4.116199997952208,45.70390000299085,84567.0

1790042233,50,GET,[GET] /health,21.600000,0.000000,4,4,4,5,5,6,7,8,8,8,8,671,0,4,4.242354396437628,1.9185999990440905,43.428200006019324,84.0

1790042233,50,,Aggregated,50.200000,0.000000,4,5,6,7,8,8,11,17,34,34,34,1504,0,4,5.3131835770776155,1.9185999990440905,45.70390000299085,24682.03324468085

1790042234,50,GET,[GET] /actuator/health,6.400000,0.000000,4,5,5,5,6,6,7,8,8,8,8,206,0,4,4.722550485117273,2.5717999960761517,20.929999998770654,49.0

1790042234,50,GET,[GET] /api/soporte/election/status,6.900000,0.000000,4,4,4,4,5,5,7,8,8,8,8,199,0,4,4.415358793915918,2.2844000050099567,40.493599997716956,78.0

1790042234,50,GET,[GET] /api/soporte/tickets,15.400000,0.000000,7,7,8,8,9,10,22,22,34,34,34,453,0,7,7.602505297953865,4.116199997952208,45.70390000299085,84567.0

1790042234,50,GET,[GET] /health,21.200000,0.000000,4,4,4,5,5,6,7,8,8,8,8,696,0,4,4.222632758620452,1.9185999990440905,43.428200006019324,84.0

1790042234,50,,Aggregated,49.900000,0.000000,4,5,6,6,7,8,10,17,34,34,34,1554,0,4,5.298834684617994,1.9185999990440905,45.70390000299085,24705.875804375806

1790042235,50,GET,[GET] /actuator/health,6.500000,0.000000,4,5,5,5,6,6,7,8,8,8,8,214,0,4,4.6923724295194456,2.5717999960761517,20.929999998770654,49.0

1790042235,50,GET,[GET] /api/soporte/election/status,6.800000,0.000000,4,4,4,4,5,5,7,8,8,8,8,202,0,4,4.409142574214718,2.2844000050099567,40.493599997716956,78.0

1790042235,50,GET,[GET] /api/soporte/tickets,15.500000,0.000000,7,7,8,8,9,11,22,22,34,34,34,461,0,7,7.5850980476444185,4.116199997952208,45.70390000299085,84567.0

1790042235,50,GET,[GET] /health,20.700000,0.000000,4,4,4,5,5,6,7,8,8,8,8,722,0,4,4.213440443243679,1.9185999990440905,43.428200006019324,84.0

1790042235,50,,Aggregated,49.500000,0.000000,4,5,6,6,7,8,10,17,34,34,34,1599,0,4,5.27432689174143,1.9185999990440905,45.70390000299085,24435.445278298936

1790042236,50,GET,[GET] /actuator/health,6.200000,0.000000,4,5,5,5,6,6,7,8,8,8,8,221,0,4,4.676003167011967,2.5717999960761517,20.929999998770654,49.0

1790042236,50,GET,[GET] /api/soporte/election/status,6.700000,0.000000,4,4,4,4,5,6,7,8,8,8,8,211,0,4,4.386283412347581,2.2844000050099567,40.493599997716956,78.0

1790042236,50,GET,[GET] /api/soporte/tickets,15.900000,0.000000,7,7,8,8,9,11,22,22,34,34,34,480,0,7,7.538302291535122,4.116199997952208,45.70390000299085,84567.0

1790042236,50,GET,[GET] /health,21.600000,0.000000,4,4,4,4,5,6,7,8,8,8,8,744,0,4,4.190165322602639,1.9185999990440905,43.428200006019324,84.0

1790042236,50,,Aggregated,50.400000,0.000000,4,5,6,6,7,8,10,17,34,34,34,1656,0,4,5.250465338084666,1.9185999990440905,45.70390000299085,24566.39070048309

1790042237,50,GET,[GET] /actuator/health,6.400000,0.000000,4,5,5,5,6,6,7,8,8,8,8,224,0,4,4.666107142449099,2.5717999960761517,20.929999998770654,49.0

1790042237,50,GET,[GET] /api/soporte/election/status,6.400000,0.000000,4,4,4,4,5,6,7,8,8,8,8,222,0,4,4.358651801839687,2.2844000050099567,40.493599997716956,78.0

1790042237,50,GET,[GET] /api/soporte/tickets,14.900000,0.000000,7,7,7,8,9,10,22,22,34,34,34,493,0,7,7.508026774738666,4.116199997952208,45.70390000299085,84567.0

1790042237,50,GET,[GET] /health,22.300000,0.000000,4,4,4,4,5,6,7,8,8,8,8,766,0,4,4.182700783291049,1.9185999990440905,43.428200006019324,84.0

1790042237,50,,Aggregated,50.000000,0.000000,4,5,6,6,7,8,10,17,34,34,34,1705,0,4,5.2306361876035865,1.9185999990440905,45.70390000299085,24506.842815249267

1790042238,50,GET,[GET] /actuator/health,6.200000,0.000000,4,5,5,5,6,6,6,8,8,8,8,232,0,4,4.6701590513137115,2.5717999960761517,20.929999998770654,49.0

1790042238,50,GET,[GET] /api/soporte/election/status,6.400000,0.000000,4,4,4,4,5,5,6,6,6,6,6,227,0,4,4.336462114633231,2.2844000050099567,40.493599997716956,78.0

1790042238,50,GET,[GET] /api/soporte/tickets,14.600000,0.000000,7,7,7,8,9,10,22,22,34,34,34,509,0,7,7.4631263260391805,4.116199997952208,45.70390000299085,84567.0

1790042238,50,GET,[GET] /health,22.100000,0.000000,4,4,4,4,5,6,7,8,8,8,8,779,0,4,4.172234531447237,1.9185999990440905,43.428200006019324,84.0

1790042238,50,,Aggregated,49.300000,0.000000,4,5,6,6,7,8,10,17,34,34,34,1747,0,4,5.218520778407479,1.9185999990440905,45.70390000299085,24693.253005151688

1790042239,50,GET,[GET] /actuator/health,5.800000,0.000000,4,5,5,5,6,6,8,10,10,10,10,240,0,4,4.691610832924198,2.5717999960761517,20.929999998770654,49.0

1790042239,50,GET,[GET] /api/soporte/election/status,6.600000,0.000000,4,4,4,4,5,5,6,6,6,6,6,234,0,4,4.327640171070995,2.2844000050099567,40.493599997716956,78.0

1790042239,50,GET,[GET] /api/soporte/tickets,15.000000,0.000000,6,7,7,8,8,10,17,22,34,34,34,523,0,7,7.4428017207927315,4.116199997952208,45.70390000299085,84567.0

1790042239,50,GET,[GET] /health,22.200000,0.000000,4,4,4,4,5,6,7,8,11,11,11,808,0,4,4.156262500002034,1.9185999990440905,43.428200006019324,84.0

1790042239,50,,Aggregated,49.600000,0.000000,4,5,6,6,7,8,10,11,34,34,34,1805,0,4,5.201938947317819,1.9185999990440905,45.70390000299085,24557.57617728532

1790042240,50,GET,[GET] /actuator/health,5.400000,0.000000,4,5,5,5,6,6,8,10,10,10,10,249,0,4,4.691926505640813,2.5717999960761517,20.929999998770654,49.0

1790042240,50,GET,[GET] /api/soporte/election/status,6.600000,0.000000,4,4,4,4,5,5,6,6,6,6,6,243,0,4,4.299234156448915,2.2844000050099567,40.493599997716956,78.0

1790042240,50,GET,[GET] /api/soporte/tickets,15.200000,0.000000,6,7,7,7,8,10,11,22,34,34,34,531,0,7,7.43536158184937,4.116199997952208,45.70390000299085,84567.0

1790042240,50,GET,[GET] /health,22.000000,0.000000,4,4,4,4,5,6,7,7,11,11,11,829,0,4,4.148945717766782,1.9185999990440905,43.428200006019324,84.0

1790042240,50,,Aggregated,49.200000,0.000000,4,5,6,6,7,8,10,10,34,34,34,1852,0,4,5.183939848764755,1.9185999990440905,45.70390000299085,24301.224622030237

1790042241,50,GET,[GET] /actuator/health,6.000000,0.000000,4,5,5,5,6,6,6,10,10,10,10,253,0,4,4.67632845812109,2.5717999960761517,20.929999998770654,49.0

1790042241,50,GET,[GET] /api/soporte/election/status,6.300000,0.000000,4,4,4,4,4,5,6,6,6,6,6,256,0,4,4.246922265764397,2.2844000050099567,40.493599997716956,78.0

1790042241,50,GET,[GET] /api/soporte/tickets,15.400000,0.000000,6,7,7,7,8,10,11,22,34,34,34,547,0,7,7.409544789708616,4.116199997952208,45.70390000299085,84567.0

1790042241,50,GET,[GET] /health,20.700000,0.000000,4,4,4,4,5,6,7,7,11,11,11,850,0,4,4.139691647065132,1.9185999990440905,43.428200006019324,84.0

1790042241,50,,Aggregated,48.400000,0.000000,4,5,6,6,7,7,9,10,34,34,34,1906,0,4,5.163736673618204,1.9185999990440905,45.70390000299085,24324.194123819518

1790042242,50,GET,[GET] /actuator/health,6.000000,0.000000,4,5,5,5,6,6,7,10,10,10,10,262,0,4,4.689549236310218,2.5717999960761517,20.929999998770654,49.0

1790042242,50,GET,[GET] /api/soporte/election/status,6.400000,0.000000,4,4,4,4,4,5,6,6,6,6,6,263,0,4,4.225346768149192,2.2844000050099567,40.493599997716956,78.0

1790042242,50,GET,[GET] /api/soporte/tickets,15.000000,0.000000,6,7,7,7,9,10,11,22,29,29,29,564,0,7,7.437908687872989,4.116199997952208,45.70390000299085,84567.0

1790042242,50,GET,[GET] /health,21.700000,0.000000,4,4,4,4,5,6,7,8,11,11,11,867,0,4,4.147851211084319,1.9185999990440905,43.428200006019324,84.0

1790042242,50,,Aggregated,49.100000,0.000000,4,5,6,6,7,8,10,11,29,29,29,1956,0,4,5.1794967279688064,1.9185999990440905,45.70390000299085,24438.633946830265

1790042243,50,GET,[GET] /actuator/health,6.200000,0.000000,4,5,5,5,6,6,7,10,10,10,10,270,0,4,4.662666666371041,2.5717999960761517,20.929999998770654,49.0

1790042243,50,GET,[GET] /api/soporte/election/status,6.400000,0.000000,4,4,4,4,4,5,6,6,6,6,6,271,0,4,4.200369003765815,2.2844000050099567,40.493599997716956,78.0

1790042243,50,GET,[GET] /api/soporte/tickets,14.600000,0.000000,6,7,7,7,9,10,11,15,29,29,29,574,0,7,7.422225435467933,4.116199997952208,45.70390000299085,84567.0

1790042243,50,GET,[GET] /health,22.100000,0.000000,4,4,4,4,5,6,8,8,11,11,11,890,0,4,4.141184382024221,1.9185999990440905,43.428200006019324,84.0

1790042243,50,,Aggregated,49.300000,0.000000,4,5,6,6,7,8,10,11,29,29,29,2005,0,4,5.158718952569011,1.9185999990440905,45.70390000299085,24264.631421446386

1790042244,50,GET,[GET] /actuator/health,6.500000,0.000000,4,5,5,5,6,6,7,10,10,10,10,272,0,4,4.665130146777836,2.5717999960761517,20.929999998770654,49.0

1790042244,50,GET,[GET] /api/soporte/election/status,7.100000,0.000000,4,4,4,4,5,5,6,6,6,6,6,274,0,4,4.199240146079279,2.2844000050099567,40.493599997716956,78.0

1790042244,50,GET,[GET] /api/soporte/tickets,13.400000,0.000000,6,7,7,8,10,10,17,29,47,47,47,587,0,7,7.499185519494149,4.116199997952208,46.55039999488508,84567.0

1790042244,50,GET,[GET] /health,22.000000,0.000000,4,4,4,4,5,6,8,8,11,11,11,920,0,4,4.13818097826468,1.9185999990440905,43.428200006019324,84.0

1790042244,50,,Aggregated,49.000000,0.000000,4,5,6,6,7,8,10,11,47,47,47,2053,0,4,5.177133755429062,1.9185999990440905,46.55039999488508,24234.198246468583

1790042245,50,GET,[GET] /actuator/health,6.700000,0.000000,4,5,5,5,6,6,7,10,10,10,10,279,0,4,4.643768458458174,2.5717999960761517,20.929999998770654,49.0

1790042245,50,GET,[GET] /api/soporte/election/status,7.400000,0.000000,4,4,4,4,5,5,6,6,6,6,6,284,0,4,4.180513732445805,2.2844000050099567,40.493599997716956,78.0

1790042245,50,GET,[GET] /api/soporte/tickets,13.700000,0.000000,6,7,7,7,9,10,17,29,47,47,47,604,0,7,7.456549006530249,4.116199997952208,46.55039999488508,84567.0

1790042245,50,GET,[GET] /health,21.800000,0.000000,4,4,4,5,5,6,8,8,11,11,11,940,0,4,4.130270744683505,1.9185999990440905,43.428200006019324,84.0

1790042245,50,,Aggregated,49.600000,0.000000,4,5,6,6,7,8,10,11,47,47,47,2107,0,4,5.158560702359376,1.9185999990440905,46.55039999488508,24296.74940673944

1790042246,50,GET,[GET] /actuator/health,7.200000,0.000000,4,5,5,5,6,6,7,10,10,10,10,286,0,4,4.631130768922793,2.3758000024827197,20.929999998770654,49.0

1790042246,50,GET,[GET] /api/soporte/election/status,7.400000,0.000000,4,4,4,4,5,5,6,6,6,6,6,291,0,4,4.178891752632911,2.2844000050099567,40.493599997716956,78.0

1790042246,50,GET,[GET] /api/soporte/tickets,13.400000,0.000000,6,7,7,7,9,10,17,29,47,47,47,623,0,7,7.418747672466016,4.116199997952208,46.55039999488508,84567.0

1790042246,50,GET,[GET] /health,21.300000,0.000000,4,4,4,5,5,6,8,8,11,11,11,959,0,4,4.1117370177188555,1.9185999990440905,43.428200006019324,84.0

1790042246,50,,Aggregated,49.300000,0.000000,4,5,6,6,7,8,10,11,47,47,47,2159,0,4,5.143861278307923,1.9185999990440905,46.55039999488508,24456.92867068087

1790042247,50,GET,[GET] /actuator/health,6.400000,0.000000,4,5,5,5,6,6,7,10,10,10,10,298,0,4,4.604078523185527,2.3758000024827197,20.929999998770654,49.0

1790042247,50,GET,[GET] /api/soporte/election/status,7.500000,0.000000,4,4,4,4,5,5,6,6,6,6,6,298,0,4,4.173631543673898,2.2844000050099567,40.493599997716956,78.0

1790042247,50,GET,[GET] /api/soporte/tickets,13.400000,0.000000,6,7,7,7,9,10,17,29,47,47,47,636,0,7,7.389469496779412,4.116199997952208,46.55039999488508,84567.0

1790042247,50,GET,[GET] /health,22.100000,0.000000,4,4,4,4,5,6,8,8,11,11,11,976,0,4,4.103286987710966,1.9185999990440905,43.428200006019324,84.0

1790042247,50,,Aggregated,49.400000,0.000000,4,5,6,6,7,8,10,11,47,47,47,2208,0,4,5.126933106830489,1.9185999990440905,46.55039999488508,24413.243659420288

1790042248,50,GET,[GET] /actuator/health,6.500000,0.000000,4,5,5,5,6,6,7,10,10,10,10,302,0,4,4.613586092416532,2.3758000024827197,20.929999998770654,49.0

1790042248,50,GET,[GET] /api/soporte/election/status,7.900000,0.000000,4,4,4,4,5,5,6,6,6,6,6,306,0,4,4.163158496797466,2.2844000050099567,40.493599997716956,78.0

1790042248,50,GET,[GET] /api/soporte/tickets,14.200000,0.000000,6,7,7,8,10,11,17,29,47,47,47,647,0,7,7.421610973641968,4.116199997952208,46.55039999488508,84567.0

1790042248,50,GET,[GET] /health,21.600000,0.000000,4,4,4,5,5,6,8,8,11,11,11,1002,0,4,4.100639920133274,1.9185999990440905,43.428200006019324,84.0

1790042248,50,,Aggregated,50.200000,0.000000,4,5,6,6,7,8,10,15,47,47,47,2257,0,4,5.129753212162034,1.9185999990440905,46.55039999488508,24296.713779353122

1790042249,50,GET,[GET] /actuator/health,6.800000,0.000000,4,4,5,5,6,6,7,7,7,7,7,313,0,4,4.5844527153596175,2.3758000024827197,20.929999998770654,49.0

1790042249,50,GET,[GET] /api/soporte/election/status,7.800000,0.000000,4,4,4,4,5,5,6,6,6,6,6,312,0,4,4.163855769291284,2.2844000050099567,40.493599997716956,78.0

1790042249,50,GET,[GET] /api/soporte/tickets,14.300000,0.000000,6,7,7,8,10,10,17,29,47,47,47,667,0,7,7.398403748035005,4.116199997952208,46.55039999488508,84567.0

1790042249,50,GET,[GET] /health,21.000000,0.000000,4,4,4,4,5,6,7,8,11,11,11,1019,0,4,4.086321393503788,1.9185999990440905,43.428200006019324,84.0

1790042249,50,,Aggregated,49.900000,0.000000,4,5,6,6,7,8,10,15,47,47,47,2311,0,4,5.120187581067135,1.9185999990440905,46.55039999488508,24461.90307226309

1790042250,50,GET,[GET] /actuator/health,7.200000,0.000000,4,4,5,5,6,6,7,7,7,7,7,320,0,4,4.572059687188812,2.3758000024827197,20.929999998770654,49.0

1790042250,50,GET,[GET] /api/soporte/election/status,7.800000,0.000000,4,4,4,4,5,6,6,6,6,6,6,315,0,4,4.167100634991324,2.2844000050099567,40.493599997716956,78.0

1790042250,50,GET,[GET] /api/soporte/tickets,14.300000,0.000000,6,7,7,8,10,10,17,29,47,47,47,681,0,7,7.38921483102138,4.116199997952208,46.55039999488508,84567.0

1790042250,50,GET,[GET] /health,21.100000,0.000000,4,4,4,4,5,6,7,8,11,11,11,1044,0,4,4.0738031609016545,1.9185999990440905,43.428200006019324,84.0

1790042250,50,,Aggregated,50.400000,0.000000,4,5,6,6,7,8,10,15,47,47,47,2360,0,4,5.110509152470159,1.9185999990440905,46.55039999488508,24456.81059322034

1790042251,50,GET,[GET] /actuator/health,6.900000,0.000000,4,4,5,5,6,6,7,7,7,7,7,326,0,4,4.5786751530401375,2.3758000024827197,20.929999998770654,49.0

1790042251,50,GET,[GET] /api/soporte/election/status,7.700000,0.000000,4,4,4,5,5,6,6,6,6,6,6,320,0,4,4.162215000064862,2.2844000050099567,40.493599997716956,78.0

1790042251,50,GET,[GET] /api/soporte/tickets,13.700000,0.000000,6,7,7,8,9,10,15,17,47,47,47,703,0,7,7.380792745283889,4.116199997952208,46.55039999488508,84567.0

1790042251,50,GET,[GET] /health,21.800000,0.000000,4,4,4,4,5,6,6,8,8,8,8,1060,0,4,4.063801037697869,1.9185999990440905,43.428200006019324,84.0

1790042251,50,,Aggregated,50.100000,0.000000,4,5,6,6,7,8,10,15,47,47,47,2409,0,4,5.114521917727752,1.9185999990440905,46.55039999488508,24732.492735574928

1790042252,50,GET,[GET] /actuator/health,7.400000,0.000000,4,5,5,5,6,7,7,8,8,8,8,333,0,4,4.603097597271688,2.3758000024827197,20.929999998770654,49.0

1790042252,50,GET,[GET] /api/soporte/election/status,7.500000,0.000000,4,4,5,5,5,6,6,6,6,6,6,328,0,4,4.172966158632068,2.2844000050099567,40.493599997716956,78.0

1790042252,50,GET,[GET] /api/soporte/tickets,14.400000,0.000000,6,7,8,8,10,10,17,17,47,47,47,714,0,7,7.395744957920869,4.116199997952208,46.55039999488508,84567.0

1790042252,50,GET,[GET] /health,21.000000,0.000000,4,4,4,4,5,6,7,7,8,8,8,1085,0,4,4.070468202717753,1.9185999990440905,43.428200006019324,84.0

1790042252,50,,Aggregated,50.300000,0.000000,4,5,6,6,7,9,10,15,47,47,47,2460,0,4,5.121375731637014,1.9185999990440905,46.55039999488508,24599.13780487805

1790042253,50,GET,[GET] /actuator/health,7.200000,0.000000,4,5,5,5,6,7,7,8,8,8,8,342,0,4,4.59171052599545,2.3758000024827197,20.929999998770654,49.0

1790042253,50,GET,[GET] /api/soporte/election/status,7.100000,0.000000,4,4,5,5,5,6,6,6,6,6,6,338,0,4,4.1589245562921775,2.2844000050099567,40.493599997716956,78.0

1790042253,50,GET,[GET] /api/soporte/tickets,14.500000,0.000000,6,7,7,8,9,10,15,17,47,47,47,728,0,7,7.368022115320395,4.116199997952208,46.55039999488508,84567.0

1790042253,50,GET,[GET] /health,21.300000,0.000000,4,4,4,4,5,6,6,7,7,7,7,1104,0,4,4.059241485469681,1.9185999990440905,43.428200006019324,84.0

1790042253,50,,Aggregated,50.100000,0.000000,4,5,6,6,7,8,10,11,47,47,47,2512,0,4,5.10406218146058,1.9185999990440905,46.55039999488508,24562.354299363058

1790042254,50,GET,[GET] /actuator/health,7.200000,0.000000,4,5,5,5,6,7,7,8,8,8,8,348,0,4,4.583130746841666,2.3758000024827197,20.929999998770654,49.0

1790042254,50,GET,[GET] /api/soporte/election/status,6.400000,0.000000,4,4,4,5,5,6,6,6,6,6,6,348,0,4,4.142497413863305,2.2844000050099567,40.493599997716956,78.0

1790042254,50,GET,[GET] /api/soporte/tickets,15.400000,0.000000,6,7,7,8,9,10,15,17,39,39,39,745,0,7,7.4004652348269655,4.116199997952208,46.55039999488508,84567.0

1790042254,50,GET,[GET] /health,20.900000,0.000000,4,4,4,4,5,6,8,27,40,40,40,1120,0,4,4.121102321388597,1.9185999990440905,43.428200006019324,83.99732142857142

1790042254,50,,Aggregated,49.900000,0.000000,4,5,6,6,7,9,10,17,40,40,40,2561,0,4,5.140765247882331,1.9185999990440905,46.55039999488508,24654.700507614212

1790042255,50,GET,[GET] /actuator/health,7.000000,0.000000,4,5,5,5,6,7,7,8,8,8,8,352,0,4,4.577302272454372,2.3758000024827197,20.929999998770654,49.0

1790042255,50,GET,[GET] /api/soporte/election/status,6.400000,0.000000,4,4,4,5,5,6,6,6,6,6,6,353,0,4,4.138774504315697,2.2844000050099567,40.493599997716956,78.0

1790042255,50,GET,[GET] /api/soporte/tickets,15.100000,0.000000,6,7,7,8,9,10,15,17,39,39,39,764,0,7,7.377248952833491,4.116199997952208,46.55039999488508,84567.0

1790042255,50,GET,[GET] /health,21.800000,0.000000,4,4,4,4,5,7,11,27,40,40,40,1141,0,4,4.124659158580828,1.9185999990440905,43.428200006019324,83.99737072743207

1790042255,50,,Aggregated,50.300000,0.000000,4,5,6,6,7,9,11,17,40,40,40,2610,0,4,5.139713448211836,1.9185999990440905,46.55039999488508,24808.356704980844

1790042256,50,GET,[GET] /actuator/health,7.300000,0.000000,4,5,5,5,6,7,7,8,8,8,8,361,0,4,4.552350969262127,2.3758000024827197,20.929999998770654,49.0

1790042256,50,GET,[GET] /api/soporte/election/status,6.700000,0.000000,4,4,4,5,5,6,6,6,6,6,6,361,0,4,4.117278116398041,2.104200000758283,40.493599997716956,78.0

1790042256,50,GET,[GET] /api/soporte/tickets,15.100000,0.000000,6,7,8,8,9,10,16,17,39,39,39,772,0,7,7.3583033678062,4.116199997952208,46.55039999488508,84567.0

1790042256,50,GET,[GET] /health,21.100000,0.000000,4,4,4,4,5,7,8,17,40,40,40,1162,0,4,4.110115748653463,1.9185999990440905,43.428200006019324,83.99741824440619

1790042256,50,,Aggregated,50.200000,0.000000,4,5,6,6,7,9,11,17,40,40,40,2656,0,4,5.115324096312135,1.9185999990440905,46.55039999488508,24634.47891566265

1790042257,50,GET,[GET] /actuator/health,7.600000,0.000000,4,4,5,5,6,7,7,8,8,8,8,367,0,4,4.550086920706642,2.3758000024827197,20.929999998770654,49.0

1790042257,50,GET,[GET] /api/soporte/election/status,7.500000,0.000000,4,4,4,4,5,6,6,6,6,6,6,371,0,4,4.100738005435554,2.104200000758283,40.493599997716956,78.0

1790042257,50,GET,[GET] /api/soporte/tickets,16.100000,0.000000,6,7,7,8,9,10,12,16,39,39,39,785,0,6,7.332141401215047,4.116199997952208,46.55039999488508,84567.0

1790042257,50,GET,[GET] /health,19.600000,0.000000,4,4,4,4,5,7,8,17,40,40,40,1182,0,4,4.099247715652453,1.9185999990440905,43.428200006019324,83.99746192893402

1790042257,50,,Aggregated,50.800000,0.000000,4,5,6,6,7,8,10,16,40,40,40,2705,0,4,5.098816081246188,1.9185999990440905,46.55039999488508,24595.67504621072

1790042258,50,GET,[GET] /actuator/health,7.300000,0.000000,4,4,5,5,6,7,7,8,8,8,8,378,0,4,4.536743915085305,2.3758000024827197,20.929999998770654,49.0

1790042258,50,GET,[GET] /api/soporte/election/status,6.800000,0.000000,4,4,4,4,5,6,6,6,6,6,6,379,0,4,4.0964992084687255,2.104200000758283,40.493599997716956,78.0

1790042258,50,GET,[GET] /api/soporte/tickets,15.500000,0.000000,6,7,7,8,9,10,12,16,39,39,39,800,0,6,7.325490124940188,4.116199997952208,46.55039999488508,84567.0

1790042258,50,GET,[GET] /health,20.300000,0.000000,4,4,4,4,5,7,11,27,40,40,40,1197,0,4,4.095654970684092,1.9185999990440905,43.428200006019324,83.99749373433583

1790042258,50,,Aggregated,49.900000,0.000000,4,5,6,6,7,8,10,16,40,40,40,2754,0,4,5.094536492292266,1.9185999990440905,46.55039999488508,24619.54575163399

1790042259,50,GET,[GET] /actuator/health,7.200000,0.000000,4,4,5,5,6,7,7,8,8,8,8,384,0,4,4.530801301844652,2.3758000024827197,20.929999998770654,49.0

1790042259,50,GET,[GET] /api/soporte/election/status,7.200000,0.000000,4,4,4,4,5,6,6,6,6,6,6,386,0,4,4.094096114013768,2.104200000758283,40.493599997716956,78.0

1790042259,50,GET,[GET] /api/soporte/tickets,14.600000,0.000000,6,7,7,8,9,10,16,16,39,39,39,812,0,6,7.33027241373295,4.116199997952208,46.55039999488508,84567.0

1790042259,50,GET,[GET] /health,20.300000,0.000000,4,4,4,4,5,6,8,17,40,40,40,1225,0,4,4.085109469312129,1.9185999990440905,43.428200006019324,83.99755102040817

1790042259,50,,Aggregated,49.300000,0.000000,4,5,6,6,7,9,10,16,40,40,40,2807,0,4,5.086066654711854,1.9185999990440905,46.55039999488508,24517.358389739937

1790042260,50,GET,[GET] /actuator/health,7.100000,0.000000,4,4,5,5,6,7,7,8,8,8,8,389,0,4,4.530825192580996,2.3758000024827197,20.929999998770654,49.0

1790042260,50,GET,[GET] /api/soporte/election/status,7.200000,0.000000,4,4,4,4,5,6,6,6,6,6,6,395,0,4,4.094120759525796,2.104200000758283,40.493599997716956,78.0

1790042260,50,GET,[GET] /api/soporte/tickets,14.700000,0.000000,6,7,7,8,9,10,16,16,39,39,39,829,0,6,7.322576960128315,4.116199997952208,46.55039999488508,84567.0

1790042260,50,GET,[GET] /health,20.200000,0.000000,4,4,4,4,5,7,11,27,40,40,40,1244,0,4,4.074558842373871,1.9185999990440905,43.428200006019324,83.9975884244373

1790042260,50,,Aggregated,49.200000,0.000000,4,5,6,6,7,9,10,16,40,40,40,2857,0,4,5.081846762263271,1.9185999990440905,46.55039999488508,24592.37206860343

1790042261,50,GET,[GET] /actuator/health,7.500000,0.000000,4,5,5,5,6,7,7,8,8,8,8,393,0,4,4.535083714812614,2.3758000024827197,20.929999998770654,49.0

1790042261,50,GET,[GET] /api/soporte/election/status,7.400000,0.000000,4,4,4,4,5,6,6,6,6,6,6,402,0,4,4.081778109478487,2.104200000758283,40.493599997716956,78.0

1790042261,50,GET,[GET] /api/soporte/tickets,15.200000,0.000000,6,7,7,8,9,10,16,33,39,39,39,846,0,7,7.355707210364978,4.116199997952208,46.55039999488508,84567.0

1790042261,50,GET,[GET] /health,19.700000,0.000000,4,4,4,5,5,6,11,27,40,40,40,1263,0,4,4.075861757644028,1.9185999990440905,43.428200006019324,83.99762470308788

1790042261,50,,Aggregated,49.800000,0.000000,4,5,6,6,7,9,11,17,40,40,40,2904,0,4,5.0943196969025095,1.9185999990440905,46.55039999488508,24690.214876033056

1790042262,50,GET,[GET] /actuator/health,6.800000,0.000000,4,5,5,5,6,6,7,7,7,7,7,405,0,4,4.553324691153614,2.3758000024827197,20.929999998770654,49.0

1790042262,50,GET,[GET] /api/soporte/election/status,7.400000,0.000000,3,4,4,4,5,6,6,6,6,6,6,407,0,4,4.082393611830497,2.104200000758283,40.493599997716956,78.0

1790042262,50,GET,[GET] /api/soporte/tickets,14.400000,0.000000,6,7,7,8,9,11,16,33,39,39,39,856,0,7,7.357541939208518,4.116199997952208,46.55039999488508,84567.0

1790042262,50,GET,[GET] /health,20.400000,0.000000,4,4,4,5,5,6,11,27,40,40,40,1284,0,4,4.079951557564796,1.9185999990440905,43.428200006019324,83.99766355140187

1790042262,50,,Aggregated,49.000000,0.000000,4,5,6,6,7,8,11,17,40,40,40,2952,0,4,5.09564512188615,1.9185999990440905,46.55039999488508,24576.150406504064

1790042263,50,GET,[GET] /actuator/health,6.900000,0.000000,4,5,5,5,6,6,7,7,7,7,7,417,0,4,4.542084891924593,2.3758000024827197,20.929999998770654,49.0

1790042263,50,GET,[GET] /api/soporte/election/status,8.000000,0.000000,4,4,4,4,5,6,6,6,6,6,6,416,0,4,4.077299038499405,2.104200000758283,40.493599997716956,78.0

1790042263,50,GET,[GET] /api/soporte/tickets,14.500000,0.000000,6,7,7,8,9,10,16,33,39,39,39,870,0,7,7.344997816066119,4.116199997952208,46.55039999488508,84567.0

1790042263,50,GET,[GET] /health,19.700000,0.000000,4,4,4,5,5,6,11,27,40,40,40,1301,0,4,4.077767563338995,1.9185999990440905,43.428200006019324,83.99769408147579

1790042263,50,,Aggregated,49.100000,0.000000,4,5,6,6,7,8,11,17,40,40,40,3004,0,4,5.088391977306879,1.9185999990440905,46.55039999488508,24545.756324900132

1790042264,50,GET,[GET] /actuator/health,6.600000,0.000000,4,5,5,5,6,6,7,7,7,7,7,426,0,4,4.535597417673846,2.3758000024827197,20.929999998770654,49.0

1790042264,50,GET,[GET] /api/soporte/election/status,8.200000,0.000000,4,4,4,4,5,6,6,6,6,6,6,423,0,4,4.070942080431771,2.104200000758283,40.493599997716956,78.0

1790042264,50,GET,[GET] /api/soporte/tickets,14.200000,0.000000,6,7,7,8,9,10,11,16,33,33,33,884,0,7,7.327064592758343,4.116199997952208,46.55039999488508,84567.0

1790042264,50,GET,[GET] /health,20.400000,0.000000,4,4,4,5,5,6,6,7,7,7,7,1317,0,4,4.0731299923181385,1.9185999990440905,43.428200006019324,83.99772209567197

1790042264,50,,Aggregated,49.400000,0.000000,4,5,6,6,7,8,9,10,33,33,33,3050,0,4,5.080527967158381,1.9185999990440905,46.55039999488508,24564.49868852459

1790042265,50,GET,[GET] /actuator/health,7.400000,0.000000,4,5,5,5,6,6,7,7,7,7,7,429,0,4,4.528685547615644,2.3758000024827197,20.929999998770654,49.0

1790042265,50,GET,[GET] /api/soporte/election/status,7.900000,0.000000,4,4,4,4,5,6,6,6,6,6,6,432,0,4,4.062947685253204,2.104200000758283,40.493599997716956,78.0

1790042265,50,GET,[GET] /api/soporte/tickets,14.000000,0.000000,6,7,7,8,9,10,13,16,33,33,33,900,0,7,7.31688966667409,4.116199997952208,46.55039999488508,84567.0

1790042265,50,GET,[GET] /health,19.800000,0.000000,4,4,4,4,5,5,6,6,6,6,6,1341,0,4,4.0584475763496215,1.9185999990440905,43.428200006019324,83.99776286353467

1790042265,50,,Aggregated,49.100000,0.000000,4,5,6,6,7,8,9,11,33,33,33,3102,0,4,5.069496582800779,1.9185999990440905,46.55039999488508,24589.83172147002

1790042266,50,GET,[GET] /actuator/health,7.700000,0.000000,4,5,5,5,6,6,7,7,7,7,7,435,0,4,4.5159406895112335,2.3758000024827197,20.929999998770654,49.0

1790042266,50,GET,[GET] /api/soporte/election/status,7.700000,0.000000,4,4,4,4,5,6,6,6,6,6,6,438,0,4,4.0515408676516875,2.104200000758283,40.493599997716956,78.0

1790042266,50,GET,[GET] /api/soporte/tickets,14.200000,0.000000,7,7,7,8,9,10,14,16,33,33,33,916,0,7,7.308981986889551,4.116199997952208,46.55039999488508,84567.0

1790042266,50,GET,[GET] /health,19.700000,0.000000,4,4,4,5,5,5,6,6,6,6,6,1363,0,4,4.043673954442475,1.9185999990440905,43.428200006019324,83.997798972854

1790042266,50,,Aggregated,49.300000,0.000000,4,5,6,6,7,8,9,11,33,33,33,3152,0,4,5.0588718908200345,1.9185999990440905,46.55039999488508,24629.866751269037

1790042267,50,GET,[GET] /actuator/health,7.800000,0.000000,4,5,5,5,6,6,7,7,7,7,7,442,0,4,4.507016289439416,2.3758000024827197,20.929999998770654,49.0

1790042267,50,GET,[GET] /api/soporte/election/status,7.500000,0.000000,4,4,4,4,5,6,6,6,6,6,6,441,0,4,4.047339229113021,2.104200000758283,40.493599997716956,78.0

1790042267,50,GET,[GET] /api/soporte/tickets,13.600000,0.000000,7,7,7,8,9,10,14,16,33,33,33,932,0,7,7.293196888430676,4.116199997952208,46.55039999488508,84567.0

1790042267,50,GET,[GET] /health,19.500000,0.000000,4,4,4,4,5,5,6,6,6,6,6,1379,0,4,4.037830384277515,1.9185999990440905,43.428200006019324,83.99782451051486

1790042267,50,,Aggregated,48.400000,0.000000,4,5,6,6,7,8,9,11,33,33,33,3194,0,4,5.053977896026033,1.9185999990440905,46.55039999488508,24730.223231058233

1790042268,50,GET,[GET] /actuator/health,7.700000,0.000000,4,5,5,5,6,6,7,7,7,7,7,449,0,4,4.499464587798888,2.3758000024827197,20.929999998770654,49.0

1790042268,50,GET,[GET] /api/soporte/election/status,8.000000,0.000000,4,4,4,4,5,5,6,6,6,6,6,448,0,4,4.043070089388883,2.104200000758283,40.493599997716956,78.0

1790042268,50,GET,[GET] /api/soporte/tickets,13.700000,0.000000,6,7,7,8,8,9,14,16,33,33,33,946,0,6,7.268878118423366,4.116199997952208,46.55039999488508,84567.0

1790042268,50,GET,[GET] /health,19.500000,0.000000,4,4,4,4,5,5,6,6,6,6,6,1400,0,4,4.032092928516379,1.9185999990440905,43.428200006019324,83.99785714285714

1790042268,50,,Aggregated,48.900000,0.000000,4,5,6,6,7,8,9,11,33,33,33,3243,0,4,5.042505026185432,1.9185999990440905,46.55039999488508,24722.45575084798

1790042269,50,GET,[GET] /actuator/health,7.300000,0.000000,4,5,5,5,6,6,7,7,7,7,7,453,0,4,4.495933333147244,2.3758000024827197,20.929999998770654,49.0

1790042269,50,GET,[GET] /api/soporte/election/status,7.500000,0.000000,4,4,4,4,5,5,6,6,6,6,6,455,0,4,4.039294285821898,2.104200000758283,40.493599997716956,78.0

1790042269,50,GET,[GET] /api/soporte/tickets,14.500000,0.000000,6,7,7,8,8,9,13,14,33,33,33,959,0,6,7.253264963544133,4.116199997952208,46.55039999488508,84567.0

1790042269,50,GET,[GET] /health,19.900000,0.000000,3,4,4,4,5,5,6,6,6,6,6,1421,0,4,4.026311752224589,1.9185999990440905,43.428200006019324,83.9978888106967

1790042269,50,,Aggregated,49.200000,0.000000,4,5,6,6,7,8,9,11,33,33,33,3288,0,4,5.034004501190581,1.9185999990440905,46.55039999488508,24719.221715328466

1790042270,50,GET,[GET] /actuator/health,7.200000,0.000000,4,4,5,5,6,6,6,7,7,7,7,459,0,4,4.486635947523411,2.3758000024827197,20.929999998770654,49.0

1790042270,50,GET,[GET] /api/soporte/election/status,6.900000,0.000000,4,4,4,4,5,5,6,6,6,6,6,464,0,4,4.034333405296161,2.104200000758283,40.493599997716956,78.0

1790042270,50,GET,[GET] /api/soporte/tickets,14.500000,0.000000,6,7,7,7,8,8,11,13,14,14,14,974,0,6,7.237180287504996,4.116199997952208,46.55039999488508,84567.0

1790042270,50,GET,[GET] /health,19.700000,0.000000,3,4,4,4,5,6,6,6,6,6,6,1444,0,4,4.026910180000112,1.9185999990440905,43.428200006019324,83.99792243767313

1790042270,50,,Aggregated,48.300000,0.000000,4,5,6,6,7,7,8,9,14,14,14,3341,0,4,5.026988476480303,1.9185999990440905,46.55039999488508,24707.64262196947

1790042272,50,GET,[GET] /actuator/health,7.100000,0.000000,4,4,4,5,5,6,6,6,6,6,6,464,0,4,4.48569913776047,2.3758000024827197,20.929999998770654,49.0

1790042272,50,GET,[GET] /api/soporte/election/status,6.700000,0.000000,4,4,4,4,5,5,6,7,7,7,7,471,0,4,4.043663906710466,2.104200000758283,40.493599997716956,78.0

1790042272,50,GET,[GET] /api/soporte/tickets,14.200000,0.000000,6,7,7,7,8,9,13,13,14,14,14,988,0,6,7.248581781403538,4.116199997952208,46.55039999488508,84567.0

1790042272,50,GET,[GET] /health,20.000000,0.000000,3,4,4,4,5,5,6,6,6,6,6,1470,0,4,4.019491428517868,1.9185999990440905,43.428200006019324,83.99795918367347

1790042272,50,,Aggregated,48.000000,0.000000,4,5,6,6,7,8,8,11,14,14,14,3393,0,4,5.026873356890495,1.9185999990440905,46.55039999488508,24678.79369289714

1790042273,50,GET,[GET] /actuator/health,6.900000,0.000000,4,4,5,5,5,6,6,6,6,6,6,470,0,4,4.493134042391791,2.3758000024827197,20.929999998770654,49.0

1790042273,50,GET,[GET] /api/soporte/election/status,6.900000,0.000000,4,4,4,4,5,6,7,7,7,7,7,477,0,4,4.052325786287609,2.104200000758283,40.493599997716956,78.0

1790042273,50,GET,[GET] /api/soporte/tickets,14.700000,0.000000,6,7,7,8,9,11,13,13,14,14,14,1007,0,6,7.263050347613656,4.116199997952208,46.55039999488508,84567.0

1790042273,50,GET,[GET] /health,19.500000,0.000000,3,4,4,4,5,6,6,7,7,7,7,1487,0,4,4.026793140491186,1.9185999990440905,43.428200006019324,83.99798251513114

1790042273,50,,Aggregated,48.000000,0.000000,4,5,6,6,7,8,10,11,14,14,14,3441,0,4,5.041111740755791,1.9185999990440905,46.55039999488508,24802.124382446964

1790042274,50,GET,[GET] /actuator/health,6.900000,0.000000,4,4,5,5,5,6,6,6,6,6,6,476,0,4,4.488393697300569,2.3758000024827197,20.929999998770654,49.0

1790042274,50,GET,[GET] /api/soporte/election/status,6.900000,0.000000,4,4,4,4,5,6,7,7,7,7,7,485,0,4,4.039107216627111,2.104200000758283,40.493599997716956,78.0

1790042274,50,GET,[GET] /api/soporte/tickets,14.500000,0.000000,6,7,7,8,9,11,13,14,16,16,16,1020,0,6,7.2688323530005,4.116199997952208,46.55039999488508,84567.0

1790042274,50,GET,[GET] /health,19.900000,0.000000,3,4,4,4,5,6,6,7,7,7,7,1510,0,4,4.017922185357145,1.9185999990440905,43.428200006019324,83.9980132450331

1790042274,50,,Aggregated,48.200000,0.000000,4,5,6,6,7,8,10,12,16,16,16,3491,0,4,5.034865052973079,1.9185999990440905,46.55039999488508,24762.627040962474

1790042275,50,GET,[GET] /actuator/health,6.300000,0.000000,4,4,5,5,5,6,6,8,8,8,8,486,0,4,4.489421193239302,2.3758000024827197,20.929999998770654,49.0

1790042275,50,GET,[GET] /api/soporte/election/status,6.800000,0.000000,4,4,4,4,5,6,7,7,7,7,7,490,0,4,4.035158571564445,2.104200000758283,40.493599997716956,78.0

1790042275,50,GET,[GET] /api/soporte/tickets,15.100000,0.000000,6,7,8,8,9,10,12,13,16,16,16,1029,0,6,7.270309037963481,4.116199997952208,46.55039999488508,84567.0

1790042275,50,GET,[GET] /health,20.000000,0.000000,3,4,4,4,5,6,6,7,7,7,7,1537,0,4,4.014049446879332,1.9185999990440905,43.428200006019324,83.99804814573845

1790042275,50,,Aggregated,48.200000,0.000000,4,5,6,6,7,8,10,11,16,16,16,3542,0,4,5.028184189694758,1.9185999990440905,46.55039999488508,24621.84697910785

1790042276,50,GET,[GET] /actuator/health,5.600000,0.000000,4,4,5,5,5,6,6,8,8,8,8,493,0,4,4.4860507097531155,2.3758000024827197,20.929999998770654,49.0

1790042276,50,GET,[GET] /api/soporte/election/status,6.900000,0.000000,4,4,4,5,5,6,7,7,7,7,7,493,0,4,4.031115821634729,2.104200000758283,40.493599997716956,78.0

1790042276,50,GET,[GET] /api/soporte/tickets,15.000000,0.000000,6,7,8,8,9,10,12,13,16,16,16,1041,0,7,7.272356099959715,4.116199997952208,46.55039999488508,84567.0

1790042276,50,GET,[GET] /health,20.700000,0.000000,3,4,4,4,5,6,6,6,7,7,7,1567,0,4,4.000696490023445,1.9185999990440905,43.428200006019324,83.99808551372048

1790042276,50,,Aggregated,48.200000,0.000000,4,5,6,6,7,8,10,11,16,16,16,3594,0,4,5.019081023900671,1.9185999990440905,46.55039999488508,24548.826655537006

1790042277,50,GET,[GET] /actuator/health,6.000000,0.000000,4,5,5,5,6,6,9,9,9,9,9,503,0,4,4.500470576364877,2.3758000024827197,20.929999998770654,49.0

1790042277,50,GET,[GET] /api/soporte/election/status,6.600000,0.000000,4,4,4,5,5,6,7,7,7,7,7,498,0,4,4.029757429857436,2.104200000758283,40.493599997716956,78.0

1790042277,50,GET,[GET] /api/soporte/tickets,14.200000,0.000000,7,8,8,9,10,11,13,16,40,40,40,1055,0,7,7.303185213326313,4.116199997952208,46.55039999488508,84567.0

1790042277,50,GET,[GET] /health,21.700000,0.000000,3,4,4,4,5,6,6,7,14,14,14,1590,0,4,4.000334654005395,1.9185999990440905,43.428200006019324,83.99811320754716

1790042277,50,,Aggregated,48.500000,0.000000,4,5,6,6,8,9,10,12,40,40,40,3646,0,4,5.029058804143822,1.9185999990440905,46.55039999488508,24524.199945145363

1790042278,50,GET,[GET] /actuator/health,6.200000,0.000000,4,4,5,5,6,8,9,9,9,9,9,508,0,4,4.4945984250297775,2.3758000024827197,20.929999998770654,49.0

1790042278,50,GET,[GET] /api/soporte/election/status,6.000000,0.000000,4,4,4,4,5,6,7,7,7,7,7,504,0,4,4.02831904775378,2.104200000758283,40.493599997716956,78.0

1790042278,50,GET,[GET] /api/soporte/tickets,13.700000,0.000000,7,8,8,9,10,11,13,16,40,40,40,1073,0,7,7.2947016775908375,4.116199997952208,46.55039999488508,84567.0

1790042278,50,GET,[GET] /health,22.400000,0.000000,3,4,4,5,5,6,6,7,14,14,14,1609,0,4,4.001355997430429,1.9185999990440905,43.428200006019324,83.99813548788067

1790042278,50,,Aggregated,48.300000,0.000000,4,5,6,6,8,9,10,12,40,40,40,3694,0,4,5.029487141284126,1.9185999990440905,46.55039999488508,24618.23172712507

1790042279,50,GET,[GET] /actuator/health,6.500000,0.000000,4,5,5,5,6,8,9,9,9,9,9,512,0,4,4.494126171721291,2.3758000024827197,20.929999998770654,49.0

1790042279,50,GET,[GET] /api/soporte/election/status,6.000000,0.000000,4,4,4,4,5,6,7,7,7,7,7,511,0,4,4.022772211453662,2.104200000758283,40.493599997716956,78.0

1790042279,50,GET,[GET] /api/soporte/tickets,13.700000,0.000000,7,8,8,9,10,11,13,16,40,40,40,1088,0,7,7.279131709604853,4.116199997952208,46.55039999488508,84567.0

1790042279,50,GET,[GET] /health,22.600000,0.000000,4,4,4,5,5,6,6,7,14,14,14,1632,0,4,3.9961249386471858,1.9185999990440905,43.428200006019324,83.99816176470588

1790042279,50,,Aggregated,48.800000,0.000000,4,5,6,6,8,9,10,12,40,40,40,3743,0,4,5.022174832993964,1.9185999990440905,46.55039999488508,24635.56692492653

1790042280,50,GET,[GET] /actuator/health,6.600000,0.000000,4,5,5,5,6,7,9,9,9,9,9,524,0,4,4.485995610552162,2.3758000024827197,20.929999998770654,49.0

1790042280,50,GET,[GET] /api/soporte/election/status,6.300000,0.000000,4,4,4,4,5,6,7,7,7,7,7,515,0,4,4.018654951555044,2.104200000758283,40.493599997716956,78.0

1790042280,50,GET,[GET] /api/soporte/tickets,13.900000,0.000000,7,8,8,9,10,11,13,16,40,40,40,1103,0,7,7.270382592960215,4.116199997952208,46.55039999488508,84567.0

1790042280,50,GET,[GET] /health,22.800000,0.000000,3,4,4,4,5,5,6,7,14,14,14,1648,0,4,3.9927166868013937,1.9185999990440905,43.428200006019324,83.99817961165049

1790042280,50,,Aggregated,49.600000,0.000000,4,5,6,6,8,9,10,12,40,40,40,3790,0,4,5.0183372295155655,1.9185999990440905,46.55039999488508,24665.349868073878

1790042281,50,GET,[GET] /actuator/health,6.200000,0.000000,4,4,5,5,6,8,9,9,9,9,9,530,0,4,4.48718132060746,2.3758000024827197,20.929999998770654,49.0

1790042281,50,GET,[GET] /api/soporte/election/status,6.300000,0.000000,4,4,4,4,5,5,7,7,7,7,7,520,0,4,4.012438077006664,2.104200000758283,40.493599997716956,78.0

1790042281,50,GET,[GET] /api/soporte/tickets,14.200000,0.000000,7,8,8,9,10,10,14,16,40,40,40,1120,0,7,7.280454375034294,4.116199997952208,46.55039999488508,84567.0

1790042281,50,GET,[GET] /health,23.000000,0.000000,4,4,4,4,5,5,7,7,14,14,14,1668,0,4,3.9885523380452113,1.9185999990440905,43.428200006019324,83.99820143884892

1790042281,50,,Aggregated,49.700000,0.000000,4,5,6,7,8,9,10,11,40,40,40,3838,0,4,5.021284028104023,1.9185999990440905,46.55039999488508,24732.06852527358

1790042282,50,GET,[GET] /actuator/health,7.000000,0.000000,4,4,5,5,6,8,9,9,9,9,9,533,0,4,4.485690619009237,2.3758000024827197,20.929999998770654,49.0

1790042282,50,GET,[GET] /api/soporte/election/status,6.000000,0.000000,4,4,4,4,5,6,8,8,8,8,8,531,0,4,4.041548022667008,2.104200000758283,40.493599997716956,78.0

1790042282,50,GET,[GET] /api/soporte/tickets,14.200000,0.000000,7,8,8,8,9,10,14,16,40,40,40,1127,0,7,7.281617391339075,4.116199997952208,46.55039999488508,84567.0

1790042282,50,GET,[GET] /health,22.600000,0.000000,3,4,4,4,5,5,6,7,14,14,14,1697,0,4,3.988734295737454,1.9185999990440905,43.428200006019324,83.99823217442545

1790042282,50,,Aggregated,49.800000,0.000000,4,5,6,6,8,9,10,10,40,40,40,3888,0,4,5.018569958815252,1.9185999990440905,46.55039999488508,24567.15252057613

1790042283,50,GET,[GET] /actuator/health,7.100000,0.000000,4,4,5,5,6,8,9,9,9,9,9,544,0,4,4.474329779307428,2.3758000024827197,20.929999998770654,49.0

1790042283,50,GET,[GET] /api/soporte/election/status,5.600000,0.000000,4,4,4,5,6,6,8,8,8,8,8,539,0,4,4.04640352509502,2.104200000758283,40.493599997716956,78.0

1790042283,50,GET,[GET] /api/soporte/tickets,14.400000,0.000000,7,8,8,8,9,10,14,32,40,40,40,1141,0,7,7.306913496938875,4.116199997952208,46.55039999488508,84567.0

1790042283,50,GET,[GET] /health,22.400000,0.000000,4,4,4,5,5,6,7,7,14,14,14,1721,0,4,3.995291400269205,1.9185999990440905,43.428200006019324,83.99825682742592

1790042283,50,,Aggregated,49.500000,0.000000,4,5,6,6,8,9,10,10,40,40,40,3945,0,4,5.026142382722437,1.9185999990440905,46.55039999488508,24513.106717363753

1790042284,50,GET,[GET] /actuator/health,6.800000,0.000000,4,4,5,5,6,7,9,9,9,9,9,552,0,4,4.476866666558688,2.3758000024827197,20.929999998770654,49.0

1790042284,50,GET,[GET] /api/soporte/election/status,6.000000,0.000000,4,4,4,5,6,6,8,8,8,8,8,545,0,4,4.038508440415405,2.104200000758283,40.493599997716956,78.0

1790042284,50,GET,[GET] /api/soporte/tickets,13.900000,0.000000,7,8,8,8,9,10,14,32,40,40,40,1152,0,7,7.294056770844135,4.116199997952208,46.55039999488508,84567.0

1790042284,50,GET,[GET] /health,22.600000,0.000000,4,4,4,5,5,6,7,7,14,14,14,1745,0,4,3.992150773544113,1.9185999990440905,43.428200006019324,83.99828080229226

1790042284,50,,Aggregated,49.300000,0.000000,4,5,6,6,8,9,10,10,40,40,40,3994,0,4,5.01784526785521,1.9185999990440905,46.55039999488508,24445.998748122183

1790042285,50,GET,[GET] /actuator/health,7.100000,0.000000,4,4,5,5,6,7,9,9,9,9,9,561,0,4,4.472464171026891,2.3758000024827197,20.929999998770654,49.0

1790042285,50,GET,[GET] /api/soporte/election/status,6.000000,0.000000,4,4,4,5,6,6,8,8,8,8,8,548,0,4,4.042587408814116,2.104200000758283,40.493599997716956,78.0

1790042285,50,GET,[GET] /api/soporte/tickets,13.400000,0.000000,7,7,8,8,9,10,14,32,40,40,40,1165,0,7,7.281342145939139,4.116199997952208,46.55039999488508,84567.0

1790042285,50,GET,[GET] /health,23.100000,0.000000,4,4,4,5,5,6,7,7,14,14,14,1771,0,4,3.9860091472909254,1.9185999990440905,43.428200006019324,83.9983060417843

1790042285,50,,Aggregated,49.600000,0.000000,4,5,6,6,8,9,10,10,40,40,40,4045,0,4,5.010228949282459,1.9185999990440905,46.55039999488508,24410.271693448703

1790042286,50,GET,[GET] /actuator/health,7.300000,0.000000,4,4,5,5,5,6,7,9,9,9,9,567,0,4,4.464973368504572,2.3758000024827197,20.929999998770654,49.0

1790042286,50,GET,[GET] /api/soporte/election/status,6.000000,0.000000,4,4,4,5,6,6,8,8,8,8,8,552,0,4,4.039366666710112,2.104200000758283,40.493599997716956,78.0

1790042286,50,GET,[GET] /api/soporte/tickets,13.100000,0.000000,7,7,8,8,9,9,10,14,32,32,32,1178,0,7,7.267100169783265,4.116199997952208,46.55039999488508,84567.0

1790042286,50,GET,[GET] /health,23.100000,0.000000,4,4,4,5,5,6,7,7,8,8,8,1792,0,4,3.982290569118569,1.9185999990440905,43.428200006019324,83.99832589285714

1790042286,50,,Aggregated,49.500000,0.000000,4,5,6,6,7,8,9,10,32,32,32,4089,0,4,5.003247493233367,1.9185999990440905,46.55039999488508,24417.043286867203

1790042287,50,GET,[GET] /actuator/health,7.400000,0.000000,4,4,5,5,6,7,7,9,9,9,9,576,0,4,4.466092534623082,2.3758000024827197,20.929999998770654,49.0

1790042287,50,GET,[GET] /api/soporte/election/status,5.800000,0.000000,4,4,4,5,6,6,8,8,8,8,8,558,0,4,4.026515949883634,2.104200000758283,40.493599997716956,78.0

1790042287,50,GET,[GET] /api/soporte/tickets,13.600000,0.000000,7,7,8,8,9,10,14,30,32,32,32,1198,0,7,7.279815692821897,4.116199997952208,46.55039999488508,84567.0

1790042287,50,GET,[GET] /health,23.100000,0.000000,4,4,4,5,5,6,7,7,8,8,8,1809,0,4,3.9771270314295224,1.9185999990440905,43.428200006019324,83.9983416252073

1790042287,50,,Aggregated,49.900000,0.000000,4,5,6,6,7,8,9,10,32,32,32,4141,0,4,5.007270514328568,1.9185999990440905,46.55039999488508,24519.43177976334

1790042288,50,GET,[GET] /actuator/health,7.300000,0.000000,4,4,5,5,5,7,7,9,9,9,9,582,0,4,4.459744501606217,2.3758000024827197,20.929999998770654,49.0

1790042288,50,GET,[GET] /api/soporte/election/status,5.800000,0.000000,4,4,4,5,6,6,8,8,8,8,8,562,0,4,4.022639145973876,2.104200000758283,40.493599997716956,78.0

1790042288,50,GET,[GET] /api/soporte/tickets,13.800000,0.000000,7,7,7,8,9,10,14,30,32,32,32,1215,0,7,7.2687162139844395,4.116199997952208,46.55039999488508,84567.0

1790042288,50,GET,[GET] /health,22.500000,0.000000,4,4,4,5,5,6,7,7,8,8,8,1830,0,4,3.9757565026531885,1.9185999990440905,43.428200006019324,83.9983606557377

1790042288,50,,Aggregated,49.400000,0.000000,4,5,6,6,7,8,9,10,32,32,32,4189,0,4,5.004397015950959,1.9185999990440905,46.55039999488508,24582.23346860826

1790042289,50,GET,[GET] /actuator/health,7.500000,0.000000,4,4,5,5,5,6,7,9,9,9,9,589,0,4,4.450761459973176,2.3758000024827197,20.929999998770654,49.0

1790042289,50,GET,[GET] /api/soporte/election/status,5.900000,0.000000,4,4,4,5,6,6,8,8,8,8,8,572,0,4,4.01150891614068,2.104200000758283,40.493599997716956,78.0

1790042289,50,GET,[GET] /api/soporte/tickets,13.800000,0.000000,7,7,7,8,9,10,14,30,32,32,32,1228,0,7,7.265373452761427,4.116199997952208,46.55039999488508,84567.0

1790042289,50,GET,[GET] /health,21.700000,0.000000,4,4,4,5,5,6,6,7,8,8,8,1852,0,4,3.973402267726255,1.9185999990440905,43.428200006019324,83.99838012958963

1790042289,50,,Aggregated,48.900000,0.000000,4,5,6,6,7,8,9,11,32,32,32,4241,0,4,4.998043197306467,1.9185999990440905,46.55039999488508,24540.749351568025

1790042290,50,GET,[GET] /actuator/health,7.300000,0.000000,4,4,5,5,5,6,7,7,7,7,7,592,0,4,4.447312499868948,2.3758000024827197,20.929999998770654,49.0

1790042290,50,GET,[GET] /api/soporte/election/status,5.800000,0.000000,4,4,4,5,6,6,8,8,8,8,8,581,0,4,4.00839793466179,2.104200000758283,40.493599997716956,78.0

1790042290,50,GET,[GET] /api/soporte/tickets,14.200000,0.000000,6,7,7,8,9,10,15,30,32,32,32,1244,0,7,7.267450000004986,4.116199997952208,46.55039999488508,84567.0

1790042290,50,GET,[GET] /health,22.000000,0.000000,4,4,4,5,5,6,6,7,8,8,8,1872,0,4,3.968343589652553,1.9185999990440905,43.428200006019324,83.99839743589743

1790042290,50,,Aggregated,49.300000,0.000000,4,5,6,6,7,8,9,11,32,32,32,4289,0,4,4.996767358311192,1.9185999990440905,46.55039999488508,24582.168104453252

1790042291,50,GET,[GET] /actuator/health,7.700000,0.000000,4,4,5,5,5,6,7,7,7,7,7,600,0,4,4.4427209998805965,2.3758000024827197,20.929999998770654,49.0

1790042291,50,GET,[GET] /api/soporte/election/status,6.000000,0.000000,4,4,4,4,5,5,6,6,6,6,6,590,0,4,4.012123389875958,2.104200000758283,40.493599997716956,78.0

1790042291,50,GET,[GET] /api/soporte/tickets,13.600000,0.000000,6,7,7,7,9,10,15,30,32,32,32,1263,0,7,7.255734758501493,4.103799998119939,46.55039999488508,84567.0

1790042291,50,GET,[GET] /health,21.800000,0.000000,4,4,4,5,5,6,6,7,7,7,7,1891,0,4,3.9676557904796583,1.9185999990440905,43.428200006019324,83.99841353781068

1790042291,50,,Aggregated,49.100000,0.000000,4,5,6,6,7,8,9,11,32,32,32,4344,0,4,4.995307435483332,1.9185999990440905,46.55039999488508,24641.43232044199

1790042292,50,GET,[GET] /actuator/health,6.900000,0.000000,4,4,5,5,5,6,7,7,7,7,7,604,0,4,4.441656787949248,2.3758000024827197,20.929999998770654,49.0

1790042292,50,GET,[GET] /api/soporte/election/status,6.600000,0.000000,4,4,4,4,5,5,6,6,6,6,6,598,0,4,4.013966722404164,2.104200000758283,40.493599997716956,78.0

1790042292,50,GET,[GET] /api/soporte/tickets,13.900000,0.000000,6,7,7,7,8,9,12,15,30,30,30,1278,0,7,7.252487402185184,4.103799998119939,46.55039999488508,84567.0

1790042292,50,GET,[GET] /health,22.000000,0.000000,4,4,4,4,5,5,6,7,7,7,7,1907,0,4,3.9681854220157255,1.9185999990440905,43.428200006019324,83.99842684845306

1790042292,50,,Aggregated,49.400000,0.000000,4,5,6,6,7,8,9,10,30,30,30,4387,0,4,4.996380510530132,1.9185999990440905,46.55039999488508,24689.548894460906

1790042293,50,GET,[GET] /actuator/health,6.700000,0.000000,4,4,5,5,6,7,11,64,64,64,64,613,0,4,4.558187275561394,2.3758000024827197,64.0133999986574,49.0

1790042293,50,GET,[GET] /api/soporte/election/status,6.700000,0.000000,4,4,4,4,5,5,6,6,6,6,6,604,0,4,4.01237350993353,2.104200000758283,40.493599997716956,78.0

1790042293,50,GET,[GET] /api/soporte/tickets,13.900000,0.000000,7,7,7,8,9,11,15,30,66,66,66,1291,0,7,7.302878388849962,4.103799998119939,66.25879999774043,84567.0

1790042293,50,GET,[GET] /health,21.800000,0.000000,4,4,4,4,5,5,7,10,11,11,11,1924,0,4,3.9730423075888366,1.9185999990440905,43.428200006019324,83.99844074844074

1790042293,50,,Aggregated,49.100000,0.000000,4,5,6,6,7,8,11,12,66,66,66,4432,0,4,5.029285153367601,1.9185999990440905,66.25879999774043,24687.445622743682

1790042294,50,GET,[GET] /actuator/health,7.100000,0.000000,4,4,5,5,6,7,11,64,64,64,64,621,0,4,4.543271014341187,2.3758000024827197,64.0133999986574,49.0

1790042294,50,GET,[GET] /api/soporte/election/status,6.400000,0.000000,4,4,4,4,5,5,6,6,6,6,6,615,0,4,4.003923414658369,2.0396999971126206,40.493599997716956,78.0

1790042294,50,GET,[GET] /api/soporte/tickets,14.700000,0.000000,7,7,7,8,9,11,15,30,66,66,66,1304,0,7,7.2910873466228905,4.103799998119939,66.25879999774043,84567.0

1790042294,50,GET,[GET] /health,20.800000,0.000000,4,4,4,4,5,5,7,10,11,11,11,1946,0,4,3.9669143369916755,1.9185999990440905,43.428200006019324,83.99691675231243

1790042294,50,,Aggregated,49.000000,0.000000,4,5,6,6,7,8,11,12,66,66,66,4486,0,4,5.018051136804018,1.9185999990440905,66.25879999774043,24636.02875613018

1790042295,50,GET,[GET] /actuator/health,7.200000,0.000000,4,4,5,5,6,7,11,64,64,64,64,629,0,4,4.535370588105317,2.3758000024827197,64.0133999986574,49.0

1790042295,50,GET,[GET] /api/soporte/election/status,6.500000,0.000000,4,4,4,4,5,5,6,6,6,6,6,626,0,4,3.9936813099224073,2.0396999971126206,40.493599997716956,78.0

1790042295,50,GET,[GET] /api/soporte/tickets,14.700000,0.000000,7,7,7,8,9,10,15,30,66,66,66,1318,0,7,7.276327617611351,4.103799998119939,66.25879999774043,84567.0

1790042295,50,GET,[GET] /health,20.100000,0.000000,4,4,4,4,5,6,7,10,11,11,11,1963,0,4,3.9653161486541504,1.9185999990440905,43.428200006019324,83.9969434538971

1790042295,50,,Aggregated,48.500000,0.000000,4,5,6,6,7,9,11,12,66,66,66,4536,0,4,5.010341269786051,1.9185999990440905,66.25879999774043,24626.067239858905

1790042296,50,GET,[GET] /actuator/health,6.800000,0.000000,4,4,5,5,5,6,11,64,64,64,64,636,0,4,4.532179245150061,2.3758000024827197,64.0133999986574,49.0

1790042296,50,GET,[GET] /api/soporte/election/status,6.500000,0.000000,4,4,4,4,5,5,6,6,6,6,6,637,0,4,3.982209105183406,2.0396999971126206,40.493599997716956,78.0

1790042296,50,GET,[GET] /api/soporte/tickets,15.200000,0.000000,6,7,7,8,9,10,12,15,66,66,66,1328,0,7,7.2696542921846,4.103799998119939,66.25879999774043,84567.0

1790042296,50,GET,[GET] /health,20.000000,0.000000,4,4,4,4,5,6,7,10,11,11,11,1984,0,4,3.9587357861980688,1.9185999990440905,43.428200006019324,83.99697580645162

1790042296,50,,Aggregated,48.500000,0.000000,4,5,6,6,7,8,10,12,66,66,66,4585,0,4,5.00051600867075,1.9185999990440905,66.25879999774043,24547.977317339148

1790042297,50,GET,[GET] /actuator/health,6.600000,0.000000,4,5,5,5,6,9,11,64,64,64,64,644,0,4,4.541268788682302,2.3758000024827197,64.0133999986574,49.0

1790042297,50,GET,[GET] /api/soporte/election/status,7.400000,0.000000,4,4,4,4,5,5,6,6,6,6,6,646,0,4,3.982255263156733,2.0396999971126206,40.493599997716956,78.0

1790042297,50,GET,[GET] /api/soporte/tickets,15.000000,0.000000,6,7,7,8,9,10,12,15,66,66,66,1335,0,6,7.265957603020697,4.103799998119939,66.25879999774043,84567.0

1790042297,50,GET,[GET] /health,19.300000,0.000000,4,4,4,4,5,5,7,10,11,11,11,2007,0,4,3.955614449340673,1.9185999990440905,43.428200006019324,83.99701046337817

1790042297,50,,Aggregated,48.300000,0.000000,4,5,6,6,7,8,10,12,66,66,66,4632,0,4,4.994837132938258,1.9185999990440905,66.25879999774043,24427.3469343696

1790042298,50,GET,[GET] /actuator/health,6.800000,0.000000,4,5,5,5,6,9,11,64,64,64,64,649,0,4,4.538111247940065,2.3758000024827197,64.0133999986574,49.0

1790042298,50,GET,[GET] /api/soporte/election/status,8.300000,0.000000,4,4,4,5,5,5,6,6,6,6,6,659,0,4,3.9747585736047117,2.0396999971126206,40.493599997716956,78.0

1790042298,50,GET,[GET] /api/soporte/tickets,15.000000,0.000000,6,7,7,8,9,10,12,15,66,66,66,1353,0,6,7.255052845557348,4.103799998119939,66.25879999774043,84567.0

1790042298,50,GET,[GET] /health,18.700000,0.000000,4,4,4,4,5,6,7,10,11,11,11,2028,0,4,3.9543413214058707,1.9185999990440905,43.428200006019324,83.99704142011835

1790042298,50,,Aggregated,48.800000,0.000000,4,5,6,6,7,9,10,12,66,66,66,4689,0,4,4.9904224354380045,1.9185999990440905,66.25879999774043,24455.68351460866

1790042299,50,GET,[GET] /actuator/health,6.600000,0.000000,4,5,5,5,6,9,11,64,64,64,64,657,0,4,4.522772298198986,2.3102999984985217,64.0133999986574,49.0

1790042299,50,GET,[GET] /api/soporte/election/status,8.700000,0.000000,4,4,4,5,5,5,6,6,6,6,6,667,0,4,3.9672260869826217,2.0396999971126206,40.493599997716956,78.0

1790042299,50,GET,[GET] /api/soporte/tickets,14.000000,0.000000,6,7,7,7,8,10,12,12,66,66,66,1367,0,6,7.241062399437189,4.103799998119939,66.25879999774043,84567.0

1790042299,50,GET,[GET] /health,19.700000,0.000000,4,4,4,4,5,6,7,10,11,11,11,2042,0,4,3.952267139970031,1.9185999990440905,43.428200006019324,83.99706170421156

1790042299,50,,Aggregated,49.000000,0.000000,4,5,6,6,7,8,10,12,66,66,66,4733,0,4,4.98344876395174,1.9185999990440905,66.25879999774043,24478.941474751744

1790042300,50,GET,[GET] /actuator/health,6.500000,0.000000,4,5,5,5,6,9,11,64,64,64,64,664,0,4,4.513817319148294,2.3102999984985217,64.0133999986574,49.0

1790042300,50,GET,[GET] /api/soporte/election/status,9.300000,0.000000,3,4,4,5,5,5,6,6,6,6,6,670,0,4,3.9675031343510603,2.0396999971126206,40.493599997716956,78.0

1790042300,50,GET,[GET] /api/soporte/tickets,13.900000,0.000000,6,7,7,8,9,11,12,12,66,66,66,1382,0,6,7.242802749664006,4.103799998119939,66.25879999774043,84567.0

1790042300,50,GET,[GET] /health,19.400000,0.000000,4,4,4,5,5,6,7,10,11,11,11,2071,0,4,3.949530275134202,1.9185999990440905,43.428200006019324,83.99710284886528

1790042300,50,,Aggregated,49.100000,0.000000,4,5,6,6,7,8,11,12,66,66,66,4787,0,4,4.981080509665399,1.9185999990440905,66.25879999774043,24468.424482974722

1790042301,50,GET,[GET] /actuator/health,6.700000,0.000000,4,5,5,5,6,9,11,64,64,64,64,671,0,4,4.513419373934667,2.3102999984985217,64.0133999986574,49.0

1790042301,50,GET,[GET] /api/soporte/election/status,9.500000,0.000000,3,4,4,4,5,5,6,7,7,7,7,676,0,4,3.971224852088758,2.0396999971126206,40.493599997716956,78.0

1790042301,50,GET,[GET] /api/soporte/tickets,14.000000,0.000000,6,7,7,8,9,11,12,12,66,66,66,1395,0,6,7.2391426523654605,4.103799998119939,66.25879999774043,84567.0

1790042301,50,GET,[GET] /health,19.100000,0.000000,4,4,4,5,5,6,8,10,11,11,11,2093,0,4,3.9555564738671953,1.9185999990440905,43.428200006019324,83.99713330148113

1790042301,50,,Aggregated,49.300000,0.000000,4,5,6,6,7,8,11,12,66,66,66,4835,0,4,4.982551416706519,1.9185999990440905,66.25879999774043,24453.439089968975

1790042302,50,GET,[GET] /actuator/health,6.900000,0.000000,4,4,5,5,5,6,7,9,9,9,9,675,0,4,4.511718073939577,2.3102999984985217,64.0133999986574,49.0

1790042302,50,GET,[GET] /api/soporte/election/status,8.800000,0.000000,3,4,4,4,5,5,6,7,7,7,7,680,0,4,3.9699557353100423,2.0396999971126206,40.493599997716956,78.0

1790042302,50,GET,[GET] /api/soporte/tickets,13.500000,0.000000,6,7,7,8,9,10,11,12,12,12,12,1409,0,6,7.2466652945709455,4.103799998119939,66.25879999774043,84567.0

1790042302,50,GET,[GET] /health,19.700000,0.000000,4,4,4,5,5,6,8,8,8,8,8,2118,0,4,3.953099338901937,1.9185999990440905,43.428200006019324,83.9971671388102

1790042302,50,,Aggregated,48.900000,0.000000,4,5,5,6,7,8,9,10,12,12,12,4882,0,4,4.9832436296118,1.9185999990440905,66.25879999774043,24461.065956575174

1790042303,50,GET,[GET] /actuator/health,7.000000,0.000000,4,5,5,5,5,7,8,9,9,9,9,680,0,4,4.5164472057555995,2.3102999984985217,64.0133999986574,49.0

1790042303,50,GET,[GET] /api/soporte/election/status,8.600000,0.000000,3,4,4,4,5,5,6,7,7,7,7,687,0,4,3.9740793304422124,2.0396999971126206,40.493599997716956,78.0

1790042303,50,GET,[GET] /api/soporte/tickets,13.500000,0.000000,6,7,8,8,10,11,12,12,18,18,18,1422,0,6,7.2569623066639375,4.103799998119939,66.25879999774043,84567.0

1790042303,50,GET,[GET] /health,20.300000,0.000000,4,4,4,5,5,7,8,9,11,11,11,2140,0,4,3.966487242900614,1.9185999990440905,43.428200006019324,83.99719626168225

1790042303,50,,Aggregated,49.400000,0.000000,4,5,6,6,7,9,10,11,18,18,18,4929,0,4,4.992708399231293,1.9185999990440905,66.25879999774043,24451.39663217691

1790042304,50,GET,[GET] /actuator/health,7.000000,0.000000,4,5,5,5,6,8,8,9,9,9,9,685,0,4,4.515980583831012,2.3102999984985217,64.0133999986574,49.0

1790042304,50,GET,[GET] /api/soporte/election/status,8.400000,0.000000,4,4,4,4,5,6,6,7,7,7,7,699,0,4,3.9699642346357993,2.0396999971126206,40.493599997716956,78.0

1790042304,50,GET,[GET] /api/soporte/tickets,13.100000,0.000000,6,7,8,8,10,11,12,18,19,19,19,1438,0,6,7.253354937461312,4.103799998119939,66.25879999774043,84567.0

1790042304,50,GET,[GET] /health,20.500000,0.000000,4,4,4,5,5,7,8,9,11,11,11,2161,0,4,3.961271494583094,1.9185999990440905,43.428200006019324,83.99722350763535

1790042304,50,,Aggregated,49.000000,0.000000,4,5,6,6,7,8,10,12,19,19,19,4983,0,4,4.988778607224182,1.9185999990440905,66.25879999774043,24458.549267509534

1790042305,50,GET,[GET] /actuator/health,6.500000,0.000000,4,5,5,5,6,8,8,9,9,9,9,689,0,4,4.5154930332596,2.3102999984985217,64.0133999986574,49.0

1790042305,50,GET,[GET] /api/soporte/election/status,8.500000,0.000000,4,4,4,4,5,6,6,7,7,7,7,711,0,4,3.9649728551498318,2.0396999971126206,40.493599997716956,78.0

1790042305,50,GET,[GET] /api/soporte/tickets,13.200000,0.000000,6,7,8,8,10,11,12,18,19,19,19,1454,0,6,7.248415268278139,4.103799998119939,66.25879999774043,84567.0

1790042305,50,GET,[GET] /health,21.900000,0.000000,4,4,4,5,5,7,8,9,11,11,11,2179,0,4,3.9572803578716704,1.9185999990440905,43.428200006019324,83.99724644332262

1790042305,50,,Aggregated,50.100000,0.000000,4,5,6,6,7,9,10,12,19,19,19,5033,0,4,4.985571249713129,1.9185999990440905,66.25879999774043,24484.932843234652

1790042306,50,GET,[GET] /actuator/health,6.700000,0.000000,4,5,5,5,6,7,8,8,8,8,8,696,0,4,4.5161455458603985,2.3102999984985217,64.0133999986574,49.0

1790042306,50,GET,[GET] /api/soporte/election/status,8.500000,0.000000,4,4,4,4,5,6,6,7,7,7,7,716,0,4,3.961539385486173,2.0396999971126206,40.493599997716956,78.0

1790042306,50,GET,[GET] /api/soporte/tickets,13.100000,0.000000,6,7,8,8,10,11,12,18,19,19,19,1469,0,6,7.235218039550945,4.103799998119939,66.25879999774043,84567.0

1790042306,50,GET,[GET] /health,21.500000,0.000000,4,4,4,5,6,7,8,9,11,11,11,2200,0,4,3.9557644544501356,1.9185999990440905,43.428200006019324,83.99727272727273

1790042306,50,,Aggregated,49.800000,0.000000,4,5,6,6,7,9,10,12,19,19,19,5081,0,4,4.981483290654905,1.9185999990440905,66.25879999774043,24503.772682542807

1790042307,50,GET,[GET] /actuator/health,6.300000,0.000000,4,5,5,5,7,8,8,11,11,11,11,702,0,4,4.5264121081578566,2.3102999984985217,64.0133999986574,49.0

1790042307,50,GET,[GET] /api/soporte/election/status,8.500000,0.000000,4,4,4,5,5,6,7,8,8,8,8,722,0,4,3.9694260387850564,2.0396999971126206,40.493599997716956,78.0

1790042307,50,GET,[GET] /api/soporte/tickets,13.300000,0.000000,6,7,8,9,10,12,16,18,19,19,19,1480,0,6,7.251735675748244,4.103799998119939,66.25879999774043,84567.0

1790042307,50,GET,[GET] /health,21.300000,0.000000,4,4,5,5,6,7,9,11,12,12,12,2221,0,4,3.9654363348862507,1.9185999990440905,43.428200006019324,83.9972985141828

1790042307,50,,Aggregated,49.400000,0.000000,4,5,6,6,8,9,11,13,19,19,19,5125,0,4,4.991857521915978,1.9185999990440905,66.25879999774043,24475.401365853657

1790042308,50,GET,[GET] /actuator/health,6.100000,0.000000,4,5,5,5,7,8,8,11,11,11,11,711,0,4,4.523422784715925,2.3102999984985217,64.0133999986574,49.0

1790042308,50,GET,[GET] /api/soporte/election/status,8.000000,0.000000,4,4,4,5,6,6,7,8,8,8,8,733,0,4,3.96593506140852,2.0396999971126206,40.493599997716956,78.0

1790042308,50,GET,[GET] /api/soporte/tickets,13.800000,0.000000,7,7,8,9,10,12,16,18,19,19,19,1493,0,6,7.245816744879816,4.103799998119939,66.25879999774043,84567.0

1790042308,50,GET,[GET] /health,21.400000,0.000000,4,4,5,5,6,7,9,11,12,12,12,2240,0,4,3.9641453570376535,1.9185999990440905,43.428200006019324,83.99732142857142

1790042308,50,,Aggregated,49.300000,0.000000,4,5,6,7,8,9,11,13,19,19,19,5177,0,4,4.98761328951427,1.9185999990440905,66.25879999774043,24442.47595132316

1790042309,50,GET,[GET] /actuator/health,5.900000,0.000000,4,5,5,5,7,8,8,11,11,11,11,718,0,4,4.520461838350315,2.3102999984985217,64.0133999986574,49.0

1790042309,50,GET,[GET] /api/soporte/election/status,7.700000,0.000000,4,4,4,5,6,6,7,8,8,8,8,741,0,4,3.9653847503634365,2.0396999971126206,40.493599997716956,78.0

1790042309,50,GET,[GET] /api/soporte/tickets,14.400000,0.000000,7,7,8,8,10,12,16,18,19,19,19,1505,0,6,7.244424053225697,4.103799998119939,66.25879999774043,84567.0

1790042309,50,GET,[GET] /health,21.400000,0.000000,4,4,5,5,6,8,9,11,12,12,12,2261,0,4,3.960435603615299,1.9185999990440905,43.428200006019324,83.99734630694383

1790042309,50,,Aggregated,49.400000,0.000000,4,5,6,7,8,9,12,13,19,19,19,5225,0,4,4.9840085741308515,1.9185999990440905,66.25879999774043,24412.676172248805

1790042310,50,GET,[GET] /actuator/health,6.000000,0.000000,4,5,5,5,7,8,9,11,11,11,11,728,0,4,4.518109340536754,2.3102999984985217,64.0133999986574,49.0

1790042310,50,GET,[GET] /api/soporte/election/status,7.300000,0.000000,4,4,4,5,6,6,7,8,8,8,8,751,0,4,3.9667446072028576,2.0396999971126206,40.493599997716956,78.0

1790042310,50,GET,[GET] /api/soporte/tickets,13.900000,0.000000,7,7,8,9,10,13,16,18,19,19,19,1516,0,7,7.249036279751868,4.103799998119939,66.25879999774043,84567.0

1790042310,50,GET,[GET] /health,21.700000,0.000000,4,4,4,5,6,8,9,12,13,13,13,2286,0,4,3.96380034985545,1.9185999990440905,43.428200006019324,83.99737532808399

1790042310,50,,Aggregated,48.900000,0.000000,4,5,6,7,8,9,12,13,19,19,19,5281,0,4,4.983714334367259,1.9185999990440905,66.25879999774043,24330.58890361674

1790042311,50,GET,[GET] /actuator/health,6.200000,0.000000,4,5,5,5,7,8,9,11,11,11,11,735,0,4,4.5163268026112595,2.3102999984985217,64.0133999986574,49.0

1790042311,50,GET,[GET] /api/soporte/election/status,7.200000,0.000000,4,4,4,5,6,6,7,8,8,8,8,761,0,4,3.9721086728215247,2.0396999971126206,40.493599997716956,78.0

1790042311,50,GET,[GET] /api/soporte/tickets,13.700000,0.000000,7,7,8,8,10,13,16,18,19,19,19,1530,0,7,7.245209673253151,4.103799998119939,66.25879999774043,84567.0

1790042311,50,GET,[GET] /health,21.600000,0.000000,4,4,4,5,6,8,9,12,13,13,13,2305,0,4,3.9610472016387273,1.9185999990440905,43.428200006019324,83.99739696312365

1790042311,50,,Aggregated,48.700000,0.000000,4,5,6,7,8,9,12,13,19,19,19,5331,0,4,4.9817406677529625,1.9185999990440905,66.25879999774043,24324.985368598762

1790042312,50,GET,[GET] /actuator/health,6.500000,0.000000,4,5,5,5,6,7,9,11,11,11,11,739,0,4,4.515783897048843,2.3102999984985217,64.0133999986574,49.0

1790042312,50,GET,[GET] /api/soporte/election/status,7.800000,0.000000,4,4,4,5,5,6,7,8,8,8,8,769,0,4,3.9705529259128727,2.0396999971126206,40.493599997716956,78.0

1790042312,50,GET,[GET] /api/soporte/tickets,13.700000,0.000000,7,7,7,8,9,13,14,16,19,19,19,1540,0,7,7.2406803896630265,4.103799998119939,66.25879999774043,84567.0

1790042312,50,GET,[GET] /health,20.800000,0.000000,3,4,4,4,5,7,9,12,13,13,13,2325,0,4,3.957151010665687,1.9185999990440905,43.428200006019324,83.99741935483871

1790042312,50,,Aggregated,48.800000,0.000000,4,5,6,6,7,9,12,13,19,19,19,5373,0,4,4.977022780536921,1.9185999990440905,66.25879999774043,24292.698120230783

1790042313,50,GET,[GET] /actuator/health,6.600000,0.000000,4,5,5,6,7,8,9,11,11,11,11,745,0,4,4.526910603922658,2.3102999984985217,64.0133999986574,49.0

1790042313,50,GET,[GET] /api/soporte/election/status,8.400000,0.000000,4,4,4,5,6,7,7,8,8,8,8,775,0,4,3.9754392258398563,2.0396999971126206,40.493599997716956,78.0

1790042313,50,GET,[GET] /api/soporte/tickets,13.000000,0.000000,6,7,7,8,9,11,13,14,16,16,16,1560,0,6,7.226563333381655,4.103799998119939,66.25879999774043,84567.0

1790042313,50,GET,[GET] /health,20.900000,0.000000,4,4,4,4,6,7,9,12,13,13,13,2341,0,4,3.9571020075940857,1.9185999990440905,43.428200006019324,83.99743699273814

1790042313,50,,Aggregated,48.900000,0.000000,4,5,6,6,7,9,11,13,16,16,16,5421,0,4,4.978883674562148,1.9185999990440905,66.25879999774043,24389.985795978602

1790042314,50,GET,[GET] /actuator/health,6.600000,0.000000,4,5,5,6,7,9,9,11,11,11,11,757,0,4,4.52097529711745,2.3102999984985217,64.0133999986574,49.0

1790042314,50,GET,[GET] /api/soporte/election/status,8.900000,0.000000,4,4,4,5,6,7,7,8,8,8,8,783,0,4,3.9743459770392175,2.0396999971126206,40.493599997716956,78.0

1790042314,50,GET,[GET] /api/soporte/tickets,13.100000,0.000000,6,7,7,8,9,12,14,16,35,35,35,1578,0,6,7.238253168621375,4.103799998119939,66.25879999774043,84567.0

1790042314,50,GET,[GET] /health,21.000000,0.000000,4,4,4,4,6,7,9,12,13,13,13,2362,0,4,3.951696570608345,1.9185999990440905,43.428200006019324,83.99745977984759

1790042314,50,,Aggregated,49.600000,0.000000,4,5,6,6,7,9,11,13,35,35,35,5480,0,4,4.979956569306762,1.9185999990440905,66.25879999774043,24405.71076642336

1790042315,50,GET,[GET] /actuator/health,6.700000,0.000000,4,5,5,5,6,9,9,11,11,11,11,769,0,4,4.515079453739523,2.3102999984985217,64.0133999986574,49.0

1790042315,50,GET,[GET] /api/soporte/election/status,8.800000,0.000000,4,4,5,5,6,7,7,8,8,8,8,788,0,4,3.971389974643261,2.0396999971126206,40.493599997716956,78.0

1790042315,50,GET,[GET] /api/soporte/tickets,13.200000,0.000000,6,7,7,8,9,12,14,16,35,35,35,1587,0,6,7.22989035920786,4.103799998119939,66.25879999774043,84567.0

1790042315,50,GET,[GET] /health,19.900000,0.000000,4,4,4,4,5,7,9,12,13,13,13,2381,0,4,3.9468814782813055,1.9185999990440905,43.428200006019324,83.99748005039899

1790042315,50,,Aggregated,48.600000,0.000000,4,5,6,6,7,9,11,13,35,35,35,5525,0,4,4.972472796343031,1.9185999990440905,66.25879999774043,24345.153303167423

1790042316,50,GET,[GET] /actuator/health,6.600000,0.000000,4,4,5,5,6,8,9,9,9,9,9,776,0,4,4.507734535998436,2.3102999984985217,64.0133999986574,49.0

1790042316,50,GET,[GET] /api/soporte/election/status,8.400000,0.000000,4,4,4,5,6,6,7,7,7,7,7,794,0,4,3.968880604556703,2.0396999971126206,40.493599997716956,78.0

1790042316,50,GET,[GET] /api/soporte/tickets,13.900000,0.000000,6,7,7,8,9,10,13,15,35,35,35,1603,0,6,7.226929631968684,4.103799998119939,66.25879999774043,84567.0

1790042316,50,GET,[GET] /health,19.900000,0.000000,3,4,4,4,5,6,8,9,13,13,13,2406,0,4,3.9426798004240093,1.9185999990440905,43.428200006019324,83.99750623441396

1790042316,50,,Aggregated,48.800000,0.000000,4,5,6,6,7,8,9,13,35,35,35,5579,0,4,4.968659078655453,1.9185999990440905,66.25879999774043,24352.564079584154

1790042317,50,GET,[GET] /actuator/health,7.600000,0.000000,4,4,5,5,6,8,9,9,9,9,9,783,0,4,4.497466538863636,2.3102999984985217,64.0133999986574,49.0

1790042317,50,GET,[GET] /api/soporte/election/status,7.800000,0.000000,4,4,4,5,6,6,7,7,7,7,7,798,0,4,3.9660230576553652,2.0396999971126206,40.493599997716956,78.0

1790042317,50,GET,[GET] /api/soporte/tickets,13.500000,0.000000,6,7,7,7,9,10,13,15,35,35,35,1616,0,6,7.2199439975637425,4.103799998119939,66.25879999774043,84567.0

1790042317,50,GET,[GET] /health,20.200000,0.000000,3,4,4,4,4,6,8,9,13,13,13,2433,0,4,3.9364752157067966,1.9185999990440905,43.428200006019324,83.99753390875462

1790042317,50,,Aggregated,49.100000,0.000000,4,5,6,6,7,8,9,13,35,35,35,5630,0,4,4.961150337445267,1.9185999990440905,66.25879999774043,24327.752930728242

1790042318,50,GET,[GET] /actuator/health,7.900000,0.000000,4,4,5,5,6,8,9,9,9,9,9,788,0,4,4.497325761328427,2.3102999984985217,64.0133999986574,49.0

1790042318,50,GET,[GET] /api/soporte/election/status,7.800000,0.000000,4,4,4,4,5,6,7,7,7,7,7,803,0,4,3.9615797011296534,2.0396999971126206,40.493599997716956,78.0

1790042318,50,GET,[GET] /api/soporte/tickets,13.100000,0.000000,6,7,7,7,8,10,13,15,35,35,35,1633,0,6,7.213511757559182,4.103799998119939,66.25879999774043,84567.0

1790042318,50,GET,[GET] /health,20.200000,0.000000,3,4,4,4,4,6,8,9,13,13,13,2452,0,4,3.9310970227602016,1.9185999990440905,43.428200006019324,83.99755301794454

1790042318,50,,Aggregated,49.000000,0.000000,4,5,6,6,7,8,9,13,35,35,35,5676,0,4,4.958378400253007,1.9185999990440905,66.25879999774043,24384.270436927414

1790042319,50,GET,[GET] /actuator/health,7.900000,0.000000,4,4,5,5,6,7,9,9,9,9,9,796,0,4,4.486290954693101,2.3102999984985217,64.0133999986574,49.0

1790042319,50,GET,[GET] /api/soporte/election/status,7.600000,0.000000,4,4,4,4,5,6,6,7,7,7,7,811,0,4,3.9553345252928276,2.0396999971126206,40.493599997716956,78.0

1790042319,50,GET,[GET] /api/soporte/tickets,13.200000,0.000000,6,7,7,7,8,9,15,17,35,35,35,1649,0,6,7.209029775681354,4.103799998119939,66.25879999774043,84567.0

1790042319,50,GET,[GET] /health,20.400000,0.000000,3,4,4,4,4,5,7,8,9,9,9,2471,0,4,3.925034560827967,1.8631999992066994,43.428200006019324,83.99757183326588

1790042319,50,,Aggregated,49.100000,0.000000,4,5,6,6,7,8,9,10,35,35,35,5727,0,4,4.952909795678829,1.8631999992066994,66.25879999774043,24403.84197660206

1790042320,50,GET,[GET] /actuator/health,8.100000,0.000000,4,4,4,5,6,7,9,9,9,9,9,806,0,4,4.4847436723691905,2.3102999984985217,64.0133999986574,49.0

1790042320,50,GET,[GET] /api/soporte/election/status,7.200000,0.000000,4,4,4,4,5,6,6,7,7,7,7,819,0,4,3.955354334568913,2.0396999971126206,40.493599997716956,78.0

1790042320,50,GET,[GET] /api/soporte/tickets,13.700000,0.000000,6,7,7,7,8,9,15,17,35,35,35,1658,0,6,7.207082931297554,4.103799998119939,66.25879999774043,84567.0

1790042320,50,GET,[GET] /health,20.800000,0.000000,3,4,4,4,4,5,6,7,8,8,8,2491,0,4,3.9236243676515454,1.8631999992066994,43.428200006019324,83.99759132878363

1790042320,50,,Aggregated,49.800000,0.000000,4,5,6,6,7,8,9,10,35,35,35,5774,0,4,4.94929518528799,1.8631999992066994,66.25879999774043,24337.49567024593

1790042321,50,GET,[GET] /actuator/health,7.500000,0.000000,4,4,4,5,6,7,9,9,9,9,9,813,0,4,4.480836408272635,2.3102999984985217,64.0133999986574,49.0

1790042321,50,GET,[GET] /api/soporte/election/status,7.000000,0.000000,4,4,4,4,5,6,6,7,7,7,7,828,0,4,3.9547258454241683,2.0396999971126206,40.493599997716956,78.0

1790042321,50,GET,[GET] /api/soporte/tickets,14.200000,0.000000,6,7,7,7,8,9,15,17,35,35,35,1665,0,6,7.207011711761333,4.103799998119939,66.25879999774043,84567.0

1790042321,50,GET,[GET] /health,20.700000,0.000000,3,4,4,4,4,5,6,6,8,8,8,2520,0,4,3.917676626914481,1.8631999992066994,43.428200006019324,83.99761904761905

1790042321,50,,Aggregated,49.400000,0.000000,4,5,6,6,7,8,9,10,35,35,35,5826,0,4,4.941581290738753,1.8631999992066994,66.25879999774043,24222.476828012357

1790042322,50,GET,[GET] /actuator/health,7.600000,0.000000,4,4,4,4,5,7,7,9,9,9,9,823,0,4,4.474178371726216,2.3102999984985217,64.0133999986574,49.0

1790042322,50,GET,[GET] /api/soporte/election/status,7.100000,0.000000,3,4,4,4,5,5,6,7,7,7,7,834,0,4,3.951567026395454,2.0396999971126206,40.493599997716956,78.0

1790042322,50,GET,[GET] /api/soporte/tickets,14.000000,0.000000,6,7,7,7,8,9,15,17,35,35,35,1677,0,6,7.198391294035305,4.103799998119939,66.25879999774043,84567.0

1790042322,50,GET,[GET] /health,21.200000,0.000000,3,4,4,4,4,5,6,6,6,6,6,2543,0,4,3.9128027919152646,1.8631999992066994,43.428200006019324,83.99764058198977

1790042322,50,,Aggregated,49.900000,0.000000,4,5,5,6,7,7,9,10,35,35,35,5877,0,4,4.934458975647815,1.8631999992066994,66.25879999774043,24185.442232431513

1790042323,50,GET,[GET] /actuator/health,7.800000,0.000000,4,4,4,5,5,6,7,9,9,9,9,831,0,4,4.474067147923104,2.3102999984985217,64.0133999986574,49.0

1790042323,50,GET,[GET] /api/soporte/election/status,6.800000,0.000000,3,4,4,4,4,5,5,7,7,7,7,841,0,4,3.9490760998943943,2.0396999971126206,40.493599997716956,78.0

1790042323,50,GET,[GET] /api/soporte/tickets,14.200000,0.000000,6,7,7,8,8,9,10,15,17,17,17,1694,0,6,7.19672886662483,4.103799998119939,66.25879999774043,84567.0

1790042323,50,GET,[GET] /health,21.000000,0.000000,3,4,4,4,5,5,6,6,6,6,6,2562,0,4,3.911946487055392,1.8631999992066994,43.428200006019324,83.9976580796253

1790042323,50,,Aggregated,49.800000,0.000000,4,5,5,6,7,8,9,10,17,17,17,5928,0,4,4.934680904155476,1.8631999992066994,66.25879999774043,24220.313259109313

1790042324,50,GET,[GET] /actuator/health,8.000000,0.000000,4,4,4,5,5,5,7,7,7,7,7,838,0,4,4.466972553624029,2.3102999984985217,64.0133999986574,49.0

1790042324,50,GET,[GET] /api/soporte/election/status,6.400000,0.000000,3,4,4,4,4,5,5,7,7,7,7,853,0,4,3.9430866354098844,2.0396999971126206,40.493599997716956,78.0

1790042324,50,GET,[GET] /api/soporte/tickets,13.500000,0.000000,6,7,7,8,8,9,10,15,17,17,17,1707,0,6,7.189838488610423,4.103799998119939,66.25879999774043,84567.0

1790042324,50,GET,[GET] /health,21.300000,0.000000,3,4,4,4,5,5,6,6,7,7,7,2578,0,4,3.91036675710781,1.8631999992066994,43.428200006019324,83.99767261442979

1790042324,50,,Aggregated,49.200000,0.000000,4,5,5,6,7,8,9,10,17,17,17,5976,0,4,4.929845331295765,1.8631999992066994,66.25879999774043,24210.175870147257

1790042325,50,GET,[GET] /actuator/health,8.200000,0.000000,4,4,4,5,5,5,7,7,7,7,7,842,0,4,4.4616925177450435,2.3102999984985217,64.0133999986574,49.0

1790042325,50,GET,[GET] /api/soporte/election/status,6.500000,0.000000,3,4,4,4,4,5,6,7,7,7,7,860,0,4,3.9396187209329288,2.0396999971126206,40.493599997716956,78.0

1790042325,50,GET,[GET] /api/soporte/tickets,13.400000,0.000000,6,7,7,8,8,10,15,15,17,17,17,1725,0,6,7.18860805799773,4.103799998119939,66.25879999774043,84567.0

1790042325,50,GET,[GET] /health,21.200000,0.000000,3,4,4,4,5,5,6,7,7,7,7,2599,0,4,3.906117160381058,1.8631999992066994,43.428200006019324,83.99769141977684

1790042325,50,,Aggregated,49.300000,0.000000,4,5,6,6,7,8,9,10,17,17,17,6026,0,4,4.9281720212114335,1.8631999992066994,66.25879999774043,24262.31712578825

1790042326,50,GET,[GET] /actuator/health,8.500000,0.000000,4,4,4,5,5,6,7,7,7,7,7,853,0,4,4.451052168744018,2.3102999984985217,64.0133999986574,49.0

1790042326,50,GET,[GET] /api/soporte/election/status,6.800000,0.000000,4,4,4,4,5,5,6,7,7,7,7,870,0,4,3.9382920689458008,2.0396999971126206,40.493599997716956,78.0

1790042326,50,GET,[GET] /api/soporte/tickets,12.800000,0.000000,6,7,7,8,9,10,15,17,32,32,32,1736,0,6,7.198583640576359,4.103799998119939,66.25879999774043,84567.0

1790042326,50,GET,[GET] /health,21.600000,0.000000,3,3,4,4,4,5,6,7,7,7,7,2622,0,4,3.898595652108693,1.8631999992066994,43.428200006019324,83.99771167048056

1790042326,50,,Aggregated,49.700000,0.000000,4,5,6,6,7,8,9,10,32,32,32,6081,0,4,4.923848149940971,1.8631999992066994,66.25879999774043,24196.38398289755

1790042327,50,GET,[GET] /actuator/health,7.500000,0.000000,4,4,4,5,5,6,6,7,7,7,7,858,0,4,4.451149650272074,2.3102999984985217,64.0133999986574,49.0

1790042327,50,GET,[GET] /api/soporte/election/status,7.100000,0.000000,4,4,4,4,5,5,7,7,7,7,7,879,0,4,3.937450853214227,2.0396999971126206,40.493599997716956,78.0

1790042327,50,GET,[GET] /api/soporte/tickets,13.500000,0.000000,6,7,8,8,9,10,17,30,32,32,32,1749,0,6,7.2078712979063235,4.103799998119939,66.25879999774043,84567.0

1790042327,50,GET,[GET] /health,22.000000,0.000000,3,4,4,4,5,6,7,8,8,8,8,2645,0,4,3.900477277813259,1.8631999992066994,43.428200006019324,83.9977315689981

1790042327,50,,Aggregated,50.100000,0.000000,4,5,6,6,7,8,9,10,32,32,32,6131,0,4,4.926347251633172,1.8631999992066994,66.25879999774043,24178.838851737073

1790042328,50,GET,[GET] /actuator/health,7.500000,0.000000,4,4,4,5,5,6,7,7,7,7,7,871,0,4,4.45186383458203,2.3102999984985217,64.0133999986574,49.0

1790042328,50,GET,[GET] /api/soporte/election/status,7.300000,0.000000,4,4,4,4,5,5,7,7,7,7,7,887,0,4,3.9349024802561994,2.0396999971126206,40.493599997716956,78.0

1790042328,50,GET,[GET] /api/soporte/tickets,13.500000,0.000000,6,7,8,8,9,10,17,30,32,32,32,1760,0,6,7.202755170473293,4.103799998119939,66.25879999774043,84567.0

1790042328,50,GET,[GET] /health,21.700000,0.000000,3,4,4,4,5,6,7,8,8,8,8,2662,0,4,3.9023832080394962,1.8631999992066994,43.428200006019324,83.99774605559729

1790042328,50,,Aggregated,50.000000,0.000000,4,5,6,6,7,8,9,10,32,32,32,6180,0,4,4.924405355945361,1.8631999992066994,66.25879999774043,24138.08851132686

1790042329,50,GET,[GET] /actuator/health,7.700000,0.000000,4,4,4,5,5,6,7,7,7,7,7,873,0,4,4.451131385941494,2.3102999984985217,64.0133999986574,49.0

1790042329,50,GET,[GET] /api/soporte/election/status,7.800000,0.000000,4,4,4,4,5,5,7,7,7,7,7,891,0,4,3.935224691346901,2.0396999971126206,40.493599997716956,78.0

1790042329,50,GET,[GET] /api/soporte/tickets,13.100000,0.000000,6,7,7,8,8,10,15,30,32,32,32,1775,0,6,7.194887887334786,4.103799998119939,66.25879999774043,84567.0

1790042329,50,GET,[GET] /health,21.300000,0.000000,3,4,4,4,5,6,7,7,8,8,8,2688,0,4,3.896453906179431,1.8631999992066994,43.428200006019324,83.99776785714286

1790042329,50,,Aggregated,49.900000,0.000000,4,5,6,6,7,8,9,10,32,32,32,6227,0,4,4.919980247269402,1.8631999992066994,66.25879999774043,24160.026658101815

1790042330,50,GET,[GET] /actuator/health,7.900000,0.000000,4,4,4,5,5,6,6,7,7,7,7,878,0,4,4.4470726650549395,2.3102999984985217,64.0133999986574,49.0

1790042330,50,GET,[GET] /api/soporte/election/status,8.400000,0.000000,3,4,4,4,4,5,6,7,7,7,7,899,0,4,3.9300914349253144,2.0396999971126206,40.493599997716956,78.0

1790042330,50,GET,[GET] /api/soporte/tickets,12.400000,0.000000,6,7,7,8,8,10,15,30,32,32,32,1789,0,6,7.189885131376257,4.103799998119939,66.25879999774043,84567.0

1790042330,50,GET,[GET] /health,20.500000,0.000000,3,4,4,4,5,6,7,8,8,8,8,2705,0,4,3.8921616635184826,1.7915999997057952,43.428200006019324,83.99778188539742

1790042330,50,,Aggregated,49.200000,0.000000,4,5,6,6,7,8,9,10,32,32,32,6271,0,4,4.916071408031528,1.7915999997057952,66.25879999774043,24179.671663211608

1790042331,50,GET,[GET] /actuator/health,8.000000,0.000000,4,4,4,5,5,6,6,7,7,7,7,884,0,4,4.4427549772871116,2.3102999984985217,64.0133999986574,49.0

1790042331,50,GET,[GET] /api/soporte/election/status,8.200000,0.000000,3,4,4,4,4,5,6,7,7,7,7,905,0,4,3.9265450828699704,2.0396999971126206,40.493599997716956,78.0

1790042331,50,GET,[GET] /api/soporte/tickets,12.500000,0.000000,6,7,7,8,8,10,30,32,32,32,32,1806,0,6,7.1956890919365675,4.103799998119939,66.25879999774043,84567.0

1790042331,50,GET,[GET] /health,21.000000,0.000000,3,4,4,4,5,6,7,8,8,8,8,2728,0,4,3.889045271201604,1.7915999997057952,43.428200006019324,83.99780058651027

1790042331,50,,Aggregated,49.700000,0.000000,4,5,6,6,7,8,9,10,32,32,32,6323,0,4,4.916281622614984,1.7915999997057952,66.25879999774043,24208.6120512415

1790042332,50,GET,[GET] /actuator/health,7.400000,0.000000,4,4,4,4,5,6,6,7,7,7,7,892,0,4,4.435124551495832,2.3102999984985217,64.0133999986574,49.0

1790042332,50,GET,[GET] /api/soporte/election/status,7.900000,0.000000,3,4,4,4,5,5,6,7,7,7,7,910,0,4,3.927116373633508,2.0396999971126206,40.493599997716956,78.0

1790042332,50,GET,[GET] /api/soporte/tickets,12.900000,0.000000,6,7,7,7,8,10,30,32,32,32,32,1823,0,6,7.18914805268978,4.103799998119939,66.25879999774043,84567.0

1790042332,50,GET,[GET] /health,21.100000,0.000000,3,4,4,4,5,6,7,8,8,8,8,2747,0,4,3.8857079722739223,1.7915999997057952,43.428200006019324,83.99672369858027

1790042332,50,,Aggregated,49.300000,0.000000,4,5,6,6,7,8,9,10,32,32,32,6372,0,4,4.913632093507644,1.7915999997057952,66.25879999774043,24248.44130571249

1790042333,50,GET,[GET] /actuator/health,7.000000,0.000000,4,4,4,4,5,6,7,7,7,7,7,899,0,4,4.438239599482775,2.3102999984985217,64.0133999986574,49.0

1790042333,50,GET,[GET] /api/soporte/election/status,7.800000,0.000000,3,4,4,4,5,5,6,7,7,7,7,920,0,4,3.925176413031295,2.0396999971126206,40.493599997716956,78.0

1790042333,50,GET,[GET] /api/soporte/tickets,13.400000,0.000000,6,7,7,8,9,10,30,32,32,32,32,1839,0,6,7.190840619930292,4.103799998119939,66.25879999774043,84567.0

1790042333,50,GET,[GET] /health,21.200000,0.000000,3,4,4,4,5,6,8,8,11,11,11,2766,0,4,3.887886370154096,1.7915999997057952,43.428200006019324,83.99566160520607

1790042333,50,,Aggregated,49.400000,0.000000,4,5,6,6,7,8,9,11,32,32,32,6424,0,4,4.915782892251221,1.7915999997057952,66.25879999774043,24263.209215442093

1790042334,50,GET,[GET] /actuator/health,7.000000,0.000000,4,4,4,4,5,6,7,7,7,7,7,905,0,4,4.434573038608847,2.3102999984985217,64.0133999986574,49.0

1790042334,50,GET,[GET] /api/soporte/election/status,7.500000,0.000000,3,4,4,4,5,5,5,7,7,7,7,925,0,4,3.921433621608476,2.0396999971126206,40.493599997716956,78.0

1790042334,50,GET,[GET] /api/soporte/tickets,14.500000,0.000000,6,7,7,8,8,9,30,32,32,32,32,1851,0,6,7.186825769881071,4.103799998119939,66.25879999774043,84567.0

1790042334,50,GET,[GET] /health,20.500000,0.000000,3,4,4,4,5,6,8,8,11,11,11,2793,0,4,3.8828090225020273,1.7915999997057952,43.428200006019324,83.99570354457572

1790042334,50,,Aggregated,49.500000,0.000000,4,5,6,6,7,8,9,11,32,32,32,6474,0,4,4.910119678688117,1.7915999997057952,66.25879999774043,24233.02625888168

1790042335,50,GET,[GET] /actuator/health,6.800000,0.000000,4,4,4,5,5,6,7,7,7,7,7,914,0,4,4.430662910219935,2.3102999984985217,64.0133999986574,49.0

1790042335,50,GET,[GET] /api/soporte/election/status,7.400000,0.000000,4,4,4,4,5,5,5,7,7,7,7,934,0,4,3.920408458238551,2.0396999971126206,40.493599997716956,78.0

1790042335,50,GET,[GET] /api/soporte/tickets,14.700000,0.000000,6,7,7,8,8,9,30,32,32,32,32,1864,0,6,7.183767757539183,4.103799998119939,66.25879999774043,84567.0

1790042335,50,GET,[GET] /health,20.800000,0.000000,3,4,4,4,5,6,7,8,11,11,11,2812,0,4,3.878951173485066,1.7915999997057952,43.428200006019324,83.99573257467995

1790042335,50,,Aggregated,49.700000,0.000000,4,5,6,6,7,8,9,11,32,32,32,6524,0,4,4.906413427318956,1.7915999997057952,66.25879999774043,24216.235744941754

1790042336,50,GET,[GET] /actuator/health,6.700000,0.000000,4,4,4,4,5,6,7,7,7,7,7,920,0,4,4.42659717385971,2.3102999984985217,64.0133999986574,49.0

1790042336,50,GET,[GET] /api/soporte/election/status,7.500000,0.000000,4,4,4,4,4,5,5,5,5,5,5,937,0,4,3.9187059765230625,2.0396999971126206,40.493599997716956,78.0

1790042336,50,GET,[GET] /api/soporte/tickets,14.300000,0.000000,6,7,7,8,8,10,12,30,32,32,32,1879,0,6,7.183698616310582,4.103799998119939,66.25879999774043,84567.0

1790042336,50,GET,[GET] /health,20.600000,0.000000,3,4,4,4,5,5,6,7,11,11,11,2838,0,4,3.872593868864673,1.7915999997057952,43.428200006019324,83.99577167019028

1790042336,50,,Aggregated,49.100000,0.000000,4,5,6,6,7,8,9,11,32,32,32,6574,0,4,4.9030860967201955,1.7915999997057952,66.25879999774043,24225.42424703377

1790042337,50,GET,[GET] /actuator/health,6.900000,0.000000,4,4,4,4,5,5,6,7,7,7,7,925,0,4,4.42121881076034,2.3102999984985217,64.0133999986574,49.0

1790042337,50,GET,[GET] /api/soporte/election/status,7.600000,0.000000,4,4,4,4,5,5,5,5,5,5,5,941,0,4,3.9204053135110484,2.0396999971126206,40.493599997716956,78.0

1790042337,50,GET,[GET] /api/soporte/tickets,13.800000,0.000000,6,7,7,8,8,9,12,12,32,32,32,1890,0,6,7.178118253988615,4.103799998119939,66.25879999774043,84567.0

1790042337,50,GET,[GET] /health,21.100000,0.000000,3,4,4,4,5,5,6,7,11,11,11,2861,0,4,3.8690227891694033,1.7915999997057952,43.428200006019324,83.99580566235582

1790042337,50,,Aggregated,49.400000,0.000000,4,5,6,6,7,8,9,11,32,32,32,6617,0,4,4.898692232102063,1.7915999997057952,66.25879999774043,24208.956475744297

1790042338,50,GET,[GET] /actuator/health,6.500000,0.000000,4,4,4,4,5,5,6,7,7,7,7,933,0,4,4.417868488704866,2.3102999984985217,64.0133999986574,49.0

1790042338,50,GET,[GET] /api/soporte/election/status,7.000000,0.000000,4,4,4,4,5,5,5,6,6,6,6,946,0,4,3.9217304439890843,2.0396999971126206,40.493599997716956,78.0

1790042338,50,GET,[GET] /api/soporte/tickets,14.100000,0.000000,6,7,7,8,8,9,12,12,32,32,32,1908,0,6,7.166656446557906,4.103799998119939,66.25879999774043,84567.0

1790042338,50,GET,[GET] /health,21.800000,0.000000,3,3,4,4,4,5,5,7,11,11,11,2877,0,4,3.8653865136656473,1.7915999997057952,43.428200006019324,83.99582898852972

1790042338,50,,Aggregated,49.400000,0.000000,4,5,6,6,7,8,9,11,32,32,32,6664,0,4,4.895937244871528,1.7915999997057952,66.25879999774043,24266.956332533013

1790042339,50,GET,[GET] /actuator/health,6.600000,0.000000,4,4,4,4,5,5,6,7,7,7,7,941,0,4,4.4111594048506975,2.3102999984985217,64.0133999986574,49.0

1790042339,50,GET,[GET] /api/soporte/election/status,6.500000,0.000000,4,4,4,4,5,5,5,6,6,6,6,950,0,4,3.920776736853632,2.0396999971126206,40.493599997716956,78.0

1790042339,50,GET,[GET] /api/soporte/tickets,14.700000,0.000000,6,7,7,7,8,9,12,26,32,32,32,1927,0,6,7.165664763910395,4.103799998119939,66.25879999774043,84567.0

1790042339,50,GET,[GET] /health,21.800000,0.000000,3,3,4,4,4,5,6,8,11,11,11,2895,0,4,3.8621211743832964,1.7915999997057952,43.428200006019324,83.99585492227979

1790042339,50,,Aggregated,49.600000,0.000000,4,5,6,6,7,8,9,11,32,32,32,6713,0,4,4.895682362560767,1.7915999997057952,66.25879999774043,24329.507820646508

1790042340,50,GET,[GET] /actuator/health,6.100000,0.000000,4,4,4,4,5,5,6,7,7,7,7,952,0,4,4.409139075589734,2.3102999984985217,64.0133999986574,49.0

1790042340,50,GET,[GET] /api/soporte/election/status,5.900000,0.000000,4,4,4,4,5,5,5,6,6,6,6,958,0,4,3.9183637787053134,2.0396999971126206,40.493599997716956,78.0

1790042340,50,GET,[GET] /api/soporte/tickets,14.900000,0.000000,6,7,7,7,8,9,12,12,26,26,26,1944,0,6,7.161649074104213,4.103799998119939,66.25879999774043,84567.0

1790042340,50,GET,[GET] /health,21.700000,0.000000,3,4,4,4,4,5,6,8,11,11,11,2910,0,4,3.8606149140345147,1.7915999997057952,43.428200006019324,83.99587628865979

1790042340,50,,Aggregated,48.600000,0.000000,4,5,6,6,7,8,9,11,26,26,26,6764,0,4,4.894726212279738,1.7915999997057952,66.25879999774043,24358.96629213483

1790042341,50,GET,[GET] /actuator/health,6.600000,0.000000,4,4,4,4,5,5,6,7,7,7,7,960,0,4,4.405625520780632,2.3102999984985217,64.0133999986574,49.0

1790042341,50,GET,[GET] /api/soporte/election/status,5.700000,0.000000,4,4,4,4,5,5,5,6,6,6,6,965,0,4,3.919916269441806,2.0396999971126206,40.493599997716956,78.0

1790042341,50,GET,[GET] /api/soporte/tickets,15.100000,0.000000,6,7,7,7,8,9,12,12,26,26,26,1959,0,6,7.158321847914032,4.103799998119939,66.25879999774043,84567.0

1790042341,50,GET,[GET] /health,21.100000,0.000000,3,4,4,4,4,5,5,8,11,11,11,2929,0,4,3.858944656819499,1.7915999997057952,43.428200006019324,83.99590303857973

1790042341,50,,Aggregated,48.500000,0.000000,4,5,6,6,7,8,9,11,26,26,26,6813,0,4,4.89331001025226,1.7915999997057952,66.25879999774043,24370.334214002643

1790042342,50,GET,[GET] /actuator/health,6.700000,0.000000,4,4,4,5,5,5,6,7,7,7,7,967,0,4,4.407690796227208,2.3102999984985217,64.0133999986574,49.0

1790042342,50,GET,[GET] /api/soporte/election/status,5.900000,0.000000,4,4,4,4,5,6,6,8,8,8,8,972,0,4,3.9258002057610346,2.0396999971126206,40.493599997716956,78.0

1790042342,50,GET,[GET] /api/soporte/tickets,15.400000,0.000000,6,7,7,7,9,13,18,26,29,29,29,1976,0,6,7.189750657928406,4.103799998119939,66.25879999774043,84567.0

1790042342,50,GET,[GET] /health,20.700000,0.000000,3,4,4,4,5,5,5,5,12,12,12,2948,0,4,3.861146065074453,1.7915999997057952,43.428200006019324,83.99592944369064

1790042342,50,,Aggregated,48.700000,0.000000,4,5,6,6,7,8,12,14,29,29,29,6863,0,4,4.905685662226061,1.7915999997057952,66.25879999774043,24402.62436252368

1790042343,50,GET,[GET] /actuator/health,7.400000,0.000000,4,4,4,5,5,6,7,9,9,9,9,974,0,4,4.410077310004702,2.3102999984985217,64.0133999986574,49.0

1790042343,50,GET,[GET] /api/soporte/election/status,5.700000,0.000000,4,4,4,5,5,6,6,8,8,8,8,976,0,4,3.9242371926253536,2.0396999971126206,40.493599997716956,78.0

1790042343,50,GET,[GET] /api/soporte/tickets,15.600000,0.000000,6,7,7,8,10,13,18,26,29,29,29,1993,0,6,7.194443953877771,4.103799998119939,66.25879999774043,84567.0

1790042343,50,GET,[GET] /health,20.100000,0.000000,3,4,4,4,5,5,5,9,12,12,12,2968,0,4,3.8616761118090053,1.7915999997057952,43.428200006019324,83.99595687331536

1790042343,50,,Aggregated,48.800000,0.000000,4,5,6,6,7,8,12,15,29,29,29,6911,0,4,4.908906424522421,1.7915999997057952,66.25879999774043,24441.496889017508

1790042344,50,GET,[GET] /actuator/health,7.400000,0.000000,4,4,4,5,5,5,7,9,9,9,9,980,0,4,4.407385714230073,2.3102999984985217,64.0133999986574,49.0

1790042344,50,GET,[GET] /api/soporte/election/status,6.000000,0.000000,4,4,4,5,5,6,6,8,8,8,8,983,0,4,3.9215519837360064,2.0396999971126206,40.493599997716956,78.0

1790042344,50,GET,[GET] /api/soporte/tickets,15.200000,0.000000,6,7,7,8,10,14,18,29,32,32,32,2008,0,6,7.199783665380681,4.103799998119939,66.25879999774043,84567.0

1790042344,50,GET,[GET] /health,20.100000,0.000000,3,4,4,4,5,5,5,9,12,12,12,2991,0,4,3.857419458322424,1.7915999997057952,43.428200006019324,83.99598796389168

1790042344,50,,Aggregated,48.700000,0.000000,4,5,6,6,7,9,13,16,32,32,32,6962,0,4,4.90790445272691,1.7915999997057952,66.25879999774043,24445.053432921573

1790042345,50,GET,[GET] /actuator/health,7.400000,0.000000,4,4,4,5,5,5,7,9,9,9,9,984,0,4,4.404995630022491,2.3102999984985217,64.0133999986574,49.0

1790042345,50,GET,[GET] /api/soporte/election/status,5.900000,0.000000,4,4,4,5,5,6,6,8,8,8,8,994,0,4,3.9187559356304074,2.0396999971126206,40.493599997716956,78.0

1790042345,50,GET,[GET] /api/soporte/tickets,15.200000,0.000000,6,7,7,7,10,14,26,29,32,32,32,2019,0,6,7.193974591421165,4.103799998119939,66.25879999774043,84567.0

1790042345,50,GET,[GET] /health,19.800000,0.000000,3,4,4,4,5,5,6,9,12,12,12,3020,0,4,3.857538344313287,1.7915999997057952,43.428200006019324,83.99602649006623

1790042345,50,,Aggregated,48.300000,0.000000,4,5,6,6,7,8,13,16,32,32,32,7017,0,4,4.9029727233667115,1.7915999997057952,66.25879999774043,24386.516887558784

1790042346,50,GET,[GET] /actuator/health,7.400000,0.000000,4,4,5,5,5,5,7,9,9,9,9,989,0,4,4.403405864446114,2.3102999984985217,64.0133999986574,49.0

1790042346,50,GET,[GET] /api/soporte/election/status,5.700000,0.000000,4,4,4,5,5,5,6,8,8,8,8,1001,0,4,3.9161452547599143,2.0396999971126206,40.493599997716956,78.0

1790042346,50,GET,[GET] /api/soporte/tickets,15.400000,0.000000,6,7,7,7,10,14,26,29,32,32,32,2032,0,6,7.185378838624553,4.103799998119939,66.25879999774043,84567.0

1790042346,50,GET,[GET] /health,19.900000,0.000000,3,4,4,4,5,5,6,9,12,12,12,3042,0,4,3.852721597574028,1.7915999997057952,43.428200006019324,83.99605522682445

1790042346,50,,Aggregated,48.400000,0.000000,4,5,6,6,7,8,13,16,32,32,32,7064,0,4,4.897465840863132,1.7915999997057952,66.25879999774043,24380.26599660249

1790042347,50,GET,[GET] /actuator/health,7.400000,0.000000,4,4,4,5,5,5,7,9,9,9,9,997,0,4,4.397167000923551,2.3102999984985217,64.0133999986574,49.0

1790042347,50,GET,[GET] /api/soporte/election/status,5.700000,0.000000,4,4,4,5,5,5,6,8,8,8,8,1007,0,4,3.915336047661747,2.0396999971126206,40.493599997716956,78.0

1790042347,50,GET,[GET] /api/soporte/tickets,15.500000,0.000000,6,7,7,7,10,14,26,29,32,32,32,2043,0,6,7.1792495350352965,4.103799998119939,66.25879999774043,84567.0

1790042347,50,GET,[GET] /health,19.800000,0.000000,3,4,4,4,5,5,6,9,12,12,12,3068,0,4,3.8514586048989754,1.7915999997057952,43.428200006019324,83.9960886571056

1790042347,50,,Aggregated,48.400000,0.000000,4,5,6,6,7,8,13,16,32,32,32,7115,0,4,4.892508882617474,1.7915999997057952,66.25879999774043,24336.680252986647

1790042348,50,GET,[GET] /actuator/health,7.100000,0.000000,4,4,5,5,5,5,7,9,9,9,9,1005,0,4,4.394840298442631,2.3102999984985217,64.0133999986574,49.0

1790042348,50,GET,[GET] /api/soporte/election/status,6.100000,0.000000,4,4,4,5,5,5,6,8,8,8,8,1012,0,4,3.9122642292388603,2.0396999971126206,40.493599997716956,78.0

1790042348,50,GET,[GET] /api/soporte/tickets,15.300000,0.000000,6,7,7,7,10,13,18,29,32,32,32,2062,0,6,7.176310378321155,4.103799998119939,66.25879999774043,84567.0

1790042348,50,GET,[GET] /health,19.900000,0.000000,3,4,4,4,5,5,6,9,12,12,12,3086,0,4,3.849284348616163,1.7915999997057952,43.428200006019324,83.99611147116008

1790042348,50,,Aggregated,48.400000,0.000000,4,5,6,6,7,8,12,15,32,32,32,7165,0,4,4.892179958109179,1.7915999997057952,66.25879999774043,24391.423168178648

1790042349,50,GET,[GET] /actuator/health,6.800000,0.000000,4,4,5,5,5,6,7,9,9,9,9,1014,0,4,4.393914398360452,2.3102999984985217,64.0133999986574,49.0

1790042349,50,GET,[GET] /api/soporte/election/status,6.200000,0.000000,4,4,4,5,5,5,6,8,8,8,8,1015,0,4,3.9142214778146656,2.0396999971126206,40.493599997716956,78.0

1790042349,50,GET,[GET] /api/soporte/tickets,15.000000,0.000000,6,7,7,7,10,14,18,29,32,32,32,2076,0,6,7.172225144574873,4.103799998119939,66.25879999774043,84567.0

1790042349,50,GET,[GET] /health,20.400000,0.000000,3,4,4,4,5,5,6,9,12,12,12,3111,0,4,3.849180134953056,1.7915999997057952,43.428200006019324,83.99614271938283

1790042349,50,,Aggregated,48.400000,0.000000,4,5,6,6,7,8,12,15,32,32,32,7216,0,4,4.890895620828129,1.7915999997057952,66.25879999774043,24383.489467849224

1790042350,50,GET,[GET] /actuator/health,7.200000,0.000000,4,4,5,5,5,7,7,9,9,9,9,1022,0,4,4.394297553759447,2.3102999984985217,64.0133999986574,49.0

1790042350,50,GET,[GET] /api/soporte/election/status,6.700000,0.000000,4,4,4,5,5,5,6,8,8,8,8,1023,0,4,3.914177810343894,2.0396999971126206,40.493599997716956,78.0

1790042350,50,GET,[GET] /api/soporte/tickets,14.900000,0.000000,6,7,7,8,10,14,18,29,32,32,32,2089,0,6,7.169238822466971,4.103799998119939,66.25879999774043,84567.0

1790042350,50,GET,[GET] /health,21.000000,0.000000,3,4,4,4,5,5,6,9,12,12,12,3134,0,4,3.851654148003693,1.7915999997057952,43.428200006019324,83.99521378430121

1790042350,50,,Aggregated,49.800000,0.000000,4,5,6,6,7,8,12,15,32,32,32,7268,0,4,4.8903137038939235,1.7915999997057952,66.25879999774043,24360.701155751238

1790042351,50,GET,[GET] /actuator/health,7.200000,0.000000,4,4,5,5,6,7,8,9,9,9,9,1032,0,4,4.394461434049288,2.3102999984985217,64.0133999986574,49.0

1790042351,50,GET,[GET] /api/soporte/election/status,6.500000,0.000000,4,4,4,5,5,5,6,8,8,8,8,1029,0,4,3.9130875607118107,2.0396999971126206,40.493599997716956,78.0

1790042351,50,GET,[GET] /api/soporte/tickets,15.000000,0.000000,6,7,7,7,9,12,18,29,32,32,32,2100,0,6,7.1673585238715445,4.103799998119939,66.25879999774043,84567.0

1790042351,50,GET,[GET] /health,21.000000,0.000000,4,4,4,4,5,6,7,7,9,9,9,3157,0,4,3.8536637946819683,1.7915999997057952,43.428200006019324,83.99524865378524

1790042351,50,,Aggregated,49.700000,0.000000,4,5,6,6,7,8,10,13,32,32,32,7318,0,4,4.889193878088622,1.7915999997057952,66.25879999774043,24321.768652637333

1790042352,50,GET,[GET] /actuator/health,7.300000,0.000000,4,4,4,5,5,7,7,8,8,8,8,1042,0,4,4.392827255235186,2.3102999984985217,64.0133999986574,49.0

1790042352,50,GET,[GET] /api/soporte/election/status,6.200000,0.000000,4,4,4,5,5,5,5,6,6,6,6,1039,0,4,3.9150434070903426,2.0396999971126206,40.493599997716956,78.0

1790042352,50,GET,[GET] /api/soporte/tickets,14.500000,0.000000,6,7,7,7,8,8,10,10,32,32,32,2114,0,6,7.161334295240129,4.103799998119939,66.25879999774043,84567.0

1790042352,50,GET,[GET] /health,21.400000,0.000000,3,4,4,4,5,6,6,7,9,9,9,3173,0,4,3.851093602213714,1.7915999997057952,43.428200006019324,83.9952726126694

1790042352,50,,Aggregated,49.400000,0.000000,4,5,6,6,7,7,8,9,32,32,32,7368,0,4,4.886487079245885,1.7915999997057952,66.25879999774043,24317.759907709013

1790042353,50,GET,[GET] /actuator/health,6.800000,0.000000,4,4,5,5,6,7,8,34,34,34,34,1052,0,4,4.42399543722447,2.3102999984985217,64.0133999986574,49.0

1790042353,50,GET,[GET] /api/soporte/election/status,6.400000,0.000000,4,4,5,5,5,5,5,6,6,6,6,1045,0,4,3.916088229625399,2.0396999971126206,40.493599997716956,78.0

1790042353,50,GET,[GET] /api/soporte/tickets,14.000000,0.000000,6,7,7,7,8,10,19,32,59,59,59,2129,0,6,7.190164255586677,4.103799998119939,66.25879999774043,84567.0

1790042353,50,GET,[GET] /health,22.100000,0.000000,4,4,4,5,5,6,7,8,28,28,28,3191,0,4,3.8599900970921444,1.7915999997057952,43.428200006019324,83.99529927922282

1790042353,50,,Aggregated,49.300000,0.000000,4,5,6,6,7,8,9,19,59,59,59,7417,0,4,4.903794458660341,1.7915999997057952,66.25879999774043,24328.46568693542

1790042354,50,GET,[GET] /actuator/health,7.500000,0.000000,4,4,5,5,6,7,8,34,34,34,34,1057,0,4,4.422111636672383,2.3102999984985217,64.0133999986574,49.0

1790042354,50,GET,[GET] /api/soporte/election/status,6.400000,0.000000,4,4,5,5,5,5,5,6,6,6,6,1056,0,4,3.914611647697904,2.0396999971126206,40.493599997716956,78.0

1790042354,50,GET,[GET] /api/soporte/tickets,13.900000,0.000000,6,7,7,7,8,10,20,26,59,59,59,2147,0,6,7.196261946958301,4.103799998119939,66.25879999774043,84567.0

1790042354,50,GET,[GET] /health,22.400000,0.000000,4,4,4,5,5,6,7,8,28,28,28,3209,0,4,3.8581708631370213,1.7915999997057952,43.428200006019324,83.99532564661888

1790042354,50,,Aggregated,50.200000,0.000000,4,5,6,6,7,8,10,20,59,59,59,7469,0,4,4.905508983780676,1.7915999997057952,66.25879999774043,24363.24153166421

1790042355,50,GET,[GET] /actuator/health,7.900000,0.000000,4,4,5,5,6,7,8,34,34,34,34,1060,0,4,4.421434999964714,2.3102999984985217,64.0133999986574,49.0

1790042355,50,GET,[GET] /api/soporte/election/status,6.700000,0.000000,4,4,5,5,5,5,5,6,6,6,6,1060,0,4,3.913635471669621,2.0396999971126206,40.493599997716956,78.0

1790042355,50,GET,[GET] /api/soporte/tickets,13.400000,0.000000,6,7,7,7,8,10,20,26,59,59,59,2161,0,6,7.19035529853189,4.103799998119939,66.25879999774043,84567.0

1790042355,50,GET,[GET] /health,22.400000,0.000000,4,4,4,4,5,6,7,7,28,28,28,3237,0,4,3.8553359591653718,1.7915999997057952,43.428200006019324,83.99536607970343

1790042355,50,,Aggregated,50.400000,0.000000,4,5,6,6,7,8,10,20,59,59,59,7518,0,4,4.902002527251678,1.7915999997057952,66.25879999774043,24362.303804203246

1790042356,50,GET,[GET] /actuator/health,7.800000,0.000000,4,4,5,5,6,7,8,34,34,34,34,1067,0,4,4.414193345792526,2.3102999984985217,64.0133999986574,49.0

1790042356,50,GET,[GET] /api/soporte/election/status,6.800000,0.000000,4,4,4,5,5,5,6,6,6,6,6,1072,0,4,3.9101652052129032,2.0396999971126206,40.493599997716956,78.0

1790042356,50,GET,[GET] /api/soporte/tickets,13.700000,0.000000,6,7,7,7,8,10,20,26,59,59,59,2174,0,6,7.182545216248898,4.103799998119939,66.25879999774043,84567.0

1790042356,50,GET,[GET] /health,22.000000,0.000000,4,4,4,4,5,6,7,8,28,28,28,3253,0,4,3.8534719335364445,1.7915999997057952,43.428200006019324,83.99538887181063

1790042356,50,,Aggregated,50.300000,0.000000,4,5,6,6,7,8,10,20,59,59,59,7566,0,4,4.8971502643230265,1.7915999997057952,66.25879999774043,24353.39598202485

1790042357,50,GET,[GET] /actuator/health,7.600000,0.000000,4,4,5,5,6,7,8,34,34,34,34,1074,0,4,4.410187150789073,2.3102999984985217,64.0133999986574,49.0

1790042357,50,GET,[GET] /api/soporte/election/status,6.800000,0.000000,4,4,5,5,5,5,6,6,6,6,6,1080,0,4,3.907610092574032,2.0396999971126206,40.493599997716956,78.0

1790042357,50,GET,[GET] /api/soporte/tickets,14.200000,0.000000,6,7,7,8,9,10,20,26,59,59,59,2187,0,6,7.178514494799558,4.103799998119939,66.25879999774043,84567.0

1790042357,50,GET,[GET] /health,21.300000,0.000000,3,4,4,4,5,6,7,8,28,28,28,3274,0,4,3.8514903175922672,1.7915999997057952,43.428200006019324,83.99541844838119

1790042357,50,,Aggregated,49.900000,0.000000,4,5,6,6,7,8,10,20,59,59,59,7615,0,4,4.893755797748015,1.7915999997057952,66.25879999774043,24341.41772816809

1790042358,50,GET,[GET] /actuator/health,7.700000,0.000000,4,4,5,5,6,7,8,34,34,34,34,1081,0,4,4.406759019367469,2.3102999984985217,64.0133999986574,49.0

1790042358,50,GET,[GET] /api/soporte/election/status,6.800000,0.000000,4,4,5,5,5,5,6,8,8,8,8,1089,0,4,3.9113186409387883,2.0396999971126206,40.493599997716956,78.0

1790042358,50,GET,[GET] /api/soporte/tickets,14.000000,0.000000,6,7,7,8,8,10,20,26,59,59,59,2200,0,6,7.171852909152883,4.103799998119939,66.25879999774043,84567.0

1790042358,50,GET,[GET] /health,21.600000,0.000000,3,4,4,4,5,6,7,7,28,28,28,3299,0,4,3.8479818126028498,1.7915999997057952,43.428200006019324,83.99545316762655

1790042358,50,,Aggregated,50.100000,0.000000,4,5,6,6,7,8,9,20,59,59,59,7669,0,4,4.88925556132895,1.7915999997057952,66.25879999774043,24313.78432650932

1790042359,50,GET,[GET] /actuator/health,7.700000,0.000000,4,4,5,5,5,7,8,34,34,34,34,1091,0,4,4.404765994424716,2.3102999984985217,64.0133999986574,49.0

1790042359,50,GET,[GET] /api/soporte/election/status,7.300000,0.000000,4,4,5,5,5,5,6,8,8,8,8,1098,0,4,3.909137978132404,2.0396999971126206,40.493599997716956,78.0

1790042359,50,GET,[GET] /api/soporte/tickets,14.400000,0.000000,6,7,7,8,8,9,20,26,59,59,59,2215,0,6,7.166320902991669,4.103799998119939,66.25879999774043,84567.0

1790042359,50,GET,[GET] /health,20.400000,0.000000,3,4,4,4,5,6,7,8,28,28,28,3319,0,4,3.846920066223293,1.7915999997057952,43.428200006019324,83.99548056643567

1790042359,50,,Aggregated,49.800000,0.000000,4,5,6,6,7,8,9,20,59,59,59,7723,0,4,4.886593512861375,1.7915999997057952,66.25879999774043,24308.40204583711

1790042360,50,GET,[GET] /actuator/health,7.600000,0.000000,4,4,5,5,5,7,8,34,34,34,34,1098,0,4,4.3998042804184045,2.3102999984985217,64.0133999986574,49.0

1790042360,50,GET,[GET] /api/soporte/election/status,7.300000,0.000000,4,4,4,5,5,5,6,8,8,8,8,1110,0,4,3.905829549546832,2.0396999971126206,40.493599997716956,78.0

1790042360,50,GET,[GET] /api/soporte/tickets,13.900000,0.000000,6,7,7,8,8,10,26,34,59,59,59,2226,0,6,7.1745097035566605,4.103799998119939,66.25879999774043,84567.0

1790042360,50,GET,[GET] /health,20.900000,0.000000,3,4,4,4,5,6,7,8,28,28,28,3342,0,4,3.8448233691715474,1.7915999997057952,43.428200006019324,83.99461400359067

1790042360,50,,Aggregated,49.700000,0.000000,4,5,5,6,7,8,9,26,59,59,59,7776,0,4,4.885071270548461,1.7915999997057952,66.25879999774043,24262.761574074073

1790042361,50,GET,[GET] /actuator/health,7.300000,0.000000,4,4,4,4,5,5,7,34,34,34,34,1107,0,4,4.391722312463309,2.3102999984985217,64.0133999986574,49.0

1790042361,50,GET,[GET] /api/soporte/election/status,8.000000,0.000000,4,4,4,5,5,5,6,8,8,8,8,1118,0,4,3.9017427549093515,2.0396999971126206,40.493599997716956,78.0

1790042361,50,GET,[GET] /api/soporte/tickets,13.800000,0.000000,6,7,7,8,8,9,26,34,59,59,59,2244,0,6,7.168116889541468,4.103799998119939,66.25879999774043,84567.0

1790042361,50,GET,[GET] /health,21.100000,0.000000,3,4,4,4,5,6,7,8,28,28,28,3357,0,3,3.8421678283529213,1.7915999997057952,43.428200006019324,83.99463806970509

1790042361,50,,Aggregated,50.200000,0.000000,4,5,5,6,7,8,9,26,59,59,59,7826,0,4,4.882084934806715,1.7915999997057952,66.25879999774043,24302.55111167902

1790042362,50,GET,[GET] /actuator/health,7.600000,0.000000,4,4,4,4,5,5,5,34,34,34,34,1114,0,4,4.3901535008145816,2.3102999984985217,64.0133999986574,49.0

1790042362,50,GET,[GET] /api/soporte/election/status,8.300000,0.000000,3,4,4,4,5,5,6,8,8,8,8,1129,0,4,3.898265633285959,2.0396999971126206,40.493599997716956,78.0

1790042362,50,GET,[GET] /api/soporte/tickets,13.700000,0.000000,6,7,7,8,8,9,31,34,59,59,59,2257,0,6,7.176382631873597,4.103799998119939,66.25879999774043,84567.0

1790042362,50,GET,[GET] /health,20.400000,0.000000,3,4,4,4,5,5,7,8,28,28,28,3376,0,3,3.842069460829601,1.7915999997057952,43.428200006019324,83.9946682464455

1790042362,50,,Aggregated,50.000000,0.000000,4,5,5,6,7,8,9,28,59,59,59,7876,0,4,4.883150710993744,1.7915999997057952,66.25879999774043,24288.208862366682

1790042363,50,GET,[GET] /actuator/health,7.600000,0.000000,4,4,4,4,5,5,5,5,5,5,5,1117,0,4,4.391081826234005,2.3102999984985217,64.0133999986574,49.0

1790042363,50,GET,[GET] /api/soporte/election/status,8.700000,0.000000,3,4,4,4,5,5,7,8,8,8,8,1136,0,4,3.89832693659807,2.0396999971126206,40.493599997716956,78.0

1790042363,50,GET,[GET] /api/soporte/tickets,13.500000,0.000000,6,7,7,8,8,9,26,31,34,34,34,2271,0,6,7.169654249290119,4.103799998119939,66.25879999774043,84567.0

1790042363,50,GET,[GET] /health,20.500000,0.000000,3,4,4,4,5,5,6,7,8,8,8,3402,0,4,3.8422973838175114,1.7915999997057952,43.428200006019324,83.994708994709

1790042363,50,,Aggregated,50.300000,0.000000,4,5,5,6,7,8,9,10,34,34,34,7926,0,4,4.881039401938408,1.7915999997057952,66.25879999774043,24284.727226848347

1790042364,50,GET,[GET] /actuator/health,7.000000,0.000000,4,4,4,4,5,5,5,5,5,5,5,1124,0,4,4.386443238350609,2.3102999984985217,64.0133999986574,49.0

1790042364,50,GET,[GET] /api/soporte/election/status,9.100000,0.000000,3,4,4,4,5,5,7,8,8,8,8,1141,0,4,3.8946504820151278,2.0396999971126206,40.493599997716956,78.0

1790042364,50,GET,[GET] /api/soporte/tickets,14.200000,0.000000,6,7,7,8,8,9,10,31,34,34,34,2287,0,6,7.163259379157498,4.103799998119939,66.25879999774043,84567.0

1790042364,50,GET,[GET] /health,20.100000,0.000000,3,4,4,4,5,5,6,7,8,8,8,3421,0,3,3.8392417420995995,1.7915999997057952,43.428200006019324,83.99473838059048

1790042364,50,,Aggregated,50.400000,0.000000,4,5,5,6,7,8,8,9,34,34,34,7973,0,4,4.877784848832469,1.7915999997057952,66.25879999774043,24311.57017433839

1790042365,50,GET,[GET] /actuator/health,6.700000,0.000000,4,4,4,4,5,5,5,5,5,5,5,1130,0,4,4.381128495480026,2.3102999984985217,64.0133999986574,49.0

1790042365,50,GET,[GET] /api/soporte/election/status,9.000000,0.000000,3,4,4,4,5,5,7,8,8,8,8,1145,0,4,3.89566506547894,2.0396999971126206,40.493599997716956,78.0

1790042365,50,GET,[GET] /api/soporte/tickets,14.000000,0.000000,6,7,7,7,8,9,10,31,34,34,34,2306,0,6,7.154381743339755,4.103799998119939,66.25879999774043,84567.0

1790042365,50,GET,[GET] /health,20.300000,0.000000,3,4,4,4,5,6,7,8,8,8,8,3442,0,3,3.8395604299005646,1.7915999997057952,43.428200006019324,83.99477048227774

1790042365,50,,Aggregated,50.000000,0.000000,4,5,5,6,7,8,9,9,34,34,34,8023,0,4,4.876602642368819,1.7915999997057952,66.25879999774043,24360.624703976067

1790042366,50,GET,[GET] /actuator/health,6.400000,0.000000,4,4,4,4,5,5,5,10,10,10,10,1135,0,4,4.382361585811798,2.3102999984985217,64.0133999986574,49.0

1790042366,50,GET,[GET] /api/soporte/election/status,8.900000,0.000000,3,4,4,4,5,7,8,10,10,10,10,1153,0,4,3.901603382450031,2.0396999971126206,40.493599997716956,78.0

1790042366,50,GET,[GET] /api/soporte/tickets,14.000000,0.000000,6,7,7,7,8,9,10,31,34,34,34,2320,0,6,7.152010431093067,4.103799998119939,66.25879999774043,84567.0

1790042366,50,GET,[GET] /health,21.200000,0.000000,3,4,4,4,5,5,7,8,10,10,10,3461,0,3,3.839674400384414,1.7915999997057952,43.428200006019324,83.99479919098526

1790042366,50,,Aggregated,50.500000,0.000000,4,5,5,6,7,8,9,10,34,34,34,8069,0,4,4.877222257990786,1.7915999997057952,66.25879999774043,24368.781137687445

1790042367,50,GET,[GET] /actuator/health,6.600000,0.000000,4,4,4,4,5,5,6,10,10,10,10,1146,0,4,4.381414746864005,2.3102999984985217,64.0133999986574,49.0

1790042367,50,GET,[GET] /api/soporte/election/status,8.600000,0.000000,3,4,4,4,5,7,8,10,10,10,10,1158,0,4,3.9002105353738097,2.0396999971126206,40.493599997716956,78.0

1790042367,50,GET,[GET] /api/soporte/tickets,13.500000,0.000000,6,7,7,7,8,9,13,31,34,34,34,2340,0,6,7.153787735094536,4.103799998119939,66.25879999774043,84567.0

1790042367,50,GET,[GET] /health,21.200000,0.000000,3,4,4,4,5,5,7,8,10,10,10,3477,0,3,3.837255680110819,1.7915999997057952,43.428200006019324,83.99482312338223

1790042367,50,,Aggregated,49.900000,0.000000,4,5,6,6,7,8,10,10,34,34,34,8121,0,4,4.8786536633093895,1.7915999997057952,66.25879999774043,24421.291466568156

1790042368,50,GET,[GET] /actuator/health,6.900000,0.000000,4,4,4,5,5,5,6,10,10,10,10,1153,0,4,4.381690979972082,2.3102999984985217,64.0133999986574,49.0

1790042368,50,GET,[GET] /api/soporte/election/status,8.300000,0.000000,3,4,4,4,5,7,7,10,10,10,10,1160,0,4,3.901388620654651,2.0396999971126206,40.493599997716956,78.0

1790042368,50,GET,[GET] /api/soporte/tickets,14.800000,0.000000,6,7,7,8,8,10,21,31,34,34,34,2354,0,6,7.15548954976159,4.103799998119939,66.25879999774043,84567.0

1790042368,50,GET,[GET] /health,20.300000,0.000000,3,4,4,4,5,6,7,8,10,10,10,3501,0,3,3.8377498428306387,1.7915999997057952,43.428200006019324,83.9948586118252

1790042368,50,,Aggregated,50.300000,0.000000,4,5,6,6,7,8,10,13,34,34,34,8168,0,4,4.879736177737029,1.7915999997057952,66.25879999774043,24426.023628795298

1790042369,50,GET,[GET] /actuator/health,7.000000,0.000000,4,4,4,5,5,5,6,10,10,10,10,1156,0,4,4.381498356319454,2.3102999984985217,64.0133999986574,49.0

1790042369,50,GET,[GET] /api/soporte/election/status,8.000000,0.000000,3,4,4,4,5,7,7,10,10,10,10,1165,0,4,3.8993393132700924,2.0396999971126206,40.493599997716956,78.0

1790042369,50,GET,[GET] /api/soporte/tickets,14.600000,0.000000,6,7,7,8,8,10,16,31,34,34,34,2370,0,6,7.148804978962043,4.103799998119939,66.25879999774043,84567.0

1790042369,50,GET,[GET] /health,20.500000,0.000000,3,4,4,4,5,6,7,7,10,10,10,3527,0,3,3.8331136659311813,1.7915999997057952,43.428200006019324,83.99489651261696

1790042369,50,,Aggregated,50.100000,0.000000,4,5,6,6,7,8,10,13,34,34,34,8218,0,4,4.875858128467299,1.7915999997057952,66.25879999774043,24442.38914577756

1790042370,50,GET,[GET] /actuator/health,7.300000,0.000000,4,4,5,5,5,5,6,10,10,10,10,1161,0,4,4.380452971492401,2.3102999984985217,64.0133999986574,49.0

1790042370,50,GET,[GET] /api/soporte/election/status,7.500000,0.000000,3,4,4,4,5,7,7,10,10,10,10,1173,0,4,3.895531969277136,2.0396999971126206,40.493599997716956,78.0

1790042370,50,GET,[GET] /api/soporte/tickets,15.500000,0.000000,6,7,7,7,8,10,13,21,31,31,31,2386,0,6,7.1426886421259095,4.103799998119939,66.25879999774043,84567.0

1790042370,50,GET,[GET] /health,19.500000,0.000000,3,4,4,4,5,6,7,7,10,10,10,3552,0,3,3.828856334394004,1.7915999997057952,43.428200006019324,83.99493243243244

1790042370,50,,Aggregated,49.800000,0.000000,4,5,6,6,7,8,10,11,31,31,31,8272,0,4,4.871580959833738,1.7915999997057952,66.25879999774043,24446.759550290135

1790042371,50,GET,[GET] /actuator/health,7.100000,0.000000,4,4,5,5,5,6,6,10,10,10,10,1167,0,4,4.37875364172208,2.3102999984985217,64.0133999986574,49.0

1790042371,50,GET,[GET] /api/soporte/election/status,7.000000,0.000000,3,4,4,4,6,7,8,10,10,10,10,1178,0,4,3.8989109507352664,2.0396999971126206,40.493599997716956,78.0

1790042371,50,GET,[GET] /api/soporte/tickets,15.000000,0.000000,6,7,7,7,8,10,13,21,31,31,31,2407,0,6,7.131917739970929,4.103799998119939,66.25879999774043,84567.0

1790042371,50,GET,[GET] /health,20.400000,0.000000,3,4,4,4,5,6,7,7,10,10,10,3570,0,3,3.82775899153418,1.7915999997057952,43.428200006019324,83.99495798319327

1790042371,50,,Aggregated,49.500000,0.000000,4,5,6,6,7,8,10,11,31,31,31,8322,0,4,4.870770031211591,1.7915999997057952,66.25879999774043,24513.54217736121

1790042372,50,GET,[GET] /actuator/health,6.600000,0.000000,4,4,5,5,5,6,6,10,10,10,10,1175,0,4,4.377410553093564,2.3102999984985217,64.0133999986574,49.0

1790042372,50,GET,[GET] /api/soporte/election/status,6.700000,0.000000,3,4,4,4,7,7,8,10,10,10,10,1188,0,4,3.8994157407048173,2.0396999971126206,40.493599997716956,78.0

1790042372,50,GET,[GET] /api/soporte/tickets,15.700000,0.000000,6,7,7,7,8,10,16,33,34,34,34,2422,0,6,7.150829066928215,4.103799998119939,66.25879999774043,84567.0

1790042372,50,GET,[GET] /health,21.200000,0.000000,3,4,4,4,5,6,7,7,10,10,10,3590,0,3,3.8262258773715163,1.7915999997057952,43.428200006019324,83.9949860724234

1790042372,50,,Aggregated,50.200000,0.000000,4,5,6,6,7,8,10,13,34,34,34,8375,0,4,4.8753936954873005,1.7915999997057952,66.25879999774043,24510.215522388058

1790042373,50,GET,[GET] /actuator/health,6.300000,0.000000,4,4,5,5,5,6,8,10,10,10,10,1184,0,4,4.3774130066582515,2.3102999984985217,64.0133999986574,49.0

1790042373,50,GET,[GET] /api/soporte/election/status,6.300000,0.000000,4,4,4,5,7,7,9,10,10,10,10,1198,0,4,3.908568864739731,2.0396999971126206,40.493599997716956,78.0

1790042373,50,GET,[GET] /api/soporte/tickets,16.100000,0.000000,6,7,7,7,8,10,16,33,34,34,34,2435,0,6,7.1430521971702445,4.103799998119939,66.25879999774043,84567.0

1790042373,50,GET,[GET] /health,21.000000,0.000000,3,4,4,4,5,6,7,7,10,10,10,3615,0,3,3.8244857814051545,1.7915999997057952,43.428200006019324,83.99502074688796

1790042373,50,,Aggregated,49.700000,0.000000,4,5,6,6,7,8,10,13,34,34,34,8432,0,4,4.872411136116075,1.7915999997057952,66.25879999774043,24475.302063567364

1790042374,50,GET,[GET] /actuator/health,6.200000,0.000000,4,5,5,5,6,6,10,10,10,10,10,1193,0,4,4.3821148364428995,2.3102999984985217,64.0133999986574,49.0

1790042374,50,GET,[GET] /api/soporte/election/status,5.800000,0.000000,4,4,5,5,7,9,9,10,10,10,10,1203,0,4,3.912531837035663,2.0396999971126206,40.493599997716956,78.0

1790042374,50,GET,[GET] /api/soporte/tickets,16.000000,0.000000,6,7,7,7,8,11,21,33,34,34,34,2446,0,6,7.147748037656896,4.103799998119939,66.25879999774043,84567.0

1790042374,50,GET,[GET] /health,20.900000,0.000000,3,4,4,4,5,6,7,7,10,10,10,3635,0,3,3.8241831086055718,1.7915999997057952,43.428200006019324,83.99504814305365

1790042374,50,,Aggregated,48.900000,0.000000,4,5,6,6,7,8,10,16,34,34,34,8477,0,4,4.874240427004873,1.7915999997057952,66.25879999774043,24455.408163265307

1790042375,50,GET,[GET] /actuator/health,6.200000,0.000000,4,5,5,5,6,6,10,10,10,10,10,1202,0,4,4.382528785253499,2.3102999984985217,64.0133999986574,49.0

1790042375,50,GET,[GET] /api/soporte/election/status,6.000000,0.000000,4,4,5,5,7,8,9,10,10,10,10,1212,0,4,3.91264183163723,2.0396999971126206,40.493599997716956,78.0

1790042375,50,GET,[GET] /api/soporte/tickets,16.600000,0.000000,6,7,7,7,9,11,21,33,34,34,34,2465,0,6,7.144046572050501,4.103799998119939,66.25879999774043,84567.0

1790042375,50,GET,[GET] /health,21.000000,0.000000,3,4,4,4,5,6,7,7,10,10,10,3652,0,3,3.823866155466497,1.7915999997057952,43.428200006019324,83.99507119386638

1790042375,50,,Aggregated,49.800000,0.000000,4,5,6,6,7,8,10,16,34,34,34,8531,0,4,4.874546418906009,1.7915999997057952,66.25879999774043,24489.255538623842

1790042376,50,GET,[GET] /actuator/health,6.700000,0.000000,4,5,5,5,6,6,8,10,10,10,10,1206,0,4,4.382380099387121,2.3102999984985217,64.0133999986574,49.0

1790042376,50,GET,[GET] /api/soporte/election/status,6.200000,0.000000,4,4,5,5,6,7,9,9,9,9,9,1220,0,4,3.909448032739971,2.0396999971126206,40.493599997716956,78.0

1790042376,50,GET,[GET] /api/soporte/tickets,16.100000,0.000000,6,7,7,7,8,11,21,33,34,34,34,2478,0,6,7.139957828937783,4.103799998119939,66.25879999774043,84567.0

1790042376,50,GET,[GET] /health,21.000000,0.000000,3,4,4,4,5,6,7,7,8,8,8,3675,0,3,3.8203808162610846,1.7915999997057952,43.428200006019324,83.99510204081632

1790042376,50,,Aggregated,50.000000,0.000000,4,5,6,6,7,8,10,16,34,34,34,8579,0,4,4.870893111046852,1.7915999997057952,66.25879999774043,24480.704277887864

1790042377,50,GET,[GET] /actuator/health,6.900000,0.000000,4,5,5,5,5,6,8,10,10,10,10,1215,0,4,4.37655399165786,2.3102999984985217,64.0133999986574,49.0

1790042377,50,GET,[GET] /api/soporte/election/status,6.200000,0.000000,4,4,5,5,6,7,9,9,9,9,9,1233,0,4,3.9088964314259087,2.0396999971126206,40.493599997716956,78.0

1790042377,50,GET,[GET] /api/soporte/tickets,16.200000,0.000000,6,7,7,7,8,10,24,33,34,34,34,2490,0,6,7.137285140606581,4.103799998119939,66.25879999774043,84567.0

1790042377,50,GET,[GET] /health,21.000000,0.000000,3,4,4,4,5,5,7,7,8,8,8,3689,0,3,3.8184615071166084,1.7915999997057952,43.428200006019324,83.99512062889671

1790042377,50,,Aggregated,50.300000,0.000000,4,5,6,6,7,8,10,11,34,34,34,8627,0,4,4.867894621499478,1.7915999997057952,66.25879999774043,24462.43155210386

1790042378,50,GET,[GET] /actuator/health,7.100000,0.000000,4,5,5,5,5,6,8,10,10,10,10,1225,0,4,4.380414530501834,2.3102999984985217,64.0133999986574,49.0

1790042378,50,GET,[GET] /api/soporte/election/status,6.700000,0.000000,4,4,5,5,6,7,9,9,9,9,9,1236,0,4,3.9072200646824586,2.0396999971126206,40.493599997716956,78.0

1790042378,50,GET,[GET] /api/soporte/tickets,15.400000,0.000000,6,7,7,7,8,10,24,33,34,34,34,2505,0,6,7.132812415210957,4.103799998119939,66.25879999774043,84567.0

1790042378,50,GET,[GET] /health,20.800000,0.000000,3,4,4,4,5,5,7,7,8,8,8,3709,0,3,3.817583041179967,1.7915999997057952,43.428200006019324,83.99514693987598

1790042378,50,,Aggregated,50.000000,0.000000,4,5,6,6,7,8,10,11,34,34,34,8675,0,4,4.867140334253857,1.7915999997057952,66.25879999774043,24473.57994236311

1790042379,50,GET,[GET] /actuator/health,6.900000,0.000000,4,5,5,5,5,6,8,10,10,10,10,1235,0,4,4.378501943194521,2.3102999984985217,64.0133999986574,49.0

1790042379,50,GET,[GET] /api/soporte/election/status,6.700000,0.000000,4,4,5,5,6,7,9,9,9,9,9,1240,0,4,3.909762499959822,2.0396999971126206,40.493599997716956,78.0

1790042379,50,GET,[GET] /api/soporte/tickets,15.300000,0.000000,6,7,7,7,8,10,24,33,34,34,34,2520,0,6,7.128472539729306,4.103799998119939,66.25879999774043,84567.0

1790042379,50,GET,[GET] /health,21.200000,0.000000,3,4,4,4,5,5,7,7,8,8,8,3726,0,3,3.8167887546324817,1.7915999997057952,43.428200006019324,83.9951690821256

1790042379,50,,Aggregated,50.100000,0.000000,4,5,6,6,7,8,9,11,34,34,34,8721,0,4,4.866490207507613,1.7915999997057952,66.25879999774043,24490.200779727096

1790042380,50,GET,[GET] /actuator/health,6.700000,0.000000,4,5,5,5,5,6,8,10,10,10,10,1241,0,4,4.377802094956541,2.3102999984985217,64.0133999986574,49.0

1790042380,50,GET,[GET] /api/soporte/election/status,7.600000,0.000000,4,5,5,5,6,8,9,9,9,9,9,1248,0,4,3.913352403806596,2.0396999971126206,40.493599997716956,78.0

1790042380,50,GET,[GET] /api/soporte/tickets,14.800000,0.000000,6,7,7,7,8,10,24,33,34,34,34,2539,0,6,7.124897676302304,4.103799998119939,66.25879999774043,84567.0

1790042380,50,GET,[GET] /health,21.100000,0.000000,3,4,4,4,5,5,7,8,9,9,9,3746,0,3,3.818716257282901,1.7915999997057952,43.428200006019324,83.99519487453283

1790042380,50,,Aggregated,50.200000,0.000000,4,5,6,6,7,8,10,11,34,34,34,8774,0,4,4.867989799373717,1.7915999997057952,66.25879999774043,24525.690904946434

1790042381,50,GET,[GET] /actuator/health,7.100000,0.000000,4,5,5,5,6,6,8,10,10,10,10,1249,0,4,4.381019215257173,2.3102999984985217,64.0133999986574,49.0

1790042381,50,GET,[GET] /api/soporte/election/status,7.500000,0.000000,4,5,5,5,6,7,9,9,9,9,9,1256,0,4,3.916755334357963,2.0396999971126206,40.493599997716956,78.0

1790042381,50,GET,[GET] /api/soporte/tickets,15.100000,0.000000,6,7,7,7,8,10,24,33,34,34,34,2548,0,6,7.123650627990326,4.103799998119939,66.25879999774043,84567.0

1790042381,50,GET,[GET] /health,20.100000,0.000000,3,4,4,4,5,5,7,8,9,9,9,3768,0,3,3.818050318418529,1.7915999997057952,43.428200006019324,83.9952229299363

1790042381,50,,Aggregated,49.800000,0.000000,4,5,6,6,7,8,9,11,34,34,34,8821,0,4,4.866660594006369,1.7915999997057952,66.25879999774043,24481.621018025166

1790042382,50,GET,[GET] /actuator/health,7.700000,0.000000,4,5,5,5,6,6,8,10,10,10,10,1258,0,4,4.38409006347063,2.3102999984985217,64.0133999986574,49.0

1790042382,50,GET,[GET] /api/soporte/election/status,7.300000,0.000000,4,5,5,5,5,7,9,9,9,9,9,1264,0,4,3.9148246043876935,2.0396999971126206,40.493599997716956,78.0

1790042382,50,GET,[GET] /api/soporte/tickets,14.700000,0.000000,6,7,7,7,8,9,11,11,24,24,24,2567,0,6,7.118303467131764,4.103799998119939,66.25879999774043,84567.0

1790042382,50,GET,[GET] /health,19.500000,0.000000,3,4,4,4,5,5,7,8,9,9,9,3792,0,3,3.8162077003721704,1.7915999997057952,43.428200006019324,83.99525316455696

1790042382,50,,Aggregated,49.200000,0.000000,4,5,6,6,7,8,9,10,24,24,24,8881,0,4,4.865135480208378,1.7915999997057952,66.25879999774043,24497.492737304357

1790042383,50,GET,[GET] /actuator/health,8.000000,0.000000,4,5,5,5,5,6,7,10,10,10,10,1269,0,4,4.377679038501397,2.3102999984985217,64.0133999986574,49.0

1790042383,50,GET,[GET] /api/soporte/election/status,7.400000,0.000000,4,4,5,5,5,6,9,9,9,9,9,1269,0,4,3.9186900708816323,2.0396999971126206,40.493599997716956,78.0

1790042383,50,GET,[GET] /api/soporte/tickets,15.100000,0.000000,6,7,7,7,8,9,11,11,24,24,24,2577,0,6,7.113693286819282,4.103799998119939,66.25879999774043,84567.0

1790042383,50,GET,[GET] /health,19.100000,0.000000,3,4,4,4,5,5,7,9,9,9,9,3812,0,3,3.814397586517617,1.7915999997057952,43.428200006019324,83.99527806925498

1790042383,50,,Aggregated,49.600000,0.000000,4,5,6,6,7,8,9,10,24,24,24,8927,0,4,4.861718785677777,1.7915999997057952,66.25879999774043,24466.28340988014

1790042384,50,GET,[GET] /actuator/health,8.100000,0.000000,4,5,5,5,5,6,6,7,7,7,7,1276,0,4,4.372736755373514,2.3102999984985217,64.0133999986574,49.0

1790042384,50,GET,[GET] /api/soporte/election/status,7.700000,0.000000,4,4,5,5,5,5,8,9,9,9,9,1277,0,4,3.914246985077511,2.0396999971126206,40.493599997716956,78.0

1790042384,50,GET,[GET] /api/soporte/tickets,14.000000,0.000000,6,7,7,7,8,9,10,10,11,11,11,2585,0,6,7.1095880077928,4.103799998119939,66.25879999774043,84567.0

1790042384,50,GET,[GET] /health,19.900000,0.000000,3,4,4,4,5,5,5,9,9,9,9,3836,0,3,3.8129739050560976,1.7915999997057952,43.428200006019324,83.99530761209593

1790042384,50,,Aggregated,49.700000,0.000000,4,5,5,6,7,7,9,9,11,11,11,8974,0,4,4.856581056356158,1.7915999997057952,66.25879999774043,24413.865723200357

1790042385,50,GET,[GET] /actuator/health,8.100000,0.000000,4,5,5,5,5,6,6,7,7,7,7,1280,0,4,4.370207968645445,2.3102999984985217,64.0133999986574,49.0

1790042385,50,GET,[GET] /api/soporte/election/status,7.500000,0.000000,4,4,4,5,5,5,8,9,9,9,9,1285,0,4,3.910906070007368,2.0396999971126206,40.493599997716956,78.0

1790042385,50,GET,[GET] /api/soporte/tickets,14.200000,0.000000,6,7,7,7,8,8,9,10,11,11,11,2597,0,6,7.10423823648451,4.103799998119939,66.25879999774043,84567.0

1790042385,50,GET,[GET] /health,20.100000,0.000000,3,4,4,4,5,5,5,6,9,9,9,3861,0,3,3.810455866301123,1.7915999997057952,43.428200006019324,83.99533799533799

1790042385,50,,Aggregated,49.900000,0.000000,4,5,5,6,7,7,8,9,11,11,11,9023,0,4,4.852184118338085,1.7915999997057952,66.25879999774043,24394.076803723816

1790042386,50,GET,[GET] /actuator/health,8.500000,0.000000,4,5,5,5,5,6,25,39,39,39,39,1291,0,4,4.409520061865451,2.3102999984985217,64.0133999986574,49.0

1790042386,50,GET,[GET] /api/soporte/election/status,7.200000,0.000000,4,4,4,5,5,5,8,9,9,9,9,1295,0,4,3.906139613873762,2.0396999971126206,40.493599997716956,78.0

1790042386,50,GET,[GET] /api/soporte/tickets,14.200000,0.000000,6,7,7,7,8,8,10,11,26,26,26,2614,0,6,7.106409946503381,4.103799998119939,66.25879999774043,84567.0

1790042386,50,GET,[GET] /health,19.700000,0.000000,3,4,4,4,5,5,6,9,24,24,24,3874,0,3,3.81291107376861,1.7915999997057952,43.428200006019324,83.99535363964894

1790042386,50,,Aggregated,49.600000,0.000000,4,5,5,6,7,7,9,11,39,39,39,9074,0,4,4.859875942227712,1.7915999997057952,66.25879999774043,24415.67169936081

1790042387,50,GET,[GET] /actuator/health,8.300000,0.000000,4,5,5,5,5,6,25,39,39,39,39,1299,0,4,4.406201308585536,2.3102999984985217,64.0133999986574,49.0

1790042387,50,GET,[GET] /api/soporte/election/status,7.200000,0.000000,4,4,4,5,5,5,8,9,9,9,9,1303,0,4,3.9069604758016965,2.0396999971126206,40.493599997716956,78.0

1790042387,50,GET,[GET] /api/soporte/tickets,13.500000,0.000000,6,7,7,7,8,9,10,11,26,26,26,2624,0,6,7.104362233296409,3.984100003435742,66.25879999774043,84567.0

1790042387,50,GET,[GET] /health,20.000000,0.000000,3,4,4,4,5,5,6,9,24,24,24,3899,0,3,3.814114208713537,1.7915999997057952,43.428200006019324,83.99538343164915

1790042387,50,,Aggregated,49.000000,0.000000,4,5,5,6,7,8,9,11,39,39,39,9125,0,4,4.8578085260017625,1.7915999997057952,66.25879999774043,24372.229150684932

1790042388,50,GET,[GET] /actuator/health,7.900000,0.000000,4,4,5,5,5,6,25,39,39,39,39,1309,0,4,4.405506264200119,2.3102999984985217,64.0133999986574,49.0

1790042388,50,GET,[GET] /api/soporte/election/status,7.200000,0.000000,4,4,5,5,5,6,8,9,9,9,9,1314,0,4,3.9111904870505025,2.0396999971126206,40.493599997716956,78.0

1790042388,50,GET,[GET] /api/soporte/tickets,13.300000,0.000000,6,7,7,7,8,9,12,26,33,33,33,2635,0,6,7.114742694559451,3.984100003435742,66.25879999774043,84567.0

1790042388,50,GET,[GET] /health,20.700000,0.000000,3,4,4,4,5,5,6,9,24,24,24,3915,0,3,3.814121404800479,1.7915999997057952,43.428200006019324,83.99540229885058

1790042388,50,,Aggregated,49.100000,0.000000,4,5,5,6,7,8,10,24,39,39,39,9173,0,4,4.860541186065665,1.7915999997057952,66.25879999774043,24346.399215087757

1790042389,50,GET,[GET] /actuator/health,8.500000,0.000000,4,5,5,5,5,6,25,39,39,39,39,1310,0,4,4.406881373920407,2.3102999984985217,64.0133999986574,49.0

1790042389,50,GET,[GET] /api/soporte/election/status,7.500000,0.000000,4,4,4,5,5,6,8,9,9,9,9,1324,0,4,3.911655664631166,2.0396999971126206,40.493599997716956,78.0

1790042389,50,GET,[GET] /api/soporte/tickets,13.400000,0.000000,6,7,7,7,8,9,12,26,33,33,33,2647,0,6,7.110696146639603,3.984100003435742,66.25879999774043,84567.0

1790042389,50,GET,[GET] /health,20.000000,0.000000,3,4,4,4,5,5,6,9,24,24,24,3939,0,3,3.814176415282998,1.7915999997057952,43.428200006019324,83.995430312262

1790042389,50,,Aggregated,49.400000,0.000000,4,5,5,6,7,8,10,24,39,39,39,9220,0,4,4.8587961279568495,1.7915999997057952,66.25879999774043,24332.6647505423

1790042390,50,GET,[GET] /actuator/health,8.400000,0.000000,4,5,5,5,5,6,25,39,39,39,39,1319,0,4,4.4065495070846366,2.3102999984985217,64.0133999986574,49.0

1790042390,50,GET,[GET] /api/soporte/election/status,6.900000,0.000000,4,4,4,5,5,5,6,9,9,9,9,1333,0,4,3.90977854462195,2.0396999971126206,40.493599997716956,78.0

1790042390,50,GET,[GET] /api/soporte/tickets,13.300000,0.000000,6,7,7,7,8,9,12,26,33,33,33,2659,0,6,7.1076479504189765,3.984100003435742,66.25879999774043,84567.0

1790042390,50,GET,[GET] /health,20.600000,0.000000,3,4,4,4,5,5,6,9,24,24,24,3958,0,3,3.8145880494679996,1.7915999997057952,43.428200006019324,83.9954522486104

1790042390,50,,Aggregated,49.200000,0.000000,4,5,5,6,6,7,9,24,39,39,39,9269,0,4,4.857195921866879,1.7915999997057952,66.25879999774043,24313.81076707304

1790042391,50,GET,[GET] /actuator/health,8.400000,0.000000,4,4,5,5,5,6,25,39,39,39,39,1323,0,4,4.407834240245903,2.3102999984985217,64.0133999986574,49.0

1790042391,50,GET,[GET] /api/soporte/election/status,7.800000,0.000000,4,4,4,4,5,5,6,9,9,9,9,1340,0,4,3.910556567154969,2.0396999971126206,40.493599997716956,78.0

1790042391,50,GET,[GET] /api/soporte/tickets,12.700000,0.000000,6,7,7,7,8,9,16,26,33,33,33,2671,0,6,7.110449569512512,3.984100003435742,66.25879999774043,84567.0

1790042391,50,GET,[GET] /health,20.500000,0.000000,4,4,4,4,5,5,6,9,24,24,24,3984,0,3,3.816286571242039,1.7915999997057952,43.428200006019324,83.99548192771084

1790042391,50,,Aggregated,49.400000,0.000000,4,5,5,6,7,8,9,24,39,39,39,9318,0,4,4.858103348339686,1.7915999997057952,66.25879999774043,24295.175144880875

1790042393,50,GET,[GET] /actuator/health,7.600000,0.000000,4,4,5,5,5,6,25,39,39,39,39,1331,0,4,4.407341697851413,2.3102999984985217,64.0133999986574,49.0

1790042393,50,GET,[GET] /api/soporte/election/status,8.400000,0.000000,4,4,4,5,5,5,6,6,6,6,6,1348,0,4,3.909901632033603,2.0396999971126206,40.493599997716956,78.0

1790042393,50,GET,[GET] /api/soporte/tickets,12.500000,0.000000,6,7,7,7,9,10,16,26,33,33,33,2684,0,6,7.110467772049635,3.984100003435742,66.25879999774043,84567.0

1790042393,50,GET,[GET] /health,21.200000,0.000000,4,4,4,4,5,6,7,11,24,24,24,4008,0,3,3.8159460328913526,1.7915999997057952,43.428200006019324,83.99550898203593

1790042393,50,,Aggregated,49.700000,0.000000,4,5,5,6,7,8,11,24,39,39,39,9371,0,4,4.857061829029057,1.7915999997057952,66.25879999774043,24275.40764059332

1790042394,50,GET,[GET] /actuator/health,7.700000,0.000000,4,4,5,5,6,6,25,39,39,39,39,1337,0,4,4.4044424082614375,2.3102999984985217,64.0133999986574,49.0

1790042394,50,GET,[GET] /api/soporte/election/status,8.600000,0.000000,4,4,4,5,5,5,6,6,6,6,6,1355,0,4,3.9106504059039278,2.0396999971126206,40.493599997716956,78.0

1790042394,50,GET,[GET] /api/soporte/tickets,11.800000,0.000000,6,7,7,7,9,10,16,26,33,33,33,2695,0,6,7.10726430433522,3.984100003435742,66.25879999774043,84567.0

1790042394,50,GET,[GET] /health,21.000000,0.000000,4,4,4,4,5,6,7,11,24,24,24,4029,0,3,3.8147117646581568,1.7915999997057952,43.428200006019324,83.99553239017126

1790042394,50,,Aggregated,49.100000,0.000000,4,5,6,6,7,8,11,24,39,39,39,9416,0,4,4.854632731503451,1.7915999997057952,66.25879999774043,24258.462829226846

1790042395,50,GET,[GET] /actuator/health,7.300000,0.000000,4,5,5,5,5,6,25,39,39,39,39,1348,0,4,4.400956231339837,2.3102999984985217,64.0133999986574,49.0

1790042395,50,GET,[GET] /api/soporte/election/status,8.300000,0.000000,4,4,4,5,5,5,6,6,6,6,6,1359,0,4,3.9098888888853693,2.0396999971126206,40.493599997716956,78.0

1790042395,50,GET,[GET] /api/soporte/tickets,11.700000,0.000000,6,7,7,7,9,10,16,26,33,33,33,2711,0,6,7.101343231345802,3.984100003435742,66.25879999774043,84567.0

1790042395,50,GET,[GET] /health,21.500000,0.000000,4,4,4,4,5,6,7,11,24,24,24,4049,0,3,3.8141689552536318,1.7915999997057952,43.428200006019324,83.99555445789083

1790042395,50,,Aggregated,48.800000,0.000000,4,5,6,6,7,8,11,24,39,39,39,9467,0,4,4.8527875356334365,1.7915999997057952,66.25879999774043,24270.971691137634

1790042396,50,GET,[GET] /actuator/health,6.700000,0.000000,4,5,5,5,5,6,6,6,6,6,6,1354,0,4,4.399983087032296,2.3102999984985217,64.0133999986574,49.0

1790042396,50,GET,[GET] /api/soporte/election/status,8.500000,0.000000,4,4,4,5,5,5,6,6,6,6,6,1368,0,4,3.907501023391962,2.0396999971126206,40.493599997716956,78.0

1790042396,50,GET,[GET] /api/soporte/tickets,11.700000,0.000000,6,7,7,7,9,11,16,16,33,33,33,2728,0,6,7.103189919428233,3.984100003435742,66.25879999774043,84567.0

1790042396,50,GET,[GET] /health,21.400000,0.000000,4,4,4,5,5,6,7,11,26,26,26,4065,0,3,3.8181351537057737,1.7915999997057952,43.428200006019324,83.99557195571956

1790042396,50,,Aggregated,48.300000,0.000000,4,5,6,6,7,7,10,12,33,33,33,9515,0,4,4.855623751955451,1.7915999997057952,66.25879999774043,24299.870520231212

1790042397,50,GET,[GET] /actuator/health,7.100000,0.000000,4,4,5,5,5,6,6,6,6,6,6,1360,0,4,4.397107058700974,2.3102999984985217,64.0133999986574,49.0

1790042397,50,GET,[GET] /api/soporte/election/status,8.200000,0.000000,4,4,4,5,5,5,6,6,6,6,6,1378,0,4,3.9057654571855567,2.0396999971126206,40.493599997716956,78.0

1790042397,50,GET,[GET] /api/soporte/tickets,12.600000,0.000000,6,7,7,7,8,10,16,16,33,33,33,2748,0,6,7.0931630641192305,3.984100003435742,66.25879999774043,84567.0

1790042397,50,GET,[GET] /health,21.000000,0.000000,4,4,4,4,5,6,7,7,26,26,26,4079,0,3,3.8163708751683076,1.7915999997057952,43.428200006019324,83.99558715371414

1790042397,50,,Aggregated,48.900000,0.000000,4,5,6,6,7,7,9,12,33,33,33,9565,0,4,4.853235682158515,1.7915999997057952,66.25879999774043,24349.906743335076

1790042398,50,GET,[GET] /actuator/health,7.300000,0.000000,4,4,5,5,5,6,6,6,6,6,6,1367,0,4,4.397998609974906,2.3102999984985217,64.0133999986574,49.0

1790042398,50,GET,[GET] /api/soporte/election/status,8.200000,0.000000,4,4,4,5,5,5,5,6,6,6,6,1384,0,4,3.9055431358391055,2.0396999971126206,40.493599997716956,78.0

1790042398,50,GET,[GET] /api/soporte/tickets,12.800000,0.000000,6,7,7,7,8,9,11,16,16,16,16,2759,0,6,7.091997716631959,3.984100003435742,66.25879999774043,84567.0

1790042398,50,GET,[GET] /health,20.300000,0.000000,4,4,4,4,5,6,7,11,26,26,26,4107,0,3,3.8170709519895,1.7915999997057952,43.428200006019324,83.99561723886048

1790042398,50,,Aggregated,48.600000,0.000000,4,5,6,6,7,7,9,11,26,26,26,9617,0,4,4.851915139840436,1.7915999997057952,66.25879999774043,24315.301861287302

1790042399,50,GET,[GET] /actuator/health,6.900000,0.000000,4,4,5,5,5,6,6,9,9,9,9,1371,0,4,4.400546243507687,2.3102999984985217,64.0133999986574,49.0

1790042399,50,GET,[GET] /api/soporte/election/status,8.100000,0.000000,4,4,5,5,5,5,6,7,7,7,7,1394,0,4,3.9115014347207944,2.0396999971126206,40.493599997716956,78.0

1790042399,50,GET,[GET] /api/soporte/tickets,13.300000,0.000000,6,7,7,7,8,9,16,16,16,16,16,2770,0,6,7.095818014503713,3.984100003435742,66.25879999774043,84567.0

1790042399,50,GET,[GET] /health,20.100000,0.000000,4,4,4,5,5,6,7,11,26,26,26,4132,0,3,3.8221605517449286,1.7915999997057952,43.428200006019324,83.99564375605034

1790042399,50,,Aggregated,48.400000,0.000000,4,5,6,6,7,8,9,11,26,26,26,9667,0,4,4.855111740957397,1.7915999997057952,66.25879999774043,24286.083686769423

1790042400,50,GET,[GET] /actuator/health,6.800000,0.000000,4,4,5,5,5,6,6,9,9,9,9,1380,0,4,4.397415652066769,2.3102999984985217,64.0133999986574,49.0

1790042400,50,GET,[GET] /api/soporte/election/status,8.000000,0.000000,4,4,5,5,5,5,6,7,7,7,7,1398,0,4,3.911226394842995,2.0396999971126206,40.493599997716956,78.0

1790042400,50,GET,[GET] /api/soporte/tickets,13.200000,0.000000,6,7,7,7,9,10,16,16,16,16,16,2782,0,6,7.093608447222388,3.984100003435742,66.25879999774043,84567.0

1790042400,50,GET,[GET] /health,20.600000,0.000000,4,4,4,5,5,6,7,11,26,26,26,4158,0,3,3.8203392736553554,1.7915999997057952,43.428200006019324,83.99567099567099

1790042400,50,,Aggregated,48.600000,0.000000,4,5,6,6,7,8,10,11,26,26,26,9718,0,4,4.85240970362979,1.7915999997057952,66.25879999774043,24263.357892570486

1790042401,50,GET,[GET] /actuator/health,6.200000,0.000000,4,4,5,5,5,6,7,9,9,9,9,1385,0,4,4.401592418666179,2.3102999984985217,64.0133999986574,49.0

1790042401,50,GET,[GET] /api/soporte/election/status,7.800000,0.000000,4,4,5,5,5,5,7,7,7,7,7,1406,0,4,3.9103987908941265,2.0396999971126206,40.493599997716956,78.0

1790042401,50,GET,[GET] /api/soporte/tickets,13.500000,0.000000,6,7,7,7,9,10,11,16,16,16,16,2796,0,6,7.092544992907312,3.984100003435742,66.25879999774043,84567.0

1790042401,50,GET,[GET] /health,21.500000,0.000000,4,4,4,4,5,6,7,11,26,26,26,4176,0,3,3.819147844793385,1.7915999997057952,43.428200006019324,83.99568965517241

1790042401,50,,Aggregated,49.000000,0.000000,4,5,6,6,7,8,10,11,26,26,26,9763,0,4,4.852375642720047,1.7915999997057952,66.25879999774043,24273.034005940797

1790042402,50,GET,[GET] /actuator/health,6.700000,0.000000,4,5,5,5,6,6,9,10,10,10,10,1394,0,4,4.405971090278422,2.3102999984985217,64.0133999986574,49.0

1790042402,50,GET,[GET] /api/soporte/election/status,7.100000,0.000000,4,4,5,5,5,6,7,8,8,8,8,1415,0,4,3.913706077739733,2.0396999971126206,40.493599997716956,78.0

1790042402,50,GET,[GET] /api/soporte/tickets,13.500000,0.000000,6,7,7,7,9,10,12,16,16,16,16,2811,0,6,7.095495233068547,3.984100003435742,66.25879999774043,84567.0

1790042402,50,GET,[GET] /health,21.800000,0.000000,4,4,4,4,5,7,9,16,26,26,26,4199,0,3,3.824927030211844,1.7915999997057952,43.428200006019324,83.99571326506312

1790042402,50,,Aggregated,49.100000,0.000000,4,5,6,6,7,8,10,12,26,26,26,9819,0,4,4.856515276490994,1.7915999997057952,66.25879999774043,24264.10133414808

1790042403,50,GET,[GET] /actuator/health,6.600000,0.000000,4,5,5,5,6,7,9,10,10,10,10,1402,0,4,4.412392153957128,2.3102999984985217,64.0133999986574,49.0

1790042403,50,GET,[GET] /api/soporte/election/status,7.200000,0.000000,4,5,5,5,6,7,8,8,8,8,8,1424,0,4,3.9202435393358273,2.0396999971126206,40.493599997716956,78.0

1790042403,50,GET,[GET] /api/soporte/tickets,13.600000,0.000000,7,7,7,8,10,11,16,16,23,23,23,2825,0,6,7.107617345180638,3.984100003435742,66.25879999774043,84567.0

1790042403,50,GET,[GET] /health,21.400000,0.000000,4,4,4,5,5,7,9,16,26,26,26,4220,0,3,3.827236208500784,1.7915999997057952,43.428200006019324,83.9957345971564

1790042403,50,,Aggregated,48.800000,0.000000,4,5,6,6,7,9,11,16,26,26,26,9871,0,4,4.862582960173308,1.7915999997057952,66.25879999774043,24256.509674804984

1790042404,50,GET,[GET] /actuator/health,7.000000,0.000000,4,5,5,5,6,8,9,10,10,10,10,1407,0,4,4.411642999177828,2.3102999984985217,64.0133999986574,49.0

1790042404,50,GET,[GET] /api/soporte/election/status,7.400000,0.000000,4,5,5,5,6,7,8,9,9,9,9,1433,0,4,3.921923307745286,2.0396999971126206,40.493599997716956,78.0

1790042404,50,GET,[GET] /api/soporte/tickets,13.800000,0.000000,7,7,7,8,10,11,16,16,23,23,23,2836,0,6,7.1062603315029556,3.984100003435742,66.25879999774043,84567.0

1790042404,50,GET,[GET] /health,21.300000,0.000000,4,4,5,5,6,7,10,16,26,26,26,4244,0,3,3.8311606738623785,1.7915999997057952,43.428200006019324,83.99575871819039

1790042404,50,,Aggregated,49.500000,0.000000,4,5,6,7,8,9,11,16,26,26,26,9920,0,4,4.862913104824246,1.7915999997057952,66.25879999774043,24230.76683467742

1790042405,50,GET,[GET] /actuator/health,7.000000,0.000000,4,5,5,6,7,8,9,10,10,10,10,1412,0,4,4.411646458810674,2.3102999984985217,64.0133999986574,49.0

1790042405,50,GET,[GET] /api/soporte/election/status,7.500000,0.000000,4,5,5,5,6,7,8,9,9,9,9,1436,0,4,3.921993454041462,2.0396999971126206,40.493599997716956,78.0

1790042405,50,GET,[GET] /api/soporte/tickets,13.700000,0.000000,7,7,7,8,10,11,16,23,30,30,30,2855,0,6,7.106986690070823,3.984100003435742,66.25879999774043,84567.0

1790042405,50,GET,[GET] /health,21.100000,0.000000,4,4,4,5,6,7,9,11,16,16,16,4265,0,3,3.8295718639813896,1.7915999997057952,43.428200006019324,83.9957796014068

1790042405,50,,Aggregated,49.300000,0.000000,5,5,6,6,8,9,11,16,30,30,30,9968,0,4,4.864044783294245,1.7915999997057952,66.25879999774043,24275.503912520064

1790042406,50,GET,[GET] /actuator/health,6.900000,0.000000,4,5,5,6,7,9,9,10,10,10,10,1419,0,4,4.411989851892726,2.3102999984985217,64.0133999986574,49.0

1790042406,50,GET,[GET] /api/soporte/election/status,7.800000,0.000000,4,5,5,5,6,7,8,9,9,9,9,1441,0,4,3.9194736988250973,2.0396999971126206,40.493599997716956,78.0

1790042406,50,GET,[GET] /api/soporte/tickets,13.900000,0.000000,7,7,8,8,10,11,16,23,30,30,30,2872,0,6,7.103555466627435,3.984100003435742,66.25879999774043,84567.0

1790042406,50,GET,[GET] /health,21.200000,0.000000,4,4,4,5,6,7,8,10,16,16,16,4295,0,3,3.827290058174814,1.7915999997057952,43.428200006019324,83.99580908032596

1790042406,50,,Aggregated,49.800000,0.000000,4,5,6,6,8,9,11,16,30,30,30,10027,0,4,4.86169315845792,1.7915999997057952,66.25879999774043,24276.365313653136

1790042407,50,GET,[GET] /actuator/health,6.400000,0.000000,4,5,5,6,7,9,9,10,10,10,10,1423,0,4,4.411650597213477,2.3102999984985217,64.0133999986574,49.0

1790042407,50,GET,[GET] /api/soporte/election/status,7.600000,0.000000,4,5,5,5,7,8,9,14,14,14,14,1445,0,4,3.9250961245661182,2.0396999971126206,40.493599997716956,78.0

1790042407,50,GET,[GET] /api/soporte/tickets,14.300000,0.000000,7,7,8,9,10,11,16,23,30,30,30,2887,0,6,7.101259300366539,3.984100003435742,66.25879999774043,84567.0

1790042407,50,GET,[GET] /health,21.600000,0.000000,4,4,4,5,6,7,8,9,16,16,16,4325,0,3,3.8246158843660174,1.7915999997057952,43.428200006019324,83.99583815028902

1790042407,50,,Aggregated,49.900000,0.000000,4,5,6,7,8,9,11,16,30,30,30,10080,0,4,4.860351388876393,1.7915999997057952,66.25879999774043,24274.86587301587

1790042408,50,GET,[GET] /actuator/health,6.400000,0.000000,4,5,5,5,7,8,9,10,10,10,10,1430,0,4,4.40866699288302,2.3102999984985217,64.0133999986574,49.0

1790042408,50,GET,[GET] /api/soporte/election/status,7.200000,0.000000,4,4,5,5,6,8,9,14,14,14,14,1455,0,4,3.920671271478887,2.0396999971126206,40.493599997716956,78.0

1790042408,50,GET,[GET] /api/soporte/tickets,14.500000,0.000000,6,7,7,8,10,11,23,30,30,30,30,2898,0,6,7.10451721882885,3.984100003435742,66.25879999774043,84567.0

1790042408,50,GET,[GET] /health,22.400000,0.000000,3,4,4,4,5,7,8,8,16,16,16,4347,0,3,3.8225413388272154,1.7915999997057952,43.428200006019324,83.99585921325051

1790042408,50,,Aggregated,50.500000,0.000000,4,5,6,6,7,9,11,16,30,30,30,10130,0,4,4.858287127331926,1.7915999997057952,66.25879999774043,24247.172359328728

1790042409,50,GET,[GET] /actuator/health,6.300000,0.000000,4,5,5,6,7,8,9,10,10,10,10,1435,0,4,4.4101943552756895,2.3102999984985217,64.0133999986574,49.0

1790042409,50,GET,[GET] /api/soporte/election/status,6.700000,0.000000,4,4,5,5,6,8,9,14,14,14,14,1461,0,4,3.9184197125217604,2.0396999971126206,40.493599997716956,78.0

1790042409,50,GET,[GET] /api/soporte/tickets,13.800000,0.000000,6,7,7,8,10,12,23,30,30,30,30,2907,0,6,7.10368568977149,3.984100003435742,66.25879999774043,84567.0

1790042409,50,GET,[GET] /health,24.300000,0.000000,3,4,4,4,5,7,8,8,16,16,16,4373,0,3,3.8201131717151067,1.7915999997057952,43.428200006019324,83.9958838326092

1790042409,50,,Aggregated,51.100000,0.000000,4,5,6,6,7,9,11,16,30,30,30,10176,0,4,4.85546475038235,1.7915999997057952,66.25879999774043,24212.643081761005

1790042410,50,GET,[GET] /actuator/health,6.200000,0.000000,4,5,5,6,6,8,9,10,10,10,10,1441,0,4,4.414471686208323,2.3102999984985217,64.0133999986574,49.0

1790042410,50,GET,[GET] /api/soporte/election/status,6.900000,0.000000,4,4,5,5,6,8,9,14,14,14,14,1469,0,4,3.918557113689398,2.0396999971126206,40.493599997716956,78.0

1790042410,50,GET,[GET] /api/soporte/tickets,13.900000,0.000000,6,7,7,8,10,12,23,30,30,30,30,2923,0,6,7.101683510145645,3.984100003435742,66.25879999774043,84567.0

1790042410,50,GET,[GET] /health,23.800000,0.000000,3,4,4,4,5,7,8,8,16,16,16,4394,0,3,3.8203243058509524,1.7915999997057952,43.428200006019324,83.99590350477925

1790042410,50,,Aggregated,50.800000,0.000000,4,5,6,6,7,9,11,16,30,30,30,10227,0,4,4.85600273784108,1.7915999997057952,66.25879999774043,24224.465630194583

1790042411,50,GET,[GET] /actuator/health,6.300000,0.000000,4,5,5,6,6,7,8,9,9,9,9,1447,0,4,4.413472632915341,2.3102999984985217,64.0133999986574,49.0

1790042411,50,GET,[GET] /api/soporte/election/status,6.700000,0.000000,4,4,5,5,6,8,10,14,14,14,14,1480,0,4,3.923199932432908,2.0396999971126206,40.493599997716956,78.0

1790042411,50,GET,[GET] /api/soporte/tickets,13.300000,0.000000,6,7,8,8,11,12,23,30,30,30,30,2934,0,6,7.107979038909668,3.984100003435742,66.25879999774043,84567.0

1790042411,50,GET,[GET] /health,23.700000,0.000000,3,4,4,4,5,6,8,8,10,10,10,4413,0,3,3.82220439607906,1.7915999997057952,43.428200006019324,83.99592114208022

1790042411,50,,Aggregated,50.000000,0.000000,4,5,6,6,7,9,11,16,30,30,30,10274,0,4,4.85836376288564,1.7915999997057952,66.25879999774043,24204.457368113686

1790042412,50,GET,[GET] /actuator/health,6.300000,0.000000,4,4,5,5,6,6,9,9,9,9,9,1449,0,4,4.4129044167207985,2.3102999984985217,64.0133999986574,49.0

1790042412,50,GET,[GET] /api/soporte/election/status,7.100000,0.000000,4,4,4,4,5,7,10,14,14,14,14,1484,0,4,3.9231926549852916,2.0396999971126206,40.493599997716956,78.0

1790042412,50,GET,[GET] /api/soporte/tickets,13.900000,0.000000,6,7,7,8,9,11,17,30,30,30,30,2948,0,6,7.106321133020862,3.984100003435742,66.25879999774043,84567.0

1790042412,50,GET,[GET] /health,22.700000,0.000000,3,4,4,4,5,7,8,9,10,10,10,4443,0,3,3.825983029459606,1.7915999997057952,43.428200006019324,83.99594868332208

1790042412,50,,Aggregated,50.000000,0.000000,4,5,6,6,7,9,11,13,30,30,30,10324,0,4,4.859026898475508,1.7915999997057952,66.25879999774043,24202.19517628826

1790042413,50,GET,[GET] /actuator/health,6.200000,0.000000,4,4,5,5,6,7,7,9,9,9,9,1457,0,4,4.413897734951455,2.3102999984985217,64.0133999986574,49.0

1790042413,50,GET,[GET] /api/soporte/election/status,7.200000,0.000000,4,4,4,5,5,7,10,14,14,14,14,1491,0,4,3.9259543259513574,2.0396999971126206,40.493599997716956,78.0

1790042413,50,GET,[GET] /api/soporte/tickets,13.500000,0.000000,6,7,8,8,11,13,30,30,30,30,30,2963,0,6,7.125593486376544,3.984100003435742,66.25879999774043,84567.0

1790042413,50,GET,[GET] /health,23.600000,0.000000,4,4,4,4,5,7,8,9,15,15,15,4465,0,3,3.8296035162167605,1.7915999997057952,43.428200006019324,83.9959686450168

1790042413,50,,Aggregated,50.500000,0.000000,4,5,6,6,7,9,12,20,30,30,30,10376,0,4,4.866707796825297,1.7915999997057952,66.25879999774043,24203.4265612953

1790042414,50,GET,[GET] /actuator/health,5.500000,0.000000,4,5,5,5,6,7,7,9,9,9,9,1467,0,4,4.4144885479361085,2.3102999984985217,64.0133999986574,49.0

1790042414,50,GET,[GET] /api/soporte/election/status,6.900000,0.000000,4,4,4,4,5,7,10,14,14,14,14,1500,0,4,3.927686266664144,2.0396999971126206,40.493599997716956,78.0

1790042414,50,GET,[GET] /api/soporte/tickets,13.400000,0.000000,6,7,7,8,11,12,30,30,30,30,30,2976,0,6,7.121282728537143,3.984100003435742,66.25879999774043,84567.0

1790042414,50,GET,[GET] /health,24.000000,0.000000,3,4,4,4,5,7,8,9,15,15,15,4485,0,3,3.827359487160554,1.7915999997057952,43.428200006019324,83.99598662207357

1790042414,50,,Aggregated,49.800000,0.000000,4,5,6,6,7,9,12,17,30,30,30,10428,0,4,4.864425469875346,1.7915999997057952,66.25879999774043,24188.434695051783

1790042415,50,GET,[GET] /actuator/health,5.400000,0.000000,4,5,5,5,6,7,7,7,7,7,7,1473,0,4,4.4132285810064475,2.3102999984985217,64.0133999986574,49.0

1790042415,50,GET,[GET] /api/soporte/election/status,6.500000,0.000000,4,4,4,4,6,7,10,14,14,14,14,1510,0,4,3.925809337742494,2.0396999971126206,40.493599997716956,78.0

1790042415,50,GET,[GET] /api/soporte/tickets,13.900000,0.000000,6,7,8,8,11,13,30,30,30,30,30,2985,0,6,7.120892127346555,3.984100003435742,66.25879999774043,84567.0

1790042415,50,GET,[GET] /health,24.400000,0.000000,4,4,4,4,5,7,8,9,15,15,15,4508,0,3,3.826618300778716,1.7915999997057952,43.428200006019324,83.99600709849157

1790042415,50,,Aggregated,50.200000,0.000000,4,5,6,6,7,8,12,17,30,30,30,10476,0,4,4.8620576651253895,1.7915999997057952,66.25879999774043,24150.54467353952

1790042416,50,GET,[GET] /actuator/health,5.900000,0.000000,4,4,5,5,6,7,7,7,7,7,7,1481,0,4,4.409193382726391,2.3102999984985217,64.0133999986574,49.0

1790042416,50,GET,[GET] /api/soporte/election/status,6.500000,0.000000,4,4,4,4,5,7,7,10,10,10,10,1515,0,4,3.924068250818633,2.0396999971126206,40.493599997716956,78.0

1790042416,50,GET,[GET] /api/soporte/tickets,13.800000,0.000000,6,7,8,8,10,13,30,30,30,30,30,2996,0,6,7.118860947973271,3.984100003435742,66.25879999774043,84567.0

1790042416,50,GET,[GET] /health,24.000000,0.000000,3,4,4,4,5,7,8,9,15,15,15,4530,0,3,3.8244860264638163,1.7915999997057952,43.428200006019324,83.99602649006623

1790042416,50,,Aggregated,50.200000,0.000000,4,5,6,6,7,8,11,17,30,30,30,10522,0,4,4.859153003213935,1.7915999997057952,66.25879999774043,24133.622220110246

1790042417,50,GET,[GET] /actuator/health,6.000000,0.000000,4,5,5,5,6,7,7,7,7,7,7,1487,0,4,4.409744855287427,2.3102999984985217,64.0133999986574,49.0

1790042417,50,GET,[GET] /api/soporte/election/status,7.100000,0.000000,4,4,4,4,5,7,7,10,10,10,10,1520,0,4,3.922756710519599,2.0396999971126206,40.493599997716956,78.0

1790042417,50,GET,[GET] /api/soporte/tickets,12.900000,0.000000,6,7,7,8,10,14,30,30,30,30,30,3014,0,6,7.1157789648763,3.984100003435742,66.25879999774043,84567.0

1790042417,50,GET,[GET] /health,24.000000,0.000000,4,4,4,4,5,7,8,9,15,15,15,4555,0,3,3.8214928429995094,1.7915999997057952,43.428200006019324,83.996048298573

1790042417,50,,Aggregated,50.000000,0.000000,4,5,6,6,7,8,11,17,30,30,30,10576,0,4,4.857577392190065,1.7915999997057952,66.25879999774043,24154.591811649017

1790042418,50,GET,[GET] /actuator/health,6.100000,0.000000,4,5,5,5,6,7,7,8,8,8,8,1492,0,4,4.408593029360608,2.3102999984985217,64.0133999986574,49.0

1790042418,50,GET,[GET] /api/soporte/election/status,7.400000,0.000000,4,4,4,4,5,7,7,10,10,10,10,1527,0,4,3.922761820566465,2.0396999971126206,40.493599997716956,78.0

1790042418,50,GET,[GET] /api/soporte/tickets,12.100000,0.000000,7,7,7,8,9,11,20,30,30,30,30,3029,0,6,7.116548795027702,3.984100003435742,66.25879999774043,84567.0

1790042418,50,GET,[GET] /health,23.400000,0.000000,4,4,4,4,5,7,8,9,15,15,15,4572,0,3,3.8219303149278616,1.7915999997057952,43.428200006019324,83.99606299212599

1790042418,50,,Aggregated,49.000000,0.000000,4,5,6,6,7,8,11,15,30,30,30,10620,0,4,4.858528229736357,1.7915999997057952,66.25879999774043,24174.170150659134

1790042419,50,GET,[GET] /actuator/health,6.300000,0.000000,4,4,5,5,6,7,7,8,8,8,8,1500,0,4,4.408054799874662,2.3102999984985217,64.0133999986574,49.0

1790042419,50,GET,[GET] /api/soporte/election/status,7.400000,0.000000,4,4,4,4,5,6,7,10,10,10,10,1532,0,4,3.922695887730253,2.0396999971126206,40.493599997716956,78.0

1790042419,50,GET,[GET] /api/soporte/tickets,12.500000,0.000000,7,7,8,8,10,11,20,30,30,30,30,3046,0,6,7.1162653316274,3.984100003435742,66.25879999774043,84567.0

1790042419,50,GET,[GET] /health,22.900000,0.000000,4,4,4,4,6,7,8,9,15,15,15,4592,0,3,3.824182578364185,1.7915999997057952,43.428200006019324,83.99608013937282

1790042419,50,,Aggregated,49.100000,0.000000,4,5,6,6,7,8,11,15,30,30,30,10670,0,4,4.860210206166836,1.7915999997057952,66.25879999774043,24195.856419868793

1790042420,50,GET,[GET] /actuator/health,6.300000,0.000000,4,5,5,5,7,7,8,8,8,8,8,1503,0,4,4.411411177518707,2.3102999984985217,64.0133999986574,49.0

1790042420,50,GET,[GET] /api/soporte/election/status,7.400000,0.000000,4,4,4,4,5,6,7,7,7,7,7,1540,0,4,3.924307012990043,2.0396999971126206,40.493599997716956,78.0

1790042420,50,GET,[GET] /api/soporte/tickets,13.000000,0.000000,7,7,7,8,8,10,20,30,30,30,30,3061,0,6,7.114363247350493,3.984100003435742,66.25879999774043,84567.0

1790042420,50,GET,[GET] /health,22.600000,0.000000,4,4,4,4,5,6,8,9,15,15,15,4614,0,3,3.824737689605725,1.7915999997057952,43.428200006019324,83.9960988296489

1790042420,50,,Aggregated,49.300000,0.000000,4,5,6,7,7,8,10,14,30,30,30,10718,0,4,4.860812595614476,1.7915999997057952,66.25879999774043,24206.093674192947

1790042421,50,GET,[GET] /actuator/health,6.400000,0.000000,4,5,5,5,7,7,8,8,8,8,8,1504,0,4,4.411343284447596,2.3102999984985217,64.0133999986574,49.0

1790042421,50,GET,[GET] /api/soporte/election/status,7.100000,0.000000,4,4,4,4,5,6,7,7,7,7,7,1550,0,4,3.92384270967957,2.0396999971126206,40.493599997716956,78.0

1790042421,50,GET,[GET] /api/soporte/tickets,13.900000,0.000000,7,7,8,8,8,10,20,30,30,30,30,3081,0,6,7.11284683548881,3.984100003435742,66.25879999774043,84567.0

1790042421,50,GET,[GET] /health,22.100000,0.000000,4,4,4,4,5,6,8,9,15,15,15,4634,0,3,3.8250363832189915,1.7915999997057952,43.428200006019324,83.99611566681052

1790042421,50,,Aggregated,49.500000,0.000000,4,5,6,7,7,8,10,14,30,30,30,10769,0,4,4.861780685280931,1.7915999997057952,66.25879999774043,24248.747423159068

1790042422,50,GET,[GET] /actuator/health,6.200000,0.000000,4,5,5,5,7,7,8,11,11,11,11,1516,0,4,4.419223020980489,2.3102999984985217,64.0133999986574,49.0

1790042422,50,GET,[GET] /api/soporte/election/status,7.200000,0.000000,4,4,4,4,5,6,7,7,7,7,7,1555,0,4,3.924597620583548,2.0396999971126206,40.493599997716956,78.0

1790042422,50,GET,[GET] /api/soporte/tickets,13.900000,0.000000,7,7,7,8,8,9,11,11,14,14,14,3095,0,6,7.112844361919779,3.984100003435742,66.25879999774043,84567.0

1790042422,50,GET,[GET] /health,22.200000,0.000000,4,4,4,4,5,6,7,9,9,9,9,4659,0,3,3.8262294912682426,1.7915999997057952,43.428200006019324,83.99613650998069

1790042422,50,,Aggregated,49.500000,0.000000,4,5,6,7,7,8,9,10,14,14,14,10825,0,4,4.863089875267834,1.7915999997057952,66.25879999774043,24232.958614318708

1790042423,50,GET,[GET] /actuator/health,5.700000,0.000000,5,5,5,5,7,8,8,11,11,11,11,1522,0,4,4.422430617481957,2.3102999984985217,64.0133999986574,49.0

1790042423,50,GET,[GET] /api/soporte/election/status,6.900000,0.000000,4,4,4,5,5,7,7,8,8,8,8,1564,0,4,3.930108248079328,2.0396999971126206,40.493599997716956,78.0

1790042423,50,GET,[GET] /api/soporte/tickets,15.000000,0.000000,7,7,8,8,8,10,11,11,14,14,14,3104,0,6,7.111614916278921,3.984100003435742,66.25879999774043,84567.0

1790042423,50,GET,[GET] /health,22.200000,0.000000,4,4,4,4,5,6,7,7,9,9,9,4689,0,4,3.8286691831524413,1.7915999997057952,43.428200006019324,83.9961612284069

1790042423,50,,Aggregated,49.800000,0.000000,4,5,6,7,7,8,9,11,14,14,14,10879,0,4,4.863012335668276,1.7915999997057952,66.25879999774043,24182.95762478169

1790042424,50,GET,[GET] /actuator/health,6.500000,0.000000,5,5,5,5,7,8,8,11,11,11,11,1532,0,4,4.423764556008495,2.3102999984985217,64.0133999986574,49.0

1790042424,50,GET,[GET] /api/soporte/election/status,7.200000,0.000000,4,4,4,5,5,5,7,8,8,8,8,1570,0,4,3.929059554131851,2.0396999971126206,40.493599997716956,78.0

1790042424,50,GET,[GET] /api/soporte/tickets,14.700000,0.000000,7,7,7,8,8,10,11,14,17,17,17,3118,0,6,7.111475529229859,3.984100003435742,66.25879999774043,84567.0

1790042424,50,GET,[GET] /health,21.700000,0.000000,4,4,4,4,5,6,7,7,9,9,9,4707,0,4,3.8277427448043353,1.7915999997057952,43.428200006019324,83.9961759082218

1790042424,50,,Aggregated,50.100000,0.000000,4,5,6,7,7,8,9,11,17,17,17,10927,0,4,4.86287147430445,1.7915999997057952,66.25879999774043,24185.302827857602

1790042425,50,GET,[GET] /actuator/health,6.400000,0.000000,5,5,5,5,7,7,8,11,11,11,11,1541,0,4,4.420234458009755,2.3102999984985217,64.0133999986574,49.0

1790042425,50,GET,[GET] /api/soporte/election/status,7.400000,0.000000,4,4,5,5,5,6,8,8,8,8,8,1576,0,4,3.9322706852637133,2.0396999971126206,40.493599997716956,78.0

1790042425,50,GET,[GET] /api/soporte/tickets,13.900000,0.000000,7,7,7,8,8,10,11,14,17,17,17,3132,0,6,7.108744284843414,3.984100003435742,66.25879999774043,84567.0

1790042425,50,GET,[GET] /health,21.600000,0.000000,4,4,4,5,5,6,7,9,9,9,9,4728,0,4,3.828537753767125,1.7915999997057952,43.428200006019324,83.99619289340102

1790042425,50,,Aggregated,49.300000,0.000000,4,5,6,7,7,8,9,11,17,17,17,10977,0,4,4.862417190462712,1.7915999997057952,66.25879999774043,24183.23904527649

1790042426,50,GET,[GET] /actuator/health,6.300000,0.000000,4,5,5,5,6,7,8,11,11,11,11,1549,0,4,4.418835700316912,2.3102999984985217,64.0133999986574,49.0

1790042426,50,GET,[GET] /api/soporte/election/status,7.000000,0.000000,4,4,5,5,5,7,8,8,8,8,8,1582,0,4,3.9352153602816218,2.0396999971126206,40.493599997716956,78.0

1790042426,50,GET,[GET] /api/soporte/tickets,14.300000,0.000000,7,7,7,8,8,10,11,11,17,17,17,3148,0,6,7.102645902203712,3.984100003435742,66.25879999774043,84567.0

1790042426,50,GET,[GET] /health,22.000000,0.000000,4,4,4,5,5,6,7,9,9,9,9,4749,0,4,3.828116592927071,1.7915999997057952,43.428200006019324,83.99620972836387

1790042426,50,,Aggregated,49.600000,0.000000,4,5,6,7,7,8,9,11,17,17,17,11028,0,4,4.861184457717117,1.7915999997057952,66.25879999774043,24194.333605368152

1790042427,50,GET,[GET] /actuator/health,6.800000,0.000000,5,5,5,5,7,7,8,11,11,11,11,1561,0,4,4.422125880703088,2.3102999984985217,64.0133999986574,49.0

1790042427,50,GET,[GET] /api/soporte/election/status,6.800000,0.000000,4,5,5,5,5,7,8,8,8,8,8,1589,0,4,3.9375088105512,2.0396999971126206,40.493599997716956,78.0

1790042427,50,GET,[GET] /api/soporte/tickets,14.500000,0.000000,7,7,7,8,8,10,11,11,17,17,17,3159,0,6,7.1015074074519084,3.984100003435742,66.25879999774043,84567.0

1790042427,50,GET,[GET] /health,21.900000,0.000000,4,4,4,5,5,6,7,9,9,9,9,4767,0,4,3.8290745541891478,1.7915999997057952,43.428200006019324,83.9962240402769

1790042427,50,,Aggregated,50.000000,0.000000,5,5,6,6,7,8,9,11,17,17,17,11076,0,4,4.861547517127448,1.7915999997057952,66.25879999774043,24173.708378475985

1790042428,50,GET,[GET] /actuator/health,6.800000,0.000000,5,5,5,5,7,7,8,11,11,11,11,1564,0,4,4.42294539628181,2.3102999984985217,64.0133999986574,49.0

1790042428,50,GET,[GET] /api/soporte/election/status,6.400000,0.000000,4,5,5,5,6,7,8,8,8,8,8,1601,0,4,3.9366383510188743,2.0396999971126206,40.493599997716956,78.0

1790042428,50,GET,[GET] /api/soporte/tickets,15.000000,0.000000,7,7,7,8,8,10,11,12,17,17,17,3175,0,6,7.098854488235308,3.984100003435742,66.25879999774043,84567.0

1790042428,50,GET,[GET] /health,22.200000,0.000000,4,4,4,5,5,6,7,9,9,9,9,4789,0,4,3.828297410688037,1.7915999997057952,43.428200006019324,83.99624138651076

1790042428,50,,Aggregated,50.400000,0.000000,4,5,6,6,7,8,9,11,17,17,17,11129,0,4,4.860510728699621,1.7915999997057952,66.25879999774043,24180.42923892533

1790042429,50,GET,[GET] /actuator/health,7.100000,0.000000,4,5,5,5,7,7,7,11,11,11,11,1568,0,4,4.4220249360849415,2.3102999984985217,64.0133999986574,49.0

1790042429,50,GET,[GET] /api/soporte/election/status,6.800000,0.000000,4,4,5,5,6,7,8,8,8,8,8,1608,0,4,3.9350268034649165,2.0396999971126206,40.493599997716956,78.0

1790042429,50,GET,[GET] /api/soporte/tickets,14.500000,0.000000,6,7,7,7,8,10,12,17,17,17,17,3195,0,6,7.097526948400941,3.984100003435742,66.25879999774043,84567.0

1790042429,50,GET,[GET] /health,21.400000,0.000000,4,4,4,4,5,6,7,9,9,9,9,4811,0,4,3.8261669714786257,1.7915999997057952,43.428200006019324,83.99625857410102

1790042429,50,,Aggregated,49.800000,0.000000,4,5,6,6,7,8,9,11,17,17,17,11182,0,4,4.860091763519715,1.7915999997057952,66.25879999774043,24217.30701126811

1790042430,50,GET,[GET] /actuator/health,7.000000,0.000000,5,5,5,5,7,7,7,11,11,11,11,1574,0,4,4.421513341660317,2.3102999984985217,64.0133999986574,49.0

1790042430,50,GET,[GET] /api/soporte/election/status,7.300000,0.000000,4,4,5,5,6,7,8,8,8,8,8,1614,0,4,3.937010904558406,2.0396999971126206,40.493599997716956,78.0

1790042430,50,GET,[GET] /api/soporte/tickets,14.300000,0.000000,6,7,7,7,8,10,12,17,17,17,17,3208,0,6,7.098001870366616,3.984100003435742,66.25879999774043,84567.0

1790042430,50,GET,[GET] /health,21.400000,0.000000,4,4,4,4,5,6,7,7,9,9,9,4835,0,4,3.827219027876584,1.7915999997057952,43.428200006019324,83.99627714581179

1790042430,50,,Aggregated,50.000000,0.000000,4,5,6,6,7,8,9,11,17,17,17,11231,0,4,4.8605459531341815,1.7915999997057952,66.25879999774043,24209.783278425784

1790042431,50,GET,[GET] /actuator/health,6.900000,0.000000,4,5,5,5,6,7,7,11,11,11,11,1579,0,4,4.419897909929522,2.3102999984985217,64.0133999986574,49.0

1790042431,50,GET,[GET] /api/soporte/election/status,7.600000,0.000000,4,5,5,5,6,7,8,8,8,8,8,1624,0,4,3.9385274630162512,2.0396999971126206,40.493599997716956,78.0

1790042431,50,GET,[GET] /api/soporte/tickets,14.600000,0.000000,6,7,7,8,9,10,12,17,17,17,17,3222,0,6,7.101238888927864,3.984100003435742,66.25879999774043,84567.0

1790042431,50,GET,[GET] /health,21.500000,0.000000,4,4,4,4,5,6,7,7,9,9,9,4857,0,4,3.824804282434731,1.7915999997057952,43.428200006019324,83.99629400864731

1790042431,50,,Aggregated,50.600000,0.000000,4,5,6,6,7,8,9,11,17,17,17,11282,0,4,4.86017137915513,1.7915999997057952,66.25879999774043,24205.538645630208

1790042432,50,GET,[GET] /actuator/health,6.900000,0.000000,4,5,5,5,6,7,7,7,7,7,7,1585,0,4,4.4220870661043215,2.3102999984985217,64.0133999986574,49.0

1790042432,50,GET,[GET] /api/soporte/election/status,7.200000,0.000000,4,4,5,5,5,7,7,8,8,8,8,1628,0,4,3.939282002417648,2.0396999971126206,40.493599997716956,78.0

1790042432,50,GET,[GET] /api/soporte/tickets,14.500000,0.000000,6,7,7,8,9,9,12,17,17,17,17,3239,0,6,7.098867922234947,3.984100003435742,66.25879999774043,84567.0

1790042432,50,GET,[GET] /health,22.300000,0.000000,4,4,4,4,5,6,7,7,9,9,9,4877,0,4,3.823539963051533,1.7915999997057952,43.428200006019324,83.9963092064794

1790042432,50,,Aggregated,50.900000,0.000000,4,5,6,6,7,8,9,10,17,17,17,11329,0,4,4.860340427189743,1.7915999997057952,66.25879999774043,24232.21926030541

1790042433,50,GET,[GET] /actuator/health,7.300000,0.000000,4,5,5,5,6,7,7,7,7,7,7,1591,0,4,4.424138214819059,2.3102999984985217,64.0133999986574,49.0

1790042433,50,GET,[GET] /api/soporte/election/status,7.500000,0.000000,4,5,5,5,6,7,7,8,8,8,8,1636,0,4,3.944417176002554,2.0396999971126206,40.493599997716956,78.0

1790042433,50,GET,[GET] /api/soporte/tickets,13.700000,0.000000,7,7,7,8,9,10,12,12,17,17,17,3253,0,6,7.1022521365200815,3.984100003435742,66.25879999774043,84567.0

1790042433,50,GET,[GET] /health,22.100000,0.000000,4,4,4,4,5,6,7,8,9,9,9,4895,0,4,3.8264092134418934,1.7915999997057952,43.428200006019324,83.99570990806946

1790042433,50,,Aggregated,50.600000,0.000000,4,5,6,6,7,8,9,11,17,17,17,11375,0,4,4.8638039296365,1.7915999997057952,66.25879999774043,24238.521054945057

1790042434,50,GET,[GET] /actuator/health,6.900000,0.000000,4,5,5,5,6,7,7,7,7,7,7,1601,0,4,4.422779137902802,2.3102999984985217,64.0133999986574,49.0

1790042434,50,GET,[GET] /api/soporte/election/status,7.000000,0.000000,4,4,5,5,6,7,7,7,7,7,7,1639,0,4,3.943748749206628,2.0396999971126206,40.493599997716956,78.0

1790042434,50,GET,[GET] /api/soporte/tickets,14.300000,0.000000,7,7,7,8,9,10,12,12,17,17,17,3271,0,6,7.100399296875128,3.984100003435742,66.25879999774043,84567.0

1790042434,50,GET,[GET] /health,21.900000,0.000000,4,4,4,4,5,6,7,7,8,8,8,4918,0,4,3.825150386293752,1.7915999997057952,43.428200006019324,83.99572997153314

1790042434,50,,Aggregated,50.100000,0.000000,4,5,6,6,7,8,9,11,17,17,17,11429,0,4,4.8632574415612275,1.7915999997057952,66.25879999774043,24257.418759296528

1790042435,50,GET,[GET] /actuator/health,7.100000,0.000000,4,5,5,5,7,7,7,8,8,8,8,1615,0,4,4.4264198141118465,2.3102999984985217,64.0133999986574,49.0

1790042435,50,GET,[GET] /api/soporte/election/status,7.200000,0.000000,4,5,5,5,6,7,7,36,36,36,36,1644,0,4,3.9661897201584044,2.0396999971126206,40.493599997716956,78.0

1790042435,50,GET,[GET] /api/soporte/tickets,14.900000,0.000000,7,7,8,8,9,11,12,12,17,17,17,3281,0,6,7.100913105786399,3.984100003435742,66.25879999774043,84567.0

1790042435,50,GET,[GET] /health,21.300000,0.000000,4,4,4,5,5,6,7,7,8,8,8,4947,0,4,3.825543116995658,1.7915999997057952,43.428200006019324,83.99575500303214

1790042435,50,,Aggregated,50.500000,0.000000,4,5,6,7,7,8,10,11,36,36,36,11487,0,4,4.8656865673886776,1.7915999997057952,66.25879999774043,24208.864020196743

1790042436,50,GET,[GET] /actuator/health,6.800000,0.000000,4,5,5,5,7,7,8,8,8,8,8,1621,0,4,4.427040283645443,2.3102999984985217,64.0133999986574,49.0

1790042436,50,GET,[GET] /api/soporte/election/status,6.900000,0.000000,4,4,5,5,6,7,7,36,36,36,36,1652,0,4,3.9639760290181134,2.0396999971126206,40.493599997716956,78.0

1790042436,50,GET,[GET] /api/soporte/tickets,15.200000,0.000000,7,7,8,8,9,11,12,12,17,17,17,3294,0,6,7.099042167599605,3.984100003435742,66.25879999774043,84567.0

1790042436,50,GET,[GET] /health,20.900000,0.000000,4,4,4,4,5,6,7,7,8,8,8,4962,0,4,3.825126864123603,1.7915999997057952,43.428200006019324,83.99576783555018

1790042436,50,,Aggregated,49.800000,0.000000,4,5,6,7,7,8,10,11,36,36,36,11529,0,4,4.865057255579981,1.7915999997057952,66.25879999774043,24216.21736490589

1790042437,50,GET,[GET] /actuator/health,6.500000,0.000000,4,5,5,5,6,7,8,8,8,8,8,1626,0,4,4.425677921148882,2.3102999984985217,64.0133999986574,49.0

1790042437,50,GET,[GET] /api/soporte/election/status,6.700000,0.000000,4,4,5,5,6,7,7,36,36,36,36,1657,0,4,3.964888171360147,2.0396999971126206,40.493599997716956,78.0

1790042437,50,GET,[GET] /api/soporte/tickets,14.800000,0.000000,7,7,8,8,9,10,12,16,17,17,17,3312,0,6,7.09806458335503,3.984100003435742,66.25879999774043,84567.0

1790042437,50,GET,[GET] /health,21.400000,0.000000,4,4,4,4,5,5,7,7,8,8,8,4991,0,4,3.823036044834283,1.7915999997057952,43.428200006019324,83.99579242636746

1790042437,50,,Aggregated,49.400000,0.000000,4,5,6,7,7,8,10,11,36,36,36,11586,0,4,4.864106231621924,1.7915999997057952,66.25879999774043,24228.7283790782

1790042438,50,GET,[GET] /actuator/health,7.200000,0.000000,4,5,5,5,7,8,8,8,8,8,8,1635,0,4,4.427133394360388,2.3102999984985217,64.0133999986574,49.0

1790042438,50,GET,[GET] /api/soporte/election/status,7.100000,0.000000,4,4,5,5,6,7,7,36,36,36,36,1664,0,4,3.962487319667546,2.0396999971126206,40.493599997716956,78.0

1790042438,50,GET,[GET] /api/soporte/tickets,14.700000,0.000000,7,7,8,8,9,11,16,17,26,26,26,3328,0,6,7.10067827526254,3.984100003435742,66.25879999774043,84567.0

1790042438,50,GET,[GET] /health,21.100000,0.000000,4,4,4,5,5,6,7,7,8,8,8,5010,0,4,3.8236684829807963,1.7915999997057952,43.428200006019324,83.99580838323354

1790042438,50,,Aggregated,50.100000,0.000000,4,5,6,7,8,9,10,12,36,36,36,11637,0,4,4.865478937828784,1.7915999997057952,66.25879999774043,24239.039443155452

1790042439,50,GET,[GET] /actuator/health,6.700000,0.000000,4,5,5,5,7,8,8,8,8,8,8,1639,0,4,4.429263026106795,2.3102999984985217,64.0133999986574,49.0

1790042439,50,GET,[GET] /api/soporte/election/status,6.800000,0.000000,4,4,5,5,6,7,7,36,36,36,36,1672,0,4,3.9621563994855347,2.0396999971126206,40.493599997716956,78.0

1790042439,50,GET,[GET] /api/soporte/tickets,14.900000,0.000000,7,7,8,8,9,11,16,26,31,31,31,3345,0,6,7.103399850543562,3.984100003435742,66.25879999774043,84567.0

1790042439,50,GET,[GET] /health,21.500000,0.000000,3,4,4,4,5,6,7,7,8,8,8,5036,0,4,3.8224483121044006,1.7915999997057952,43.428200006019324,83.99583002382843

1790042439,50,,Aggregated,49.900000,0.000000,4,5,6,7,7,8,10,12,36,36,36,11692,0,4,4.866148631504861,1.7915999997057952,66.25879999774043,24248.23340745809

1790042440,50,GET,[GET] /actuator/health,7.000000,0.000000,4,5,5,5,7,8,8,8,8,8,8,1651,0,4,4.427660811496418,2.3102999984985217,64.0133999986574,49.0

1790042440,50,GET,[GET] /api/soporte/election/status,6.300000,0.000000,4,4,5,5,6,7,7,36,36,36,36,1676,0,4,3.963944928365374,2.0396999971126206,40.493599997716956,78.0

1790042440,50,GET,[GET] /api/soporte/tickets,15.200000,0.000000,7,7,7,8,9,11,22,26,31,31,31,3353,0,6,7.1062137787267465,3.984100003435742,66.25879999774043,84567.0

1790042440,50,GET,[GET] /health,22.200000,0.000000,3,4,4,5,5,6,7,7,8,8,8,5053,0,4,3.8235442311039196,1.7915999997057952,43.428200006019324,83.9958440530378

1790042440,50,,Aggregated,50.700000,0.000000,4,5,6,7,7,8,10,16,36,36,36,11733,0,4,4.866712988967855,1.7915999997057952,66.25879999774043,24221.35932839001

1790042441,50,GET,[GET] /actuator/health,6.800000,0.000000,4,5,5,6,7,8,8,8,8,8,8,1659,0,4,4.430696383229887,2.3102999984985217,64.0133999986574,49.0

1790042441,50,GET,[GET] /api/soporte/election/status,6.000000,0.000000,4,4,5,5,6,7,9,36,36,36,36,1683,0,4,3.9665001188005395,2.0396999971126206,40.493599997716956,78.0

1790042441,50,GET,[GET] /api/soporte/tickets,14.900000,0.000000,7,7,7,8,9,11,22,26,31,31,31,3363,0,6,7.106916978905508,3.984100003435742,66.25879999774043,84567.0

1790042441,50,GET,[GET] /health,22.300000,0.000000,4,4,4,5,5,7,7,7,8,8,8,5078,0,4,3.825403032641968,1.7915999997057952,43.428200006019324,83.99586451358803

1790042441,50,,Aggregated,50.000000,0.000000,4,5,6,7,7,8,11,16,36,36,36,11783,0,4,4.867360044091897,1.7915999997057952,66.25879999774043,24190.606551811932

1790042442,50,GET,[GET] /actuator/health,7.500000,0.000000,4,5,5,6,7,8,8,8,8,8,8,1666,0,4,4.434166506465901,2.3102999984985217,64.0133999986574,49.0

1790042442,50,GET,[GET] /api/soporte/election/status,6.200000,0.000000,4,4,5,5,6,7,9,36,36,36,36,1689,0,4,3.9662867968876077,2.0396999971126206,40.493599997716956,78.0

1790042442,50,GET,[GET] /api/soporte/tickets,14.700000,0.000000,6,7,7,7,8,10,22,26,31,31,31,3376,0,6,7.103426184858971,3.984100003435742,66.25879999774043,84567.0

1790042442,50,GET,[GET] /health,21.300000,0.000000,3,4,4,5,5,6,7,7,8,8,8,5098,0,4,3.8238183208623875,1.7915999997057952,43.428200006019324,83.99588073754414

1790042442,50,,Aggregated,49.700000,0.000000,4,5,6,6,7,8,9,16,36,36,36,11829,0,4,4.866123290181393,1.7915999997057952,66.25879999774043,24189.68458872263

1790042443,50,GET,[GET] /actuator/health,7.900000,0.000000,4,5,5,6,7,8,8,8,8,8,8,1672,0,4,4.433405741493564,2.3102999984985217,64.0133999986574,49.0

1790042443,50,GET,[GET] /api/soporte/election/status,5.700000,0.000000,4,4,5,5,6,7,9,36,36,36,36,1699,0,4,3.970867392553999,2.0396999971126206,40.493599997716956,78.0

1790042443,50,GET,[GET] /api/soporte/tickets,14.300000,0.000000,6,7,7,8,8,10,22,26,31,31,31,3391,0,6,7.1018573282454165,3.984100003435742,66.25879999774043,84567.0

1790042443,50,GET,[GET] /health,21.500000,0.000000,3,4,4,5,5,6,7,7,8,8,8,5116,0,4,3.823532095339033,1.7915999997057952,43.428200006019324,83.99589523064894

1790042443,50,,Aggregated,49.400000,0.000000,4,5,6,6,7,8,9,16,36,36,36,11878,0,4,4.8663703064119535,1.7915999997057952,66.25879999774043,24196.907728573835

1790042444,50,GET,[GET] /actuator/health,8.100000,0.000000,5,5,5,6,7,8,8,8,8,8,8,1676,0,4,4.433472493899699,2.3102999984985217,64.0133999986574,49.0

1790042444,50,GET,[GET] /api/soporte/election/status,6.400000,0.000000,4,4,5,5,6,7,7,9,9,9,9,1702,0,4,3.973662279641575,2.0396999971126206,40.493599997716956,78.0

1790042444,50,GET,[GET] /api/soporte/tickets,13.600000,0.000000,6,7,7,8,8,10,22,26,31,31,31,3407,0,6,7.097530995036055,3.984100003435742,66.25879999774043,84567.0

1790042444,50,GET,[GET] /health,21.600000,0.000000,3,4,4,5,5,6,7,7,8,8,8,5143,0,4,3.824413182919366,1.7915999997057952,43.428200006019324,83.99591678008944

1790042444,50,,Aggregated,49.700000,0.000000,4,5,6,6,7,8,9,11,31,31,31,11928,0,4,4.866190325248826,1.7915999997057952,66.25879999774043,24209.141515761235

1790042445,50,GET,[GET] /actuator/health,7.800000,0.000000,4,5,5,6,7,8,9,10,10,10,10,1683,0,4,4.437834283882275,2.3102999984985217,64.0133999986574,49.0

1790042445,50,GET,[GET] /api/soporte/election/status,6.100000,0.000000,4,4,5,5,7,7,8,9,9,9,9,1706,0,4,3.975903048039779,2.0396999971126206,40.493599997716956,78.0

1790042445,50,GET,[GET] /api/soporte/tickets,13.800000,0.000000,6,7,7,7,8,9,22,26,31,31,31,3424,0,6,7.097197517551249,3.984100003435742,66.25879999774043,84567.0

1790042445,50,GET,[GET] /health,21.500000,0.000000,3,4,4,5,5,6,7,8,11,11,11,5161,0,4,3.825933830606236,1.7915999997057952,43.428200006019324,83.99593102111994

1790042445,50,,Aggregated,49.200000,0.000000,4,5,6,6,7,8,9,12,31,31,31,11974,0,4,4.868733464137631,1.7915999997057952,66.25879999774043,24236.382662435277

1790042446,50,GET,[GET] /actuator/health,7.800000,0.000000,4,5,5,6,7,8,9,10,10,10,10,1689,0,4,4.4387195380486615,2.3102999984985217,64.0133999986574,49.0

1790042446,50,GET,[GET] /api/soporte/election/status,6.400000,0.000000,4,4,5,5,7,7,8,9,9,9,9,1709,0,4,3.976125687514474,2.0396999971126206,40.493599997716956,78.0

1790042446,50,GET,[GET] /api/soporte/tickets,13.200000,0.000000,6,7,7,7,8,9,22,26,31,31,31,3439,0,6,7.093263128844989,3.984100003435742,66.25879999774043,84567.0

1790042446,50,GET,[GET] /health,21.600000,0.000000,3,4,4,5,5,6,7,8,11,11,11,5187,0,4,3.8237715249252098,1.7915999997057952,43.428200006019324,83.99595141700405

1790042446,50,,Aggregated,49.000000,0.000000,4,5,6,6,7,8,9,11,31,31,31,12024,0,4,4.866918737492632,1.7915999997057952,66.25879999774043,24241.32260479042

1790042447,50,GET,[GET] /actuator/health,7.700000,0.000000,4,5,5,5,6,8,9,10,10,10,10,1693,0,4,4.435993797854969,2.3102999984985217,64.0133999986574,49.0

1790042447,50,GET,[GET] /api/soporte/election/status,6.400000,0.000000,4,4,5,5,7,7,8,9,9,9,9,1721,0,4,3.9726540383228772,2.0396999971126206,40.493599997716956,78.0

1790042447,50,GET,[GET] /api/soporte/tickets,13.900000,0.000000,6,7,7,7,8,9,26,31,31,31,31,3453,0,6,7.095783231998402,3.984100003435742,66.25879999774043,84567.0

1790042447,50,GET,[GET] /health,21.500000,0.000000,3,4,4,4,5,6,7,8,11,11,11,5211,0,4,3.8212088082461495,1.7915999997057952,43.428200006019324,83.99597006332758

1790042447,50,,Aggregated,49.500000,0.000000,4,5,6,6,7,8,9,12,31,31,31,12078,0,4,4.865137746281114,1.7915999997057952,66.25879999774043,24231.226113594967

1790042448,50,GET,[GET] /actuator/health,6.800000,0.000000,4,5,5,5,6,8,9,10,10,10,10,1702,0,4,4.4335374851811915,2.3102999984985217,64.0133999986574,49.0

1790042448,50,GET,[GET] /api/soporte/election/status,5.900000,0.000000,4,4,5,5,6,7,8,9,9,9,9,1725,0,4,3.9716212173664025,2.0396999971126206,40.493599997716956,78.0

1790042448,50,GET,[GET] /api/soporte/tickets,14.300000,0.000000,6,7,7,7,8,9,12,22,31,31,31,3468,0,6,7.094144434863576,3.984100003435742,66.25879999774043,84567.0

1790042448,50,GET,[GET] /health,21.900000,0.000000,3,4,4,4,5,6,7,8,11,11,11,5233,0,4,3.8199395375076026,1.7915999997057952,43.428200006019324,83.99598700554175

1790042448,50,,Aggregated,48.900000,0.000000,4,5,6,6,7,8,9,11,31,31,31,12128,0,4,4.8638822476599275,1.7915999997057952,66.25879999774043,24236.135801451186

1790042449,50,GET,[GET] /actuator/health,6.900000,0.000000,4,5,5,5,7,8,9,10,10,10,10,1707,0,4,4.432893731563583,2.3102999984985217,64.0133999986574,49.0

1790042449,50,GET,[GET] /api/soporte/election/status,6.000000,0.000000,4,4,5,5,6,7,8,9,9,9,9,1731,0,4,3.971540670106216,2.0396999971126206,40.493599997716956,78.0

1790042449,50,GET,[GET] /api/soporte/tickets,14.000000,0.000000,6,7,7,7,8,9,11,12,31,31,31,3483,0,6,7.0915665805582035,3.984100003435742,66.25879999774043,84567.0

1790042449,50,GET,[GET] /health,22.300000,0.000000,3,4,4,4,5,6,8,9,11,11,11,5256,0,3,3.819836586714522,1.7915999997057952,43.428200006019324,83.99600456621005

1790042449,50,,Aggregated,49.200000,0.000000,4,5,6,6,7,8,9,10,31,31,31,12177,0,4,4.8631579206363345,1.7915999997057952,66.25879999774043,24242.9995072678

1790042450,50,GET,[GET] /actuator/health,6.300000,0.000000,4,5,5,5,6,8,9,10,10,10,10,1711,0,4,4.432793395541338,2.3102999984985217,64.0133999986574,49.0

1790042450,50,GET,[GET] /api/soporte/election/status,6.100000,0.000000,4,4,5,5,6,7,7,8,8,8,8,1735,0,4,3.972777348671475,2.0396999971126206,40.493599997716956,78.0

1790042450,50,GET,[GET] /api/soporte/tickets,14.100000,0.000000,6,7,7,8,8,9,10,12,31,31,31,3504,0,6,7.092464668972362,3.984100003435742,66.25879999774043,84567.0

1790042450,50,GET,[GET] /health,21.600000,0.000000,3,4,4,4,5,6,8,9,11,11,11,5281,0,4,3.820456712702475,1.7915999997057952,43.428200006019324,83.99602348040143

1790042450,50,,Aggregated,48.100000,0.000000,4,5,6,6,7,8,9,10,31,31,31,12231,0,4,4.86510557596085,1.7915999997057952,66.25879999774043,24281.376829368

1790042451,50,GET,[GET] /actuator/health,7.000000,0.000000,4,5,5,5,5,9,10,10,10,10,10,1715,0,4,4.435306064006105,2.3102999984985217,64.0133999986574,49.0

1790042451,50,GET,[GET] /api/soporte/election/status,6.200000,0.000000,4,4,5,5,6,7,7,8,8,8,8,1740,0,4,3.9719724137630066,2.0396999971126206,40.493599997716956,78.0

1790042451,50,GET,[GET] /api/soporte/tickets,13.600000,0.000000,7,7,7,8,8,9,10,12,31,31,31,3519,0,6,7.092316567228102,3.984100003435742,66.25879999774043,84567.0

1790042451,50,GET,[GET] /health,21.900000,0.000000,4,4,4,4,5,6,8,9,11,11,11,5308,0,4,3.821022004474856,1.7915999997057952,43.428200006019324,83.99604370761115

1790042451,50,,Aggregated,48.700000,0.000000,4,5,6,6,7,8,9,10,31,31,31,12282,0,4,4.865463987912907,1.7915999997057952,66.25879999774043,24284.064403191664

1790042452,50,GET,[GET] /actuator/health,6.200000,0.000000,4,5,5,5,7,9,10,10,10,10,10,1723,0,4,4.4364984328300805,2.3102999984985217,64.0133999986574,49.0

1790042452,50,GET,[GET] /api/soporte/election/status,6.000000,0.000000,4,4,4,5,5,7,7,8,8,8,8,1748,0,4,3.9722209953891396,2.0396999971126206,40.493599997716956,78.0

1790042452,50,GET,[GET] /api/soporte/tickets,14.100000,0.000000,6,7,7,8,8,9,10,12,31,31,31,3535,0,6,7.0880580764020005,3.984100003435742,66.25879999774043,84567.0

1790042452,50,GET,[GET] /health,22.700000,0.000000,4,4,4,4,5,6,8,9,11,11,11,5330,0,4,3.8219469793091854,1.7915999997057952,43.428200006019324,83.99606003752345

1790042452,50,,Aggregated,49.000000,0.000000,4,5,6,6,7,8,9,10,31,31,31,12336,0,4,4.865012305407383,1.7915999997057952,66.25879999774043,24287.679555771723

1790042453,50,GET,[GET] /actuator/health,5.700000,0.000000,4,5,5,5,7,9,10,10,10,10,10,1732,0,4,4.43576859108643,2.3102999984985217,64.0133999986574,49.0

1790042453,50,GET,[GET] /api/soporte/election/status,6.000000,0.000000,4,4,4,5,5,6,7,8,8,8,8,1752,0,4,3.972796061607867,2.0396999971126206,40.493599997716956,78.0

1790042453,50,GET,[GET] /api/soporte/tickets,15.000000,0.000000,7,7,7,8,8,10,12,31,32,32,32,3551,0,6,7.096230723760539,3.984100003435742,66.25879999774043,84567.0

1790042453,50,GET,[GET] /health,22.700000,0.000000,4,4,4,4,5,7,8,9,11,11,11,5346,0,4,3.8261228207466624,1.7915999997057952,43.428200006019324,83.99607182940517

1790042453,50,,Aggregated,49.400000,0.000000,4,5,6,7,7,8,10,11,32,32,32,12381,0,4,4.870063629713594,1.7915999997057952,66.25879999774043,24308.859058234393

1790042454,50,GET,[GET] /actuator/health,5.400000,0.000000,4,4,5,5,5,7,8,10,10,10,10,1744,0,4,4.433042259041515,2.3102999984985217,64.0133999986574,49.0

1790042454,50,GET,[GET] /api/soporte/election/status,5.100000,0.000000,4,4,4,5,5,6,6,6,6,6,6,1759,0,4,3.975111995415169,2.0396999971126206,40.493599997716956,78.0

1790042454,50,GET,[GET] /api/soporte/tickets,15.700000,0.000000,7,7,7,7,8,9,12,31,32,32,32,3563,0,6,7.092756609618605,3.984100003435742,66.25879999774043,84567.0

1790042454,50,GET,[GET] /health,23.000000,0.000000,4,4,4,4,5,6,8,9,9,9,9,5369,0,4,3.8254370645768434,1.7915999997057952,43.428200006019324,83.9960886571056

1790042454,50,,Aggregated,49.200000,0.000000,4,5,6,6,7,8,9,10,32,32,32,12435,0,4,4.868010542781492,1.7915999997057952,66.25879999774043,24285.1511057499

1790042455,50,GET,[GET] /actuator/health,5.800000,0.000000,4,4,5,5,5,6,7,10,10,10,10,1752,0,4,4.431613298947923,2.3102999984985217,64.0133999986574,49.0

1790042455,50,GET,[GET] /api/soporte/election/status,5.700000,0.000000,4,4,4,5,5,6,6,6,6,6,6,1764,0,4,3.974740986359599,2.0396999971126206,40.493599997716956,78.0

1790042455,50,GET,[GET] /api/soporte/tickets,15.000000,0.000000,7,7,7,8,8,10,12,31,32,32,32,3579,0,6,7.090605839636889,3.984100003435742,66.25879999774043,84567.0

1790042455,50,GET,[GET] /health,23.100000,0.000000,4,4,4,4,5,6,8,9,9,9,9,5385,0,4,3.8252726647568442,1.7915999997057952,43.428200006019324,83.99610027855154

1790042455,50,,Aggregated,49.600000,0.000000,4,5,6,6,7,8,10,11,32,32,32,12480,0,4,4.8679488140601865,1.7915999997057952,66.25879999774043,24306.174038461537

1790042456,50,GET,[GET] /actuator/health,6.200000,0.000000,4,4,5,5,5,6,7,10,10,10,10,1761,0,4,4.428705280952065,2.3102999984985217,64.0133999986574,49.0

1790042456,50,GET,[GET] /api/soporte/election/status,5.200000,0.000000,4,4,4,5,5,6,6,6,6,6,6,1770,0,4,3.9728658756660167,2.0396999971126206,40.493599997716956,78.0

1790042456,50,GET,[GET] /api/soporte/tickets,15.700000,0.000000,7,7,7,7,8,10,11,12,32,32,32,3593,0,6,7.086960645716138,3.984100003435742,66.25879999774043,84567.0

1790042456,50,GET,[GET] /health,23.200000,0.000000,4,4,4,4,5,6,8,9,9,9,9,5402,0,4,3.824082950711007,1.7915999997057952,43.428200006019324,83.99611255090707

1790042456,50,,Aggregated,50.300000,0.000000,4,5,6,6,7,8,9,10,32,32,32,12526,0,4,4.866044092246877,1.7915999997057952,66.25879999774043,24311.61799457129

1790042457,50,GET,[GET] /actuator/health,6.500000,0.000000,4,4,5,5,5,6,7,10,10,10,10,1768,0,4,4.4277085971483086,2.3102999984985217,64.0133999986574,49.0

1790042457,50,GET,[GET] /api/soporte/election/status,5.600000,0.000000,4,4,4,5,5,6,6,6,6,6,6,1773,0,4,3.971923237414977,2.0396999971126206,40.493599997716956,78.0

1790042457,50,GET,[GET] /api/soporte/tickets,15.400000,0.000000,7,7,7,7,8,10,11,12,32,32,32,3609,0,6,7.081525796636173,3.984100003435742,66.25879999774043,84567.0

1790042457,50,GET,[GET] /health,22.200000,0.000000,4,4,4,4,5,6,8,9,9,9,9,5431,0,4,3.8212198673805484,1.7915999997057952,43.428200006019324,83.99613330878292

1790042457,50,,Aggregated,49.700000,0.000000,4,5,6,6,7,8,9,10,32,32,32,12581,0,4,4.862942564144239,1.7915999997057952,66.25879999774043,24313.123917017725

1790042458,50,GET,[GET] /actuator/health,6.900000,0.000000,4,5,5,5,5,6,7,10,10,10,10,1775,0,4,4.426467830846479,2.3102999984985217,64.0133999986574,49.0

1790042458,50,GET,[GET] /api/soporte/election/status,6.100000,0.000000,4,4,4,5,5,6,6,6,6,6,6,1787,0,4,3.966789087811568,2.0396999971126206,40.493599997716956,78.0

1790042458,50,GET,[GET] /api/soporte/tickets,15.400000,0.000000,6,7,7,7,8,10,11,12,32,32,32,3623,0,6,7.077539828885903,3.984100003435742,66.25879999774043,84567.0

1790042458,50,GET,[GET] /health,21.800000,0.000000,4,4,4,4,5,6,8,9,9,9,9,5444,0,4,3.819584294587665,1.7915999997057952,43.428200006019324,83.99614254224835

1790042458,50,,Aggregated,50.200000,0.000000,4,5,6,6,7,8,9,10,32,32,32,12629,0,4,4.860351270841765,1.7915999997057952,66.25879999774043,24314.662839496395

1790042459,50,GET,[GET] /actuator/health,7.100000,0.000000,4,4,5,5,5,6,7,10,10,10,10,1780,0,4,4.425161797610527,2.3102999984985217,64.0133999986574,49.0

1790042459,50,GET,[GET] /api/soporte/election/status,5.700000,0.000000,4,4,4,5,5,5,6,6,6,6,6,1798,0,4,3.9636493881645283,2.0396999971126206,40.493599997716956,78.0

1790042459,50,GET,[GET] /api/soporte/tickets,15.700000,0.000000,6,7,7,7,8,9,11,12,32,32,32,3638,0,6,7.076165310627952,3.984100003435742,66.25879999774043,84567.0

1790042459,50,GET,[GET] /health,21.800000,0.000000,4,4,4,4,5,5,8,8,9,9,9,5461,0,4,3.818369218044592,1.7915999997057952,43.428200006019324,83.99615455044864

1790042459,50,,Aggregated,50.300000,0.000000,4,5,6,6,7,8,9,10,32,32,32,12677,0,4,4.85908600611127,1.7915999997057952,66.25879999774043,24322.861323657016

1790042460,50,GET,[GET] /actuator/health,7.600000,0.000000,4,4,5,5,5,6,7,10,10,10,10,1783,0,4,4.425236791782103,2.3102999984985217,64.0133999986574,49.0

1790042460,50,GET,[GET] /api/soporte/election/status,5.400000,0.000000,4,4,4,4,5,5,6,6,6,6,6,1805,0,4,3.9633409971852758,2.0396999971126206,40.493599997716956,78.0

1790042460,50,GET,[GET] /api/soporte/tickets,15.400000,0.000000,6,7,7,7,8,9,11,12,32,32,32,3658,0,6,7.073762192477471,3.984100003435742,66.25879999774043,84567.0

1790042460,50,GET,[GET] /health,21.600000,0.000000,4,4,4,4,5,6,8,8,9,9,9,5484,0,4,3.818454449253111,1.7915999997057952,43.428200006019324,83.99562363238512

1790042460,50,,Aggregated,50.000000,0.000000,4,5,6,6,7,8,9,10,32,32,32,12730,0,4,4.859407226979855,1.7915999997057952,66.25879999774043,24354.66417910448

1790042461,50,GET,[GET] /actuator/health,7.400000,0.000000,4,5,5,5,5,6,7,9,9,9,9,1790,0,4,4.428085474716564,2.3102999984985217,64.0133999986574,49.0

1790042461,50,GET,[GET] /api/soporte/election/status,6.300000,0.000000,4,4,4,5,5,5,6,6,6,6,6,1812,0,4,3.9636103200396176,2.0396999971126206,40.493599997716956,78.0

1790042461,50,GET,[GET] /api/soporte/tickets,15.800000,0.000000,6,7,7,7,8,9,12,13,32,32,32,3672,0,6,7.076803267994093,3.984100003435742,66.25879999774043,84567.0

1790042461,50,GET,[GET] /health,20.400000,0.000000,3,4,4,4,5,6,8,9,9,9,9,5510,0,4,3.8195924863405506,1.7915999997057952,43.428200006019324,83.99564428312159

1790042461,50,,Aggregated,49.900000,0.000000,4,5,6,6,7,8,9,11,32,32,32,12784,0,4,4.860787789382445,1.7915999997057952,66.25879999774043,24344.640644555693

1790042462,50,GET,[GET] /actuator/health,7.200000,0.000000,4,4,5,5,6,7,8,9,9,9,9,1795,0,4,4.429995264481198,2.3102999984985217,64.0133999986574,49.0

1790042462,50,GET,[GET] /api/soporte/election/status,6.900000,0.000000,4,4,4,4,5,5,6,6,6,6,6,1822,0,4,3.9602051042338515,2.0396999971126206,40.493599997716956,78.0

1790042462,50,GET,[GET] /api/soporte/tickets,15.200000,0.000000,6,7,7,7,9,9,12,13,32,32,32,3686,0,6,7.075281551841787,3.984100003435742,66.25879999774043,84567.0

1790042462,50,GET,[GET] /health,20.500000,0.000000,3,4,4,4,5,6,6,7,9,9,9,5534,0,4,3.820373075487049,1.7915999997057952,43.428200006019324,83.99566317311168

1790042462,50,,Aggregated,49.800000,0.000000,4,5,6,6,7,8,9,11,32,32,32,12837,0,4,4.860073817830645,1.7915999997057952,66.25879999774043,24336.5946093324

1790042463,50,GET,[GET] /actuator/health,7.400000,0.000000,4,4,5,5,6,7,9,11,11,11,11,1803,0,4,4.433751580551335,2.3102999984985217,64.0133999986574,49.0

1790042463,50,GET,[GET] /api/soporte/election/status,6.900000,0.000000,4,4,4,4,5,5,6,8,8,8,8,1830,0,4,3.962440710328551,2.0396999971126206,40.493599997716956,78.0

1790042463,50,GET,[GET] /api/soporte/tickets,15.500000,0.000000,6,7,7,8,9,10,12,13,18,18,18,3695,0,6,7.078499810575052,3.984100003435742,66.25879999774043,84567.0

1790042463,50,GET,[GET] /health,19.900000,0.000000,4,4,4,4,5,6,7,8,9,9,9,5553,0,4,3.821786169591429,1.7915999997057952,43.428200006019324,83.99567801188547

1790042463,50,,Aggregated,49.700000,0.000000,4,5,6,6,7,8,9,11,18,18,18,12881,0,4,4.861637761000802,1.7915999997057952,66.25879999774043,24312.75366819346

1790042464,50,GET,[GET] /actuator/health,7.500000,0.000000,4,5,5,5,6,7,9,11,11,11,11,1808,0,4,4.432431139240639,2.3102999984985217,64.0133999986574,49.0

1790042464,50,GET,[GET] /api/soporte/election/status,7.500000,0.000000,3,4,4,4,5,5,7,8,8,8,8,1842,0,4,3.962145113956219,2.0396999971126206,40.493599997716956,78.0

1790042464,50,GET,[GET] /api/soporte/tickets,15.300000,0.000000,6,7,7,8,9,9,12,13,18,18,18,3714,0,6,7.075681394743764,3.984100003435742,66.25879999774043,84567.0

1790042464,50,GET,[GET] /health,20.000000,0.000000,4,4,4,4,5,6,7,8,9,9,9,5571,0,4,3.8215227068243456,1.7915999997057952,43.428200006019324,83.99569197630586

1790042464,50,,Aggregated,50.300000,0.000000,4,5,6,6,7,8,9,11,18,18,18,12935,0,4,4.861298067216946,1.7915999997057952,66.25879999774043,24335.681948202553

1790042465,50,GET,[GET] /actuator/health,7.200000,0.000000,4,4,5,5,7,8,9,11,11,11,11,1816,0,4,4.429415253167214,2.3102999984985217,64.0133999986574,49.0

1790042465,50,GET,[GET] /api/soporte/election/status,7.400000,0.000000,3,4,4,4,5,5,7,8,8,8,8,1845,0,4,3.961009539240721,2.0396999971126206,40.493599997716956,78.0

1790042465,50,GET,[GET] /api/soporte/tickets,15.400000,0.000000,6,7,7,8,9,9,18,18,23,23,23,3729,0,6,7.080772700479462,3.984100003435742,66.25879999774043,84567.0

1790042465,50,GET,[GET] /health,20.700000,0.000000,4,4,4,4,5,6,8,9,30,30,30,5593,0,4,3.8261607365843866,1.7915999997057952,43.428200006019324,83.99570892186662

1790042465,50,,Aggregated,50.700000,0.000000,4,5,6,6,7,8,9,13,30,30,30,12983,0,4,4.864499661053315,1.7915999997057952,66.25879999774043,24343.605098975582

1790042466,50,GET,[GET] /actuator/health,7.000000,0.000000,4,4,5,5,7,8,9,11,11,11,11,1824,0,4,4.429501589783556,2.3102999984985217,64.0133999986574,49.0

1790042466,50,GET,[GET] /api/soporte/election/status,8.000000,0.000000,4,4,4,4,5,5,7,8,8,8,8,1854,0,4,3.9602244875421815,2.0396999971126206,40.493599997716956,78.0

1790042466,50,GET,[GET] /api/soporte/tickets,14.900000,0.000000,6,7,7,8,9,10,18,18,23,23,23,3743,0,6,7.077548223374523,3.984100003435742,66.25879999774043,84567.0

1790042466,50,GET,[GET] /health,20.300000,0.000000,4,4,4,4,5,6,8,9,30,30,30,5612,0,4,3.8260498395777964,1.7915999997057952,43.428200006019324,83.99572344975053

1790042466,50,,Aggregated,50.200000,0.000000,4,5,6,6,7,8,10,13,30,30,30,13033,0,4,4.8634022711171525,1.7915999997057952,66.25879999774043,24341.260876237244

1790042467,50,GET,[GET] /actuator/health,6.500000,0.000000,4,5,5,5,7,8,9,11,11,11,11,1834,0,4,4.43521984721296,2.3102999984985217,64.0133999986574,49.0

1790042467,50,GET,[GET] /api/soporte/election/status,8.300000,0.000000,4,4,4,4,5,5,7,8,8,8,8,1860,0,4,3.961072419304557,2.0396999971126206,40.493599997716956,78.0

1790042467,50,GET,[GET] /api/soporte/tickets,14.800000,0.000000,6,7,8,8,9,10,18,23,25,25,25,3757,0,6,7.080467553923904,3.984100003435742,66.25879999774043,84567.0

1790042467,50,GET,[GET] /health,20.600000,0.000000,4,4,4,5,5,6,8,9,30,30,30,5631,0,4,3.827365654366059,1.7915999997057952,43.428200006019324,83.9957378795951

1790042467,50,,Aggregated,50.200000,0.000000,4,5,6,6,7,9,10,18,30,30,30,13082,0,4,4.865846239070664,1.7915999997057952,66.25879999774043,24340.78466595322

1790042468,50,GET,[GET] /actuator/health,6.300000,0.000000,4,5,5,6,7,8,9,11,11,11,11,1839,0,4,4.43475638922688,2.3102999984985217,64.0133999986574,49.0

1790042468,50,GET,[GET] /api/soporte/election/status,8.000000,0.000000,4,4,4,4,5,6,7,8,8,8,8,1869,0,4,3.960598555321326,2.0396999971126206,40.493599997716956,78.0

1790042468,50,GET,[GET] /api/soporte/tickets,14.600000,0.000000,6,7,8,8,9,10,18,23,25,25,25,3773,0,6,7.0782764113714185,3.984100003435742,66.25879999774043,84567.0

1790042468,50,GET,[GET] /health,20.700000,0.000000,4,4,4,5,5,6,8,9,30,30,30,5651,0,4,3.8260388426374563,1.7915999997057952,43.428200006019324,83.99575296407716

1790042468,50,,Aggregated,49.600000,0.000000,4,5,6,6,8,9,10,18,30,30,30,13132,0,4,4.864846032556535,1.7915999997057952,66.25879999774043,24351.343588181542

1790042469,50,GET,[GET] /actuator/health,6.500000,0.000000,4,5,5,6,7,8,9,11,11,11,11,1842,0,4,4.434702008573064,2.3102999984985217,64.0133999986574,49.0

1790042469,50,GET,[GET] /api/soporte/election/status,8.300000,0.000000,4,4,4,4,5,6,7,8,8,8,8,1880,0,4,3.9578586169691916,2.0396999971126206,40.493599997716956,78.0

1790042469,50,GET,[GET] /api/soporte/tickets,14.600000,0.000000,6,7,8,8,9,11,18,23,25,25,25,3782,0,6,7.078750819702079,3.984100003435742,66.25879999774043,84567.0

1790042469,50,GET,[GET] /health,19.600000,0.000000,4,4,4,4,5,6,8,9,30,30,30,5671,0,4,3.8238955386592224,1.7915999997057952,43.428200006019324,83.99576794216188

1790042469,50,,Aggregated,49.000000,0.000000,4,5,6,6,8,9,10,18,30,30,30,13175,0,4,4.862743263722457,1.7915999997057952,66.25879999774043,24329.839240986716

1790042470,50,GET,[GET] /actuator/health,6.400000,0.000000,4,5,5,6,7,8,9,11,11,11,11,1847,0,4,4.436357498534233,2.3102999984985217,64.0133999986574,49.0

1790042470,50,GET,[GET] /api/soporte/election/status,8.500000,0.000000,4,4,4,5,5,6,7,8,8,8,8,1890,0,4,3.9602117459777872,2.0396999971126206,40.493599997716956,78.0

1790042470,50,GET,[GET] /api/soporte/tickets,14.600000,0.000000,7,7,8,8,9,10,18,23,25,25,25,3797,0,6,7.078806294471091,3.984100003435742,66.25879999774043,84567.0

1790042470,50,GET,[GET] /health,20.400000,0.000000,4,4,4,5,5,7,9,9,30,30,30,5696,0,4,3.8286028616082324,1.7915999997057952,43.428200006019324,83.99578651685393

1790042470,50,,Aggregated,49.900000,0.000000,4,5,6,6,8,9,10,18,30,30,30,13230,0,4,4.865056832918969,1.7915999997057952,66.25879999774043,24324.8119425548

1790042471,50,GET,[GET] /actuator/health,6.100000,0.000000,4,5,5,6,6,7,8,11,11,11,11,1854,0,4,4.436158414128196,2.3102999984985217,64.0133999986574,49.0

1790042471,50,GET,[GET] /api/soporte/election/status,8.000000,0.000000,4,4,4,5,5,6,7,8,8,8,8,1895,0,4,3.9592756199984356,2.0396999971126206,40.493599997716956,78.0

1790042471,50,GET,[GET] /api/soporte/tickets,14.500000,0.000000,6,7,8,8,9,10,18,23,25,25,25,3810,0,6,7.078320157508017,3.984100003435742,66.25879999774043,84567.0

1790042471,50,GET,[GET] /health,20.800000,0.000000,4,4,4,5,5,7,9,10,30,30,30,5715,0,4,3.8277237969770463,1.7915999997057952,43.428200006019324,83.99580052493438

1790042471,50,,Aggregated,49.400000,0.000000,4,5,6,6,7,9,10,18,30,30,30,13274,0,4,4.864494975103215,1.7915999997057952,66.25879999774043,24327.178092511676

1790042472,50,GET,[GET] /actuator/health,6.300000,0.000000,4,5,5,5,6,6,8,8,8,8,8,1861,0,4,4.436473777424751,2.3102999984985217,64.0133999986574,49.0

1790042472,50,GET,[GET] /api/soporte/election/status,8.000000,0.000000,4,4,4,5,5,6,6,7,7,7,7,1902,0,4,3.95890499468335,2.0396999971126206,40.493599997716956,78.0

1790042472,50,GET,[GET] /api/soporte/tickets,14.400000,0.000000,7,7,8,8,9,10,18,23,25,25,25,3821,0,6,7.077979272467748,3.984100003435742,66.25879999774043,84567.0

1790042472,50,GET,[GET] /health,20.700000,0.000000,4,4,4,5,5,6,9,10,30,30,30,5739,0,4,3.828119445845788,1.7915999997057952,43.428200006019324,83.9958180867747

1790042472,50,,Aggregated,49.400000,0.000000,4,5,6,6,7,8,10,10,30,30,30,13323,0,4,4.86381830664891,1.7915999997057952,66.25879999774043,24307.746303385124

1790042473,50,GET,[GET] /actuator/health,6.200000,0.000000,4,5,5,5,6,6,8,8,8,8,8,1870,0,4,4.435645614856982,2.3102999984985217,64.0133999986574,49.0

1790042473,50,GET,[GET] /api/soporte/election/status,8.400000,0.000000,4,4,4,5,5,6,6,7,7,7,7,1908,0,4,3.957744654035653,2.0396999971126206,40.493599997716956,78.0

1790042473,50,GET,[GET] /api/soporte/tickets,13.400000,0.000000,7,7,8,8,9,10,18,23,25,25,25,3837,0,6,7.078359786315007,3.984100003435742,66.25879999774043,84567.0

1790042473,50,GET,[GET] /health,20.900000,0.000000,4,4,4,5,5,6,9,10,30,30,30,5758,0,4,3.8275574678228,1.7915999997057952,43.428200006019324,83.99583188607156

1790042473,50,,Aggregated,48.900000,0.000000,4,5,6,6,7,8,10,12,30,30,30,13373,0,4,4.863888170156057,1.7915999997057952,66.25879999774043,24318.22934270545

1790042474,50,GET,[GET] /actuator/health,6.400000,0.000000,4,5,5,5,6,6,8,8,8,8,8,1877,0,4,4.433861267861639,2.3102999984985217,64.0133999986574,49.0

1790042474,50,GET,[GET] /api/soporte/election/status,8.200000,0.000000,4,4,4,5,5,6,6,6,6,6,6,1915,0,4,3.95549295033789,2.0396999971126206,40.493599997716956,78.0

1790042474,50,GET,[GET] /api/soporte/tickets,13.500000,0.000000,6,7,8,8,9,10,18,23,25,25,25,3849,0,6,7.0750435957599125,3.984100003435742,66.25879999774043,84567.0

1790042474,50,GET,[GET] /health,20.600000,0.000000,4,4,4,5,5,6,7,8,10,10,10,5782,0,4,3.8273782427747767,1.7915999997057952,43.428200006019324,83.99584918713248

1790042474,50,,Aggregated,48.700000,0.000000,4,5,6,6,7,8,10,10,25,25,25,13423,0,4,4.861720211538182,1.7915999997057952,66.25879999774043,24303.463458243314

1790042475,50,GET,[GET] /actuator/health,6.600000,0.000000,4,5,5,5,6,6,8,8,8,8,8,1887,0,4,4.433110280756537,2.3102999984985217,64.0133999986574,49.0

1790042475,50,GET,[GET] /api/soporte/election/status,7.900000,0.000000,4,4,5,5,5,6,6,6,6,6,6,1924,0,4,3.957999947966516,2.0396999971126206,40.493599997716956,78.0

1790042475,50,GET,[GET] /api/soporte/tickets,13.800000,0.000000,6,7,7,8,9,10,10,12,25,25,25,3862,0,6,7.072256110845704,3.984100003435742,66.25879999774043,84567.0

1790042475,50,GET,[GET] /health,19.800000,0.000000,4,4,4,5,5,6,8,10,26,26,26,5801,0,4,3.83398339936504,1.7915999997057952,43.428200006019324,83.99586278227892

1790042475,50,,Aggregated,48.100000,0.000000,4,5,6,6,7,8,10,10,26,26,26,13474,0,4,4.86377184202745,1.7915999997057952,66.25879999774043,24293.272153777645

1790042476,50,GET,[GET] /actuator/health,6.600000,0.000000,4,5,5,5,6,6,8,8,8,8,8,1894,0,4,4.431969746463403,2.3102999984985217,64.0133999986574,49.0

1790042476,50,GET,[GET] /api/soporte/election/status,7.800000,0.000000,4,4,4,5,5,6,6,6,6,6,6,1928,0,4,3.957760995790409,2.0396999971126206,40.493599997716956,78.0

1790042476,50,GET,[GET] /api/soporte/tickets,13.800000,0.000000,6,7,7,8,9,10,10,12,34,34,34,3876,0,6,7.076349871025294,3.984100003435742,66.25879999774043,84567.0

1790042476,50,GET,[GET] /health,20.200000,0.000000,4,4,4,5,6,6,8,10,26,26,26,5823,0,4,3.834515610460652,1.7915999997057952,43.428200006019324,83.99587841318908

1790042476,50,,Aggregated,48.400000,0.000000,4,5,6,6,7,8,10,10,34,34,34,13521,0,4,4.865100983617484,1.7915999997057952,66.25879999774043,24296.57495747356

1790042477,50,GET,[GET] /actuator/health,6.800000,0.000000,4,5,5,5,6,6,7,8,8,8,8,1897,0,4,4.431550816974505,2.3102999984985217,64.0133999986574,49.0

1790042477,50,GET,[GET] /api/soporte/election/status,7.300000,0.000000,4,4,4,5,5,6,6,6,6,6,6,1940,0,4,3.95674144323512,2.0396999971126206,40.493599997716956,78.0

1790042477,50,GET,[GET] /api/soporte/tickets,13.400000,0.000000,7,7,7,8,9,10,10,12,34,34,34,3890,0,6,7.074483727525584,3.984100003435742,66.25879999774043,84567.0

1790042477,50,GET,[GET] /health,20.700000,0.000000,4,4,4,5,5,6,9,21,26,26,26,5840,0,4,3.8334206677587046,1.7915999997057952,43.428200006019324,83.9958904109589

1790042477,50,,Aggregated,48.200000,0.000000,4,5,6,6,7,8,10,10,34,34,34,13567,0,4,4.863982361573091,1.7915999997057952,66.25879999774043,24301.646568880373

1790042478,50,GET,[GET] /actuator/health,6.800000,0.000000,4,5,5,5,6,6,7,10,10,10,10,1906,0,4,4.432645487832822,2.3102999984985217,64.0133999986574,49.0

1790042478,50,GET,[GET] /api/soporte/election/status,7.500000,0.000000,4,4,4,5,5,5,6,6,6,6,6,1945,0,4,3.9555978919690653,2.0396999971126206,40.493599997716956,78.0

1790042478,50,GET,[GET] /api/soporte/tickets,13.400000,0.000000,6,7,7,8,8,10,12,13,34,34,34,3908,0,6,7.0709929887584035,3.984100003435742,66.25879999774043,84567.0

1790042478,50,GET,[GET] /health,20.800000,0.000000,4,4,4,5,5,6,8,10,26,26,26,5862,0,4,3.8323080518095933,1.7915999997057952,43.428200006019324,83.99590583418629

1790042478,50,,Aggregated,48.500000,0.000000,4,5,6,6,7,8,10,12,34,34,34,13621,0,4,4.86312977016848,1.7915999997057952,66.25879999774043,24317.25453344101

1790042479,50,GET,[GET] /actuator/health,6.500000,0.000000,4,5,5,5,5,6,6,10,10,10,10,1915,0,4,4.431020783189947,2.3102999984985217,64.0133999986574,49.0

1790042479,50,GET,[GET] /api/soporte/election/status,7.500000,0.000000,4,4,5,5,5,5,6,6,6,6,6,1954,0,4,3.9535852609420736,2.0396999971126206,40.493599997716956,78.0

1790042479,50,GET,[GET] /api/soporte/tickets,13.500000,0.000000,6,7,7,8,8,9,12,13,34,34,34,3921,0,6,7.069069038528055,3.984100003435742,66.25879999774043,84567.0

1790042479,50,GET,[GET] /health,21.400000,0.000000,4,4,4,4,5,6,7,21,26,26,26,5875,0,4,3.832218178671765,1.7915999997057952,43.428200006019324,83.99591489361703

1790042479,50,,Aggregated,48.900000,0.000000,4,5,6,6,7,8,9,12,34,34,34,13665,0,4,4.86226212217012,1.7915999997057952,66.25879999774043,24319.570435418955

1790042480,50,GET,[GET] /actuator/health,6.700000,0.000000,4,5,5,5,5,5,6,10,10,10,10,1923,0,4,4.429729693081516,2.3102999984985217,64.0133999986574,49.0

1790042480,50,GET,[GET] /api/soporte/election/status,8.000000,0.000000,4,4,5,5,5,5,6,7,7,7,7,1959,0,4,3.9555079121407783,2.0396999971126206,40.493599997716956,78.0

1790042480,50,GET,[GET] /api/soporte/tickets,13.400000,0.000000,6,7,7,7,8,9,12,13,34,34,34,3931,0,6,7.066599364046545,3.984100003435742,66.25879999774043,84567.0

1790042480,50,GET,[GET] /health,20.700000,0.000000,4,4,4,4,5,6,7,8,26,26,26,5904,0,4,3.831504403742631,1.7915999997057952,43.428200006019324,83.9959349593496

1790042480,50,,Aggregated,48.800000,0.000000,4,5,6,6,7,8,9,12,34,34,34,13717,0,4,4.860189130235693,1.7915999997057952,66.25879999774043,24289.262812568344

1790042481,50,GET,[GET] /actuator/health,7.100000,0.000000,4,5,5,5,5,5,6,10,10,10,10,1928,0,4,4.427859958406348,2.3102999984985217,64.0133999986574,49.0

1790042481,50,GET,[GET] /api/soporte/election/status,7.600000,0.000000,4,4,4,5,5,5,6,7,7,7,7,1966,0,4,3.9567036621995513,2.0396999971126206,40.493599997716956,78.0

1790042481,50,GET,[GET] /api/soporte/tickets,13.400000,0.000000,6,7,7,7,8,9,12,13,34,34,34,3947,0,6,7.065493640754841,3.984100003435742,66.25879999774043,84567.0

1790042481,50,GET,[GET] /health,20.800000,0.000000,4,4,4,4,5,6,7,7,26,26,26,5926,0,4,3.8307074248589714,1.7915999997057952,43.428200006019324,83.99595005062437

1790042481,50,,Aggregated,48.900000,0.000000,4,5,6,6,7,8,9,12,34,34,34,13767,0,4,4.859742064317961,1.7915999997057952,66.25879999774043,24299.52269920825

1790042482,50,GET,[GET] /actuator/health,7.200000,0.000000,4,4,5,5,5,6,6,10,10,10,10,1935,0,4,4.428018242789604,2.3102999984985217,64.0133999986574,49.0

1790042482,50,GET,[GET] /api/soporte/election/status,7.600000,0.000000,4,4,4,5,5,5,6,7,7,7,7,1977,0,4,3.95467890737929,2.0396999971126206,40.493599997716956,78.0

1790042482,50,GET,[GET] /api/soporte/tickets,13.300000,0.000000,6,7,7,7,8,8,11,13,34,34,34,3961,0,6,7.062908028292849,3.984100003435742,66.25879999774043,84567.0

1790042482,50,GET,[GET] /health,20.200000,0.000000,4,4,4,4,5,6,7,7,26,26,26,5944,0,4,3.830711069936806,1.7915999997057952,43.428200006019324,83.99596231493943

1790042482,50,,Aggregated,48.300000,0.000000,4,5,6,6,7,7,8,11,34,34,34,13817,0,4,4.8586915248939055,1.7915999997057952,66.25879999774043,24297.472678584352

1790042483,50,GET,[GET] /actuator/health,7.600000,0.000000,4,5,5,5,5,6,6,10,10,10,10,1942,0,4,4.4299477856906515,2.3102999984985217,64.0133999986574,49.0

1790042483,50,GET,[GET] /api/soporte/election/status,6.900000,0.000000,4,4,5,5,5,6,7,7,7,7,7,1983,0,4,3.957461371601014,2.0396999971126206,40.493599997716956,78.0

1790042483,50,GET,[GET] /api/soporte/tickets,13.700000,0.000000,6,7,7,7,8,9,15,15,34,34,34,3971,0,6,7.067270712685036,3.984100003435742,66.25879999774043,84567.0

1790042483,50,GET,[GET] /health,21.000000,0.000000,4,4,4,4,5,6,7,10,26,26,26,5966,0,4,3.8321771705810463,1.7915999997057952,43.428200006019324,83.9954743546765

1790042483,50,,Aggregated,49.200000,0.000000,4,5,6,6,7,8,10,15,34,34,34,13862,0,4,4.860590499167137,1.7915999997057952,66.25879999774043,24279.79411340355

1790042484,50,GET,[GET] /actuator/health,7.200000,0.000000,4,5,5,5,5,6,6,10,10,10,10,1948,0,4,4.427551899287254,2.3102999984985217,64.0133999986574,49.0

1790042484,50,GET,[GET] /api/soporte/election/status,7.100000,0.000000,4,4,5,5,5,6,7,7,7,7,7,1993,0,4,3.954634972352313,2.0396999971126206,40.493599997716956,78.0

1790042484,50,GET,[GET] /api/soporte/tickets,13.800000,0.000000,6,7,7,7,8,9,15,15,34,34,34,3976,0,6,7.065991675069237,3.984100003435742,66.25879999774043,84567.0

1790042484,50,GET,[GET] /health,20.600000,0.000000,4,4,4,4,5,6,7,10,26,26,26,5992,0,4,3.8301653203744306,1.7915999997057952,43.428200006019324,83.99549399198932

1790042484,50,,Aggregated,48.700000,0.000000,4,5,6,6,7,8,10,15,34,34,34,13909,0,4,4.856653397042821,1.7915999997057952,66.25879999774043,24228.3844273492

1790042485,50,GET,[GET] /actuator/health,7.200000,0.000000,4,5,5,5,5,6,8,10,10,10,10,1953,0,4,4.427419457152846,2.3102999984985217,64.0133999986574,49.0

1790042485,50,GET,[GET] /api/soporte/election/status,7.200000,0.000000,4,4,4,5,5,5,7,7,7,7,7,1997,0,4,3.953529293885431,2.0396999971126206,40.493599997716956,78.0

1790042485,50,GET,[GET] /api/soporte/tickets,13.600000,0.000000,6,7,7,7,8,8,13,15,15,15,15,3989,0,6,7.060709175249906,3.984100003435742,66.25879999774043,84567.0

1790042485,50,GET,[GET] /health,20.600000,0.000000,4,4,4,4,5,5,7,7,10,10,10,6020,0,4,3.8278242192133267,1.7915999997057952,43.428200006019324,83.99551495016611

1790042485,50,,Aggregated,48.600000,0.000000,4,5,5,6,7,7,8,11,15,15,15,13959,0,4,4.853543871297716,1.7915999997057952,66.25879999774043,24220.565871480765

1790042486,50,GET,[GET] /actuator/health,7.200000,0.000000,4,4,5,5,5,6,8,10,10,10,10,1961,0,4,4.42535145325293,2.3102999984985217,64.0133999986574,49.0

1790042486,50,GET,[GET] /api/soporte/election/status,7.600000,0.000000,4,4,4,5,5,5,7,7,7,7,7,2005,0,4,3.9518460348606146,2.0396999971126206,40.493599997716956,78.0

1790042486,50,GET,[GET] /api/soporte/tickets,13.000000,0.000000,6,7,7,7,8,9,13,15,15,15,15,4002,0,6,7.059228860587906,3.984100003435742,66.25879999774043,84567.0

1790042486,50,GET,[GET] /health,20.900000,0.000000,3,4,4,4,5,5,6,7,10,10,10,6041,0,4,3.825923423218052,1.7915999997057952,43.428200006019324,83.99553054130111

1790042486,50,,Aggregated,48.700000,0.000000,4,5,5,6,7,7,8,11,15,15,15,14009,0,4,4.851524220105474,1.7915999997057952,66.25879999774043,24212.793918195446

1790042487,50,GET,[GET] /actuator/health,6.800000,0.000000,4,4,5,5,5,6,8,10,10,10,10,1970,0,4,4.421435735947931,2.3102999984985217,64.0133999986574,49.0

1790042487,50,GET,[GET] /api/soporte/election/status,7.600000,0.000000,4,4,4,4,5,5,7,7,7,7,7,2013,0,4,3.948883209088947,2.0396999971126206,40.493599997716956,78.0

1790042487,50,GET,[GET] /api/soporte/tickets,13.200000,0.000000,6,7,7,7,8,9,13,15,15,15,15,4020,0,6,7.056097014946095,3.984100003435742,66.25879999774043,84567.0

1790042487,50,GET,[GET] /health,21.200000,0.000000,3,4,4,4,5,5,6,8,24,24,24,6056,0,4,3.8289331736573096,1.7915999997057952,43.428200006019324,83.99554161162483

1790042487,50,,Aggregated,48.800000,0.000000,4,5,5,6,7,8,9,11,24,24,24,14059,0,4,4.851899822139942,1.7915999997057952,66.25879999774043,24235.12063446902

1790042488,50,GET,[GET] /actuator/health,6.600000,0.000000,4,4,5,5,5,6,6,8,8,8,8,1976,0,4,4.418778188164099,2.3102999984985217,64.0133999986574,49.0

1790042488,50,GET,[GET] /api/soporte/election/status,7.700000,0.000000,4,4,4,4,5,5,7,7,7,7,7,2019,0,4,3.9483033184245446,2.0396999971126206,40.493599997716956,78.0

1790042488,50,GET,[GET] /api/soporte/tickets,12.300000,0.000000,6,7,7,7,8,10,15,15,34,34,34,4037,0,6,7.0624874411886305,3.984100003435742,66.25879999774043,84567.0

1790042488,50,GET,[GET] /health,21.700000,0.000000,3,4,4,4,5,6,7,8,24,24,24,6081,0,4,3.8299561584748893,1.7915999997057952,43.428200006019324,83.99555994079921

1790042488,50,,Aggregated,48.300000,0.000000,4,5,6,6,7,8,9,11,34,34,34,14113,0,4,4.853989605291272,1.7915999997057952,66.25879999774043,24244.45985970382

1790042489,50,GET,[GET] /actuator/health,6.700000,0.000000,4,4,4,5,5,6,6,8,8,8,8,1985,0,4,4.417275113255367,2.3102999984985217,64.0133999986574,49.0

1790042489,50,GET,[GET] /api/soporte/election/status,7.800000,0.000000,3,4,4,4,5,5,6,7,7,7,7,2028,0,4,3.9445264299275986,2.0396999971126206,40.493599997716956,78.0

1790042489,50,GET,[GET] /api/soporte/tickets,12.500000,0.000000,6,7,7,7,8,10,15,15,34,34,34,4051,0,6,7.059955220952413,3.984100003435742,66.25879999774043,84567.0

1790042489,50,GET,[GET] /health,21.300000,0.000000,3,4,4,4,5,6,7,8,24,24,24,6101,0,4,3.8286277331061735,1.7915999997057952,43.428200006019324,83.99557449598427

1790042489,50,,Aggregated,48.300000,0.000000,4,5,5,6,7,8,9,11,34,34,34,14165,0,4,4.851826833707311,1.7915999997057952,66.25879999774043,24239.239181080127

1790042490,50,GET,[GET] /actuator/health,6.800000,0.000000,4,4,5,5,5,6,6,8,8,8,8,1992,0,4,4.4157351906699525,2.3102999984985217,64.0133999986574,49.0

1790042490,50,GET,[GET] /api/soporte/election/status,7.100000,0.000000,3,4,4,4,5,5,6,7,7,7,7,2033,0,4,3.944513133251561,2.0396999971126206,40.493599997716956,78.0

1790042490,50,GET,[GET] /api/soporte/tickets,12.600000,0.000000,6,7,7,7,8,9,15,15,34,34,34,4069,0,6,7.056469353668749,3.984100003435742,66.25879999774043,84567.0

1790042490,50,GET,[GET] /health,21.800000,0.000000,3,4,4,4,5,5,7,8,24,24,24,6125,0,4,3.8267109713740455,1.7915999997057952,43.428200006019324,83.99559183673469

1790042490,50,,Aggregated,48.300000,0.000000,4,5,5,6,7,8,9,11,34,34,34,14219,0,4,4.850321274313182,1.7915999997057952,66.25879999774043,24254.43266052465

1790042491,50,GET,[GET] /actuator/health,6.600000,0.000000,4,4,4,5,5,6,6,8,8,8,8,1997,0,4,4.413900951332619,2.3102999984985217,64.0133999986574,49.0

1790042491,50,GET,[GET] /api/soporte/election/status,7.200000,0.000000,3,4,4,4,4,5,6,7,7,7,7,2041,0,4,3.9438450758958075,2.0396999971126206,40.493599997716956,78.0

1790042491,50,GET,[GET] /api/soporte/tickets,13.000000,0.000000,6,7,7,7,8,11,15,15,34,34,34,4082,0,6,7.056236991687526,3.984100003435742,66.25879999774043,84567.0

1790042491,50,GET,[GET] /health,22.300000,0.000000,3,4,4,4,5,5,7,8,24,24,24,6146,0,4,3.8242725023836988,1.7915999997057952,43.428200006019324,83.99560689879597

1790042491,50,,Aggregated,49.100000,0.000000,4,5,5,6,7,8,10,12,34,34,34,14266,0,4,4.848695233382397,1.7915999997057952,66.25879999774043,24251.77218561615

1790042492,50,GET,[GET] /actuator/health,7.000000,0.000000,4,4,4,5,5,5,6,8,8,8,8,2002,0,4,4.4124361637433545,2.3102999984985217,64.0133999986574,49.0

1790042492,50,GET,[GET] /api/soporte/election/status,7.200000,0.000000,3,4,4,4,5,5,6,7,7,7,7,2049,0,4,3.944341483611269,2.0396999971126206,40.493599997716956,78.0

1790042492,50,GET,[GET] /api/soporte/tickets,13.100000,0.000000,6,7,7,7,8,10,12,12,34,34,34,4099,0,6,7.056122078569608,3.984100003435742,66.25879999774043,84567.0

1790042492,50,GET,[GET] /health,22.300000,0.000000,3,4,4,4,5,5,6,7,24,24,24,6170,0,4,3.8229601296028397,1.7915999997057952,43.428200006019324,83.99562398703404

1790042492,50,,Aggregated,49.600000,0.000000,4,5,5,6,7,8,9,12,34,34,34,14320,0,4,4.8482095879497225,1.7915999997057952,66.25879999774043,24260.915223463686

1790042493,50,GET,[GET] /actuator/health,6.700000,0.000000,4,4,4,4,5,5,5,8,8,8,8,2006,0,4,4.410914805487402,2.3102999984985217,64.0133999986574,49.0

1790042493,50,GET,[GET] /api/soporte/election/status,7.400000,0.000000,3,4,4,4,5,5,6,10,10,10,10,2059,0,4,3.944304031036652,2.0396999971126206,40.493599997716956,78.0

1790042493,50,GET,[GET] /api/soporte/tickets,13.500000,0.000000,6,7,7,7,9,11,14,18,34,34,34,4113,0,6,7.059138998311804,3.984100003435742,66.25879999774043,84567.0

1790042493,50,GET,[GET] /health,21.700000,0.000000,3,4,4,4,5,5,6,7,24,24,24,6195,0,4,3.822966359910276,1.7915999997057952,43.428200006019324,83.9956416464891

1790042493,50,,Aggregated,49.300000,0.000000,4,5,5,6,7,8,10,12,34,34,34,14373,0,4,4.8484750851883955,1.7915999997057952,66.25879999774043,24254.040214290682

1790042494,50,GET,[GET] /actuator/health,7.000000,0.000000,4,4,4,4,5,5,7,8,8,8,8,2009,0,4,4.410874315488924,2.3102999984985217,64.0133999986574,49.0

1790042494,50,GET,[GET] /api/soporte/election/status,7.500000,0.000000,3,4,4,4,5,5,6,10,10,10,10,2069,0,4,3.94318047360713,2.0396999971126206,40.493599997716956,78.0

1790042494,50,GET,[GET] /api/soporte/tickets,13.100000,0.000000,6,7,7,7,9,10,14,18,34,34,34,4129,0,6,7.057908718833915,3.984100003435742,66.25879999774043,84567.0

1790042494,50,GET,[GET] /health,22.300000,0.000000,3,4,4,4,5,5,6,7,24,24,24,6214,0,4,3.8239293047373466,1.7915999997057952,43.428200006019324,83.99565497264243

1790042494,50,,Aggregated,49.900000,0.000000,4,5,6,6,7,8,10,12,34,34,34,14421,0,4,4.848754503807885,1.7915999997057952,66.25879999774043,24267.31259968102

1790042495,50,GET,[GET] /actuator/health,6.600000,0.000000,4,4,4,5,5,5,6,7,7,7,7,2012,0,4,4.412102982014385,2.3102999984985217,64.0133999986574,49.0

1790042495,50,GET,[GET] /api/soporte/election/status,7.400000,0.000000,3,4,4,4,5,6,6,10,10,10,10,2078,0,4,3.942767083689405,2.0396999971126206,40.493599997716956,78.0

1790042495,50,GET,[GET] /api/soporte/tickets,13.800000,0.000000,6,7,7,7,9,10,12,18,34,34,34,4143,0,6,7.05650282405025,3.984100003435742,66.25879999774043,84567.0

1790042495,50,GET,[GET] /health,22.700000,0.000000,3,4,4,4,5,5,6,7,24,24,24,6239,0,4,3.8236571565355755,1.7915999997057952,43.428200006019324,83.99567238339478

1790042495,50,,Aggregated,50.500000,0.000000,4,5,6,6,7,8,10,12,34,34,34,14472,0,4,4.848058969001186,1.7915999997057952,66.25879999774043,24263.806108347155

1790042496,50,GET,[GET] /actuator/health,6.300000,0.000000,4,4,4,5,5,5,6,7,7,7,7,2020,0,4,4.411147623660768,2.3102999984985217,64.0133999986574,49.0

1790042496,50,GET,[GET] /api/soporte/election/status,7.500000,0.000000,3,4,4,4,5,6,6,10,10,10,10,2084,0,4,3.9423239922808793,2.0396999971126206,40.493599997716956,78.0

1790042496,50,GET,[GET] /api/soporte/tickets,14.400000,0.000000,6,7,7,7,9,10,14,18,34,34,34,4155,0,6,7.0535217328637305,3.984100003435742,66.25879999774043,84567.0

1790042496,50,GET,[GET] /health,22.500000,0.000000,4,4,4,4,5,6,6,7,24,24,24,6262,0,4,3.8227603959765206,1.7915999997057952,43.428200006019324,83.99568827850527

1790042496,50,,Aggregated,50.700000,0.000000,4,5,6,6,7,8,10,12,34,34,34,14521,0,4,4.846210990934638,1.7915999997057952,66.25879999774043,24252.007299772744

1790042497,50,GET,[GET] /actuator/health,6.200000,0.000000,4,4,4,5,5,5,6,7,7,7,7,2023,0,4,4.410598961834756,2.3102999984985217,64.0133999986574,49.0

1790042497,50,GET,[GET] /api/soporte/election/status,7.800000,0.000000,3,4,4,5,5,6,6,10,10,10,10,2093,0,4,3.9426376970333674,2.0396999971126206,40.493599997716956,78.0

1790042497,50,GET,[GET] /api/soporte/tickets,15.100000,0.000000,6,7,7,7,9,10,14,18,34,34,34,4169,0,6,7.052935740001222,3.984100003435742,66.25879999774043,84567.0

1790042497,50,GET,[GET] /health,21.800000,0.000000,4,4,4,4,5,5,6,6,7,7,7,6283,0,4,3.822731656786833,1.7915999997057952,43.428200006019324,83.99570268979787

1790042497,50,,Aggregated,50.900000,0.000000,4,5,6,6,7,8,10,12,34,34,34,14568,0,4,4.845997700393967,1.7915999997057952,66.25879999774043,24255.21341295991

