Timestamp,User Count,Type,Name,Requests/s,Failures/s,50%,66%,75%,80%,90%,95%,98%,99%,99.9%,99.99%,100%,Total Request Count,Total Failure Count,Total Median Response Time,Total Average Response Time,Total Min Response Time,Total Max Response Time,Total Average Content Size
1790078867,0,,Aggregated,0.000000,0.000000,N/A,N/A,N/A,N/A,N/A,N/A,N/A,N/A,N/A,N/A,N/A,0,0,0,0.0,0,0,0
1790078868,5,GET,[GET] /api/soporte/election/status,0.000000,0.000000,0,0,0,0,0,0,0,0,0,0,0,2,0,38,38.05244999966817,37.78729999612551,38.31760000321083,78.0
1790078868,5,GET,[GET] /api/soporte/tickets,0.000000,0.000000,0,0,0,0,0,0,0,0,0,0,0,1,0,86.7436000116868,86.7436000116868,86.7436000116868,86.7436000116868,84651.0
1790078868,5,GET,[GET] /health,0.000000,0.000000,0,0,0,0,0,0,0,0,0,0,0,3,0,34,31.543800000993844,8.127799999783747,52.409600000828505,84.0
1790078868,5,,Aggregated,0.000000,0.000000,0,0,0,0,0,0,0,0,0,0,0,6,0,38,42.91331666900078,8.127799999783747,86.7436000116868,14176.5
1790078869,10,GET,[GET] /actuator/health,0.000000,0.000000,0,0,0,0,0,0,0,0,0,0,0,1,0,14.119299987214617,14.119299987214617,14.119299987214617,14.119299987214617,49.0
1790078869,10,GET,[GET] /api/soporte/election/status,0.000000,0.000000,4,4,4,4,4,4,4,4,4,4,4,3,0,38,26.746233333445463,4.133800001000054,38.31760000321083,78.0
1790078869,10,GET,[GET] /api/soporte/tickets,0.000000,0.000000,29,29,30,30,30,30,30,30,30,30,30,5,0,29,36.41443999949843,13.285300010466017,86.7436000116868,84651.0
1790078869,10,GET,[GET] /health,0.000000,0.000000,8,13,13,15,15,15,15,15,15,15,15,7,0,13,18.633142855833285,3.3928000048035756,52.409600000828505,84.0
1790078869,10,,Aggregated,0.000000,0.000000,13,15,24,24,29,30,30,30,30,30,30,16,0,15,25.42888749849226,3.3928000048035756,86.7436000116868,26507.875
1790078870,15,GET,[GET] /actuator/health,0.000000,0.000000,9,9,9,9,9,9,9,9,9,9,9,3,0,9,9.603599998323867,5.488500013598241,14.119299987214617,49.0
1790078870,15,GET,[GET] /api/soporte/election/status,2.000000,0.000000,4,4,16,16,16,16,16,16,16,16,16,5,0,16,19.968099999823608,3.8708000065525994,38.31760000321083,78.0
1790078870,15,GET,[GET] /api/soporte/tickets,1.000000,0.000000,18,24,29,29,30,30,30,30,30,30,30,9,0,18,26.76137777840874,12.72179999796208,86.7436000116868,84651.0
1790078870,15,GET,[GET] /health,2.000000,0.000000,4,11,11,13,15,16,16,16,16,16,16,19,0,6,11.221399999493244,2.889700001105666,52.409600000828505,84.0
1790078870,15,,Aggregated,5.000000,0.000000,11,13,15,15,18,29,30,30,30,30,30,36,0,13,16.18639722194833,2.889700001105666,86.7436000116868,21222.0
1790078871,25,GET,[GET] /actuator/health,0.500000,0.000000,5,5,5,5,9,9,9,9,9,9,9,7,0,5,6.663428569611694,4.088600006070919,14.119299987214617,49.0
1790078871,25,GET,[GET] /api/soporte/election/status,1.500000,0.000000,4,4,4,16,16,16,16,16,16,16,16,7,0,4,15.402671427831852,3.8708000065525994,38.31760000321083,78.0
1790078871,25,GET,[GET] /api/soporte/tickets,2.500000,0.000000,14,18,23,24,29,30,30,30,30,30,30,14,0,14,22.51267142855795,12.286000011954457,86.7436000116868,84651.0
1790078871,25,GET,[GET] /health,3.000000,0.000000,5,10,12,13,15,15,16,16,16,16,16,30,0,5,9.735959999185676,2.8718999965349212,52.409600000828505,84.0
1790078871,25,,Aggregated,7.500000,0.000000,8,13,14,15,16,24,29,30,30,30,30,58,0,10,13.133084482025629,2.8718999965349212,86.7436000116868,20491.775862068964
1790078872,30,GET,[GET] /actuator/health,0.666667,0.000000,5,5,5,9,30,30,30,30,30,30,30,10,0,5,8.443410000472795,3.428700001677498,30.28410000842996,49.0
1790078872,30,GET,[GET] /api/soporte/election/status,1.666667,0.000000,4,4,16,16,19,19,19,19,19,19,19,8,0,4,15.878087499004323,3.8708000065525994,38.31760000321083,78.0
1790078872,30,GET,[GET] /api/soporte/tickets,2.000000,0.000000,13,16,18,23,30,37,40,40,40,40,40,27,0,13,19.832818519380115,10.695100005250424,86.7436000116868,84651.0
1790078872,30,GET,[GET] /health,5.000000,0.000000,4,8,12,14,16,29,29,29,29,29,29,41,0,5,9.79065121947958,2.8718999965349212,52.409600000828505,84.0
1790078872,30,,Aggregated,9.333333,0.000000,11,13,14,15,23,29,37,40,40,40,40,86,0,11,13.353041860682424,2.8718999965349212,86.7436000116868,26629.476744186046
1790078873,35,GET,[GET] /actuator/health,1.250000,0.000000,4,5,5,5,9,30,30,30,30,30,30,14,0,4,7.049614286058516,3.08989999757614,30.28410000842996,49.0
1790078873,35,GET,[GET] /api/soporte/election/status,1.250000,0.000000,4,5,5,6,16,19,19,19,19,19,19,15,0,5,10.674759999771291,3.664899995783344,38.31760000321083,78.0
1790078873,35,GET,[GET] /api/soporte/tickets,3.000000,0.000000,14,20,24,26,36,40,44,44,44,44,44,36,0,14,20.90825555650453,10.695100005250424,86.7436000116868,84651.0
1790078873,35,GET,[GET] /health,6.000000,0.000000,4,5,11,11,15,20,29,29,29,29,29,54,0,4,8.491968518582224,2.8718999965349212,52.409600000828505,84.0
1790078873,35,,Aggregated,11.500000,0.000000,6,13,14,16,24,30,37,40,44,44,44,119,0,8,12.35360924402514,2.8718999965349212,86.7436000116868,25662.420168067227
1790078874,40,GET,[GET] /actuator/health,1.800000,0.000000,4,5,5,5,9,30,30,30,30,30,30,18,0,4,6.4530055557649275,3.08989999757614,30.28410000842996,49.0
1790078874,40,GET,[GET] /api/soporte/election/status,1.600000,0.000000,4,5,5,6,16,19,19,19,19,19,19,20,0,4,9.130919999006437,2.7406999870436266,38.31760000321083,78.0
1790078874,40,GET,[GET] /api/soporte/tickets,3.800000,0.000000,14,17,23,24,30,37,44,44,44,44,44,51,0,14,18.51431960833496,6.727499989210628,86.7436000116868,84651.0
1790078874,40,GET,[GET] /health,7.000000,0.000000,4,5,10,11,15,20,29,29,29,29,29,69,0,4,7.94116376820729,2.5015999999595806,52.409600000828505,84.0
1790078874,40,,Aggregated,14.200000,0.000000,5,13,14,15,23,29,36,40,44,44,44,158,0,6,11.335082911489136,2.5015999999595806,86.7436000116868,27376.196202531646
1790078875,45,GET,[GET] /actuator/health,2.000000,0.000000,4,5,5,5,6,9,30,30,30,30,30,28,0,4,5.689574999061214,3.08989999757614,30.28410000842996,49.0
1790078875,45,GET,[GET] /api/soporte/election/status,2.000000,0.000000,4,5,5,6,10,16,19,19,19,19,19,28,0,4,7.992099999682978,2.7406999870436266,38.31760000321083,78.0
1790078875,45,GET,[GET] /api/soporte/tickets,5.666667,0.000000,14,16,23,24,36,38,40,44,44,44,44,61,0,14,18.656383607046084,6.727499989210628,86.7436000116868,84651.0
1790078875,45,GET,[GET] /health,7.166667,0.000000,4,5,8,11,15,21,29,35,35,35,35,87,0,4,7.886817241415392,2.5015999999595806,52.409600000828505,84.0
1790078875,45,,Aggregated,16.833333,0.000000,5,12,13,15,23,30,37,40,44,44,44,204,0,5,10.819997058812683,2.5015999999595806,86.7436000116868,25365.563725490196
1790078876,50,GET,[GET] /actuator/health,2.428571,0.000000,4,5,5,6,9,30,38,38,38,38,38,36,0,4,6.845099999029319,3.08989999757614,37.67689999949653,49.0
1790078876,50,GET,[GET] /api/soporte/election/status,2.428571,0.000000,5,5,6,10,16,19,22,22,22,22,22,32,0,5,8.774071874540823,2.7406999870436266,38.31760000321083,78.0
1790078876,50,GET,[GET] /api/soporte/tickets,6.000000,0.000000,14,16,20,24,31,37,40,44,44,44,44,76,0,14,18.3648934212933,6.727499989210628,86.7436000116868,84651.0
1790078876,50,GET,[GET] /health,8.714286,0.000000,4,4,5,11,15,21,29,35,37,37,37,104,0,4,7.572001923108473,2.5015999999595806,52.409600000828505,84.0
1790078876,50,,Aggregated,19.571429,0.000000,5,13,14,15,23,30,37,38,44,44,44,248,0,5,10.92908870956425,2.5015999999595806,86.7436000116868,25993.83870967742
1790078877,50,GET,[GET] /actuator/health,2.375000,0.000000,4,5,5,6,9,18,38,38,38,38,38,44,0,4,6.7416886353881145,3.08989999757614,37.67689999949653,49.0
1790078877,50,GET,[GET] /api/soporte/election/status,2.625000,0.000000,4,5,6,9,15,19,22,22,22,22,22,37,0,4,8.142640540058522,2.7406999870436266,38.31760000321083,78.0
1790078877,50,GET,[GET] /api/soporte/tickets,6.875000,0.000000,14,16,18,23,30,37,44,87,87,87,87,92,0,14,18.670047826162772,6.727499989210628,86.7436000116868,84651.0
1790078877,50,GET,[GET] /health,9.875000,0.000000,4,4,5,11,16,29,35,37,51,51,51,126,0,4,7.94918571369231,2.5015999999595806,52.409600000828505,84.0
1790078877,50,,Aggregated,21.750000,0.000000,5,13,14,15,23,31,38,44,87,87,87,299,0,5,11.094159865790797,2.5015999999595806,86.7436000116868,26098.722408026755
1790078878,50,GET,[GET] /actuator/health,3.666667,0.000000,4,5,5,6,9,18,30,38,38,38,38,53,0,4,6.412137734411583,3.08989999757614,37.67689999949653,49.0
1790078878,50,GET,[GET] /api/soporte/election/status,3.333333,0.000000,5,5,6,6,15,19,22,22,22,22,22,39,0,5,7.987620512348934,2.7406999870436266,38.31760000321083,78.0
1790078878,50,GET,[GET] /api/soporte/tickets,7.444444,0.000000,14,16,18,22,27,37,40,44,87,87,87,110,0,14,18.3073800000288,6.727499989210628,86.7436000116868,84651.0
1790078878,50,GET,[GET] /health,10.555556,0.000000,4,4,5,6,15,29,35,37,51,51,51,143,0,4,7.502893006699355,2.5015999999595806,52.409600000828505,84.0
1790078878,50,,Aggregated,25.000000,0.000000,5,13,14,15,21,30,37,40,87,87,87,345,0,5,10.835031883671299,2.5015999999595806,86.7436000116868,27041.33623188406
1790078879,50,GET,[GET] /actuator/health,4.000000,0.000000,4,5,5,5,7,18,30,38,38,38,38,62,0,4,6.083348386211231,3.08989999757614,37.67689999949653,49.0
1790078879,50,GET,[GET] /api/soporte/election/status,3.400000,0.000000,4,5,6,6,15,19,23,23,23,23,23,46,0,4,7.830936956452206,2.7406999870436266,38.31760000321083,78.0
1790078879,50,GET,[GET] /api/soporte/tickets,8.300000,0.000000,14,16,18,20,27,37,40,44,87,87,87,115,0,14,18.08361304346877,6.727499989210628,86.7436000116868,84651.0
1790078879,50,GET,[GET] /health,11.400000,0.000000,4,4,5,5,13,29,35,37,51,51,51,169,0,4,6.9694384608242785,2.5015999999595806,52.409600000828505,84.0
1790078879,50,,Aggregated,27.100000,0.000000,5,11,13,15,20,29,37,40,87,87,87,392,0,5,10.190921683214565,2.5015999999595806,86.7436000116868,24886.956632653062
1790078880,50,GET,[GET] /actuator/health,4.700000,0.000000,4,5,5,5,8,17,30,38,38,38,38,72,0,4,5.888994443618382,3.08989999757614,37.67689999949653,49.0
1790078880,50,GET,[GET] /api/soporte/election/status,3.600000,0.000000,4,5,6,6,14,19,23,23,23,23,23,50,0,4,7.614908000105061,2.7406999870436266,38.31760000321083,78.0
1790078880,50,GET,[GET] /api/soporte/tickets,9.900000,0.000000,14,16,17,18,27,37,40,44,87,87,87,131,0,14,16.783286259622482,5.0780999881681055,86.7436000116868,84651.0
1790078880,50,GET,[GET] /health,13.400000,0.000000,4,4,5,5,11,21,35,37,51,51,51,189,0,4,6.757324867066927,2.5015999999595806,52.409600000828505,84.0
1790078880,50,,Aggregated,31.600000,0.000000,5,9,13,14,18,29,37,40,87,87,87,442,0,5,9.684384388760115,2.5015999999595806,86.7436000116868,25141.595022624435
1790078881,50,GET,[GET] /actuator/health,5.500000,0.000000,4,4,5,5,7,9,18,38,38,38,38,78,0,4,5.699815383801858,2.9316000000108033,37.67689999949653,49.0
1790078881,50,GET,[GET] /api/soporte/election/status,4.000000,0.000000,4,5,5,6,10,15,23,23,23,23,23,54,0,4,7.268335184899452,2.6646999904187396,38.31760000321083,78.0
1790078881,50,GET,[GET] /api/soporte/tickets,10.600000,0.000000,13,15,16,17,25,31,40,44,87,87,87,147,0,13,15.694842176697199,4.798900001333095,86.7436000116868,84651.0
1790078881,50,GET,[GET] /health,14.700000,0.000000,4,4,4,5,10,16,35,37,51,51,51,217,0,4,6.314076036230923,2.166100006434135,52.409600000828505,84.0
1790078881,50,,Aggregated,34.800000,0.000000,4,7,11,13,17,24,36,38,87,87,87,496,0,5,9.101556451124422,2.166100006434135,86.7436000116868,25141.046370967742
1790078882,50,GET,[GET] /actuator/health,6.600000,0.000000,4,4,5,5,6,9,18,38,38,38,38,87,0,4,5.518382757730867,2.9316000000108033,37.67689999949653,49.0
1790078882,50,GET,[GET] /api/soporte/election/status,4.300000,0.000000,4,5,5,6,9,15,22,23,23,23,23,63,0,4,6.819931745883965,2.358999990974553,38.31760000321083,78.0
1790078882,50,GET,[GET] /api/soporte/tickets,11.500000,0.000000,13,14,16,16,22,27,37,38,87,87,87,159,0,13,15.018920125765579,4.603299996233545,86.7436000116868,84651.0
1790078882,50,GET,[GET] /health,16.300000,0.000000,4,4,4,5,7,15,35,37,51,51,51,238,0,4,6.096605881618164,2.166100006434135,52.409600000828505,84.0
1790078882,50,,Aggregated,38.700000,0.000000,4,6,9,11,16,21,33,37,87,87,87,547,0,5,8.681454295676646,2.166100006434135,86.7436000116868,24659.374771480805
1790078883,50,GET,[GET] /actuator/health,7.100000,0.000000,4,4,5,5,6,9,18,38,38,38,38,94,0,4,5.438227658816415,2.9316000000108033,37.67689999949653,49.0
1790078883,50,GET,[GET] /api/soporte/election/status,4.700000,0.000000,4,5,5,6,9,15,22,23,23,23,23,70,0,4,6.507952857230391,2.358999990974553,38.31760000321083,78.0
1790078883,50,GET,[GET] /api/soporte/tickets,12.500000,0.000000,9,13,15,16,18,27,37,38,87,87,87,175,0,13,14.248785714236353,4.080700004124083,86.7436000116868,84651.0
1790078883,50,GET,[GET] /health,17.500000,0.000000,4,4,4,5,6,11,35,37,51,51,51,260,0,4,5.883839230283718,2.166100006434135,52.409600000828505,84.0
1790078883,50,,Aggregated,41.800000,0.000000,4,6,8,9,15,18,31,37,87,87,87,599,0,5,8.330694156594323,2.166100006434135,86.7436000116868,24784.358931552586
1790078884,50,GET,[GET] /actuator/health,7.100000,0.000000,4,5,5,5,6,9,18,38,38,38,38,107,0,4,5.337357943198669,2.9316000000108033,37.67689999949653,49.0
1790078884,50,GET,[GET] /api/soporte/election/status,4.900000,0.000000,4,5,5,6,7,15,22,23,23,23,23,74,0,4,6.426482432485696,2.358999990974553,38.31760000321083,78.0
1790078884,50,GET,[GET] /api/soporte/tickets,13.000000,0.000000,9,13,14,15,17,22,31,31,87,87,87,190,0,12,13.625145789410453,4.080700004124083,86.7436000116868,84651.0
1790078884,50,GET,[GET] /health,19.000000,0.000000,4,4,4,4,5,10,33,37,51,51,51,277,0,4,5.758684836943728,2.166100006434135,52.409600000828505,84.0
1790078884,50,,Aggregated,44.000000,0.000000,4,6,7,8,14,17,25,35,87,87,87,648,0,5,8.07189876504259,2.166100006434135,86.7436000116868,24873.41512345679
1790078885,50,GET,[GET] /actuator/health,7.600000,0.000000,4,5,5,5,6,8,9,18,18,18,18,112,0,4,5.338166070812024,2.9316000000108033,37.67689999949653,49.0
1790078885,50,GET,[GET] /api/soporte/election/status,5.500000,0.000000,4,4,5,5,6,9,22,23,23,23,23,81,0,4,6.2218654319071955,2.358999990974553,38.31760000321083,78.0
1790078885,50,GET,[GET] /api/soporte/tickets,13.000000,0.000000,8,11,13,14,16,22,31,31,87,87,87,206,0,11,13.127020873848204,4.080700004124083,86.7436000116868,84651.0
1790078885,50,GET,[GET] /health,20.300000,0.000000,4,4,4,4,6,7,13,33,51,51,51,303,0,4,5.60789867946855,2.166100006434135,52.409600000828505,84.0
1790078885,50,,Aggregated,46.400000,0.000000,4,6,6,7,13,16,22,31,87,87,87,702,0,5,7.842172791748049,2.166100006434135,86.7436000116868,24893.680911680913
1790078886,50,GET,[GET] /actuator/health,8.300000,0.000000,4,4,5,5,6,6,9,9,9,9,9,121,0,4,5.225136362700261,2.9316000000108033,37.67689999949653,49.0
1790078886,50,GET,[GET] /api/soporte/election/status,5.300000,0.000000,4,4,5,5,6,7,9,23,23,23,23,93,0,4,5.916097849358364,2.358999990974553,38.31760000321083,78.0
1790078886,50,GET,[GET] /api/soporte/tickets,13.900000,0.000000,7,9,11,13,15,18,31,32,87,87,87,216,0,11,13.001768518464544,4.080700004124083,86.7436000116868,84651.0
1790078886,50,GET,[GET] /health,20.500000,0.000000,4,4,4,4,6,7,11,33,51,51,51,321,0,4,5.509676323484447,2.166100006434135,52.409600000828505,84.0
1790078886,50,,Aggregated,48.000000,0.000000,4,6,6,7,9,13,20,32,87,87,87,751,0,4,7.669010252601742,2.166100006434135,86.7436000116868,24400.483355525965
1790078887,50,GET,[GET] /actuator/health,8.800000,0.000000,4,4,5,5,6,6,9,9,9,9,9,123,0,4,5.209671543784273,2.9316000000108033,37.67689999949653,49.0
1790078887,50,GET,[GET] /api/soporte/election/status,5.400000,0.000000,4,4,4,5,5,7,9,23,23,23,23,101,0,4,5.720769307180769,2.358999990974553,38.31760000321083,78.0
1790078887,50,GET,[GET] /api/soporte/tickets,14.100000,0.000000,7,8,8,9,13,17,25,32,32,32,32,230,0,9,12.796145651942505,4.080700004124083,86.7436000116868,84651.0
1790078887,50,GET,[GET] /health,20.400000,0.000000,4,4,4,4,5,6,9,10,11,11,11,344,0,4,5.365211918192366,2.166100006434135,52.409600000828505,84.0
1790078887,50,,Aggregated,48.700000,0.000000,4,5,6,6,8,11,16,22,32,32,32,798,0,4,7.52798709237553,2.166100006434135,86.7436000116868,24451.793233082706
1790078888,50,GET,[GET] /actuator/health,8.300000,0.000000,4,5,5,5,6,6,8,9,9,9,9,129,0,4,5.20400852623735,2.9316000000108033,37.67689999949653,49.0
1790078888,50,GET,[GET] /api/soporte/election/status,5.300000,0.000000,4,4,4,4,5,6,7,9,9,9,9,105,0,4,5.650140000146902,2.358999990974553,38.31760000321083,78.0
1790078888,50,GET,[GET] /api/soporte/tickets,14.000000,0.000000,7,7,8,8,9,14,31,32,32,32,32,245,0,9,12.56177918355893,4.080700004124083,86.7436000116868,84651.0
1790078888,50,GET,[GET] /health,21.500000,0.000000,4,4,4,4,5,6,7,9,11,11,11,371,0,4,5.300067115668898,2.166100006434135,52.409600000828505,84.0
1790078888,50,,Aggregated,49.100000,0.000000,4,5,6,6,8,9,11,18,32,32,32,850,0,4,7.421814823276637,2.166100006434135,86.7436000116868,24453.141176470588
1790078889,50,GET,[GET] /actuator/health,8.100000,0.000000,4,4,5,5,6,6,6,8,8,8,8,139,0,4,5.115534531613377,2.9316000000108033,37.67689999949653,49.0
1790078889,50,GET,[GET] /api/soporte/election/status,6.500000,0.000000,4,4,4,4,5,7,7,9,9,9,9,108,0,4,5.60445277787275,2.358999990974553,38.31760000321083,78.0
1790078889,50,GET,[GET] /api/soporte/tickets,14.000000,0.000000,7,7,8,8,9,13,31,32,32,32,32,260,0,9,12.25336269215824,4.080700004124083,86.7436000116868,84651.0
1790078889,50,GET,[GET] /health,21.400000,0.000000,4,4,4,4,5,6,7,9,11,11,11,391,0,4,5.206196930843329,2.166100006434135,52.409600000828505,84.0
1790078889,50,,Aggregated,50.000000,0.000000,4,5,6,6,7,8,11,16,32,32,32,898,0,4,7.280442650139644,2.166100006434135,86.7436000116868,24562.738307349668
1790078890,50,GET,[GET] /actuator/health,7.800000,0.000000,4,5,5,5,6,6,7,8,8,8,8,148,0,4,5.052652026426733,2.9316000000108033,37.67689999949653,49.0
1790078890,50,GET,[GET] /api/soporte/election/status,6.400000,0.000000,4,4,4,4,5,6,7,7,7,7,7,116,0,4,5.480591379354933,2.358999990974553,38.31760000321083,78.0
1790078890,50,GET,[GET] /api/soporte/tickets,13.600000,0.000000,7,7,7,8,9,13,31,32,32,32,32,274,0,8,11.925402919427887,4.080700004124083,86.7436000116868,84651.0
1790078890,50,GET,[GET] /health,21.600000,0.000000,4,4,4,4,5,6,7,7,7,7,7,413,0,4,5.129417917619574,2.166100006434135,52.409600000828505,84.0
1790078890,50,,Aggregated,49.400000,0.000000,4,5,6,6,7,8,11,16,32,32,32,951,0,4,7.118350262688174,2.166100006434135,86.7436000116868,24443.07676130389
1790078891,50,GET,[GET] /actuator/health,7.700000,0.000000,4,4,5,5,6,6,7,8,8,8,8,155,0,4,4.993930321952869,2.9316000000108033,37.67689999949653,49.0
1790078891,50,GET,[GET] /api/soporte/election/status,6.200000,0.000000,4,4,4,4,5,5,6,7,7,7,7,120,0,4,5.389901666664325,2.2321999858831987,38.31760000321083,78.0
1790078891,50,GET,[GET] /api/soporte/tickets,14.000000,0.000000,6,7,7,8,9,13,31,32,32,32,32,289,0,8,11.615995847457732,4.080700004124083,86.7436000116868,84651.0
1790078891,50,GET,[GET] /health,22.500000,0.000000,4,4,4,4,5,6,7,7,7,7,7,431,0,4,5.064039675024848,2.166100006434135,52.409600000828505,84.0
1790078891,50,,Aggregated,50.400000,0.000000,4,5,6,6,7,8,11,16,32,32,32,995,0,4,6.995448542465737,2.166100006434135,86.7436000116868,24640.50050251256
1790078892,50,GET,[GET] /actuator/health,7.300000,0.000000,4,4,5,5,6,7,8,10,10,10,10,166,0,4,4.965310842580728,2.9316000000108033,37.67689999949653,49.0
1790078892,50,GET,[GET] /api/soporte/election/status,6.200000,0.000000,4,4,4,4,5,5,6,7,7,7,7,122,0,4,5.362702459053969,2.2321999858831987,38.31760000321083,78.0
1790078892,50,GET,[GET] /api/soporte/tickets,14.600000,0.000000,6,7,7,8,9,13,31,32,32,32,32,300,0,8,11.450404333008919,4.080700004124083,86.7436000116868,84651.0
1790078892,50,GET,[GET] /health,22.000000,0.000000,4,4,4,4,5,6,7,9,10,10,10,459,0,4,5.0011917210411285,2.166100006434135,52.409600000828505,84.0
1790078892,50,,Aggregated,50.100000,0.000000,4,5,6,6,7,8,11,16,32,32,32,1047,0,4,6.885539254759827,2.166100006434135,86.7436000116868,24308.98376313276
1790078893,50,GET,[GET] /actuator/health,7.500000,0.000000,4,4,5,5,6,7,8,10,10,10,10,178,0,4,4.883516291198922,2.595199999632314,37.67689999949653,49.0
1790078893,50,GET,[GET] /api/soporte/election/status,6.400000,0.000000,4,4,4,4,5,5,6,7,7,7,7,130,0,4,5.231575384543528,2.2321999858831987,38.31760000321083,78.0
1790078893,50,GET,[GET] /api/soporte/tickets,13.900000,0.000000,7,7,7,8,9,13,31,32,32,32,32,311,0,8,11.263935047887204,4.080700004124083,86.7436000116868,84651.0
1790078893,50,GET,[GET] /health,22.100000,0.000000,4,4,4,4,5,6,7,9,10,10,10,473,0,4,4.949385412202274,2.166100006434135,52.409600000828505,84.0
1790078893,50,,Aggregated,49.900000,0.000000,4,5,6,6,7,8,11,16,32,32,32,1092,0,4,6.770617032681925,2.166100006434135,86.7436000116868,24162.13827838828
1790078894,50,GET,[GET] /actuator/health,8.200000,0.000000,4,4,5,5,6,7,8,10,10,10,10,182,0,4,4.870806043042679,2.595199999632314,37.67689999949653,49.0
1790078894,50,GET,[GET] /api/soporte/election/status,6.400000,0.000000,4,4,4,4,4,5,5,6,6,6,6,139,0,4,5.139193525026961,2.2321999858831987,38.31760000321083,78.0
1790078894,50,GET,[GET] /api/soporte/tickets,14.400000,0.000000,6,7,7,7,9,13,31,32,32,32,32,324,0,7,11.052980246600827,4.080700004124083,86.7436000116868,84651.0
1790078894,50,GET,[GET] /health,21.700000,0.000000,4,4,4,4,5,6,7,9,10,10,10,500,0,4,4.870874399901368,2.166100006434135,52.409600000828505,84.0
1790078894,50,,Aggregated,50.700000,0.000000,4,5,6,6,7,8,11,16,32,32,32,1145,0,4,6.6527837551632025,2.166100006434135,86.7436000116868,24007.58427947598
1790078895,50,GET,[GET] /actuator/health,8.200000,0.000000,4,4,5,5,5,7,8,10,10,10,10,189,0,4,4.845248676405939,2.595199999632314,37.67689999949653,49.0
1790078895,50,GET,[GET] /api/soporte/election/status,5.800000,0.000000,4,4,4,4,5,5,6,7,7,7,7,143,0,4,5.118722377558258,2.2321999858831987,38.31760000321083,78.0
1790078895,50,GET,[GET] /api/soporte/tickets,14.000000,0.000000,6,7,7,7,9,16,31,32,32,32,32,339,0,7,10.897897049837201,4.080700004124083,86.7436000116868,84651.0
1790078895,50,GET,[GET] /health,22.000000,0.000000,4,4,4,4,5,6,7,9,10,10,10,519,0,4,4.826714450761277,2.0132999925408512,52.409600000828505,84.0
1790078895,50,,Aggregated,50.000000,0.000000,4,5,6,6,7,8,11,17,32,32,32,1190,0,4,6.594269915690309,2.0132999925408512,86.7436000116868,24168.655462184874
1790078896,50,GET,[GET] /actuator/health,8.000000,0.000000,4,4,5,5,5,7,8,10,10,10,10,196,0,4,4.823651019622196,2.595199999632314,37.67689999949653,49.0
1790078896,50,GET,[GET] /api/soporte/election/status,6.200000,0.000000,3,4,4,4,5,5,6,7,7,7,7,151,0,4,5.040831125780033,2.2321999858831987,38.31760000321083,78.0
1790078896,50,GET,[GET] /api/soporte/tickets,13.500000,0.000000,6,7,7,8,8,10,17,31,32,32,32,358,0,7,10.693878770721998,4.080700004124083,86.7436000116868,84651.0
1790078896,50,GET,[GET] /health,21.800000,0.000000,4,4,4,4,5,6,7,9,10,10,10,537,0,4,4.781875046427722,2.0132999925408512,52.409600000828505,84.0
1790078896,50,,Aggregated,49.500000,0.000000,4,5,6,6,7,8,10,16,32,32,32,1242,0,4,6.524055233243879,2.0132999925408512,86.7436000116868,24453.742351046698
1790078897,50,GET,[GET] /actuator/health,7.600000,0.000000,4,4,5,5,6,7,8,10,10,10,10,202,0,4,4.822083167448792,2.595199999632314,37.67689999949653,49.0
1790078897,50,GET,[GET] /api/soporte/election/status,6.600000,0.000000,4,4,4,4,5,6,6,7,7,7,7,160,0,4,5.001323750002484,2.2321999858831987,38.31760000321083,78.0
1790078897,50,GET,[GET] /api/soporte/tickets,13.200000,0.000000,6,7,7,8,9,10,17,21,31,31,31,376,0,7,10.547834574297552,4.080700004124083,86.7436000116868,84651.0
1790078897,50,GET,[GET] /health,22.200000,0.000000,4,4,4,4,5,6,7,9,10,10,10,557,0,4,4.766243626415826,2.0132999925408512,52.409600000828505,84.0
1790078897,50,,Aggregated,49.600000,0.000000,4,5,6,6,7,8,10,16,31,31,31,1295,0,4,6.482668802837489,2.0132999925408512,86.7436000116868,24631.615444015442
1790078898,50,GET,[GET] /actuator/health,7.600000,0.000000,4,4,5,5,5,6,7,10,10,10,10,206,0,4,4.815800484632667,2.595199999632314,37.67689999949653,49.0
1790078898,50,GET,[GET] /api/soporte/election/status,6.400000,0.000000,4,4,4,5,5,6,7,12,12,12,12,166,0,4,5.055075301122515,2.2321999858831987,38.31760000321083,78.0
1790078898,50,GET,[GET] /api/soporte/tickets,14.100000,0.000000,6,7,7,8,9,10,16,17,21,21,21,391,0,7,10.452154731360691,4.080700004124083,86.7436000116868,84651.0
1790078898,50,GET,[GET] /health,21.400000,0.000000,4,4,4,4,5,7,10,11,11,11,11,586,0,4,4.802220648287918,2.0132999925408512,52.409600000828505,84.0
1790078898,50,,Aggregated,49.500000,0.000000,4,5,6,6,7,9,10,13,21,21,21,1349,0,4,6.473010526078144,2.0132999925408512,86.7436000116868,24589.182357301706
1790078899,50,GET,[GET] /actuator/health,7.600000,0.000000,4,5,5,5,6,6,7,10,10,10,10,214,0,4,4.811802335659033,2.595199999632314,37.67689999949653,49.0
1790078899,50,GET,[GET] /api/soporte/election/status,5.400000,0.000000,4,4,4,5,5,6,7,12,12,12,12,173,0,4,5.002452023149027,2.2321999858831987,38.31760000321083,78.0
1790078899,50,GET,[GET] /api/soporte/tickets,14.000000,0.000000,6,7,7,8,9,10,16,17,21,21,21,401,0,7,10.36774713208259,4.080700004124083,86.7436000116868,84651.0
1790078899,50,GET,[GET] /health,21.600000,0.000000,4,4,4,5,5,8,10,11,11,11,11,612,0,4,4.769836110961692,2.0132999925408512,52.409600000828505,84.0
1790078899,50,,Aggregated,48.600000,0.000000,4,5,6,6,7,9,10,13,21,21,21,1400,0,4,6.408397285506778,2.0132999925408512,86.7436000116868,24300.31357142857
1790078900,50,GET,[GET] /actuator/health,7.800000,0.000000,4,5,5,5,6,6,7,10,10,10,10,219,0,4,4.799688583772553,2.595199999632314,37.67689999949653,49.0
1790078900,50,GET,[GET] /api/soporte/election/status,5.800000,0.000000,4,4,4,5,5,6,7,12,12,12,12,179,0,4,4.953970391138759,2.2321999858831987,38.31760000321083,78.0
1790078900,50,GET,[GET] /api/soporte/tickets,14.400000,0.000000,6,7,7,8,9,10,16,17,21,21,21,417,0,7,10.22884892082714,4.080700004124083,86.7436000116868,84651.0
1790078900,50,GET,[GET] /health,20.900000,0.000000,4,4,4,5,5,8,10,11,11,11,11,632,0,4,4.738505221384797,2.0132999925408512,52.409600000828505,84.0
1790078900,50,,Aggregated,48.900000,0.000000,4,5,6,6,7,9,10,13,21,21,21,1447,0,4,6.356639806330432,2.0132999925408512,86.7436000116868,24448.685556323428
1790078901,50,GET,[GET] /actuator/health,7.500000,0.000000,4,5,5,5,6,6,6,6,6,6,6,225,0,4,4.796523554832675,2.595199999632314,37.67689999949653,49.0
1790078901,50,GET,[GET] /api/soporte/election/status,6.300000,0.000000,4,4,4,5,5,6,7,12,12,12,12,183,0,4,4.930215846932279,2.2321999858831987,38.31760000321083,78.0
1790078901,50,GET,[GET] /api/soporte/tickets,14.400000,0.000000,6,7,7,8,9,10,16,17,21,21,21,432,0,7,10.09416157406425,4.080700004124083,86.7436000116868,84651.0
1790078901,50,GET,[GET] /health,21.500000,0.000000,4,4,4,5,5,6,10,11,11,11,11,656,0,4,4.6959493900475335,2.0132999925408512,52.409600000828505,84.0
1790078901,50,,Aggregated,49.700000,0.000000,4,5,6,6,7,8,10,13,21,21,21,1496,0,4,6.298574799259958,2.0132999925408512,86.7436000116868,24498.41911764706
1790078902,50,GET,[GET] /actuator/health,7.500000,0.000000,4,5,5,5,6,6,6,6,6,6,6,234,0,4,4.749298289853037,2.5520000053802505,37.67689999949653,49.0
1790078902,50,GET,[GET] /api/soporte/election/status,6.400000,0.000000,4,4,4,5,5,6,7,12,12,12,12,193,0,4,4.853162694049256,2.2321999858831987,38.31760000321083,78.0
1790078902,50,GET,[GET] /api/soporte/tickets,14.000000,0.000000,7,7,8,8,9,10,17,21,25,25,25,449,0,7,10.023799331845531,4.080700004124083,86.7436000116868,84651.0
1790078902,50,GET,[GET] /health,21.700000,0.000000,4,4,4,5,5,6,10,11,11,11,11,669,0,4,4.6722375185184335,2.0132999925408512,52.409600000828505,84.0
1790078902,50,,Aggregated,49.600000,0.000000,4,5,6,6,8,9,11,14,25,25,25,1545,0,4,6.261753397841161,2.0132999925408512,86.7436000116868,24654.3786407767
1790078903,50,GET,[GET] /actuator/health,6.900000,0.000000,4,5,5,5,6,6,6,6,6,6,6,241,0,4,4.748127385186557,2.5520000053802505,37.67689999949653,49.0
1790078903,50,GET,[GET] /api/soporte/election/status,6.300000,0.000000,4,4,4,5,5,6,7,12,12,12,12,198,0,4,4.828850504844637,2.2321999858831987,38.31760000321083,78.0
1790078903,50,GET,[GET] /api/soporte/tickets,14.600000,0.000000,7,7,8,8,9,13,21,25,29,29,29,459,0,7,10.023143355128981,4.080700004124083,86.7436000116868,84651.0
1790078903,50,GET,[GET] /health,21.500000,0.000000,4,4,4,5,5,7,11,11,26,26,26,694,0,4,4.675490489766848,2.0132999925408512,52.409600000828505,84.0
1790078903,50,,Aggregated,49.300000,0.000000,4,5,6,6,8,9,13,17,29,29,29,1592,0,4,6.2473770726705995,2.0132999925408512,86.7436000116868,24460.023869346733
1790078904,50,GET,[GET] /actuator/health,6.400000,0.000000,4,5,5,5,6,6,6,8,8,8,8,251,0,4,4.736249800133741,2.5520000053802505,37.67689999949653,49.0
1790078904,50,GET,[GET] /api/soporte/election/status,6.300000,0.000000,4,4,4,5,5,6,6,12,12,12,12,203,0,4,4.807019704225097,2.2321999858831987,38.31760000321083,78.0
1790078904,50,GET,[GET] /api/soporte/tickets,14.400000,0.000000,7,7,8,8,9,13,21,25,29,29,29,477,0,7,9.90061299792155,4.080700004124083,86.7436000116868,84651.0
1790078904,50,GET,[GET] /health,21.700000,0.000000,4,4,4,5,5,7,11,11,26,26,26,715,0,4,4.646425314534169,2.0132999925408512,52.409600000828505,84.0
1790078904,50,,Aggregated,48.800000,0.000000,5,6,6,6,8,9,13,17,29,29,29,1646,0,4,6.202557836993788,2.0132999925408512,86.7436000116868,24584.884568651276
1790078905,50,GET,[GET] /actuator/health,6.500000,0.000000,4,5,5,6,6,6,8,8,8,8,8,262,0,4,4.725922900052094,2.5520000053802505,37.67689999949653,49.0
1790078905,50,GET,[GET] /api/soporte/election/status,6.900000,0.000000,4,4,4,5,5,6,6,12,12,12,12,205,0,4,4.7974492680911744,2.2321999858831987,38.31760000321083,78.0
1790078905,50,GET,[GET] /api/soporte/tickets,14.700000,0.000000,7,7,8,8,9,10,21,25,29,29,29,487,0,7,9.84242423006058,4.080700004124083,86.7436000116868,84651.0
1790078905,50,GET,[GET] /health,20.800000,0.000000,4,4,4,5,6,7,11,11,26,26,26,741,0,4,4.616479352076523,2.0132999925408512,52.409600000828505,84.0
1790078905,50,,Aggregated,48.900000,0.000000,4,6,6,6,8,9,11,15,29,29,29,1695,0,4,6.156779173864629,2.0132999925408512,86.7436000116868,24375.285545722712
1790078906,50,GET,[GET] /actuator/health,6.200000,0.000000,4,5,5,6,6,6,8,8,8,8,8,268,0,4,4.723773879905183,2.5520000053802505,37.67689999949653,49.0
1790078906,50,GET,[GET] /api/soporte/election/status,6.600000,0.000000,4,4,4,5,5,6,6,12,12,12,12,210,0,4,4.777703333127734,2.2321999858831987,38.31760000321083,78.0
1790078906,50,GET,[GET] /api/soporte/tickets,14.500000,0.000000,7,7,8,8,9,12,21,25,29,29,29,502,0,7,9.779966334810952,4.080700004124083,86.7436000116868,84651.0
1790078906,50,GET,[GET] /health,21.500000,0.000000,4,4,4,5,6,7,11,11,26,26,26,764,0,4,4.596762696179136,2.0132999925408512,52.409600000828505,84.0
1790078906,50,,Aggregated,48.800000,0.000000,4,6,6,6,8,9,12,15,29,29,29,1744,0,4,6.130022304889548,2.0132999925408512,86.7436000116868,24420.005733944956
1790078907,50,GET,[GET] /actuator/health,7.100000,0.000000,4,5,5,6,6,6,8,8,8,8,8,275,0,4,4.728582544855519,2.5520000053802505,37.67689999949653,49.0
1790078907,50,GET,[GET] /api/soporte/election/status,6.300000,0.000000,4,4,4,5,5,5,6,12,12,12,12,222,0,4,4.723958558413968,2.2321999858831987,38.31760000321083,78.0
1790078907,50,GET,[GET] /api/soporte/tickets,15.000000,0.000000,7,7,8,8,9,10,15,25,29,29,29,512,0,7,9.7334849611741,4.080700004124083,86.7436000116868,84651.0
1790078907,50,GET,[GET] /health,21.500000,0.000000,4,4,4,5,5,7,11,11,26,26,26,791,0,4,4.568740707819495,2.0132999925408512,52.409600000828505,84.0
1790078907,50,,Aggregated,49.900000,0.000000,4,5,6,6,8,9,11,14,29,29,29,1800,0,4,6.081387333227515,2.0132999925408512,86.7436000116868,24132.52611111111
1790078908,50,GET,[GET] /actuator/health,7.200000,0.000000,4,5,5,6,6,6,8,8,8,8,8,281,0,4,4.7112170812339125,2.5520000053802505,37.67689999949653,49.0
1790078908,50,GET,[GET] /api/soporte/election/status,6.200000,0.000000,4,4,4,4,5,5,6,6,6,6,6,227,0,4,4.720965198149888,2.2321999858831987,38.31760000321083,78.0
1790078908,50,GET,[GET] /api/soporte/tickets,13.900000,0.000000,7,8,8,8,9,10,15,25,29,29,29,532,0,7,9.660301503962339,4.080700004124083,86.7436000116868,84651.0
1790078908,50,GET,[GET] /health,22.500000,0.000000,4,4,4,4,5,6,7,9,26,26,26,810,0,4,4.562093209698768,2.0132999925408512,52.409600000828505,84.0
1790078908,50,,Aggregated,49.800000,0.000000,4,5,6,6,8,8,10,15,29,29,29,1850,0,4,6.070317297173362,2.0132999925408512,86.7436000116868,24396.674054054052
1790078909,50,GET,[GET] /actuator/health,7.400000,0.000000,4,5,5,5,6,6,8,8,8,8,8,289,0,4,4.690162283122688,2.5520000053802505,37.67689999949653,49.0
1790078909,50,GET,[GET] /api/soporte/election/status,6.200000,0.000000,4,4,4,4,5,5,6,6,6,6,6,230,0,4,4.707889999933642,2.2321999858831987,38.31760000321083,78.0
1790078909,50,GET,[GET] /api/soporte/tickets,14.000000,0.000000,7,8,8,8,9,10,15,25,29,29,29,547,0,7,9.581782267084371,4.04839999100659,86.7436000116868,84651.0
1790078909,50,GET,[GET] /health,22.800000,0.000000,4,4,4,4,5,6,6,9,26,26,26,833,0,4,4.536049819778788,2.0132999925408512,52.409600000828505,84.0
1790078909,50,,Aggregated,50.400000,0.000000,4,5,6,6,8,8,10,15,29,29,29,1899,0,4,6.0337209056229995,2.0132999925408512,86.7436000116868,24437.1616640337
1790078910,50,GET,[GET] /actuator/health,7.400000,0.000000,4,5,5,5,6,6,8,8,8,8,8,299,0,4,4.658794648395181,2.5520000053802505,37.67689999949653,49.0
1790078910,50,GET,[GET] /api/soporte/election/status,6.300000,0.000000,4,4,4,4,5,5,6,6,6,6,6,237,0,4,4.672449789039952,2.2321999858831987,38.31760000321083,78.0
1790078910,50,GET,[GET] /api/soporte/tickets,13.600000,0.000000,7,8,8,8,10,11,19,25,29,29,29,564,0,7,9.538295212900886,4.04839999100659,86.7436000116868,84651.0
1790078910,50,GET,[GET] /health,23.000000,0.000000,4,4,4,5,5,6,6,9,26,26,26,852,0,4,4.520133920056263,2.0132999925408512,52.409600000828505,84.0
1790078910,50,,Aggregated,50.300000,0.000000,4,5,6,6,8,9,11,15,29,29,29,1952,0,4,6.009786270408126,2.0132999925408512,86.7436000116868,24512.227971311477
1790078911,50,GET,[GET] /actuator/health,7.400000,0.000000,4,4,5,5,6,6,8,8,8,8,8,309,0,4,4.634161488247981,2.5520000053802505,37.67689999949653,49.0
1790078911,50,GET,[GET] /api/soporte/election/status,5.900000,0.000000,4,4,4,4,5,5,6,6,6,6,6,246,0,4,4.648805284487913,2.2321999858831987,38.31760000321083,78.0
1790078911,50,GET,[GET] /api/soporte/tickets,14.000000,0.000000,7,8,8,8,9,11,15,19,29,29,29,581,0,7,9.452291738521227,4.04839999100659,86.7436000116868,84651.0
1790078911,50,GET,[GET] /health,22.000000,0.000000,4,4,4,5,5,6,6,9,26,26,26,864,0,4,4.509866319309636,2.0132999925408512,52.409600000828505,84.0
1790078911,50,,Aggregated,49.300000,0.000000,4,5,6,6,8,9,11,15,29,29,29,2000,0,4,5.981933999908506,2.0132999925408512,86.7436000116868,24644.568
1790078912,50,GET,[GET] /actuator/health,7.800000,0.000000,4,4,5,5,6,6,8,8,8,8,8,312,0,4,4.6275320509243425,2.5520000053802505,37.67689999949653,49.0
1790078912,50,GET,[GET] /api/soporte/election/status,5.600000,0.000000,4,4,4,5,5,6,6,6,6,6,6,254,0,4,4.632001968389872,2.2321999858831987,38.31760000321083,78.0
1790078912,50,GET,[GET] /api/soporte/tickets,14.100000,0.000000,7,8,8,8,10,12,19,29,33,33,33,594,0,7,9.441541245881185,4.04839999100659,86.7436000116868,84651.0
1790078912,50,GET,[GET] /health,22.300000,0.000000,4,4,4,4,5,6,6,9,26,26,26,895,0,4,4.48368335187932,2.0132999925408512,52.409600000828505,84.0
1790078912,50,,Aggregated,49.800000,0.000000,4,5,6,6,8,8,11,15,33,33,33,2055,0,4,5.956929732284593,2.0132999925408512,86.7436000116868,24522.128467153285
1790078913,50,GET,[GET] /actuator/health,8.100000,0.000000,4,4,5,5,6,6,8,8,8,8,8,319,0,4,4.629750469880876,2.5520000053802505,37.67689999949653,49.0
1790078913,50,GET,[GET] /api/soporte/election/status,5.900000,0.000000,4,4,4,5,5,5,6,6,6,6,6,260,0,4,4.6236561537975485,2.2321999858831987,38.31760000321083,78.0
1790078913,50,GET,[GET] /api/soporte/tickets,14.200000,0.000000,7,7,8,8,9,10,15,19,33,33,33,608,0,7,9.387763651423148,4.04839999100659,86.7436000116868,84651.0
1790078913,50,GET,[GET] /health,22.000000,0.000000,4,4,4,4,5,6,6,6,9,9,9,918,0,4,4.470431699271315,2.0132999925408512,52.409600000828505,84.0
1790078913,50,,Aggregated,50.200000,0.000000,4,5,6,6,8,8,10,12,33,33,33,2105,0,4,5.933804085451641,2.0132999925408512,86.7436000116868,24503.957719714963
1790078914,50,GET,[GET] /actuator/health,8.400000,0.000000,4,4,5,5,5,6,7,8,8,8,8,328,0,4,4.611530792361719,2.5520000053802505,37.67689999949653,49.0
1790078914,50,GET,[GET] /api/soporte/election/status,6.200000,0.000000,4,4,5,5,5,6,6,6,6,6,6,267,0,4,4.611350936367794,2.2321999858831987,38.31760000321083,78.0
1790078914,50,GET,[GET] /api/soporte/tickets,14.600000,0.000000,7,8,8,8,9,11,19,29,33,33,33,627,0,7,9.345777671584752,4.04839999100659,86.7436000116868,84651.0
1790078914,50,GET,[GET] /health,20.800000,0.000000,4,4,4,4,5,5,6,6,9,9,9,934,0,4,4.456941220471616,2.0132999925408512,52.409600000828505,84.0
1790078914,50,,Aggregated,50.000000,0.000000,4,5,6,7,8,8,10,15,33,33,33,2156,0,4,5.921335111275034,2.0132999925408512,86.7436000116868,24671.396567717995
1790078915,50,GET,[GET] /actuator/health,7.800000,0.000000,4,4,5,5,5,6,6,7,7,7,7,336,0,4,4.603253571033184,2.5520000053802505,37.67689999949653,49.0
1790078915,50,GET,[GET] /api/soporte/election/status,6.000000,0.000000,4,4,5,5,5,6,6,6,6,6,6,272,0,4,4.597783088309584,2.2321999858831987,38.31760000321083,78.0
1790078915,50,GET,[GET] /api/soporte/tickets,14.300000,0.000000,7,7,8,8,9,11,15,29,33,33,33,639,0,7,9.298817997001088,4.04839999100659,86.7436000116868,84651.0
1790078915,50,GET,[GET] /health,22.600000,0.000000,4,4,4,4,5,5,6,6,9,9,9,954,0,4,4.448281761005143,2.0132999925408512,52.409600000828505,84.0
1790078915,50,,Aggregated,50.700000,0.000000,4,5,6,7,8,9,10,15,33,33,33,2201,0,4,5.898635029518382,2.0132999925408512,86.7436000116868,24629.6251703771
1790078916,50,GET,[GET] /actuator/health,7.800000,0.000000,4,4,4,5,5,6,6,7,7,7,7,344,0,4,4.58857674370953,2.5520000053802505,37.67689999949653,49.0
1790078916,50,GET,[GET] /api/soporte/election/status,6.400000,0.000000,4,4,5,5,5,6,6,6,6,6,6,281,0,4,4.574078647616598,2.2321999858831987,38.31760000321083,78.0
1790078916,50,GET,[GET] /api/soporte/tickets,15.000000,0.000000,7,7,8,8,9,11,29,33,34,34,34,652,0,7,9.28891963202062,4.04839999100659,86.7436000116868,84651.0
1790078916,50,GET,[GET] /health,22.100000,0.000000,4,4,4,4,5,5,6,6,9,9,9,974,0,4,4.425214784411336,2.0132999925408512,52.409600000828505,84.0
1790078916,50,,Aggregated,51.300000,0.000000,4,5,6,7,7,8,10,15,34,34,34,2251,0,4,5.8775305641539,2.0132999925408512,86.7436000116868,24572.65304309196
1790078917,50,GET,[GET] /actuator/health,7.500000,0.000000,4,4,4,5,5,5,6,7,7,7,7,349,0,4,4.579451575451317,2.5520000053802505,37.67689999949653,49.0
1790078917,50,GET,[GET] /api/soporte/election/status,6.300000,0.000000,4,4,5,5,5,6,6,6,6,6,6,289,0,4,4.555075432451452,2.2321999858831987,38.31760000321083,78.0
1790078917,50,GET,[GET] /api/soporte/tickets,15.000000,0.000000,7,7,7,8,9,11,29,33,34,34,34,666,0,7,9.228257657762535,4.04839999100659,86.7436000116868,84651.0
1790078917,50,GET,[GET] /health,21.600000,0.000000,4,4,4,4,5,6,6,7,9,9,9,997,0,4,4.414288264832627,2.0132999925408512,52.409600000828505,84.0
1790078917,50,,Aggregated,50.400000,0.000000,4,5,6,6,7,8,10,15,34,34,34,2301,0,4,5.850373924345483,2.0132999925408512,86.7436000116868,24554.957409821818
1790078918,50,GET,[GET] /actuator/health,7.300000,0.000000,4,4,4,5,5,5,6,7,7,7,7,352,0,4,4.571473010897038,2.5520000053802505,37.67689999949653,49.0
1790078918,50,GET,[GET] /api/soporte/election/status,6.300000,0.000000,4,4,5,5,5,5,6,6,6,6,6,294,0,4,4.549038435340792,2.2321999858831987,38.31760000321083,78.0
1790078918,50,GET,[GET] /api/soporte/tickets,15.400000,0.000000,7,7,8,8,9,10,29,33,34,34,34,677,0,7,9.208000295584336,4.04839999100659,86.7436000116868,84651.0
1790078918,50,GET,[GET] /health,20.700000,0.000000,4,4,4,4,5,5,6,7,7,7,7,1028,0,4,4.388358657582843,2.0132999925408512,52.409600000828505,84.0
1790078918,50,,Aggregated,49.700000,0.000000,4,5,6,6,7,8,9,15,34,34,34,2351,0,4,5.8237450871678895,2.0132999925408512,86.7436000116868,24430.13994045087
1790078919,50,GET,[GET] /actuator/health,7.400000,0.000000,4,4,4,4,5,5,6,7,7,7,7,357,0,4,4.560853220853063,2.5520000053802505,37.67689999949653,49.0
1790078919,50,GET,[GET] /api/soporte/election/status,6.700000,0.000000,4,4,5,5,5,6,6,6,6,6,6,304,0,4,4.529054276262238,2.155599999241531,38.31760000321083,78.0
1790078919,50,GET,[GET] /api/soporte/tickets,15.000000,0.000000,7,7,8,8,9,10,29,33,34,34,34,694,0,7,9.171639481435767,4.04839999100659,86.7436000116868,84651.0
1790078919,50,GET,[GET] /health,20.400000,0.000000,4,4,4,4,5,6,6,7,8,8,8,1043,0,4,4.383595685554045,2.0132999925408512,52.409600000828505,84.0
1790078919,50,,Aggregated,49.500000,0.000000,4,5,6,7,7,8,9,15,34,34,34,2398,0,4,5.814122268547771,2.0132999925408512,86.7436000116868,24552.381567973312
1790078920,50,GET,[GET] /actuator/health,7.200000,0.000000,4,4,5,5,5,6,6,7,7,7,7,365,0,4,4.562890136611252,2.5520000053802505,37.67689999949653,49.0
1790078920,50,GET,[GET] /api/soporte/election/status,6.700000,0.000000,4,4,5,5,5,6,6,6,6,6,6,320,0,4,4.49813437485318,2.155599999241531,38.31760000321083,78.0
1790078920,50,GET,[GET] /api/soporte/tickets,15.100000,0.000000,7,7,8,8,9,10,34,37,39,39,39,706,0,7,9.218682578133146,4.04839999100659,86.7436000116868,84651.0
1790078920,50,GET,[GET] /health,20.900000,0.000000,4,4,4,4,5,6,6,7,8,8,8,1061,0,4,4.370927615514184,2.0132999925408512,52.409600000828505,84.0
1790078920,50,,Aggregated,49.900000,0.000000,4,5,6,7,7,8,9,29,39,39,39,2452,0,4,5.81190946167972,2.0132999925408512,86.7436000116868,24427.232871125612
1790078921,50,GET,[GET] /actuator/health,7.000000,0.000000,4,4,5,5,5,6,6,7,7,7,7,374,0,4,4.541617111980861,2.5520000053802505,37.67689999949653,49.0
1790078921,50,GET,[GET] /api/soporte/election/status,6.800000,0.000000,4,4,5,5,5,6,6,6,6,6,6,330,0,4,4.476814242309157,2.155599999241531,38.31760000321083,78.0
1790078921,50,GET,[GET] /api/soporte/tickets,14.300000,0.000000,7,7,8,8,9,11,34,37,39,39,39,716,0,7,9.197182123065248,4.04839999100659,86.7436000116868,84651.0
1790078921,50,GET,[GET] /health,21.600000,0.000000,4,4,4,4,5,6,7,7,13,13,13,1079,0,4,4.360846153870864,2.0132999925408512,52.409600000828505,84.0
1790078921,50,,Aggregated,49.700000,0.000000,4,5,6,7,7,8,9,29,39,39,39,2499,0,4,5.788895118040914,2.0132999925408512,86.7436000116868,24307.65026010404
1790078922,50,GET,[GET] /actuator/health,6.300000,0.000000,4,4,5,5,5,6,6,7,7,7,7,385,0,4,4.530898700944487,2.5520000053802505,37.67689999949653,49.0
1790078922,50,GET,[GET] /api/soporte/election/status,7.500000,0.000000,4,4,5,5,5,6,6,6,6,6,6,334,0,4,4.462821257313223,2.155599999241531,38.31760000321083,78.0
1790078922,50,GET,[GET] /api/soporte/tickets,14.600000,0.000000,7,7,8,8,9,10,34,37,39,39,39,730,0,7,9.143883561773691,4.04839999100659,86.7436000116868,84651.0
1790078922,50,GET,[GET] /health,20.700000,0.000000,4,4,4,4,5,6,7,8,13,13,13,1100,0,4,4.350498545483623,2.0132999925408512,52.409600000828505,84.0
1790078922,50,,Aggregated,49.100000,0.000000,4,5,6,7,7,8,9,13,39,39,39,2549,0,4,5.765226245560229,2.0132999925408512,86.7436000116868,24296.801490780697
1790078923,50,GET,[GET] /actuator/health,6.400000,0.000000,4,4,4,5,5,6,6,6,6,6,6,391,0,4,4.524725063591112,2.5520000053802505,37.67689999949653,49.0
1790078923,50,GET,[GET] /api/soporte/election/status,8.200000,0.000000,4,4,4,5,5,6,6,6,6,6,6,342,0,4,4.440225730837344,2.155599999241531,38.31760000321083,78.0
1790078923,50,GET,[GET] /api/soporte/tickets,14.300000,0.000000,7,7,8,8,9,10,34,37,39,39,39,744,0,7,9.09817513452889,4.04839999100659,86.7436000116868,84651.0
1790078923,50,GET,[GET] /health,20.800000,0.000000,3,4,4,4,5,6,7,7,13,13,13,1123,0,4,4.335827159439587,2.0132999925408512,52.409600000828505,84.0
1790078923,50,,Aggregated,49.700000,0.000000,4,5,6,6,7,8,9,13,39,39,39,2600,0,4,5.740731115365634,2.0132999925408512,86.7436000116868,24277.119615384614
1790078924,50,GET,[GET] /actuator/health,6.400000,0.000000,4,4,5,5,5,6,6,6,6,6,6,399,0,4,4.532316039718412,2.5520000053802505,37.67689999949653,49.0
1790078924,50,GET,[GET] /api/soporte/election/status,8.400000,0.000000,4,4,4,5,5,6,6,6,6,6,6,346,0,4,4.4453904623027105,2.155599999241531,38.31760000321083,78.0
1790078924,50,GET,[GET] /api/soporte/tickets,13.300000,0.000000,7,7,8,8,9,9,34,37,39,39,39,758,0,7,9.066209102975263,4.04839999100659,86.7436000116868,84651.0
1790078924,50,GET,[GET] /health,21.200000,0.000000,3,4,4,4,5,6,7,7,13,13,13,1146,0,4,4.32270436305571,2.0132999925408512,52.409600000828505,84.0
1790078924,50,,Aggregated,49.300000,0.000000,4,5,6,6,7,8,9,12,39,39,39,2649,0,4,5.727634918807655,2.0132999925408512,86.7436000116868,24276.429218573045
1790078925,50,GET,[GET] /actuator/health,7.200000,0.000000,4,4,5,5,5,6,6,6,6,6,6,411,0,4,4.516259367096775,2.5520000053802505,37.67689999949653,49.0
1790078925,50,GET,[GET] /api/soporte/election/status,8.100000,0.000000,4,4,4,5,5,6,6,6,6,6,6,352,0,4,4.438910511287924,2.155599999241531,38.31760000321083,78.0
1790078925,50,GET,[GET] /api/soporte/tickets,13.700000,0.000000,7,7,8,8,9,9,34,37,39,39,39,770,0,7,9.025061948114534,4.04839999100659,86.7436000116868,84651.0
1790078925,50,GET,[GET] /health,20.300000,0.000000,3,4,4,4,5,6,7,7,13,13,13,1166,0,4,4.3113937393626784,2.0132999925408512,52.409600000828505,84.0
1790078925,50,,Aggregated,49.300000,0.000000,4,5,6,6,7,8,9,12,39,39,39,2699,0,4,5.703987365689217,2.0132999925408512,86.7436000116868,24204.078918117822
1790078927,50,GET,[GET] /actuator/health,7.200000,0.000000,4,4,5,5,5,6,6,6,6,6,6,418,0,4,4.505672487735238,2.5520000053802505,37.67689999949653,49.0
1790078927,50,GET,[GET] /api/soporte/election/status,8.000000,0.000000,4,4,5,5,6,6,6,6,6,6,6,360,0,4,4.43488249992596,2.155599999241531,38.31760000321083,78.0
1790078927,50,GET,[GET] /api/soporte/tickets,13.400000,0.000000,7,7,8,8,9,9,12,37,39,39,39,786,0,7,8.97625508910663,4.04839999100659,86.7436000116868,84651.0
1790078927,50,GET,[GET] /health,20.300000,0.000000,3,4,4,4,5,6,6,8,13,13,13,1189,0,4,4.298223297003891,2.0132999925408512,52.409600000828505,84.0
1790078927,50,,Aggregated,48.900000,0.000000,4,5,6,6,7,8,9,11,39,39,39,2753,0,4,5.683201162376357,2.0132999925408512,86.7436000116868,24222.347984017437
1790078928,50,GET,[GET] /actuator/health,7.000000,0.000000,4,4,5,5,5,6,6,6,6,6,6,427,0,4,4.50026065549967,2.5520000053802505,37.67689999949653,49.0
1790078928,50,GET,[GET] /api/soporte/election/status,7.900000,0.000000,4,4,5,5,6,6,6,6,6,6,6,369,0,4,4.4341195120916606,2.155599999241531,38.31760000321083,78.0
1790078928,50,GET,[GET] /api/soporte/tickets,13.100000,0.000000,7,7,8,8,9,9,12,37,39,39,39,799,0,7,8.946289987501034,4.04839999100659,86.7436000116868,84651.0
1790078928,50,GET,[GET] /health,21.000000,0.000000,4,4,4,4,5,6,7,8,13,13,13,1214,0,4,4.2908183691379325,2.0132999925408512,52.409600000828505,84.0
1790078928,50,,Aggregated,49.000000,0.000000,4,5,6,6,7,8,9,10,39,39,39,2809,0,4,5.665696190817713,2.0132999925408512,86.7436000116868,24132.370950516197
1790078929,50,GET,[GET] /actuator/health,7.300000,0.000000,4,4,5,5,5,6,6,6,6,6,6,435,0,4,4.4943466664147405,2.5520000053802505,37.67689999949653,49.0
1790078929,50,GET,[GET] /api/soporte/election/status,7.800000,0.000000,4,4,4,5,5,6,6,6,6,6,6,377,0,4,4.416653846101205,2.155599999241531,38.31760000321083,78.0
1790078929,50,GET,[GET] /api/soporte/tickets,13.300000,0.000000,7,7,8,8,9,9,13,37,39,39,39,812,0,7,8.92542463054108,4.04839999100659,86.7436000116868,84651.0
1790078929,50,GET,[GET] /health,21.300000,0.000000,4,4,4,4,5,6,7,11,13,13,13,1233,0,4,4.287320194807563,2.0132999925408512,52.409600000828505,84.0
1790078929,50,,Aggregated,49.700000,0.000000,4,5,6,6,7,8,9,13,39,39,39,2857,0,4,5.654123171182237,2.0132999925408512,86.7436000116868,24113.022401120055
1790078930,50,GET,[GET] /actuator/health,7.300000,0.000000,4,4,5,5,5,6,6,6,6,6,6,443,0,4,4.482038148692504,2.446399987093173,37.67689999949653,49.0
1790078930,50,GET,[GET] /api/soporte/election/status,7.800000,0.000000,4,4,4,5,5,6,6,7,7,7,7,382,0,4,4.412564397890106,2.139900010661222,38.31760000321083,78.0
1790078930,50,GET,[GET] /api/soporte/tickets,13.300000,0.000000,7,7,7,8,9,9,13,13,17,17,17,833,0,7,8.865222328904728,4.04839999100659,86.7436000116868,84651.0
1790078930,50,GET,[GET] /health,21.300000,0.000000,4,4,4,4,5,6,7,11,13,13,13,1250,0,4,4.278358960198238,2.0132999925408512,52.409600000828505,84.0
1790078930,50,,Aggregated,49.700000,0.000000,4,5,6,6,7,8,9,12,17,17,17,2908,0,4,5.6409289546390085,2.0132999925408512,86.7436000116868,24302.196011004125
1790078931,50,GET,[GET] /actuator/health,8.200000,0.000000,4,4,5,5,5,6,6,6,6,6,6,444,0,4,4.48290698169568,2.446399987093173,37.67689999949653,49.0
1790078931,50,GET,[GET] /api/soporte/election/status,8.200000,0.000000,4,4,4,5,5,6,6,7,7,7,7,392,0,4,4.4120022958683265,2.139900010661222,38.31760000321083,78.0
1790078931,50,GET,[GET] /api/soporte/tickets,13.300000,0.000000,7,7,7,8,8,9,13,13,17,17,17,843,0,7,8.835512929991514,4.04839999100659,86.7436000116868,84651.0
1790078931,50,GET,[GET] /health,20.300000,0.000000,4,4,4,4,5,6,7,7,11,11,11,1273,0,4,4.2766963081497105,2.0132999925408512,52.409600000828505,84.0
1790078931,50,,Aggregated,50.000000,0.000000,4,5,6,6,7,8,9,9,17,17,17,2952,0,4,5.62753638215132,2.0132999925408512,86.7436000116868,24227.661585365855
1790078932,50,GET,[GET] /actuator/health,8.600000,0.000000,4,4,5,5,5,6,6,7,7,7,7,451,0,4,4.476936363360582,2.446399987093173,37.67689999949653,49.0
1790078932,50,GET,[GET] /api/soporte/election/status,7.700000,0.000000,4,4,4,5,5,6,6,7,7,7,7,399,0,4,4.392762656650683,2.139900010661222,38.31760000321083,78.0
1790078932,50,GET,[GET] /api/soporte/tickets,13.900000,0.000000,7,7,7,8,8,9,13,13,17,17,17,854,0,7,8.798623536274478,4.04839999100659,86.7436000116868,84651.0
1790078932,50,GET,[GET] /health,20.500000,0.000000,4,4,4,4,5,6,7,7,11,11,11,1295,0,4,4.261461312929348,2.0132999925408512,52.409600000828505,84.0
1790078932,50,,Aggregated,50.700000,0.000000,4,5,6,6,7,8,9,9,17,17,17,2999,0,4,5.6033436145719095,2.0132999925408512,86.7436000116868,24159.371457152385
1790078933,50,GET,[GET] /actuator/health,7.900000,0.000000,4,4,5,5,5,6,6,7,7,7,7,455,0,4,4.469395164530827,2.402699989033863,37.67689999949653,49.0
1790078933,50,GET,[GET] /api/soporte/election/status,7.200000,0.000000,4,4,4,5,5,6,6,7,7,7,7,404,0,4,4.3762071782291985,2.139900010661222,38.31760000321083,78.0
1790078933,50,GET,[GET] /api/soporte/tickets,13.600000,0.000000,6,7,7,8,8,9,13,13,17,17,17,872,0,7,8.749600573378927,4.04839999100659,86.7436000116868,84651.0
1790078933,50,GET,[GET] /health,20.900000,0.000000,4,4,4,4,5,6,7,7,11,11,11,1320,0,4,4.249928560779098,2.0132999925408512,52.409600000828505,84.0
1790078933,50,,Aggregated,49.600000,0.000000,4,5,6,6,7,8,9,9,17,17,17,3051,0,4,5.585421140636171,2.0132999925408512,86.7436000116868,24247.905276958376
1790078934,50,GET,[GET] /actuator/health,7.700000,0.000000,4,4,5,5,5,6,7,7,7,7,7,461,0,4,4.469522125471015,2.402699989033863,37.67689999949653,49.0
1790078934,50,GET,[GET] /api/soporte/election/status,6.900000,0.000000,4,4,4,5,5,6,6,7,7,7,7,412,0,4,4.369411893191496,2.139900010661222,38.31760000321083,78.0
1790078934,50,GET,[GET] /api/soporte/tickets,13.600000,0.000000,6,7,7,8,8,9,13,16,17,17,17,890,0,7,8.730954494313572,4.04839999100659,86.7436000116868,84651.0
1790078934,50,GET,[GET] /health,21.500000,0.000000,4,4,4,4,5,6,7,7,11,11,11,1338,0,4,4.244882436654957,2.0132999925408512,52.409600000828505,84.0
1790078934,50,,Aggregated,49.700000,0.000000,4,5,6,6,7,8,9,11,17,17,17,3101,0,4,5.582344276046581,2.0132999925408512,86.7436000116868,24349.083198968074
1790078935,50,GET,[GET] /actuator/health,7.700000,0.000000,4,4,5,5,6,6,7,7,7,7,7,463,0,4,4.468575377632274,2.402699989033863,37.67689999949653,49.0
1790078935,50,GET,[GET] /api/soporte/election/status,6.900000,0.000000,4,4,4,5,5,6,6,7,7,7,7,416,0,4,4.363622355797886,2.139900010661222,38.31760000321083,78.0
1790078935,50,GET,[GET] /api/soporte/tickets,13.600000,0.000000,6,7,8,8,8,9,16,17,31,31,31,909,0,7,8.710813861294435,4.04839999100659,86.7436000116868,84651.0
1790078935,50,GET,[GET] /health,21.500000,0.000000,4,4,4,4,5,6,7,7,11,11,11,1358,0,4,4.235791973673224,2.0132999925408512,52.409600000828505,84.0
1790078935,50,,Aggregated,49.700000,0.000000,4,5,6,6,7,8,9,13,31,31,31,3146,0,4,5.5799595041387615,2.0132999925408512,86.7436000116868,24512.70375079466
1790078936,50,GET,[GET] /actuator/health,6.900000,0.000000,4,4,5,5,6,6,7,7,7,7,7,471,0,4,4.468145010342343,2.402699989033863,37.67689999949653,49.0
1790078936,50,GET,[GET] /api/soporte/election/status,6.700000,0.000000,4,4,4,5,5,6,6,7,7,7,7,421,0,4,4.365017339693672,2.139900010661222,38.31760000321083,78.0
1790078936,50,GET,[GET] /api/soporte/tickets,14.400000,0.000000,6,7,8,8,8,9,16,17,31,31,31,920,0,7,8.686388260779811,4.04839999100659,86.7436000116868,84651.0
1790078936,50,GET,[GET] /health,21.400000,0.000000,4,4,4,4,5,6,7,7,11,11,11,1387,0,4,4.23727555893284,2.0132999925408512,52.409600000828505,84.0
1790078936,50,,Aggregated,49.400000,0.000000,4,5,6,6,7,8,9,13,31,31,31,3199,0,4,5.567598311984856,2.0132999925408512,86.7436000116868,24398.669896842763
1790078937,50,GET,[GET] /actuator/health,6.400000,0.000000,4,4,5,5,6,6,7,7,7,7,7,479,0,4,4.4621997909333135,2.402699989033863,37.67689999949653,49.0
1790078937,50,GET,[GET] /api/soporte/election/status,7.000000,0.000000,4,4,4,4,5,6,6,7,7,7,7,428,0,4,4.356158411219525,2.139900010661222,38.31760000321083,78.0
1790078937,50,GET,[GET] /api/soporte/tickets,15.000000,0.000000,6,7,7,8,8,9,16,17,31,31,31,934,0,7,8.649788543785627,4.04839999100659,86.7436000116868,84651.0
1790078937,50,GET,[GET] /health,21.200000,0.000000,4,4,4,4,5,6,7,7,11,11,11,1408,0,4,4.227345525722822,2.0132999925408512,52.409600000828505,84.0
1790078937,50,,Aggregated,49.600000,0.000000,4,5,6,6,7,8,9,13,31,31,31,3249,0,4,5.5502722376031155,2.0132999925408512,86.7436000116868,24388.78454909203
1790078938,50,GET,[GET] /actuator/health,5.800000,0.000000,4,5,5,5,6,7,7,8,8,8,8,486,0,4,4.474918106722947,2.402699989033863,37.67689999949653,49.0
1790078938,50,GET,[GET] /api/soporte/election/status,6.900000,0.000000,4,4,4,5,5,6,6,7,7,7,7,428,0,4,4.356158411219525,2.139900010661222,38.31760000321083,78.0
1790078938,50,GET,[GET] /api/soporte/tickets,15.000000,0.000000,6,7,7,8,8,10,17,18,31,31,31,945,0,7,8.654597142779652,4.04839999100659,86.7436000116868,84651.0
1790078938,50,GET,[GET] /health,21.500000,0.000000,4,4,4,5,6,6,8,9,15,15,15,1434,0,4,4.250554393431707,2.0132999925408512,52.409600000828505,84.0
1790078938,50,,Aggregated,49.200000,0.000000,4,5,6,6,7,8,10,15,31,31,31,3293,0,4,5.561231491034664,2.0132999925408512,86.7436000116868,24346.446705132097
1790078939,50,GET,[GET] /actuator/health,6.000000,0.000000,4,5,5,6,7,7,11,11,11,11,11,492,0,4,4.491336381850088,2.402699989033863,37.67689999949653,49.0
1790078939,50,GET,[GET] /api/soporte/election/status,6.700000,0.000000,4,4,5,5,6,8,8,9,9,9,9,439,0,4,4.387137357665042,2.139900010661222,38.31760000321083,78.0
1790078939,50,GET,[GET] /api/soporte/tickets,14.600000,0.000000,7,7,8,8,9,11,18,31,32,32,32,959,0,7,8.659371324245283,4.04839999100659,86.7436000116868,84651.0
1790078939,50,GET,[GET] /health,21.600000,0.000000,4,4,4,5,6,8,9,11,15,15,15,1455,0,4,4.26565408949697,2.0132999925408512,52.409600000828505,84.0
1790078939,50,,Aggregated,48.900000,0.000000,4,5,6,7,8,9,11,15,32,32,32,3345,0,4,5.57445578476966,2.0132999925408512,86.7436000116868,24323.13273542601
1790078940,50,GET,[GET] /actuator/health,5.900000,0.000000,4,5,5,5,7,8,8,11,11,11,11,504,0,4,4.487491467934599,2.402699989033863,37.67689999949653,49.0
1790078940,50,GET,[GET] /api/soporte/election/status,5.900000,0.000000,4,4,5,5,6,8,8,9,9,9,9,446,0,4,4.386925560571284,2.139900010661222,38.31760000321083,78.0
1790078940,50,GET,[GET] /api/soporte/tickets,14.400000,0.000000,7,7,8,8,9,11,18,31,32,32,32,974,0,7,8.62654948660454,4.04839999100659,86.7436000116868,84651.0
1790078940,50,GET,[GET] /health,21.500000,0.000000,4,4,4,5,6,8,9,11,15,15,15,1471,0,4,4.258650917896445,2.0132999925408512,52.409600000828505,84.0
1790078940,50,,Aggregated,47.700000,0.000000,4,5,6,7,8,9,11,15,32,32,32,3395,0,4,5.562591811497003,2.0132999925408512,86.7436000116868,24339.653019145804
1790078941,50,GET,[GET] /actuator/health,5.700000,0.000000,4,5,5,5,6,8,8,11,11,11,11,509,0,4,4.487138703016726,2.402699989033863,37.67689999949653,49.0
1790078941,50,GET,[GET] /api/soporte/election/status,6.000000,0.000000,4,5,5,5,6,8,9,9,9,9,9,457,0,4,4.387181838138815,2.139900010661222,38.31760000321083,78.0
1790078941,50,GET,[GET] /api/soporte/tickets,14.600000,0.000000,7,7,8,8,9,11,18,31,32,32,32,979,0,7,8.61829060260744,4.04839999100659,86.7436000116868,84651.0
1790078941,50,GET,[GET] /health,22.200000,0.000000,4,4,4,5,6,8,9,11,15,15,15,1491,0,4,4.253245741254238,2.0132999925408512,52.409600000828505,84.0
1790078941,50,,Aggregated,48.500000,0.000000,5,5,6,7,8,9,11,15,32,32,32,3436,0,4,5.549415483127969,2.0132999925408512,86.7436000116868,24173.213038416765
1790078942,50,GET,[GET] /actuator/health,5.900000,0.000000,4,5,5,5,6,7,8,11,11,11,11,516,0,4,4.479756201242905,2.402699989033863,37.67689999949653,49.0
1790078942,50,GET,[GET] /api/soporte/election/status,6.400000,0.000000,4,5,5,5,6,8,9,9,9,9,9,464,0,4,4.371764008690912,2.139900010661222,38.31760000321083,78.0
1790078942,50,GET,[GET] /api/soporte/tickets,14.000000,0.000000,7,7,8,8,9,11,18,31,32,32,32,992,0,7,8.588973286247981,4.04839999100659,86.7436000116868,84651.0
1790078942,50,GET,[GET] /health,21.600000,0.000000,4,4,4,5,6,8,9,11,15,15,15,1517,0,4,4.23635840486364,2.0132999925408512,52.409600000828505,84.0
1790078942,50,,Aggregated,47.900000,0.000000,4,5,6,6,8,9,11,15,32,32,32,3489,0,4,5.527907681286919,2.0132999925408512,86.7436000116868,24122.29750644884
1790078943,50,GET,[GET] /actuator/health,6.400000,0.000000,4,5,5,5,6,7,8,11,11,11,11,526,0,4,4.474571292498193,2.402699989033863,37.67689999949653,49.0
1790078943,50,GET,[GET] /api/soporte/election/status,6.400000,0.000000,4,5,5,5,6,8,9,9,9,9,9,470,0,4,4.362565531993552,2.139900010661222,38.31760000321083,78.0
1790078943,50,GET,[GET] /api/soporte/tickets,13.600000,0.000000,6,7,8,8,9,11,18,31,32,32,32,1002,0,7,8.563570958031704,4.04839999100659,86.7436000116868,84651.0
1790078943,50,GET,[GET] /health,21.600000,0.000000,4,4,4,5,6,8,9,11,15,15,15,1541,0,4,4.228886697073207,2.0132999925408512,52.409600000828505,84.0
1790078943,50,,Aggregated,48.000000,0.000000,4,5,6,6,8,8,11,15,32,32,32,3539,0,4,5.510438768021644,2.0132999925408512,86.7436000116868,24021.525854761232
1790078944,50,GET,[GET] /actuator/health,6.500000,0.000000,4,5,5,5,6,7,8,11,11,11,11,535,0,4,4.466939999702361,2.402699989033863,37.67689999949653,49.0
1790078944,50,GET,[GET] /api/soporte/election/status,6.400000,0.000000,4,5,5,5,6,8,9,9,9,9,9,476,0,4,4.352184663944439,2.139900010661222,38.31760000321083,78.0
1790078944,50,GET,[GET] /api/soporte/tickets,13.800000,0.000000,6,7,7,8,9,11,18,32,32,32,32,1009,0,7,8.548370168423899,4.04839999100659,86.7436000116868,84651.0
1790078944,50,GET,[GET] /health,21.900000,0.000000,4,4,5,5,6,8,9,11,15,15,15,1560,0,4,4.224256795024326,2.0132999925408512,52.409600000828505,84.0
1790078944,50,,Aggregated,48.600000,0.000000,4,5,6,6,7,8,11,11,32,32,32,3580,0,4,5.4962566759932905,2.0132999925408512,86.7436000116868,23912.637430167597
1790078945,50,GET,[GET] /actuator/health,7.100000,0.000000,4,5,5,5,6,7,8,11,11,11,11,544,0,4,4.466689705516139,2.402699989033863,37.67689999949653,49.0
1790078945,50,GET,[GET] /api/soporte/election/status,6.600000,0.000000,4,5,5,5,6,8,9,9,9,9,9,485,0,4,4.347431134119313,2.139900010661222,38.31760000321083,78.0
1790078945,50,GET,[GET] /api/soporte/tickets,12.900000,0.000000,7,7,8,8,9,11,15,18,32,32,32,1021,0,7,8.542679529819532,4.04839999100659,86.7436000116868,84651.0
1790078945,50,GET,[GET] /health,22.000000,0.000000,4,4,5,5,6,8,9,11,15,15,15,1580,0,4,4.223589303949701,2.0132999925408512,52.409600000828505,84.0
1790078945,50,,Aggregated,48.600000,0.000000,4,5,6,6,8,9,11,11,32,32,32,3630,0,4,5.491385730037167,2.0132999925408512,86.7436000116868,23863.877961432507
1790078946,50,GET,[GET] /actuator/health,7.200000,0.000000,4,5,5,5,6,7,8,11,11,11,11,547,0,4,4.4599546614548675,2.402699989033863,37.67689999949653,49.0
1790078946,50,GET,[GET] /api/soporte/election/status,6.700000,0.000000,4,5,5,5,6,8,9,9,9,9,9,496,0,4,4.3543074597759945,2.139900010661222,38.31760000321083,78.0
1790078946,50,GET,[GET] /api/soporte/tickets,12.000000,0.000000,7,7,8,8,10,12,18,23,32,32,32,1047,0,7,8.52395711548561,4.04839999100659,86.7436000116868,84651.0
1790078946,50,GET,[GET] /health,22.000000,0.000000,4,4,4,5,6,8,10,11,15,15,15,1596,0,4,4.223894611696005,2.0132999925408512,52.409600000828505,84.0
1790078946,50,,Aggregated,47.900000,0.000000,4,5,6,6,8,9,11,15,32,32,32,3686,0,4,5.4978976126003705,2.0132999925408512,86.7436000116868,24099.06456863809
1790078947,50,GET,[GET] /actuator/health,8.000000,0.000000,4,4,5,5,5,6,8,11,11,11,11,561,0,4,4.450391621801814,2.402699989033863,37.67689999949653,49.0
1790078947,50,GET,[GET] /api/soporte/election/status,6.700000,0.000000,4,5,5,5,6,8,9,9,9,9,9,500,0,4,4.348554400115972,2.139900010661222,38.31760000321083,78.0
1790078947,50,GET,[GET] /api/soporte/tickets,11.200000,0.000000,6,7,8,8,10,11,18,23,32,32,32,1055,0,7,8.501368435941112,4.04839999100659,86.7436000116868,84651.0
1790078947,50,GET,[GET] /health,22.200000,0.000000,4,4,4,5,6,8,10,11,15,15,15,1618,0,4,4.211456427835296,2.0132999925408512,52.409600000828505,84.0
1790078947,50,,Aggregated,48.100000,0.000000,4,5,6,6,8,9,11,13,32,32,32,3734,0,4,5.47777908410396,2.0132999925408512,86.7436000116868,23971.399571505088
1790078948,50,GET,[GET] /actuator/health,7.700000,0.000000,4,4,5,5,5,5,6,8,8,8,8,569,0,4,4.437349560328469,2.402699989033863,37.67689999949653,49.0
1790078948,50,GET,[GET] /api/soporte/election/status,7.400000,0.000000,4,4,5,5,5,6,8,9,9,9,9,505,0,4,4.3386578218986065,2.139900010661222,38.31760000321083,78.0
1790078948,50,GET,[GET] /api/soporte/tickets,12.300000,0.000000,6,7,7,8,9,10,13,14,23,23,23,1069,0,7,8.47707970056533,4.04839999100659,86.7436000116868,84651.0
1790078948,50,GET,[GET] /health,21.100000,0.000000,3,4,4,4,5,6,6,7,10,10,10,1639,0,4,4.205542159985363,2.0132999925408512,52.409600000828505,84.0
1790078948,50,,Aggregated,48.500000,0.000000,4,5,5,6,7,8,10,10,23,23,23,3782,0,4,5.465562109996309,2.0132999925408512,86.7436000116868,23981.191433104177
1790078949,50,GET,[GET] /actuator/health,8.000000,0.000000,4,4,5,5,5,6,6,8,8,8,8,575,0,4,4.44024486927842,2.402699989033863,37.67689999949653,49.0
1790078949,50,GET,[GET] /api/soporte/election/status,7.300000,0.000000,4,4,4,5,5,6,8,9,9,9,9,509,0,4,4.330786247674809,2.139900010661222,38.31760000321083,78.0
1790078949,50,GET,[GET] /api/soporte/tickets,12.000000,0.000000,6,7,7,8,9,12,14,23,31,31,31,1077,0,7,8.48987780859112,4.04839999100659,86.7436000116868,84651.0
1790078949,50,GET,[GET] /health,21.100000,0.000000,3,4,4,4,5,5,6,7,10,10,10,1669,0,4,4.195177771291336,2.0132999925408512,52.409600000828505,84.0
1790078949,50,,Aggregated,48.400000,0.000000,4,5,5,6,7,8,10,12,31,31,31,3830,0,4,5.457666083561213,2.0132999925408512,86.7436000116868,23858.27676240209
1790078950,50,GET,[GET] /actuator/health,8.300000,0.000000,4,4,4,5,5,5,6,6,6,6,6,581,0,4,4.432070739830767,2.402699989033863,37.67689999949653,49.0
1790078950,50,GET,[GET] /api/soporte/election/status,7.700000,0.000000,4,4,4,4,5,5,6,8,8,8,8,512,0,4,4.3258220704558425,2.139900010661222,38.31760000321083,78.0
1790078950,50,GET,[GET] /api/soporte/tickets,12.400000,0.000000,6,7,7,8,9,12,14,23,31,31,31,1091,0,7,8.469030522333977,4.04839999100659,86.7436000116868,84651.0
1790078950,50,GET,[GET] /health,20.400000,0.000000,4,4,4,4,5,6,6,7,20,20,20,1696,0,4,4.2014858492003215,2.0132999925408512,52.409600000828505,84.0
1790078950,50,,Aggregated,48.800000,0.000000,4,5,5,6,7,8,10,13,31,31,31,3880,0,4,5.4523933762951495,2.0132999925408512,86.7436000116868,23856.98711340206
1790078951,50,GET,[GET] /actuator/health,8.400000,0.000000,4,4,4,5,5,5,6,6,6,6,6,586,0,4,4.426965016773155,2.402699989033863,37.67689999949653,49.0
1790078951,50,GET,[GET] /api/soporte/election/status,7.000000,0.000000,4,4,4,4,5,5,6,8,8,8,8,519,0,4,4.314198458635899,2.139900010661222,38.31760000321083,78.0
1790078951,50,GET,[GET] /api/soporte/tickets,11.900000,0.000000,6,7,7,8,10,12,23,28,31,31,31,1110,0,7,8.456803783659009,4.04839999100659,86.7436000116868,84651.0
1790078951,50,GET,[GET] /health,21.100000,0.000000,4,4,4,4,5,6,7,10,20,20,20,1719,0,4,4.193151483549685,2.0132999925408512,52.409600000828505,84.0
1790078951,50,,Aggregated,48.400000,0.000000,4,5,6,6,7,8,10,14,31,31,31,3934,0,4,5.446962404663068,2.0132999925408512,86.7436000116868,23939.044738179968
1790078952,50,GET,[GET] /actuator/health,7.800000,0.000000,4,4,4,5,5,5,6,6,6,6,6,593,0,4,4.4198536253850325,2.402699989033863,37.67689999949653,49.0
1790078952,50,GET,[GET] /api/soporte/election/status,6.600000,0.000000,4,4,4,4,5,5,6,8,8,8,8,524,0,4,4.305266603150534,2.139900010661222,38.31760000321083,78.0
1790078952,50,GET,[GET] /api/soporte/tickets,11.500000,0.000000,6,7,7,8,10,12,23,28,31,31,31,1123,0,7,8.427807836043765,4.04839999100659,86.7436000116868,84651.0
1790078952,50,GET,[GET] /health,22.700000,0.000000,3,4,4,4,5,6,7,10,20,20,20,1744,0,4,4.182909805171922,2.0132999925408512,52.409600000828505,84.0
1790078952,50,,Aggregated,48.600000,0.000000,4,5,6,6,7,8,11,14,31,31,31,3984,0,4,5.430812198795477,2.0132999925408512,86.7436000116868,23915.536646586344
1790078953,50,GET,[GET] /actuator/health,7.600000,0.000000,4,4,4,5,5,6,6,8,8,8,8,603,0,4,4.423475953333109,2.402699989033863,37.67689999949653,49.0
1790078953,50,GET,[GET] /api/soporte/election/status,6.200000,0.000000,4,4,4,4,5,5,6,8,8,8,8,529,0,4,4.295423440530673,2.139900010661222,38.31760000321083,78.0
1790078953,50,GET,[GET] /api/soporte/tickets,12.700000,0.000000,6,7,7,8,10,12,23,28,31,31,31,1132,0,7,8.4081393991901,3.9822999970056117,86.7436000116868,84651.0
1790078953,50,GET,[GET] /health,22.300000,0.000000,3,4,4,4,5,6,7,10,20,20,20,1768,0,4,4.1778393666201605,2.0132999925408512,52.409600000828505,84.0
1790078953,50,,Aggregated,48.800000,0.000000,4,5,6,6,7,8,10,14,31,31,31,4032,0,4,5.417675793642913,2.0132999925408512,86.7436000116868,23820.49925595238
1790078954,50,GET,[GET] /actuator/health,7.500000,0.000000,4,4,4,5,5,6,6,8,8,8,8,611,0,4,4.421689197804616,2.402699989033863,37.67689999949653,49.0
1790078954,50,GET,[GET] /api/soporte/election/status,6.000000,0.000000,4,4,4,4,5,5,6,8,8,8,8,536,0,4,4.291231156783587,2.139900010661222,38.31760000321083,78.0
1790078954,50,GET,[GET] /api/soporte/tickets,12.800000,0.000000,6,7,7,8,9,12,23,28,31,31,31,1145,0,7,8.38279510909482,3.9822999970056117,86.7436000116868,84651.0
1790078954,50,GET,[GET] /health,22.400000,0.000000,3,4,4,4,5,6,7,10,20,20,20,1786,0,4,4.169439249812789,2.0132999925408512,52.409600000828505,84.0
1790078954,50,,Aggregated,48.700000,0.000000,4,5,6,6,7,8,10,14,31,31,31,4078,0,4,5.406245929370729,2.0132999925408512,86.7436000116868,23822.257479156448
1790078955,50,GET,[GET] /actuator/health,7.500000,0.000000,4,4,4,5,5,6,6,8,8,8,8,619,0,4,4.415490468220164,2.402699989033863,37.67689999949653,49.0
1790078955,50,GET,[GET] /api/soporte/election/status,5.700000,0.000000,4,4,4,4,4,5,7,7,7,7,7,543,0,4,4.293197974255849,2.139900010661222,38.31760000321083,78.0
1790078955,50,GET,[GET] /api/soporte/tickets,12.800000,0.000000,6,7,7,7,8,10,14,28,31,31,31,1159,0,7,8.367698878275148,3.9822999970056117,86.7436000116868,84651.0
1790078955,50,GET,[GET] /health,22.100000,0.000000,3,4,4,4,5,6,7,8,20,20,20,1807,0,4,4.166182623222338,2.0132999925408512,52.409600000828505,84.0
1790078955,50,,Aggregated,48.100000,0.000000,4,5,5,6,7,8,9,12,31,31,31,4128,0,4,5.399915237386838,2.0132999925408512,86.7436000116868,23821.458817829458
1790078956,50,GET,[GET] /actuator/health,7.600000,0.000000,4,4,5,5,5,6,7,8,8,8,8,625,0,4,4.416139839775861,2.402699989033863,37.67689999949653,49.0
1790078956,50,GET,[GET] /api/soporte/election/status,5.900000,0.000000,4,4,4,4,4,5,7,7,7,7,7,547,0,4,4.288012431473709,2.139900010661222,38.31760000321083,78.0
1790078956,50,GET,[GET] /api/soporte/tickets,13.300000,0.000000,6,7,7,8,8,10,14,28,31,31,31,1174,0,7,8.348724190725328,3.9822999970056117,86.7436000116868,84651.0
1790078956,50,GET,[GET] /health,22.600000,0.000000,3,4,4,4,5,6,7,8,20,20,20,1830,0,4,4.161543552017875,2.0132999925408512,52.409600000828505,84.0
1790078956,50,,Aggregated,49.400000,0.000000,4,5,6,6,7,8,10,12,31,31,31,4176,0,4,5.3933565852443195,2.0132999925408512,86.7436000116868,23852.319204980842
1790078957,50,GET,[GET] /actuator/health,7.500000,0.000000,4,4,5,5,6,7,9,11,11,11,11,635,0,4,4.424631968301017,2.402699989033863,37.67689999949653,49.0
1790078957,50,GET,[GET] /api/soporte/election/status,6.000000,0.000000,4,4,4,4,5,6,6,7,7,7,7,561,0,4,4.290293939355611,2.139900010661222,38.31760000321083,78.0
1790078957,50,GET,[GET] /api/soporte/tickets,13.500000,0.000000,7,7,7,8,8,10,12,28,31,31,31,1192,0,7,8.32633489925067,3.9822999970056117,86.7436000116868,84651.0
1790078957,50,GET,[GET] /health,22.100000,0.000000,3,4,4,4,5,6,7,8,20,20,20,1844,0,4,4.15820867689714,2.0132999925408512,52.409600000828505,84.0
1790078957,50,,Aggregated,49.100000,0.000000,4,5,6,6,7,8,10,11,31,31,31,4232,0,4,5.3897032608588775,2.0132999925408512,86.7436000116868,23897.391540642722
1790078958,50,GET,[GET] /actuator/health,7.900000,0.000000,4,4,5,5,6,8,11,11,11,11,11,642,0,4,4.431482242812719,2.402699989033863,37.67689999949653,49.0
1790078958,50,GET,[GET] /api/soporte/election/status,5.000000,0.000000,4,4,4,5,6,7,7,9,9,9,9,567,0,4,4.300156437347987,2.139900010661222,38.31760000321083,78.0
1790078958,50,GET,[GET] /api/soporte/tickets,13.000000,0.000000,7,7,7,8,10,12,15,21,28,28,28,1213,0,7,8.345067683356946,3.9822999970056117,86.7436000116868,84651.0
1790078958,50,GET,[GET] /health,23.400000,0.000000,3,4,4,4,5,6,7,8,20,20,20,1868,0,4,4.154827355559428,2.0132999925408512,52.409600000828505,84.0
1790078958,50,,Aggregated,49.300000,0.000000,4,5,6,6,7,9,11,15,28,28,28,4290,0,4,5.400229580410038,2.0132999925408512,86.7436000116868,23989.337762237763
1790078959,50,GET,[GET] /actuator/health,7.500000,0.000000,4,4,5,5,6,8,11,11,11,11,11,650,0,4,4.428337846005049,2.402699989033863,37.67689999949653,49.0
1790078959,50,GET,[GET] /api/soporte/election/status,5.800000,0.000000,4,4,4,4,5,6,7,9,9,9,9,574,0,4,4.287963937234842,2.139900010661222,38.31760000321083,78.0
1790078959,50,GET,[GET] /api/soporte/tickets,13.600000,0.000000,7,7,7,8,9,12,15,21,28,28,28,1223,0,7,8.328126492150579,3.9822999970056117,86.7436000116868,84651.0
1790078959,50,GET,[GET] /health,22.600000,0.000000,3,4,4,4,5,5,7,8,11,11,11,1891,0,4,4.145226652668971,2.0132999925408512,52.409600000828505,84.0
1790078959,50,,Aggregated,49.500000,0.000000,4,5,6,6,7,8,11,14,28,28,28,4338,0,4,5.385807561081896,2.0132999925408512,86.7436000116868,23919.695481788844
1790078960,50,GET,[GET] /actuator/health,7.200000,0.000000,4,5,5,5,6,8,11,11,11,11,11,657,0,4,4.427260121548033,2.402699989033863,37.67689999949653,49.0
1790078960,50,GET,[GET] /api/soporte/election/status,5.900000,0.000000,4,4,4,4,5,6,7,9,9,9,9,580,0,4,4.28009120682716,2.139900010661222,38.31760000321083,78.0
1790078960,50,GET,[GET] /api/soporte/tickets,13.500000,0.000000,7,7,7,8,10,12,15,15,21,21,21,1245,0,7,8.302329477842852,3.9822999970056117,86.7436000116868,84651.0
1790078960,50,GET,[GET] /health,22.900000,0.000000,3,4,4,4,5,5,7,8,8,8,8,1905,0,4,4.140026824230455,2.0132999925408512,52.409600000828505,84.0
1790078960,50,,Aggregated,49.500000,0.000000,4,5,6,6,7,8,11,13,21,21,21,4387,0,4,5.382793275561928,2.0132999925408512,86.7436000116868,24077.48985639389
1790078961,50,GET,[GET] /actuator/health,7.200000,0.000000,4,4,5,5,6,8,11,11,11,11,11,661,0,4,4.423680483907251,2.402699989033863,37.67689999949653,49.0
1790078961,50,GET,[GET] /api/soporte/election/status,6.600000,0.000000,4,4,4,4,5,6,7,9,9,9,9,586,0,4,4.268040955555387,2.139900010661222,38.31760000321083,78.0
1790078961,50,GET,[GET] /api/soporte/tickets,14.300000,0.000000,7,7,7,8,9,11,15,15,21,21,21,1261,0,7,8.275829817554865,3.9822999970056117,86.7436000116868,84651.0
1790078961,50,GET,[GET] /health,21.500000,0.000000,3,4,4,4,5,5,7,8,8,8,8,1924,0,4,4.134378534399351,2.0132999925408512,52.409600000828505,84.0
1790078961,50,,Aggregated,49.600000,0.000000,4,5,6,6,7,8,11,13,21,21,21,4432,0,4,5.373531249986279,2.0132999925408512,86.7436000116868,24139.12996389892
1790078962,50,GET,[GET] /actuator/health,7.700000,0.000000,4,4,5,5,5,7,11,11,11,11,11,667,0,4,4.423610794379249,2.402699989033863,37.67689999949653,49.0
1790078962,50,GET,[GET] /api/soporte/election/status,6.500000,0.000000,4,4,4,4,5,6,7,9,9,9,9,600,0,4,4.258044166587449,2.139900010661222,38.31760000321083,78.0
1790078962,50,GET,[GET] /api/soporte/tickets,14.700000,0.000000,7,7,8,8,10,12,15,15,21,21,21,1268,0,7,8.267491640337068,3.9822999970056117,86.7436000116868,84651.0
1790078962,50,GET,[GET] /health,20.800000,0.000000,3,4,4,4,5,5,6,7,8,8,8,1945,0,4,4.132170488530887,2.0132999925408512,52.409600000828505,84.0
1790078962,50,,Aggregated,49.700000,0.000000,4,5,6,6,7,8,11,13,21,21,21,4480,0,4,5.36286292409451,2.0132999925408512,86.7436000116868,24013.46674107143
1790078963,50,GET,[GET] /actuator/health,7.600000,0.000000,4,4,5,5,6,7,11,11,11,11,11,675,0,4,4.419181333117497,2.402699989033863,37.67689999949653,49.0
1790078963,50,GET,[GET] /api/soporte/election/status,6.800000,0.000000,4,4,4,4,5,6,7,9,9,9,9,605,0,4,4.250144297406193,2.139900010661222,38.31760000321083,78.0
1790078963,50,GET,[GET] /api/soporte/tickets,15.100000,0.000000,7,7,7,8,10,12,15,15,21,21,21,1279,0,7,8.247511962434059,3.9822999970056117,86.7436000116868,84651.0
1790078963,50,GET,[GET] /health,20.700000,0.000000,4,4,4,4,5,5,6,7,8,8,8,1965,0,4,4.126556844906123,2.0132999925408512,52.409600000828505,84.0
1790078963,50,,Aggregated,50.200000,0.000000,4,5,6,6,7,8,11,13,21,21,21,4524,0,4,5.351798563213694,2.0132999925408512,86.7436000116868,23986.285145888593
1790078964,50,GET,[GET] /actuator/health,7.300000,0.000000,4,5,5,5,6,7,11,11,11,11,11,681,0,4,4.418862995379789,2.402699989033863,37.67689999949653,49.0
1790078964,50,GET,[GET] /api/soporte/election/status,7.300000,0.000000,4,4,4,4,5,6,7,9,9,9,9,611,0,4,4.23966857600205,2.139900010661222,38.31760000321083,78.0
1790078964,50,GET,[GET] /api/soporte/tickets,14.700000,0.000000,7,7,7,8,10,12,15,15,21,21,21,1295,0,7,8.232930501885658,3.9822999970056117,86.7436000116868,84651.0
1790078964,50,GET,[GET] /health,20.100000,0.000000,4,4,4,4,5,5,6,7,8,8,8,1990,0,4,4.118956130784211,2.0132999925408512,52.409600000828505,84.0
1790078964,50,,Aggregated,49.400000,0.000000,4,5,6,6,7,8,11,13,21,21,21,4577,0,4,5.343686017040287,2.0132999925408512,86.7436000116868,24005.07581385187
1790078965,50,GET,[GET] /actuator/health,7.300000,0.000000,4,5,5,5,6,9,11,11,11,11,11,684,0,4,4.419029531956171,2.402699989033863,37.67689999949653,49.0
1790078965,50,GET,[GET] /api/soporte/election/status,7.800000,0.000000,4,4,4,4,5,6,7,9,9,9,9,615,0,4,4.236272520199229,2.139900010661222,38.31760000321083,78.0
1790078965,50,GET,[GET] /api/soporte/tickets,14.900000,0.000000,7,7,8,8,10,12,21,28,30,30,30,1315,0,7,8.24306555129517,3.9822999970056117,86.7436000116868,84651.0
1790078965,50,GET,[GET] /health,19.900000,0.000000,4,4,4,4,5,5,6,7,8,8,8,2009,0,4,4.115038327649947,2.0132999925408512,52.409600000828505,84.0
1790078965,50,,Aggregated,49.900000,0.000000,4,5,6,6,7,9,11,15,30,30,30,4623,0,4,5.350349772870958,2.0132999925408512,86.7436000116868,24132.880597014926
1790078966,50,GET,[GET] /actuator/health,6.800000,0.000000,4,5,5,5,6,7,10,11,11,11,11,692,0,4,4.431182225207889,2.402699989033863,37.67689999949653,49.0
1790078966,50,GET,[GET] /api/soporte/election/status,7.400000,0.000000,4,4,4,4,5,6,7,9,9,9,9,624,0,4,4.232055608857384,2.139900010661222,38.31760000321083,78.0
1790078966,50,GET,[GET] /api/soporte/tickets,14.700000,0.000000,6,7,7,8,10,12,21,28,30,30,30,1330,0,7,8.224688571406427,3.9822999970056117,86.7436000116868,84651.0
1790078966,50,GET,[GET] /health,20.000000,0.000000,4,4,4,4,5,5,6,8,9,9,9,2027,0,4,4.114540256654037,2.0132999925408512,52.409600000828505,84.0
1790078966,50,,Aggregated,48.900000,0.000000,4,5,6,6,7,8,11,15,30,30,30,4673,0,4,5.3469269634023435,2.0132999925408512,86.7436000116868,24146.9458591911
1790078967,50,GET,[GET] /actuator/health,6.500000,0.000000,4,5,5,5,6,7,10,11,11,11,11,701,0,4,4.43558002831318,2.402699989033863,37.67689999949653,49.0
1790078967,50,GET,[GET] /api/soporte/election/status,7.200000,0.000000,4,4,4,4,5,5,7,9,9,9,9,630,0,4,4.231300952313985,2.139900010661222,38.31760000321083,78.0
1790078967,50,GET,[GET] /api/soporte/tickets,15.000000,0.000000,7,7,8,8,10,12,21,28,30,30,30,1344,0,7,8.212747991051184,3.9822999970056117,86.7436000116868,84651.0
1790078967,50,GET,[GET] /health,20.400000,0.000000,4,4,4,4,5,5,6,8,9,9,9,2047,0,4,4.111240644987356,2.0132999925408512,52.409600000828505,84.0
1790078967,50,,Aggregated,49.100000,0.000000,4,5,6,6,7,9,11,15,30,30,30,4722,0,4,5.3428005294509235,2.0132999925408512,86.7436000116868,24147.89940703092
1790078968,50,GET,[GET] /actuator/health,6.500000,0.000000,4,5,5,5,6,7,7,10,10,10,10,707,0,4,4.442828712645554,2.402699989033863,37.67689999949653,49.0
1790078968,50,GET,[GET] /api/soporte/election/status,7.700000,0.000000,4,4,4,4,5,5,5,7,7,7,7,637,0,4,4.23260973310014,2.139900010661222,38.31760000321083,78.0
1790078968,50,GET,[GET] /api/soporte/tickets,15.100000,0.000000,7,7,7,8,9,11,12,28,30,30,30,1359,0,7,8.213520382601317,3.9822999970056117,86.7436000116868,84651.0
1790078968,50,GET,[GET] /health,19.400000,0.000000,4,4,4,4,5,5,7,9,9,9,9,2069,0,4,4.114785597051351,2.0132999925408512,52.409600000828505,84.0
1790078968,50,,Aggregated,48.700000,0.000000,4,5,6,6,7,8,10,12,30,30,30,4772,0,4,5.346378436730853,2.0132999925408512,86.7436000116868,24161.532690695723
1790078969,50,GET,[GET] /actuator/health,6.600000,0.000000,5,5,5,5,7,7,8,10,10,10,10,711,0,4,4.448251617208199,2.402699989033863,37.67689999949653,49.0
1790078969,50,GET,[GET] /api/soporte/election/status,6.700000,0.000000,4,4,4,4,5,6,8,8,8,8,8,646,0,4,4.24318250771302,2.139900010661222,38.31760000321083,78.0
1790078969,50,GET,[GET] /api/soporte/tickets,15.300000,0.000000,7,7,7,8,9,11,12,28,30,30,30,1379,0,7,8.189432922351152,3.9822999970056117,86.7436000116868,84651.0
1790078969,50,GET,[GET] /health,19.800000,0.000000,4,4,4,4,5,6,7,9,9,9,9,2091,0,4,4.114520660112623,2.0132999925408512,52.409600000828505,84.0
1790078969,50,,Aggregated,48.400000,0.000000,4,5,6,6,7,8,10,12,30,30,30,4827,0,4,5.345036979497695,2.0132999925408512,86.7436000116868,24237.538844002487
1790078970,50,GET,[GET] /actuator/health,6.400000,0.000000,4,5,5,5,7,8,9,10,10,10,10,717,0,4,4.453443095992051,2.402699989033863,37.67689999949653,49.0
1790078970,50,GET,[GET] /api/soporte/election/status,6.900000,0.000000,4,4,4,4,5,7,8,10,10,10,10,651,0,4,4.2496196620161655,2.139900010661222,38.31760000321083,78.0
1790078970,50,GET,[GET] /api/soporte/tickets,15.200000,0.000000,7,7,7,8,9,11,28,30,31,31,31,1397,0,7,8.184300429408879,3.9822999970056117,86.7436000116868,84651.0
1790078970,50,GET,[GET] /health,20.000000,0.000000,4,4,4,4,5,6,7,9,9,9,9,2113,0,4,4.109792522618867,2.0132999925408512,52.409600000828505,84.0
1790078970,50,,Aggregated,48.500000,0.000000,4,5,6,7,7,8,10,12,31,31,31,4878,0,4,5.345854940544628,2.0132999925408512,86.7436000116868,24297.0172201722
1790078971,50,GET,[GET] /actuator/health,6.400000,0.000000,4,5,5,6,7,8,9,10,10,10,10,719,0,4,4.450921001164883,2.402699989033863,37.67689999949653,49.0
1790078971,50,GET,[GET] /api/soporte/election/status,6.900000,0.000000,4,4,4,5,6,7,8,10,10,10,10,660,0,4,4.251936212103553,2.139900010661222,38.31760000321083,78.0
1790078971,50,GET,[GET] /api/soporte/tickets,15.200000,0.000000,7,7,8,8,9,11,28,30,31,31,31,1411,0,7,8.176616583895951,3.9822999970056117,86.7436000116868,84651.0
1790078971,50,GET,[GET] /health,20.100000,0.000000,4,4,4,4,5,7,8,9,9,9,9,2138,0,4,4.108284331283813,2.0132999925408512,52.409600000828505,84.0
1790078971,50,,Aggregated,48.600000,0.000000,4,6,6,7,8,9,11,12,31,31,31,4928,0,4,5.342371753244294,2.0132999925408512,86.7436000116868,24291.571428571428
1790078972,50,GET,[GET] /actuator/health,5.800000,0.000000,5,5,6,6,7,9,9,10,10,10,10,724,0,4,4.45504889480039,2.402699989033863,37.67689999949653,49.0
1790078972,50,GET,[GET] /api/soporte/election/status,7.100000,0.000000,4,4,4,5,6,8,8,10,10,10,10,668,0,4,4.249953293416881,2.139900010661222,38.31760000321083,78.0
1790078972,50,GET,[GET] /api/soporte/tickets,15.700000,0.000000,7,7,8,8,10,11,28,30,31,31,31,1423,0,7,8.17445509477238,3.9822999970056117,86.7436000116868,84651.0
1790078972,50,GET,[GET] /health,20.300000,0.000000,4,4,4,4,5,6,7,9,9,9,9,2159,0,4,4.101585734271302,2.0132999925408512,52.409600000828505,84.0
1790078972,50,,Aggregated,48.900000,0.000000,4,6,6,7,8,9,11,12,31,31,31,4974,0,4,5.338157901083795,2.0132999925408512,86.7436000116868,24271.67450743868
1790078973,50,GET,[GET] /actuator/health,5.800000,0.000000,5,5,5,6,7,9,9,10,10,10,10,732,0,4,4.454281557120906,2.402699989033863,37.67689999949653,49.0
1790078973,50,GET,[GET] /api/soporte/election/status,6.900000,0.000000,4,4,4,5,6,8,8,10,10,10,10,675,0,4,4.240854222228302,2.139900010661222,38.31760000321083,78.0
1790078973,50,GET,[GET] /api/soporte/tickets,14.800000,0.000000,7,7,8,8,10,12,30,31,36,36,36,1437,0,7,8.186001948407196,3.9822999970056117,86.7436000116868,84651.0
1790078973,50,GET,[GET] /health,20.900000,0.000000,4,4,4,4,5,7,8,9,27,27,27,2188,0,4,4.108619012927517,2.0132999925408512,52.409600000828505,84.0
1790078973,50,,Aggregated,48.400000,0.000000,4,6,6,7,8,9,12,27,36,36,36,5032,0,4,5.34102819951573,2.0132999925408512,86.7436000116868,24228.099562798092
1790078974,50,GET,[GET] /actuator/health,5.900000,0.000000,4,5,5,6,7,9,9,10,10,10,10,739,0,4,4.454505412464587,2.402699989033863,37.67689999949653,49.0
1790078974,50,GET,[GET] /api/soporte/election/status,6.600000,0.000000,4,4,4,5,7,8,8,10,10,10,10,684,0,4,4.247680555561718,2.139900010661222,38.31760000321083,78.0
1790078974,50,GET,[GET] /api/soporte/tickets,15.500000,0.000000,7,7,8,8,9,11,14,31,36,36,36,1450,0,7,8.173411655077182,3.9822999970056117,86.7436000116868,84651.0
1790078974,50,GET,[GET] /health,21.400000,0.000000,4,4,4,4,5,7,9,9,27,27,27,2207,0,4,4.107652786705024,2.0132999925408512,52.409600000828505,84.0
1790078974,50,,Aggregated,49.400000,0.000000,4,6,7,7,8,9,11,12,36,36,36,5080,0,4,5.337466456680206,2.0132999925408512,86.7436000116868,24216.31909448819
1790078975,50,GET,[GET] /actuator/health,5.700000,0.000000,4,5,5,6,7,8,9,9,9,9,9,745,0,4,4.453858791716903,2.402699989033863,37.67689999949653,49.0
1790078975,50,GET,[GET] /api/soporte/election/status,6.800000,0.000000,4,4,5,5,7,8,8,10,10,10,10,688,0,4,4.246662354701183,2.139900010661222,38.31760000321083,78.0
1790078975,50,GET,[GET] /api/soporte/tickets,15.400000,0.000000,7,7,8,8,9,12,15,31,36,36,36,1468,0,7,8.161248160668187,3.9822999970056117,86.7436000116868,84651.0
1790078975,50,GET,[GET] /health,21.700000,0.000000,4,4,4,4,6,7,9,9,27,27,27,2235,0,4,4.107797315537719,2.0132999925408512,52.409600000828505,84.0
1790078975,50,,Aggregated,49.600000,0.000000,4,6,7,7,8,9,11,14,36,36,36,5136,0,4,5.335176752326948,2.0132999925408512,86.7436000116868,24249.52823208723
1790078976,50,GET,[GET] /actuator/health,5.600000,0.000000,4,5,5,6,7,8,9,9,9,9,9,752,0,4,4.454825531691777,2.402699989033863,37.67689999949653,49.0
1790078976,50,GET,[GET] /api/soporte/election/status,7.200000,0.000000,4,4,5,5,7,8,8,10,10,10,10,695,0,4,4.244094964061535,2.139900010661222,38.31760000321083,78.0
1790078976,50,GET,[GET] /api/soporte/tickets,15.700000,0.000000,7,7,8,8,10,12,15,31,36,36,36,1483,0,7,8.15937700597786,3.9822999970056117,86.7436000116868,84651.0
1790078976,50,GET,[GET] /health,21.500000,0.000000,4,4,4,5,6,7,9,11,27,27,27,2255,0,4,4.113381286125894,2.0132999925408512,52.409600000828505,84.0
1790078976,50,,Aggregated,50.000000,0.000000,4,6,7,7,8,9,12,14,36,36,36,5185,0,4,5.337648158135784,2.0132999925408512,86.7436000116868,24265.749469623916
1790078977,50,GET,[GET] /actuator/health,6.000000,0.000000,4,5,5,5,7,9,9,10,10,10,10,760,0,4,4.460837894523713,2.402699989033863,37.67689999949653,49.0
1790078977,50,GET,[GET] /api/soporte/election/status,7.200000,0.000000,4,4,5,6,7,8,10,11,11,11,11,699,0,4,4.258367954266194,2.139900010661222,38.31760000321083,78.0
1790078977,50,GET,[GET] /api/soporte/tickets,15.300000,0.000000,7,7,8,8,10,12,16,31,36,36,36,1493,0,7,8.156810448670601,3.9822999970056117,86.7436000116868,84651.0
1790078977,50,GET,[GET] /health,21.600000,0.000000,4,4,4,5,6,8,9,11,27,27,27,2280,0,4,4.11736662292178,2.0132999925408512,52.409600000828505,84.0
1790078977,50,,Aggregated,50.100000,0.000000,4,6,6,7,8,9,12,15,36,36,36,5232,0,4,5.338790118500947,2.0132999925408512,86.7436000116868,24210.09652140673
1790078978,50,GET,[GET] /actuator/health,5.900000,0.000000,4,5,5,5,7,9,10,10,10,10,10,768,0,4,4.467853515431368,2.402699989033863,37.67689999949653,49.0
1790078978,50,GET,[GET] /api/soporte/election/status,6.900000,0.000000,4,4,5,6,7,8,10,11,11,11,11,704,0,4,4.259918892082417,2.139900010661222,38.31760000321083,78.0
1790078978,50,GET,[GET] /api/soporte/tickets,15.200000,0.000000,7,7,8,8,10,12,16,31,36,36,36,1509,0,7,8.147984758027008,3.9822999970056117,86.7436000116868,84651.0
1790078978,50,GET,[GET] /health,22.400000,0.000000,4,4,4,5,6,8,9,11,27,27,27,2302,0,4,4.115677975757079,2.0132999925408512,52.409600000828505,84.0
1790078978,50,,Aggregated,50.400000,0.000000,4,6,7,7,8,9,11,15,36,36,36,5283,0,4,5.337856161259296,2.0132999925408512,86.7436000116868,24233.25212947189
1790078979,50,GET,[GET] /actuator/health,5.600000,0.000000,4,5,5,5,7,9,10,10,10,10,10,778,0,4,4.46191311033624,2.402699989033863,37.67689999949653,49.0
1790078979,50,GET,[GET] /api/soporte/election/status,7.200000,0.000000,4,4,5,6,7,7,10,11,11,11,11,712,0,4,4.249723595564595,2.139900010661222,38.31760000321083,78.0
1790078979,50,GET,[GET] /api/soporte/tickets,14.900000,0.000000,7,7,8,8,9,12,15,16,36,36,36,1523,0,7,8.13317137220535,3.9822999970056117,86.7436000116868,84651.0
1790078979,50,GET,[GET] /health,23.000000,0.000000,4,4,4,5,6,7,9,11,27,27,27,2327,0,4,4.111389858252409,2.0132999925408512,52.409600000828505,84.0
1790078979,50,,Aggregated,50.700000,0.000000,4,6,6,7,8,9,11,14,36,36,36,5340,0,4,5.327939288371852,2.0132999925408512,86.7436000116868,24197.115917602998
1790078980,50,GET,[GET] /actuator/health,6.100000,0.000000,4,5,5,5,7,9,10,12,12,12,12,784,0,4,4.466008928365951,2.402699989033863,37.67689999949653,49.0
1790078980,50,GET,[GET] /api/soporte/election/status,6.900000,0.000000,4,4,5,5,7,7,11,18,18,18,18,724,0,4,4.269357458619177,2.139900010661222,38.31760000321083,78.0
1790078980,50,GET,[GET] /api/soporte/tickets,14.800000,0.000000,7,7,8,8,9,12,16,21,36,36,36,1536,0,7,8.127431770750112,3.9822999970056117,86.7436000116868,84651.0
1790078980,50,GET,[GET] /health,22.900000,0.000000,4,4,4,4,6,7,9,11,27,27,27,2347,0,4,4.103295568847104,2.0132999925408512,52.409600000828505,84.0
1790078980,50,,Aggregated,50.700000,0.000000,4,5,6,7,8,9,12,16,36,36,36,5391,0,4,5.32489996287062,2.0132999925408512,86.7436000116868,24172.875533296236
1790078981,50,GET,[GET] /actuator/health,6.400000,0.000000,4,5,5,5,6,8,10,12,12,12,12,789,0,4,4.46193269940851,2.402699989033863,37.67689999949653,49.0
1790078981,50,GET,[GET] /api/soporte/election/status,6.800000,0.000000,4,4,5,5,7,7,11,18,18,18,18,732,0,4,4.267967486425807,2.139900010661222,38.31760000321083,78.0
1790078981,50,GET,[GET] /api/soporte/tickets,14.300000,0.000000,7,7,8,8,10,13,16,21,36,36,36,1552,0,7,8.120709149413424,3.9822999970056117,86.7436000116868,84651.0
1790078981,50,GET,[GET] /health,23.400000,0.000000,4,4,4,5,6,7,9,11,27,27,27,2361,0,4,4.101122490504659,2.0132999925408512,52.409600000828505,84.0
1790078981,50,,Aggregated,50.900000,0.000000,4,6,6,7,8,10,13,16,36,36,36,5434,0,4,5.324016912011067,2.0132999925408512,86.7436000116868,24231.216967243283
1790078982,50,GET,[GET] /actuator/health,6.800000,0.000000,4,5,5,5,6,10,12,12,12,12,12,802,0,4,4.470268703056958,2.402699989033863,37.67689999949653,49.0
1790078982,50,GET,[GET] /api/soporte/election/status,6.800000,0.000000,4,4,5,5,7,8,11,18,18,18,18,744,0,4,4.265552553851614,2.139900010661222,38.31760000321083,78.0
1790078982,50,GET,[GET] /api/soporte/tickets,13.800000,0.000000,7,7,8,8,10,13,19,21,36,36,36,1567,0,7,8.120833950166412,3.9822999970056117,86.7436000116868,84651.0
1790078982,50,GET,[GET] /health,23.200000,0.000000,4,4,4,5,6,7,9,11,27,27,27,2377,0,4,4.1003294068378455,2.0132999925408512,52.409600000828505,84.0
1790078982,50,,Aggregated,50.600000,0.000000,4,6,6,7,8,10,13,18,36,36,36,5490,0,4,5.324327213093189,2.0132999925408512,86.7436000116868,24215.867941712204
1790078983,50,GET,[GET] /actuator/health,6.700000,0.000000,4,5,5,5,7,10,12,12,12,12,12,810,0,4,4.472416543033848,2.402699989033863,37.67689999949653,49.0
1790078983,50,GET,[GET] /api/soporte/election/status,7.400000,0.000000,4,4,5,5,6,8,11,18,18,18,18,749,0,4,4.260687316533642,2.139900010661222,38.31760000321083,78.0
1790078983,50,GET,[GET] /api/soporte/tickets,14.000000,0.000000,7,7,8,8,10,13,16,19,21,21,21,1584,0,7,8.119412941862656,3.9822999970056117,86.7436000116868,84651.0
1790078983,50,GET,[GET] /health,22.500000,0.000000,4,4,4,5,6,7,9,10,11,11,11,2399,0,4,4.104771488144774,2.0132999925408512,52.409600000828505,84.0
1790078983,50,,Aggregated,50.600000,0.000000,4,6,6,7,8,10,12,15,21,21,21,5542,0,4,5.327031595075943,2.0132999925408512,86.7436000116868,24248.793215445687
1790078984,50,GET,[GET] /actuator/health,7.100000,0.000000,4,5,5,5,6,10,12,12,12,12,12,814,0,4,4.470607247988748,2.402699989033863,37.67689999949653,49.0
1790078984,50,GET,[GET] /api/soporte/election/status,7.600000,0.000000,4,4,5,5,6,8,11,18,18,18,18,751,0,4,4.2605336885376905,2.139900010661222,38.31760000321083,78.0
1790078984,50,GET,[GET] /api/soporte/tickets,14.000000,0.000000,7,7,8,8,10,13,16,19,21,21,21,1594,0,7,8.109400501832821,3.9822999970056117,86.7436000116868,84651.0
1790078984,50,GET,[GET] /health,21.600000,0.000000,4,4,4,5,6,7,9,10,11,11,11,2425,0,4,4.097695587636164,2.0132999925408512,52.409600000828505,84.0
1790078984,50,,Aggregated,50.300000,0.000000,4,6,6,7,8,10,12,13,21,21,21,5584,0,4,5.319131679780419,2.0132999925408512,86.7436000116868,24218.45594555874
1790078985,50,GET,[GET] /actuator/health,7.800000,0.000000,4,5,5,5,6,10,12,12,12,12,12,822,0,4,4.467444403726979,2.402699989033863,37.67689999949653,49.0
1790078985,50,GET,[GET] /api/soporte/election/status,7.400000,0.000000,4,4,5,5,6,8,11,18,18,18,18,757,0,4,4.258104227333332,2.139900010661222,38.31760000321083,78.0
1790078985,50,GET,[GET] /api/soporte/tickets,14.000000,0.000000,7,7,8,8,10,13,16,19,21,21,21,1607,0,7,8.099763845620206,3.9822999970056117,86.7436000116868,84651.0
1790078985,50,GET,[GET] /health,21.000000,0.000000,4,4,4,4,6,7,8,9,11,11,11,2447,0,4,4.093410339209597,2.0132999925408512,52.409600000828505,84.0
1790078985,50,,Aggregated,50.200000,0.000000,4,5,6,7,8,9,12,13,21,21,21,5633,0,4,5.313069376870667,2.0132999925408512,86.7436000116868,24203.626664299663
1790078986,50,GET,[GET] /actuator/health,7.700000,0.000000,4,5,5,5,6,9,12,12,12,12,12,832,0,4,4.471850240231736,2.402699989033863,37.67689999949653,49.0
1790078986,50,GET,[GET] /api/soporte/election/status,6.900000,0.000000,4,4,5,5,7,9,11,18,18,18,18,766,0,4,4.265604177686688,2.139900010661222,38.31760000321083,78.0
1790078986,50,GET,[GET] /api/soporte/tickets,14.100000,0.000000,7,7,8,8,10,12,18,19,21,21,21,1622,0,7,8.096172687974093,3.9822999970056117,86.7436000116868,84651.0
1790078986,50,GET,[GET] /health,20.900000,0.000000,4,4,4,4,5,6,7,9,10,10,10,2466,0,4,4.095413625327048,2.0132999925408512,52.409600000828505,84.0
1790078986,50,,Aggregated,49.600000,0.000000,4,5,6,7,8,9,12,13,21,21,21,5686,0,4,5.314687706635822,2.0132999925408512,86.7436000116868,24201.825888146323
1790078987,50,GET,[GET] /actuator/health,7.300000,0.000000,4,5,5,5,6,9,12,12,12,12,12,839,0,4,4.472122526652966,2.402699989033863,37.67689999949653,49.0
1790078987,50,GET,[GET] /api/soporte/election/status,6.800000,0.000000,4,4,4,5,5,8,11,18,18,18,18,770,0,4,4.26047402609808,2.139900010661222,38.31760000321083,78.0
1790078987,50,GET,[GET] /api/soporte/tickets,13.900000,0.000000,7,7,8,8,10,12,18,19,21,21,21,1642,0,7,8.082669671058703,3.9822999970056117,86.7436000116868,84651.0
1790078987,50,GET,[GET] /health,21.600000,0.000000,4,4,4,4,5,6,7,8,10,10,10,2488,0,4,4.093709646349745,2.0132999925408512,52.409600000828505,84.0
1790078987,50,,Aggregated,49.600000,0.000000,4,5,6,7,8,9,12,13,21,21,21,5739,0,4,5.3126971597759045,2.0132999925408512,86.7436000116868,24273.75936574316
1790078988,50,GET,[GET] /actuator/health,7.900000,0.000000,4,5,5,5,6,9,12,12,12,12,12,845,0,4,4.470337159620301,2.402699989033863,37.67689999949653,49.0
1790078988,50,GET,[GET] /api/soporte/election/status,6.900000,0.000000,4,4,5,5,5,8,11,18,18,18,18,773,0,4,4.259484217471755,2.139900010661222,38.31760000321083,78.0
1790078988,50,GET,[GET] /api/soporte/tickets,13.900000,0.000000,7,7,8,8,10,13,19,21,33,33,33,1653,0,7,8.091446884396273,3.9822999970056117,86.7436000116868,84651.0
1790078988,50,GET,[GET] /health,20.900000,0.000000,4,4,4,4,5,6,8,8,10,10,10,2511,0,4,4.094128594235845,2.0132999925408512,52.409600000828505,84.0
1790078988,50,,Aggregated,49.600000,0.000000,4,5,6,7,8,9,12,18,33,33,33,5782,0,4,5.313997717056048,2.0132999925408512,86.7436000116868,24254.70875129713
1790078989,50,GET,[GET] /actuator/health,7.900000,0.000000,4,5,5,5,6,9,12,12,12,12,12,851,0,4,4.464559224284403,2.402699989033863,37.67689999949653,49.0
1790078989,50,GET,[GET] /api/soporte/election/status,6.900000,0.000000,4,4,5,5,7,9,11,18,18,18,18,776,0,4,4.256108118704677,2.139900010661222,38.31760000321083,78.0
1790078989,50,GET,[GET] /api/soporte/tickets,14.200000,0.000000,7,7,8,9,10,13,19,21,33,33,33,1664,0,7,8.082041165791383,3.9822999970056117,86.7436000116868,84651.0
1790078989,50,GET,[GET] /health,20.400000,0.000000,4,4,4,4,5,6,8,8,10,10,10,2533,0,4,4.090925819235271,2.0132999925408512,52.409600000828505,83.998815633636
1790078989,50,,Aggregated,49.400000,0.000000,4,5,6,7,8,9,12,18,33,33,33,5824,0,4,5.307848798073602,2.0132999925408512,86.7436000116868,24240.085851648353
1790078990,50,GET,[GET] /actuator/health,7.600000,0.000000,4,5,5,5,6,9,11,12,12,12,12,863,0,4,4.471097566477543,2.402699989033863,37.67689999949653,49.0
1790078990,50,GET,[GET] /api/soporte/election/status,6.900000,0.000000,4,4,5,5,5,9,11,12,12,12,12,781,0,4,4.26798693998359,2.139900010661222,38.31760000321083,78.0
1790078990,50,GET,[GET] /api/soporte/tickets,14.300000,0.000000,7,7,8,8,9,12,18,19,33,33,33,1677,0,7,8.074234704784901,3.9822999970056117,86.7436000116868,84651.0
1790078990,50,GET,[GET] /health,20.800000,0.000000,4,4,4,4,5,6,7,8,10,10,10,2556,0,4,4.085100391280385,2.0132999925408512,52.409600000828505,83.99882629107981
1790078990,50,,Aggregated,49.600000,0.000000,4,5,6,7,8,9,11,13,33,33,33,5877,0,4,5.304383733203037,2.0132999925408512,86.7436000116868,24209.228007486814
1790078991,50,GET,[GET] /actuator/health,7.300000,0.000000,4,5,5,5,6,9,11,12,12,12,12,876,0,4,4.475792922235979,2.402699989033863,37.67689999949653,49.0
1790078991,50,GET,[GET] /api/soporte/election/status,6.300000,0.000000,4,4,5,5,6,9,12,12,12,12,12,785,0,4,4.268940127544419,2.139900010661222,38.31760000321083,78.0
1790078991,50,GET,[GET] /api/soporte/tickets,14.700000,0.000000,7,7,8,8,10,12,18,19,33,33,33,1693,0,7,8.05656904896817,3.9822999970056117,86.7436000116868,84651.0
1790078991,50,GET,[GET] /health,20.900000,0.000000,4,4,4,4,5,6,7,8,10,10,10,2574,0,4,4.082117094063123,2.0132999925408512,52.409600000828505,83.9988344988345
1790078991,50,,Aggregated,49.200000,0.000000,4,5,6,7,8,9,11,13,33,33,33,5928,0,4,5.30011022267589,2.0132999925408512,86.7436000116868,24229.843117408906
1790078992,50,GET,[GET] /actuator/health,7.300000,0.000000,4,4,5,5,6,8,9,11,11,11,11,882,0,4,4.474411564514827,2.402699989033863,37.67689999949653,49.0
1790078992,50,GET,[GET] /api/soporte/election/status,6.200000,0.000000,4,4,5,5,5,7,12,12,12,12,12,791,0,4,4.267535019101835,2.139900010661222,38.31760000321083,78.0
1790078992,50,GET,[GET] /api/soporte/tickets,14.000000,0.000000,7,7,8,8,9,11,15,18,33,33,33,1712,0,7,8.04210917052094,3.9822999970056117,86.7436000116868,84651.0
1790078992,50,GET,[GET] /health,21.000000,0.000000,4,4,4,4,5,6,7,8,10,10,10,2599,0,4,4.077292651079533,2.0132999925408512,52.409600000828505,83.99884570988841
1790078992,50,,Aggregated,48.500000,0.000000,4,5,6,7,7,9,11,13,33,33,33,5984,0,4,5.295291727957752,2.0132999925408512,86.7436000116868,24272.349766042782
1790078993,50,GET,[GET] /actuator/health,8.000000,0.000000,4,5,5,5,6,8,9,11,11,11,11,883,0,4,4.473682446102058,2.402699989033863,37.67689999949653,49.0
1790078993,50,GET,[GET] /api/soporte/election/status,5.300000,0.000000,4,4,5,5,5,7,12,12,12,12,12,798,0,4,4.257091729471227,2.139900010661222,38.31760000321083,78.0
1790078993,50,GET,[GET] /api/soporte/tickets,13.800000,0.000000,7,7,7,8,9,10,15,18,33,33,33,1725,0,7,8.028922202866998,3.9822999970056117,86.7436000116868,84651.0
1790078993,50,GET,[GET] /health,21.200000,0.000000,4,4,4,4,5,5,7,8,10,10,10,2619,0,4,4.0728171440166765,2.0132999925408512,52.409600000828505,83.99885452462772
1790078993,50,,Aggregated,48.300000,0.000000,4,5,6,6,7,9,10,12,33,33,33,6025,0,4,5.288633975128864,2.0132999925408512,86.7436000116868,24290.20398340249
1790078994,50,GET,[GET] /actuator/health,8.400000,0.000000,4,5,5,5,6,8,9,11,11,11,11,891,0,4,4.473185297324506,2.402699989033863,37.67689999949653,49.0
1790078994,50,GET,[GET] /api/soporte/election/status,4.900000,0.000000,4,4,4,5,5,7,11,12,12,12,12,808,0,4,4.246803094184264,2.139900010661222,38.31760000321083,78.0
1790078994,50,GET,[GET] /api/soporte/tickets,13.800000,0.000000,7,7,7,8,9,10,15,18,33,33,33,1738,0,7,8.021117548870354,3.9822999970056117,86.7436000116868,84651.0
1790078994,50,GET,[GET] /health,21.400000,0.000000,4,4,4,4,5,5,7,8,10,10,10,2638,0,4,4.066587490584525,2.0132999925408512,52.409600000828505,83.99886277482942
1790078994,50,,Aggregated,48.500000,0.000000,4,5,6,6,7,9,10,12,33,33,33,6075,0,4,5.281544872447024,2.0132999925408512,86.7436000116868,24271.886419753086
1790078995,50,GET,[GET] /actuator/health,7.400000,0.000000,4,4,5,5,6,7,9,11,11,11,11,897,0,4,4.472563990993075,2.402699989033863,37.67689999949653,49.0
1790078995,50,GET,[GET] /api/soporte/election/status,4.600000,0.000000,4,4,4,4,5,5,6,12,12,12,12,817,0,4,4.240949938897781,2.139900010661222,38.31760000321083,78.0
1790078995,50,GET,[GET] /api/soporte/tickets,14.500000,0.000000,6,7,7,8,9,10,13,15,33,33,33,1750,0,7,8.011470228550024,3.9822999970056117,86.7436000116868,84651.0
1790078995,50,GET,[GET] /health,21.900000,0.000000,3,4,4,4,5,5,6,7,8,8,8,2658,0,4,4.061264898470542,2.0132999925408512,52.409600000828505,83.99887133182844
1790078995,50,,Aggregated,48.400000,0.000000,4,5,6,6,7,8,9,11,33,33,33,6122,0,4,5.274691440721581,2.0132999925408512,86.7436000116868,24251.910813459654
1790078996,50,GET,[GET] /actuator/health,7.600000,0.000000,4,4,5,5,6,7,9,11,11,11,11,901,0,4,4.470460821234091,2.402699989033863,37.67689999949653,49.0
1790078996,50,GET,[GET] /api/soporte/election/status,5.300000,0.000000,3,4,4,4,5,5,6,12,12,12,12,825,0,4,4.234981939485861,2.139900010661222,38.31760000321083,78.0
1790078996,50,GET,[GET] /api/soporte/tickets,14.500000,0.000000,6,7,7,8,8,9,13,15,33,33,33,1773,0,7,7.993634799735656,3.9822999970056117,86.7436000116868,84651.0
1790078996,50,GET,[GET] /health,21.800000,0.000000,4,4,4,4,5,5,6,7,8,8,8,2680,0,4,4.05741861944066,2.0132999925408512,52.409600000828505,83.99888059701493
1790078996,50,,Aggregated,49.200000,0.000000,4,5,6,6,7,8,9,11,33,33,33,6179,0,4,5.270811085942715,2.0132999925408512,86.7436000116868,24343.71888655122
1790078997,50,GET,[GET] /actuator/health,7.600000,0.000000,4,5,5,5,6,8,11,20,20,20,20,906,0,4,4.489204635689185,2.402699989033863,37.67689999949653,49.0
1790078997,50,GET,[GET] /api/soporte/election/status,5.900000,0.000000,4,4,4,5,5,6,6,12,12,12,12,831,0,4,4.2362803851990325,2.139900010661222,38.31760000321083,78.0
1790078997,50,GET,[GET] /api/soporte/tickets,14.400000,0.000000,6,7,7,8,9,10,33,34,39,39,39,1791,0,7,8.013285706264652,3.9822999970056117,86.7436000116868,84651.0
1790078997,50,GET,[GET] /health,20.500000,0.000000,4,4,4,4,5,5,7,8,18,18,18,2698,0,4,4.060683024502128,2.0132999925408512,52.409600000828505,83.9988880652335
1790078997,50,,Aggregated,48.400000,0.000000,4,5,6,6,7,8,11,18,39,39,39,6226,0,4,5.283502393199732,2.0132999925408512,86.7436000116868,24405.040475425634
1790078998,50,GET,[GET] /actuator/health,7.100000,0.000000,4,5,5,5,7,8,11,20,20,20,20,910,0,4,4.489910659274076,2.402699989033863,37.67689999949653,49.0
1790078998,50,GET,[GET] /api/soporte/election/status,5.900000,0.000000,4,4,4,5,5,5,6,12,12,12,12,838,0,4,4.234655608666443,2.139900010661222,38.31760000321083,78.0
1790078998,50,GET,[GET] /api/soporte/tickets,14.100000,0.000000,6,7,7,8,8,9,15,34,39,39,39,1808,0,7,7.99887948002745,3.9822999970056117,86.7436000116868,84651.0
1790078998,50,GET,[GET] /health,21.500000,0.000000,3,4,4,4,5,5,7,7,18,18,18,2719,0,4,4.059092423724217,2.0132999925408512,52.409600000828505,83.99889665318132
1790078998,50,,Aggregated,48.600000,0.000000,4,5,6,6,7,8,11,15,39,39,39,6275,0,4,5.2801763346609825,2.0132999925408512,86.7436000116868,24444.2
1790078999,50,GET,[GET] /actuator/health,6.800000,0.000000,4,5,5,5,6,7,8,20,20,20,20,920,0,4,4.483086956458029,2.402699989033863,37.67689999949653,49.0
1790078999,50,GET,[GET] /api/soporte/election/status,6.100000,0.000000,4,4,4,4,5,5,6,12,12,12,12,844,0,4,4.229244668327324,2.139900010661222,38.31760000321083,78.0
1790078999,50,GET,[GET] /api/soporte/tickets,14.500000,0.000000,6,7,7,7,8,9,15,34,39,39,39,1819,0,7,7.988298735507099,3.9822999970056117,86.7436000116868,84651.0
1790078999,50,GET,[GET] /health,21.100000,0.000000,4,4,4,4,5,5,7,7,18,18,18,2742,0,4,4.054092669622283,2.0132999925408512,52.409600000828505,83.99890590809628
1790078999,50,,Aggregated,48.500000,0.000000,4,5,6,6,7,8,9,15,39,39,39,6325,0,4,5.27129802371563,2.0132999925408512,86.7436000116868,24398.641264822134
1790079000,50,GET,[GET] /actuator/health,6.500000,0.000000,4,5,5,5,6,7,8,20,20,20,20,927,0,4,4.481010248057219,2.402699989033863,37.67689999949653,49.0
1790079000,50,GET,[GET] /api/soporte/election/status,6.100000,0.000000,4,4,4,4,5,5,5,6,6,6,6,849,0,4,4.2249332156227855,2.139900010661222,38.31760000321083,78.0
1790079000,50,GET,[GET] /api/soporte/tickets,15.000000,0.000000,6,7,7,8,8,9,14,34,39,39,39,1832,0,7,7.984108678987285,3.9822999970056117,86.7436000116868,84651.0
1790079000,50,GET,[GET] /health,20.900000,0.000000,4,4,4,4,5,5,7,14,18,18,18,2764,0,4,4.056751591931118,2.0132999925408512,52.409600000828505,83.99891461649783
1790079000,50,,Aggregated,48.500000,0.000000,4,5,6,6,7,8,10,14,39,39,39,6372,0,4,5.270027197114737,2.0132999925408512,86.7436000116868,24391.784369114877
1790079001,50,GET,[GET] /actuator/health,6.600000,0.000000,4,4,5,5,5,6,8,20,20,20,20,936,0,4,4.472530769156496,2.402699989033863,37.67689999949653,49.0
1790079001,50,GET,[GET] /api/soporte/election/status,6.600000,0.000000,3,4,4,4,5,5,5,6,6,6,6,855,0,4,4.2223912281323255,2.139900010661222,38.31760000321083,78.0
1790079001,50,GET,[GET] /api/soporte/tickets,15.100000,0.000000,6,7,7,7,8,9,13,34,39,39,39,1849,0,7,7.966913520762399,3.9822999970056117,86.7436000116868,84651.0
1790079001,50,GET,[GET] /health,20.100000,0.000000,3,4,4,4,5,5,7,14,18,18,18,2784,0,4,4.052328160955296,2.0132999925408512,52.409600000828505,83.99892241379311
1790079001,50,,Aggregated,48.400000,0.000000,4,5,6,6,7,8,9,14,39,39,39,6424,0,4,5.262910647567379,2.0132999925408512,86.7436000116868,24418.758717310087
1790079002,50,GET,[GET] /actuator/health,6.400000,0.000000,4,4,5,5,6,6,8,20,20,20,20,945,0,4,4.476211005196631,2.402699989033863,37.67689999949653,49.0
1790079002,50,GET,[GET] /api/soporte/election/status,6.600000,0.000000,4,4,4,4,5,5,5,6,6,6,6,859,0,4,4.219866821931201,2.139900010661222,38.31760000321083,78.0
1790079002,50,GET,[GET] /api/soporte/tickets,15.100000,0.000000,6,7,7,8,8,10,31,34,39,39,39,1865,0,7,7.970982948995393,3.9822999970056117,86.7436000116868,84651.0
1790079002,50,GET,[GET] /health,20.300000,0.000000,3,4,4,4,5,5,7,14,18,18,18,2800,0,4,4.050274500036072,2.0132999925408512,52.409600000828505,83.99892857142858
1790079002,50,,Aggregated,48.400000,0.000000,4,5,6,6,7,8,11,18,39,39,39,6469,0,4,5.265348090883773,2.0132999925408512,86.7436000116868,24458.590044829187
1790079003,50,GET,[GET] /actuator/health,6.700000,0.000000,4,4,5,5,6,6,8,20,20,20,20,957,0,4,4.476347021819866,2.402699989033863,37.67689999949653,49.0
1790079003,50,GET,[GET] /api/soporte/election/status,6.800000,0.000000,4,4,4,4,5,5,6,6,6,6,6,865,0,4,4.2177678612928915,2.139900010661222,38.31760000321083,78.0
1790079003,50,GET,[GET] /api/soporte/tickets,15.300000,0.000000,7,7,7,8,8,10,34,35,39,39,39,1878,0,7,7.979598349244562,3.9822999970056117,86.7436000116868,84651.0
1790079003,50,GET,[GET] /health,20.500000,0.000000,4,4,4,4,5,5,7,14,18,18,18,2829,0,4,4.048131565956493,2.0132999925408512,52.409600000828505,83.99893955461293
1790079003,50,,Aggregated,49.300000,0.000000,4,5,6,6,7,8,13,20,39,39,39,6529,0,4,5.264218593945806,2.0132999925408512,86.7436000116868,24402.9061111962
1790079004,50,GET,[GET] /actuator/health,6.000000,0.000000,4,4,5,5,6,6,8,20,20,20,20,962,0,4,4.473258731670129,2.402699989033863,37.67689999949653,49.0
1790079004,50,GET,[GET] /api/soporte/election/status,7.000000,0.000000,4,4,4,5,5,6,6,6,6,6,6,873,0,4,4.213518213075591,2.139900010661222,38.31760000321083,78.0
1790079004,50,GET,[GET] /api/soporte/tickets,15.500000,0.000000,6,7,7,8,8,10,34,35,39,39,39,1885,0,7,7.972004509219698,3.9822999970056117,86.7436000116868,84651.0
1790079004,50,GET,[GET] /health,20.800000,0.000000,4,4,4,4,5,5,7,14,18,18,18,2852,0,4,4.042642461467024,2.0132999925408512,52.409600000828505,83.99894810659187
1790079004,50,,Aggregated,49.300000,0.000000,4,5,6,6,7,8,13,20,39,39,39,6572,0,4,5.255404914769437,2.0132999925408512,86.7436000116868,24333.830188679247
1790079005,50,GET,[GET] /actuator/health,6.500000,0.000000,4,4,5,5,6,6,10,20,20,20,20,973,0,4,4.476283555870727,2.402699989033863,37.67689999949653,49.0
1790079005,50,GET,[GET] /api/soporte/election/status,6.800000,0.000000,4,4,4,4,5,6,6,6,6,6,6,878,0,4,4.211821981820682,2.139900010661222,38.31760000321083,78.0
1790079005,50,GET,[GET] /api/soporte/tickets,15.200000,0.000000,6,7,7,8,8,10,34,35,39,39,39,1899,0,7,7.960934860380111,3.9822999970056117,86.7436000116868,84651.0
1790079005,50,GET,[GET] /health,20.500000,0.000000,4,4,4,4,5,5,7,14,18,18,18,2870,0,4,4.041078153363663,2.0132999925408512,52.409600000828505,83.99895470383275
1790079005,50,,Aggregated,49.000000,0.000000,4,5,6,6,7,8,13,20,39,39,39,6620,0,4,5.252131903310622,2.0132999925408512,86.7436000116868,24336.780513595168
1790079006,50,GET,[GET] /actuator/health,7.100000,0.000000,4,4,5,5,6,6,10,20,20,20,20,983,0,4,4.474080366093504,2.402699989033863,37.67689999949653,49.0
1790079006,50,GET,[GET] /api/soporte/election/status,6.300000,0.000000,4,4,4,4,5,6,6,6,6,6,6,886,0,4,4.209454514692762,2.139900010661222,38.31760000321083,78.0
1790079006,50,GET,[GET] /api/soporte/tickets,14.600000,0.000000,6,7,7,8,9,14,34,35,39,39,39,1912,0,7,7.979556694499859,3.9822999970056117,86.7436000116868,84651.0
1790079006,50,GET,[GET] /health,21.200000,0.000000,4,4,4,4,5,5,14,14,18,18,18,2891,0,4,4.048639813264139,2.0132999925408512,52.409600000828505,83.99896229678312
1790079006,50,,Aggregated,49.200000,0.000000,4,5,6,6,7,8,14,32,39,39,39,6672,0,4,5.259161840515297,2.0132999925408512,86.7436000116868,24312.474220623502
1790079007,50,GET,[GET] /actuator/health,7.600000,0.000000,4,4,5,5,6,6,8,10,10,10,10,989,0,4,4.471252780446864,2.402699989033863,37.67689999949653,49.0
1790079007,50,GET,[GET] /api/soporte/election/status,6.000000,0.000000,4,4,4,5,5,6,7,8,8,8,8,894,0,4,4.21797539150734,2.139900010661222,38.31760000321083,78.0
1790079007,50,GET,[GET] /api/soporte/tickets,14.700000,0.000000,7,7,8,8,9,10,32,33,35,35,35,1926,0,7,7.976393146361326,3.9822999970056117,86.7436000116868,84651.0
1790079007,50,GET,[GET] /health,21.300000,0.000000,4,4,4,4,5,5,8,14,14,14,14,2912,0,4,4.049401133290683,2.0132999925408512,52.409600000828505,83.99896978021978
1790079007,50,,Aggregated,49.600000,0.000000,4,5,6,6,7,8,13,14,35,35,35,6721,0,4,5.259236467773232,2.0132999925408512,86.7436000116868,24311.95119773843
1790079008,50,GET,[GET] /actuator/health,7.700000,0.000000,4,4,5,5,6,6,7,10,10,10,10,994,0,4,4.473051207113854,2.402699989033863,37.67689999949653,49.0
1790079008,50,GET,[GET] /api/soporte/election/status,6.400000,0.000000,4,4,4,5,5,7,7,8,8,8,8,897,0,4,4.216006354525776,2.139900010661222,38.31760000321083,78.0
1790079008,50,GET,[GET] /api/soporte/tickets,14.700000,0.000000,7,7,8,8,10,12,32,33,35,35,35,1944,0,7,7.973444907364128,3.9822999970056117,86.7436000116868,84651.0
1790079008,50,GET,[GET] /health,20.600000,0.000000,4,4,4,4,5,6,9,14,14,14,14,2939,0,4,4.053021708124531,2.0132999925408512,52.409600000828505,83.99897924464103
1790079008,50,,Aggregated,49.400000,0.000000,4,5,6,6,7,8,13,14,35,35,35,6774,0,4,5.261319501029621,2.0132999925408512,86.7436000116868,24347.075435488634
1790079009,50,GET,[GET] /actuator/health,8.200000,0.000000,4,4,5,5,6,6,7,10,10,10,10,998,0,4,4.46970200386922,2.402699989033863,37.67689999949653,49.0
1790079009,50,GET,[GET] /api/soporte/election/status,6.400000,0.000000,4,4,4,5,5,7,7,8,8,8,8,902,0,4,4.209359866979185,2.139900010661222,38.31760000321083,78.0
1790079009,50,GET,[GET] /api/soporte/tickets,13.800000,0.000000,7,7,8,8,10,12,32,33,35,35,35,1958,0,7,7.96304581199997,3.9822999970056117,86.7436000116868,84651.0
1790079009,50,GET,[GET] /health,21.200000,0.000000,4,4,4,5,5,6,9,14,14,14,14,2964,0,4,4.050869264560929,2.0132999925408512,52.409600000828505,83.99898785425101
1790079009,50,,Aggregated,49.600000,0.000000,4,5,6,6,7,8,13,14,35,35,35,6822,0,4,5.255940398699977,2.0132999925408512,86.7436000116868,24349.881119906186
1790079010,50,GET,[GET] /actuator/health,8.400000,0.000000,4,4,5,5,6,6,7,10,10,10,10,1003,0,4,4.468209471444809,2.402699989033863,37.67689999949653,49.0
1790079010,50,GET,[GET] /api/soporte/election/status,6.300000,0.000000,4,4,4,5,5,7,7,8,8,8,8,908,0,4,4.205091299568887,2.139900010661222,38.31760000321083,78.0
1790079010,50,GET,[GET] /api/soporte/tickets,13.600000,0.000000,7,7,8,8,10,12,32,33,35,35,35,1968,0,7,7.963739278408859,3.9822999970056117,86.7436000116868,84651.0
1790079010,50,GET,[GET] /health,20.900000,0.000000,4,4,4,4,5,6,7,9,14,14,14,2989,0,4,4.046809635384767,2.0132999925408512,52.409600000828505,83.9989963198394
1790079010,50,,Aggregated,49.200000,0.000000,4,5,6,6,7,8,10,18,35,35,35,6868,0,4,5.251658401272771,2.0132999925408512,86.7436000116868,24310.456027955737
1790079011,50,GET,[GET] /actuator/health,8.100000,0.000000,4,4,5,5,6,6,7,10,10,10,10,1012,0,4,4.465083695502134,2.402699989033863,37.67689999949653,49.0
1790079011,50,GET,[GET] /api/soporte/election/status,5.800000,0.000000,4,4,4,4,5,7,7,8,8,8,8,909,0,4,4.204326732678014,2.139900010661222,38.31760000321083,78.0
1790079011,50,GET,[GET] /api/soporte/tickets,13.500000,0.000000,7,7,8,8,10,10,32,33,35,35,35,1978,0,7,7.957320980744976,3.9822999970056117,86.7436000116868,84651.0
1790079011,50,GET,[GET] /health,22.200000,0.000000,4,4,4,4,5,6,7,9,14,14,14,3016,0,4,4.045657161849045,2.0132999925408512,52.409600000828505,83.99900530503979
1790079011,50,,Aggregated,49.600000,0.000000,4,5,6,6,7,8,10,14,35,35,35,6915,0,4,5.246808474317102,2.0132999925408512,86.7436000116868,24268.04179320318
1790079012,50,GET,[GET] /actuator/health,7.800000,0.000000,4,4,5,5,6,6,7,10,10,10,10,1018,0,4,4.462461689435525,2.402699989033863,37.67689999949653,49.0
1790079012,50,GET,[GET] /api/soporte/election/status,6.100000,0.000000,4,4,4,4,5,7,7,8,8,8,8,916,0,4,4.200873689988565,2.139900010661222,38.31760000321083,78.0
1790079012,50,GET,[GET] /api/soporte/tickets,13.900000,0.000000,7,7,8,8,9,10,18,32,33,33,33,1996,0,7,7.945017434832118,3.9822999970056117,86.7436000116868,84651.0
1790079012,50,GET,[GET] /health,22.000000,0.000000,4,4,4,4,5,6,7,9,14,14,14,3043,0,4,4.0405599080364185,2.0132999925408512,52.409600000828505,83.99901413079198
1790079012,50,,Aggregated,49.800000,0.000000,4,5,6,6,7,8,10,14,33,33,33,6973,0,4,5.240852559867291,2.0132999925408512,86.7436000116868,24285.147712605765
1790079013,50,GET,[GET] /actuator/health,7.400000,0.000000,4,4,5,5,6,6,7,10,10,10,10,1025,0,4,4.4638704388862385,2.402699989033863,37.67689999949653,49.0
1790079013,50,GET,[GET] /api/soporte/election/status,5.800000,0.000000,4,4,4,4,5,7,7,8,8,8,8,923,0,4,4.200209425854369,2.139900010661222,38.31760000321083,78.0
1790079013,50,GET,[GET] /api/soporte/tickets,13.400000,0.000000,7,7,8,8,10,12,32,32,33,33,33,2015,0,7,7.965101885797673,3.9822999970056117,86.7436000116868,84651.0
1790079013,50,GET,[GET] /health,22.700000,0.000000,4,4,4,5,5,6,7,9,14,14,14,3062,0,4,4.038369399143743,2.0132999925408512,52.409600000828505,83.99902024820379
1790079013,50,,Aggregated,49.300000,0.000000,4,5,6,6,8,9,12,18,33,33,33,7025,0,4,5.248032441278638,2.0132999925408512,86.7436000116868,24334.688825622776
1790079014,50,GET,[GET] /actuator/health,7.600000,0.000000,4,4,5,5,6,6,7,10,10,10,10,1031,0,4,4.463863336441295,2.402699989033863,37.67689999949653,49.0
1790079014,50,GET,[GET] /api/soporte/election/status,5.200000,0.000000,4,4,4,4,5,7,7,8,8,8,8,930,0,4,4.201311935571783,2.139900010661222,38.31760000321083,78.0
1790079014,50,GET,[GET] /api/soporte/tickets,13.100000,0.000000,7,8,8,8,10,12,32,32,33,33,33,2030,0,7,7.969968374333978,3.9822999970056117,86.7436000116868,84651.0
1790079014,50,GET,[GET] /health,23.100000,0.000000,4,4,4,5,5,6,7,9,14,14,14,3081,0,4,4.037197371046071,2.0132999925408512,52.409600000828505,83.99902629016553
1790079014,50,,Aggregated,49.000000,0.000000,4,5,6,7,8,9,12,21,33,33,33,7072,0,4,5.249873317313865,2.0132999925408512,86.7436000116868,24352.85492081448
1790079015,50,GET,[GET] /actuator/health,7.100000,0.000000,4,4,5,5,6,6,7,7,7,7,7,1035,0,4,4.465381835631189,2.402699989033863,37.67689999949653,49.0
1790079015,50,GET,[GET] /api/soporte/election/status,5.500000,0.000000,4,4,4,5,5,7,7,8,8,8,8,939,0,4,4.202256869094266,2.139900010661222,38.31760000321083,78.0
1790079015,50,GET,[GET] /api/soporte/tickets,13.100000,0.000000,7,8,8,8,10,12,32,32,33,33,33,2051,0,7,7.957794149158496,3.9822999970056117,86.7436000116868,84651.0
1790079015,50,GET,[GET] /health,23.700000,0.000000,4,4,4,5,5,6,7,9,14,14,14,3104,0,4,4.033473840273782,2.0132999925408512,52.409600000828505,83.99903350515464
1790079015,50,,Aggregated,49.400000,0.000000,4,5,6,7,8,9,12,21,33,33,33,7129,0,4,5.247429934084962,2.0132999925408512,86.7436000116868,24407.896058353206
1790079016,50,GET,[GET] /actuator/health,6.900000,0.000000,4,4,5,5,6,6,7,7,7,7,7,1036,0,4,4.466027606069201,2.402699989033863,37.67689999949653,49.0
1790079016,50,GET,[GET] /api/soporte/election/status,5.800000,0.000000,4,4,4,4,5,6,6,6,6,6,6,948,0,4,4.202140189943917,2.139900010661222,38.31760000321083,78.0
1790079016,50,GET,[GET] /api/soporte/tickets,13.900000,0.000000,7,7,8,8,9,11,21,21,32,32,32,2059,0,7,7.952647693020994,3.9822999970056117,86.7436000116868,84651.0
1790079016,50,GET,[GET] /health,22.800000,0.000000,4,4,4,4,5,5,6,7,9,9,9,3126,0,4,4.031535412743658,2.0132999925408512,52.409600000828505,83.99904030710172
1790079016,50,,Aggregated,49.400000,0.000000,4,5,6,6,7,8,10,18,32,32,32,7169,0,4,5.243062463400952,2.0132999925408512,86.7436000116868,24366.53619751709
1790079017,50,GET,[GET] /actuator/health,6.300000,0.000000,4,5,5,5,6,7,7,8,8,8,8,1045,0,4,4.469491961608757,2.402699989033863,37.67689999949653,49.0
1790079017,50,GET,[GET] /api/soporte/election/status,5.800000,0.000000,4,4,4,4,5,5,6,6,6,6,6,956,0,4,4.200101569104963,2.139900010661222,38.31760000321083,78.0
1790079017,50,GET,[GET] /api/soporte/tickets,14.600000,0.000000,7,7,8,8,9,10,21,21,32,32,32,2072,0,7,7.945694498033507,3.9822999970056117,86.7436000116868,84651.0
1790079017,50,GET,[GET] /health,23.100000,0.000000,4,4,4,4,5,5,6,7,9,9,9,3146,0,4,4.0318514304647435,2.0132999925408512,52.409600000828505,83.99904640813732
1790079017,50,,Aggregated,49.800000,0.000000,4,5,6,6,7,8,10,18,32,32,32,7219,0,4,5.240836653291731,2.0132999925408512,86.7436000116868,24350.589555340073
1790079018,50,GET,[GET] /actuator/health,5.900000,0.000000,4,5,5,5,6,7,7,8,8,8,8,1053,0,4,4.474483190755761,2.402699989033863,37.67689999949653,49.0
1790079018,50,GET,[GET] /api/soporte/election/status,5.800000,0.000000,4,4,4,5,5,6,6,12,12,12,12,963,0,4,4.210499584681967,2.139900010661222,38.31760000321083,78.0
1790079018,50,GET,[GET] /api/soporte/tickets,14.900000,0.000000,7,8,8,8,10,11,21,24,32,32,32,2090,0,7,7.955658325324454,3.9822999970056117,86.7436000116868,84651.0
1790079018,50,GET,[GET] /health,23.200000,0.000000,4,4,4,5,5,5,7,9,13,13,13,3171,0,4,4.038354115482563,2.0132999925408512,52.409600000828505,83.99905392620624
1790079018,50,,Aggregated,49.800000,0.000000,4,5,6,6,8,9,11,18,32,32,32,7277,0,4,5.2493182217999,2.0132999925408512,86.7436000116868,24366.313315926895
1790079019,50,GET,[GET] /actuator/health,5.400000,0.000000,4,5,5,5,6,7,7,8,8,8,8,1063,0,4,4.471571025280794,2.402699989033863,37.67689999949653,49.0
1790079019,50,GET,[GET] /api/soporte/election/status,5.800000,0.000000,4,4,5,5,5,6,6,12,12,12,12,968,0,4,4.2048863636838245,2.139900010661222,38.31760000321083,78.0
1790079019,50,GET,[GET] /api/soporte/tickets,14.800000,0.000000,7,8,8,8,10,11,21,24,32,32,32,2104,0,7,7.945098383994824,3.9822999970056117,86.7436000116868,84651.0
1790079019,50,GET,[GET] /health,23.300000,0.000000,4,4,4,4,5,5,7,9,13,13,13,3199,0,4,4.035004470210062,2.0132999925408512,52.409600000828505,83.99906220693967
1790079019,50,,Aggregated,49.300000,0.000000,4,5,6,6,8,9,11,18,32,32,32,7334,0,4,5.242442909741822,2.0132999925408512,86.7436000116868,24338.970275429507
1790079020,50,GET,[GET] /actuator/health,5.500000,0.000000,4,5,5,5,6,7,7,8,8,8,8,1064,0,4,4.470568138971348,2.402699989033863,37.67689999949653,49.0
1790079020,50,GET,[GET] /api/soporte/election/status,6.200000,0.000000,4,4,5,5,5,6,8,12,12,12,12,976,0,4,4.207703176271919,2.139900010661222,38.31760000321083,78.0
1790079020,50,GET,[GET] /api/soporte/tickets,14.500000,0.000000,7,7,8,8,10,11,21,24,32,32,32,2117,0,7,7.936662635751397,3.9822999970056117,86.7436000116868,84651.0
1790079020,50,GET,[GET] /health,23.400000,0.000000,4,4,4,5,5,6,7,9,13,13,13,3221,0,4,4.03525783924866,2.0132999925408512,52.409600000828505,83.99906861223222
1790079020,50,,Aggregated,49.600000,0.000000,4,5,6,6,8,9,11,18,32,32,32,7378,0,4,5.240293182435965,2.0132999925408512,86.7436000116868,24343.31688804554
1790079021,50,GET,[GET] /actuator/health,5.900000,0.000000,4,5,5,5,6,7,7,8,8,8,8,1071,0,4,4.464888048451633,2.402699989033863,37.67689999949653,49.0
1790079021,50,GET,[GET] /api/soporte/election/status,6.700000,0.000000,4,4,5,5,5,6,8,12,12,12,12,984,0,4,4.20668373989451,2.139900010661222,38.31760000321083,78.0
1790079021,50,GET,[GET] /api/soporte/tickets,14.400000,0.000000,7,7,8,8,10,11,21,24,32,32,32,2129,0,7,7.928494410474507,3.9822999970056117,86.7436000116868,84651.0
1790079021,50,GET,[GET] /health,22.500000,0.000000,4,4,4,5,5,6,7,9,13,13,13,3245,0,4,4.030805886054027,2.0132999925408512,52.409600000828505,83.99907550077042
1790079021,50,,Aggregated,49.500000,0.000000,4,5,6,7,8,9,11,15,32,32,32,7429,0,4,5.233679041606332,2.0132999925408512,86.7436000116868,24313.337865123165
1790079022,50,GET,[GET] /actuator/health,6.500000,0.000000,4,5,5,5,6,7,7,8,8,8,8,1074,0,4,4.464732681471964,2.402699989033863,37.67689999949653,49.0
1790079022,50,GET,[GET] /api/soporte/election/status,6.500000,0.000000,4,4,5,5,5,6,8,12,12,12,12,997,0,4,4.196552457461305,2.139900010661222,38.31760000321083,78.0
1790079022,50,GET,[GET] /api/soporte/tickets,14.600000,0.000000,7,7,8,8,9,10,21,24,32,32,32,2147,0,7,7.913993851852772,3.9822999970056117,86.7436000116868,84651.0
1790079022,50,GET,[GET] /health,23.100000,0.000000,4,4,4,4,5,6,7,9,13,13,13,3260,0,4,4.027605797615877,2.0132999925408512,52.409600000828505,83.99907975460123
1790079022,50,,Aggregated,50.700000,0.000000,4,5,6,6,7,9,11,15,32,32,32,7478,0,4,5.228727654472515,2.0132999925408512,86.7436000116868,24358.10724792725
1790079023,50,GET,[GET] /actuator/health,6.000000,0.000000,4,5,5,5,6,7,7,8,8,8,8,1081,0,4,4.4619264569101,2.402699989033863,37.67689999949653,49.0
1790079023,50,GET,[GET] /api/soporte/election/status,6.800000,0.000000,4,4,5,5,5,6,8,12,12,12,12,1004,0,4,4.1953277889468925,2.139900010661222,38.31760000321083,78.0
1790079023,50,GET,[GET] /api/soporte/tickets,15.000000,0.000000,7,7,7,8,9,10,15,21,24,24,24,2156,0,7,7.911446614082188,3.9822999970056117,86.7436000116868,84651.0
1790079023,50,GET,[GET] /health,22.800000,0.000000,4,4,4,5,5,6,7,9,13,13,13,3283,0,4,4.02561452945779,2.0132999925408512,52.409600000828505,83.99908620164484
1790079023,50,,Aggregated,50.600000,0.000000,4,5,6,6,7,8,10,13,24,24,24,7524,0,4,5.224431552391496,2.0132999925408512,86.7436000116868,24310.81951089846
1790079024,50,GET,[GET] /actuator/health,5.700000,0.000000,4,5,5,5,6,7,8,8,8,8,8,1088,0,4,4.465306066094854,2.402699989033863,37.67689999949653,49.0
1790079024,50,GET,[GET] /api/soporte/election/status,7.700000,0.000000,4,4,5,5,5,6,8,12,12,12,12,1011,0,4,4.18920662724132,2.0841000077780336,38.31760000321083,78.0
1790079024,50,GET,[GET] /api/soporte/tickets,14.800000,0.000000,7,7,7,8,9,10,13,15,24,24,24,2174,0,7,7.903245170189992,3.9822999970056117,86.7436000116868,84651.0
1790079024,50,GET,[GET] /health,22.700000,0.000000,4,4,4,4,5,6,7,9,13,13,13,3305,0,4,4.022944931981912,2.0132999925408512,52.409600000828505,83.99909228441754
1790079024,50,,Aggregated,50.900000,0.000000,4,5,6,6,7,8,10,12,24,24,24,7578,0,4,5.221830153107078,2.0132999925408512,86.7436000116868,24339.015703351808
1790079025,50,GET,[GET] /actuator/health,5.700000,0.000000,4,5,5,5,6,7,8,8,8,8,8,1096,0,4,4.458870894075809,2.402699989033863,37.67689999949653,49.0
1790079025,50,GET,[GET] /api/soporte/election/status,8.100000,0.000000,4,4,4,5,5,6,8,12,12,12,12,1022,0,4,4.186711741813323,2.0841000077780336,38.31760000321083,78.0
1790079025,50,GET,[GET] /api/soporte/tickets,14.900000,0.000000,6,7,7,8,9,10,13,15,24,24,24,2186,0,7,7.892547255243851,3.9822999970056117,86.7436000116868,84651.0
1790079025,50,GET,[GET] /health,21.700000,0.000000,4,4,4,4,5,6,7,9,13,13,13,3324,0,4,4.022544133647648,2.0132999925408512,52.409600000828505,83.99909747292419
1790079025,50,,Aggregated,50.400000,0.000000,4,5,6,6,7,8,10,12,24,24,24,7628,0,4,5.216280401186175,2.0132999925408512,86.7436000116868,24313.020319874147
1790079026,50,GET,[GET] /actuator/health,5.500000,0.000000,4,4,5,5,6,7,8,8,8,8,8,1103,0,4,4.456329827652531,2.402699989033863,37.67689999949653,49.0
1790079026,50,GET,[GET] /api/soporte/election/status,8.000000,0.000000,4,4,5,5,5,6,8,12,12,12,12,1034,0,4,4.188499806670164,2.0841000077780336,38.31760000321083,78.0
1790079026,50,GET,[GET] /api/soporte/tickets,14.300000,0.000000,7,7,8,8,10,11,19,24,26,26,26,2203,0,7,7.903635678598315,3.9822999970056117,86.7436000116868,84651.0
1790079026,50,GET,[GET] /health,22.000000,0.000000,4,4,4,5,5,6,8,9,13,13,13,3344,0,4,4.02451094503869,2.0132999925408512,52.409600000828505,83.9991028708134
1790079026,50,,Aggregated,49.800000,0.000000,4,5,6,6,7,8,11,13,26,26,26,7684,0,4,5.220707261863503,2.0132999925408512,86.7436000116868,24323.496225924
1790079027,50,GET,[GET] /actuator/health,5.700000,0.000000,4,4,5,5,6,6,7,8,8,8,8,1110,0,4,4.453191351274507,2.402699989033863,37.67689999949653,49.0
1790079027,50,GET,[GET] /api/soporte/election/status,8.100000,0.000000,4,4,4,5,5,6,8,12,12,12,12,1043,0,4,4.185829050902568,2.0841000077780336,38.31760000321083,78.0
1790079027,50,GET,[GET] /api/soporte/tickets,13.900000,0.000000,6,7,7,8,9,10,19,24,26,26,26,2211,0,7,7.898000814078552,3.9822999970056117,86.7436000116868,84651.0
1790079027,50,GET,[GET] /health,21.900000,0.000000,4,4,4,5,5,6,8,9,13,13,13,3375,0,4,4.0237415407922255,2.0132999925408512,52.409600000828505,83.9991111111111
1790079027,50,,Aggregated,49.600000,0.000000,4,5,6,6,7,8,10,13,26,26,26,7739,0,4,5.214041814201773,2.0132999925408512,86.7436000116868,24238.60989791963
1790079028,50,GET,[GET] /actuator/health,6.200000,0.000000,4,4,5,5,5,6,7,8,8,8,8,1115,0,4,4.453936502188152,2.402699989033863,37.67689999949653,49.0
1790079028,50,GET,[GET] /api/soporte/election/status,8.400000,0.000000,4,4,4,5,6,7,8,10,10,10,10,1050,0,4,4.193920762003732,2.0841000077780336,38.31760000321083,78.0
1790079028,50,GET,[GET] /api/soporte/tickets,13.600000,0.000000,6,7,7,7,8,10,18,19,26,26,26,2221,0,7,7.890502566373469,3.9822999970056117,86.7436000116868,84651.0
1790079028,50,GET,[GET] /health,22.000000,0.000000,4,4,4,4,5,6,7,8,9,9,9,3399,0,4,4.022819270421215,2.0132999925408512,52.409600000828505,83.9991173874669
1790079028,50,,Aggregated,50.200000,0.000000,4,5,6,6,7,8,9,10,26,26,26,7785,0,4,5.211062928724584,2.0132999925408512,86.7436000116868,24204.485420680798
1790079029,50,GET,[GET] /actuator/health,6.500000,0.000000,4,4,5,5,5,6,7,8,8,8,8,1124,0,4,4.452274821983904,2.402699989033863,37.67689999949653,49.0
1790079029,50,GET,[GET] /api/soporte/election/status,8.500000,0.000000,4,4,5,5,6,7,8,10,10,10,10,1054,0,4,4.192544876749029,2.0841000077780336,38.31760000321083,78.0
1790079029,50,GET,[GET] /api/soporte/tickets,14.000000,0.000000,6,7,7,8,9,10,18,19,26,26,26,2233,0,7,7.884961262837616,3.9822999970056117,86.7436000116868,84651.0
1790079029,50,GET,[GET] /health,21.700000,0.000000,4,4,4,4,5,6,7,8,9,9,9,3423,0,4,4.017958136168042,2.0132999925408512,52.409600000828505,83.99912357581069
1790079029,50,,Aggregated,50.700000,0.000000,4,5,6,6,7,8,9,10,26,26,26,7834,0,4,5.206010773554121,2.0132999925408512,86.7436000116868,24183.11207556804
1790079030,50,GET,[GET] /actuator/health,6.500000,0.000000,4,4,5,5,5,6,7,8,8,8,8,1128,0,4,4.452939804876429,2.402699989033863,37.67689999949653,49.0
1790079030,50,GET,[GET] /api/soporte/election/status,8.600000,0.000000,4,4,4,5,6,7,8,10,10,10,10,1058,0,4,4.1934167297518705,2.0841000077780336,38.31760000321083,78.0
1790079030,50,GET,[GET] /api/soporte/tickets,13.500000,0.000000,6,7,7,7,8,10,18,19,26,26,26,2246,0,7,7.87661104182991,3.9822999970056117,86.7436000116868,84651.0
1790079030,50,GET,[GET] /health,22.400000,0.000000,4,4,4,4,5,6,7,8,9,9,9,3447,0,4,4.017308035996026,2.0132999925408512,52.409600000828505,83.99912967798085
1790079030,50,,Aggregated,51.000000,0.000000,4,5,6,6,7,8,9,10,26,26,26,7879,0,4,5.2034623937055935,2.0132999925408512,86.7436000116868,24184.983754283538
1790079031,50,GET,[GET] /actuator/health,6.100000,0.000000,4,4,5,5,5,6,7,8,8,8,8,1134,0,4,4.447802733574506,2.402699989033863,37.67689999949653,49.0
1790079031,50,GET,[GET] /api/soporte/election/status,8.600000,0.000000,4,4,4,5,6,7,8,10,10,10,10,1068,0,4,4.190281835288308,2.0841000077780336,38.31760000321083,78.0
1790079031,50,GET,[GET] /api/soporte/tickets,13.000000,0.000000,6,7,7,7,8,10,18,19,26,26,26,2256,0,7,7.867673803164197,3.9822999970056117,86.7436000116868,84651.0
1790079031,50,GET,[GET] /health,22.800000,0.000000,4,4,4,4,5,6,7,8,9,9,9,3474,0,4,4.014524812904288,2.0132999925408512,52.409600000828505,83.99913644214162
1790079031,50,,Aggregated,50.500000,0.000000,4,5,6,6,7,8,9,10,26,26,26,7932,0,4,5.196036384257353,2.0132999925408512,86.7436000116868,24130.526853252646
1790079032,50,GET,[GET] /actuator/health,6.100000,0.000000,4,4,5,5,5,6,7,8,8,8,8,1143,0,4,4.441684251831953,2.402699989033863,37.67689999949653,49.0
1790079032,50,GET,[GET] /api/soporte/election/status,8.400000,0.000000,4,4,4,5,6,7,8,10,10,10,10,1076,0,4,4.185583643174036,2.0841000077780336,38.31760000321083,78.0
1790079032,50,GET,[GET] /api/soporte/tickets,12.800000,0.000000,6,7,7,7,9,10,18,19,26,26,26,2275,0,7,7.853678109854777,3.9822999970056117,86.7436000116868,84651.0
1790079032,50,GET,[GET] /health,22.300000,0.000000,3,4,4,4,5,6,7,8,9,9,9,3492,0,4,4.011493699882435,2.0132999925408512,52.409600000828505,83.9991408934708
1790079032,50,,Aggregated,49.600000,0.000000,4,5,6,6,7,8,9,10,26,26,26,7986,0,4,5.1910577009527,2.0132999925408512,86.7436000116868,24169.081517655897
1790079033,50,GET,[GET] /actuator/health,6.200000,0.000000,4,4,5,5,5,6,7,8,8,8,8,1153,0,4,4.439313096149884,2.402699989033863,37.67689999949653,49.0
1790079033,50,GET,[GET] /api/soporte/election/status,8.300000,0.000000,4,4,5,5,6,7,8,10,10,10,10,1081,0,4,4.1839196115027235,2.0841000077780336,38.31760000321083,78.0
1790079033,50,GET,[GET] /api/soporte/tickets,12.700000,0.000000,6,7,7,7,8,10,18,19,26,26,26,2286,0,7,7.844001837237973,3.9822999970056117,86.7436000116868,84651.0
1790079033,50,GET,[GET] /health,22.700000,0.000000,3,4,4,4,5,6,7,8,9,9,9,3512,0,4,4.008301309795052,2.0132999925408512,52.409600000828505,83.99914578587699
1790079033,50,,Aggregated,49.900000,0.000000,4,5,6,6,7,8,9,10,26,26,26,8032,0,4,5.1854939616311615,2.0132999925408512,86.7436000116868,24146.913097609562
1790079035,50,GET,[GET] /actuator/health,6.900000,0.000000,4,4,5,5,5,6,6,7,7,7,7,1163,0,4,4.436253740188769,2.402699989033863,37.67689999949653,49.0
1790079035,50,GET,[GET] /api/soporte/election/status,7.900000,0.000000,4,4,5,5,5,7,8,10,10,10,10,1092,0,4,4.1765981685128635,2.046099994913675,38.31760000321083,78.0
1790079035,50,GET,[GET] /api/soporte/tickets,12.600000,0.000000,6,7,7,7,8,9,18,19,26,26,26,2297,0,7,7.8371289072349075,3.9822999970056117,86.7436000116868,84651.0
1790079035,50,GET,[GET] /health,22.900000,0.000000,3,4,4,4,5,6,7,8,9,9,9,3531,0,4,4.0068357689073375,2.0132999925408512,52.409600000828505,83.99915038232795
1790079035,50,,Aggregated,50.300000,0.000000,4,5,5,6,7,7,9,10,26,26,26,8083,0,4,5.180035939599898,2.0132999925408512,86.7436000116868,24110.12136582952
1790079036,50,GET,[GET] /actuator/health,6.900000,0.000000,4,4,5,5,5,6,6,7,7,7,7,1170,0,4,4.4351504272239035,2.402699989033863,37.67689999949653,49.0
1790079036,50,GET,[GET] /api/soporte/election/status,7.900000,0.000000,4,4,5,5,5,7,8,10,10,10,10,1101,0,4,4.178068392387622,2.046099994913675,38.31760000321083,78.0
1790079036,50,GET,[GET] /api/soporte/tickets,12.600000,0.000000,6,7,7,7,8,9,9,9,11,11,11,2312,0,7,7.828200865024791,3.9822999970056117,86.7436000116868,84651.0
1790079036,50,GET,[GET] /health,22.900000,0.000000,3,4,4,4,5,6,7,7,8,8,8,3551,0,4,4.0055596733492544,2.0132999925408512,52.409600000828505,83.99915516755843
1790079036,50,,Aggregated,50.300000,0.000000,4,5,5,6,7,7,8,9,11,11,11,8134,0,4,5.177246385526341,2.0132999925408512,86.7436000116868,24115.392303909517
1790079037,50,GET,[GET] /actuator/health,7.200000,0.000000,4,5,5,5,6,7,7,20,20,20,20,1181,0,4,4.453788822910403,2.402699989033863,37.67689999949653,49.0
1790079037,50,GET,[GET] /api/soporte/election/status,7.700000,0.000000,4,4,5,5,5,7,10,20,20,20,20,1109,0,4,4.195123985579269,2.046099994913675,38.31760000321083,78.0
1790079037,50,GET,[GET] /api/soporte/tickets,12.600000,0.000000,6,7,7,7,8,9,9,11,40,40,40,2321,0,7,7.836994054261394,3.9822999970056117,86.7436000116868,84651.0
1790079037,50,GET,[GET] /health,22.700000,0.000000,3,4,4,4,5,6,7,8,8,8,8,3571,0,4,4.003781797822061,2.0132999925408512,52.409600000828505,83.9991598991879
1790079037,50,,Aggregated,50.200000,0.000000,4,5,6,6,7,7,9,10,40,40,40,8182,0,4,5.1820441334426635,2.0132999925408512,86.7436000116868,24067.37998044488
1790079038,50,GET,[GET] /actuator/health,7.300000,0.000000,4,5,5,5,5,7,7,20,20,20,20,1188,0,4,4.45116590898355,2.402699989033863,37.67689999949653,49.0
1790079038,50,GET,[GET] /api/soporte/election/status,7.600000,0.000000,4,4,5,5,5,5,7,20,20,20,20,1113,0,4,4.193331805934966,2.046099994913675,38.31760000321083,78.0
1790079038,50,GET,[GET] /api/soporte/tickets,12.400000,0.000000,6,7,7,7,8,9,10,11,40,40,40,2333,0,7,7.834379468476202,3.9822999970056117,86.7436000116868,84651.0
1790079038,50,GET,[GET] /health,22.500000,0.000000,3,4,4,4,5,6,6,8,8,8,8,3593,0,4,4.001401502931082,2.0132999925408512,52.409600000828505,83.99916504313944
1790079038,50,,Aggregated,49.800000,0.000000,4,5,5,6,7,7,9,10,40,40,40,8227,0,4,5.179264166751481,2.0132999925408512,86.7436000116868,24059.513552935456
1790079039,50,GET,[GET] /actuator/health,7.300000,0.000000,4,5,5,5,6,7,7,20,20,20,20,1196,0,4,4.4551643811571795,2.402699989033863,37.67689999949653,49.0
1790079039,50,GET,[GET] /api/soporte/election/status,7.600000,0.000000,4,4,5,5,5,7,11,20,20,20,20,1120,0,4,4.19862830357098,2.046099994913675,38.31760000321083,78.0
1790079039,50,GET,[GET] /api/soporte/tickets,12.400000,0.000000,6,7,7,7,9,11,13,16,40,40,40,2348,0,7,7.8394611158313126,3.9822999970056117,86.7436000116868,84651.0
1790079039,50,GET,[GET] /health,22.500000,0.000000,3,4,4,4,5,6,6,8,8,8,8,3618,0,4,4.0016423991273875,2.0132999925408512,52.409600000828505,83.99917081260365
1790079039,50,,Aggregated,49.800000,0.000000,4,5,6,6,7,7,11,13,40,40,40,8282,0,4,5.181820478130681,2.0132999925408512,86.7436000116868,24053.41958464139
1790079040,50,GET,[GET] /actuator/health,7.700000,0.000000,4,4,5,5,6,7,7,20,20,20,20,1205,0,4,4.45059634844388,2.402699989033863,37.67689999949653,49.0
1790079040,50,GET,[GET] /api/soporte/election/status,7.000000,0.000000,4,4,5,5,5,6,11,20,20,20,20,1127,0,4,4.194703016872972,2.046099994913675,38.31760000321083,78.0
1790079040,50,GET,[GET] /api/soporte/tickets,12.200000,0.000000,6,7,7,7,9,11,13,16,40,40,40,2364,0,7,7.831879653102927,3.9822999970056117,86.7436000116868,84651.0
1790079040,50,GET,[GET] /health,21.700000,0.000000,3,4,4,4,5,5,6,6,8,8,8,3633,0,4,3.999001266194588,2.0132999925408512,52.409600000828505,83.99917423616846
1790079040,50,,Aggregated,48.600000,0.000000,4,5,6,6,7,8,11,13,40,40,40,8329,0,4,5.178693000349498,2.0132999925408512,86.7436000116868,24080.571977428262
1790079041,50,GET,[GET] /actuator/health,8.100000,0.000000,4,5,5,5,6,7,7,20,20,20,20,1213,0,4,4.447925886137738,2.402699989033863,37.67689999949653,49.0
1790079041,50,GET,[GET] /api/soporte/election/status,7.000000,0.000000,4,4,5,5,5,6,11,20,20,20,20,1135,0,4,4.187642907508903,2.046099994913675,38.31760000321083,78.0
1790079041,50,GET,[GET] /api/soporte/tickets,12.700000,0.000000,6,7,7,8,9,11,13,16,40,40,40,2375,0,7,7.825300505237752,3.9822999970056117,86.7436000116868,84651.0
1790079041,50,GET,[GET] /health,21.800000,0.000000,3,4,4,4,5,5,6,6,8,8,8,3658,0,4,3.995354647372862,2.0132999925408512,52.409600000828505,83.9991798797157
1790079041,50,,Aggregated,49.600000,0.000000,4,5,6,6,7,8,11,13,40,40,40,8381,0,4,5.172223457813778,2.0132999925408512,86.7436000116868,24042.639422503282
1790079042,50,GET,[GET] /actuator/health,8.100000,0.000000,4,5,5,5,6,7,7,20,20,20,20,1220,0,4,4.446912786783078,2.402699989033863,37.67689999949653,49.0
1790079042,50,GET,[GET] /api/soporte/election/status,7.200000,0.000000,4,4,5,5,5,6,11,20,20,20,20,1144,0,4,4.1835356643621875,2.046099994913675,38.31760000321083,78.0
1790079042,50,GET,[GET] /api/soporte/tickets,13.000000,0.000000,6,7,7,8,9,10,13,16,40,40,40,2384,0,7,7.818928733182389,3.9822999970056117,86.7436000116868,84651.0
1790079042,50,GET,[GET] /health,21.000000,0.000000,3,4,4,4,5,6,6,8,22,22,22,3682,0,4,3.997596007630334,2.0132999925408512,52.409600000828505,83.99918522542097
1790079042,50,,Aggregated,49.300000,0.000000,4,5,6,6,7,8,11,16,40,40,40,8430,0,4,5.16852586001274,2.0132999925408512,86.7436000116868,23993.627639383154
1790079043,50,GET,[GET] /actuator/health,8.500000,0.000000,4,5,5,5,6,7,7,20,20,20,20,1229,0,4,4.444395606075448,2.402699989033863,37.67689999949653,49.0
1790079043,50,GET,[GET] /api/soporte/election/status,7.500000,0.000000,4,4,4,5,5,6,11,20,20,20,20,1151,0,4,4.179043266750798,2.046099994913675,38.31760000321083,78.0
1790079043,50,GET,[GET] /api/soporte/tickets,12.800000,0.000000,6,7,7,8,9,12,16,18,40,40,40,2394,0,7,7.821075396772807,3.9822999970056117,86.7436000116868,84651.0
1790079043,50,GET,[GET] /health,20.400000,0.000000,3,4,4,4,5,6,6,8,22,22,22,3707,0,4,3.9922613164580585,1.8804999999701977,52.409600000828505,83.99919072025897
1790079043,50,,Aggregated,49.200000,0.000000,4,5,6,6,7,8,12,18,40,40,40,8481,0,4,5.163920315986442,1.8804999999701977,86.7436000116868,23949.5198679401
1790079044,50,GET,[GET] /actuator/health,8.600000,0.000000,4,5,5,5,6,7,7,20,20,20,20,1234,0,4,4.445158022585494,2.402699989033863,37.67689999949653,49.0
1790079044,50,GET,[GET] /api/soporte/election/status,7.500000,0.000000,4,4,5,5,5,6,11,20,20,20,20,1160,0,4,4.178225172441232,2.046099994913675,38.31760000321083,78.0
1790079044,50,GET,[GET] /api/soporte/tickets,12.600000,0.000000,6,7,8,8,10,12,16,18,40,40,40,2408,0,7,7.81557026572994,3.9822999970056117,86.7436000116868,84651.0
1790079044,50,GET,[GET] /health,20.600000,0.000000,3,4,4,4,5,6,6,8,22,22,22,3724,0,4,3.990935902294421,1.8804999999701977,52.409600000828505,83.99919441460794
1790079044,50,,Aggregated,49.300000,0.000000,4,5,6,6,7,9,12,18,40,40,40,8526,0,4,5.1623510086704725,1.8804999999701977,86.7436000116868,23962.39350222848
1790079045,50,GET,[GET] /actuator/health,8.400000,0.000000,4,5,5,5,7,7,7,20,20,20,20,1240,0,4,4.447087903111336,2.402699989033863,37.67689999949653,49.0
1790079045,50,GET,[GET] /api/soporte/election/status,7.500000,0.000000,4,4,4,5,5,7,11,20,20,20,20,1168,0,4,4.176263099346726,2.046099994913675,38.31760000321083,78.0
1790079045,50,GET,[GET] /api/soporte/tickets,11.600000,0.000000,6,7,8,8,10,13,18,40,60,60,60,2422,0,7,7.831323451649647,3.9822999970056117,86.7436000116868,84651.0
1790079045,50,GET,[GET] /health,21.500000,0.000000,3,4,4,4,5,6,8,22,42,42,42,3751,0,4,4.001181471642506,1.8804999999701977,52.409600000828505,83.99920021327645
1790079045,50,,Aggregated,49.000000,0.000000,4,5,6,6,7,9,15,20,60,60,60,8581,0,4,5.170511758527155,1.8804999999701977,86.7436000116868,23947.28667987414
1790079046,50,GET,[GET] /actuator/health,8.100000,0.000000,4,5,5,5,6,6,7,7,7,7,7,1246,0,4,4.445940609861118,2.402699989033863,37.67689999949653,49.0
1790079046,50,GET,[GET] /api/soporte/election/status,7.900000,0.000000,4,4,4,4,5,6,7,11,11,11,11,1174,0,4,4.175101533265696,2.046099994913675,38.31760000321083,78.0
1790079046,50,GET,[GET] /api/soporte/tickets,12.100000,0.000000,6,7,8,8,10,12,16,18,60,60,60,2440,0,7,7.823953934366429,3.9822999970056117,86.7436000116868,84651.0
1790079046,50,GET,[GET] /health,21.100000,0.000000,3,4,4,4,5,6,8,22,42,42,42,3771,0,4,3.9986537788762213,1.8804999999701977,52.409600000828505,83.99920445505171
1790079046,50,,Aggregated,49.200000,0.000000,4,5,6,6,7,9,12,16,60,60,60,8631,0,4,5.168645834774325,1.8804999999701977,86.7436000116868,23985.381415826672
1790079047,50,GET,[GET] /actuator/health,7.700000,0.000000,4,5,5,5,6,6,7,7,7,7,7,1251,0,4,4.447309352415833,2.402699989033863,37.67689999949653,49.0
1790079047,50,GET,[GET] /api/soporte/election/status,7.500000,0.000000,4,4,4,4,5,6,7,11,11,11,11,1180,0,4,4.172232881411851,2.046099994913675,38.31760000321083,78.0
1790079047,50,GET,[GET] /api/soporte/tickets,12.300000,0.000000,6,7,8,8,10,12,16,18,60,60,60,2451,0,7,7.8157006119289,3.9822999970056117,86.7436000116868,84651.0
1790079047,50,GET,[GET] /health,21.800000,0.000000,3,4,4,4,5,6,7,8,42,42,42,3794,0,4,3.994478571466822,1.8804999999701977,52.409600000828505,83.99920927780707
1790079047,50,,Aggregated,49.300000,0.000000,4,5,6,6,7,9,12,16,60,60,60,8676,0,4,5.163456973250467,1.8804999999701977,86.7436000116868,23968.60684647303
1790079048,50,GET,[GET] /actuator/health,7.500000,0.000000,4,5,5,5,6,7,7,7,7,7,7,1254,0,4,4.445509250298814,2.402699989033863,37.67689999949653,49.0
1790079048,50,GET,[GET] /api/soporte/election/status,7.300000,0.000000,4,4,4,5,5,6,6,7,7,7,7,1190,0,4,4.177107395038807,2.046099994913675,38.31760000321083,78.0
1790079048,50,GET,[GET] /api/soporte/tickets,12.600000,0.000000,6,7,7,8,9,10,15,18,60,60,60,2464,0,7,7.807769642786534,3.9822999970056117,86.7436000116868,84651.0
1790079048,50,GET,[GET] /health,21.500000,0.000000,3,4,4,4,5,5,7,8,42,42,42,3819,0,4,3.9950353496090205,1.8804999999701977,52.409600000828505,83.99921445404556
1790079048,50,,Aggregated,48.900000,0.000000,4,5,6,6,7,8,10,15,60,60,60,8727,0,4,5.161087521479748,1.8804999999701977,86.7436000116868,23954.981436919905
1790079049,50,GET,[GET] /actuator/health,6.900000,0.000000,4,5,5,5,6,7,7,7,7,7,7,1262,0,4,4.446564183736304,2.402699989033863,37.67689999949653,49.0
1790079049,50,GET,[GET] /api/soporte/election/status,6.900000,0.000000,4,4,5,5,6,6,6,7,7,7,7,1197,0,4,4.18153642447733,2.046099994913675,38.31760000321083,78.0
1790079049,50,GET,[GET] /api/soporte/tickets,12.900000,0.000000,7,7,7,8,10,12,15,18,60,60,60,2474,0,7,7.810377081583068,3.9822999970056117,86.7436000116868,84651.0
1790079049,50,GET,[GET] /health,22.100000,0.000000,3,4,4,4,5,6,7,8,42,42,42,3842,0,4,3.995670536210447,1.8804999999701977,52.409600000828505,83.99921915668922
1790079049,50,,Aggregated,48.800000,0.000000,4,5,6,6,7,8,11,15,60,60,60,8775,0,4,5.161379168083377,1.8804999999701977,86.7436000116868,23920.741082621083
1790079050,50,GET,[GET] /actuator/health,6.600000,0.000000,4,5,5,5,6,7,7,12,12,12,12,1269,0,4,4.448296847820471,2.402699989033863,37.67689999949653,49.0
1790079050,50,GET,[GET] /api/soporte/election/status,7.600000,0.000000,4,4,5,5,6,6,6,7,7,7,7,1202,0,4,4.178731863646684,2.046099994913675,38.31760000321083,78.0
1790079050,50,GET,[GET] /api/soporte/tickets,12.800000,0.000000,7,7,8,8,10,12,15,18,60,60,60,2489,0,7,7.81149851341046,3.9822999970056117,86.7436000116868,84651.0
1790079050,50,GET,[GET] /health,22.300000,0.000000,4,4,4,4,5,6,8,11,42,42,42,3866,0,4,3.9983158562106187,1.8804999999701977,52.409600000828505,83.99922400413864
1790079050,50,,Aggregated,49.300000,0.000000,4,5,6,6,7,9,12,15,60,60,60,8826,0,4,5.162931486514432,1.8804999999701977,86.7436000116868,23926.69578518015
1790079051,50,GET,[GET] /actuator/health,6.500000,0.000000,4,5,5,5,6,7,11,12,12,12,12,1274,0,4,4.45214882250411,2.402699989033863,37.67689999949653,49.0
1790079051,50,GET,[GET] /api/soporte/election/status,7.700000,0.000000,4,4,5,5,6,6,6,7,7,7,7,1210,0,4,4.176852066230514,2.046099994913675,38.31760000321083,78.0
1790079051,50,GET,[GET] /api/soporte/tickets,12.500000,0.000000,7,7,8,8,10,12,15,18,60,60,60,2500,0,7,7.805487239954528,3.9822999970056117,86.7436000116868,84651.0
1790079051,50,GET,[GET] /health,22.400000,0.000000,4,4,4,4,5,7,8,10,42,42,42,3890,0,4,3.9987007198323483,1.8804999999701977,52.409600000828505,83.99922879177377
1790079051,50,,Aggregated,49.100000,0.000000,4,5,6,6,7,9,12,15,60,60,60,8874,0,4,5.160546822182027,1.8804999999701977,86.7436000116868,23902.53132747352
1790079052,50,GET,[GET] /actuator/health,6.300000,0.000000,4,5,5,5,7,7,12,12,12,12,12,1278,0,4,4.448716510062657,2.402699989033863,37.67689999949653,49.0
1790079052,50,GET,[GET] /api/soporte/election/status,7.500000,0.000000,4,4,5,5,6,6,6,7,7,7,7,1217,0,4,4.175903533382384,2.046099994913675,38.31760000321083,78.0
1790079052,50,GET,[GET] /api/soporte/tickets,12.300000,0.000000,7,7,8,8,10,12,14,15,60,60,60,2516,0,7,7.802848092151744,3.9822999970056117,86.7436000116868,84651.0
1790079052,50,GET,[GET] /health,23.200000,0.000000,4,4,4,4,5,7,8,10,42,42,42,3913,0,4,3.996350958387114,1.8804999999701977,52.409600000828505,83.99923332481472
1790079052,50,,Aggregated,49.300000,0.000000,4,5,6,6,7,9,12,13,60,60,60,8924,0,4,5.1588101075760875,1.8804999999701977,86.7436000116868,23920.680524428506
1790079053,50,GET,[GET] /actuator/health,6.100000,0.000000,4,5,5,5,7,8,12,12,12,12,12,1284,0,4,4.450916043515179,2.402699989033863,37.67689999949653,49.0
1790079053,50,GET,[GET] /api/soporte/election/status,7.400000,0.000000,4,5,5,5,6,6,6,7,7,7,7,1223,0,4,4.1762668848145665,2.046099994913675,38.31760000321083,78.0
1790079053,50,GET,[GET] /api/soporte/tickets,12.300000,0.000000,7,7,8,8,9,12,14,15,60,60,60,2529,0,7,7.793496362134211,3.9822999970056117,86.7436000116868,84651.0
1790079053,50,GET,[GET] /health,23.300000,0.000000,4,4,4,4,5,7,8,10,42,42,42,3939,0,4,3.9925448591512347,1.8804999999701977,52.409600000828505,83.999238385377
1790079053,50,,Aggregated,49.100000,0.000000,4,5,6,6,7,9,12,13,60,60,60,8975,0,4,5.154199119781151,1.8804999999701977,86.7436000116868,23907.69493036212
1790079054,50,GET,[GET] /actuator/health,5.600000,0.000000,4,5,5,5,6,8,12,12,12,12,12,1290,0,4,4.448462713080234,2.402699989033863,37.67689999949653,49.0
1790079054,50,GET,[GET] /api/soporte/election/status,7.300000,0.000000,4,4,5,5,6,6,6,6,6,6,6,1229,0,4,4.1725231896917485,2.046099994913675,38.31760000321083,78.0
1790079054,50,GET,[GET] /api/soporte/tickets,12.900000,0.000000,7,7,8,8,9,12,13,14,15,15,15,2538,0,7,7.78727253736694,3.9822999970056117,86.7436000116868,84651.0
1790079054,50,GET,[GET] /health,22.800000,0.000000,4,4,4,4,5,6,7,9,11,11,11,3969,0,4,3.988497682093888,1.8804999999701977,52.409600000828505,83.99924414210129
1790079054,50,,Aggregated,48.600000,0.000000,4,5,6,6,7,8,11,12,15,15,15,9026,0,4,5.147462098390494,1.8804999999701977,86.7436000116868,23857.37901617549
1790079055,50,GET,[GET] /actuator/health,5.500000,0.000000,4,5,5,5,6,8,11,12,12,12,12,1298,0,4,4.447398536111847,2.402699989033863,37.67689999949653,49.0
1790079055,50,GET,[GET] /api/soporte/election/status,7.100000,0.000000,4,4,5,5,6,6,6,6,6,6,6,1234,0,4,4.171600810468074,2.046099994913675,38.31760000321083,78.0
1790079055,50,GET,[GET] /api/soporte/tickets,13.700000,0.000000,6,7,7,8,9,12,13,14,15,15,15,2554,0,7,7.77709342202645,3.9822999970056117,86.7436000116868,84651.0
1790079055,50,GET,[GET] /health,22.800000,0.000000,4,4,4,4,5,6,7,9,11,11,11,3990,0,4,3.9872794486805483,1.8804999999701977,52.409600000828505,83.99924812030075
1790079055,50,,Aggregated,49.100000,0.000000,4,5,6,6,7,8,11,12,15,15,15,9076,0,4,5.144603382556382,1.8804999999701977,86.7436000116868,23875.458902600265
1790079276,50,GET,[GET] /actuator/health,5.500000,0.000000,0,0,0,0,0,0,0,0,0,0,0,1299,0,4,4.447934949861354,2.402699989033863,37.67689999949653,49.0
1790079276,50,GET,[GET] /api/soporte/election/status,7.100000,0.000000,0,0,0,0,0,0,0,0,0,0,0,1236,0,4,4.1707311489652845,2.046099994913675,38.31760000321083,78.0
1790079276,50,GET,[GET] /api/soporte/tickets,13.700000,0.000000,0,0,0,0,0,0,0,0,0,0,0,2563,0,7,7.77801591879125,3.9822999970056117,86.7436000116868,84651.0
1790079276,50,GET,[GET] /health,22.800000,0.000000,0,0,0,0,0,0,0,0,0,0,0,3991,0,4,3.987094587882843,1.8804999999701977,52.409600000828505,83.99924830869456
1790079276,50,,Aggregated,49.100000,0.000000,0,0,0,0,0,0,0,0,0,0,0,9089,0,4,5.146929310165408,1.8804999999701977,86.7436000116868,23925.163714380018
1790079277,50,GET,[GET] /actuator/health,0.000000,0.000000,0,0,0,0,0,0,0,0,0,0,0,1302,0,4,7.233243241070426,2.402699989033863,1224.8474000080023,49.0
1790079277,50,GET,[GET] /api/soporte/election/status,0.000000,0.000000,0,0,0,0,0,0,0,0,0,0,0,1238,0,4,184.47777512125967,2.046099994913675,222027.46769999794,78.0
1790079277,50,GET,[GET] /api/soporte/tickets,0.000000,0.000000,0,0,0,0,0,0,0,0,0,0,0,2572,0,7,11.975217923735363,3.9822999970056117,1229.7385999991093,84651.0
1790079277,50,GET,[GET] /health,0.000000,0.000000,0,0,0,0,0,0,0,0,0,0,0,4003,0,4,62.76119835130129,1.8804999999701977,222044.19879999477,83.99925056207844
1790079277,50,,Aggregated,0.000000,0.000000,0,0,0,0,0,0,0,0,0,0,0,9115,0,4,57.030664377410815,1.8804999999701977,222044.19879999477,23940.64541963796
