[2026-09-22 08:47:20,291] DESKTOP-2G72T6F/INFO/locust.main: Starting Locust 2.46.4
[2026-09-22 08:47:20,295] DESKTOP-2G72T6F/INFO/locust.main: Run time limit set to 600 seconds
Type     Name                                                                          # reqs      # fails |    Avg     Min     Max    Med |   req/s  failures/s
--------|----------------------------------------------------------------------------|-------|-------------|-------|-------|-------|-------|--------|-----------
--------|----------------------------------------------------------------------------|-------|-------------|-------|-------|-------|-------|--------|-----------
         Aggregated                                                                         0     0(0.00%) |      0       0       0      0 |    0.00        0.00

[2026-09-22 08:47:20,298] DESKTOP-2G72T6F/INFO/locust.runners: Ramping to 200 users at a rate of 1.00 per second
Type     Name                                                                          # reqs      # fails |    Avg     Min     Max    Med |   req/s  failures/s
--------|----------------------------------------------------------------------------|-------|-------------|-------|-------|-------|-------|--------|-----------
GET      [GET] /actuator/health                                                             1     0(0.00%) |      4       4       4      4 |    0.00        0.00
GET      [GET] /api/soporte/tickets                                                         1     0(0.00%) |      9       9       9      9 |    0.00        0.00
GET      [GET] /health                                                                      1     0(0.00%) |     19      19      19     19 |    0.00        0.00
--------|----------------------------------------------------------------------------|-------|-------------|-------|-------|-------|-------|--------|-----------
         Aggregated                                                                         3     0(0.00%) |     11       4      19     10 |    0.00        0.00

Type     Name                                                                          # reqs      # fails |    Avg     Min     Max    Med |   req/s  failures/s
--------|----------------------------------------------------------------------------|-------|-------------|-------|-------|-------|-------|--------|-----------
GET      [GET] /actuator/health                                                             1     0(0.00%) |      4       4       4      4 |    0.50        0.00
GET      [GET] /api/soporte/election/status                                                 3     0(0.00%) |      5       3       7      7 |    0.00        0.00
GET      [GET] /api/soporte/tickets                                                         4     0(0.00%) |      7       6       9      7 |    0.50        0.00
GET      [GET] /health                                                                      3     0(0.00%) |      8       2      19      3 |    0.50        0.00
--------|----------------------------------------------------------------------------|-------|-------------|-------|-------|-------|-------|--------|-----------
         Aggregated                                                                        11     0(0.00%) |      7       2      19      7 |    1.50        0.00

Type     Name                                                                          # reqs      # fails |    Avg     Min     Max    Med |   req/s  failures/s
--------|----------------------------------------------------------------------------|-------|-------------|-------|-------|-------|-------|--------|-----------
GET      [GET] /actuator/health                                                             2     0(0.00%) |      4       3       4      4 |    0.25        0.00
GET      [GET] /api/soporte/election/status                                                 3     0(0.00%) |      5       3       7      7 |    0.75        0.00
GET      [GET] /api/soporte/tickets                                                         6     0(0.00%) |      7       6       9      7 |    1.00        0.00
GET      [GET] /health                                                                     11     0(0.00%) |      6       2      19      4 |    0.50        0.00
--------|----------------------------------------------------------------------------|-------|-------------|-------|-------|-------|-------|--------|-----------
         Aggregated                                                                        22     0(0.00%) |      6       2      19      6 |    2.50        0.00

Type     Name                                                                          # reqs      # fails |    Avg     Min     Max    Med |   req/s  failures/s
--------|----------------------------------------------------------------------------|-------|-------------|-------|-------|-------|-------|--------|-----------
GET      [GET] /actuator/health                                                             4     0(0.00%) |      4       3       4      4 |    0.33        0.00
GET      [GET] /api/soporte/election/status                                                 4     0(0.00%) |      5       3       7      5 |    0.50        0.00
GET      [GET] /api/soporte/tickets                                                        12     0(0.00%) |      8       6      13      7 |    0.83        0.00
GET      [GET] /health                                                                     17     0(0.00%) |      5       2      19      4 |    1.67        0.00
--------|----------------------------------------------------------------------------|-------|-------------|-------|-------|-------|-------|--------|-----------
         Aggregated                                                                        37     0(0.00%) |      6       2      19      6 |    3.33        0.00

Type     Name                                                                          # reqs      # fails |    Avg     Min     Max    Med |   req/s  failures/s
--------|----------------------------------------------------------------------------|-------|-------------|-------|-------|-------|-------|--------|-----------
GET      [GET] /actuator/health                                                             9     0(0.00%) |      4       3       7      5 |    0.38        0.00
GET      [GET] /api/soporte/election/status                                                 6     0(0.00%) |      5       3       7      5 |    0.50        0.00
GET      [GET] /api/soporte/tickets                                                        18     0(0.00%) |      7       5      13      7 |    1.25        0.00
GET      [GET] /health                                                                     23     0(0.00%) |      5       2      19      4 |    2.00        0.00
--------|----------------------------------------------------------------------------|-------|-------------|-------|-------|-------|-------|--------|-----------
         Aggregated                                                                        56     0(0.00%) |      5       2      19      5 |    4.12        0.00

Type     Name                                                                          # reqs      # fails |    Avg     Min     Max    Med |   req/s  failures/s
--------|----------------------------------------------------------------------------|-------|-------------|-------|-------|-------|-------|--------|-----------
GET      [GET] /actuator/health                                                            14     0(0.00%) |      5       3       8      5 |    0.80        0.00
GET      [GET] /api/soporte/election/status                                                13     0(0.00%) |      5       3       8      5 |    0.60        0.00
GET      [GET] /api/soporte/tickets                                                        26     0(0.00%) |      7       5      13      7 |    1.80        0.00
GET      [GET] /health                                                                     29     0(0.00%) |      4       2      19      4 |    2.20        0.00
--------|----------------------------------------------------------------------------|-------|-------------|-------|-------|-------|-------|--------|-----------
         Aggregated                                                                        82     0(0.00%) |      5       2      19      5 |    5.40        0.00

Type     Name                                                                          # reqs      # fails |    Avg     Min     Max    Med |   req/s  failures/s
--------|----------------------------------------------------------------------------|-------|-------------|-------|-------|-------|-------|--------|-----------
GET      [GET] /actuator/health                                                            18     0(0.00%) |      5       3      10      5 |    1.10        0.00
GET      [GET] /api/soporte/election/status                                                19     0(0.00%) |      5       3       8      4 |    1.20        0.00
GET      [GET] /api/soporte/tickets                                                        30     0(0.00%) |      7       5      16      7 |    2.50        0.00
GET      [GET] /health                                                                     39     0(0.00%) |      4       2      19      4 |    2.60        0.00
--------|----------------------------------------------------------------------------|-------|-------------|-------|-------|-------|-------|--------|-----------
         Aggregated                                                                       106     0(0.00%) |      5       2      19      5 |    7.40        0.00

Type     Name                                                                          # reqs      # fails |    Avg     Min     Max    Med |   req/s  failures/s
--------|----------------------------------------------------------------------------|-------|-------------|-------|-------|-------|-------|--------|-----------
GET      [GET] /actuator/health                                                            23     0(0.00%) |      5       3      10      5 |    1.70        0.00
GET      [GET] /api/soporte/election/status                                                25     0(0.00%) |      4       2       8      4 |    1.60        0.00
GET      [GET] /api/soporte/tickets                                                        45     0(0.00%) |      7       5      16      7 |    2.60        0.00
GET      [GET] /health                                                                     48     0(0.00%) |      5       2      60      4 |    3.50        0.00
--------|----------------------------------------------------------------------------|-------|-------------|-------|-------|-------|-------|--------|-----------
         Aggregated                                                                       141     0(0.00%) |      6       2      60      5 |    9.40        0.00

Type     Name                                                                          # reqs      # fails |    Avg     Min     Max    Med |   req/s  failures/s
--------|----------------------------------------------------------------------------|-------|-------------|-------|-------|-------|-------|--------|-----------
GET      [GET] /actuator/health                                                            27     0(0.00%) |      4       3      10      5 |    2.00        0.00
GET      [GET] /api/soporte/election/status                                                31     0(0.00%) |      4       2       8      4 |    2.20        0.00
GET      [GET] /api/soporte/tickets                                                        55     0(0.00%) |      7       5      16      7 |    3.70        0.00
GET      [GET] /health                                                                     61     0(0.00%) |      5       2      60      4 |    3.70        0.00
--------|----------------------------------------------------------------------------|-------|-------------|-------|-------|-------|-------|--------|-----------
         Aggregated                                                                       174     0(0.00%) |      5       2      60      5 |   11.60        0.00

Type     Name                                                                          # reqs      # fails |    Avg     Min     Max    Med |   req/s  failures/s
--------|----------------------------------------------------------------------------|-------|-------------|-------|-------|-------|-------|--------|-----------
GET      [GET] /actuator/health                                                            30     0(0.00%) |      4       3      10      5 |    2.40        0.00
GET      [GET] /api/soporte/election/status                                                38     0(0.00%) |      4       2       8      4 |    2.60        0.00
GET      [GET] /api/soporte/tickets                                                        67     0(0.00%) |      7       5      16      7 |    4.40        0.00
GET      [GET] /health                                                                     79     0(0.00%) |      5       1      60      4 |    4.10        0.00
--------|----------------------------------------------------------------------------|-------|-------------|-------|-------|-------|-------|--------|-----------
         Aggregated                                                                       214     0(0.00%) |      5       1      60      5 |   13.50        0.00

Type     Name                                                                          # reqs      # fails |    Avg     Min     Max    Med |   req/s  failures/s
--------|----------------------------------------------------------------------------|-------|-------------|-------|-------|-------|-------|--------|-----------
GET      [GET] /actuator/health                                                            36     0(0.00%) |      4       2      10      5 |    2.10        0.00
GET      [GET] /api/soporte/election/status                                                42     0(0.00%) |      4       2       8      4 |    3.10        0.00
GET      [GET] /api/soporte/tickets                                                        80     0(0.00%) |      7       5      16      7 |    4.80        0.00
GET      [GET] /health                                                                     99     0(0.00%) |      5       1      60      4 |    5.40        0.00
--------|----------------------------------------------------------------------------|-------|-------------|-------|-------|-------|-------|--------|-----------
         Aggregated                                                                       257     0(0.00%) |      5       1      60      5 |   15.40        0.00

Type     Name                                                                          # reqs      # fails |    Avg     Min     Max    Med |   req/s  failures/s
--------|----------------------------------------------------------------------------|-------|-------------|-------|-------|-------|-------|--------|-----------
GET      [GET] /actuator/health                                                            45     0(0.00%) |      4       2      10      5 |    2.40        0.00
GET      [GET] /api/soporte/election/status                                                47     0(0.00%) |      4       2       8      4 |    3.00        0.00
GET      [GET] /api/soporte/tickets                                                        91     0(0.00%) |      7       5      16      7 |    5.10        0.00
GET      [GET] /health                                                                    120     0(0.00%) |      4       1      60      4 |    6.70        0.00
--------|----------------------------------------------------------------------------|-------|-------------|-------|-------|-------|-------|--------|-----------
         Aggregated                                                                       303     0(0.00%) |      5       1      60      5 |   17.20        0.00

Type     Name                                                                          # reqs      # fails |    Avg     Min     Max    Med |   req/s  failures/s
--------|----------------------------------------------------------------------------|-------|-------------|-------|-------|-------|-------|--------|-----------
GET      [GET] /actuator/health                                                            50     0(0.00%) |      4       2      10      4 |    2.50        0.00
GET      [GET] /api/soporte/election/status                                                55     0(0.00%) |      4       2       8      4 |    2.80        0.00
GET      [GET] /api/soporte/tickets                                                       102     0(0.00%) |      7       5      26      7 |    5.80        0.00
GET      [GET] /health                                                                    150     0(0.00%) |      4       1      60      4 |    8.20        0.00
--------|----------------------------------------------------------------------------|-------|-------------|-------|-------|-------|-------|--------|-----------
         Aggregated                                                                       357     0(0.00%) |      5       1      60      5 |   19.30        0.00

Type     Name                                                                          # reqs      # fails |    Avg     Min     Max    Med |   req/s  failures/s
--------|----------------------------------------------------------------------------|-------|-------------|-------|-------|-------|-------|--------|-----------
GET      [GET] /actuator/health                                                            53     0(0.00%) |      4       2      10      4 |    2.70        0.00
GET      [GET] /api/soporte/election/status                                                65     0(0.00%) |      4       2       8      4 |    2.80        0.00
GET      [GET] /api/soporte/tickets                                                       118     0(0.00%) |      7       4      26      7 |    5.90        0.00
GET      [GET] /health                                                                    175     0(0.00%) |      4       1      60      4 |    9.80        0.00
--------|----------------------------------------------------------------------------|-------|-------------|-------|-------|-------|-------|--------|-----------
         Aggregated                                                                       411     0(0.00%) |      5       1      60      4 |   21.20        0.00

Type     Name                                                                          # reqs      # fails |    Avg     Min     Max    Med |   req/s  failures/s
--------|----------------------------------------------------------------------------|-------|-------------|-------|-------|-------|-------|--------|-----------
GET      [GET] /actuator/health                                                            65     0(0.00%) |      4       2      10      4 |    2.40        0.00
GET      [GET] /api/soporte/election/status                                                76     0(0.00%) |      4       2       8      4 |    3.40        0.00
GET      [GET] /api/soporte/tickets                                                       134     0(0.00%) |      7       4      26      7 |    6.10        0.00
GET      [GET] /health                                                                    204     0(0.00%) |      4       1      60      4 |   11.20        0.00
--------|----------------------------------------------------------------------------|-------|-------------|-------|-------|-------|-------|--------|-----------
         Aggregated                                                                       479     0(0.00%) |      5       1      60      4 |   23.10        0.00

Type     Name                                                                          # reqs      # fails |    Avg     Min     Max    Med |   req/s  failures/s
--------|----------------------------------------------------------------------------|-------|-------------|-------|-------|-------|-------|--------|-----------
GET      [GET] /actuator/health                                                            76     0(0.00%) |      4       2      10      4 |    3.40        0.00
GET      [GET] /api/soporte/election/status                                                87     0(0.00%) |      4       2       8      4 |    3.60        0.00
GET      [GET] /api/soporte/tickets                                                       149     0(0.00%) |      7       4      26      7 |    6.40        0.00
GET      [GET] /health                                                                    222     0(0.00%) |      4       1      60      4 |   12.10        0.00
--------|----------------------------------------------------------------------------|-------|-------------|-------|-------|-------|-------|--------|-----------
         Aggregated                                                                       534     0(0.00%) |      5       1      60      4 |   25.50        0.00

Type     Name                                                                          # reqs      # fails |    Avg     Min     Max    Med |   req/s  failures/s
--------|----------------------------------------------------------------------------|-------|-------------|-------|-------|-------|-------|--------|-----------
GET      [GET] /actuator/health                                                            86     0(0.00%) |      4       2      10      4 |    3.60        0.00
GET      [GET] /api/soporte/election/status                                                95     0(0.00%) |      4       2       8      4 |    4.30        0.00
GET      [GET] /api/soporte/tickets                                                       166     0(0.00%) |      7       4      26      7 |    7.00        0.00
GET      [GET] /health                                                                    256     0(0.00%) |      4       1      60      4 |   12.40        0.00
--------|----------------------------------------------------------------------------|-------|-------------|-------|-------|-------|-------|--------|-----------
         Aggregated                                                                       603     0(0.00%) |      5       1      60      4 |   27.30        0.00

Type     Name                                                                          # reqs      # fails |    Avg     Min     Max    Med |   req/s  failures/s
--------|----------------------------------------------------------------------------|-------|-------------|-------|-------|-------|-------|--------|-----------
GET      [GET] /actuator/health                                                            95     0(0.00%) |      4       2      10      4 |    3.90        0.00
GET      [GET] /api/soporte/election/status                                               107     0(0.00%) |      4       2       8      4 |    4.60        0.00
GET      [GET] /api/soporte/tickets                                                       189     0(0.00%) |      7       4      26      7 |    7.50        0.00
GET      [GET] /health                                                                    283     0(0.00%) |      4       1      60      4 |   13.00        0.00
--------|----------------------------------------------------------------------------|-------|-------------|-------|-------|-------|-------|--------|-----------
         Aggregated                                                                       674     0(0.00%) |      5       1      60      4 |   29.00        0.00

Type     Name                                                                          # reqs      # fails |    Avg     Min     Max    Med |   req/s  failures/s
--------|----------------------------------------------------------------------------|-------|-------------|-------|-------|-------|-------|--------|-----------
GET      [GET] /actuator/health                                                           107     0(0.00%) |      4       2      10      4 |    4.50        0.00
GET      [GET] /api/soporte/election/status                                               119     0(0.00%) |      4       2       8      4 |    5.20        0.00
GET      [GET] /api/soporte/tickets                                                       206     0(0.00%) |      7       4      26      7 |    8.40        0.00
GET      [GET] /health                                                                    315     0(0.00%) |      4       1      60      4 |   12.60        0.00
--------|----------------------------------------------------------------------------|-------|-------------|-------|-------|-------|-------|--------|-----------
         Aggregated                                                                       747     0(0.00%) |      5       1      60      4 |   30.70        0.00

Type     Name                                                                          # reqs      # fails |    Avg     Min     Max    Med |   req/s  failures/s
--------|----------------------------------------------------------------------------|-------|-------------|-------|-------|-------|-------|--------|-----------
GET      [GET] /actuator/health                                                           117     0(0.00%) |      4       2      10      4 |    5.00        0.00
GET      [GET] /api/soporte/election/status                                               131     0(0.00%) |      4       2       8      4 |    5.10        0.00
GET      [GET] /api/soporte/tickets                                                       226     0(0.00%) |      7       4      26      7 |    8.30        0.00
GET      [GET] /health                                                                    348     0(0.00%) |      4       1      60      4 |   13.90        0.00
--------|----------------------------------------------------------------------------|-------|-------------|-------|-------|-------|-------|--------|-----------
         Aggregated                                                                       822     0(0.00%) |      5       1      60      4 |   32.30        0.00

Type     Name                                                                          # reqs      # fails |    Avg     Min     Max    Med |   req/s  failures/s
--------|----------------------------------------------------------------------------|-------|-------------|-------|-------|-------|-------|--------|-----------
GET      [GET] /actuator/health                                                           126     0(0.00%) |      4       2      10      4 |    5.10        0.00
GET      [GET] /api/soporte/election/status                                               139     0(0.00%) |      4       2       8      4 |    5.50        0.00
GET      [GET] /api/soporte/tickets                                                       255     0(0.00%) |      7       4      26      7 |    9.10        0.00
GET      [GET] /health                                                                    382     0(0.00%) |      4       1      60      4 |   14.60        0.00
--------|----------------------------------------------------------------------------|-------|-------------|-------|-------|-------|-------|--------|-----------
         Aggregated                                                                       902     0(0.00%) |      5       1      60      4 |   34.30        0.00

Type     Name                                                                          # reqs      # fails |    Avg     Min     Max    Med |   req/s  failures/s
--------|----------------------------------------------------------------------------|-------|-------------|-------|-------|-------|-------|--------|-----------
GET      [GET] /actuator/health                                                           140     0(0.00%) |      4       2      10      4 |    5.30        0.00
GET      [GET] /api/soporte/election/status                                               151     0(0.00%) |      4       2      10      4 |    5.30        0.00
GET      [GET] /api/soporte/tickets                                                       281     0(0.00%) |      7       4      26      7 |   10.20        0.00
GET      [GET] /health                                                                    422     0(0.00%) |      4       1      60      4 |   15.20        0.00
--------|----------------------------------------------------------------------------|-------|-------------|-------|-------|-------|-------|--------|-----------
         Aggregated                                                                       994     0(0.00%) |      5       1      60      4 |   36.00        0.00

Type     Name                                                                          # reqs      # fails |    Avg     Min     Max    Med |   req/s  failures/s
--------|----------------------------------------------------------------------------|-------|-------------|-------|-------|-------|-------|--------|-----------
GET      [GET] /actuator/health                                                           151     0(0.00%) |      4       2      26      4 |    5.50        0.00
GET      [GET] /api/soporte/election/status                                               162     0(0.00%) |      4       2      10      4 |    5.40        0.00
GET      [GET] /api/soporte/tickets                                                       310     0(0.00%) |      7       4      26      7 |   11.50        0.00
GET      [GET] /health                                                                    463     0(0.00%) |      4       1      60      4 |   16.20        0.00
--------|----------------------------------------------------------------------------|-------|-------------|-------|-------|-------|-------|--------|-----------
         Aggregated                                                                      1086     0(0.00%) |      5       1      60      4 |   38.60        0.00

Type     Name                                                                          # reqs      # fails |    Avg     Min     Max    Med |   req/s  failures/s
--------|----------------------------------------------------------------------------|-------|-------------|-------|-------|-------|-------|--------|-----------
GET      [GET] /actuator/health                                                           164     0(0.00%) |      4       2      26      4 |    5.30        0.00
GET      [GET] /api/soporte/election/status                                               178     0(0.00%) |      4       2      10      4 |    5.60        0.00
GET      [GET] /api/soporte/tickets                                                       328     0(0.00%) |      7       4      26      7 |   11.60        0.00
GET      [GET] /health                                                                    508     0(0.00%) |      4       1      60      4 |   17.90        0.00
--------|----------------------------------------------------------------------------|-------|-------------|-------|-------|-------|-------|--------|-----------
         Aggregated                                                                      1178     0(0.00%) |      4       1      60      4 |   40.40        0.00

Type     Name                                                                          # reqs      # fails |    Avg     Min     Max    Med |   req/s  failures/s
--------|----------------------------------------------------------------------------|-------|-------------|-------|-------|-------|-------|--------|-----------
GET      [GET] /actuator/health                                                           184     0(0.00%) |      4       2      26      4 |    6.20        0.00
GET      [GET] /api/soporte/election/status                                               192     0(0.00%) |      4       2      10      4 |    6.10        0.00
GET      [GET] /api/soporte/tickets                                                       351     0(0.00%) |      7       4      26      7 |   12.70        0.00
GET      [GET] /health                                                                    556     0(0.00%) |      4       1      60      4 |   18.20        0.00
--------|----------------------------------------------------------------------------|-------|-------------|-------|-------|-------|-------|--------|-----------
         Aggregated                                                                      1283     0(0.00%) |      4       1      60      4 |   43.20        0.00

Type     Name                                                                          # reqs      # fails |    Avg     Min     Max    Med |   req/s  failures/s
--------|----------------------------------------------------------------------------|-------|-------------|-------|-------|-------|-------|--------|-----------
GET      [GET] /actuator/health                                                           202     0(0.00%) |      4       2      26      4 |    6.30        0.00
GET      [GET] /api/soporte/election/status                                               205     0(0.00%) |      4       2      10      4 |    6.00        0.00
GET      [GET] /api/soporte/tickets                                                       378     0(0.00%) |      7       4      26      6 |   12.50        0.00
GET      [GET] /health                                                                    601     0(0.00%) |      3       1      60      4 |   20.20        0.00
--------|----------------------------------------------------------------------------|-------|-------------|-------|-------|-------|-------|--------|-----------
         Aggregated                                                                      1386     0(0.00%) |      4       1      60      4 |   45.00        0.00

Type     Name                                                                          # reqs      # fails |    Avg     Min     Max    Med |   req/s  failures/s
--------|----------------------------------------------------------------------------|-------|-------------|-------|-------|-------|-------|--------|-----------
GET      [GET] /actuator/health                                                           221     0(0.00%) |      4       2      26      4 |    7.00        0.00
GET      [GET] /api/soporte/election/status                                               216     0(0.00%) |      4       2      10      4 |    6.40        0.00
GET      [GET] /api/soporte/tickets                                                       411     0(0.00%) |      7       4      26      6 |   12.00        0.00
GET      [GET] /health                                                                    649     0(0.00%) |      3       1      60      4 |   22.50        0.00
--------|----------------------------------------------------------------------------|-------|-------------|-------|-------|-------|-------|--------|-----------
         Aggregated                                                                      1497     0(0.00%) |      4       1      60      4 |   47.90        0.00

Type     Name                                                                          # reqs      # fails |    Avg     Min     Max    Med |   req/s  failures/s
--------|----------------------------------------------------------------------------|-------|-------------|-------|-------|-------|-------|--------|-----------
GET      [GET] /actuator/health                                                           231     0(0.00%) |      4       2      26      4 |    7.70        0.00
GET      [GET] /api/soporte/election/status                                               231     0(0.00%) |      4       2      11      4 |    6.70        0.00
GET      [GET] /api/soporte/tickets                                                       444     0(0.00%) |      7       4      26      6 |   12.90        0.00
GET      [GET] /health                                                                    704     0(0.00%) |      3       1      60      4 |   22.20        0.00
--------|----------------------------------------------------------------------------|-------|-------------|-------|-------|-------|-------|--------|-----------
         Aggregated                                                                      1610     0(0.00%) |      4       1      60      4 |   49.50        0.00

Type     Name                                                                          # reqs      # fails |    Avg     Min     Max    Med |   req/s  failures/s
--------|----------------------------------------------------------------------------|-------|-------------|-------|-------|-------|-------|--------|-----------
GET      [GET] /actuator/health                                                           240     0(0.00%) |      4       2      26      4 |    8.10        0.00
GET      [GET] /api/soporte/election/status                                               246     0(0.00%) |      4       2      11      4 |    6.70        0.00
GET      [GET] /api/soporte/tickets                                                       484     0(0.00%) |      6       4      26      6 |   13.50        0.00
GET      [GET] /health                                                                    752     0(0.00%) |      3       1      60      4 |   24.10        0.00
--------|----------------------------------------------------------------------------|-------|-------------|-------|-------|-------|-------|--------|-----------
         Aggregated                                                                      1722     0(0.00%) |      4       1      60      4 |   52.40        0.00

Type     Name                                                                          # reqs      # fails |    Avg     Min     Max    Med |   req/s  failures/s
--------|----------------------------------------------------------------------------|-------|-------------|-------|-------|-------|-------|--------|-----------
GET      [GET] /actuator/health                                                           255     0(0.00%) |      4       2      26      4 |    7.20        0.00
GET      [GET] /api/soporte/election/status                                               266     0(0.00%) |      4       2      11      4 |    6.80        0.00
GET      [GET] /api/soporte/tickets                                                       520     0(0.00%) |      6       4      26      6 |   15.20        0.00
GET      [GET] /health                                                                    800     0(0.00%) |      3       1      60      4 |   25.20        0.00
--------|----------------------------------------------------------------------------|-------|-------------|-------|-------|-------|-------|--------|-----------
         Aggregated                                                                      1841     0(0.00%) |      4       1      60      4 |   54.40        0.00

Type     Name                                                                          # reqs      # fails |    Avg     Min     Max    Med |   req/s  failures/s
--------|----------------------------------------------------------------------------|-------|-------------|-------|-------|-------|-------|--------|-----------
GET      [GET] /actuator/health                                                           274     0(0.00%) |      4       2      26      4 |    7.30        0.00
GET      [GET] /api/soporte/election/status                                               282     0(0.00%) |      4       2      11      4 |    6.90        0.00
GET      [GET] /api/soporte/tickets                                                       558     0(0.00%) |      6       4      26      6 |   16.70        0.00
GET      [GET] /health                                                                    853     0(0.00%) |      3       1      60      4 |   24.30        0.00
--------|----------------------------------------------------------------------------|-------|-------------|-------|-------|-------|-------|--------|-----------
         Aggregated                                                                      1967     0(0.00%) |      4       1      60      4 |   55.20        0.00

Type     Name                                                                          # reqs      # fails |    Avg     Min     Max    Med |   req/s  failures/s
--------|----------------------------------------------------------------------------|-------|-------------|-------|-------|-------|-------|--------|-----------
GET      [GET] /actuator/health                                                           291     0(0.00%) |      4       2      26      4 |    7.30        0.00
GET      [GET] /api/soporte/election/status                                               294     0(0.00%) |      4       2      11      4 |    7.70        0.00
GET      [GET] /api/soporte/tickets                                                       593     0(0.00%) |      6       4      26      6 |   18.30        0.00
GET      [GET] /health                                                                    918     0(0.00%) |      3       1      60      4 |   24.40        0.00
--------|----------------------------------------------------------------------------|-------|-------------|-------|-------|-------|-------|--------|-----------
         Aggregated                                                                      2096     0(0.00%) |      4       1      60      4 |   57.70        0.00

Type     Name                                                                          # reqs      # fails |    Avg     Min     Max    Med |   req/s  failures/s
--------|----------------------------------------------------------------------------|-------|-------------|-------|-------|-------|-------|--------|-----------
GET      [GET] /actuator/health                                                           309     0(0.00%) |      4       2      26      4 |    7.50        0.00
GET      [GET] /api/soporte/election/status                                               311     0(0.00%) |      3       2      11      4 |    7.60        0.00
GET      [GET] /api/soporte/tickets                                                       630     0(0.00%) |      6       4      26      6 |   17.50        0.00
GET      [GET] /health                                                                    978     0(0.00%) |      3       1      60      4 |   26.70        0.00
--------|----------------------------------------------------------------------------|-------|-------------|-------|-------|-------|-------|--------|-----------
         Aggregated                                                                      2228     0(0.00%) |      4       1      60      4 |   59.30        0.00

Type     Name                                                                          # reqs      # fails |    Avg     Min     Max    Med |   req/s  failures/s
--------|----------------------------------------------------------------------------|-------|-------------|-------|-------|-------|-------|--------|-----------
GET      [GET] /actuator/health                                                           325     0(0.00%) |      4       2      26      4 |    7.50        0.00
GET      [GET] /api/soporte/election/status                                               326     0(0.00%) |      3       2      11      4 |    7.60        0.00
GET      [GET] /api/soporte/tickets                                                       669     0(0.00%) |      6       4      26      6 |   18.30        0.00
GET      [GET] /health                                                                   1046     0(0.00%) |      3       1      60      4 |   27.50        0.00
--------|----------------------------------------------------------------------------|-------|-------------|-------|-------|-------|-------|--------|-----------
         Aggregated                                                                      2366     0(0.00%) |      4       1      60      4 |   60.90        0.00

Type     Name                                                                          # reqs      # fails |    Avg     Min     Max    Med |   req/s  failures/s
--------|----------------------------------------------------------------------------|-------|-------------|-------|-------|-------|-------|--------|-----------
GET      [GET] /actuator/health                                                           348     0(0.00%) |      4       2      26      4 |    8.40        0.00
GET      [GET] /api/soporte/election/status                                               345     0(0.00%) |      3       2      11      4 |    7.80        0.00
GET      [GET] /api/soporte/tickets                                                       708     0(0.00%) |      6       4      26      6 |   18.10        0.00
GET      [GET] /health                                                                   1104     0(0.00%) |      3       1      60      4 |   28.60        0.00
--------|----------------------------------------------------------------------------|-------|-------------|-------|-------|-------|-------|--------|-----------
         Aggregated                                                                      2505     0(0.00%) |      4       1      60      4 |   62.90        0.00

Type     Name                                                                          # reqs      # fails |    Avg     Min     Max    Med |   req/s  failures/s
--------|----------------------------------------------------------------------------|-------|-------------|-------|-------|-------|-------|--------|-----------
GET      [GET] /actuator/health                                                           374     0(0.00%) |      4       2      26      4 |    9.00        0.00
GET      [GET] /api/soporte/election/status                                               360     0(0.00%) |      3       2      11      4 |    8.20        0.00
GET      [GET] /api/soporte/tickets                                                       746     0(0.00%) |      6       4      26      6 |   18.40        0.00
GET      [GET] /health                                                                   1168     0(0.00%) |      3       1      60      4 |   30.10        0.00
--------|----------------------------------------------------------------------------|-------|-------------|-------|-------|-------|-------|--------|-----------
         Aggregated                                                                      2648     0(0.00%) |      4       1      60      4 |   65.70        0.00

Type     Name                                                                          # reqs      # fails |    Avg     Min     Max    Med |   req/s  failures/s
--------|----------------------------------------------------------------------------|-------|-------------|-------|-------|-------|-------|--------|-----------
GET      [GET] /actuator/health                                                           392     0(0.00%) |      4       2      26      4 |    9.60        0.00
GET      [GET] /api/soporte/election/status                                               385     0(0.00%) |      3       2      11      4 |    7.50        0.00
GET      [GET] /api/soporte/tickets                                                       785     0(0.00%) |      6       4      26      6 |   18.70        0.00
GET      [GET] /health                                                                   1236     0(0.00%) |      3       1      60      4 |   30.60        0.00
--------|----------------------------------------------------------------------------|-------|-------------|-------|-------|-------|-------|--------|-----------
         Aggregated                                                                      2798     0(0.00%) |      4       1      60      4 |   66.40        0.00

Type     Name                                                                          # reqs      # fails |    Avg     Min     Max    Med |   req/s  failures/s
--------|----------------------------------------------------------------------------|-------|-------------|-------|-------|-------|-------|--------|-----------
GET      [GET] /actuator/health                                                           413     0(0.00%) |      4       2      26      4 |    9.80        0.00
GET      [GET] /api/soporte/election/status                                               407     0(0.00%) |      4       2      29      4 |    8.70        0.00
GET      [GET] /api/soporte/tickets                                                       834     0(0.00%) |      6       4      26      6 |   19.10        0.00
GET      [GET] /health                                                                   1292     0(0.00%) |      3       1      60      4 |   31.20        0.00
--------|----------------------------------------------------------------------------|-------|-------------|-------|-------|-------|-------|--------|-----------
         Aggregated                                                                      2946     0(0.00%) |      4       1      60      4 |   68.80        0.00

Type     Name                                                                          # reqs      # fails |    Avg     Min     Max    Med |   req/s  failures/s
--------|----------------------------------------------------------------------------|-------|-------------|-------|-------|-------|-------|--------|-----------
GET      [GET] /actuator/health                                                           440     0(0.00%) |      4       2      26      4 |   10.40        0.00
GET      [GET] /api/soporte/election/status                                               432     0(0.00%) |      4       2      29      4 |    9.50        0.00
GET      [GET] /api/soporte/tickets                                                       880     0(0.00%) |      6       4      26      6 |   20.00        0.00
GET      [GET] /health                                                                   1347     0(0.00%) |      3       1      60      4 |   31.10        0.00
--------|----------------------------------------------------------------------------|-------|-------------|-------|-------|-------|-------|--------|-----------
         Aggregated                                                                      3099     0(0.00%) |      4       1      60      4 |   71.00        0.00

Type     Name                                                                          # reqs      # fails |    Avg     Min     Max    Med |   req/s  failures/s
--------|----------------------------------------------------------------------------|-------|-------------|-------|-------|-------|-------|--------|-----------
GET      [GET] /actuator/health                                                           466     0(0.00%) |      4       2      26      4 |   11.00        0.00
GET      [GET] /api/soporte/election/status                                               450     0(0.00%) |      4       2      29      4 |   10.20        0.00
GET      [GET] /api/soporte/tickets                                                       933     0(0.00%) |      6       4      26      6 |   21.00        0.00
GET      [GET] /health                                                                   1417     0(0.00%) |      3       1      60      4 |   30.10        0.00
--------|----------------------------------------------------------------------------|-------|-------------|-------|-------|-------|-------|--------|-----------
         Aggregated                                                                      3266     0(0.00%) |      4       1      60      4 |   72.30        0.00

Type     Name                                                                          # reqs      # fails |    Avg     Min     Max    Med |   req/s  failures/s
--------|----------------------------------------------------------------------------|-------|-------------|-------|-------|-------|-------|--------|-----------
GET      [GET] /actuator/health                                                           493     0(0.00%) |      4       2      26      4 |   11.70        0.00
GET      [GET] /api/soporte/election/status                                               470     0(0.00%) |      4       2      29      4 |   10.40        0.00
GET      [GET] /api/soporte/tickets                                                       974     0(0.00%) |      6       4      30      6 |   22.10        0.00
GET      [GET] /health                                                                   1493     0(0.00%) |      3       1      60      4 |   30.00        0.00
--------|----------------------------------------------------------------------------|-------|-------------|-------|-------|-------|-------|--------|-----------
         Aggregated                                                                      3430     0(0.00%) |      4       1      60      4 |   74.20        0.00

Type     Name                                                                          # reqs      # fails |    Avg     Min     Max    Med |   req/s  failures/s
--------|----------------------------------------------------------------------------|-------|-------------|-------|-------|-------|-------|--------|-----------
GET      [GET] /actuator/health                                                           508     0(0.00%) |      4       2      26      4 |   11.80        0.00
GET      [GET] /api/soporte/election/status                                               490     0(0.00%) |      4       2      29      4 |   11.00        0.00
GET      [GET] /api/soporte/tickets                                                      1021     0(0.00%) |      6       4      30      6 |   22.10        0.00
GET      [GET] /health                                                                   1567     0(0.00%) |      3       1      60      4 |   32.10        0.00
--------|----------------------------------------------------------------------------|-------|-------------|-------|-------|-------|-------|--------|-----------
         Aggregated                                                                      3586     0(0.00%) |      4       1      60      4 |   77.00        0.00

Type     Name                                                                          # reqs      # fails |    Avg     Min     Max    Med |   req/s  failures/s
--------|----------------------------------------------------------------------------|-------|-------------|-------|-------|-------|-------|--------|-----------
GET      [GET] /actuator/health                                                           531     0(0.00%) |      4       2      26      4 |   11.80        0.00
GET      [GET] /api/soporte/election/status                                               516     0(0.00%) |      4       2      29      4 |   10.70        0.00
GET      [GET] /api/soporte/tickets                                                      1067     0(0.00%) |      6       4      31      6 |   23.20        0.00
GET      [GET] /health                                                                   1644     0(0.00%) |      3       1      60      4 |   33.10        0.00
--------|----------------------------------------------------------------------------|-------|-------------|-------|-------|-------|-------|--------|-----------
         Aggregated                                                                      3758     0(0.00%) |      4       1      60      4 |   78.80        0.00

Type     Name                                                                          # reqs      # fails |    Avg     Min     Max    Med |   req/s  failures/s
--------|----------------------------------------------------------------------------|-------|-------------|-------|-------|-------|-------|--------|-----------
GET      [GET] /actuator/health                                                           559     0(0.00%) |      4       2      26      4 |   11.70        0.00
GET      [GET] /api/soporte/election/status                                               538     0(0.00%) |      4       2      29      4 |   10.90        0.00
GET      [GET] /api/soporte/tickets                                                      1109     0(0.00%) |      6       4      31      6 |   23.50        0.00
GET      [GET] /health                                                                   1732     0(0.00%) |      3       1      60      4 |   34.40        0.00
--------|----------------------------------------------------------------------------|-------|-------------|-------|-------|-------|-------|--------|-----------
         Aggregated                                                                      3938     0(0.00%) |      4       1      60      4 |   80.50        0.00

Type     Name                                                                          # reqs      # fails |    Avg     Min     Max    Med |   req/s  failures/s
--------|----------------------------------------------------------------------------|-------|-------------|-------|-------|-------|-------|--------|-----------
GET      [GET] /actuator/health                                                           586     0(0.00%) |      4       2      26      4 |   12.50        0.00
GET      [GET] /api/soporte/election/status                                               569     0(0.00%) |      4       2      29      4 |   11.10        0.00
GET      [GET] /api/soporte/tickets                                                      1154     0(0.00%) |      6       4      34      6 |   22.30        0.00
GET      [GET] /health                                                                   1813     0(0.00%) |      3       1      60      4 |   37.10        0.00
--------|----------------------------------------------------------------------------|-------|-------------|-------|-------|-------|-------|--------|-----------
         Aggregated                                                                      4122     0(0.00%) |      4       1      60      4 |   83.00        0.00

Type     Name                                                                          # reqs      # fails |    Avg     Min     Max    Med |   req/s  failures/s
--------|----------------------------------------------------------------------------|-------|-------------|-------|-------|-------|-------|--------|-----------
GET      [GET] /actuator/health                                                           616     0(0.00%) |      4       2      26      4 |   12.10        0.00
GET      [GET] /api/soporte/election/status                                               596     0(0.00%) |      4       2      29      4 |   11.40        0.00
GET      [GET] /api/soporte/tickets                                                      1203     0(0.00%) |      6       4      34      6 |   22.70        0.00
GET      [GET] /health                                                                   1888     0(0.00%) |      3       1      60      4 |   39.70        0.00
--------|----------------------------------------------------------------------------|-------|-------------|-------|-------|-------|-------|--------|-----------
         Aggregated                                                                      4303     0(0.00%) |      4       1      60      4 |   85.90        0.00

Type     Name                                                                          # reqs      # fails |    Avg     Min     Max    Med |   req/s  failures/s
--------|----------------------------------------------------------------------------|-------|-------------|-------|-------|-------|-------|--------|-----------
GET      [GET] /actuator/health                                                           636     0(0.00%) |      4       2      26      4 |   12.20        0.00
GET      [GET] /api/soporte/election/status                                               623     0(0.00%) |      4       2      29      4 |   12.30        0.00
GET      [GET] /api/soporte/tickets                                                      1259     0(0.00%) |      6       4      34      6 |   22.90        0.00
GET      [GET] /health                                                                   1965     0(0.00%) |      3       1      60      4 |   39.70        0.00
--------|----------------------------------------------------------------------------|-------|-------------|-------|-------|-------|-------|--------|-----------
         Aggregated                                                                      4483     0(0.00%) |      4       1      60      4 |   87.10        0.00

Type     Name                                                                          # reqs      # fails |    Avg     Min     Max    Med |   req/s  failures/s
--------|----------------------------------------------------------------------------|-------|-------------|-------|-------|-------|-------|--------|-----------
GET      [GET] /actuator/health                                                           654     0(0.00%) |      4       2      26      4 |   12.40        0.00
GET      [GET] /api/soporte/election/status                                               651     0(0.00%) |      4       2      29      4 |   13.20        0.00
GET      [GET] /api/soporte/tickets                                                      1316     0(0.00%) |      7       4      34      6 |   24.00        0.00
GET      [GET] /health                                                                   2051     0(0.00%) |      3       1      60      4 |   39.10        0.00
--------|----------------------------------------------------------------------------|-------|-------------|-------|-------|-------|-------|--------|-----------
         Aggregated                                                                      4672     0(0.00%) |      4       1      60      4 |   88.70        0.00

Type     Name                                                                          # reqs      # fails |    Avg     Min     Max    Med |   req/s  failures/s
--------|----------------------------------------------------------------------------|-------|-------------|-------|-------|-------|-------|--------|-----------
GET      [GET] /actuator/health                                                           679     0(0.00%) |      4       2      26      4 |   12.30        0.00
GET      [GET] /api/soporte/election/status                                               686     0(0.00%) |      4       2      29      4 |   13.60        0.00
GET      [GET] /api/soporte/tickets                                                      1358     0(0.00%) |      7       4      34      6 |   24.50        0.00
GET      [GET] /health                                                                   2131     0(0.00%) |      3       1      60      4 |   40.40        0.00
--------|----------------------------------------------------------------------------|-------|-------------|-------|-------|-------|-------|--------|-----------
         Aggregated                                                                      4854     0(0.00%) |      4       1      60      4 |   90.80        0.00

Type     Name                                                                          # reqs      # fails |    Avg     Min     Max    Med |   req/s  failures/s
--------|----------------------------------------------------------------------------|-------|-------------|-------|-------|-------|-------|--------|-----------
GET      [GET] /actuator/health                                                           702     0(0.00%) |      4       2      26      4 |   11.70        0.00
GET      [GET] /api/soporte/election/status                                               720     0(0.00%) |      4       2      29      4 |   14.00        0.00
GET      [GET] /api/soporte/tickets                                                      1425     0(0.00%) |      6       4      34      6 |   25.40        0.00
GET      [GET] /health                                                                   2216     0(0.00%) |      3       1      60      4 |   41.30        0.00
--------|----------------------------------------------------------------------------|-------|-------------|-------|-------|-------|-------|--------|-----------
         Aggregated                                                                      5063     0(0.00%) |      4       1      60      4 |   92.40        0.00

Type     Name                                                                          # reqs      # fails |    Avg     Min     Max    Med |   req/s  failures/s
--------|----------------------------------------------------------------------------|-------|-------------|-------|-------|-------|-------|--------|-----------
GET      [GET] /actuator/health                                                           729     0(0.00%) |      4       2      26      4 |   11.80        0.00
GET      [GET] /api/soporte/election/status                                               741     0(0.00%) |      4       2      29      4 |   14.90        0.00
GET      [GET] /api/soporte/tickets                                                      1478     0(0.00%) |      6       4      34      6 |   26.10        0.00
GET      [GET] /health                                                                   2316     0(0.00%) |      3       1      60      4 |   40.30        0.00
--------|----------------------------------------------------------------------------|-------|-------------|-------|-------|-------|-------|--------|-----------
         Aggregated                                                                      5264     0(0.00%) |      4       1      60      4 |   93.10        0.00

Type     Name                                                                          # reqs      # fails |    Avg     Min     Max    Med |   req/s  failures/s
--------|----------------------------------------------------------------------------|-------|-------------|-------|-------|-------|-------|--------|-----------
GET      [GET] /actuator/health                                                           771     0(0.00%) |      4       2      29      4 |   11.60        0.00
GET      [GET] /api/soporte/election/status                                               772     0(0.00%) |      4       2      29      4 |   14.60        0.00
GET      [GET] /api/soporte/tickets                                                      1539     0(0.00%) |      6       4      34      6 |   27.00        0.00
GET      [GET] /health                                                                   2389     0(0.00%) |      3       1      60      4 |   42.00        0.00
--------|----------------------------------------------------------------------------|-------|-------------|-------|-------|-------|-------|--------|-----------
         Aggregated                                                                      5471     0(0.00%) |      4       1      60      4 |   95.20        0.00

Type     Name                                                                          # reqs      # fails |    Avg     Min     Max    Med |   req/s  failures/s
--------|----------------------------------------------------------------------------|-------|-------------|-------|-------|-------|-------|--------|-----------
GET      [GET] /actuator/health                                                           803     0(0.00%) |      4       2      29      4 |   12.60        0.00
GET      [GET] /api/soporte/election/status                                               811     0(0.00%) |      4       2      29      4 |   14.60        0.00
GET      [GET] /api/soporte/tickets                                                      1600     0(0.00%) |      6       4      34      6 |   27.20        0.00
GET      [GET] /health                                                                   2469     0(0.00%) |      3       1      60      4 |   43.20        0.00
--------|----------------------------------------------------------------------------|-------|-------------|-------|-------|-------|-------|--------|-----------
         Aggregated                                                                      5683     0(0.00%) |      4       1      60      4 |   97.60        0.00

Type     Name                                                                          # reqs      # fails |    Avg     Min     Max    Med |   req/s  failures/s
--------|----------------------------------------------------------------------------|-------|-------------|-------|-------|-------|-------|--------|-----------
GET      [GET] /actuator/health                                                           839     0(0.00%) |      4       2      29      4 |   14.70        0.00
GET      [GET] /api/soporte/election/status                                               843     0(0.00%) |      4       2      29      4 |   15.50        0.00
GET      [GET] /api/soporte/tickets                                                      1650     0(0.00%) |      6       4      34      6 |   28.20        0.00
GET      [GET] /health                                                                   2569     0(0.00%) |      3       1      60      4 |   42.00        0.00
--------|----------------------------------------------------------------------------|-------|-------------|-------|-------|-------|-------|--------|-----------
         Aggregated                                                                      5901     0(0.00%) |      4       1      60      4 |  100.40        0.00

Type     Name                                                                          # reqs      # fails |    Avg     Min     Max    Med |   req/s  failures/s
--------|----------------------------------------------------------------------------|-------|-------------|-------|-------|-------|-------|--------|-----------
GET      [GET] /actuator/health                                                           868     0(0.00%) |      4       2      29      4 |   15.90        0.00
GET      [GET] /api/soporte/election/status                                               870     0(0.00%) |      4       2      29      4 |   15.30        0.00
GET      [GET] /api/soporte/tickets                                                      1715     0(0.00%) |      6       4      34      6 |   29.20        0.00
GET      [GET] /health                                                                   2660     0(0.00%) |      3       1      60      4 |   41.40        0.00
--------|----------------------------------------------------------------------------|-------|-------------|-------|-------|-------|-------|--------|-----------
         Aggregated                                                                      6113     0(0.00%) |      4       1      60      4 |  101.80        0.00

Type     Name                                                                          # reqs      # fails |    Avg     Min     Max    Med |   req/s  failures/s
--------|----------------------------------------------------------------------------|-------|-------------|-------|-------|-------|-------|--------|-----------
GET      [GET] /actuator/health                                                           894     0(0.00%) |      4       2      29      4 |   16.20        0.00
GET      [GET] /api/soporte/election/status                                               907     0(0.00%) |      4       2      29      4 |   15.60        0.00
GET      [GET] /api/soporte/tickets                                                      1770     0(0.00%) |      7       4      34      6 |   28.90        0.00
GET      [GET] /health                                                                   2762     0(0.00%) |      3       1      60      4 |   44.50        0.00
--------|----------------------------------------------------------------------------|-------|-------------|-------|-------|-------|-------|--------|-----------
         Aggregated                                                                      6333     0(0.00%) |      4       1      60      4 |  105.20        0.00

Type     Name                                                                          # reqs      # fails |    Avg     Min     Max    Med |   req/s  failures/s
--------|----------------------------------------------------------------------------|-------|-------------|-------|-------|-------|-------|--------|-----------
GET      [GET] /actuator/health                                                           918     0(0.00%) |      4       2      29      4 |   16.40        0.00
GET      [GET] /api/soporte/election/status                                               936     0(0.00%) |      4       2      29      4 |   16.20        0.00
GET      [GET] /api/soporte/tickets                                                      1834     0(0.00%) |      7       4      34      6 |   29.00        0.00
GET      [GET] /health                                                                   2872     0(0.00%) |      3       1      60      4 |   44.90        0.00
--------|----------------------------------------------------------------------------|-------|-------------|-------|-------|-------|-------|--------|-----------
         Aggregated                                                                      6560     0(0.00%) |      4       1      60      4 |  106.50        0.00

Type     Name                                                                          # reqs      # fails |    Avg     Min     Max    Med |   req/s  failures/s
--------|----------------------------------------------------------------------------|-------|-------------|-------|-------|-------|-------|--------|-----------
GET      [GET] /actuator/health                                                           960     0(0.00%) |      4       2      29      4 |   15.60        0.00
GET      [GET] /api/soporte/election/status                                               956     0(0.00%) |      4       2      29      4 |   16.50        0.00
GET      [GET] /api/soporte/tickets                                                      1904     0(0.00%) |      7       4      34      6 |   29.10        0.00
GET      [GET] /health                                                                   2973     0(0.00%) |      3       1      60      4 |   46.80        0.00
--------|----------------------------------------------------------------------------|-------|-------------|-------|-------|-------|-------|--------|-----------
         Aggregated                                                                      6793     0(0.00%) |      4       1      60      4 |  108.00        0.00

Type     Name                                                                          # reqs      # fails |    Avg     Min     Max    Med |   req/s  failures/s
--------|----------------------------------------------------------------------------|-------|-------------|-------|-------|-------|-------|--------|-----------
GET      [GET] /actuator/health                                                           994     0(0.00%) |      4       2      29      4 |   15.40        0.00
GET      [GET] /api/soporte/election/status                                               982     0(0.00%) |      4       2      29      4 |   15.10        0.00
GET      [GET] /api/soporte/tickets                                                      1976     0(0.00%) |      6       4      34      6 |   29.70        0.00
GET      [GET] /health                                                                   3074     0(0.00%) |      3       1      60      4 |   49.30        0.00
--------|----------------------------------------------------------------------------|-------|-------------|-------|-------|-------|-------|--------|-----------
         Aggregated                                                                      7026     0(0.00%) |      4       1      60      4 |  109.50        0.00

Type     Name                                                                          # reqs      # fails |    Avg     Min     Max    Med |   req/s  failures/s
--------|----------------------------------------------------------------------------|-------|-------------|-------|-------|-------|-------|--------|-----------
GET      [GET] /actuator/health                                                          1032     0(0.00%) |      4       2      29      4 |   15.10        0.00
GET      [GET] /api/soporte/election/status                                              1015     0(0.00%) |      4       2      29      4 |   14.40        0.00
GET      [GET] /api/soporte/tickets                                                      2045     0(0.00%) |      7       4      34      6 |   30.60        0.00
GET      [GET] /health                                                                   3178     0(0.00%) |      3       1      60      4 |   51.60        0.00
--------|----------------------------------------------------------------------------|-------|-------------|-------|-------|-------|-------|--------|-----------
         Aggregated                                                                      7270     0(0.00%) |      4       1      60      4 |  111.70        0.00

Type     Name                                                                          # reqs      # fails |    Avg     Min     Max    Med |   req/s  failures/s
--------|----------------------------------------------------------------------------|-------|-------------|-------|-------|-------|-------|--------|-----------
GET      [GET] /actuator/health                                                          1071     0(0.00%) |      4       2      29      4 |   15.70        0.00
GET      [GET] /api/soporte/election/status                                              1050     0(0.00%) |      4       2      29      4 |   14.10        0.00
GET      [GET] /api/soporte/tickets                                                      2108     0(0.00%) |      7       4      34      6 |   33.00        0.00
GET      [GET] /health                                                                   3296     0(0.00%) |      3       1      60      4 |   51.00        0.00
--------|----------------------------------------------------------------------------|-------|-------------|-------|-------|-------|-------|--------|-----------
         Aggregated                                                                      7525     0(0.00%) |      4       1      60      4 |  113.80        0.00

Type     Name                                                                          # reqs      # fails |    Avg     Min     Max    Med |   req/s  failures/s
--------|----------------------------------------------------------------------------|-------|-------------|-------|-------|-------|-------|--------|-----------
GET      [GET] /actuator/health                                                          1101     0(0.00%) |      4       2      29      4 |   17.20        0.00
GET      [GET] /api/soporte/election/status                                              1088     0(0.00%) |      4       2      29      4 |   14.50        0.00
GET      [GET] /api/soporte/tickets                                                      2188     0(0.00%) |      7       4      34      6 |   33.40        0.00
GET      [GET] /health                                                                   3388     0(0.00%) |      3       1      60      4 |   51.90        0.00
--------|----------------------------------------------------------------------------|-------|-------------|-------|-------|-------|-------|--------|-----------
         Aggregated                                                                      7765     0(0.00%) |      4       1      60      4 |  117.00        0.00

Type     Name                                                                          # reqs      # fails |    Avg     Min     Max    Med |   req/s  failures/s
--------|----------------------------------------------------------------------------|-------|-------------|-------|-------|-------|-------|--------|-----------
GET      [GET] /actuator/health                                                          1135     0(0.00%) |      4       2      29      4 |   17.90        0.00
GET      [GET] /api/soporte/election/status                                              1126     0(0.00%) |      4       2      29      4 |   14.90        0.00
GET      [GET] /api/soporte/tickets                                                      2245     0(0.00%) |      7       4      34      6 |   35.10        0.00
GET      [GET] /health                                                                   3505     0(0.00%) |      3       1      60      4 |   52.10        0.00
--------|----------------------------------------------------------------------------|-------|-------------|-------|-------|-------|-------|--------|-----------
         Aggregated                                                                      8011     0(0.00%) |      4       1      60      4 |  120.00        0.00

Type     Name                                                                          # reqs      # fails |    Avg     Min     Max    Med |   req/s  failures/s
--------|----------------------------------------------------------------------------|-------|-------------|-------|-------|-------|-------|--------|-----------
GET      [GET] /actuator/health                                                          1173     0(0.00%) |      4       2      29      4 |   17.50        0.00
GET      [GET] /api/soporte/election/status                                              1164     0(0.00%) |      4       2      29      4 |   16.10        0.00
GET      [GET] /api/soporte/tickets                                                      2306     0(0.00%) |      7       4      35      6 |   34.00        0.00
GET      [GET] /health                                                                   3620     0(0.00%) |      3       1      60      4 |   52.20        0.00
--------|----------------------------------------------------------------------------|-------|-------------|-------|-------|-------|-------|--------|-----------
         Aggregated                                                                      8263     0(0.00%) |      4       1      60      4 |  119.80        0.00

Type     Name                                                                          # reqs      # fails |    Avg     Min     Max    Med |   req/s  failures/s
--------|----------------------------------------------------------------------------|-------|-------------|-------|-------|-------|-------|--------|-----------
GET      [GET] /actuator/health                                                          1208     0(0.00%) |      4       2      29      4 |   17.70        0.00
GET      [GET] /api/soporte/election/status                                              1206     0(0.00%) |      4       2      29      4 |   18.00        0.00
GET      [GET] /api/soporte/tickets                                                      2382     0(0.00%) |      7       4      35      6 |   34.40        0.00
GET      [GET] /health                                                                   3725     0(0.00%) |      4       1      60      4 |   53.50        0.00
--------|----------------------------------------------------------------------------|-------|-------------|-------|-------|-------|-------|--------|-----------
         Aggregated                                                                      8521     0(0.00%) |      4       1      60      4 |  123.60        0.00

Type     Name                                                                          # reqs      # fails |    Avg     Min     Max    Med |   req/s  failures/s
--------|----------------------------------------------------------------------------|-------|-------------|-------|-------|-------|-------|--------|-----------
GET      [GET] /actuator/health                                                          1247     0(0.00%) |      4       2      29      4 |   17.90        0.00
GET      [GET] /api/soporte/election/status                                              1243     0(0.00%) |      4       2      29      4 |   18.50        0.00
GET      [GET] /api/soporte/tickets                                                      2455     0(0.00%) |      7       4      35      6 |   33.00        0.00
GET      [GET] /health                                                                   3836     0(0.00%) |      4       1      60      4 |   54.20        0.00
--------|----------------------------------------------------------------------------|-------|-------------|-------|-------|-------|-------|--------|-----------
         Aggregated                                                                      8781     0(0.00%) |      4       1      60      4 |  123.60        0.00

Type     Name                                                                          # reqs      # fails |    Avg     Min     Max    Med |   req/s  failures/s
--------|----------------------------------------------------------------------------|-------|-------------|-------|-------|-------|-------|--------|-----------
GET      [GET] /actuator/health                                                          1275     0(0.00%) |      4       2      29      4 |   17.80        0.00
GET      [GET] /api/soporte/election/status                                              1279     0(0.00%) |      4       2      29      4 |   19.10        0.00
GET      [GET] /api/soporte/tickets                                                      2549     0(0.00%) |      7       3      35      6 |   34.80        0.00
GET      [GET] /health                                                                   3951     0(0.00%) |      4       1      60      4 |   53.80        0.00
--------|----------------------------------------------------------------------------|-------|-------------|-------|-------|-------|-------|--------|-----------
         Aggregated                                                                      9054     0(0.00%) |      4       1      60      4 |  125.50        0.00

Type     Name                                                                          # reqs      # fails |    Avg     Min     Max    Med |   req/s  failures/s
--------|----------------------------------------------------------------------------|-------|-------------|-------|-------|-------|-------|--------|-----------
GET      [GET] /actuator/health                                                          1313     0(0.00%) |      4       2      29      4 |   17.50        0.00
GET      [GET] /api/soporte/election/status                                              1314     0(0.00%) |      4       2      29      4 |   19.00        0.00
GET      [GET] /api/soporte/tickets                                                      2630     0(0.00%) |      7       3      35      6 |   35.00        0.00
GET      [GET] /health                                                                   4068     0(0.00%) |      4       1      60      4 |   55.40        0.00
--------|----------------------------------------------------------------------------|-------|-------------|-------|-------|-------|-------|--------|-----------
         Aggregated                                                                      9325     0(0.00%) |      4       1      60      4 |  126.90        0.00

Type     Name                                                                          # reqs      # fails |    Avg     Min     Max    Med |   req/s  failures/s
--------|----------------------------------------------------------------------------|-------|-------------|-------|-------|-------|-------|--------|-----------
GET      [GET] /actuator/health                                                          1353     0(0.00%) |      4       2      29      4 |   17.80        0.00
GET      [GET] /api/soporte/election/status                                              1344     0(0.00%) |      4       2      33      4 |   19.20        0.00
GET      [GET] /api/soporte/tickets                                                      2711     0(0.00%) |      7       3      35      6 |   38.20        0.00
GET      [GET] /health                                                                   4191     0(0.00%) |      4       1      60      4 |   56.20        0.00
--------|----------------------------------------------------------------------------|-------|-------------|-------|-------|-------|-------|--------|-----------
         Aggregated                                                                      9599     0(0.00%) |      4       1      60      4 |  131.40        0.00

Type     Name                                                                          # reqs      # fails |    Avg     Min     Max    Med |   req/s  failures/s
--------|----------------------------------------------------------------------------|-------|-------------|-------|-------|-------|-------|--------|-----------
GET      [GET] /actuator/health                                                          1387     0(0.00%) |      4       2      29      4 |   17.10        0.00
GET      [GET] /api/soporte/election/status                                              1381     0(0.00%) |      4       2      33      4 |   18.40        0.00
GET      [GET] /api/soporte/tickets                                                      2804     0(0.00%) |      7       3      35      6 |   40.40        0.00
GET      [GET] /health                                                                   4312     0(0.00%) |      4       1      60      4 |   56.40        0.00
--------|----------------------------------------------------------------------------|-------|-------------|-------|-------|-------|-------|--------|-----------
         Aggregated                                                                      9884     0(0.00%) |      4       1      60      4 |  132.30        0.00

Type     Name                                                                          # reqs      # fails |    Avg     Min     Max    Med |   req/s  failures/s
--------|----------------------------------------------------------------------------|-------|-------------|-------|-------|-------|-------|--------|-----------
GET      [GET] /actuator/health                                                          1433     0(0.00%) |      4       2      29      4 |   17.80        0.00
GET      [GET] /api/soporte/election/status                                              1410     0(0.00%) |      4       2      33      4 |   17.60        0.00
GET      [GET] /api/soporte/tickets                                                      2891     0(0.00%) |      7       3      35      6 |   40.90        0.00
GET      [GET] /health                                                                   4430     0(0.00%) |      4       1      60      4 |   58.30        0.00
--------|----------------------------------------------------------------------------|-------|-------------|-------|-------|-------|-------|--------|-----------
         Aggregated                                                                     10164     0(0.00%) |      5       1      60      4 |  134.60        0.00

Type     Name                                                                          # reqs      # fails |    Avg     Min     Max    Med |   req/s  failures/s
--------|----------------------------------------------------------------------------|-------|-------------|-------|-------|-------|-------|--------|-----------
GET      [GET] /actuator/health                                                          1468     0(0.00%) |      4       2      29      4 |   18.10        0.00
GET      [GET] /api/soporte/election/status                                              1458     0(0.00%) |      4       2      33      4 |   16.70        0.00
GET      [GET] /api/soporte/tickets                                                      2973     0(0.00%) |      7       3      36      6 |   42.20        0.00
GET      [GET] /health                                                                   4557     0(0.00%) |      4       1      60      4 |   59.80        0.00
--------|----------------------------------------------------------------------------|-------|-------------|-------|-------|-------|-------|--------|-----------
         Aggregated                                                                     10456     0(0.00%) |      5       1      60      4 |  136.80        0.00

Type     Name                                                                          # reqs      # fails |    Avg     Min     Max    Med |   req/s  failures/s
--------|----------------------------------------------------------------------------|-------|-------------|-------|-------|-------|-------|--------|-----------
GET      [GET] /actuator/health                                                          1510     0(0.00%) |      4       2      29      4 |   18.60        0.00
GET      [GET] /api/soporte/election/status                                              1507     0(0.00%) |      4       2      33      4 |   17.60        0.00
GET      [GET] /api/soporte/tickets                                                      3044     0(0.00%) |      7       3      36      6 |   43.20        0.00
GET      [GET] /health                                                                   4676     0(0.00%) |      4       1      60      4 |   60.00        0.00
--------|----------------------------------------------------------------------------|-------|-------------|-------|-------|-------|-------|--------|-----------
         Aggregated                                                                     10737     0(0.00%) |      5       1      60      4 |  139.40        0.00

Type     Name                                                                          # reqs      # fails |    Avg     Min     Max    Med |   req/s  failures/s
--------|----------------------------------------------------------------------------|-------|-------------|-------|-------|-------|-------|--------|-----------
GET      [GET] /actuator/health                                                          1547     0(0.00%) |      4       2      29      4 |   19.20        0.00
GET      [GET] /api/soporte/election/status                                              1559     0(0.00%) |      4       2      33      4 |   17.90        0.00
GET      [GET] /api/soporte/tickets                                                      3127     0(0.00%) |      7       3      36      6 |   41.50        0.00
GET      [GET] /health                                                                   4811     0(0.00%) |      4       1      60      4 |   60.50        0.00
--------|----------------------------------------------------------------------------|-------|-------------|-------|-------|-------|-------|--------|-----------
         Aggregated                                                                     11044     0(0.00%) |      5       1      60      4 |  139.10        0.00

Type     Name                                                                          # reqs      # fails |    Avg     Min     Max    Med |   req/s  failures/s
--------|----------------------------------------------------------------------------|-------|-------------|-------|-------|-------|-------|--------|-----------
GET      [GET] /actuator/health                                                          1598     0(0.00%) |      4       2      29      4 |   20.20        0.00
GET      [GET] /api/soporte/election/status                                              1603     0(0.00%) |      4       2      33      4 |   20.30        0.00
GET      [GET] /api/soporte/tickets                                                      3217     0(0.00%) |      7       3      36      6 |   40.10        0.00
GET      [GET] /health                                                                   4920     0(0.00%) |      4       1      60      4 |   60.80        0.00
--------|----------------------------------------------------------------------------|-------|-------------|-------|-------|-------|-------|--------|-----------
         Aggregated                                                                     11338     0(0.00%) |      5       1      60      4 |  141.40        0.00

Type     Name                                                                          # reqs      # fails |    Avg     Min     Max    Med |   req/s  failures/s
--------|----------------------------------------------------------------------------|-------|-------------|-------|-------|-------|-------|--------|-----------
GET      [GET] /actuator/health                                                          1633     0(0.00%) |      4       2      29      4 |   20.50        0.00
GET      [GET] /api/soporte/election/status                                              1653     0(0.00%) |      4       2      33      4 |   22.40        0.00
GET      [GET] /api/soporte/tickets                                                      3309     0(0.00%) |      7       3      36      6 |   41.90        0.00
GET      [GET] /health                                                                   5050     0(0.00%) |      4       1      60      4 |   60.70        0.00
--------|----------------------------------------------------------------------------|-------|-------------|-------|-------|-------|-------|--------|-----------
         Aggregated                                                                     11645     0(0.00%) |      5       1      60      4 |  145.50        0.00

Type     Name                                                                          # reqs      # fails |    Avg     Min     Max    Med |   req/s  failures/s
--------|----------------------------------------------------------------------------|-------|-------------|-------|-------|-------|-------|--------|-----------
GET      [GET] /actuator/health                                                          1674     0(0.00%) |      4       2      29      4 |   20.10        0.00
GET      [GET] /api/soporte/election/status                                              1704     0(0.00%) |      4       2      33      4 |   23.20        0.00
GET      [GET] /api/soporte/tickets                                                      3384     0(0.00%) |      7       3      36      6 |   42.00        0.00
GET      [GET] /health                                                                   5191     0(0.00%) |      4       1      60      4 |   61.40        0.00
--------|----------------------------------------------------------------------------|-------|-------------|-------|-------|-------|-------|--------|-----------
         Aggregated                                                                     11953     0(0.00%) |      5       1      60      4 |  146.70        0.00

Type     Name                                                                          # reqs      # fails |    Avg     Min     Max    Med |   req/s  failures/s
--------|----------------------------------------------------------------------------|-------|-------------|-------|-------|-------|-------|--------|-----------
GET      [GET] /actuator/health                                                          1712     0(0.00%) |      4       2      29      4 |   20.90        0.00
GET      [GET] /api/soporte/election/status                                              1746     0(0.00%) |      4       2      33      4 |   24.80        0.00
GET      [GET] /api/soporte/tickets                                                      3457     0(0.00%) |      7       3      36      6 |   40.80        0.00
GET      [GET] /health                                                                   5341     0(0.00%) |      4       1      60      4 |   61.40        0.00
--------|----------------------------------------------------------------------------|-------|-------------|-------|-------|-------|-------|--------|-----------
         Aggregated                                                                     12256     0(0.00%) |      5       1      60      4 |  147.90        0.00

Type     Name                                                                          # reqs      # fails |    Avg     Min     Max    Med |   req/s  failures/s
--------|----------------------------------------------------------------------------|-------|-------------|-------|-------|-------|-------|--------|-----------
GET      [GET] /actuator/health                                                          1758     0(0.00%) |      4       2      29      4 |   19.60        0.00
GET      [GET] /api/soporte/election/status                                              1789     0(0.00%) |      4       2      33      4 |   24.60        0.00
GET      [GET] /api/soporte/tickets                                                      3526     0(0.00%) |      7       3      36      6 |   41.20        0.00
GET      [GET] /health                                                                   5490     0(0.00%) |      4       1      60      4 |   65.20        0.00
--------|----------------------------------------------------------------------------|-------|-------------|-------|-------|-------|-------|--------|-----------
         Aggregated                                                                     12563     0(0.00%) |      5       1      60      4 |  150.60        0.00

Type     Name                                                                          # reqs      # fails |    Avg     Min     Max    Med |   req/s  failures/s
--------|----------------------------------------------------------------------------|-------|-------------|-------|-------|-------|-------|--------|-----------
GET      [GET] /actuator/health                                                          1795     0(0.00%) |      4       2      29      4 |   21.00        0.00
GET      [GET] /api/soporte/election/status                                              1842     0(0.00%) |      4       2      33      4 |   23.20        0.00
GET      [GET] /api/soporte/tickets                                                      3626     0(0.00%) |      7       3      36      6 |   39.90        0.00
GET      [GET] /health                                                                   5618     0(0.00%) |      4       1      60      4 |   67.00        0.00
--------|----------------------------------------------------------------------------|-------|-------------|-------|-------|-------|-------|--------|-----------
         Aggregated                                                                     12881     0(0.00%) |      5       1      60      4 |  151.10        0.00

Type     Name                                                                          # reqs      # fails |    Avg     Min     Max    Med |   req/s  failures/s
--------|----------------------------------------------------------------------------|-------|-------------|-------|-------|-------|-------|--------|-----------
GET      [GET] /actuator/health                                                          1840     0(0.00%) |      4       2      35      4 |   21.00        0.00
GET      [GET] /api/soporte/election/status                                              1883     0(0.00%) |      4       2      33      4 |   23.30        0.00
GET      [GET] /api/soporte/tickets                                                      3707     0(0.00%) |      7       3      36      6 |   40.60        0.00
GET      [GET] /health                                                                   5763     0(0.00%) |      4       1      60      4 |   68.60        0.00
--------|----------------------------------------------------------------------------|-------|-------------|-------|-------|-------|-------|--------|-----------
         Aggregated                                                                     13193     0(0.00%) |      5       1      60      4 |  153.50        0.00

Type     Name                                                                          # reqs      # fails |    Avg     Min     Max    Med |   req/s  failures/s
--------|----------------------------------------------------------------------------|-------|-------------|-------|-------|-------|-------|--------|-----------
GET      [GET] /actuator/health                                                          1890     0(0.00%) |      4       2      35      4 |   20.60        0.00
GET      [GET] /api/soporte/election/status                                              1932     0(0.00%) |      4       2      33      4 |   23.60        0.00
GET      [GET] /api/soporte/tickets                                                      3798     0(0.00%) |      7       3      36      6 |   40.30        0.00
GET      [GET] /health                                                                   5892     0(0.00%) |      4       1      60      4 |   70.00        0.00
--------|----------------------------------------------------------------------------|-------|-------------|-------|-------|-------|-------|--------|-----------
         Aggregated                                                                     13512     0(0.00%) |      5       1      60      4 |  154.50        0.00

Type     Name                                                                          # reqs      # fails |    Avg     Min     Max    Med |   req/s  failures/s
--------|----------------------------------------------------------------------------|-------|-------------|-------|-------|-------|-------|--------|-----------
GET      [GET] /actuator/health                                                          1925     0(0.00%) |      4       2      35      4 |   20.90        0.00
GET      [GET] /api/soporte/election/status                                              1997     0(0.00%) |      4       2      33      4 |   22.60        0.00
GET      [GET] /api/soporte/tickets                                                      3888     0(0.00%) |      7       3      36      6 |   40.90        0.00
GET      [GET] /health                                                                   6029     0(0.00%) |      4       1      60      4 |   71.90        0.00
--------|----------------------------------------------------------------------------|-------|-------------|-------|-------|-------|-------|--------|-----------
         Aggregated                                                                     13839     0(0.00%) |      5       1      60      4 |  156.30        0.00

Type     Name                                                                          # reqs      # fails |    Avg     Min     Max    Med |   req/s  failures/s
--------|----------------------------------------------------------------------------|-------|-------------|-------|-------|-------|-------|--------|-----------
GET      [GET] /actuator/health                                                          1974     0(0.00%) |      4       2      35      4 |   22.00        0.00
GET      [GET] /api/soporte/election/status                                              2049     0(0.00%) |      4       2      33      4 |   24.50        0.00
GET      [GET] /api/soporte/tickets                                                      3972     0(0.00%) |      7       3      36      6 |   42.30        0.00
GET      [GET] /health                                                                   6189     0(0.00%) |      4       1      60      4 |   68.90        0.00
--------|----------------------------------------------------------------------------|-------|-------------|-------|-------|-------|-------|--------|-----------
         Aggregated                                                                     14184     0(0.00%) |      5       1      60      5 |  157.70        0.00

Type     Name                                                                          # reqs      # fails |    Avg     Min     Max    Med |   req/s  failures/s
--------|----------------------------------------------------------------------------|-------|-------------|-------|-------|-------|-------|--------|-----------
GET      [GET] /actuator/health                                                          2021     0(0.00%) |      4       2      35      4 |   21.20        0.00
GET      [GET] /api/soporte/election/status                                              2102     0(0.00%) |      4       2      33      4 |   25.40        0.00
GET      [GET] /api/soporte/tickets                                                      4063     0(0.00%) |      7       3      36      6 |   45.00        0.00
GET      [GET] /health                                                                   6329     0(0.00%) |      4       1      60      4 |   70.00        0.00
--------|----------------------------------------------------------------------------|-------|-------------|-------|-------|-------|-------|--------|-----------
         Aggregated                                                                     14515     0(0.00%) |      5       1      60      5 |  161.60        0.00

Type     Name                                                                          # reqs      # fails |    Avg     Min     Max    Med |   req/s  failures/s
--------|----------------------------------------------------------------------------|-------|-------------|-------|-------|-------|-------|--------|-----------
GET      [GET] /actuator/health                                                          2064     0(0.00%) |      4       2      35      4 |   21.00        0.00
GET      [GET] /api/soporte/election/status                                              2158     0(0.00%) |      4       2      33      4 |   26.00        0.00
GET      [GET] /api/soporte/tickets                                                      4170     0(0.00%) |      7       3      36      6 |   43.80        0.00
GET      [GET] /health                                                                   6470     0(0.00%) |      4       1      60      4 |   71.00        0.00
--------|----------------------------------------------------------------------------|-------|-------------|-------|-------|-------|-------|--------|-----------
         Aggregated                                                                     14862     0(0.00%) |      5       1      60      5 |  161.80        0.00

Type     Name                                                                          # reqs      # fails |    Avg     Min     Max    Med |   req/s  failures/s
--------|----------------------------------------------------------------------------|-------|-------------|-------|-------|-------|-------|--------|-----------
GET      [GET] /actuator/health                                                          2114     0(0.00%) |      4       2      35      4 |   22.60        0.00
GET      [GET] /api/soporte/election/status                                              2200     0(0.00%) |      4       2      33      4 |   27.00        0.00
GET      [GET] /api/soporte/tickets                                                      4271     0(0.00%) |      7       3      36      6 |   45.20        0.00
GET      [GET] /health                                                                   6631     0(0.00%) |      4       1      60      4 |   71.10        0.00
--------|----------------------------------------------------------------------------|-------|-------------|-------|-------|-------|-------|--------|-----------
         Aggregated                                                                     15216     0(0.00%) |      5       1      60      5 |  165.90        0.00

Type     Name                                                                          # reqs      # fails |    Avg     Min     Max    Med |   req/s  failures/s
--------|----------------------------------------------------------------------------|-------|-------------|-------|-------|-------|-------|--------|-----------
GET      [GET] /actuator/health                                                          2172     0(0.00%) |      4       2      35      4 |   22.00        0.00
GET      [GET] /api/soporte/election/status                                              2249     0(0.00%) |      4       2      33      4 |   26.60        0.00
GET      [GET] /api/soporte/tickets                                                      4370     0(0.00%) |      7       3      40      6 |   46.60        0.00
GET      [GET] /health                                                                   6772     0(0.00%) |      4       1      60      4 |   72.40        0.00
--------|----------------------------------------------------------------------------|-------|-------------|-------|-------|-------|-------|--------|-----------
         Aggregated                                                                     15563     0(0.00%) |      5       1      60      5 |  167.60        0.00

Type     Name                                                                          # reqs      # fails |    Avg     Min     Max    Med |   req/s  failures/s
--------|----------------------------------------------------------------------------|-------|-------------|-------|-------|-------|-------|--------|-----------
GET      [GET] /actuator/health                                                          2232     0(0.00%) |      4       2      35      4 |   23.60        0.00
GET      [GET] /api/soporte/election/status                                              2284     0(0.00%) |      4       2      33      4 |   25.70        0.00
GET      [GET] /api/soporte/tickets                                                      4455     0(0.00%) |      7       3      54      6 |   47.20        0.00
GET      [GET] /health                                                                   6945     0(0.00%) |      4       1      60      4 |   74.50        0.00
--------|----------------------------------------------------------------------------|-------|-------------|-------|-------|-------|-------|--------|-----------
         Aggregated                                                                     15916     0(0.00%) |      5       1      60      5 |  171.00        0.00

Type     Name                                                                          # reqs      # fails |    Avg     Min     Max    Med |   req/s  failures/s
--------|----------------------------------------------------------------------------|-------|-------------|-------|-------|-------|-------|--------|-----------
GET      [GET] /actuator/health                                                          2286     0(0.00%) |      4       2      35      4 |   25.00        0.00
GET      [GET] /api/soporte/election/status                                              2332     0(0.00%) |      4       2      33      4 |   24.20        0.00
GET      [GET] /api/soporte/tickets                                                      4546     0(0.00%) |      7       3      54      6 |   47.50        0.00
GET      [GET] /health                                                                   7093     0(0.00%) |      4       1      60      4 |   74.10        0.00
--------|----------------------------------------------------------------------------|-------|-------------|-------|-------|-------|-------|--------|-----------
         Aggregated                                                                     16257     0(0.00%) |      5       1      60      5 |  170.80        0.00

Type     Name                                                                          # reqs      # fails |    Avg     Min     Max    Med |   req/s  failures/s
--------|----------------------------------------------------------------------------|-------|-------------|-------|-------|-------|-------|--------|-----------
GET      [GET] /actuator/health                                                          2339     0(0.00%) |      4       2      35      4 |   26.70        0.00
GET      [GET] /api/soporte/election/status                                              2391     0(0.00%) |      4       2      33      4 |   23.20        0.00
GET      [GET] /api/soporte/tickets                                                      4650     0(0.00%) |      7       3      54      6 |   47.80        0.00
GET      [GET] /health                                                                   7235     0(0.00%) |      4       1      60      4 |   75.70        0.00
--------|----------------------------------------------------------------------------|-------|-------------|-------|-------|-------|-------|--------|-----------
         Aggregated                                                                     16615     0(0.00%) |      5       1      60      5 |  173.40        0.00

Type     Name                                                                          # reqs      # fails |    Avg     Min     Max    Med |   req/s  failures/s
--------|----------------------------------------------------------------------------|-------|-------------|-------|-------|-------|-------|--------|-----------
GET      [GET] /actuator/health                                                          2382     0(0.00%) |      4       2      35      4 |   26.40        0.00
GET      [GET] /api/soporte/election/status                                              2444     0(0.00%) |      4       2      33      4 |   23.10        0.00
GET      [GET] /api/soporte/tickets                                                      4759     0(0.00%) |      7       3      54      6 |   47.70        0.00
GET      [GET] /health                                                                   7403     0(0.00%) |      4       1      60      4 |   76.40        0.00
--------|----------------------------------------------------------------------------|-------|-------------|-------|-------|-------|-------|--------|-----------
         Aggregated                                                                     16988     0(0.00%) |      5       1      60      5 |  173.60        0.00

Type     Name                                                                          # reqs      # fails |    Avg     Min     Max    Med |   req/s  failures/s
--------|----------------------------------------------------------------------------|-------|-------------|-------|-------|-------|-------|--------|-----------
GET      [GET] /actuator/health                                                          2429     0(0.00%) |      4       2      35      4 |   27.40        0.00
GET      [GET] /api/soporte/election/status                                              2503     0(0.00%) |      4       2      33      4 |   24.20        0.00
GET      [GET] /api/soporte/tickets                                                      4865     0(0.00%) |      7       3      54      6 |   48.40        0.00
GET      [GET] /health                                                                   7560     0(0.00%) |      4       1      60      4 |   76.10        0.00
--------|----------------------------------------------------------------------------|-------|-------------|-------|-------|-------|-------|--------|-----------
         Aggregated                                                                     17357     0(0.00%) |      5       1      60      5 |  176.10        0.00

Type     Name                                                                          # reqs      # fails |    Avg     Min     Max    Med |   req/s  failures/s
--------|----------------------------------------------------------------------------|-------|-------------|-------|-------|-------|-------|--------|-----------
GET      [GET] /actuator/health                                                          2487     0(0.00%) |      4       2      35      4 |   26.30        0.00
GET      [GET] /api/soporte/election/status                                              2547     0(0.00%) |      4       2      33      4 |   24.60        0.00
GET      [GET] /api/soporte/tickets                                                      4977     0(0.00%) |      7       3      54      6 |   49.50        0.00
GET      [GET] /health                                                                   7716     0(0.00%) |      4       1      60      4 |   77.50        0.00
--------|----------------------------------------------------------------------------|-------|-------------|-------|-------|-------|-------|--------|-----------
         Aggregated                                                                     17727     0(0.00%) |      5       1      60      5 |  177.90        0.00

Type     Name                                                                          # reqs      # fails |    Avg     Min     Max    Med |   req/s  failures/s
--------|----------------------------------------------------------------------------|-------|-------------|-------|-------|-------|-------|--------|-----------
GET      [GET] /actuator/health                                                          2536     0(0.00%) |      4       2      35      4 |   25.70        0.00
GET      [GET] /api/soporte/election/status                                              2607     0(0.00%) |      4       2      33      4 |   26.10        0.00
GET      [GET] /api/soporte/tickets                                                      5091     0(0.00%) |      7       3      54      6 |   51.40        0.00
GET      [GET] /health                                                                   7880     0(0.00%) |      4       1      60      4 |   78.10        0.00
--------|----------------------------------------------------------------------------|-------|-------------|-------|-------|-------|-------|--------|-----------
         Aggregated                                                                     18114     0(0.00%) |      5       1      60      5 |  181.30        0.00

Type     Name                                                                          # reqs      # fails |    Avg     Min     Max    Med |   req/s  failures/s
--------|----------------------------------------------------------------------------|-------|-------------|-------|-------|-------|-------|--------|-----------
GET      [GET] /actuator/health                                                          2583     0(0.00%) |      4       2      35      4 |   24.60        0.00
GET      [GET] /api/soporte/election/status                                              2659     0(0.00%) |      4       2      33      4 |   26.90        0.00
GET      [GET] /api/soporte/tickets                                                      5204     0(0.00%) |      7       3      54      6 |   54.00        0.00
GET      [GET] /health                                                                   8049     0(0.00%) |      4       1      60      4 |   77.60        0.00
--------|----------------------------------------------------------------------------|-------|-------------|-------|-------|-------|-------|--------|-----------
         Aggregated                                                                     18495     0(0.00%) |      5       1      60      5 |  183.10        0.00

Type     Name                                                                          # reqs      # fails |    Avg     Min     Max    Med |   req/s  failures/s
--------|----------------------------------------------------------------------------|-------|-------------|-------|-------|-------|-------|--------|-----------
GET      [GET] /actuator/health                                                          2644     0(0.00%) |      4       2      35      4 |   25.50        0.00
GET      [GET] /api/soporte/election/status                                              2705     0(0.00%) |      4       2      33      4 |   26.80        0.00
GET      [GET] /api/soporte/tickets                                                      5328     0(0.00%) |      7       3      54      6 |   54.10        0.00
GET      [GET] /health                                                                   8207     0(0.00%) |      4       1      60      4 |   79.60        0.00
--------|----------------------------------------------------------------------------|-------|-------------|-------|-------|-------|-------|--------|-----------
         Aggregated                                                                     18884     0(0.00%) |      5       1      60      5 |  186.00        0.00

Type     Name                                                                          # reqs      # fails |    Avg     Min     Max    Med |   req/s  failures/s
--------|----------------------------------------------------------------------------|-------|-------------|-------|-------|-------|-------|--------|-----------
GET      [GET] /actuator/health                                                          2690     0(0.00%) |      4       2      35      4 |   25.90        0.00
GET      [GET] /api/soporte/election/status                                              2760     0(0.00%) |      4       2      33      4 |   26.00        0.00
GET      [GET] /api/soporte/tickets                                                      5447     0(0.00%) |      7       3      54      6 |   56.20        0.00
GET      [GET] /health                                                                   8365     0(0.00%) |      4       1      60      4 |   80.60        0.00
--------|----------------------------------------------------------------------------|-------|-------------|-------|-------|-------|-------|--------|-----------
         Aggregated                                                                     19262     0(0.00%) |      5       1      60      5 |  188.70        0.00

Type     Name                                                                          # reqs      # fails |    Avg     Min     Max    Med |   req/s  failures/s
--------|----------------------------------------------------------------------------|-------|-------------|-------|-------|-------|-------|--------|-----------
GET      [GET] /actuator/health                                                          2748     0(0.00%) |      4       2      35      4 |   26.50        0.00
GET      [GET] /api/soporte/election/status                                              2818     0(0.00%) |      4       2      33      4 |   26.10        0.00
GET      [GET] /api/soporte/tickets                                                      5558     0(0.00%) |      7       3      54      6 |   58.30        0.00
GET      [GET] /health                                                                   8521     0(0.00%) |      4       1      60      4 |   78.90        0.00
--------|----------------------------------------------------------------------------|-------|-------------|-------|-------|-------|-------|--------|-----------
         Aggregated                                                                     19645     0(0.00%) |      5       1      60      5 |  189.80        0.00

[2026-09-22 08:50:40,424] DESKTOP-2G72T6F/INFO/locust.runners: All users spawned: {"SoporteUser": 200} (200 total users)
Type     Name                                                                          # reqs      # fails |    Avg     Min     Max    Med |   req/s  failures/s
--------|----------------------------------------------------------------------------|-------|-------------|-------|-------|-------|-------|--------|-----------
GET      [GET] /actuator/health                                                          2813     0(0.00%) |      4       2      35      4 |   26.80        0.00
GET      [GET] /api/soporte/election/status                                              2872     0(0.00%) |      4       2      33      4 |   26.00        0.00
GET      [GET] /api/soporte/tickets                                                      5674     0(0.00%) |      7       3      54      6 |   57.60        0.00
GET      [GET] /health                                                                   8699     0(0.00%) |      4       1      60      4 |   80.00        0.00
--------|----------------------------------------------------------------------------|-------|-------------|-------|-------|-------|-------|--------|-----------
         Aggregated                                                                     20058     0(0.00%) |      5       1      60      5 |  190.40        0.00

Type     Name                                                                          # reqs      # fails |    Avg     Min     Max    Med |   req/s  failures/s
--------|----------------------------------------------------------------------------|-------|-------------|-------|-------|-------|-------|--------|-----------
GET      [GET] /actuator/health                                                          2878     0(0.00%) |      4       2      35      4 |   27.00        0.00
GET      [GET] /api/soporte/election/status                                              2936     0(0.00%) |      4       2      33      4 |   26.60        0.00
GET      [GET] /api/soporte/tickets                                                      5772     0(0.00%) |      7       3      54      6 |   57.00        0.00
GET      [GET] /health                                                                   8873     0(0.00%) |      4       1      60      4 |   81.90        0.00
--------|----------------------------------------------------------------------------|-------|-------------|-------|-------|-------|-------|--------|-----------
         Aggregated                                                                     20459     0(0.00%) |      5       1      60      5 |  192.50        0.00

Type     Name                                                                          # reqs      # fails |    Avg     Min     Max    Med |   req/s  failures/s
--------|----------------------------------------------------------------------------|-------|-------------|-------|-------|-------|-------|--------|-----------
GET      [GET] /actuator/health                                                          2932     0(0.00%) |      4       2      35      4 |   28.80        0.00
GET      [GET] /api/soporte/election/status                                              2983     0(0.00%) |      4       2      33      4 |   27.00        0.00
GET      [GET] /api/soporte/tickets                                                      5907     0(0.00%) |      7       3      54      6 |   58.20        0.00
GET      [GET] /health                                                                   9030     0(0.00%) |      4       1      60      4 |   81.90        0.00
--------|----------------------------------------------------------------------------|-------|-------------|-------|-------|-------|-------|--------|-----------
         Aggregated                                                                     20852     0(0.00%) |      5       1      60      5 |  195.90        0.00

Type     Name                                                                          # reqs      # fails |    Avg     Min     Max    Med |   req/s  failures/s
--------|----------------------------------------------------------------------------|-------|-------------|-------|-------|-------|-------|--------|-----------
GET      [GET] /actuator/health                                                          2985     0(0.00%) |      4       2      35      4 |   28.70        0.00
GET      [GET] /api/soporte/election/status                                              3026     0(0.00%) |      4       2      33      4 |   27.70        0.00
GET      [GET] /api/soporte/tickets                                                      6022     0(0.00%) |      7       3      54      6 |   56.80        0.00
GET      [GET] /health                                                                   9208     0(0.00%) |      4       1      60      4 |   82.40        0.00
--------|----------------------------------------------------------------------------|-------|-------------|-------|-------|-------|-------|--------|-----------
         Aggregated                                                                     21241     0(0.00%) |      5       1      60      5 |  195.60        0.00

Type     Name                                                                          # reqs      # fails |    Avg     Min     Max    Med |   req/s  failures/s
--------|----------------------------------------------------------------------------|-------|-------------|-------|-------|-------|-------|--------|-----------
GET      [GET] /actuator/health                                                          3035     0(0.00%) |      4       2      35      4 |   28.40        0.00
GET      [GET] /api/soporte/election/status                                              3097     0(0.00%) |      4       2      33      4 |   27.10        0.00
GET      [GET] /api/soporte/tickets                                                      6135     0(0.00%) |      7       3      54      7 |   56.20        0.00
GET      [GET] /health                                                                   9384     0(0.00%) |      4       1      60      4 |   85.80        0.00
--------|----------------------------------------------------------------------------|-------|-------------|-------|-------|-------|-------|--------|-----------
         Aggregated                                                                     21651     0(0.00%) |      5       1      60      5 |  197.50        0.00

Type     Name                                                                          # reqs      # fails |    Avg     Min     Max    Med |   req/s  failures/s
--------|----------------------------------------------------------------------------|-------|-------------|-------|-------|-------|-------|--------|-----------
GET      [GET] /actuator/health                                                          3096     0(0.00%) |      4       2      35      4 |   28.60        0.00
GET      [GET] /api/soporte/election/status                                              3140     0(0.00%) |      4       2      33      4 |   28.00        0.00
GET      [GET] /api/soporte/tickets                                                      6253     0(0.00%) |      7       3      54      7 |   57.20        0.00
GET      [GET] /health                                                                   9563     0(0.00%) |      4       1      60      4 |   86.00        0.00
--------|----------------------------------------------------------------------------|-------|-------------|-------|-------|-------|-------|--------|-----------
         Aggregated                                                                     22052     0(0.00%) |      5       1      60      5 |  199.80        0.00

Type     Name                                                                          # reqs      # fails |    Avg     Min     Max    Med |   req/s  failures/s
--------|----------------------------------------------------------------------------|-------|-------------|-------|-------|-------|-------|--------|-----------
GET      [GET] /actuator/health                                                          3154     0(0.00%) |      4       2      35      4 |   28.70        0.00
GET      [GET] /api/soporte/election/status                                              3195     0(0.00%) |      4       2      33      4 |   27.30        0.00
GET      [GET] /api/soporte/tickets                                                      6357     0(0.00%) |      7       3      54      7 |   58.70        0.00
GET      [GET] /health                                                                   9742     0(0.00%) |      4       1      60      4 |   83.80        0.00
--------|----------------------------------------------------------------------------|-------|-------------|-------|-------|-------|-------|--------|-----------
         Aggregated                                                                     22448     0(0.00%) |      5       1      60      5 |  198.50        0.00

Type     Name                                                                          # reqs      # fails |    Avg     Min     Max    Med |   req/s  failures/s
--------|----------------------------------------------------------------------------|-------|-------------|-------|-------|-------|-------|--------|-----------
GET      [GET] /actuator/health                                                          3212     0(0.00%) |      4       2      35      4 |   26.80        0.00
GET      [GET] /api/soporte/election/status                                              3253     0(0.00%) |      4       2      33      4 |   26.20        0.00
GET      [GET] /api/soporte/tickets                                                      6488     0(0.00%) |      7       3      54      7 |   58.00        0.00
GET      [GET] /health                                                                   9893     0(0.00%) |      4       1      60      4 |   86.50        0.00
--------|----------------------------------------------------------------------------|-------|-------------|-------|-------|-------|-------|--------|-----------
         Aggregated                                                                     22846     0(0.00%) |      5       1      60      5 |  197.50        0.00

Type     Name                                                                          # reqs      # fails |    Avg     Min     Max    Med |   req/s  failures/s
--------|----------------------------------------------------------------------------|-------|-------------|-------|-------|-------|-------|--------|-----------
GET      [GET] /actuator/health                                                          3274     0(0.00%) |      4       2      35      4 |   27.80        0.00
GET      [GET] /api/soporte/election/status                                              3302     0(0.00%) |      4       2      33      4 |   26.50        0.00
GET      [GET] /api/soporte/tickets                                                      6604     0(0.00%) |      7       3      54      7 |   58.40        0.00
GET      [GET] /health                                                                  10065     0(0.00%) |      4       1      60      4 |   85.60        0.00
--------|----------------------------------------------------------------------------|-------|-------------|-------|-------|-------|-------|--------|-----------
         Aggregated                                                                     23245     0(0.00%) |      5       1      60      5 |  198.30        0.00

Type     Name                                                                          # reqs      # fails |    Avg     Min     Max    Med |   req/s  failures/s
--------|----------------------------------------------------------------------------|-------|-------------|-------|-------|-------|-------|--------|-----------
GET      [GET] /actuator/health                                                          3322     0(0.00%) |      4       2      35      4 |   28.70        0.00
GET      [GET] /api/soporte/election/status                                              3351     0(0.00%) |      4       2      33      4 |   27.50        0.00
GET      [GET] /api/soporte/tickets                                                      6729     0(0.00%) |      7       3      54      7 |   57.70        0.00
GET      [GET] /health                                                                  10228     0(0.00%) |      4       1      60      4 |   84.50        0.00
--------|----------------------------------------------------------------------------|-------|-------------|-------|-------|-------|-------|--------|-----------
         Aggregated                                                                     23630     0(0.00%) |      5       1      60      5 |  198.40        0.00

Type     Name                                                                          # reqs      # fails |    Avg     Min     Max    Med |   req/s  failures/s
--------|----------------------------------------------------------------------------|-------|-------------|-------|-------|-------|-------|--------|-----------
GET      [GET] /actuator/health                                                          3365     0(0.00%) |      4       2      35      4 |   28.30        0.00
GET      [GET] /api/soporte/election/status                                              3406     0(0.00%) |      4       2      33      4 |   26.30        0.00
GET      [GET] /api/soporte/tickets                                                      6859     0(0.00%) |      7       3      54      7 |   59.40        0.00
GET      [GET] /health                                                                  10397     0(0.00%) |      4       1      60      4 |   83.80        0.00
--------|----------------------------------------------------------------------------|-------|-------------|-------|-------|-------|-------|--------|-----------
         Aggregated                                                                     24027     0(0.00%) |      5       1      60      5 |  197.80        0.00

Type     Name                                                                          # reqs      # fails |    Avg     Min     Max    Med |   req/s  failures/s
--------|----------------------------------------------------------------------------|-------|-------------|-------|-------|-------|-------|--------|-----------
GET      [GET] /actuator/health                                                          3417     0(0.00%) |      4       2      35      4 |   28.20        0.00
GET      [GET] /api/soporte/election/status                                              3473     0(0.00%) |      4       2      33      4 |   26.20        0.00
GET      [GET] /api/soporte/tickets                                                      6966     0(0.00%) |      7       3      54      7 |   58.80        0.00
GET      [GET] /health                                                                  10565     0(0.00%) |      4       1      60      4 |   85.20        0.00
--------|----------------------------------------------------------------------------|-------|-------------|-------|-------|-------|-------|--------|-----------
         Aggregated                                                                     24421     0(0.00%) |      5       1      60      5 |  198.40        0.00

Type     Name                                                                          # reqs      # fails |    Avg     Min     Max    Med |   req/s  failures/s
--------|----------------------------------------------------------------------------|-------|-------------|-------|-------|-------|-------|--------|-----------
GET      [GET] /actuator/health                                                          3470     0(0.00%) |      4       2      35      4 |   26.70        0.00
GET      [GET] /api/soporte/election/status                                              3543     0(0.00%) |      4       2      33      4 |   26.30        0.00
GET      [GET] /api/soporte/tickets                                                      7079     0(0.00%) |      7       3      54      7 |   61.50        0.00
GET      [GET] /health                                                                  10723     0(0.00%) |      4       1      60      4 |   83.10        0.00
--------|----------------------------------------------------------------------------|-------|-------------|-------|-------|-------|-------|--------|-----------
         Aggregated                                                                     24815     0(0.00%) |      5       1      60      5 |  197.60        0.00

Type     Name                                                                          # reqs      # fails |    Avg     Min     Max    Med |   req/s  failures/s
--------|----------------------------------------------------------------------------|-------|-------------|-------|-------|-------|-------|--------|-----------
GET      [GET] /actuator/health                                                          3524     0(0.00%) |      4       2      35      4 |   25.20        0.00
GET      [GET] /api/soporte/election/status                                              3602     0(0.00%) |      4       2      33      4 |   27.80        0.00
GET      [GET] /api/soporte/tickets                                                      7180     0(0.00%) |      7       3      54      7 |   60.90        0.00
GET      [GET] /health                                                                  10902     0(0.00%) |      4       1      60      4 |   82.40        0.00
--------|----------------------------------------------------------------------------|-------|-------------|-------|-------|-------|-------|--------|-----------
         Aggregated                                                                     25208     0(0.00%) |      5       1      60      5 |  196.30        0.00

Type     Name                                                                          # reqs      # fails |    Avg     Min     Max    Med |   req/s  failures/s
--------|----------------------------------------------------------------------------|-------|-------------|-------|-------|-------|-------|--------|-----------
GET      [GET] /actuator/health                                                          3594     0(0.00%) |      4       2      35      4 |   25.00        0.00
GET      [GET] /api/soporte/election/status                                              3648     0(0.00%) |      4       2      33      4 |   30.00        0.00
GET      [GET] /api/soporte/tickets                                                      7288     0(0.00%) |      7       3      54      7 |   57.50        0.00
GET      [GET] /health                                                                  11081     0(0.00%) |      4       1      60      4 |   83.70        0.00
--------|----------------------------------------------------------------------------|-------|-------------|-------|-------|-------|-------|--------|-----------
         Aggregated                                                                     25611     0(0.00%) |      5       1      60      5 |  196.20        0.00

Type     Name                                                                          # reqs      # fails |    Avg     Min     Max    Med |   req/s  failures/s
--------|----------------------------------------------------------------------------|-------|-------------|-------|-------|-------|-------|--------|-----------
GET      [GET] /actuator/health                                                          3654     0(0.00%) |      4       2      35      4 |   27.00        0.00
GET      [GET] /api/soporte/election/status                                              3702     0(0.00%) |      4       2      33      4 |   29.60        0.00
GET      [GET] /api/soporte/tickets                                                      7393     0(0.00%) |      7       3      54      7 |   55.80        0.00
GET      [GET] /health                                                                  11253     0(0.00%) |      4       1      60      4 |   85.10        0.00
--------|----------------------------------------------------------------------------|-------|-------------|-------|-------|-------|-------|--------|-----------
         Aggregated                                                                     26002     0(0.00%) |      5       1      60      5 |  197.50        0.00

Type     Name                                                                          # reqs      # fails |    Avg     Min     Max    Med |   req/s  failures/s
--------|----------------------------------------------------------------------------|-------|-------------|-------|-------|-------|-------|--------|-----------
GET      [GET] /actuator/health                                                          3700     0(0.00%) |      5       2      90      4 |   26.90        0.00
GET      [GET] /api/soporte/election/status                                              3760     0(0.00%) |      4       2      87      4 |   29.20        0.00
GET      [GET] /api/soporte/tickets                                                      7494     0(0.00%) |      7       3      61      7 |   54.70        0.00
GET      [GET] /health                                                                  11431     0(0.00%) |      4       1      89      4 |   85.20        0.00
--------|----------------------------------------------------------------------------|-------|-------------|-------|-------|-------|-------|--------|-----------
         Aggregated                                                                     26385     0(0.00%) |      5       1      90      5 |  196.00        0.00

Type     Name                                                                          # reqs      # fails |    Avg     Min     Max    Med |   req/s  failures/s
--------|----------------------------------------------------------------------------|-------|-------------|-------|-------|-------|-------|--------|-----------
GET      [GET] /actuator/health                                                          3757     0(0.00%) |      5       2      90      4 |   28.30        0.00
GET      [GET] /api/soporte/election/status                                              3823     0(0.00%) |      4       2      87      4 |   28.70        0.00
GET      [GET] /api/soporte/tickets                                                      7612     0(0.00%) |      7       3      61      7 |   52.70        0.00
GET      [GET] /health                                                                  11580     0(0.00%) |      4       1      89      4 |   86.60        0.00
--------|----------------------------------------------------------------------------|-------|-------------|-------|-------|-------|-------|--------|-----------
         Aggregated                                                                     26772     0(0.00%) |      5       1      90      5 |  196.30        0.00

Type     Name                                                                          # reqs      # fails |    Avg     Min     Max    Med |   req/s  failures/s
--------|----------------------------------------------------------------------------|-------|-------------|-------|-------|-------|-------|--------|-----------
GET      [GET] /actuator/health                                                          3808     0(0.00%) |      5       2      90      4 |   28.70        0.00
GET      [GET] /api/soporte/election/status                                              3872     0(0.00%) |      4       2      87      4 |   27.90        0.00
GET      [GET] /api/soporte/tickets                                                      7714     0(0.00%) |      7       3      61      7 |   53.20        0.00
GET      [GET] /health                                                                  11758     0(0.00%) |      4       1      89      4 |   85.50        0.00
--------|----------------------------------------------------------------------------|-------|-------------|-------|-------|-------|-------|--------|-----------
         Aggregated                                                                     27152     0(0.00%) |      5       1      90      5 |  195.30        0.00

Type     Name                                                                          # reqs      # fails |    Avg     Min     Max    Med |   req/s  failures/s
--------|----------------------------------------------------------------------------|-------|-------------|-------|-------|-------|-------|--------|-----------
GET      [GET] /actuator/health                                                          3864     0(0.00%) |      5       2      90      4 |   28.30        0.00
GET      [GET] /api/soporte/election/status                                              3940     0(0.00%) |      4       2      87      4 |   26.90        0.00
GET      [GET] /api/soporte/tickets                                                      7822     0(0.00%) |      7       3      61      7 |   53.40        0.00
GET      [GET] /health                                                                  11933     0(0.00%) |      4       1      89      4 |   85.30        0.00
--------|----------------------------------------------------------------------------|-------|-------------|-------|-------|-------|-------|--------|-----------
         Aggregated                                                                     27559     0(0.00%) |      5       1      90      5 |  193.90        0.00

Type     Name                                                                          # reqs      # fails |    Avg     Min     Max    Med |   req/s  failures/s
--------|----------------------------------------------------------------------------|-------|-------------|-------|-------|-------|-------|--------|-----------
GET      [GET] /actuator/health                                                          3909     0(0.00%) |      5       2      90      4 |   27.10        0.00
GET      [GET] /api/soporte/election/status                                              4010     0(0.00%) |      4       2      87      4 |   29.20        0.00
GET      [GET] /api/soporte/tickets                                                      7928     0(0.00%) |      7       3      61      6 |   53.30        0.00
GET      [GET] /health                                                                  12100     0(0.00%) |      4       1      89      4 |   85.00        0.00
--------|----------------------------------------------------------------------------|-------|-------------|-------|-------|-------|-------|--------|-----------
         Aggregated                                                                     27947     0(0.00%) |      5       1      90      5 |  194.60        0.00

Type     Name                                                                          # reqs      # fails |    Avg     Min     Max    Med |   req/s  failures/s
--------|----------------------------------------------------------------------------|-------|-------------|-------|-------|-------|-------|--------|-----------
GET      [GET] /actuator/health                                                          3970     0(0.00%) |      5       2      90      4 |   25.80        0.00
GET      [GET] /api/soporte/election/status                                              4069     0(0.00%) |      4       2      87      4 |   30.80        0.00
GET      [GET] /api/soporte/tickets                                                      8030     0(0.00%) |      7       3      61      7 |   53.40        0.00
GET      [GET] /health                                                                  12281     0(0.00%) |      4       1      89      4 |   84.50        0.00
--------|----------------------------------------------------------------------------|-------|-------------|-------|-------|-------|-------|--------|-----------
         Aggregated                                                                     28350     0(0.00%) |      5       1      90      5 |  194.50        0.00

Type     Name                                                                          # reqs      # fails |    Avg     Min     Max    Med |   req/s  failures/s
--------|----------------------------------------------------------------------------|-------|-------------|-------|-------|-------|-------|--------|-----------
GET      [GET] /actuator/health                                                          4025     0(0.00%) |      5       2      90      4 |   26.70        0.00
GET      [GET] /api/soporte/election/status                                              4131     0(0.00%) |      4       2      87      4 |   30.90        0.00
GET      [GET] /api/soporte/tickets                                                      8159     0(0.00%) |      7       3      61      7 |   53.30        0.00
GET      [GET] /health                                                                  12427     0(0.00%) |      4       1      89      4 |   84.50        0.00
--------|----------------------------------------------------------------------------|-------|-------------|-------|-------|-------|-------|--------|-----------
         Aggregated                                                                     28742     0(0.00%) |      5       1      90      5 |  195.40        0.00

Type     Name                                                                          # reqs      # fails |    Avg     Min     Max    Med |   req/s  failures/s
--------|----------------------------------------------------------------------------|-------|-------------|-------|-------|-------|-------|--------|-----------
GET      [GET] /actuator/health                                                          4079     0(0.00%) |      5       2      90      4 |   26.80        0.00
GET      [GET] /api/soporte/election/status                                              4191     0(0.00%) |      4       2      87      4 |   30.80        0.00
GET      [GET] /api/soporte/tickets                                                      8264     0(0.00%) |      7       3      61      7 |   54.80        0.00
GET      [GET] /health                                                                  12603     0(0.00%) |      4       1      89      4 |   84.50        0.00
--------|----------------------------------------------------------------------------|-------|-------------|-------|-------|-------|-------|--------|-----------
         Aggregated                                                                     29137     0(0.00%) |      5       1      90      5 |  196.90        0.00

Type     Name                                                                          # reqs      # fails |    Avg     Min     Max    Med |   req/s  failures/s
--------|----------------------------------------------------------------------------|-------|-------------|-------|-------|-------|-------|--------|-----------
GET      [GET] /actuator/health                                                          4138     0(0.00%) |      5       2      90      4 |   27.20        0.00
GET      [GET] /api/soporte/election/status                                              4244     0(0.00%) |      4       2      87      4 |   31.50        0.00
GET      [GET] /api/soporte/tickets                                                      8374     0(0.00%) |      7       3      61      7 |   54.80        0.00
GET      [GET] /health                                                                  12780     0(0.00%) |      4       1      89      4 |   84.40        0.00
--------|----------------------------------------------------------------------------|-------|-------------|-------|-------|-------|-------|--------|-----------
         Aggregated                                                                     29536     0(0.00%) |      5       1      90      5 |  197.90        0.00

Type     Name                                                                          # reqs      # fails |    Avg     Min     Max    Med |   req/s  failures/s
--------|----------------------------------------------------------------------------|-------|-------------|-------|-------|-------|-------|--------|-----------
GET      [GET] /actuator/health                                                          4189     0(0.00%) |      5       2      90      4 |   27.20        0.00
GET      [GET] /api/soporte/election/status                                              4302     0(0.00%) |      4       2      87      4 |   30.10        0.00
GET      [GET] /api/soporte/tickets                                                      8504     0(0.00%) |      7       3      61      7 |   55.00        0.00
GET      [GET] /health                                                                  12949     0(0.00%) |      4       1      89      4 |   84.90        0.00
--------|----------------------------------------------------------------------------|-------|-------------|-------|-------|-------|-------|--------|-----------
         Aggregated                                                                     29944     0(0.00%) |      5       1      90      5 |  197.20        0.00

Type     Name                                                                          # reqs      # fails |    Avg     Min     Max    Med |   req/s  failures/s
--------|----------------------------------------------------------------------------|-------|-------------|-------|-------|-------|-------|--------|-----------
GET      [GET] /actuator/health                                                          4228     0(0.00%) |      5       2      90      4 |   27.80        0.00
GET      [GET] /api/soporte/election/status                                              4359     0(0.00%) |      4       1      87      4 |   29.20        0.00
GET      [GET] /api/soporte/tickets                                                      8625     0(0.00%) |      7       3      61      7 |   57.30        0.00
GET      [GET] /health                                                                  13119     0(0.00%) |      4       1      89      4 |   84.80        0.00
--------|----------------------------------------------------------------------------|-------|-------------|-------|-------|-------|-------|--------|-----------
         Aggregated                                                                     30331     0(0.00%) |      5       1      90      5 |  199.10        0.00

Type     Name                                                                          # reqs      # fails |    Avg     Min     Max    Med |   req/s  failures/s
--------|----------------------------------------------------------------------------|-------|-------------|-------|-------|-------|-------|--------|-----------
GET      [GET] /actuator/health                                                          4282     0(0.00%) |      5       2      90      4 |   26.10        0.00
GET      [GET] /api/soporte/election/status                                              4420     0(0.00%) |      4       1      87      4 |   29.00        0.00
GET      [GET] /api/soporte/tickets                                                      8745     0(0.00%) |      7       3      61      7 |   59.80        0.00
GET      [GET] /health                                                                  13280     0(0.00%) |      4       1      89      4 |   84.10        0.00
--------|----------------------------------------------------------------------------|-------|-------------|-------|-------|-------|-------|--------|-----------
         Aggregated                                                                     30727     0(0.00%) |      5       1      90      5 |  199.00        0.00

Type     Name                                                                          # reqs      # fails |    Avg     Min     Max    Med |   req/s  failures/s
--------|----------------------------------------------------------------------------|-------|-------------|-------|-------|-------|-------|--------|-----------
GET      [GET] /actuator/health                                                          4341     0(0.00%) |      5       2      90      4 |   25.50        0.00
GET      [GET] /api/soporte/election/status                                              4473     0(0.00%) |      4       1      87      4 |   28.80        0.00
GET      [GET] /api/soporte/tickets                                                      8847     0(0.00%) |      7       3      61      7 |   58.30        0.00
GET      [GET] /health                                                                  13461     0(0.00%) |      4       1      89      4 |   85.00        0.00
--------|----------------------------------------------------------------------------|-------|-------------|-------|-------|-------|-------|--------|-----------
         Aggregated                                                                     31122     0(0.00%) |      5       1      90      5 |  197.60        0.00

Type     Name                                                                          # reqs      # fails |    Avg     Min     Max    Med |   req/s  failures/s
--------|----------------------------------------------------------------------------|-------|-------------|-------|-------|-------|-------|--------|-----------
GET      [GET] /actuator/health                                                          4394     0(0.00%) |      5       2      90      4 |   26.00        0.00
GET      [GET] /api/soporte/election/status                                              4531     0(0.00%) |      4       1      87      4 |   28.60        0.00
GET      [GET] /api/soporte/tickets                                                      8957     0(0.00%) |      7       3      61      7 |   58.40        0.00
GET      [GET] /health                                                                  13646     0(0.00%) |      4       1      89      4 |   85.90        0.00
--------|----------------------------------------------------------------------------|-------|-------------|-------|-------|-------|-------|--------|-----------
         Aggregated                                                                     31528     0(0.00%) |      5       1      90      5 |  198.90        0.00

Type     Name                                                                          # reqs      # fails |    Avg     Min     Max    Med |   req/s  failures/s
--------|----------------------------------------------------------------------------|-------|-------------|-------|-------|-------|-------|--------|-----------
GET      [GET] /actuator/health                                                          4446     0(0.00%) |      5       2      90      4 |   25.60        0.00
GET      [GET] /api/soporte/election/status                                              4605     0(0.00%) |      4       1      87      4 |   28.90        0.00
GET      [GET] /api/soporte/tickets                                                      9069     0(0.00%) |      7       3      61      7 |   58.30        0.00
GET      [GET] /health                                                                  13807     0(0.00%) |      4       1      89      4 |   85.80        0.00
--------|----------------------------------------------------------------------------|-------|-------------|-------|-------|-------|-------|--------|-----------
         Aggregated                                                                     31927     0(0.00%) |      5       1      90      5 |  198.60        0.00

Type     Name                                                                          # reqs      # fails |    Avg     Min     Max    Med |   req/s  failures/s
--------|----------------------------------------------------------------------------|-------|-------------|-------|-------|-------|-------|--------|-----------
GET      [GET] /actuator/health                                                          4511     0(0.00%) |      5       2      90      4 |   25.70        0.00
GET      [GET] /api/soporte/election/status                                              4653     0(0.00%) |      4       1      87      4 |   29.90        0.00
GET      [GET] /api/soporte/tickets                                                      9181     0(0.00%) |      7       3      61      7 |   56.40        0.00
GET      [GET] /health                                                                  13979     0(0.00%) |      4       1      89      4 |   85.80        0.00
--------|----------------------------------------------------------------------------|-------|-------------|-------|-------|-------|-------|--------|-----------
         Aggregated                                                                     32324     0(0.00%) |      5       1      90      5 |  197.80        0.00

Type     Name                                                                          # reqs      # fails |    Avg     Min     Max    Med |   req/s  failures/s
--------|----------------------------------------------------------------------------|-------|-------------|-------|-------|-------|-------|--------|-----------
GET      [GET] /actuator/health                                                          4570     0(0.00%) |      5       2      90      4 |   28.10        0.00
GET      [GET] /api/soporte/election/status                                              4718     0(0.00%) |      4       1      87      4 |   29.20        0.00
GET      [GET] /api/soporte/tickets                                                      9284     0(0.00%) |      7       3      61      7 |   55.40        0.00
GET      [GET] /health                                                                  14148     0(0.00%) |      4       1      89      4 |   85.30        0.00
--------|----------------------------------------------------------------------------|-------|-------------|-------|-------|-------|-------|--------|-----------
         Aggregated                                                                     32720     0(0.00%) |      5       1      90      5 |  198.00        0.00

Type     Name                                                                          # reqs      # fails |    Avg     Min     Max    Med |   req/s  failures/s
--------|----------------------------------------------------------------------------|-------|-------------|-------|-------|-------|-------|--------|-----------
GET      [GET] /actuator/health                                                          4638     0(0.00%) |      5       2      90      4 |   29.00        0.00
GET      [GET] /api/soporte/election/status                                              4776     0(0.00%) |      4       1      87      4 |   29.70        0.00
GET      [GET] /api/soporte/tickets                                                      9401     0(0.00%) |      7       3      61      7 |   53.70        0.00
GET      [GET] /health                                                                  14301     0(0.00%) |      4       1      89      4 |   86.80        0.00
--------|----------------------------------------------------------------------------|-------|-------------|-------|-------|-------|-------|--------|-----------
         Aggregated                                                                     33116     0(0.00%) |      5       1      90      5 |  199.20        0.00

Type     Name                                                                          # reqs      # fails |    Avg     Min     Max    Med |   req/s  failures/s
--------|----------------------------------------------------------------------------|-------|-------------|-------|-------|-------|-------|--------|-----------
GET      [GET] /actuator/health                                                          4699     0(0.00%) |      5       2      90      4 |   29.80        0.00
GET      [GET] /api/soporte/election/status                                              4832     0(0.00%) |      4       1      87      4 |   29.90        0.00
GET      [GET] /api/soporte/tickets                                                      9527     0(0.00%) |      7       3      61      7 |   54.60        0.00
GET      [GET] /health                                                                  14450     0(0.00%) |      4       1      89      4 |   83.40        0.00
--------|----------------------------------------------------------------------------|-------|-------------|-------|-------|-------|-------|--------|-----------
         Aggregated                                                                     33508     0(0.00%) |      5       1      90      5 |  197.70        0.00

Type     Name                                                                          # reqs      # fails |    Avg     Min     Max    Med |   req/s  failures/s
--------|----------------------------------------------------------------------------|-------|-------------|-------|-------|-------|-------|--------|-----------
GET      [GET] /actuator/health                                                          4766     0(0.00%) |      5       2      90      4 |   30.40        0.00
GET      [GET] /api/soporte/election/status                                              4884     0(0.00%) |      4       1      87      4 |   30.00        0.00
GET      [GET] /api/soporte/tickets                                                      9647     0(0.00%) |      7       3      61      7 |   56.60        0.00
GET      [GET] /health                                                                  14624     0(0.00%) |      4       1      89      4 |   80.90        0.00
--------|----------------------------------------------------------------------------|-------|-------------|-------|-------|-------|-------|--------|-----------
         Aggregated                                                                     33921     0(0.00%) |      5       1      90      5 |  197.90        0.00

Type     Name                                                                          # reqs      # fails |    Avg     Min     Max    Med |   req/s  failures/s
--------|----------------------------------------------------------------------------|-------|-------------|-------|-------|-------|-------|--------|-----------
GET      [GET] /actuator/health                                                          4816     0(0.00%) |      5       2      90      4 |   31.20        0.00
GET      [GET] /api/soporte/election/status                                              4936     0(0.00%) |      4       1      87      4 |   27.80        0.00
GET      [GET] /api/soporte/tickets                                                      9763     0(0.00%) |      7       3      61      7 |   57.60        0.00
GET      [GET] /health                                                                  14800     0(0.00%) |      4       1      89      4 |   80.80        0.00
--------|----------------------------------------------------------------------------|-------|-------------|-------|-------|-------|-------|--------|-----------
         Aggregated                                                                     34315     0(0.00%) |      5       1      90      5 |  197.40        0.00

Type     Name                                                                          # reqs      # fails |    Avg     Min     Max    Med |   req/s  failures/s
--------|----------------------------------------------------------------------------|-------|-------------|-------|-------|-------|-------|--------|-----------
GET      [GET] /actuator/health                                                          4889     0(0.00%) |      5       2      90      4 |   30.20        0.00
GET      [GET] /api/soporte/election/status                                              4981     0(0.00%) |      4       1      87      4 |   28.30        0.00
GET      [GET] /api/soporte/tickets                                                      9884     0(0.00%) |      7       3      61      7 |   57.80        0.00
GET      [GET] /health                                                                  14951     0(0.00%) |      4       1      89      4 |   81.60        0.00
--------|----------------------------------------------------------------------------|-------|-------------|-------|-------|-------|-------|--------|-----------
         Aggregated                                                                     34705     0(0.00%) |      5       1      90      5 |  197.90        0.00

Type     Name                                                                          # reqs      # fails |    Avg     Min     Max    Med |   req/s  failures/s
--------|----------------------------------------------------------------------------|-------|-------------|-------|-------|-------|-------|--------|-----------
GET      [GET] /actuator/health                                                          4952     0(0.00%) |      5       2      90      4 |   30.90        0.00
GET      [GET] /api/soporte/election/status                                              5038     0(0.00%) |      4       1      87      4 |   26.50        0.00
GET      [GET] /api/soporte/tickets                                                      9996     0(0.00%) |      7       3      61      7 |   59.60        0.00
GET      [GET] /health                                                                  15125     0(0.00%) |      4       1      89      4 |   79.70        0.00
--------|----------------------------------------------------------------------------|-------|-------------|-------|-------|-------|-------|--------|-----------
         Aggregated                                                                     35111     0(0.00%) |      5       1      90      5 |  196.70        0.00

Type     Name                                                                          # reqs      # fails |    Avg     Min     Max    Med |   req/s  failures/s
--------|----------------------------------------------------------------------------|-------|-------------|-------|-------|-------|-------|--------|-----------
GET      [GET] /actuator/health                                                          5006     0(0.00%) |      5       2      90      4 |   30.90        0.00
GET      [GET] /api/soporte/election/status                                              5082     0(0.00%) |      4       1      87      4 |   26.50        0.00
GET      [GET] /api/soporte/tickets                                                     10114     0(0.00%) |      7       3      61      7 |   59.70        0.00
GET      [GET] /health                                                                  15299     0(0.00%) |      4       1      89      4 |   82.40        0.00
--------|----------------------------------------------------------------------------|-------|-------------|-------|-------|-------|-------|--------|-----------
         Aggregated                                                                     35501     0(0.00%) |      5       1      90      5 |  199.50        0.00

Type     Name                                                                          # reqs      # fails |    Avg     Min     Max    Med |   req/s  failures/s
--------|----------------------------------------------------------------------------|-------|-------------|-------|-------|-------|-------|--------|-----------
GET      [GET] /actuator/health                                                          5066     0(0.00%) |      5       2      90      4 |   30.70        0.00
GET      [GET] /api/soporte/election/status                                              5145     0(0.00%) |      4       1      87      4 |   25.20        0.00
GET      [GET] /api/soporte/tickets                                                     10229     0(0.00%) |      7       3      61      7 |   58.30        0.00
GET      [GET] /health                                                                  15450     0(0.00%) |      4       1      89      4 |   84.60        0.00
--------|----------------------------------------------------------------------------|-------|-------------|-------|-------|-------|-------|--------|-----------
         Aggregated                                                                     35890     0(0.00%) |      5       1      90      5 |  198.80        0.00

Type     Name                                                                          # reqs      # fails |    Avg     Min     Max    Med |   req/s  failures/s
--------|----------------------------------------------------------------------------|-------|-------------|-------|-------|-------|-------|--------|-----------
GET      [GET] /actuator/health                                                          5127     0(0.00%) |      5       2      90      4 |   30.80        0.00
GET      [GET] /api/soporte/election/status                                              5213     0(0.00%) |      4       1      87      4 |   26.30        0.00
GET      [GET] /api/soporte/tickets                                                     10330     0(0.00%) |      7       3      61      7 |   58.20        0.00
GET      [GET] /health                                                                  15636     0(0.00%) |      4       1      89      4 |   83.00        0.00
--------|----------------------------------------------------------------------------|-------|-------------|-------|-------|-------|-------|--------|-----------
         Aggregated                                                                     36306     0(0.00%) |      5       1      90      5 |  198.30        0.00

Type     Name                                                                          # reqs      # fails |    Avg     Min     Max    Med |   req/s  failures/s
--------|----------------------------------------------------------------------------|-------|-------------|-------|-------|-------|-------|--------|-----------
GET      [GET] /actuator/health                                                          5184     0(0.00%) |      5       2      90      4 |   31.30        0.00
GET      [GET] /api/soporte/election/status                                              5275     0(0.00%) |      4       1      87      4 |   27.20        0.00
GET      [GET] /api/soporte/tickets                                                     10442     0(0.00%) |      7       3      61      7 |   56.00        0.00
GET      [GET] /health                                                                  15793     0(0.00%) |      4       1      89      4 |   83.60        0.00
--------|----------------------------------------------------------------------------|-------|-------------|-------|-------|-------|-------|--------|-----------
         Aggregated                                                                     36694     0(0.00%) |      5       1      90      5 |  198.10        0.00

Type     Name                                                                          # reqs      # fails |    Avg     Min     Max    Med |   req/s  failures/s
--------|----------------------------------------------------------------------------|-------|-------------|-------|-------|-------|-------|--------|-----------
GET      [GET] /actuator/health                                                          5239     0(0.00%) |      5       2      90      4 |   30.00        0.00
GET      [GET] /api/soporte/election/status                                              5337     0(0.00%) |      4       1      87      4 |   29.20        0.00
GET      [GET] /api/soporte/tickets                                                     10533     0(0.00%) |      7       3      61      7 |   55.80        0.00
GET      [GET] /health                                                                  15973     0(0.00%) |      4       1      89      4 |   84.30        0.00
--------|----------------------------------------------------------------------------|-------|-------------|-------|-------|-------|-------|--------|-----------
         Aggregated                                                                     37082     0(0.00%) |      5       1      90      5 |  199.30        0.00

Type     Name                                                                          # reqs      # fails |    Avg     Min     Max    Med |   req/s  failures/s
--------|----------------------------------------------------------------------------|-------|-------------|-------|-------|-------|-------|--------|-----------
GET      [GET] /actuator/health                                                          5299     0(0.00%) |      5       2      90      4 |   29.00        0.00
GET      [GET] /api/soporte/election/status                                              5391     0(0.00%) |      4       1      87      4 |   29.40        0.00
GET      [GET] /api/soporte/tickets                                                     10651     0(0.00%) |      7       3      61      7 |   53.50        0.00
GET      [GET] /health                                                                  16138     0(0.00%) |      4       1      89      4 |   84.40        0.00
--------|----------------------------------------------------------------------------|-------|-------------|-------|-------|-------|-------|--------|-----------
         Aggregated                                                                     37479     0(0.00%) |      5       1      90      5 |  196.30        0.00

Type     Name                                                                          # reqs      # fails |    Avg     Min     Max    Med |   req/s  failures/s
--------|----------------------------------------------------------------------------|-------|-------------|-------|-------|-------|-------|--------|-----------
GET      [GET] /actuator/health                                                          5357     0(0.00%) |      5       2      90      4 |   29.20        0.00
GET      [GET] /api/soporte/election/status                                              5447     0(0.00%) |      4       1      87      4 |   30.90        0.00
GET      [GET] /api/soporte/tickets                                                     10770     0(0.00%) |      7       3      61      7 |   54.20        0.00
GET      [GET] /health                                                                  16303     0(0.00%) |      4       1      89      4 |   83.80        0.00
--------|----------------------------------------------------------------------------|-------|-------------|-------|-------|-------|-------|--------|-----------
         Aggregated                                                                     37877     0(0.00%) |      5       1      90      5 |  198.10        0.00

Type     Name                                                                          # reqs      # fails |    Avg     Min     Max    Med |   req/s  failures/s
--------|----------------------------------------------------------------------------|-------|-------------|-------|-------|-------|-------|--------|-----------
GET      [GET] /actuator/health                                                          5414     0(0.00%) |      5       2      90      4 |   28.70        0.00
GET      [GET] /api/soporte/election/status                                              5520     0(0.00%) |      4       1      87      4 |   29.90        0.00
GET      [GET] /api/soporte/tickets                                                     10878     0(0.00%) |      7       3      61      7 |   54.10        0.00
GET      [GET] /health                                                                  16463     0(0.00%) |      4       1      89      4 |   84.70        0.00
--------|----------------------------------------------------------------------------|-------|-------------|-------|-------|-------|-------|--------|-----------
         Aggregated                                                                     38275     0(0.00%) |      5       1      90      5 |  197.40        0.00

Type     Name                                                                          # reqs      # fails |    Avg     Min     Max    Med |   req/s  failures/s
--------|----------------------------------------------------------------------------|-------|-------------|-------|-------|-------|-------|--------|-----------
GET      [GET] /actuator/health                                                          5481     0(0.00%) |      5       2      90      4 |   28.60        0.00
GET      [GET] /api/soporte/election/status                                              5572     0(0.00%) |      4       1      87      4 |   31.10        0.00
GET      [GET] /api/soporte/tickets                                                     10988     0(0.00%) |      7       3      61      7 |   55.20        0.00
GET      [GET] /health                                                                  16634     0(0.00%) |      4       1      89      4 |   82.70        0.00
--------|----------------------------------------------------------------------------|-------|-------------|-------|-------|-------|-------|--------|-----------
         Aggregated                                                                     38675     0(0.00%) |      5       1      90      5 |  197.60        0.00

Type     Name                                                                          # reqs      # fails |    Avg     Min     Max    Med |   req/s  failures/s
--------|----------------------------------------------------------------------------|-------|-------------|-------|-------|-------|-------|--------|-----------
GET      [GET] /actuator/health                                                          5536     0(0.00%) |      5       2      90      4 |   29.70        0.00
GET      [GET] /api/soporte/election/status                                              5632     0(0.00%) |      4       1      87      4 |   29.60        0.00
GET      [GET] /api/soporte/tickets                                                     11100     0(0.00%) |      7       3      61      7 |   54.50        0.00
GET      [GET] /health                                                                  16806     0(0.00%) |      4       1      89      4 |   84.50        0.00
--------|----------------------------------------------------------------------------|-------|-------------|-------|-------|-------|-------|--------|-----------
         Aggregated                                                                     39074     0(0.00%) |      5       1      90      5 |  198.30        0.00

Type     Name                                                                          # reqs      # fails |    Avg     Min     Max    Med |   req/s  failures/s
--------|----------------------------------------------------------------------------|-------|-------------|-------|-------|-------|-------|--------|-----------
GET      [GET] /actuator/health                                                          5584     0(0.00%) |      5       2      90      4 |   29.30        0.00
GET      [GET] /api/soporte/election/status                                              5685     0(0.00%) |      4       1      87      4 |   29.50        0.00
GET      [GET] /api/soporte/tickets                                                     11232     0(0.00%) |      7       3      61      7 |   56.60        0.00
GET      [GET] /health                                                                  16973     0(0.00%) |      4       1      89      4 |   83.20        0.00
--------|----------------------------------------------------------------------------|-------|-------------|-------|-------|-------|-------|--------|-----------
         Aggregated                                                                     39474     0(0.00%) |      5       1      90      5 |  198.60        0.00

Type     Name                                                                          # reqs      # fails |    Avg     Min     Max    Med |   req/s  failures/s
--------|----------------------------------------------------------------------------|-------|-------------|-------|-------|-------|-------|--------|-----------
GET      [GET] /actuator/health                                                          5645     0(0.00%) |      5       2      90      4 |   28.10        0.00
GET      [GET] /api/soporte/election/status                                              5733     0(0.00%) |      4       1      87      4 |   29.20        0.00
GET      [GET] /api/soporte/tickets                                                     11347     0(0.00%) |      7       3      61      7 |   57.50        0.00
GET      [GET] /health                                                                  17142     0(0.00%) |      4       1      89      4 |   82.70        0.00
--------|----------------------------------------------------------------------------|-------|-------------|-------|-------|-------|-------|--------|-----------
         Aggregated                                                                     39867     0(0.00%) |      5       1      90      5 |  197.50        0.00

Type     Name                                                                          # reqs      # fails |    Avg     Min     Max    Med |   req/s  failures/s
--------|----------------------------------------------------------------------------|-------|-------------|-------|-------|-------|-------|--------|-----------
GET      [GET] /actuator/health                                                          5702     0(0.00%) |      5       2      90      4 |   28.60        0.00
GET      [GET] /api/soporte/election/status                                              5794     0(0.00%) |      4       1      87      4 |   28.90        0.00
GET      [GET] /api/soporte/tickets                                                     11457     0(0.00%) |      7       3      61      7 |   57.10        0.00
GET      [GET] /health                                                                  17307     0(0.00%) |      4       1      89      4 |   83.90        0.00
--------|----------------------------------------------------------------------------|-------|-------------|-------|-------|-------|-------|--------|-----------
         Aggregated                                                                     40260     0(0.00%) |      5       1      90      5 |  198.50        0.00

Type     Name                                                                          # reqs      # fails |    Avg     Min     Max    Med |   req/s  failures/s
--------|----------------------------------------------------------------------------|-------|-------------|-------|-------|-------|-------|--------|-----------
GET      [GET] /actuator/health                                                          5761     0(0.00%) |      5       2      90      4 |   28.80        0.00
GET      [GET] /api/soporte/election/status                                              5840     0(0.00%) |      4       1      87      4 |   26.70        0.00
GET      [GET] /api/soporte/tickets                                                     11576     0(0.00%) |      7       3      61      7 |   57.90        0.00
GET      [GET] /health                                                                  17479     0(0.00%) |      4       1      89      4 |   84.70        0.00
--------|----------------------------------------------------------------------------|-------|-------------|-------|-------|-------|-------|--------|-----------
         Aggregated                                                                     40656     0(0.00%) |      5       1      90      5 |  198.10        0.00

Type     Name                                                                          # reqs      # fails |    Avg     Min     Max    Med |   req/s  failures/s
--------|----------------------------------------------------------------------------|-------|-------------|-------|-------|-------|-------|--------|-----------
GET      [GET] /actuator/health                                                          5819     0(0.00%) |      5       2      90      4 |   27.90        0.00
GET      [GET] /api/soporte/election/status                                              5888     0(0.00%) |      4       1      87      4 |   26.50        0.00
GET      [GET] /api/soporte/tickets                                                     11687     0(0.00%) |      7       3      61      7 |   58.70        0.00
GET      [GET] /health                                                                  17664     0(0.00%) |      4       1      89      4 |   84.00        0.00
--------|----------------------------------------------------------------------------|-------|-------------|-------|-------|-------|-------|--------|-----------
         Aggregated                                                                     41058     0(0.00%) |      5       1      90      5 |  197.10        0.00

Type     Name                                                                          # reqs      # fails |    Avg     Min     Max    Med |   req/s  failures/s
--------|----------------------------------------------------------------------------|-------|-------------|-------|-------|-------|-------|--------|-----------
GET      [GET] /actuator/health                                                          5862     0(0.00%) |      5       2     145      4 |   28.20        0.00
GET      [GET] /api/soporte/election/status                                              5955     0(0.00%) |      4       1     164      4 |   25.60        0.00
GET      [GET] /api/soporte/tickets                                                     11802     0(0.00%) |      7       3     204      7 |   58.50        0.00
GET      [GET] /health                                                                  17815     0(0.00%) |      4       1     208      4 |   85.10        0.00
--------|----------------------------------------------------------------------------|-------|-------------|-------|-------|-------|-------|--------|-----------
         Aggregated                                                                     41434     0(0.00%) |      5       1     208      5 |  197.40        0.00

Type     Name                                                                          # reqs      # fails |    Avg     Min     Max    Med |   req/s  failures/s
--------|----------------------------------------------------------------------------|-------|-------------|-------|-------|-------|-------|--------|-----------
GET      [GET] /actuator/health                                                          5914     0(0.00%) |      5       2     145      4 |   28.40        0.00
GET      [GET] /api/soporte/election/status                                              6005     0(0.00%) |      4       1     164      4 |   26.70        0.00
GET      [GET] /api/soporte/tickets                                                     11908     0(0.00%) |      7       3     204      7 |   57.30        0.00
GET      [GET] /health                                                                  18007     0(0.00%) |      4       1     208      4 |   84.20        0.00
--------|----------------------------------------------------------------------------|-------|-------------|-------|-------|-------|-------|--------|-----------
         Aggregated                                                                     41834     0(0.00%) |      5       1     208      5 |  196.60        0.00

Type     Name                                                                          # reqs      # fails |    Avg     Min     Max    Med |   req/s  failures/s
--------|----------------------------------------------------------------------------|-------|-------------|-------|-------|-------|-------|--------|-----------
GET      [GET] /actuator/health                                                          5973     0(0.00%) |      5       2     145      4 |   27.10        0.00
GET      [GET] /api/soporte/election/status                                              6062     0(0.00%) |      4       1     164      4 |   27.20        0.00
GET      [GET] /api/soporte/tickets                                                     12015     0(0.00%) |      7       3     204      7 |   56.50        0.00
GET      [GET] /health                                                                  18180     0(0.00%) |      4       1     208      4 |   86.00        0.00
--------|----------------------------------------------------------------------------|-------|-------------|-------|-------|-------|-------|--------|-----------
         Aggregated                                                                     42230     0(0.00%) |      5       1     208      5 |  196.80        0.00

Type     Name                                                                          # reqs      # fails |    Avg     Min     Max    Med |   req/s  failures/s
--------|----------------------------------------------------------------------------|-------|-------------|-------|-------|-------|-------|--------|-----------
GET      [GET] /actuator/health                                                          6038     0(0.00%) |      5       2     145      4 |   26.90        0.00
GET      [GET] /api/soporte/election/status                                              6118     0(0.00%) |      4       1     164      4 |   27.30        0.00
GET      [GET] /api/soporte/tickets                                                     12134     0(0.00%) |      7       3     204      7 |   55.50        0.00
GET      [GET] /health                                                                  18339     0(0.00%) |      4       1     208      4 |   85.90        0.00
--------|----------------------------------------------------------------------------|-------|-------------|-------|-------|-------|-------|--------|-----------
         Aggregated                                                                     42629     0(0.00%) |      5       1     208      5 |  195.60        0.00

Type     Name                                                                          # reqs      # fails |    Avg     Min     Max    Med |   req/s  failures/s
--------|----------------------------------------------------------------------------|-------|-------------|-------|-------|-------|-------|--------|-----------
GET      [GET] /actuator/health                                                          6095     0(0.00%) |      5       2     145      4 |   27.90        0.00
GET      [GET] /api/soporte/election/status                                              6174     0(0.00%) |      4       1     164      4 |   27.80        0.00
GET      [GET] /api/soporte/tickets                                                     12255     0(0.00%) |      7       3     204      7 |   56.00        0.00
GET      [GET] /health                                                                  18495     0(0.00%) |      4       1     208      4 |   85.60        0.00
--------|----------------------------------------------------------------------------|-------|-------------|-------|-------|-------|-------|--------|-----------
         Aggregated                                                                     43019     0(0.00%) |      5       1     208      5 |  197.30        0.00

Type     Name                                                                          # reqs      # fails |    Avg     Min     Max    Med |   req/s  failures/s
--------|----------------------------------------------------------------------------|-------|-------------|-------|-------|-------|-------|--------|-----------
GET      [GET] /actuator/health                                                          6148     0(0.00%) |      5       2     145      4 |   27.90        0.00
GET      [GET] /api/soporte/election/status                                              6246     0(0.00%) |      4       1     164      4 |   28.70        0.00
GET      [GET] /api/soporte/tickets                                                     12363     0(0.00%) |      7       3     204      7 |   56.80        0.00
GET      [GET] /health                                                                  18673     0(0.00%) |      4       1     208      4 |   83.20        0.00
--------|----------------------------------------------------------------------------|-------|-------------|-------|-------|-------|-------|--------|-----------
         Aggregated                                                                     43430     0(0.00%) |      5       1     208      5 |  196.60        0.00

Type     Name                                                                          # reqs      # fails |    Avg     Min     Max    Med |   req/s  failures/s
--------|----------------------------------------------------------------------------|-------|-------------|-------|-------|-------|-------|--------|-----------
GET      [GET] /actuator/health                                                          6211     0(0.00%) |      5       2     145      4 |   27.60        0.00
GET      [GET] /api/soporte/election/status                                              6311     0(0.00%) |      4       1     164      4 |   28.70        0.00
GET      [GET] /api/soporte/tickets                                                     12475     0(0.00%) |      7       3     204      7 |   55.70        0.00
GET      [GET] /health                                                                  18832     0(0.00%) |      4       1     208      4 |   86.10        0.00
--------|----------------------------------------------------------------------------|-------|-------------|-------|-------|-------|-------|--------|-----------
         Aggregated                                                                     43829     0(0.00%) |      5       1     208      5 |  198.10        0.00

Type     Name                                                                          # reqs      # fails |    Avg     Min     Max    Med |   req/s  failures/s
--------|----------------------------------------------------------------------------|-------|-------------|-------|-------|-------|-------|--------|-----------
GET      [GET] /actuator/health                                                          6256     0(0.00%) |      5       2     145      4 |   29.70        0.00
GET      [GET] /api/soporte/election/status                                              6373     0(0.00%) |      4       1     164      4 |   30.10        0.00
GET      [GET] /api/soporte/tickets                                                     12566     0(0.00%) |      7       3     204      7 |   56.50        0.00
GET      [GET] /health                                                                  19020     0(0.00%) |      4       1     208      4 |   82.90        0.00
--------|----------------------------------------------------------------------------|-------|-------------|-------|-------|-------|-------|--------|-----------
         Aggregated                                                                     44215     0(0.00%) |      5       1     208      5 |  199.20        0.00

Type     Name                                                                          # reqs      # fails |    Avg     Min     Max    Med |   req/s  failures/s
--------|----------------------------------------------------------------------------|-------|-------------|-------|-------|-------|-------|--------|-----------
GET      [GET] /actuator/health                                                          6328     0(0.00%) |      5       2     145      4 |   28.50        0.00
GET      [GET] /api/soporte/election/status                                              6432     0(0.00%) |      4       1     164      4 |   30.70        0.00
GET      [GET] /api/soporte/tickets                                                     12672     0(0.00%) |      7       3     204      7 |   55.50        0.00
GET      [GET] /health                                                                  19181     0(0.00%) |      4       1     208      4 |   84.50        0.00
--------|----------------------------------------------------------------------------|-------|-------------|-------|-------|-------|-------|--------|-----------
         Aggregated                                                                     44613     0(0.00%) |      5       1     208      5 |  199.20        0.00

Type     Name                                                                          # reqs      # fails |    Avg     Min     Max    Med |   req/s  failures/s
--------|----------------------------------------------------------------------------|-------|-------------|-------|-------|-------|-------|--------|-----------
GET      [GET] /actuator/health                                                          6392     0(0.00%) |      5       2     145      4 |   28.30        0.00
GET      [GET] /api/soporte/election/status                                              6479     0(0.00%) |      4       1     164      4 |   31.40        0.00
GET      [GET] /api/soporte/tickets                                                     12782     0(0.00%) |      7       3     204      7 |   54.10        0.00
GET      [GET] /health                                                                  19368     0(0.00%) |      4       1     208      4 |   85.00        0.00
--------|----------------------------------------------------------------------------|-------|-------------|-------|-------|-------|-------|--------|-----------
         Aggregated                                                                     45021     0(0.00%) |      5       1     208      5 |  198.80        0.00

Type     Name                                                                          # reqs      # fails |    Avg     Min     Max    Med |   req/s  failures/s
--------|----------------------------------------------------------------------------|-------|-------------|-------|-------|-------|-------|--------|-----------
GET      [GET] /actuator/health                                                          6454     0(0.00%) |      5       2     145      4 |   29.50        0.00
GET      [GET] /api/soporte/election/status                                              6527     0(0.00%) |      4       1     164      4 |   30.50        0.00
GET      [GET] /api/soporte/tickets                                                     12894     0(0.00%) |      7       3     204      7 |   52.50        0.00
GET      [GET] /health                                                                  19540     0(0.00%) |      4       1     208      4 |   87.00        0.00
--------|----------------------------------------------------------------------------|-------|-------------|-------|-------|-------|-------|--------|-----------
         Aggregated                                                                     45415     0(0.00%) |      5       1     208      5 |  199.50        0.00

Type     Name                                                                          # reqs      # fails |    Avg     Min     Max    Med |   req/s  failures/s
--------|----------------------------------------------------------------------------|-------|-------------|-------|-------|-------|-------|--------|-----------
GET      [GET] /actuator/health                                                          6502     0(0.00%) |      5       2     145      4 |   31.10        0.00
GET      [GET] /api/soporte/election/status                                              6584     0(0.00%) |      4       1     164      4 |   28.20        0.00
GET      [GET] /api/soporte/tickets                                                     13007     0(0.00%) |      7       3     204      7 |   53.00        0.00
GET      [GET] /health                                                                  19719     0(0.00%) |      4       1     208      4 |   86.10        0.00
--------|----------------------------------------------------------------------------|-------|-------------|-------|-------|-------|-------|--------|-----------
         Aggregated                                                                     45812     0(0.00%) |      5       1     208      5 |  198.40        0.00

Type     Name                                                                          # reqs      # fails |    Avg     Min     Max    Med |   req/s  failures/s
--------|----------------------------------------------------------------------------|-------|-------------|-------|-------|-------|-------|--------|-----------
GET      [GET] /actuator/health                                                          6561     0(0.00%) |      5       2     145      4 |   29.20        0.00
GET      [GET] /api/soporte/election/status                                              6638     0(0.00%) |      4       1     164      4 |   27.30        0.00
GET      [GET] /api/soporte/tickets                                                     13126     0(0.00%) |      7       3     204      7 |   53.10        0.00
GET      [GET] /health                                                                  19883     0(0.00%) |      4       1     208      4 |   87.90        0.00
--------|----------------------------------------------------------------------------|-------|-------------|-------|-------|-------|-------|--------|-----------
         Aggregated                                                                     46208     0(0.00%) |      5       1     208      5 |  197.50        0.00

Type     Name                                                                          # reqs      # fails |    Avg     Min     Max    Med |   req/s  failures/s
--------|----------------------------------------------------------------------------|-------|-------------|-------|-------|-------|-------|--------|-----------
GET      [GET] /actuator/health                                                          6631     0(0.00%) |      5       2     145      4 |   30.30        0.00
GET      [GET] /api/soporte/election/status                                              6691     0(0.00%) |      4       1     164      4 |   26.60        0.00
GET      [GET] /api/soporte/tickets                                                     13227     0(0.00%) |      7       3     204      7 |   54.90        0.00
GET      [GET] /health                                                                  20054     0(0.00%) |      4       1     208      4 |   87.00        0.00
--------|----------------------------------------------------------------------------|-------|-------------|-------|-------|-------|-------|--------|-----------
         Aggregated                                                                     46603     0(0.00%) |      5       1     208      5 |  198.80        0.00

Type     Name                                                                          # reqs      # fails |    Avg     Min     Max    Med |   req/s  failures/s
--------|----------------------------------------------------------------------------|-------|-------------|-------|-------|-------|-------|--------|-----------
GET      [GET] /actuator/health                                                          6688     0(0.00%) |      5       2     145      4 |   30.90        0.00
GET      [GET] /api/soporte/election/status                                              6763     0(0.00%) |      4       1     164      4 |   26.20        0.00
GET      [GET] /api/soporte/tickets                                                     13351     0(0.00%) |      7       3     204      7 |   55.10        0.00
GET      [GET] /health                                                                  20206     0(0.00%) |      4       1     208      4 |   85.80        0.00
--------|----------------------------------------------------------------------------|-------|-------------|-------|-------|-------|-------|--------|-----------
         Aggregated                                                                     47008     0(0.00%) |      5       1     208      5 |  198.00        0.00

Type     Name                                                                          # reqs      # fails |    Avg     Min     Max    Med |   req/s  failures/s
--------|----------------------------------------------------------------------------|-------|-------------|-------|-------|-------|-------|--------|-----------
GET      [GET] /actuator/health                                                          6744     0(0.00%) |      5       2     145      4 |   29.70        0.00
GET      [GET] /api/soporte/election/status                                              6819     0(0.00%) |      4       1     164      4 |   28.00        0.00
GET      [GET] /api/soporte/tickets                                                     13451     0(0.00%) |      7       3     204      7 |   56.60        0.00
GET      [GET] /health                                                                  20375     0(0.00%) |      4       1     208      4 |   83.80        0.00
--------|----------------------------------------------------------------------------|-------|-------------|-------|-------|-------|-------|--------|-----------
         Aggregated                                                                     47389     0(0.00%) |      5       1     208      5 |  198.10        0.00

Type     Name                                                                          # reqs      # fails |    Avg     Min     Max    Med |   req/s  failures/s
--------|----------------------------------------------------------------------------|-------|-------------|-------|-------|-------|-------|--------|-----------
GET      [GET] /actuator/health                                                          6801     0(0.00%) |      5       2     145      4 |   28.80        0.00
GET      [GET] /api/soporte/election/status                                              6892     0(0.00%) |      4       1     164      4 |   29.30        0.00
GET      [GET] /api/soporte/tickets                                                     13571     0(0.00%) |      7       3     204      7 |   55.90        0.00
GET      [GET] /health                                                                  20535     0(0.00%) |      4       1     208      4 |   83.80        0.00
--------|----------------------------------------------------------------------------|-------|-------------|-------|-------|-------|-------|--------|-----------
         Aggregated                                                                     47799     0(0.00%) |      5       1     208      5 |  197.80        0.00

Type     Name                                                                          # reqs      # fails |    Avg     Min     Max    Med |   req/s  failures/s
--------|----------------------------------------------------------------------------|-------|-------------|-------|-------|-------|-------|--------|-----------
GET      [GET] /actuator/health                                                          6859     0(0.00%) |      5       2     145      4 |   29.70        0.00
GET      [GET] /api/soporte/election/status                                              6947     0(0.00%) |      4       1     164      4 |   30.50        0.00
GET      [GET] /api/soporte/tickets                                                     13689     0(0.00%) |      7       3     204      7 |   56.60        0.00
GET      [GET] /health                                                                  20695     0(0.00%) |      4       1     208      4 |   80.80        0.00
--------|----------------------------------------------------------------------------|-------|-------------|-------|-------|-------|-------|--------|-----------
         Aggregated                                                                     48190     0(0.00%) |      5       1     208      5 |  197.60        0.00

Type     Name                                                                          # reqs      # fails |    Avg     Min     Max    Med |   req/s  failures/s
--------|----------------------------------------------------------------------------|-------|-------------|-------|-------|-------|-------|--------|-----------
GET      [GET] /actuator/health                                                          6909     0(0.00%) |      5       2     145      4 |   29.40        0.00
GET      [GET] /api/soporte/election/status                                              6991     0(0.00%) |      4       1     164      4 |   30.80        0.00
GET      [GET] /api/soporte/tickets                                                     13816     0(0.00%) |      7       3     204      7 |   56.60        0.00
GET      [GET] /health                                                                  20872     0(0.00%) |      4       1     208      4 |   80.20        0.00
--------|----------------------------------------------------------------------------|-------|-------------|-------|-------|-------|-------|--------|-----------
         Aggregated                                                                     48588     0(0.00%) |      5       1     208      5 |  197.00        0.00

Type     Name                                                                          # reqs      # fails |    Avg     Min     Max    Med |   req/s  failures/s
--------|----------------------------------------------------------------------------|-------|-------------|-------|-------|-------|-------|--------|-----------
GET      [GET] /actuator/health                                                          6954     0(0.00%) |      5       2     145      4 |   27.70        0.00
GET      [GET] /api/soporte/election/status                                              7052     0(0.00%) |      4       1     164      4 |   30.20        0.00
GET      [GET] /api/soporte/tickets                                                     13904     0(0.00%) |      7       3     204      7 |   57.90        0.00
GET      [GET] /health                                                                  21066     0(0.00%) |      4       1     208      4 |   81.10        0.00
--------|----------------------------------------------------------------------------|-------|-------------|-------|-------|-------|-------|--------|-----------
         Aggregated                                                                     48976     0(0.00%) |      5       1     208      5 |  196.90        0.00

Type     Name                                                                          # reqs      # fails |    Avg     Min     Max    Med |   req/s  failures/s
--------|----------------------------------------------------------------------------|-------|-------------|-------|-------|-------|-------|--------|-----------
GET      [GET] /actuator/health                                                          7008     0(0.00%) |      5       2     145      4 |   26.60        0.00
GET      [GET] /api/soporte/election/status                                              7116     0(0.00%) |      4       1     164      4 |   29.00        0.00
GET      [GET] /api/soporte/tickets                                                     14021     0(0.00%) |      7       3     204      7 |   56.00        0.00
GET      [GET] /health                                                                  21240     0(0.00%) |      4       1     208      4 |   85.90        0.00
--------|----------------------------------------------------------------------------|-------|-------------|-------|-------|-------|-------|--------|-----------
         Aggregated                                                                     49385     0(0.00%) |      5       1     208      5 |  197.50        0.00

Type     Name                                                                          # reqs      # fails |    Avg     Min     Max    Med |   req/s  failures/s
--------|----------------------------------------------------------------------------|-------|-------------|-------|-------|-------|-------|--------|-----------
GET      [GET] /actuator/health                                                          7064     0(0.00%) |      5       2     145      4 |   26.50        0.00
GET      [GET] /api/soporte/election/status                                              7169     0(0.00%) |      4       1     164      4 |   29.70        0.00
GET      [GET] /api/soporte/tickets                                                     14126     0(0.00%) |      7       3     204      7 |   56.40        0.00
GET      [GET] /health                                                                  21423     0(0.00%) |      4       1     208      4 |   85.10        0.00
--------|----------------------------------------------------------------------------|-------|-------------|-------|-------|-------|-------|--------|-----------
         Aggregated                                                                     49782     0(0.00%) |      5       1     208      5 |  197.70        0.00

Type     Name                                                                          # reqs      # fails |    Avg     Min     Max    Med |   req/s  failures/s
--------|----------------------------------------------------------------------------|-------|-------------|-------|-------|-------|-------|--------|-----------
GET      [GET] /actuator/health                                                          7120     0(0.00%) |      5       2     145      4 |   26.10        0.00
GET      [GET] /api/soporte/election/status                                              7226     0(0.00%) |      4       1     164      4 |   28.40        0.00
GET      [GET] /api/soporte/tickets                                                     14229     0(0.00%) |      7       3     204      7 |   55.10        0.00
GET      [GET] /health                                                                  21590     0(0.00%) |      4       1     208      4 |   89.60        0.00
--------|----------------------------------------------------------------------------|-------|-------------|-------|-------|-------|-------|--------|-----------
         Aggregated                                                                     50165     0(0.00%) |      5       1     208      5 |  199.20        0.00

Type     Name                                                                          # reqs      # fails |    Avg     Min     Max    Med |   req/s  failures/s
--------|----------------------------------------------------------------------------|-------|-------------|-------|-------|-------|-------|--------|-----------
GET      [GET] /actuator/health                                                          7181     0(0.00%) |      5       2     145      4 |   26.40        0.00
GET      [GET] /api/soporte/election/status                                              7283     0(0.00%) |      4       1     164      4 |   27.90        0.00
GET      [GET] /api/soporte/tickets                                                     14359     0(0.00%) |      7       3     204      7 |   53.80        0.00
GET      [GET] /health                                                                  21752     0(0.00%) |      4       1     208      4 |   90.00        0.00
--------|----------------------------------------------------------------------------|-------|-------------|-------|-------|-------|-------|--------|-----------
         Aggregated                                                                     50575     0(0.00%) |      5       1     208      5 |  198.10        0.00

Type     Name                                                                          # reqs      # fails |    Avg     Min     Max    Med |   req/s  failures/s
--------|----------------------------------------------------------------------------|-------|-------------|-------|-------|-------|-------|--------|-----------
GET      [GET] /actuator/health                                                          7238     0(0.00%) |      5       2     145      4 |   27.00        0.00
GET      [GET] /api/soporte/election/status                                              7348     0(0.00%) |      4       1     164      4 |   28.60        0.00
GET      [GET] /api/soporte/tickets                                                     14469     0(0.00%) |      7       3     204      7 |   55.30        0.00
GET      [GET] /health                                                                  21925     0(0.00%) |      4       1     208      4 |   88.00        0.00
--------|----------------------------------------------------------------------------|-------|-------------|-------|-------|-------|-------|--------|-----------
         Aggregated                                                                     50980     0(0.00%) |      5       1     208      5 |  198.90        0.00

Type     Name                                                                          # reqs      # fails |    Avg     Min     Max    Med |   req/s  failures/s
--------|----------------------------------------------------------------------------|-------|-------------|-------|-------|-------|-------|--------|-----------
GET      [GET] /actuator/health                                                          7287     0(0.00%) |      5       2     145      4 |   28.00        0.00
GET      [GET] /api/soporte/election/status                                              7407     0(0.00%) |      4       1     164      4 |   29.40        0.00
GET      [GET] /api/soporte/tickets                                                     14588     0(0.00%) |      7       3     204      7 |   56.00        0.00
GET      [GET] /health                                                                  22095     0(0.00%) |      4       1     208      4 |   84.70        0.00
--------|----------------------------------------------------------------------------|-------|-------------|-------|-------|-------|-------|--------|-----------
         Aggregated                                                                     51377     0(0.00%) |      5       1     208      5 |  198.10        0.00

Type     Name                                                                          # reqs      # fails |    Avg     Min     Max    Med |   req/s  failures/s
--------|----------------------------------------------------------------------------|-------|-------------|-------|-------|-------|-------|--------|-----------
GET      [GET] /actuator/health                                                          7359     0(0.00%) |      5       2     145      4 |   28.00        0.00
GET      [GET] /api/soporte/election/status                                              7456     0(0.00%) |      4       1     164      4 |   29.00        0.00
GET      [GET] /api/soporte/tickets                                                     14701     0(0.00%) |      7       3     204      7 |   56.80        0.00
GET      [GET] /health                                                                  22255     0(0.00%) |      4       1     208      4 |   85.30        0.00
--------|----------------------------------------------------------------------------|-------|-------------|-------|-------|-------|-------|--------|-----------
         Aggregated                                                                     51771     0(0.00%) |      5       1     208      5 |  199.10        0.00

Type     Name                                                                          # reqs      # fails |    Avg     Min     Max    Med |   req/s  failures/s
--------|----------------------------------------------------------------------------|-------|-------------|-------|-------|-------|-------|--------|-----------
GET      [GET] /actuator/health                                                          7427     0(0.00%) |      5       2     145      4 |   29.40        0.00
GET      [GET] /api/soporte/election/status                                              7506     0(0.00%) |      4       1     164      4 |   28.50        0.00
GET      [GET] /api/soporte/tickets                                                     14814     0(0.00%) |      7       3     204      7 |   57.70        0.00
GET      [GET] /health                                                                  22404     0(0.00%) |      4       1     208      4 |   82.90        0.00
--------|----------------------------------------------------------------------------|-------|-------------|-------|-------|-------|-------|--------|-----------
         Aggregated                                                                     52151     0(0.00%) |      5       1     208      5 |  198.50        0.00

Type     Name                                                                          # reqs      # fails |    Avg     Min     Max    Med |   req/s  failures/s
--------|----------------------------------------------------------------------------|-------|-------------|-------|-------|-------|-------|--------|-----------
GET      [GET] /actuator/health                                                          7472     0(0.00%) |      5       2     145      4 |   30.20        0.00
GET      [GET] /api/soporte/election/status                                              7577     0(0.00%) |      4       1     164      4 |   27.70        0.00
GET      [GET] /api/soporte/tickets                                                     14919     0(0.00%) |      7       3     204      7 |   59.00        0.00
GET      [GET] /health                                                                  22576     0(0.00%) |      4       1     208      4 |   81.10        0.00
--------|----------------------------------------------------------------------------|-------|-------------|-------|-------|-------|-------|--------|-----------
         Aggregated                                                                     52544     0(0.00%) |      5       1     208      5 |  198.00        0.00

Type     Name                                                                          # reqs      # fails |    Avg     Min     Max    Med |   req/s  failures/s
--------|----------------------------------------------------------------------------|-------|-------------|-------|-------|-------|-------|--------|-----------
GET      [GET] /actuator/health                                                          7521     0(0.00%) |      5       2     145      4 |   29.30        0.00
GET      [GET] /api/soporte/election/status                                              7614     0(0.00%) |      4       1     164      4 |   29.00        0.00
GET      [GET] /api/soporte/tickets                                                     15043     0(0.00%) |      7       3     204      7 |   55.40        0.00
GET      [GET] /health                                                                  22767     0(0.00%) |      4       1     208      4 |   82.40        0.00
--------|----------------------------------------------------------------------------|-------|-------------|-------|-------|-------|-------|--------|-----------
         Aggregated                                                                     52945     0(0.00%) |      5       1     208      5 |  196.10        0.00

Type     Name                                                                          # reqs      # fails |    Avg     Min     Max    Med |   req/s  failures/s
--------|----------------------------------------------------------------------------|-------|-------------|-------|-------|-------|-------|--------|-----------
GET      [GET] /actuator/health                                                          7575     0(0.00%) |      5       2     145      4 |   28.60        0.00
GET      [GET] /api/soporte/election/status                                              7679     0(0.00%) |      4       1     164      4 |   27.10        0.00
GET      [GET] /api/soporte/tickets                                                     15158     0(0.00%) |      7       3     204      7 |   57.20        0.00
GET      [GET] /health                                                                  22940     0(0.00%) |      4       1     208      4 |   85.10        0.00
--------|----------------------------------------------------------------------------|-------|-------------|-------|-------|-------|-------|--------|-----------
         Aggregated                                                                     53352     0(0.00%) |      5       1     208      5 |  198.00        0.00

Type     Name                                                                          # reqs      # fails |    Avg     Min     Max    Med |   req/s  failures/s
--------|----------------------------------------------------------------------------|-------|-------------|-------|-------|-------|-------|--------|-----------
GET      [GET] /actuator/health                                                          7624     0(0.00%) |      5       2     145      4 |   28.60        0.00
GET      [GET] /api/soporte/election/status                                              7737     0(0.00%) |      4       1     164      4 |   27.10        0.00
GET      [GET] /api/soporte/tickets                                                     15275     0(0.00%) |      7       3     204      7 |   56.90        0.00
GET      [GET] /health                                                                  23121     0(0.00%) |      4       1     208      4 |   84.50        0.00
--------|----------------------------------------------------------------------------|-------|-------------|-------|-------|-------|-------|--------|-----------
         Aggregated                                                                     53757     0(0.00%) |      5       1     208      5 |  197.10        0.00

Type     Name                                                                          # reqs      # fails |    Avg     Min     Max    Med |   req/s  failures/s
--------|----------------------------------------------------------------------------|-------|-------------|-------|-------|-------|-------|--------|-----------
GET      [GET] /actuator/health                                                          7679     0(0.00%) |      5       2     145      4 |   26.50        0.00
GET      [GET] /api/soporte/election/status                                              7779     0(0.00%) |      4       1     164      4 |   27.80        0.00
GET      [GET] /api/soporte/tickets                                                     15406     0(0.00%) |      7       3     204      7 |   56.60        0.00
GET      [GET] /health                                                                  23284     0(0.00%) |      4       1     208      4 |   85.60        0.00
--------|----------------------------------------------------------------------------|-------|-------------|-------|-------|-------|-------|--------|-----------
         Aggregated                                                                     54148     0(0.00%) |      5       1     208      5 |  196.50        0.00

Type     Name                                                                          # reqs      # fails |    Avg     Min     Max    Med |   req/s  failures/s
--------|----------------------------------------------------------------------------|-------|-------------|-------|-------|-------|-------|--------|-----------
GET      [GET] /actuator/health                                                          7732     0(0.00%) |      5       2     145      4 |   26.00        0.00
GET      [GET] /api/soporte/election/status                                              7837     0(0.00%) |      4       1     164      4 |   27.40        0.00
GET      [GET] /api/soporte/tickets                                                     15526     0(0.00%) |      7       3     204      7 |   58.40        0.00
GET      [GET] /health                                                                  23464     0(0.00%) |      4       1     208      4 |   87.10        0.00
--------|----------------------------------------------------------------------------|-------|-------------|-------|-------|-------|-------|--------|-----------
         Aggregated                                                                     54559     0(0.00%) |      5       1     208      5 |  198.90        0.00

Type     Name                                                                          # reqs      # fails |    Avg     Min     Max    Med |   req/s  failures/s
--------|----------------------------------------------------------------------------|-------|-------------|-------|-------|-------|-------|--------|-----------
GET      [GET] /actuator/health                                                          7787     0(0.00%) |      5       2     145      4 |   25.50        0.00
GET      [GET] /api/soporte/election/status                                              7883     0(0.00%) |      4       1     164      4 |   26.00        0.00
GET      [GET] /api/soporte/tickets                                                     15638     0(0.00%) |      7       3     204      7 |   59.50        0.00
GET      [GET] /health                                                                  23655     0(0.00%) |      4       1     208      4 |   88.40        0.00
--------|----------------------------------------------------------------------------|-------|-------------|-------|-------|-------|-------|--------|-----------
         Aggregated                                                                     54963     0(0.00%) |      5       1     208      5 |  199.40        0.00

Type     Name                                                                          # reqs      # fails |    Avg     Min     Max    Med |   req/s  failures/s
--------|----------------------------------------------------------------------------|-------|-------------|-------|-------|-------|-------|--------|-----------
GET      [GET] /actuator/health                                                          7837     0(0.00%) |      5       2     145      4 |   26.00        0.00
GET      [GET] /api/soporte/election/status                                              7936     0(0.00%) |      4       1     164      4 |   27.00        0.00
GET      [GET] /api/soporte/tickets                                                     15750     0(0.00%) |      7       3     204      7 |   59.60        0.00
GET      [GET] /health                                                                  23829     0(0.00%) |      4       1     208      4 |   86.80        0.00
--------|----------------------------------------------------------------------------|-------|-------------|-------|-------|-------|-------|--------|-----------
         Aggregated                                                                     55352     0(0.00%) |      5       1     208      5 |  199.40        0.00

Type     Name                                                                          # reqs      # fails |    Avg     Min     Max    Med |   req/s  failures/s
--------|----------------------------------------------------------------------------|-------|-------------|-------|-------|-------|-------|--------|-----------
GET      [GET] /actuator/health                                                          7894     0(0.00%) |      5       2     145      4 |   26.30        0.00
GET      [GET] /api/soporte/election/status                                              7999     0(0.00%) |      4       1     164      4 |   25.80        0.00
GET      [GET] /api/soporte/tickets                                                     15858     0(0.00%) |      7       3     204      7 |   59.10        0.00
GET      [GET] /health                                                                  23996     0(0.00%) |      4       1     208      4 |   88.40        0.00
--------|----------------------------------------------------------------------------|-------|-------------|-------|-------|-------|-------|--------|-----------
         Aggregated                                                                     55747     0(0.00%) |      5       1     208      5 |  199.60        0.00

Type     Name                                                                          # reqs      # fails |    Avg     Min     Max    Med |   req/s  failures/s
--------|----------------------------------------------------------------------------|-------|-------------|-------|-------|-------|-------|--------|-----------
GET      [GET] /actuator/health                                                          7962     0(0.00%) |      5       2     145      4 |   26.90        0.00
GET      [GET] /api/soporte/election/status                                              8053     0(0.00%) |      4       1     164      4 |   25.90        0.00
GET      [GET] /api/soporte/tickets                                                     15978     0(0.00%) |      7       3     204      7 |   58.50        0.00
GET      [GET] /health                                                                  24156     0(0.00%) |      4       1     208      4 |   87.80        0.00
--------|----------------------------------------------------------------------------|-------|-------------|-------|-------|-------|-------|--------|-----------
         Aggregated                                                                     56149     0(0.00%) |      5       1     208      5 |  199.10        0.00

Type     Name                                                                          # reqs      # fails |    Avg     Min     Max    Med |   req/s  failures/s
--------|----------------------------------------------------------------------------|-------|-------------|-------|-------|-------|-------|--------|-----------
GET      [GET] /actuator/health                                                          8017     0(0.00%) |      5       2     145      4 |   27.30        0.00
GET      [GET] /api/soporte/election/status                                              8105     0(0.00%) |      4       1     164      4 |   27.00        0.00
GET      [GET] /api/soporte/tickets                                                     16078     0(0.00%) |      7       3     204      7 |   56.70        0.00
GET      [GET] /health                                                                  24346     0(0.00%) |      4       1     208      4 |   86.90        0.00
--------|----------------------------------------------------------------------------|-------|-------------|-------|-------|-------|-------|--------|-----------
         Aggregated                                                                     56546     0(0.00%) |      5       1     208      5 |  197.90        0.00

Type     Name                                                                          # reqs      # fails |    Avg     Min     Max    Med |   req/s  failures/s
--------|----------------------------------------------------------------------------|-------|-------------|-------|-------|-------|-------|--------|-----------
GET      [GET] /actuator/health                                                          8071     0(0.00%) |      5       2     145      4 |   28.50        0.00
GET      [GET] /api/soporte/election/status                                              8160     0(0.00%) |      4       1     164      4 |   26.70        0.00
GET      [GET] /api/soporte/tickets                                                     16193     0(0.00%) |      7       3     204      7 |   56.10        0.00
GET      [GET] /health                                                                  24526     0(0.00%) |      4       1     208      4 |   88.20        0.00
--------|----------------------------------------------------------------------------|-------|-------------|-------|-------|-------|-------|--------|-----------
         Aggregated                                                                     56950     0(0.00%) |      5       1     208      5 |  199.50        0.00

Type     Name                                                                          # reqs      # fails |    Avg     Min     Max    Med |   req/s  failures/s
--------|----------------------------------------------------------------------------|-------|-------------|-------|-------|-------|-------|--------|-----------
GET      [GET] /actuator/health                                                          8140     0(0.00%) |      5       2     145      4 |   28.60        0.00
GET      [GET] /api/soporte/election/status                                              8216     0(0.00%) |      4       1     164      4 |   26.50        0.00
GET      [GET] /api/soporte/tickets                                                     16290     0(0.00%) |      7       3     204      7 |   55.10        0.00
GET      [GET] /health                                                                  24708     0(0.00%) |      4       1     208      4 |   88.00        0.00
--------|----------------------------------------------------------------------------|-------|-------------|-------|-------|-------|-------|--------|-----------
         Aggregated                                                                     57354     0(0.00%) |      5       1     208      5 |  198.20        0.00

Type     Name                                                                          # reqs      # fails |    Avg     Min     Max    Med |   req/s  failures/s
--------|----------------------------------------------------------------------------|-------|-------------|-------|-------|-------|-------|--------|-----------
GET      [GET] /actuator/health                                                          8195     0(0.00%) |      5       2     145      4 |   29.90        0.00
GET      [GET] /api/soporte/election/status                                              8263     0(0.00%) |      4       1     164      4 |   27.70        0.00
GET      [GET] /api/soporte/tickets                                                     16401     0(0.00%) |      7       3     204      7 |   53.90        0.00
GET      [GET] /health                                                                  24887     0(0.00%) |      4       1     208      4 |   88.10        0.00
--------|----------------------------------------------------------------------------|-------|-------------|-------|-------|-------|-------|--------|-----------
         Aggregated                                                                     57746     0(0.00%) |      5       1     208      5 |  199.60        0.00

Type     Name                                                                          # reqs      # fails |    Avg     Min     Max    Med |   req/s  failures/s
--------|----------------------------------------------------------------------------|-------|-------------|-------|-------|-------|-------|--------|-----------
GET      [GET] /actuator/health                                                          8250     0(0.00%) |      5       2     145      4 |   29.70        0.00
GET      [GET] /api/soporte/election/status                                              8318     0(0.00%) |      4       1     164      4 |   26.60        0.00
GET      [GET] /api/soporte/tickets                                                     16511     0(0.00%) |      7       3     204      7 |   53.50        0.00
GET      [GET] /health                                                                  25066     0(0.00%) |      4       1     208      4 |   88.70        0.00
--------|----------------------------------------------------------------------------|-------|-------------|-------|-------|-------|-------|--------|-----------
         Aggregated                                                                     58145     0(0.00%) |      5       1     208      5 |  198.50        0.00

Type     Name                                                                          # reqs      # fails |    Avg     Min     Max    Med |   req/s  failures/s
--------|----------------------------------------------------------------------------|-------|-------------|-------|-------|-------|-------|--------|-----------
GET      [GET] /actuator/health                                                          8298     0(0.00%) |      5       2     145      4 |   29.20        0.00
GET      [GET] /api/soporte/election/status                                              8383     0(0.00%) |      4       1     164      4 |   27.10        0.00
GET      [GET] /api/soporte/tickets                                                     16622     0(0.00%) |      7       3     204      7 |   53.20        0.00
GET      [GET] /health                                                                  25235     0(0.00%) |      4       1     208      4 |   91.20        0.00
--------|----------------------------------------------------------------------------|-------|-------------|-------|-------|-------|-------|--------|-----------
         Aggregated                                                                     58538     0(0.00%) |      5       1     208      5 |  200.70        0.00

Type     Name                                                                          # reqs      # fails |    Avg     Min     Max    Med |   req/s  failures/s
--------|----------------------------------------------------------------------------|-------|-------------|-------|-------|-------|-------|--------|-----------
GET      [GET] /actuator/health                                                          8356     0(0.00%) |      5       2     145      4 |   28.80        0.00
GET      [GET] /api/soporte/election/status                                              8442     0(0.00%) |      4       1     164      4 |   27.70        0.00
GET      [GET] /api/soporte/tickets                                                     16727     0(0.00%) |      7       3     204      7 |   54.30        0.00
GET      [GET] /health                                                                  25414     0(0.00%) |      4       1     208      4 |   88.60        0.00
--------|----------------------------------------------------------------------------|-------|-------------|-------|-------|-------|-------|--------|-----------
         Aggregated                                                                     58939     0(0.00%) |      5       1     208      5 |  199.40        0.00

Type     Name                                                                          # reqs      # fails |    Avg     Min     Max    Med |   req/s  failures/s
--------|----------------------------------------------------------------------------|-------|-------------|-------|-------|-------|-------|--------|-----------
GET      [GET] /actuator/health                                                          8412     0(0.00%) |      5       2     145      4 |   28.20        0.00
GET      [GET] /api/soporte/election/status                                              8504     0(0.00%) |      4       1     164      4 |   28.70        0.00
GET      [GET] /api/soporte/tickets                                                     16833     0(0.00%) |      7       3     204      7 |   53.00        0.00
GET      [GET] /health                                                                  25571     0(0.00%) |      4       1     208      4 |   88.80        0.00
--------|----------------------------------------------------------------------------|-------|-------------|-------|-------|-------|-------|--------|-----------
         Aggregated                                                                     59320     0(0.00%) |      5       1     208      5 |  198.70        0.00

Type     Name                                                                          # reqs      # fails |    Avg     Min     Max    Med |   req/s  failures/s
--------|----------------------------------------------------------------------------|-------|-------------|-------|-------|-------|-------|--------|-----------
GET      [GET] /actuator/health                                                          8474     0(0.00%) |      5       2     145      4 |   27.20        0.00
GET      [GET] /api/soporte/election/status                                              8559     0(0.00%) |      4       1     164      4 |   28.90        0.00
GET      [GET] /api/soporte/tickets                                                     16946     0(0.00%) |      7       3     204      7 |   53.90        0.00
GET      [GET] /health                                                                  25742     0(0.00%) |      4       1     208      4 |   85.80        0.00
--------|----------------------------------------------------------------------------|-------|-------------|-------|-------|-------|-------|--------|-----------
         Aggregated                                                                     59721     0(0.00%) |      5       1     208      5 |  195.80        0.00

Type     Name                                                                          # reqs      # fails |    Avg     Min     Max    Med |   req/s  failures/s
--------|----------------------------------------------------------------------------|-------|-------------|-------|-------|-------|-------|--------|-----------
GET      [GET] /actuator/health                                                          8527     0(0.00%) |      5       2     145      4 |   28.30        0.00
GET      [GET] /api/soporte/election/status                                              8615     0(0.00%) |      4       1     164      4 |   29.30        0.00
GET      [GET] /api/soporte/tickets                                                     17047     0(0.00%) |      7       3     204      7 |   54.60        0.00
GET      [GET] /health                                                                  25911     0(0.00%) |      4       1     208      4 |   84.90        0.00
--------|----------------------------------------------------------------------------|-------|-------------|-------|-------|-------|-------|--------|-----------
         Aggregated                                                                     60100     0(0.00%) |      5       1     208      5 |  197.10        0.00

Type     Name                                                                          # reqs      # fails |    Avg     Min     Max    Med |   req/s  failures/s
--------|----------------------------------------------------------------------------|-------|-------------|-------|-------|-------|-------|--------|-----------
GET      [GET] /actuator/health                                                          8581     0(0.00%) |      5       2     145      4 |   27.30        0.00
GET      [GET] /api/soporte/election/status                                              8665     0(0.00%) |      4       1     164      4 |   29.60        0.00
GET      [GET] /api/soporte/tickets                                                     17161     0(0.00%) |      7       3     204      7 |   54.20        0.00
GET      [GET] /health                                                                  26090     0(0.00%) |      4       1     208      4 |   83.90        0.00
--------|----------------------------------------------------------------------------|-------|-------------|-------|-------|-------|-------|--------|-----------
         Aggregated                                                                     60497     0(0.00%) |      5       1     208      5 |  195.00        0.00

Type     Name                                                                          # reqs      # fails |    Avg     Min     Max    Med |   req/s  failures/s
--------|----------------------------------------------------------------------------|-------|-------------|-------|-------|-------|-------|--------|-----------
GET      [GET] /actuator/health                                                          8632     0(0.00%) |      5       2     145      4 |   27.60        0.00
GET      [GET] /api/soporte/election/status                                              8724     0(0.00%) |      4       1     164      4 |   28.90        0.00
GET      [GET] /api/soporte/tickets                                                     17283     0(0.00%) |      7       3     204      7 |   52.60        0.00
GET      [GET] /health                                                                  26250     0(0.00%) |      4       1     208      4 |   85.40        0.00
--------|----------------------------------------------------------------------------|-------|-------------|-------|-------|-------|-------|--------|-----------
         Aggregated                                                                     60889     0(0.00%) |      5       1     208      5 |  194.50        0.00

Type     Name                                                                          # reqs      # fails |    Avg     Min     Max    Med |   req/s  failures/s
--------|----------------------------------------------------------------------------|-------|-------------|-------|-------|-------|-------|--------|-----------
GET      [GET] /actuator/health                                                          8693     0(0.00%) |      5       2     145      4 |   27.70        0.00
GET      [GET] /api/soporte/election/status                                              8774     0(0.00%) |      4       1     164      4 |   28.20        0.00
GET      [GET] /api/soporte/tickets                                                     17382     0(0.00%) |      7       3     204      7 |   55.40        0.00
GET      [GET] /health                                                                  26425     0(0.00%) |      4       1     208      4 |   83.40        0.00
--------|----------------------------------------------------------------------------|-------|-------------|-------|-------|-------|-------|--------|-----------
         Aggregated                                                                     61274     0(0.00%) |      5       1     208      5 |  194.70        0.00

Type     Name                                                                          # reqs      # fails |    Avg     Min     Max    Med |   req/s  failures/s
--------|----------------------------------------------------------------------------|-------|-------------|-------|-------|-------|-------|--------|-----------
GET      [GET] /actuator/health                                                          8759     0(0.00%) |      5       2     145      4 |   28.10        0.00
GET      [GET] /api/soporte/election/status                                              8843     0(0.00%) |      4       1     164      4 |   27.00        0.00
GET      [GET] /api/soporte/tickets                                                     17486     0(0.00%) |      7       3     204      7 |   55.80        0.00
GET      [GET] /health                                                                  26596     0(0.00%) |      4       1     208      4 |   85.50        0.00
--------|----------------------------------------------------------------------------|-------|-------------|-------|-------|-------|-------|--------|-----------
         Aggregated                                                                     61684     0(0.00%) |      5       1     208      5 |  196.40        0.00

Type     Name                                                                          # reqs      # fails |    Avg     Min     Max    Med |   req/s  failures/s
--------|----------------------------------------------------------------------------|-------|-------------|-------|-------|-------|-------|--------|-----------
GET      [GET] /actuator/health                                                          8813     0(0.00%) |      5       2     145      4 |   28.00        0.00
GET      [GET] /api/soporte/election/status                                              8901     0(0.00%) |      4       1     164      4 |   27.80        0.00
GET      [GET] /api/soporte/tickets                                                     17596     0(0.00%) |      7       3     204      7 |   55.00        0.00
GET      [GET] /health                                                                  26775     0(0.00%) |      4       1     208      4 |   84.40        0.00
--------|----------------------------------------------------------------------------|-------|-------------|-------|-------|-------|-------|--------|-----------
         Aggregated                                                                     62085     0(0.00%) |      5       1     208      5 |  195.20        0.00

Type     Name                                                                          # reqs      # fails |    Avg     Min     Max    Med |   req/s  failures/s
--------|----------------------------------------------------------------------------|-------|-------------|-------|-------|-------|-------|--------|-----------
GET      [GET] /actuator/health                                                          8868     0(0.00%) |      5       2     145      4 |   28.30        0.00
GET      [GET] /api/soporte/election/status                                              8954     0(0.00%) |      4       1     164      4 |   28.40        0.00
GET      [GET] /api/soporte/tickets                                                     17706     0(0.00%) |      7       3     204      7 |   54.20        0.00
GET      [GET] /health                                                                  26953     0(0.00%) |      4       1     208      4 |   86.30        0.00
--------|----------------------------------------------------------------------------|-------|-------------|-------|-------|-------|-------|--------|-----------
         Aggregated                                                                     62481     0(0.00%) |      5       1     208      5 |  197.20        0.00

Type     Name                                                                          # reqs      # fails |    Avg     Min     Max    Med |   req/s  failures/s
--------|----------------------------------------------------------------------------|-------|-------------|-------|-------|-------|-------|--------|-----------
GET      [GET] /actuator/health                                                          8937     0(0.00%) |      5       2     145      4 |   28.70        0.00
GET      [GET] /api/soporte/election/status                                              9006     0(0.00%) |      4       1     164      4 |   27.90        0.00
GET      [GET] /api/soporte/tickets                                                     17830     0(0.00%) |      7       3     204      7 |   55.30        0.00
GET      [GET] /health                                                                  27114     0(0.00%) |      4       1     208      4 |   85.60        0.00
--------|----------------------------------------------------------------------------|-------|-------------|-------|-------|-------|-------|--------|-----------
         Aggregated                                                                     62887     0(0.00%) |      5       1     208      5 |  197.50        0.00

Type     Name                                                                          # reqs      # fails |    Avg     Min     Max    Med |   req/s  failures/s
--------|----------------------------------------------------------------------------|-------|-------------|-------|-------|-------|-------|--------|-----------
GET      [GET] /actuator/health                                                          8990     0(0.00%) |      5       2     145      4 |   30.50        0.00
GET      [GET] /api/soporte/election/status                                              9065     0(0.00%) |      4       1     164      4 |   27.60        0.00
GET      [GET] /api/soporte/tickets                                                     17924     0(0.00%) |      7       3     204      7 |   54.20        0.00
GET      [GET] /health                                                                  27294     0(0.00%) |      4       1     208      4 |   86.60        0.00
--------|----------------------------------------------------------------------------|-------|-------------|-------|-------|-------|-------|--------|-----------
         Aggregated                                                                     63273     0(0.00%) |      5       1     208      5 |  198.90        0.00

Type     Name                                                                          # reqs      # fails |    Avg     Min     Max    Med |   req/s  failures/s
--------|----------------------------------------------------------------------------|-------|-------------|-------|-------|-------|-------|--------|-----------
GET      [GET] /actuator/health                                                          9051     0(0.00%) |      5       2     145      4 |   29.40        0.00
GET      [GET] /api/soporte/election/status                                              9115     0(0.00%) |      4       1     164      4 |   28.80        0.00
GET      [GET] /api/soporte/tickets                                                     18041     0(0.00%) |      7       3     204      7 |   53.20        0.00
GET      [GET] /health                                                                  27454     0(0.00%) |      4       1     208      4 |   86.70        0.00
--------|----------------------------------------------------------------------------|-------|-------------|-------|-------|-------|-------|--------|-----------
         Aggregated                                                                     63661     0(0.00%) |      5       1     208      5 |  198.10        0.00

Type     Name                                                                          # reqs      # fails |    Avg     Min     Max    Med |   req/s  failures/s
--------|----------------------------------------------------------------------------|-------|-------------|-------|-------|-------|-------|--------|-----------
GET      [GET] /actuator/health                                                          9111     0(0.00%) |      5       2     145      4 |   29.60        0.00
GET      [GET] /api/soporte/election/status                                              9177     0(0.00%) |      4       1     164      4 |   27.40        0.00
GET      [GET] /api/soporte/tickets                                                     18148     0(0.00%) |      7       3     204      7 |   54.40        0.00
GET      [GET] /health                                                                  27626     0(0.00%) |      4       1     208      4 |   87.00        0.00
--------|----------------------------------------------------------------------------|-------|-------------|-------|-------|-------|-------|--------|-----------
         Aggregated                                                                     64062     0(0.00%) |      5       1     208      5 |  198.40        0.00

Type     Name                                                                          # reqs      # fails |    Avg     Min     Max    Med |   req/s  failures/s
--------|----------------------------------------------------------------------------|-------|-------------|-------|-------|-------|-------|--------|-----------
GET      [GET] /actuator/health                                                          9165     0(0.00%) |      5       2     145      4 |   30.40        0.00
GET      [GET] /api/soporte/election/status                                              9223     0(0.00%) |      4       1     164      4 |   27.50        0.00
GET      [GET] /api/soporte/tickets                                                     18261     0(0.00%) |      7       3     204      7 |   56.20        0.00
GET      [GET] /health                                                                  27810     0(0.00%) |      4       1     208      4 |   83.90        0.00
--------|----------------------------------------------------------------------------|-------|-------------|-------|-------|-------|-------|--------|-----------
         Aggregated                                                                     64459     0(0.00%) |      5       1     208      5 |  198.00        0.00

Type     Name                                                                          # reqs      # fails |    Avg     Min     Max    Med |   req/s  failures/s
--------|----------------------------------------------------------------------------|-------|-------------|-------|-------|-------|-------|--------|-----------
GET      [GET] /actuator/health                                                          9219     0(0.00%) |      5       2     145      4 |   29.20        0.00
GET      [GET] /api/soporte/election/status                                              9276     0(0.00%) |      4       1     164      4 |   27.90        0.00
GET      [GET] /api/soporte/tickets                                                     18386     0(0.00%) |      7       3     204      7 |   55.30        0.00
GET      [GET] /health                                                                  27974     0(0.00%) |      4       1     208      4 |   85.10        0.00
--------|----------------------------------------------------------------------------|-------|-------------|-------|-------|-------|-------|--------|-----------
         Aggregated                                                                     64855     0(0.00%) |      5       1     208      5 |  197.50        0.00

Type     Name                                                                          # reqs      # fails |    Avg     Min     Max    Med |   req/s  failures/s
--------|----------------------------------------------------------------------------|-------|-------------|-------|-------|-------|-------|--------|-----------
GET      [GET] /actuator/health                                                          9269     0(0.00%) |      5       2     145      4 |   27.70        0.00
GET      [GET] /api/soporte/election/status                                              9327     0(0.00%) |      4       1     164      4 |   26.90        0.00
GET      [GET] /api/soporte/tickets                                                     18492     0(0.00%) |      7       3     204      7 |   55.40        0.00
GET      [GET] /health                                                                  28153     0(0.00%) |      4       1     208      4 |   85.00        0.00
--------|----------------------------------------------------------------------------|-------|-------------|-------|-------|-------|-------|--------|-----------
         Aggregated                                                                     65241     0(0.00%) |      5       1     208      5 |  195.00        0.00

Type     Name                                                                          # reqs      # fails |    Avg     Min     Max    Med |   req/s  failures/s
--------|----------------------------------------------------------------------------|-------|-------------|-------|-------|-------|-------|--------|-----------
GET      [GET] /actuator/health                                                          9325     0(0.00%) |      5       2     145      4 |   27.50        0.00
GET      [GET] /api/soporte/election/status                                              9381     0(0.00%) |      4       1     164      4 |   26.20        0.00
GET      [GET] /api/soporte/tickets                                                     18613     0(0.00%) |      7       3     204      7 |   56.30        0.00
GET      [GET] /health                                                                  28318     0(0.00%) |      4       1     208      4 |   84.80        0.00
--------|----------------------------------------------------------------------------|-------|-------------|-------|-------|-------|-------|--------|-----------
         Aggregated                                                                     65637     0(0.00%) |      5       1     208      5 |  194.80        0.00

Type     Name                                                                          # reqs      # fails |    Avg     Min     Max    Med |   req/s  failures/s
--------|----------------------------------------------------------------------------|-------|-------------|-------|-------|-------|-------|--------|-----------
GET      [GET] /actuator/health                                                          9376     0(0.00%) |      5       2     145      4 |   26.90        0.00
GET      [GET] /api/soporte/election/status                                              9438     0(0.00%) |      4       1     164      4 |   27.00        0.00
GET      [GET] /api/soporte/tickets                                                     18721     0(0.00%) |      7       3     204      7 |   56.50        0.00
GET      [GET] /health                                                                  28498     0(0.00%) |      4       1     208      4 |   86.30        0.00
--------|----------------------------------------------------------------------------|-------|-------------|-------|-------|-------|-------|--------|-----------
         Aggregated                                                                     66033     0(0.00%) |      5       1     208      5 |  196.70        0.00

Type     Name                                                                          # reqs      # fails |    Avg     Min     Max    Med |   req/s  failures/s
--------|----------------------------------------------------------------------------|-------|-------------|-------|-------|-------|-------|--------|-----------
GET      [GET] /actuator/health                                                          9444     0(0.00%) |      5       2     145      4 |   26.90        0.00
GET      [GET] /api/soporte/election/status                                              9503     0(0.00%) |      4       1     164      4 |   25.70        0.00
GET      [GET] /api/soporte/tickets                                                     18816     0(0.00%) |      7       3     204      7 |   56.20        0.00
GET      [GET] /health                                                                  28659     0(0.00%) |      4       1     208      4 |   86.40        0.00
--------|----------------------------------------------------------------------------|-------|-------------|-------|-------|-------|-------|--------|-----------
         Aggregated                                                                     66422     0(0.00%) |      5       1     208      5 |  195.20        0.00

Type     Name                                                                          # reqs      # fails |    Avg     Min     Max    Med |   req/s  failures/s
--------|----------------------------------------------------------------------------|-------|-------------|-------|-------|-------|-------|--------|-----------
GET      [GET] /actuator/health                                                          9502     0(0.00%) |      5       2     145      4 |   27.70        0.00
GET      [GET] /api/soporte/election/status                                              9567     0(0.00%) |      4       1     164      4 |   26.80        0.00
GET      [GET] /api/soporte/tickets                                                     18909     0(0.00%) |      7       3     204      7 |   55.30        0.00
GET      [GET] /health                                                                  28841     0(0.00%) |      4       1     208      4 |   85.70        0.00
--------|----------------------------------------------------------------------------|-------|-------------|-------|-------|-------|-------|--------|-----------
         Aggregated                                                                     66819     0(0.00%) |      5       1     208      5 |  195.50        0.00

Type     Name                                                                          # reqs      # fails |    Avg     Min     Max    Med |   req/s  failures/s
--------|----------------------------------------------------------------------------|-------|-------------|-------|-------|-------|-------|--------|-----------
GET      [GET] /actuator/health                                                          9554     0(0.00%) |      5       2     145      4 |   29.40        0.00
GET      [GET] /api/soporte/election/status                                              9612     0(0.00%) |      4       1     164      4 |   29.10        0.00
GET      [GET] /api/soporte/tickets                                                     19024     0(0.00%) |      7       3     204      7 |   53.00        0.00
GET      [GET] /health                                                                  29033     0(0.00%) |      4       1     208      4 |   85.60        0.00
--------|----------------------------------------------------------------------------|-------|-------------|-------|-------|-------|-------|--------|-----------
         Aggregated                                                                     67223     0(0.00%) |      5       1     208      5 |  197.10        0.00

Type     Name                                                                          # reqs      # fails |    Avg     Min     Max    Med |   req/s  failures/s
--------|----------------------------------------------------------------------------|-------|-------------|-------|-------|-------|-------|--------|-----------
GET      [GET] /actuator/health                                                          9608     0(0.00%) |      5       2     145      4 |   28.80        0.00
GET      [GET] /api/soporte/election/status                                              9681     0(0.00%) |      4       1     164      4 |   28.50        0.00
GET      [GET] /api/soporte/tickets                                                     19147     0(0.00%) |      7       3     204      7 |   53.90        0.00
GET      [GET] /health                                                                  29200     0(0.00%) |      4       1     208      4 |   87.70        0.00
--------|----------------------------------------------------------------------------|-------|-------------|-------|-------|-------|-------|--------|-----------
         Aggregated                                                                     67636     0(0.00%) |      5       1     208      5 |  198.90        0.00

Type     Name                                                                          # reqs      # fails |    Avg     Min     Max    Med |   req/s  failures/s
--------|----------------------------------------------------------------------------|-------|-------------|-------|-------|-------|-------|--------|-----------
GET      [GET] /actuator/health                                                          9663     0(0.00%) |      5       2     145      4 |   28.20        0.00
GET      [GET] /api/soporte/election/status                                              9743     0(0.00%) |      4       1     164      4 |   29.20        0.00
GET      [GET] /api/soporte/tickets                                                     19264     0(0.00%) |      7       3     204      7 |   53.20        0.00
GET      [GET] /health                                                                  29364     0(0.00%) |      4       1     208      4 |   87.70        0.00
--------|----------------------------------------------------------------------------|-------|-------------|-------|-------|-------|-------|--------|-----------
         Aggregated                                                                     68034     0(0.00%) |      5       1     208      5 |  198.30        0.00

Type     Name                                                                          # reqs      # fails |    Avg     Min     Max    Med |   req/s  failures/s
--------|----------------------------------------------------------------------------|-------|-------------|-------|-------|-------|-------|--------|-----------
GET      [GET] /actuator/health                                                          9712     0(0.00%) |      5       2     145      4 |   27.60        0.00
GET      [GET] /api/soporte/election/status                                              9787     0(0.00%) |      4       1     164      4 |   30.30        0.00
GET      [GET] /api/soporte/tickets                                                     19392     0(0.00%) |      7       3     204      7 |   54.00        0.00
GET      [GET] /health                                                                  29529     0(0.00%) |      4       1     208      4 |   87.30        0.00
--------|----------------------------------------------------------------------------|-------|-------------|-------|-------|-------|-------|--------|-----------
         Aggregated                                                                     68420     0(0.00%) |      5       1     208      5 |  199.20        0.00

Type     Name                                                                          # reqs      # fails |    Avg     Min     Max    Med |   req/s  failures/s
--------|----------------------------------------------------------------------------|-------|-------------|-------|-------|-------|-------|--------|-----------
GET      [GET] /actuator/health                                                          9765     0(0.00%) |      5       2     145      4 |   27.00        0.00
GET      [GET] /api/soporte/election/status                                              9845     0(0.00%) |      4       1     164      4 |   29.50        0.00
GET      [GET] /api/soporte/tickets                                                     19512     0(0.00%) |      7       3     204      7 |   57.10        0.00
GET      [GET] /health                                                                  29703     0(0.00%) |      4       1     208      4 |   86.10        0.00
--------|----------------------------------------------------------------------------|-------|-------------|-------|-------|-------|-------|--------|-----------
         Aggregated                                                                     68825     0(0.00%) |      5       1     208      5 |  199.70        0.00

Type     Name                                                                          # reqs      # fails |    Avg     Min     Max    Med |   req/s  failures/s
--------|----------------------------------------------------------------------------|-------|-------------|-------|-------|-------|-------|--------|-----------
GET      [GET] /actuator/health                                                          9813     0(0.00%) |      5       2     145      4 |   25.30        0.00
GET      [GET] /api/soporte/election/status                                              9903     0(0.00%) |      4       1     164      4 |   27.30        0.00
GET      [GET] /api/soporte/tickets                                                     19628     0(0.00%) |      7       3     204      7 |   60.30        0.00
GET      [GET] /health                                                                  29882     0(0.00%) |      4       1     208      4 |   85.50        0.00
--------|----------------------------------------------------------------------------|-------|-------------|-------|-------|-------|-------|--------|-----------
         Aggregated                                                                     69226     0(0.00%) |      5       1     208      5 |  198.40        0.00

Type     Name                                                                          # reqs      # fails |    Avg     Min     Max    Med |   req/s  failures/s
--------|----------------------------------------------------------------------------|-------|-------------|-------|-------|-------|-------|--------|-----------
GET      [GET] /actuator/health                                                          9867     0(0.00%) |      5       2     145      4 |   26.10        0.00
GET      [GET] /api/soporte/election/status                                              9970     0(0.00%) |      4       1     164      4 |   28.50        0.00
GET      [GET] /api/soporte/tickets                                                     19743     0(0.00%) |      7       3     204      7 |   59.50        0.00
GET      [GET] /health                                                                  30041     0(0.00%) |      4       1     208      4 |   85.20        0.00
--------|----------------------------------------------------------------------------|-------|-------------|-------|-------|-------|-------|--------|-----------
         Aggregated                                                                     69621     0(0.00%) |      5       1     208      5 |  199.30        0.00

Type     Name                                                                          # reqs      # fails |    Avg     Min     Max    Med |   req/s  failures/s
--------|----------------------------------------------------------------------------|-------|-------------|-------|-------|-------|-------|--------|-----------
GET      [GET] /actuator/health                                                          9918     0(0.00%) |      5       2     145      4 |   26.10        0.00
GET      [GET] /api/soporte/election/status                                             10036     0(0.00%) |      4       1     164      4 |   29.20        0.00
GET      [GET] /api/soporte/tickets                                                     19840     0(0.00%) |      7       3     204      7 |   59.70        0.00
GET      [GET] /health                                                                  30234     0(0.00%) |      4       1     208      4 |   83.90        0.00
--------|----------------------------------------------------------------------------|-------|-------------|-------|-------|-------|-------|--------|-----------
         Aggregated                                                                     70028     0(0.00%) |      5       1     208      5 |  198.90        0.00

Type     Name                                                                          # reqs      # fails |    Avg     Min     Max    Med |   req/s  failures/s
--------|----------------------------------------------------------------------------|-------|-------------|-------|-------|-------|-------|--------|-----------
GET      [GET] /actuator/health                                                          9980     0(0.00%) |      5       2     145      4 |   25.90        0.00
GET      [GET] /api/soporte/election/status                                             10088     0(0.00%) |      4       1     164      4 |   29.70        0.00
GET      [GET] /api/soporte/tickets                                                     19947     0(0.00%) |      7       3     204      7 |   58.20        0.00
GET      [GET] /health                                                                  30408     0(0.00%) |      4       1     208      4 |   84.70        0.00
--------|----------------------------------------------------------------------------|-------|-------------|-------|-------|-------|-------|--------|-----------
         Aggregated                                                                     70423     0(0.00%) |      5       1     208      5 |  198.50        0.00

Type     Name                                                                          # reqs      # fails |    Avg     Min     Max    Med |   req/s  failures/s
--------|----------------------------------------------------------------------------|-------|-------------|-------|-------|-------|-------|--------|-----------
GET      [GET] /actuator/health                                                         10041     0(0.00%) |      5       2     145      4 |   27.00        0.00
GET      [GET] /api/soporte/election/status                                             10144     0(0.00%) |      4       1     164      4 |   28.70        0.00
GET      [GET] /api/soporte/tickets                                                     20048     0(0.00%) |      7       3     204      7 |   55.20        0.00
GET      [GET] /health                                                                  30573     0(0.00%) |      4       1     208      4 |   88.80        0.00
--------|----------------------------------------------------------------------------|-------|-------------|-------|-------|-------|-------|--------|-----------
         Aggregated                                                                     70806     0(0.00%) |      5       1     208      5 |  199.70        0.00

Type     Name                                                                          # reqs      # fails |    Avg     Min     Max    Med |   req/s  failures/s
--------|----------------------------------------------------------------------------|-------|-------------|-------|-------|-------|-------|--------|-----------
GET      [GET] /actuator/health                                                         10094     0(0.00%) |      5       2     145      4 |   27.70        0.00
GET      [GET] /api/soporte/election/status                                             10199     0(0.00%) |      4       1     164      4 |   30.40        0.00
GET      [GET] /api/soporte/tickets                                                     20152     0(0.00%) |      7       3     204      7 |   53.60        0.00
GET      [GET] /health                                                                  30751     0(0.00%) |      4       1     208      4 |   88.50        0.00
--------|----------------------------------------------------------------------------|-------|-------------|-------|-------|-------|-------|--------|-----------
         Aggregated                                                                     71196     0(0.00%) |      5       1     208      5 |  200.20        0.00

Type     Name                                                                          # reqs      # fails |    Avg     Min     Max    Med |   req/s  failures/s
--------|----------------------------------------------------------------------------|-------|-------------|-------|-------|-------|-------|--------|-----------
GET      [GET] /actuator/health                                                         10145     0(0.00%) |      5       2     145      4 |   27.80        0.00
GET      [GET] /api/soporte/election/status                                             10256     0(0.00%) |      4       1     164      4 |   30.00        0.00
GET      [GET] /api/soporte/tickets                                                     20285     0(0.00%) |      7       3     204      7 |   51.70        0.00
GET      [GET] /health                                                                  30922     0(0.00%) |      4       1     208      4 |   87.90        0.00
--------|----------------------------------------------------------------------------|-------|-------------|-------|-------|-------|-------|--------|-----------
         Aggregated                                                                     71608     0(0.00%) |      5       1     208      5 |  197.40        0.00

Type     Name                                                                          # reqs      # fails |    Avg     Min     Max    Med |   req/s  failures/s
--------|----------------------------------------------------------------------------|-------|-------------|-------|-------|-------|-------|--------|-----------
GET      [GET] /actuator/health                                                         10203     0(0.00%) |      5       2     145      4 |   28.60        0.00
GET      [GET] /api/soporte/election/status                                             10323     0(0.00%) |      4       1     164      4 |   28.50        0.00
GET      [GET] /api/soporte/tickets                                                     20397     0(0.00%) |      7       3     204      7 |   52.80        0.00
GET      [GET] /health                                                                  31085     0(0.00%) |      4       1     208      4 |   87.70        0.00
--------|----------------------------------------------------------------------------|-------|-------------|-------|-------|-------|-------|--------|-----------
         Aggregated                                                                     72008     0(0.00%) |      5       1     208      5 |  197.60        0.00

Type     Name                                                                          # reqs      # fails |    Avg     Min     Max    Med |   req/s  failures/s
--------|----------------------------------------------------------------------------|-------|-------------|-------|-------|-------|-------|--------|-----------
GET      [GET] /actuator/health                                                         10265     0(0.00%) |      5       2     145      4 |   28.20        0.00
GET      [GET] /api/soporte/election/status                                             10379     0(0.00%) |      4       1     164      4 |   27.80        0.00
GET      [GET] /api/soporte/tickets                                                     20517     0(0.00%) |      7       3     204      7 |   54.70        0.00
GET      [GET] /health                                                                  31252     0(0.00%) |      4       1     208      4 |   87.70        0.00
--------|----------------------------------------------------------------------------|-------|-------------|-------|-------|-------|-------|--------|-----------
         Aggregated                                                                     72413     0(0.00%) |      5       1     208      5 |  198.40        0.00

Type     Name                                                                          # reqs      # fails |    Avg     Min     Max    Med |   req/s  failures/s
--------|----------------------------------------------------------------------------|-------|-------------|-------|-------|-------|-------|--------|-----------
GET      [GET] /actuator/health                                                         10333     0(0.00%) |      5       2     145      4 |   28.00        0.00
GET      [GET] /api/soporte/election/status                                             10435     0(0.00%) |      4       1     164      4 |   29.80        0.00
GET      [GET] /api/soporte/tickets                                                     20633     0(0.00%) |      7       3     204      7 |   56.60        0.00
GET      [GET] /health                                                                  31424     0(0.00%) |      4       1     208      4 |   82.80        0.00
--------|----------------------------------------------------------------------------|-------|-------------|-------|-------|-------|-------|--------|-----------
         Aggregated                                                                     72825     0(0.00%) |      5       1     208      5 |  197.20        0.00

Type     Name                                                                          # reqs      # fails |    Avg     Min     Max    Med |   req/s  failures/s
--------|----------------------------------------------------------------------------|-------|-------------|-------|-------|-------|-------|--------|-----------
GET      [GET] /actuator/health                                                         10386     0(0.00%) |      5       2     145      4 |   28.90        0.00
GET      [GET] /api/soporte/election/status                                             10483     0(0.00%) |      4       1     164      4 |   28.70        0.00
GET      [GET] /api/soporte/tickets                                                     20743     0(0.00%) |      7       3     204      7 |   57.50        0.00
GET      [GET] /health                                                                  31606     0(0.00%) |      4       1     208      4 |   84.30        0.00
--------|----------------------------------------------------------------------------|-------|-------------|-------|-------|-------|-------|--------|-----------
         Aggregated                                                                     73218     0(0.00%) |      5       1     208      5 |  199.40        0.00

Type     Name                                                                          # reqs      # fails |    Avg     Min     Max    Med |   req/s  failures/s
--------|----------------------------------------------------------------------------|-------|-------------|-------|-------|-------|-------|--------|-----------
GET      [GET] /actuator/health                                                         10438     0(0.00%) |      5       2     145      4 |   29.40        0.00
GET      [GET] /api/soporte/election/status                                             10541     0(0.00%) |      4       1     164      4 |   28.40        0.00
GET      [GET] /api/soporte/tickets                                                     20857     0(0.00%) |      7       3     204      7 |   58.60        0.00
GET      [GET] /health                                                                  31779     0(0.00%) |      4       1     208      4 |   83.60        0.00
--------|----------------------------------------------------------------------------|-------|-------------|-------|-------|-------|-------|--------|-----------
         Aggregated                                                                     73615     0(0.00%) |      5       1     208      5 |  200.00        0.00

Type     Name                                                                          # reqs      # fails |    Avg     Min     Max    Med |   req/s  failures/s
--------|----------------------------------------------------------------------------|-------|-------------|-------|-------|-------|-------|--------|-----------
GET      [GET] /actuator/health                                                         10490     0(0.00%) |      5       2     145      4 |   28.40        0.00
GET      [GET] /api/soporte/election/status                                             10602     0(0.00%) |      4       1     164      4 |   28.70        0.00
GET      [GET] /api/soporte/tickets                                                     20965     0(0.00%) |      7       3     204      7 |   57.80        0.00
GET      [GET] /health                                                                  31956     0(0.00%) |      4       1     208      4 |   85.60        0.00
--------|----------------------------------------------------------------------------|-------|-------------|-------|-------|-------|-------|--------|-----------
         Aggregated                                                                     74013     0(0.00%) |      5       1     208      5 |  200.50        0.00

Type     Name                                                                          # reqs      # fails |    Avg     Min     Max    Med |   req/s  failures/s
--------|----------------------------------------------------------------------------|-------|-------------|-------|-------|-------|-------|--------|-----------
GET      [GET] /actuator/health                                                         10553     0(0.00%) |      5       2     145      4 |   29.00        0.00
GET      [GET] /api/soporte/election/status                                             10644     0(0.00%) |      4       1     164      4 |   28.20        0.00
GET      [GET] /api/soporte/tickets                                                     21073     0(0.00%) |      7       3     204      7 |   56.20        0.00
GET      [GET] /health                                                                  32143     0(0.00%) |      4       1     208      4 |   86.00        0.00
--------|----------------------------------------------------------------------------|-------|-------------|-------|-------|-------|-------|--------|-----------
         Aggregated                                                                     74413     0(0.00%) |      5       1     208      5 |  199.40        0.00

Type     Name                                                                          # reqs      # fails |    Avg     Min     Max    Med |   req/s  failures/s
--------|----------------------------------------------------------------------------|-------|-------------|-------|-------|-------|-------|--------|-----------
GET      [GET] /actuator/health                                                         10608     0(0.00%) |      5       2     145      4 |   27.90        0.00
GET      [GET] /api/soporte/election/status                                             10698     0(0.00%) |      4       1     164      4 |   26.80        0.00
GET      [GET] /api/soporte/tickets                                                     21188     0(0.00%) |      7       3     204      7 |   56.40        0.00
GET      [GET] /health                                                                  32313     0(0.00%) |      4       1     208      4 |   87.60        0.00
--------|----------------------------------------------------------------------------|-------|-------------|-------|-------|-------|-------|--------|-----------
         Aggregated                                                                     74807     0(0.00%) |      5       1     208      5 |  198.70        0.00

Type     Name                                                                          # reqs      # fails |    Avg     Min     Max    Med |   req/s  failures/s
--------|----------------------------------------------------------------------------|-------|-------------|-------|-------|-------|-------|--------|-----------
GET      [GET] /actuator/health                                                         10663     0(0.00%) |      5       2     145      4 |   27.00        0.00
GET      [GET] /api/soporte/election/status                                             10749     0(0.00%) |      4       1     164      4 |   26.90        0.00
GET      [GET] /api/soporte/tickets                                                     21313     0(0.00%) |      7       3     204      7 |   54.80        0.00
GET      [GET] /health                                                                  32473     0(0.00%) |      4       1     208      4 |   89.50        0.00
--------|----------------------------------------------------------------------------|-------|-------------|-------|-------|-------|-------|--------|-----------
         Aggregated                                                                     75198     0(0.00%) |      5       1     208      5 |  198.20        0.00

Type     Name                                                                          # reqs      # fails |    Avg     Min     Max    Med |   req/s  failures/s
--------|----------------------------------------------------------------------------|-------|-------------|-------|-------|-------|-------|--------|-----------
GET      [GET] /actuator/health                                                         10714     0(0.00%) |      5       2     145      4 |   27.50        0.00
GET      [GET] /api/soporte/election/status                                             10807     0(0.00%) |      4       1     164      4 |   27.00        0.00
GET      [GET] /api/soporte/tickets                                                     21439     0(0.00%) |      7       3     204      7 |   57.10        0.00
GET      [GET] /health                                                                  32636     0(0.00%) |      4       1     208      4 |   87.00        0.00
--------|----------------------------------------------------------------------------|-------|-------------|-------|-------|-------|-------|--------|-----------
         Aggregated                                                                     75596     0(0.00%) |      5       1     208      5 |  198.60        0.00

Type     Name                                                                          # reqs      # fails |    Avg     Min     Max    Med |   req/s  failures/s
--------|----------------------------------------------------------------------------|-------|-------------|-------|-------|-------|-------|--------|-----------
GET      [GET] /actuator/health                                                         10768     0(0.00%) |      5       2     145      4 |   27.50        0.00
GET      [GET] /api/soporte/election/status                                             10861     0(0.00%) |      4       1     164      4 |   26.20        0.00
GET      [GET] /api/soporte/tickets                                                     21548     0(0.00%) |      7       3     204      7 |   58.50        0.00
GET      [GET] /health                                                                  32804     0(0.00%) |      4       1     208      4 |   85.40        0.00
--------|----------------------------------------------------------------------------|-------|-------------|-------|-------|-------|-------|--------|-----------
         Aggregated                                                                     75981     0(0.00%) |      5       1     208      5 |  197.60        0.00

Type     Name                                                                          # reqs      # fails |    Avg     Min     Max    Med |   req/s  failures/s
--------|----------------------------------------------------------------------------|-------|-------------|-------|-------|-------|-------|--------|-----------
GET      [GET] /actuator/health                                                         10827     0(0.00%) |      5       2     145      4 |   27.60        0.00
GET      [GET] /api/soporte/election/status                                             10925     0(0.00%) |      4       1     164      4 |   26.00        0.00
GET      [GET] /api/soporte/tickets                                                     21657     0(0.00%) |      7       3     204      7 |   58.90        0.00
GET      [GET] /health                                                                  32976     0(0.00%) |      4       1     208      4 |   85.20        0.00
--------|----------------------------------------------------------------------------|-------|-------------|-------|-------|-------|-------|--------|-----------
         Aggregated                                                                     76385     0(0.00%) |      5       1     208      5 |  197.70        0.00

Type     Name                                                                          # reqs      # fails |    Avg     Min     Max    Med |   req/s  failures/s
--------|----------------------------------------------------------------------------|-------|-------------|-------|-------|-------|-------|--------|-----------
GET      [GET] /actuator/health                                                         10878     0(0.00%) |      5       2     145      4 |   27.70        0.00
GET      [GET] /api/soporte/election/status                                             10978     0(0.00%) |      4       1     164      4 |   26.80        0.00
GET      [GET] /api/soporte/tickets                                                     21771     0(0.00%) |      7       3     204      7 |   57.50        0.00
GET      [GET] /health                                                                  33145     0(0.00%) |      4       1     208      4 |   84.30        0.00
--------|----------------------------------------------------------------------------|-------|-------------|-------|-------|-------|-------|--------|-----------
         Aggregated                                                                     76772     0(0.00%) |      5       1     208      5 |  196.30        0.00

Type     Name                                                                          # reqs      # fails |    Avg     Min     Max    Med |   req/s  failures/s
--------|----------------------------------------------------------------------------|-------|-------------|-------|-------|-------|-------|--------|-----------
GET      [GET] /actuator/health                                                         10931     0(0.00%) |      5       2     145      4 |   27.50        0.00
GET      [GET] /api/soporte/election/status                                             11027     0(0.00%) |      4       1     164      4 |   27.30        0.00
GET      [GET] /api/soporte/tickets                                                     21898     0(0.00%) |      7       3     204      7 |   58.20        0.00
GET      [GET] /health                                                                  33317     0(0.00%) |      4       1     208      4 |   82.70        0.00
--------|----------------------------------------------------------------------------|-------|-------------|-------|-------|-------|-------|--------|-----------
         Aggregated                                                                     77173     0(0.00%) |      5       1     208      5 |  195.70        0.00

Type     Name                                                                          # reqs      # fails |    Avg     Min     Max    Med |   req/s  failures/s
--------|----------------------------------------------------------------------------|-------|-------------|-------|-------|-------|-------|--------|-----------
GET      [GET] /actuator/health                                                         10980     0(0.00%) |      5       2     145      4 |   26.20        0.00
GET      [GET] /api/soporte/election/status                                             11081     0(0.00%) |      4       1     164      4 |   27.20        0.00
GET      [GET] /api/soporte/tickets                                                     22011     0(0.00%) |      7       3     204      7 |   59.10        0.00
GET      [GET] /health                                                                  33500     0(0.00%) |      4       1     208      4 |   84.00        0.00
--------|----------------------------------------------------------------------------|-------|-------------|-------|-------|-------|-------|--------|-----------
         Aggregated                                                                     77572     0(0.00%) |      5       1     208      5 |  196.50        0.00

Type     Name                                                                          # reqs      # fails |    Avg     Min     Max    Med |   req/s  failures/s
--------|----------------------------------------------------------------------------|-------|-------------|-------|-------|-------|-------|--------|-----------
GET      [GET] /actuator/health                                                         11046     0(0.00%) |      5       2     145      4 |   27.20        0.00
GET      [GET] /api/soporte/election/status                                             11134     0(0.00%) |      4       1     164      4 |   27.60        0.00
GET      [GET] /api/soporte/tickets                                                     22111     0(0.00%) |      7       3     204      7 |   56.90        0.00
GET      [GET] /health                                                                  33668     0(0.00%) |      4       1     208      4 |   85.80        0.00
--------|----------------------------------------------------------------------------|-------|-------------|-------|-------|-------|-------|--------|-----------
         Aggregated                                                                     77959     0(0.00%) |      5       1     208      5 |  197.50        0.00

Type     Name                                                                          # reqs      # fails |    Avg     Min     Max    Med |   req/s  failures/s
--------|----------------------------------------------------------------------------|-------|-------------|-------|-------|-------|-------|--------|-----------
GET      [GET] /actuator/health                                                         11107     0(0.00%) |      5       2     145      4 |   27.00        0.00
GET      [GET] /api/soporte/election/status                                             11183     0(0.00%) |      4       1     164      4 |   27.40        0.00
GET      [GET] /api/soporte/tickets                                                     22238     0(0.00%) |      7       3     204      7 |   56.50        0.00
GET      [GET] /health                                                                  33833     0(0.00%) |      4       1     208      4 |   86.00        0.00
--------|----------------------------------------------------------------------------|-------|-------------|-------|-------|-------|-------|--------|-----------
         Aggregated                                                                     78361     0(0.00%) |      5       1     208      5 |  196.90        0.00

Type     Name                                                                          # reqs      # fails |    Avg     Min     Max    Med |   req/s  failures/s
--------|----------------------------------------------------------------------------|-------|-------------|-------|-------|-------|-------|--------|-----------
GET      [GET] /actuator/health                                                         11164     0(0.00%) |      5       2     145      4 |   28.90        0.00
GET      [GET] /api/soporte/election/status                                             11229     0(0.00%) |      4       1     164      4 |   26.20        0.00
GET      [GET] /api/soporte/tickets                                                     22359     0(0.00%) |      7       3     204      7 |   57.10        0.00
GET      [GET] /health                                                                  34013     0(0.00%) |      4       1     208      4 |   85.80        0.00
--------|----------------------------------------------------------------------------|-------|-------------|-------|-------|-------|-------|--------|-----------
         Aggregated                                                                     78765     0(0.00%) |      5       1     208      5 |  198.00        0.00

Type     Name                                                                          # reqs      # fails |    Avg     Min     Max    Med |   req/s  failures/s
--------|----------------------------------------------------------------------------|-------|-------------|-------|-------|-------|-------|--------|-----------
GET      [GET] /actuator/health                                                         11227     0(0.00%) |      5       2     145      4 |   28.00        0.00
GET      [GET] /api/soporte/election/status                                             11287     0(0.00%) |      4       1     164      4 |   25.90        0.00
GET      [GET] /api/soporte/tickets                                                     22459     0(0.00%) |      7       3     204      7 |   58.40        0.00
GET      [GET] /health                                                                  34195     0(0.00%) |      4       1     208      4 |   85.50        0.00
--------|----------------------------------------------------------------------------|-------|-------------|-------|-------|-------|-------|--------|-----------
         Aggregated                                                                     79168     0(0.00%) |      5       1     208      5 |  197.80        0.00

Type     Name                                                                          # reqs      # fails |    Avg     Min     Max    Med |   req/s  failures/s
--------|----------------------------------------------------------------------------|-------|-------------|-------|-------|-------|-------|--------|-----------
GET      [GET] /actuator/health                                                         11280     0(0.00%) |      5       2     145      4 |   29.50        0.00
GET      [GET] /api/soporte/election/status                                             11347     0(0.00%) |      4       1     164      4 |   26.00        0.00
GET      [GET] /api/soporte/tickets                                                     22555     0(0.00%) |      7       3     204      7 |   55.50        0.00
GET      [GET] /health                                                                  34371     0(0.00%) |      4       1     208      4 |   87.00        0.00
--------|----------------------------------------------------------------------------|-------|-------------|-------|-------|-------|-------|--------|-----------
         Aggregated                                                                     79553     0(0.00%) |      5       1     208      5 |  198.00        0.00

Type     Name                                                                          # reqs      # fails |    Avg     Min     Max    Med |   req/s  failures/s
--------|----------------------------------------------------------------------------|-------|-------------|-------|-------|-------|-------|--------|-----------
GET      [GET] /actuator/health                                                         11337     0(0.00%) |      5       2     145      4 |   29.50        0.00
GET      [GET] /api/soporte/election/status                                             11403     0(0.00%) |      4       1     164      4 |   26.10        0.00
GET      [GET] /api/soporte/tickets                                                     22681     0(0.00%) |      7       3     204      7 |   55.00        0.00
GET      [GET] /health                                                                  34533     0(0.00%) |      4       1     208      4 |   88.20        0.00
--------|----------------------------------------------------------------------------|-------|-------------|-------|-------|-------|-------|--------|-----------
         Aggregated                                                                     79954     0(0.00%) |      5       1     208      5 |  198.80        0.00

Type     Name                                                                          # reqs      # fails |    Avg     Min     Max    Med |   req/s  failures/s
--------|----------------------------------------------------------------------------|-------|-------------|-------|-------|-------|-------|--------|-----------
GET      [GET] /actuator/health                                                         11386     0(0.00%) |      5       2     145      4 |   29.20        0.00
GET      [GET] /api/soporte/election/status                                             11455     0(0.00%) |      4       1     164      4 |   26.50        0.00
GET      [GET] /api/soporte/tickets                                                     22805     0(0.00%) |      7       3     204      7 |   55.90        0.00
GET      [GET] /health                                                                  34709     0(0.00%) |      4       1     208      4 |   86.80        0.00
--------|----------------------------------------------------------------------------|-------|-------------|-------|-------|-------|-------|--------|-----------
         Aggregated                                                                     80355     0(0.00%) |      5       1     208      5 |  198.40        0.00

Type     Name                                                                          # reqs      # fails |    Avg     Min     Max    Med |   req/s  failures/s
--------|----------------------------------------------------------------------------|-------|-------------|-------|-------|-------|-------|--------|-----------
GET      [GET] /actuator/health                                                         11438     0(0.00%) |      5       2     145      5 |   27.70        0.00
GET      [GET] /api/soporte/election/status                                             11512     0(0.00%) |      4       1     164      4 |   27.30        0.00
GET      [GET] /api/soporte/tickets                                                     22909     0(0.00%) |      7       3     204      7 |   57.80        0.00
GET      [GET] /health                                                                  34889     0(0.00%) |      4       1     208      4 |   86.50        0.00
--------|----------------------------------------------------------------------------|-------|-------------|-------|-------|-------|-------|--------|-----------
         Aggregated                                                                     80748     0(0.00%) |      5       1     208      5 |  199.30        0.00

Type     Name                                                                          # reqs      # fails |    Avg     Min     Max    Med |   req/s  failures/s
--------|----------------------------------------------------------------------------|-------|-------------|-------|-------|-------|-------|--------|-----------
GET      [GET] /actuator/health                                                         11499     0(0.00%) |      5       2     145      5 |   27.80        0.00
GET      [GET] /api/soporte/election/status                                             11566     0(0.00%) |      4       1     164      4 |   27.60        0.00
GET      [GET] /api/soporte/tickets                                                     23030     0(0.00%) |      7       3     204      7 |   57.00        0.00
GET      [GET] /health                                                                  35051     0(0.00%) |      4       1     208      4 |   87.40        0.00
--------|----------------------------------------------------------------------------|-------|-------------|-------|-------|-------|-------|--------|-----------
         Aggregated                                                                     81146     0(0.00%) |      5       1     208      5 |  199.80        0.00

Type     Name                                                                          # reqs      # fails |    Avg     Min     Max    Med |   req/s  failures/s
--------|----------------------------------------------------------------------------|-------|-------------|-------|-------|-------|-------|--------|-----------
GET      [GET] /actuator/health                                                         11562     0(0.00%) |      5       2     145      5 |   27.10        0.00
GET      [GET] /api/soporte/election/status                                             11607     0(0.00%) |      4       1     164      4 |   27.80        0.00
GET      [GET] /api/soporte/tickets                                                     23141     0(0.00%) |      7       3     204      7 |   57.10        0.00
GET      [GET] /health                                                                  35230     0(0.00%) |      4       1     208      4 |   86.00        0.00
--------|----------------------------------------------------------------------------|-------|-------------|-------|-------|-------|-------|--------|-----------
         Aggregated                                                                     81540     0(0.00%) |      5       1     208      5 |  198.00        0.00

Type     Name                                                                          # reqs      # fails |    Avg     Min     Max    Med |   req/s  failures/s
--------|----------------------------------------------------------------------------|-------|-------------|-------|-------|-------|-------|--------|-----------
GET      [GET] /actuator/health                                                         11618     0(0.00%) |      5       2     145      5 |   27.20        0.00
GET      [GET] /api/soporte/election/status                                             11661     0(0.00%) |      4       1     164      4 |   26.30        0.00
GET      [GET] /api/soporte/tickets                                                     23265     0(0.00%) |      7       3     204      7 |   58.10        0.00
GET      [GET] /health                                                                  35383     0(0.00%) |      4       1     208      4 |   84.70        0.00
--------|----------------------------------------------------------------------------|-------|-------------|-------|-------|-------|-------|--------|-----------
         Aggregated                                                                     81927     0(0.00%) |      5       1     208      5 |  196.30        0.00

Type     Name                                                                          # reqs      # fails |    Avg     Min     Max    Med |   req/s  failures/s
--------|----------------------------------------------------------------------------|-------|-------------|-------|-------|-------|-------|--------|-----------
GET      [GET] /actuator/health                                                         11676     0(0.00%) |      5       2     145      5 |   28.80        0.00
GET      [GET] /api/soporte/election/status                                             11730     0(0.00%) |      4       1     164      4 |   25.60        0.00
GET      [GET] /api/soporte/tickets                                                     23375     0(0.00%) |      7       3     204      7 |   58.90        0.00
GET      [GET] /health                                                                  35540     0(0.00%) |      4       1     208      4 |   83.20        0.00
--------|----------------------------------------------------------------------------|-------|-------------|-------|-------|-------|-------|--------|-----------
         Aggregated                                                                     82321     0(0.00%) |      5       1     208      5 |  196.50        0.00

Type     Name                                                                          # reqs      # fails |    Avg     Min     Max    Med |   req/s  failures/s
--------|----------------------------------------------------------------------------|-------|-------------|-------|-------|-------|-------|--------|-----------
GET      [GET] /actuator/health                                                         11742     0(0.00%) |      5       2     145      5 |   28.70        0.00
GET      [GET] /api/soporte/election/status                                             11783     0(0.00%) |      4       1     164      4 |   26.90        0.00
GET      [GET] /api/soporte/tickets                                                     23492     0(0.00%) |      7       3     204      7 |   56.20        0.00
GET      [GET] /health                                                                  35703     0(0.00%) |      4       1     208      4 |   85.10        0.00
--------|----------------------------------------------------------------------------|-------|-------------|-------|-------|-------|-------|--------|-----------
         Aggregated                                                                     82720     0(0.00%) |      5       1     208      5 |  196.90        0.00

Type     Name                                                                          # reqs      # fails |    Avg     Min     Max    Med |   req/s  failures/s
--------|----------------------------------------------------------------------------|-------|-------------|-------|-------|-------|-------|--------|-----------
GET      [GET] /actuator/health                                                         11803     0(0.00%) |      5       2     145      5 |   30.40        0.00
GET      [GET] /api/soporte/election/status                                             11849     0(0.00%) |      4       1     164      4 |   27.30        0.00
GET      [GET] /api/soporte/tickets                                                     23611     0(0.00%) |      7       3     204      7 |   56.70        0.00
GET      [GET] /health                                                                  35860     0(0.00%) |      4       1     208      4 |   83.00        0.00
--------|----------------------------------------------------------------------------|-------|-------------|-------|-------|-------|-------|--------|-----------
         Aggregated                                                                     83123     0(0.00%) |      5       1     208      5 |  197.40        0.00

Type     Name                                                                          # reqs      # fails |    Avg     Min     Max    Med |   req/s  failures/s
--------|----------------------------------------------------------------------------|-------|-------------|-------|-------|-------|-------|--------|-----------
GET      [GET] /actuator/health                                                         11853     0(0.00%) |      5       2     145      5 |   30.80        0.00
GET      [GET] /api/soporte/election/status                                             11905     0(0.00%) |      4       1     164      4 |   27.30        0.00
GET      [GET] /api/soporte/tickets                                                     23723     0(0.00%) |      7       3     204      7 |   58.30        0.00
GET      [GET] /health                                                                  36031     0(0.00%) |      4       1     208      4 |   81.10        0.00
--------|----------------------------------------------------------------------------|-------|-------------|-------|-------|-------|-------|--------|-----------
         Aggregated                                                                     83512     0(0.00%) |      5       1     208      5 |  197.50        0.00

Type     Name                                                                          # reqs      # fails |    Avg     Min     Max    Med |   req/s  failures/s
--------|----------------------------------------------------------------------------|-------|-------------|-------|-------|-------|-------|--------|-----------
GET      [GET] /actuator/health                                                         11913     0(0.00%) |      5       2     145      5 |   29.50        0.00
GET      [GET] /api/soporte/election/status                                             11951     0(0.00%) |      4       1     164      4 |   29.30        0.00
GET      [GET] /api/soporte/tickets                                                     23833     0(0.00%) |      7       3     204      7 |   58.20        0.00
GET      [GET] /health                                                                  36220     0(0.00%) |      4       1     208      4 |   79.40        0.00
--------|----------------------------------------------------------------------------|-------|-------------|-------|-------|-------|-------|--------|-----------
         Aggregated                                                                     83917     0(0.00%) |      5       1     208      5 |  196.40        0.00

Type     Name                                                                          # reqs      # fails |    Avg     Min     Max    Med |   req/s  failures/s
--------|----------------------------------------------------------------------------|-------|-------------|-------|-------|-------|-------|--------|-----------
GET      [GET] /actuator/health                                                         11974     0(0.00%) |      5       2     145      5 |   27.70        0.00
GET      [GET] /api/soporte/election/status                                             12011     0(0.00%) |      4       1     164      4 |   30.00        0.00
GET      [GET] /api/soporte/tickets                                                     23942     0(0.00%) |      7       3     204      7 |   56.80        0.00
GET      [GET] /health                                                                  36401     0(0.00%) |      4       1     208      4 |   84.20        0.00
--------|----------------------------------------------------------------------------|-------|-------------|-------|-------|-------|-------|--------|-----------
         Aggregated                                                                     84328     0(0.00%) |      5       1     208      5 |  198.70        0.00

Type     Name                                                                          # reqs      # fails |    Avg     Min     Max    Med |   req/s  failures/s
--------|----------------------------------------------------------------------------|-------|-------------|-------|-------|-------|-------|--------|-----------
GET      [GET] /actuator/health                                                         12030     0(0.00%) |      5       2     145      5 |   29.40        0.00
GET      [GET] /api/soporte/election/status                                             12068     0(0.00%) |      4       1     164      4 |   28.10        0.00
GET      [GET] /api/soporte/tickets                                                     24055     0(0.00%) |      7       3     204      7 |   57.80        0.00
GET      [GET] /health                                                                  36571     0(0.00%) |      4       1     208      4 |   84.00        0.00
--------|----------------------------------------------------------------------------|-------|-------------|-------|-------|-------|-------|--------|-----------
         Aggregated                                                                     84724     0(0.00%) |      5       1     208      5 |  199.30        0.00

Type     Name                                                                          # reqs      # fails |    Avg     Min     Max    Med |   req/s  failures/s
--------|----------------------------------------------------------------------------|-------|-------------|-------|-------|-------|-------|--------|-----------
GET      [GET] /actuator/health                                                         12073     0(0.00%) |      5       2     145      5 |   28.40        0.00
GET      [GET] /api/soporte/election/status                                             12129     0(0.00%) |      4       1     164      4 |   28.00        0.00
GET      [GET] /api/soporte/tickets                                                     24180     0(0.00%) |      7       3     204      7 |   56.20        0.00
GET      [GET] /health                                                                  36745     0(0.00%) |      4       1     208      4 |   86.20        0.00
--------|----------------------------------------------------------------------------|-------|-------------|-------|-------|-------|-------|--------|-----------
         Aggregated                                                                     85127     0(0.00%) |      5       1     208      5 |  198.80        0.00

Type     Name                                                                          # reqs      # fails |    Avg     Min     Max    Med |   req/s  failures/s
--------|----------------------------------------------------------------------------|-------|-------------|-------|-------|-------|-------|--------|-----------
GET      [GET] /actuator/health                                                         12135     0(0.00%) |      5       2     145      5 |   27.50        0.00
GET      [GET] /api/soporte/election/status                                             12186     0(0.00%) |      4       1     164      4 |   28.40        0.00
GET      [GET] /api/soporte/tickets                                                     24277     0(0.00%) |      7       3     204      7 |   55.80        0.00
GET      [GET] /health                                                                  36916     0(0.00%) |      4       1     208      4 |   88.80        0.00
--------|----------------------------------------------------------------------------|-------|-------------|-------|-------|-------|-------|--------|-----------
         Aggregated                                                                     85514     0(0.00%) |      5       1     208      5 |  200.50        0.00

Type     Name                                                                          # reqs      # fails |    Avg     Min     Max    Med |   req/s  failures/s
--------|----------------------------------------------------------------------------|-------|-------------|-------|-------|-------|-------|--------|-----------
GET      [GET] /actuator/health                                                         12191     0(0.00%) |      5       2     145      5 |   28.40        0.00
GET      [GET] /api/soporte/election/status                                             12241     0(0.00%) |      4       1     164      4 |   28.40        0.00
GET      [GET] /api/soporte/tickets                                                     24374     0(0.00%) |      7       3     204      7 |   55.70        0.00
GET      [GET] /health                                                                  37085     0(0.00%) |      4       1     208      4 |   88.60        0.00
--------|----------------------------------------------------------------------------|-------|-------------|-------|-------|-------|-------|--------|-----------
         Aggregated                                                                     85891     0(0.00%) |      5       1     208      5 |  201.10        0.00

Type     Name                                                                          # reqs      # fails |    Avg     Min     Max    Med |   req/s  failures/s
--------|----------------------------------------------------------------------------|-------|-------------|-------|-------|-------|-------|--------|-----------
GET      [GET] /actuator/health                                                         12256     0(0.00%) |      5       2     145      5 |   28.40        0.00
GET      [GET] /api/soporte/election/status                                             12294     0(0.00%) |      4       1     164      4 |   28.40        0.00
GET      [GET] /api/soporte/tickets                                                     24488     0(0.00%) |      7       3     204      7 |   54.10        0.00
GET      [GET] /health                                                                  37252     0(0.00%) |      4       1     208      4 |   85.90        0.00
--------|----------------------------------------------------------------------------|-------|-------------|-------|-------|-------|-------|--------|-----------
         Aggregated                                                                     86290     0(0.00%) |      5       1     208      5 |  196.80        0.00

Type     Name                                                                          # reqs      # fails |    Avg     Min     Max    Med |   req/s  failures/s
--------|----------------------------------------------------------------------------|-------|-------------|-------|-------|-------|-------|--------|-----------
GET      [GET] /actuator/health                                                         12310     0(0.00%) |      5       2     145      4 |   28.30        0.00
GET      [GET] /api/soporte/election/status                                             12351     0(0.00%) |      4       1     164      4 |   29.20        0.00
GET      [GET] /api/soporte/tickets                                                     24621     0(0.00%) |      7       3     204      7 |   54.00        0.00
GET      [GET] /health                                                                  37407     0(0.00%) |      4       1     208      4 |   85.50        0.00
--------|----------------------------------------------------------------------------|-------|-------------|-------|-------|-------|-------|--------|-----------
         Aggregated                                                                     86689     0(0.00%) |      5       1     208      5 |  197.00        0.00

Type     Name                                                                          # reqs      # fails |    Avg     Min     Max    Med |   req/s  failures/s
--------|----------------------------------------------------------------------------|-------|-------------|-------|-------|-------|-------|--------|-----------
GET      [GET] /actuator/health                                                         12369     0(0.00%) |      5       2     145      4 |   28.50        0.00
GET      [GET] /api/soporte/election/status                                             12403     0(0.00%) |      4       1     164      4 |   27.90        0.00
GET      [GET] /api/soporte/tickets                                                     24732     0(0.00%) |      7       3     204      7 |   55.50        0.00
GET      [GET] /health                                                                  37591     0(0.00%) |      4       1     208      4 |   83.60        0.00
--------|----------------------------------------------------------------------------|-------|-------------|-------|-------|-------|-------|--------|-----------
         Aggregated                                                                     87095     0(0.00%) |      5       1     208      5 |  195.50        0.00

Type     Name                                                                          # reqs      # fails |    Avg     Min     Max    Med |   req/s  failures/s
--------|----------------------------------------------------------------------------|-------|-------------|-------|-------|-------|-------|--------|-----------
GET      [GET] /actuator/health                                                         12429     0(0.00%) |      5       2     145      4 |   28.50        0.00
GET      [GET] /api/soporte/election/status                                             12450     0(0.00%) |      4       1     164      4 |   28.00        0.00
GET      [GET] /api/soporte/tickets                                                     24852     0(0.00%) |      7       3     204      7 |   56.40        0.00
GET      [GET] /health                                                                  37764     0(0.00%) |      4       1     208      4 |   82.70        0.00
--------|----------------------------------------------------------------------------|-------|-------------|-------|-------|-------|-------|--------|-----------
         Aggregated                                                                     87495     0(0.00%) |      5       1     208      5 |  195.60        0.00

Type     Name                                                                          # reqs      # fails |    Avg     Min     Max    Med |   req/s  failures/s
--------|----------------------------------------------------------------------------|-------|-------------|-------|-------|-------|-------|--------|-----------
GET      [GET] /actuator/health                                                         12496     0(0.00%) |      5       2     145      5 |   28.70        0.00
GET      [GET] /api/soporte/election/status                                             12494     0(0.00%) |      4       1     164      4 |   27.10        0.00
GET      [GET] /api/soporte/tickets                                                     24962     0(0.00%) |      7       3     204      7 |   55.80        0.00
GET      [GET] /health                                                                  37931     0(0.00%) |      4       1     208      4 |   83.80        0.00
--------|----------------------------------------------------------------------------|-------|-------------|-------|-------|-------|-------|--------|-----------
         Aggregated                                                                     87883     0(0.00%) |      5       1     208      5 |  195.40        0.00

Type     Name                                                                          # reqs      # fails |    Avg     Min     Max    Med |   req/s  failures/s
--------|----------------------------------------------------------------------------|-------|-------------|-------|-------|-------|-------|--------|-----------
GET      [GET] /actuator/health                                                         12564     0(0.00%) |      5       2     145      4 |   30.20        0.00
GET      [GET] /api/soporte/election/status                                             12537     0(0.00%) |      4       1     164      4 |   25.00        0.00
GET      [GET] /api/soporte/tickets                                                     25074     0(0.00%) |      7       3     204      7 |   58.60        0.00
GET      [GET] /health                                                                  38110     0(0.00%) |      4       1     208      4 |   84.50        0.00
--------|----------------------------------------------------------------------------|-------|-------------|-------|-------|-------|-------|--------|-----------
         Aggregated                                                                     88285     0(0.00%) |      5       1     208      5 |  198.30        0.00

Type     Name                                                                          # reqs      # fails |    Avg     Min     Max    Med |   req/s  failures/s
--------|----------------------------------------------------------------------------|-------|-------------|-------|-------|-------|-------|--------|-----------
GET      [GET] /actuator/health                                                         12614     0(0.00%) |      5       2     145      4 |   31.30        0.00
GET      [GET] /api/soporte/election/status                                             12594     0(0.00%) |      4       1     164      4 |   24.20        0.00
GET      [GET] /api/soporte/tickets                                                     25212     0(0.00%) |      7       3     204      7 |   58.30        0.00
GET      [GET] /health                                                                  38272     0(0.00%) |      4       1     208      4 |   84.70        0.00
--------|----------------------------------------------------------------------------|-------|-------------|-------|-------|-------|-------|--------|-----------
         Aggregated                                                                     88692     0(0.00%) |      5       1     208      5 |  198.50        0.00

Type     Name                                                                          # reqs      # fails |    Avg     Min     Max    Med |   req/s  failures/s
--------|----------------------------------------------------------------------------|-------|-------------|-------|-------|-------|-------|--------|-----------
GET      [GET] /actuator/health                                                         12675     0(0.00%) |      5       2     145      5 |   30.40        0.00
GET      [GET] /api/soporte/election/status                                             12641     0(0.00%) |      4       1     164      4 |   24.60        0.00
GET      [GET] /api/soporte/tickets                                                     25330     0(0.00%) |      7       3     204      7 |   59.40        0.00
GET      [GET] /health                                                                  38440     0(0.00%) |      4       1     208      4 |   85.30        0.00
--------|----------------------------------------------------------------------------|-------|-------------|-------|-------|-------|-------|--------|-----------
         Aggregated                                                                     89086     0(0.00%) |      5       1     208      5 |  199.70        0.00

Type     Name                                                                          # reqs      # fails |    Avg     Min     Max    Med |   req/s  failures/s
--------|----------------------------------------------------------------------------|-------|-------------|-------|-------|-------|-------|--------|-----------
GET      [GET] /actuator/health                                                         12728     0(0.00%) |      5       2     145      5 |   30.10        0.00
GET      [GET] /api/soporte/election/status                                             12695     0(0.00%) |      4       1     164      4 |   24.00        0.00
GET      [GET] /api/soporte/tickets                                                     25433     0(0.00%) |      7       3     204      7 |   58.40        0.00
GET      [GET] /health                                                                  38624     0(0.00%) |      4       1     208      4 |   85.60        0.00
--------|----------------------------------------------------------------------------|-------|-------------|-------|-------|-------|-------|--------|-----------
         Aggregated                                                                     89480     0(0.00%) |      5       1     208      5 |  198.10        0.00

Type     Name                                                                          # reqs      # fails |    Avg     Min     Max    Med |   req/s  failures/s
--------|----------------------------------------------------------------------------|-------|-------------|-------|-------|-------|-------|--------|-----------
GET      [GET] /actuator/health                                                         12781     0(0.00%) |      5       2     145      5 |   30.00        0.00
GET      [GET] /api/soporte/election/status                                             12747     0(0.00%) |      4       1     164      4 |   24.10        0.00
GET      [GET] /api/soporte/tickets                                                     25552     0(0.00%) |      7       3     204      7 |   58.70        0.00
GET      [GET] /health                                                                  38789     0(0.00%) |      4       1     208      4 |   86.40        0.00
--------|----------------------------------------------------------------------------|-------|-------------|-------|-------|-------|-------|--------|-----------
         Aggregated                                                                     89869     0(0.00%) |      5       1     208      5 |  199.20        0.00

Type     Name                                                                          # reqs      # fails |    Avg     Min     Max    Med |   req/s  failures/s
--------|----------------------------------------------------------------------------|-------|-------------|-------|-------|-------|-------|--------|-----------
GET      [GET] /actuator/health                                                         12839     0(0.00%) |      5       2     145      5 |   28.50        0.00
GET      [GET] /api/soporte/election/status                                             12791     0(0.00%) |      4       1     164      4 |   25.80        0.00
GET      [GET] /api/soporte/tickets                                                     25671     0(0.00%) |      7       3     204      7 |   58.10        0.00
GET      [GET] /health                                                                  38965     0(0.00%) |      4       1     208      4 |   86.60        0.00
--------|----------------------------------------------------------------------------|-------|-------------|-------|-------|-------|-------|--------|-----------
         Aggregated                                                                     90266     0(0.00%) |      5       1     208      5 |  199.00        0.00

Type     Name                                                                          # reqs      # fails |    Avg     Min     Max    Med |   req/s  failures/s
--------|----------------------------------------------------------------------------|-------|-------------|-------|-------|-------|-------|--------|-----------
GET      [GET] /actuator/health                                                         12898     0(0.00%) |      5       2     145      5 |   26.60        0.00
GET      [GET] /api/soporte/election/status                                             12849     0(0.00%) |      4       1     164      4 |   25.20        0.00
GET      [GET] /api/soporte/tickets                                                     25781     0(0.00%) |      7       3     204      7 |   59.00        0.00
GET      [GET] /health                                                                  39137     0(0.00%) |      4       1     208      4 |   86.60        0.00
--------|----------------------------------------------------------------------------|-------|-------------|-------|-------|-------|-------|--------|-----------
         Aggregated                                                                     90665     0(0.00%) |      5       1     208      5 |  197.40        0.00

Type     Name                                                                          # reqs      # fails |    Avg     Min     Max    Med |   req/s  failures/s
--------|----------------------------------------------------------------------------|-------|-------------|-------|-------|-------|-------|--------|-----------
GET      [GET] /actuator/health                                                         12956     0(0.00%) |      5       2     145      5 |   28.00        0.00
GET      [GET] /api/soporte/election/status                                             12904     0(0.00%) |      4       1     164      4 |   25.60        0.00
GET      [GET] /api/soporte/tickets                                                     25904     0(0.00%) |      7       3     204      7 |   57.20        0.00
GET      [GET] /health                                                                  39311     0(0.00%) |      4       1     208      4 |   87.20        0.00
--------|----------------------------------------------------------------------------|-------|-------------|-------|-------|-------|-------|--------|-----------
         Aggregated                                                                     91075     0(0.00%) |      5       1     208      5 |  198.00        0.00

Type     Name                                                                          # reqs      # fails |    Avg     Min     Max    Med |   req/s  failures/s
--------|----------------------------------------------------------------------------|-------|-------------|-------|-------|-------|-------|--------|-----------
GET      [GET] /actuator/health                                                         13000     0(0.00%) |      5       2     145      5 |   28.10        0.00
GET      [GET] /api/soporte/election/status                                             12957     0(0.00%) |      4       1     164      4 |   25.80        0.00
GET      [GET] /api/soporte/tickets                                                     26028     0(0.00%) |      7       3     204      7 |   57.60        0.00
GET      [GET] /health                                                                  39482     0(0.00%) |      4       1     208      4 |   86.70        0.00
--------|----------------------------------------------------------------------------|-------|-------------|-------|-------|-------|-------|--------|-----------
         Aggregated                                                                     91467     0(0.00%) |      5       1     208      5 |  198.20        0.00

Type     Name                                                                          # reqs      # fails |    Avg     Min     Max    Med |   req/s  failures/s
--------|----------------------------------------------------------------------------|-------|-------------|-------|-------|-------|-------|--------|-----------
GET      [GET] /actuator/health                                                         13070     0(0.00%) |      5       2     145      5 |   27.50        0.00
GET      [GET] /api/soporte/election/status                                             13013     0(0.00%) |      4       1     164      4 |   26.10        0.00
GET      [GET] /api/soporte/tickets                                                     26128     0(0.00%) |      7       3     204      7 |   58.60        0.00
GET      [GET] /health                                                                  39649     0(0.00%) |      4       1     208      4 |   86.60        0.00
--------|----------------------------------------------------------------------------|-------|-------------|-------|-------|-------|-------|--------|-----------
         Aggregated                                                                     91860     0(0.00%) |      5       1     208      5 |  198.80        0.00

Type     Name                                                                          # reqs      # fails |    Avg     Min     Max    Med |   req/s  failures/s
--------|----------------------------------------------------------------------------|-------|-------------|-------|-------|-------|-------|--------|-----------
GET      [GET] /actuator/health                                                         13130     0(0.00%) |      5       2     145      5 |   28.90        0.00
GET      [GET] /api/soporte/election/status                                             13068     0(0.00%) |      4       1     164      4 |   25.30        0.00
GET      [GET] /api/soporte/tickets                                                     26243     0(0.00%) |      7       3     204      7 |   58.20        0.00
GET      [GET] /health                                                                  39818     0(0.00%) |      4       1     208      4 |   86.10        0.00
--------|----------------------------------------------------------------------------|-------|-------------|-------|-------|-------|-------|--------|-----------
         Aggregated                                                                     92259     0(0.00%) |      5       1     208      5 |  198.50        0.00

Type     Name                                                                          # reqs      # fails |    Avg     Min     Max    Med |   req/s  failures/s
--------|----------------------------------------------------------------------------|-------|-------------|-------|-------|-------|-------|--------|-----------
GET      [GET] /actuator/health                                                         13189     0(0.00%) |      5       2     145      5 |   29.40        0.00
GET      [GET] /api/soporte/election/status                                             13127     0(0.00%) |      4       1     164      4 |   26.70        0.00
GET      [GET] /api/soporte/tickets                                                     26352     0(0.00%) |      7       3     204      7 |   57.80        0.00
GET      [GET] /health                                                                  39981     0(0.00%) |      4       1     208      4 |   84.40        0.00
--------|----------------------------------------------------------------------------|-------|-------------|-------|-------|-------|-------|--------|-----------
         Aggregated                                                                     92649     0(0.00%) |      5       1     208      5 |  198.30        0.00

Type     Name                                                                          # reqs      # fails |    Avg     Min     Max    Med |   req/s  failures/s
--------|----------------------------------------------------------------------------|-------|-------------|-------|-------|-------|-------|--------|-----------
GET      [GET] /actuator/health                                                         13244     0(0.00%) |      5       2     145      5 |   29.40        0.00
GET      [GET] /api/soporte/election/status                                             13202     0(0.00%) |      4       1     164      4 |   28.10        0.00
GET      [GET] /api/soporte/tickets                                                     26463     0(0.00%) |      7       3     204      7 |   57.70        0.00
GET      [GET] /health                                                                  40146     0(0.00%) |      4       1     208      4 |   83.50        0.00
--------|----------------------------------------------------------------------------|-------|-------------|-------|-------|-------|-------|--------|-----------
         Aggregated                                                                     93055     0(0.00%) |      5       1     208      5 |  198.70        0.00

Type     Name                                                                          # reqs      # fails |    Avg     Min     Max    Med |   req/s  failures/s
--------|----------------------------------------------------------------------------|-------|-------------|-------|-------|-------|-------|--------|-----------
GET      [GET] /actuator/health                                                         13299     0(0.00%) |      5       2     145      5 |   29.60        0.00
GET      [GET] /api/soporte/election/status                                             13255     0(0.00%) |      4       1     164      4 |   28.90        0.00
GET      [GET] /api/soporte/tickets                                                     26586     0(0.00%) |      7       3     204      7 |   56.10        0.00
GET      [GET] /health                                                                  40317     0(0.00%) |      4       1     208      4 |   84.00        0.00
--------|----------------------------------------------------------------------------|-------|-------------|-------|-------|-------|-------|--------|-----------
         Aggregated                                                                     93457     0(0.00%) |      5       1     208      5 |  198.60        0.00

Type     Name                                                                          # reqs      # fails |    Avg     Min     Max    Med |   req/s  failures/s
--------|----------------------------------------------------------------------------|-------|-------------|-------|-------|-------|-------|--------|-----------
GET      [GET] /actuator/health                                                         13369     0(0.00%) |      5       2     145      5 |   29.90        0.00
GET      [GET] /api/soporte/election/status                                             13302     0(0.00%) |      4       1     164      4 |   29.10        0.00
GET      [GET] /api/soporte/tickets                                                     26684     0(0.00%) |      7       3     204      7 |   56.60        0.00
GET      [GET] /health                                                                  40496     0(0.00%) |      4       1     208      4 |   81.90        0.00
--------|----------------------------------------------------------------------------|-------|-------------|-------|-------|-------|-------|--------|-----------
         Aggregated                                                                     93851     0(0.00%) |      5       1     208      5 |  197.50        0.00

Type     Name                                                                          # reqs      # fails |    Avg     Min     Max    Med |   req/s  failures/s
--------|----------------------------------------------------------------------------|-------|-------------|-------|-------|-------|-------|--------|-----------
GET      [GET] /actuator/health                                                         13429     0(0.00%) |      5       2     145      5 |   30.00        0.00
GET      [GET] /api/soporte/election/status                                             13361     0(0.00%) |      4       1     164      4 |   30.00        0.00
GET      [GET] /api/soporte/tickets                                                     26781     0(0.00%) |      7       3     204      7 |   55.50        0.00
GET      [GET] /health                                                                  40678     0(0.00%) |      4       1     208      4 |   82.30        0.00
--------|----------------------------------------------------------------------------|-------|-------------|-------|-------|-------|-------|--------|-----------
         Aggregated                                                                     94249     0(0.00%) |      5       1     208      5 |  197.80        0.00

Type     Name                                                                          # reqs      # fails |    Avg     Min     Max    Med |   req/s  failures/s
--------|----------------------------------------------------------------------------|-------|-------------|-------|-------|-------|-------|--------|-----------
GET      [GET] /actuator/health                                                         13486     0(0.00%) |      5       2     145      5 |   30.00        0.00
GET      [GET] /api/soporte/election/status                                             13411     0(0.00%) |      4       1     164      4 |   28.80        0.00
GET      [GET] /api/soporte/tickets                                                     26887     0(0.00%) |      7       3     204      7 |   55.00        0.00
GET      [GET] /health                                                                  40853     0(0.00%) |      4       1     208      4 |   85.10        0.00
--------|----------------------------------------------------------------------------|-------|-------------|-------|-------|-------|-------|--------|-----------
         Aggregated                                                                     94637     0(0.00%) |      5       1     208      5 |  198.90        0.00

Type     Name                                                                          # reqs      # fails |    Avg     Min     Max    Med |   req/s  failures/s
--------|----------------------------------------------------------------------------|-------|-------------|-------|-------|-------|-------|--------|-----------
GET      [GET] /actuator/health                                                         13546     0(0.00%) |      5       2     145      5 |   28.90        0.00
GET      [GET] /api/soporte/election/status                                             13456     0(0.00%) |      4       1     164      4 |   28.50        0.00
GET      [GET] /api/soporte/tickets                                                     27014     0(0.00%) |      7       3     204      7 |   53.30        0.00
GET      [GET] /health                                                                  41024     0(0.00%) |      4       1     208      4 |   86.40        0.00
--------|----------------------------------------------------------------------------|-------|-------------|-------|-------|-------|-------|--------|-----------
         Aggregated                                                                     95040     0(0.00%) |      5       1     208      5 |  197.10        0.00

Type     Name                                                                          # reqs      # fails |    Avg     Min     Max    Med |   req/s  failures/s
--------|----------------------------------------------------------------------------|-------|-------------|-------|-------|-------|-------|--------|-----------
GET      [GET] /actuator/health                                                         13593     0(0.00%) |      5       2     145      5 |   30.00        0.00
GET      [GET] /api/soporte/election/status                                             13521     0(0.00%) |      4       1     164      4 |   26.30        0.00
GET      [GET] /api/soporte/tickets                                                     27116     0(0.00%) |      7       3     204      7 |   54.00        0.00
GET      [GET] /health                                                                  41209     0(0.00%) |      4       1     208      4 |   87.30        0.00
--------|----------------------------------------------------------------------------|-------|-------------|-------|-------|-------|-------|--------|-----------
         Aggregated                                                                     95439     0(0.00%) |      5       1     208      5 |  197.60        0.00

Type     Name                                                                          # reqs      # fails |    Avg     Min     Max    Med |   req/s  failures/s
--------|----------------------------------------------------------------------------|-------|-------------|-------|-------|-------|-------|--------|-----------
GET      [GET] /actuator/health                                                         13645     0(0.00%) |      5       2     145      5 |   30.00        0.00
GET      [GET] /api/soporte/election/status                                             13585     0(0.00%) |      4       1     164      4 |   26.80        0.00
GET      [GET] /api/soporte/tickets                                                     27228     0(0.00%) |      7       3     204      7 |   53.00        0.00
GET      [GET] /health                                                                  41374     0(0.00%) |      4       1     208      4 |   89.60        0.00
--------|----------------------------------------------------------------------------|-------|-------------|-------|-------|-------|-------|--------|-----------
         Aggregated                                                                     95832     0(0.00%) |      5       1     208      5 |  199.40        0.00

Type     Name                                                                          # reqs      # fails |    Avg     Min     Max    Med |   req/s  failures/s
--------|----------------------------------------------------------------------------|-------|-------------|-------|-------|-------|-------|--------|-----------
GET      [GET] /actuator/health                                                         13703     0(0.00%) |      5       2     145      5 |   27.90        0.00
GET      [GET] /api/soporte/election/status                                             13631     0(0.00%) |      4       1     164      4 |   27.20        0.00
GET      [GET] /api/soporte/tickets                                                     27343     0(0.00%) |      7       3     204      7 |   54.40        0.00
GET      [GET] /health                                                                  41541     0(0.00%) |      4       1     208      4 |   88.30        0.00
--------|----------------------------------------------------------------------------|-------|-------------|-------|-------|-------|-------|--------|-----------
         Aggregated                                                                     96218     0(0.00%) |      5       1     208      5 |  197.80        0.00

Type     Name                                                                          # reqs      # fails |    Avg     Min     Max    Med |   req/s  failures/s
--------|----------------------------------------------------------------------------|-------|-------------|-------|-------|-------|-------|--------|-----------
GET      [GET] /actuator/health                                                         13767     0(0.00%) |      5       2     145      5 |   27.30        0.00
GET      [GET] /api/soporte/election/status                                             13684     0(0.00%) |      4       1     164      4 |   28.40        0.00
GET      [GET] /api/soporte/tickets                                                     27461     0(0.00%) |      7       3     204      7 |   54.80        0.00
GET      [GET] /health                                                                  41702     0(0.00%) |      4       1     208      4 |   87.20        0.00
--------|----------------------------------------------------------------------------|-------|-------------|-------|-------|-------|-------|--------|-----------
         Aggregated                                                                     96614     0(0.00%) |      5       1     208      5 |  197.70        0.00

Type     Name                                                                          # reqs      # fails |    Avg     Min     Max    Med |   req/s  failures/s
--------|----------------------------------------------------------------------------|-------|-------------|-------|-------|-------|-------|--------|-----------
GET      [GET] /actuator/health                                                         13825     0(0.00%) |      5       2     145      5 |   28.70        0.00
GET      [GET] /api/soporte/election/status                                             13732     0(0.00%) |      4       1     164      4 |   27.00        0.00
GET      [GET] /api/soporte/tickets                                                     27566     0(0.00%) |      7       3     204      7 |   56.60        0.00
GET      [GET] /health                                                                  41905     0(0.00%) |      4       1     208      4 |   86.00        0.00
--------|----------------------------------------------------------------------------|-------|-------------|-------|-------|-------|-------|--------|-----------
         Aggregated                                                                     97028     0(0.00%) |      5       1     208      5 |  198.30        0.00

Type     Name                                                                          # reqs      # fails |    Avg     Min     Max    Med |   req/s  failures/s
--------|----------------------------------------------------------------------------|-------|-------------|-------|-------|-------|-------|--------|-----------
GET      [GET] /actuator/health                                                         13876     0(0.00%) |      5       2     145      5 |   27.40        0.00
GET      [GET] /api/soporte/election/status                                             13785     0(0.00%) |      4       1     164      4 |   27.40        0.00
GET      [GET] /api/soporte/tickets                                                     27671     0(0.00%) |      7       3     204      7 |   55.80        0.00
GET      [GET] /health                                                                  42076     0(0.00%) |      4       1     208      4 |   87.20        0.00
--------|----------------------------------------------------------------------------|-------|-------------|-------|-------|-------|-------|--------|-----------
         Aggregated                                                                     97408     0(0.00%) |      5       1     208      5 |  197.80        0.00

Type     Name                                                                          # reqs      # fails |    Avg     Min     Max    Med |   req/s  failures/s
--------|----------------------------------------------------------------------------|-------|-------------|-------|-------|-------|-------|--------|-----------
GET      [GET] /actuator/health                                                         13939     0(0.00%) |      5       2     145      5 |   27.80        0.00
GET      [GET] /api/soporte/election/status                                             13843     0(0.00%) |      4       1     164      4 |   26.90        0.00
GET      [GET] /api/soporte/tickets                                                     27789     0(0.00%) |      7       3     204      7 |   55.80        0.00
GET      [GET] /health                                                                  42237     0(0.00%) |      4       1     208      4 |   86.40        0.00
--------|----------------------------------------------------------------------------|-------|-------------|-------|-------|-------|-------|--------|-----------
         Aggregated                                                                     97808     0(0.00%) |      5       1     208      5 |  196.90        0.00

Type     Name                                                                          # reqs      # fails |    Avg     Min     Max    Med |   req/s  failures/s
--------|----------------------------------------------------------------------------|-------|-------------|-------|-------|-------|-------|--------|-----------
GET      [GET] /actuator/health                                                         13995     0(0.00%) |      5       2     145      5 |   29.50        0.00
GET      [GET] /api/soporte/election/status                                             13896     0(0.00%) |      4       1     164      4 |   27.30        0.00
GET      [GET] /api/soporte/tickets                                                     27904     0(0.00%) |      7       3     204      7 |   54.60        0.00
GET      [GET] /health                                                                  42415     0(0.00%) |      4       1     208      4 |   86.70        0.00
--------|----------------------------------------------------------------------------|-------|-------------|-------|-------|-------|-------|--------|-----------
         Aggregated                                                                     98210     0(0.00%) |      5       1     208      5 |  198.10        0.00

Type     Name                                                                          # reqs      # fails |    Avg     Min     Max    Med |   req/s  failures/s
--------|----------------------------------------------------------------------------|-------|-------------|-------|-------|-------|-------|--------|-----------
GET      [GET] /actuator/health                                                         14054     0(0.00%) |      5       2     145      5 |   28.70        0.00
GET      [GET] /api/soporte/election/status                                             13955     0(0.00%) |      4       1     164      4 |   25.70        0.00
GET      [GET] /api/soporte/tickets                                                     28007     0(0.00%) |      7       3     204      7 |   54.80        0.00
GET      [GET] /health                                                                  42583     0(0.00%) |      4       1     208      4 |   88.20        0.00
--------|----------------------------------------------------------------------------|-------|-------------|-------|-------|-------|-------|--------|-----------
         Aggregated                                                                     98599     0(0.00%) |      5       1     208      5 |  197.40        0.00

[2026-09-22 08:57:19,315] DESKTOP-2G72T6F/INFO/locust.main: --run-time limit reached, shutting down
[2026-09-22 08:57:19,555] DESKTOP-2G72T6F/INFO/locust.main: Shutting down (exit code 0)
Type     Name                                                                          # reqs      # fails |    Avg     Min     Max    Med |   req/s  failures/s
--------|----------------------------------------------------------------------------|-------|-------------|-------|-------|-------|-------|--------|-----------
GET      [GET] /actuator/health                                                         14100     0(0.00%) |      5       2     145      5 |   23.54        0.00
GET      [GET] /api/soporte/election/status                                             13996     0(0.00%) |      4       1     164      4 |   23.36        0.00
GET      [GET] /api/soporte/tickets                                                     28073     0(0.00%) |      7       3     204      7 |   46.87        0.00
GET      [GET] /health                                                                  42705     0(0.00%) |      4       1     208      4 |   71.29        0.00
--------|----------------------------------------------------------------------------|-------|-------------|-------|-------|-------|-------|--------|-----------
         Aggregated                                                                     98874     0(0.00%) |      5       1     208      5 |  165.06        0.00

Response time percentiles (approximated)
Type     Name                                                                                  50%    66%    75%    80%    90%    95%    98%    99%  99.9% 99.99%   100% # reqs
--------|--------------------------------------------------------------------------------|--------|------|------|------|------|------|------|------|------|------|------|------
GET      [GET] /actuator/health                                                                  5      5      6      7      8     10     12     15     42    130    150  14100
GET      [GET] /api/soporte/election/status                                                      4      5      6      6      8      9     11     14     38    150    160  13996
GET      [GET] /api/soporte/tickets                                                              7      8      8      9     11     13     17     24     51    180    200  28073
GET      [GET] /health                                                                           4      5      5      6      7      9     11     14     36    150    210  42705
--------|--------------------------------------------------------------------------------|--------|------|------|------|------|------|------|------|------|------|------|------
         Aggregated                                                                              5      6      7      7      9     11     14     17     42    150    210  98874

