Timestamp,User Count,Type,Name,Requests/s,Failures/s,50%,66%,75%,80%,90%,95%,98%,99%,99.9%,99.99%,100%,Total Request Count,Total Failure Count,Total Median Response Time,Total Average Response Time,Total Min Response Time,Total Max Response Time,Total Average Content Size
1790084840,0,,Aggregated,0.000000,0.000000,N/A,N/A,N/A,N/A,N/A,N/A,N/A,N/A,N/A,N/A,N/A,0,0,0,0.0,0,0,0
1790084841,1,GET,[GET] /health,0.000000,0.000000,0,0,0,0,0,0,0,0,0,0,0,1,0,19.228799996199086,19.228799996199086,19.228799996199086,19.228799996199086,84.0
1790084841,1,,Aggregated,0.000000,0.000000,0,0,0,0,0,0,0,0,0,0,0,1,0,19.228799996199086,19.228799996199086,19.228799996199086,19.228799996199086,84.0
1790084842,3,GET,[GET] /actuator/health,0.000000,0.000000,0,0,0,0,0,0,0,0,0,0,0,1,0,4.690599991590716,4.690599991590716,4.690599991590716,4.690599991590716,49.0
1790084842,3,GET,[GET] /api/soporte/tickets,0.000000,0.000000,0,0,0,0,0,0,0,0,0,0,0,1,0,9.862799997790717,9.862799997790717,9.862799997790717,9.862799997790717,84651.0
1790084842,3,GET,[GET] /health,0.000000,0.000000,19,19,19,19,19,19,19,19,19,19,19,1,0,19.228799996199086,19.228799996199086,19.228799996199086,19.228799996199086,84.0
1790084842,3,,Aggregated,0.000000,0.000000,10,10,10,10,10,10,10,10,10,10,10,3,0,10,11.26073332852684,4.690599991590716,19.228799996199086,28261.333333333332
1790084843,4,GET,[GET] /actuator/health,0.000000,0.000000,5,5,5,5,5,5,5,5,5,5,5,1,0,4.690599991590716,4.690599991590716,4.690599991590716,4.690599991590716,49.0
1790084843,4,GET,[GET] /api/soporte/election/status,0.000000,0.000000,0,0,0,0,0,0,0,0,0,0,0,1,0,7.186600007116795,7.186600007116795,7.186600007116795,7.186600007116795,78.0
1790084843,4,GET,[GET] /api/soporte/tickets,0.000000,0.000000,7,7,7,7,7,7,7,7,7,7,7,4,0,7,7.47192500057281,6.550100006279536,9.862799997790717,84651.0
1790084843,4,GET,[GET] /health,1.000000,0.000000,19,19,19,19,19,19,19,19,19,19,19,1,0,19.228799996199086,19.228799996199086,19.228799996199086,19.228799996199086,84.0
1790084843,4,,Aggregated,1.000000,0.000000,7,7,7,7,10,10,10,10,10,10,10,7,0,7,8.713385713885405,4.690599991590716,19.228799996199086,48402.142857142855
1790084844,5,GET,[GET] /actuator/health,0.500000,0.000000,5,5,5,5,5,5,5,5,5,5,5,1,0,4.690599991590716,4.690599991590716,4.690599991590716,4.690599991590716,49.0
1790084844,5,GET,[GET] /api/soporte/election/status,0.000000,0.000000,7,7,7,7,7,7,7,7,7,7,7,3,0,7,5.909933335108993,3.3976999984588474,7.186600007116795,78.0
1790084844,5,GET,[GET] /api/soporte/tickets,0.500000,0.000000,7,7,7,7,7,7,7,7,7,7,7,4,0,7,7.47192500057281,6.550100006279536,9.862799997790717,84651.0
1790084844,5,GET,[GET] /health,0.500000,0.000000,3,3,19,19,19,19,19,19,19,19,19,3,0,3,8.414133330613064,2.8437000000849366,19.228799996199086,84.0
1790084844,5,,Aggregated,1.500000,0.000000,7,7,7,7,10,10,10,10,10,10,10,11,0,7,7.050045453731648,2.8437000000849366,19.228799996199086,30830.81818181818
1790084845,6,GET,[GET] /actuator/health,0.500000,0.000000,5,5,5,5,5,5,5,5,5,5,5,2,0,4,4.327399990870617,3.9641999901505187,4.690599991590716,49.0
1790084845,6,GET,[GET] /api/soporte/election/status,0.000000,0.000000,7,7,7,7,7,7,7,7,7,7,7,3,0,7,5.909933335108993,3.3976999984588474,7.186600007116795,78.0
1790084845,6,GET,[GET] /api/soporte/tickets,0.500000,0.000000,7,7,7,7,7,7,7,7,7,7,7,5,0,7,7.305840001208708,6.550100006279536,9.862799997790717,84651.0
1790084845,6,GET,[GET] /health,0.500000,0.000000,6,6,11,11,19,19,19,19,19,19,19,6,0,4,7.67121666528207,2.8437000000849366,19.228799996199086,84.0
1790084845,6,,Aggregated,1.500000,0.000000,7,7,7,7,10,11,11,11,11,11,11,16,0,7,6.8088187490502605,2.8437000000849366,19.228799996199086,26505.6875
1790084846,7,GET,[GET] /actuator/health,0.250000,0.000000,5,5,5,5,5,5,5,5,5,5,5,2,0,4,4.327399990870617,3.9641999901505187,4.690599991590716,49.0
1790084846,7,GET,[GET] /api/soporte/election/status,0.750000,0.000000,7,7,7,7,7,7,7,7,7,7,7,3,0,7,5.909933335108993,3.3976999984588474,7.186600007116795,78.0
1790084846,7,GET,[GET] /api/soporte/tickets,1.000000,0.000000,7,7,7,7,7,7,7,7,7,7,7,6,0,7,7.316516666226865,6.550100006279536,9.862799997790717,84651.0
1790084846,7,GET,[GET] /health,0.500000,0.000000,5,6,8,8,11,19,19,19,19,19,19,12,0,4,6.334458333488631,2.8437000000849366,19.228799996199086,84.0
1790084846,7,,Aggregated,2.500000,0.000000,7,7,7,7,8,10,11,11,11,11,11,23,0,7,6.360747825490999,2.8437000000849366,19.228799996199086,22141.130434782608
1790084847,8,GET,[GET] /actuator/health,0.400000,0.000000,5,5,5,5,5,5,5,5,5,5,5,2,0,4,4.327399990870617,3.9641999901505187,4.690599991590716,49.0
1790084847,8,GET,[GET] /api/soporte/election/status,0.600000,0.000000,5,5,7,7,7,7,7,7,7,7,7,4,0,5,5.58304999867687,3.3976999984588474,7.186600007116795,78.0
1790084847,8,GET,[GET] /api/soporte/tickets,1.000000,0.000000,7,7,9,10,13,13,13,13,13,13,13,10,0,7,8.303769999474753,6.188800005475059,13.290499991853721,84651.0
1790084847,8,GET,[GET] /health,1.200000,0.000000,4,5,7,8,11,19,19,19,19,19,19,15,0,4,5.894086666133565,2.8437000000849366,19.228799996199086,84.0
1790084847,8,,Aggregated,3.200000,0.000000,6,7,7,8,10,11,13,13,13,13,13,31,0,6,6.530193547199991,2.8437000000849366,19.228799996199086,27360.645161290322
1790084848,9,GET,[GET] /actuator/health,0.333333,0.000000,5,5,5,5,5,5,5,5,5,5,5,4,0,4,4.43184999312507,3.9641999901505187,4.890299998805858,49.0
1790084848,9,GET,[GET] /api/soporte/election/status,0.500000,0.000000,5,5,7,7,7,7,7,7,7,7,7,5,0,5,5.362819999572821,3.3976999984588474,7.186600007116795,78.0
1790084848,9,GET,[GET] /api/soporte/tickets,0.833333,0.000000,7,8,9,10,10,13,13,13,13,13,13,14,0,7,8.124885713706524,6.188800005475059,13.290499991853721,84651.0
1790084848,9,GET,[GET] /health,1.666667,0.000000,4,5,6,7,11,19,19,19,19,19,19,17,0,4,5.670347058399142,2.8437000000849366,19.228799996199086,84.0
1790084848,9,,Aggregated,3.333333,0.000000,6,7,7,8,10,11,13,13,13,13,13,40,0,6,6.367144998876029,2.8437000000849366,19.228799996199086,29678.2
1790084849,10,GET,[GET] /actuator/health,0.285714,0.000000,5,5,5,5,7,7,7,7,7,7,7,8,0,4,4.745499994896818,3.9009999891277403,7.388199999695644,49.0
1790084849,10,GET,[GET] /api/soporte/election/status,0.428571,0.000000,5,5,5,7,7,7,7,7,7,7,7,6,0,5,5.287366666986297,3.3976999984588474,7.186600007116795,78.0
1790084849,10,GET,[GET] /api/soporte/tickets,1.000000,0.000000,7,7,8,9,10,13,13,13,13,13,13,18,0,7,7.609244442493138,5.641299998387694,13.290499991853721,84651.0
1790084849,10,GET,[GET] /health,2.142857,0.000000,4,5,6,7,11,19,19,19,19,19,19,17,0,4,5.670347058399142,2.8437000000849366,19.228799996199086,84.0
1790084849,10,,Aggregated,3.857143,0.000000,6,7,7,7,10,10,13,13,13,13,13,49,0,6,6.184704079974575,2.8437000000849366,19.228799996199086,31142.979591836734
1790084850,11,GET,[GET] /actuator/health,0.375000,0.000000,5,5,5,5,7,7,7,7,7,7,7,9,0,5,4.799166661945896,3.9009999891277403,7.388199999695644,49.0
1790084850,11,GET,[GET] /api/soporte/election/status,0.500000,0.000000,5,5,7,7,8,8,8,8,8,8,8,8,0,5,5.44567500037374,3.3976999984588474,8.227600003010593,78.0
1790084850,11,GET,[GET] /api/soporte/tickets,1.250000,0.000000,7,7,8,9,10,13,13,13,13,13,13,19,0,7,7.656094735322863,5.641299998387694,13.290499991853721,84651.0
1790084850,11,GET,[GET] /health,2.000000,0.000000,4,5,5,6,8,11,19,19,19,19,19,23,0,4,5.185478260619161,2.8437000000849366,19.228799996199086,84.0
1790084850,11,,Aggregated,4.125000,0.000000,5,7,7,7,9,10,11,13,13,13,13,59,0,5,5.957452541116577,2.8437000000849366,19.228799996199086,27311.28813559322
1790084851,12,GET,[GET] /actuator/health,0.444444,0.000000,5,5,5,5,7,7,7,7,7,7,7,10,0,5,4.85093999595847,3.9009999891277403,7.388199999695644,49.0
1790084851,12,GET,[GET] /api/soporte/election/status,0.666667,0.000000,5,5,7,8,8,8,8,8,8,8,8,11,0,5,5.484672727603042,3.3976999984588474,8.227600003010593,78.0
1790084851,12,GET,[GET] /api/soporte/tickets,1.777778,0.000000,7,8,9,9,10,10,13,13,13,13,13,24,0,7,7.595583332052532,5.641299998387694,13.290499991853721,84651.0
1790084851,12,GET,[GET] /health,1.888889,0.000000,4,5,5,6,8,11,19,19,19,19,19,27,0,4,5.075622221705055,2.8437000000849366,19.228799996199086,84.0
1790084851,12,,Aggregated,4.777778,0.000000,5,6,7,7,9,10,11,13,13,13,13,72,0,5,5.946897221090492,2.8437000000849366,19.228799996199086,28267.222222222223
1790084852,13,GET,[GET] /actuator/health,0.800000,0.000000,5,5,5,5,7,8,8,8,8,8,8,14,0,5,5.127121425175574,3.9009999891277403,8.0450999957975,49.0
1790084852,13,GET,[GET] /api/soporte/election/status,0.600000,0.000000,5,5,8,8,8,9,9,9,9,9,9,13,0,5,5.716199998949798,3.3976999984588474,8.865699986927211,78.0
1790084852,13,GET,[GET] /api/soporte/tickets,1.800000,0.000000,7,8,9,9,10,13,16,16,16,16,16,27,0,7,7.848677776766838,5.641299998387694,16.073600010713562,84651.0
1790084852,13,GET,[GET] /health,2.200000,0.000000,4,5,5,6,7,8,11,11,11,11,11,30,0,4,5.0135133327178965,2.8437000000849366,19.228799996199086,84.0
1790084852,13,,Aggregated,5.400000,0.000000,5,6,7,7,9,10,13,16,16,16,16,84,0,5,6.052499998726749,2.8437000000849366,19.228799996199086,27259.488095238095
1790084853,14,GET,[GET] /actuator/health,1.000000,0.000000,5,5,5,7,8,10,10,10,10,10,10,16,0,5,5.387068747040757,3.9009999891277403,10.340399996493943,49.0
1790084853,14,GET,[GET] /api/soporte/election/status,0.900000,0.000000,5,5,7,7,8,9,9,9,9,9,9,17,0,5,5.305888234836268,3.3976999984588474,8.865699986927211,78.0
1790084853,14,GET,[GET] /api/soporte/tickets,2.300000,0.000000,7,8,9,9,10,13,16,16,16,16,16,29,0,7,7.763931033470476,5.641299998387694,16.073600010713562,84651.0
1790084853,14,GET,[GET] /health,2.300000,0.000000,4,5,5,5,7,8,11,11,11,11,11,34,0,4,4.845414705307442,2.8437000000849366,19.228799996199086,84.0
1790084853,14,,Aggregated,6.500000,0.000000,5,6,7,7,9,10,13,16,16,16,16,96,0,5,5.89886770724964,2.8437000000849366,19.228799996199086,25623.385416666668
1790084854,15,GET,[GET] /actuator/health,1.100000,0.000000,5,5,5,5,8,10,10,10,10,10,10,18,0,5,5.277194441684212,3.9009999891277403,10.340399996493943,49.0
1790084854,15,GET,[GET] /api/soporte/election/status,1.200000,0.000000,4,5,7,8,9,9,9,9,9,9,9,20,0,4,5.357545000151731,3.3976999984588474,8.865699986927211,78.0
1790084854,15,GET,[GET] /api/soporte/tickets,2.500000,0.000000,7,8,9,9,10,13,16,16,16,16,16,31,0,7,7.736264515363972,5.521099999896251,16.073600010713562,84651.0
1790084854,15,GET,[GET] /health,2.600000,0.000000,4,4,5,5,6,7,8,8,8,8,8,41,0,4,4.641575609240113,2.8437000000849366,19.228799996199086,84.0
1790084854,15,,Aggregated,7.400000,0.000000,5,6,7,7,9,10,13,16,16,16,16,110,0,5,5.747901817349802,2.8437000000849366,19.228799996199086,23909.7
1790084855,16,GET,[GET] /actuator/health,1.400000,0.000000,5,5,5,5,8,10,10,10,10,10,10,19,0,5,5.239826313060659,3.9009999891277403,10.340399996493943,49.0
1790084855,16,GET,[GET] /api/soporte/election/status,1.300000,0.000000,4,5,5,5,8,9,9,9,9,9,9,24,0,4,5.011720833257034,2.5550999998813495,8.865699986927211,78.0
1790084855,16,GET,[GET] /api/soporte/tickets,2.600000,0.000000,7,8,9,9,10,13,16,16,16,16,16,37,0,7,7.6179135125917,5.407399992691353,16.073600010713562,84651.0
1790084855,16,GET,[GET] /health,3.200000,0.000000,4,5,5,5,7,8,60,60,60,60,60,45,0,4,5.952942221968745,2.8437000000849366,60.459100001025945,83.93333333333334
1790084855,16,,Aggregated,8.500000,0.000000,5,6,7,7,9,10,13,16,60,60,60,125,0,5,6.1566655992064625,2.5550999998813495,60.459100001025945,25109.336
1790084856,17,GET,[GET] /actuator/health,1.700000,0.000000,5,5,5,5,7,8,10,10,10,10,10,24,0,5,5.088279164435032,3.3014000073308125,10.340399996493943,49.0
1790084856,17,GET,[GET] /api/soporte/election/status,1.600000,0.000000,4,5,5,5,8,9,9,9,9,9,9,25,0,4,4.910375999752432,2.478099995641969,8.865699986927211,78.0
1790084856,17,GET,[GET] /api/soporte/tickets,2.600000,0.000000,7,7,8,9,10,13,16,16,16,16,16,46,0,7,7.435269564903928,5.400900001404807,16.073600010713562,84651.0
1790084856,17,GET,[GET] /health,3.500000,0.000000,4,4,5,5,7,7,60,60,60,60,60,50,0,4,5.7915419997880235,2.8437000000849366,60.459100001025945,83.94
1790084856,17,,Aggregated,9.400000,0.000000,5,6,7,7,9,10,13,16,60,60,60,145,0,5,6.044673102863679,2.478099995641969,60.459100001025945,26905.303448275863
1790084857,18,GET,[GET] /actuator/health,1.600000,0.000000,5,5,5,5,7,8,10,10,10,10,10,26,0,5,4.96979615183171,3.10840000747703,10.340399996493943,49.0
1790084857,18,GET,[GET] /api/soporte/election/status,1.700000,0.000000,4,4,5,5,8,9,9,9,9,9,9,29,0,4,4.782093102754704,2.478099995641969,8.865699986927211,78.0
1790084857,18,GET,[GET] /api/soporte/tickets,3.000000,0.000000,7,7,8,8,9,9,16,16,16,16,16,51,0,7,7.3771843131444435,5.400900001404807,16.073600010713562,84651.0
1790084857,18,GET,[GET] /health,3.700000,0.000000,4,4,5,5,7,27,60,60,60,60,60,56,0,4,5.954769642942535,2.7995999989798293,60.459100001025945,83.94642857142857
1790084857,18,,Aggregated,10.000000,0.000000,5,6,7,7,9,9,16,27,60,60,60,162,0,5,6.034561110510244,2.478099995641969,60.459100001025945,26700.234567901236
1790084858,19,GET,[GET] /actuator/health,2.000000,0.000000,5,5,5,5,7,8,10,10,10,10,10,27,0,5,4.947877775756987,3.10840000747703,10.340399996493943,49.0
1790084858,19,GET,[GET] /api/soporte/election/status,2.200000,0.000000,4,5,5,5,8,9,9,9,9,9,9,32,0,4,4.785212498973124,2.478099995641969,8.865699986927211,78.0
1790084858,19,GET,[GET] /api/soporte/tickets,3.700000,0.000000,7,7,8,8,9,9,16,16,16,16,16,56,0,7,7.299966070734497,5.32039999961853,16.073600010713562,84651.0
1790084858,19,GET,[GET] /health,3.700000,0.000000,4,4,5,5,7,7,60,60,60,60,60,63,0,4,5.710377778057822,2.7995999989798293,60.459100001025945,83.95238095238095
1790084858,19,,Aggregated,11.600000,0.000000,5,6,7,7,8,9,16,27,60,60,60,178,0,5,5.92849101062558,2.478099995641969,60.459100001025945,26682.94382022472
1790084859,20,GET,[GET] /actuator/health,2.300000,0.000000,5,5,5,5,8,10,10,10,10,10,10,27,0,5,4.947877775756987,3.10840000747703,10.340399996493943,49.0
1790084859,20,GET,[GET] /api/soporte/election/status,2.200000,0.000000,4,5,5,5,8,9,9,9,9,9,9,35,0,4,4.724725713770438,2.478099995641969,8.865699986927211,78.0
1790084859,20,GET,[GET] /api/soporte/tickets,4.000000,0.000000,7,7,8,8,9,9,16,16,16,16,16,61,0,7,7.242314753429888,5.32039999961853,16.073600010713562,84651.0
1790084859,20,GET,[GET] /health,3.600000,0.000000,4,4,5,5,7,8,60,60,60,60,60,72,0,4,5.511495833262517,2.6415000029373914,60.459100001025945,83.95833333333333
1790084859,20,,Aggregated,12.100000,0.000000,5,6,7,7,8,9,16,27,60,60,60,195,0,5,5.833676922469376,2.478099995641969,60.459100001025945,26532.353846153845
1790084860,21,GET,[GET] /actuator/health,2.400000,0.000000,5,5,5,6,8,10,10,10,10,10,10,30,0,5,4.968156665563583,3.10840000747703,10.340399996493943,49.0
1790084860,21,GET,[GET] /api/soporte/election/status,2.600000,0.000000,4,4,5,5,8,9,9,9,9,9,9,39,0,4,4.6214358970666165,2.478099995641969,8.865699986927211,78.0
1790084860,21,GET,[GET] /api/soporte/tickets,4.400000,0.000000,7,7,8,8,9,9,16,16,16,16,16,68,0,7,7.25188382271239,5.32039999961853,16.073600010713562,84651.0
1790084860,21,GET,[GET] /health,4.100000,0.000000,4,4,5,5,7,8,27,60,60,60,60,80,0,4,5.371106249913282,1.9648000015877187,60.459100001025945,83.9625
1790084860,21,,Aggregated,13.500000,0.000000,5,6,7,7,8,9,10,27,60,60,60,217,0,5,5.770033640046132,1.9648000015877187,60.459100001025945,26578.327188940093
1790084861,22,GET,[GET] /actuator/health,2.300000,0.000000,5,5,6,6,6,9,10,10,10,10,10,35,0,5,5.046442856629645,2.8960000054212287,10.340399996493943,49.0
1790084861,22,GET,[GET] /api/soporte/election/status,2.900000,0.000000,4,4,4,5,5,7,9,9,9,9,9,41,0,4,4.5991951213559,2.478099995641969,8.865699986927211,78.0
1790084861,22,GET,[GET] /api/soporte/tickets,4.400000,0.000000,7,7,8,8,9,9,16,16,16,16,16,74,0,7,7.261829728982726,5.32039999961853,16.073600010713562,84651.0
1790084861,22,GET,[GET] /health,5.000000,0.000000,4,4,5,5,7,7,27,60,60,60,60,89,0,4,5.218643820033607,1.9648000015877187,60.459100001025945,83.96629213483146
1790084861,22,,Aggregated,14.600000,0.000000,5,6,6,7,8,9,10,27,60,60,60,239,0,5,5.719779079018169,1.9648000015877187,60.459100001025945,26261.757322175734
1790084862,23,GET,[GET] /actuator/health,2.100000,0.000000,5,5,6,6,6,9,10,10,10,10,10,36,0,5,4.995627777033304,2.8960000054212287,10.340399996493943,49.0
1790084862,23,GET,[GET] /api/soporte/election/status,3.100000,0.000000,4,4,5,5,6,7,9,9,9,9,9,42,0,4,4.637469046948744,2.478099995641969,8.865699986927211,78.0
1790084862,23,GET,[GET] /api/soporte/tickets,4.800000,0.000000,7,8,8,8,9,10,12,15,15,15,15,83,0,7,7.430171083479402,5.32039999961853,16.073600010713562,84651.0
1790084862,23,GET,[GET] /health,5.400000,0.000000,4,4,5,5,6,7,27,60,60,60,60,103,0,4,5.108922330020628,1.9648000015877187,60.459100001025945,83.97087378640776
1790084862,23,,Aggregated,15.400000,0.000000,5,6,7,7,8,9,12,27,60,60,60,264,0,5,5.748255681310459,1.9648000015877187,60.459100001025945,26665.613636363636
1790084863,24,GET,[GET] /actuator/health,2.300000,0.000000,5,5,5,6,6,9,10,10,10,10,10,40,0,5,4.886414999054978,2.8960000054212287,10.340399996493943,49.0
1790084863,24,GET,[GET] /api/soporte/election/status,3.000000,0.000000,4,4,5,5,6,7,9,9,9,9,9,46,0,4,4.5499021735335905,2.478099995641969,8.865699986927211,78.0
1790084863,24,GET,[GET] /api/soporte/tickets,4.900000,0.000000,7,8,8,8,9,10,12,15,15,15,15,86,0,7,7.423090696711158,5.32039999961853,16.073600010713562,84651.0
1790084863,24,GET,[GET] /health,5.800000,0.000000,4,4,5,5,6,7,27,60,60,60,60,112,0,4,5.02102678573075,1.9648000015877187,60.459100001025945,83.97321428571429
1790084863,24,,Aggregated,16.000000,0.000000,5,6,7,7,8,9,12,27,60,60,60,284,0,5,5.653144013604746,1.9648000015877187,60.459100001025945,25686.404929577464
1790084864,25,GET,[GET] /actuator/health,2.400000,0.000000,4,5,5,6,6,7,9,9,9,9,9,46,0,5,4.856089129411291,2.8960000054212287,10.340399996493943,49.0
1790084864,25,GET,[GET] /api/soporte/election/status,3.000000,0.000000,4,4,4,5,5,6,7,7,7,7,7,47,0,4,4.53691063801748,2.478099995641969,8.865699986927211,78.0
1790084864,25,GET,[GET] /api/soporte/tickets,5.100000,0.000000,7,8,8,8,9,10,12,15,15,15,15,93,0,7,7.3644462356378915,5.252500006463379,16.073600010713562,84651.0
1790084864,25,GET,[GET] /health,6.700000,0.000000,4,4,5,5,5,7,8,27,27,27,27,125,0,4,4.869411999825388,1.9648000015877187,60.459100001025945,83.976
1790084864,25,,Aggregated,17.200000,0.000000,5,6,6,7,8,8,10,15,27,27,27,311,0,5,5.563295497852857,1.9648000015877187,60.459100001025945,25366.4308681672
1790084865,26,GET,[GET] /actuator/health,2.200000,0.000000,4,5,5,6,6,7,9,9,9,9,9,47,0,5,4.828425531122002,2.8960000054212287,10.340399996493943,49.0
1790084865,26,GET,[GET] /api/soporte/election/status,3.000000,0.000000,4,4,4,4,5,6,7,7,7,7,7,52,0,4,4.4377711539989555,2.478099995641969,8.865699986927211,78.0
1790084865,26,GET,[GET] /api/soporte/tickets,5.600000,0.000000,7,8,8,8,9,12,15,27,27,27,27,99,0,7,7.538960605296494,5.252500006463379,26.977600005920976,84651.0
1790084865,26,GET,[GET] /health,7.200000,0.000000,4,4,4,5,5,7,8,27,27,27,27,139,0,4,4.808615107845562,1.9648000015877187,60.459100001025945,83.97841726618705
1790084865,26,,Aggregated,18.000000,0.000000,4,6,6,7,8,8,10,15,27,27,27,337,0,5,5.556245400253904,1.9648000015877187,60.459100001025945,24921.308605341248
1790084866,27,GET,[GET] /actuator/health,2.500000,0.000000,4,5,5,6,6,7,9,9,9,9,9,50,0,4,4.7569579994888045,2.8960000054212287,10.340399996493943,49.0
1790084866,27,GET,[GET] /api/soporte/election/status,2.800000,0.000000,4,4,4,4,5,6,7,7,7,7,7,56,0,4,4.367337500038308,2.478099995641969,8.865699986927211,78.0
1790084866,27,GET,[GET] /api/soporte/tickets,5.800000,0.000000,7,8,8,8,10,12,15,27,27,27,27,104,0,7,7.531550960545876,5.119999987073243,26.977600005920976,84651.0
1790084866,27,GET,[GET] /health,8.200000,0.000000,4,4,4,5,5,6,8,8,27,27,27,154,0,4,4.686853896022182,1.9648000015877187,60.459100001025945,83.98051948051948
1790084866,27,,Aggregated,19.300000,0.000000,4,5,6,7,8,8,11,15,27,27,27,364,0,5,5.4600978018153095,1.9648000015877187,60.459100001025945,24240.26098901099
1790084867,28,GET,[GET] /actuator/health,2.800000,0.000000,4,5,5,5,6,7,9,9,9,9,9,51,0,4,4.746794117119291,2.8960000054212287,10.340399996493943,49.0
1790084867,28,GET,[GET] /api/soporte/election/status,2.900000,0.000000,4,4,4,4,5,6,7,7,7,7,7,62,0,4,4.312164516323397,2.478099995641969,8.865699986927211,78.0
1790084867,28,GET,[GET] /api/soporte/tickets,5.900000,0.000000,7,8,8,8,10,12,15,27,27,27,27,113,0,7,7.463808848694651,4.698999997344799,26.977600005920976,84651.0
1790084867,28,GET,[GET] /health,8.800000,0.000000,4,4,4,5,5,6,7,8,8,8,8,164,0,4,4.629159755894784,1.9648000015877187,60.459100001025945,83.98170731707317
1790084867,28,,Aggregated,20.400000,0.000000,4,5,6,7,8,8,10,12,27,27,27,390,0,5,5.415469999626601,1.9648000015877187,60.459100001025945,24581.207692307693
1790084868,29,GET,[GET] /actuator/health,2.700000,0.000000,4,5,5,5,6,7,9,9,9,9,9,53,0,4,4.727969810977262,2.8960000054212287,10.340399996493943,49.0
1790084868,29,GET,[GET] /api/soporte/election/status,2.800000,0.000000,4,4,4,4,5,5,6,6,6,6,6,67,0,4,4.278192537273767,2.478099995641969,8.865699986927211,78.0
1790084868,29,GET,[GET] /api/soporte/tickets,5.900000,0.000000,7,8,8,8,10,12,15,27,27,27,27,120,0,7,7.430453332441782,4.698999997344799,26.977600005920976,84651.0
1790084868,29,GET,[GET] /health,9.800000,0.000000,4,4,4,5,5,6,7,8,8,8,8,177,0,4,4.56944576235709,1.9648000015877187,60.459100001025945,83.98305084745763
1790084868,29,,Aggregated,21.200000,0.000000,4,5,6,7,8,8,11,12,27,27,27,417,0,4,5.366109352060806,1.9648000015877187,60.459100001025945,24414.40767386091
1790084869,30,GET,[GET] /actuator/health,2.500000,0.000000,4,4,5,5,6,7,9,9,9,9,9,57,0,4,4.663573683948224,2.8960000054212287,10.340399996493943,49.0
1790084869,30,GET,[GET] /api/soporte/election/status,3.300000,0.000000,4,4,4,4,5,5,6,6,6,6,6,71,0,4,4.229959154798334,2.414000002318062,8.865699986927211,78.0
1790084869,30,GET,[GET] /api/soporte/tickets,6.200000,0.000000,7,7,8,8,10,11,15,27,27,27,27,127,0,7,7.3858795268873605,4.698999997344799,26.977600005920976,84651.0
1790084869,30,GET,[GET] /health,10.600000,0.000000,4,4,4,4,5,6,7,7,8,8,8,191,0,4,4.489272774434259,1.9648000015877187,60.459100001025945,83.98429319371728
1790084869,30,,Aggregated,22.600000,0.000000,4,5,6,6,7,8,11,12,27,27,27,446,0,4,5.295086546653293,1.9648000015877187,60.459100001025945,24159.30269058296
1790084870,31,GET,[GET] /actuator/health,2.400000,0.000000,4,4,4,5,7,9,10,10,10,10,10,66,0,4,4.741778787292512,2.8960000054212287,10.340399996493943,49.0
1790084870,31,GET,[GET] /api/soporte/election/status,3.400000,0.000000,4,4,4,4,5,7,8,8,8,8,8,78,0,4,4.274294871720485,2.414000002318062,8.865699986927211,78.0
1790084870,31,GET,[GET] /api/soporte/tickets,6.100000,0.000000,7,7,8,8,10,12,16,27,27,27,27,134,0,7,7.4113380592212135,4.550300000119023,26.977600005920976,84651.0
1790084870,31,GET,[GET] /health,11.200000,0.000000,4,4,4,4,5,6,7,7,8,8,8,205,0,4,4.465160487296355,1.9648000015877187,60.459100001025945,83.98536585365854
1790084870,31,,Aggregated,23.100000,0.000000,4,5,6,6,7,8,11,15,27,27,27,483,0,4,5.289502276991509,1.9648000015877187,60.459100001025945,23539.89440993789
1790084871,32,GET,[GET] /actuator/health,3.000000,0.000000,4,4,4,5,6,7,10,10,10,10,10,70,0,4,4.689202856388874,2.8960000054212287,10.340399996493943,49.0
1790084871,32,GET,[GET] /api/soporte/election/status,3.300000,0.000000,4,4,4,4,5,7,8,8,8,8,8,84,0,4,4.289515475864478,2.414000002318062,8.865699986927211,78.0
1790084871,32,GET,[GET] /api/soporte/tickets,6.200000,0.000000,7,7,8,8,10,12,16,27,27,27,27,145,0,7,7.353082068409,4.550300000119023,26.977600005920976,84651.0
1790084871,32,GET,[GET] /health,11.700000,0.000000,4,4,4,4,5,6,7,7,8,8,8,214,0,4,4.420870093076063,1.9648000015877187,60.459100001025945,83.98598130841121
1790084871,32,,Aggregated,24.200000,0.000000,4,5,6,6,7,8,11,15,27,27,27,513,0,4,5.264769200306861,1.9648000015877187,60.459100001025945,23981.189083820664
1790084872,33,GET,[GET] /actuator/health,3.400000,0.000000,4,4,5,5,7,7,10,10,10,10,10,76,0,4,4.711126315286444,2.8960000054212287,10.340399996493943,49.0
1790084872,33,GET,[GET] /api/soporte/election/status,3.600000,0.000000,4,4,4,4,5,7,8,8,8,8,8,87,0,4,4.278678160653203,2.414000002318062,8.865699986927211,78.0
1790084872,33,GET,[GET] /api/soporte/tickets,6.400000,0.000000,6,7,7,8,10,11,16,27,27,27,27,149,0,7,7.31701744908245,4.550300000119023,26.977600005920976,84651.0
1790084872,33,GET,[GET] /health,12.100000,0.000000,4,4,4,4,5,6,8,9,11,11,11,227,0,4,4.459253303788188,1.9648000015877187,60.459100001025945,83.98678414096916
1790084872,33,,Aggregated,25.500000,0.000000,4,5,6,6,7,8,10,11,27,27,27,539,0,4,5.255615398537667,1.9648000015877187,60.459100001025945,23455.61038961039
1790084873,34,GET,[GET] /actuator/health,3.500000,0.000000,4,4,5,5,6,7,10,10,10,10,10,79,0,4,4.69614177167893,2.8960000054212287,10.340399996493943,49.0
1790084873,34,GET,[GET] /api/soporte/election/status,4.100000,0.000000,4,4,4,5,6,7,8,8,8,8,8,92,0,4,4.310994564825112,2.414000002318062,8.865699986927211,78.0
1790084873,34,GET,[GET] /api/soporte/tickets,6.500000,0.000000,6,7,7,8,10,11,16,27,27,27,27,159,0,7,7.287635848492841,4.550300000119023,26.977600005920976,84651.0
1790084873,34,GET,[GET] /health,12.700000,0.000000,4,4,4,5,5,7,8,9,11,11,11,245,0,4,4.437851020294166,1.9648000015877187,60.459100001025945,83.98775510204082
1790084873,34,,Aggregated,26.800000,0.000000,4,5,6,6,7,8,10,11,27,27,27,575,0,4,5.241068347493875,1.9648000015877187,60.459100001025945,23462.84
1790084874,35,GET,[GET] /actuator/health,3.600000,0.000000,4,4,5,5,6,7,10,10,10,10,10,88,0,4,4.673546590559206,2.8960000054212287,10.340399996493943,49.0
1790084874,35,GET,[GET] /api/soporte/election/status,4.300000,0.000000,4,4,4,5,6,7,8,8,8,8,8,96,0,4,4.26455937455709,2.414000002318062,8.865699986927211,78.0
1790084874,35,GET,[GET] /api/soporte/tickets,7.000000,0.000000,6,7,7,8,9,11,16,27,27,27,27,167,0,7,7.247225148951869,4.550300000119023,26.977600005920976,84651.0
1790084874,35,GET,[GET] /health,12.400000,0.000000,4,4,4,4,5,7,8,9,11,11,11,259,0,4,4.4085312740671405,1.9648000015877187,60.459100001025945,83.98841698841699
1790084874,35,,Aggregated,27.300000,0.000000,4,5,6,6,7,8,10,11,27,27,27,610,0,4,5.201255737352528,1.9648000015877187,60.459100001025945,23229.950819672133
1790084875,36,GET,[GET] /actuator/health,4.000000,0.000000,4,5,5,5,6,7,10,10,10,10,10,91,0,4,4.670898900508042,2.8960000054212287,10.340399996493943,49.0
1790084875,36,GET,[GET] /api/soporte/election/status,4.500000,0.000000,4,4,4,4,6,7,7,8,8,8,8,105,0,4,4.21290857110372,2.414000002318062,8.865699986927211,78.0
1790084875,36,GET,[GET] /api/soporte/tickets,6.700000,0.000000,6,7,7,8,9,10,11,16,16,16,16,181,0,7,7.166803314238632,4.308899995521642,26.977600005920976,84651.0
1790084875,36,GET,[GET] /health,12.900000,0.000000,4,4,4,4,5,7,8,9,11,11,11,269,0,4,4.385776579937011,1.9648000015877187,60.459100001025945,83.98884758364312
1790084875,36,,Aggregated,28.100000,0.000000,4,5,6,6,7,8,10,11,16,16,16,646,0,4,5.177047213300884,1.9648000015877187,60.459100001025945,23772.558823529413
1790084876,37,GET,[GET] /actuator/health,3.900000,0.000000,4,5,5,5,6,7,10,10,10,10,10,97,0,4,4.645844329041717,2.8960000054212287,10.340399996493943,49.0
1790084876,37,GET,[GET] /api/soporte/election/status,4.600000,0.000000,4,4,4,5,6,7,8,8,8,8,8,108,0,4,4.204282407078642,2.414000002318062,8.865699986927211,78.0
1790084876,37,GET,[GET] /api/soporte/tickets,7.500000,0.000000,6,7,7,8,8,10,11,16,16,16,16,190,0,7,7.143524736181318,4.308899995521642,26.977600005920976,84651.0
1790084876,37,GET,[GET] /health,13.000000,0.000000,4,4,4,4,5,7,8,9,11,11,11,284,0,4,4.354097182955921,1.9648000015877187,60.459100001025945,83.9894366197183
1790084876,37,,Aggregated,29.000000,0.000000,4,5,6,6,7,8,10,10,16,16,16,679,0,4,5.15249293036152,1.9648000015877187,60.459100001025945,23741.855670103094
1790084877,38,GET,[GET] /actuator/health,4.200000,0.000000,4,5,5,5,6,7,10,10,10,10,10,100,0,4,4.634557999088429,2.852399993571453,10.340399996493943,49.0
1790084877,38,GET,[GET] /api/soporte/election/status,5.100000,0.000000,4,4,4,4,6,7,7,8,8,8,8,115,0,4,4.154879999797508,2.414000002318062,8.865699986927211,78.0
1790084877,38,GET,[GET] /api/soporte/tickets,7.700000,0.000000,6,7,7,8,9,10,16,20,20,20,20,198,0,7,7.206372726494634,4.308899995521642,26.977600005920976,84651.0
1790084877,38,GET,[GET] /health,13.000000,0.000000,4,4,4,4,5,7,8,9,11,11,11,304,0,4,4.302184210437669,1.9648000015877187,60.459100001025945,83.99013157894737
1790084877,38,,Aggregated,30.000000,0.000000,4,5,6,6,7,8,10,11,20,20,20,717,0,4,5.126907670438696,1.9648000015877187,60.459100001025945,23431.382147838216
1790084878,39,GET,[GET] /actuator/health,4.500000,0.000000,4,5,5,6,7,7,10,10,10,10,10,107,0,4,4.660325232843181,2.852399993571453,10.340399996493943,49.0
1790084878,39,GET,[GET] /api/soporte/election/status,5.200000,0.000000,3,4,4,4,6,7,7,8,8,8,8,119,0,4,4.1409142853686305,2.414000002318062,8.865699986927211,78.0
1790084878,39,GET,[GET] /api/soporte/tickets,8.400000,0.000000,6,7,7,8,8,10,16,20,20,20,20,206,0,7,7.179945630252528,4.308899995521642,26.977600005920976,84651.0
1790084878,39,GET,[GET] /health,12.600000,0.000000,4,4,4,4,6,7,8,9,11,11,11,319,0,4,4.281324764613652,1.9648000015877187,60.459100001025945,83.99059561128527
1790084878,39,,Aggregated,30.700000,0.000000,4,5,6,6,7,8,10,11,20,20,20,751,0,4,5.108169107346023,1.9648000015877187,60.459100001025945,23274.8655126498
1790084879,40,GET,[GET] /actuator/health,4.800000,0.000000,4,5,5,5,6,7,7,7,7,7,7,109,0,4,4.629750457969323,2.6763000059872866,10.340399996493943,49.0
1790084879,40,GET,[GET] /api/soporte/election/status,5.200000,0.000000,3,4,4,4,5,6,7,7,7,7,7,125,0,4,4.119539999519475,2.414000002318062,8.865699986927211,78.0
1790084879,40,GET,[GET] /api/soporte/tickets,8.200000,0.000000,6,7,7,8,8,10,16,20,20,20,20,215,0,7,7.1773316270568905,4.308899995521642,26.977600005920976,84651.0
1790084879,40,GET,[GET] /health,13.200000,0.000000,4,4,4,4,5,7,8,9,11,11,11,338,0,4,4.247959467147397,1.9648000015877187,60.459100001025945,83.99112426035504
1790084879,40,,Aggregated,31.400000,0.000000,4,5,6,6,7,8,9,14,20,20,20,787,0,4,5.080713976584043,1.9648000015877187,60.459100001025945,23180.99745870394
1790084880,41,GET,[GET] /actuator/health,5.000000,0.000000,5,5,5,6,7,7,7,7,7,7,7,117,0,4,4.676614529189543,2.6763000059872866,10.340399996493943,49.0
1790084880,41,GET,[GET] /api/soporte/election/status,5.100000,0.000000,3,4,4,4,5,6,6,7,7,7,7,132,0,4,4.084849999564925,2.414000002318062,8.865699986927211,78.0
1790084880,41,GET,[GET] /api/soporte/tickets,8.300000,0.000000,6,7,7,8,8,10,14,20,20,20,20,228,0,7,7.150416665944361,4.308899995521642,26.977600005920976,84651.0
1790084880,41,GET,[GET] /health,13.900000,0.000000,4,4,4,4,5,7,8,9,11,11,11,350,0,4,4.251165428265397,1.9648000015877187,60.459100001025945,83.99142857142857
1790084880,41,,Aggregated,32.300000,0.000000,4,5,6,6,7,8,9,11,20,20,20,827,0,4,5.084119709293772,1.9648000015877187,60.459100001025945,23392.81015719468
1790084881,42,GET,[GET] /actuator/health,5.100000,0.000000,5,5,5,6,6,7,7,7,7,7,7,123,0,4,4.681234958541875,2.6763000059872866,10.340399996493943,49.0
1790084881,42,GET,[GET] /api/soporte/election/status,5.500000,0.000000,3,4,4,4,5,6,6,6,6,6,6,137,0,4,4.076990510407584,2.414000002318062,8.865699986927211,78.0
1790084881,42,GET,[GET] /api/soporte/tickets,8.700000,0.000000,6,7,8,8,9,10,14,20,20,20,20,246,0,7,7.16103333275911,4.308899995521642,26.977600005920976,84651.0
1790084881,42,GET,[GET] /health,14.300000,0.000000,4,4,4,4,5,7,8,9,11,11,11,367,0,4,4.230673296628609,1.9648000015877187,60.459100001025945,83.99182561307902
1790084881,42,,Aggregated,33.600000,0.000000,4,5,6,6,7,8,9,12,20,20,20,873,0,4,5.095774226286289,1.9648000015877187,60.459100001025945,23908.0
1790084882,43,GET,[GET] /actuator/health,5.100000,0.000000,5,5,5,6,6,7,7,7,7,7,7,127,0,4,4.67478346394001,2.6763000059872866,10.340399996493943,49.0
1790084882,43,GET,[GET] /api/soporte/election/status,5.500000,0.000000,3,4,4,4,5,6,7,10,10,10,10,142,0,4,4.156964083987576,2.414000002318062,10.269000005791895,78.0
1790084882,43,GET,[GET] /api/soporte/tickets,9.100000,0.000000,7,7,8,8,9,12,14,14,20,20,20,259,0,7,7.224960617283287,4.308899995521642,26.977600005920976,84651.0
1790084882,43,GET,[GET] /health,14.600000,0.000000,4,4,4,4,5,6,7,8,8,8,8,387,0,4,4.210063307198638,1.9648000015877187,60.459100001025945,83.9922480620155
1790084882,43,,Aggregated,34.300000,0.000000,4,5,6,6,7,8,10,14,20,20,20,915,0,4,5.119722076075258,1.9648000015877187,60.459100001025945,24015.751912568307
1790084883,44,GET,[GET] /actuator/health,5.100000,0.000000,5,5,5,5,6,7,7,7,7,7,7,134,0,4,4.658672387504067,2.6763000059872866,10.340399996493943,49.0
1790084883,44,GET,[GET] /api/soporte/election/status,5.300000,0.000000,3,4,4,4,5,6,7,10,10,10,10,146,0,4,4.1504219173986385,2.414000002318062,10.269000005791895,78.0
1790084883,44,GET,[GET] /api/soporte/tickets,9.700000,0.000000,6,7,7,8,9,12,14,14,20,20,20,273,0,7,7.1578919408875326,4.308899995521642,26.977600005920976,84651.0
1790084883,44,GET,[GET] /health,14.600000,0.000000,4,4,4,4,5,6,7,8,9,9,9,405,0,4,4.198618518277704,1.9648000015877187,60.459100001025945,83.99259259259259
1790084883,44,,Aggregated,34.700000,0.000000,4,5,6,6,7,8,10,14,20,20,20,958,0,4,5.098923486044376,1.9648000015877187,60.459100001025945,24177.133611691024
1790084884,45,GET,[GET] /actuator/health,5.300000,0.000000,5,5,5,5,6,7,7,7,7,7,7,143,0,4,4.649069929642804,2.6763000059872866,10.340399996493943,49.0
1790084884,45,GET,[GET] /api/soporte/election/status,5.300000,0.000000,3,4,4,4,5,6,7,10,10,10,10,151,0,4,4.136184767807606,2.414000002318062,10.269000005791895,78.0
1790084884,45,GET,[GET] /api/soporte/tickets,10.200000,0.000000,6,7,8,8,10,12,14,14,20,20,20,284,0,7,7.1471070417393205,4.308899995521642,26.977600005920976,84651.0
1790084884,45,GET,[GET] /health,15.200000,0.000000,4,4,4,4,5,6,7,8,9,9,9,426,0,4,4.160486150094627,1.9648000015877187,60.459100001025945,83.99295774647888
1790084884,45,,Aggregated,36.000000,0.000000,4,5,6,6,7,8,12,14,20,20,20,1004,0,4,5.071241433936402,1.9648000015877187,60.459100001025945,23999.45219123506
1790084885,46,GET,[GET] /actuator/health,5.200000,0.000000,5,5,5,6,6,7,7,26,26,26,26,146,0,4,4.789238355791496,2.6763000059872866,26.217199992970563,49.0
1790084885,46,GET,[GET] /api/soporte/election/status,5.500000,0.000000,4,4,4,5,5,7,7,10,10,10,10,159,0,4,4.157366037332898,2.414000002318062,10.269000005791895,78.0
1790084885,46,GET,[GET] /api/soporte/tickets,11.400000,0.000000,6,7,8,8,10,12,14,14,20,20,20,298,0,7,7.132821140444412,4.308899995521642,26.977600005920976,84651.0
1790084885,46,GET,[GET] /health,15.700000,0.000000,4,4,4,4,5,6,7,9,12,12,12,447,0,4,4.153167337668284,1.9648000015877187,60.459100001025945,83.99328859060402
1790084885,46,,Aggregated,37.800000,0.000000,4,5,6,6,7,9,12,14,26,26,26,1050,0,4,5.087901428258712,1.9648000015877187,60.459100001025945,24079.141904761906
1790084886,47,GET,[GET] /actuator/health,5.500000,0.000000,5,5,5,5,6,7,7,26,26,26,26,152,0,4,4.745948683864155,2.6763000059872866,26.217199992970563,49.0
1790084886,47,GET,[GET] /api/soporte/election/status,5.400000,0.000000,4,4,4,5,5,7,7,10,10,10,10,165,0,4,4.129113939019259,2.414000002318062,10.269000005791895,78.0
1790084886,47,GET,[GET] /api/soporte/tickets,11.500000,0.000000,6,7,8,8,10,12,14,14,20,20,20,314,0,7,7.08902261091454,4.308899995521642,26.977600005920976,84651.0
1790084886,47,GET,[GET] /health,16.200000,0.000000,4,4,4,4,5,6,7,9,12,12,12,467,0,4,4.126136188135568,1.9648000015877187,60.459100001025945,83.99357601713062
1790084886,47,,Aggregated,38.600000,0.000000,4,5,6,6,7,9,12,14,26,26,26,1098,0,4,5.059696447697637,1.9648000015877187,60.459100001025945,24262.25591985428
1790084887,48,GET,[GET] /actuator/health,5.600000,0.000000,4,5,5,5,6,7,7,26,26,26,26,161,0,4,4.700898136242195,2.6763000059872866,26.217199992970563,49.0
1790084887,48,GET,[GET] /api/soporte/election/status,5.500000,0.000000,4,4,4,5,5,7,7,10,10,10,10,174,0,4,4.091572413477249,2.414000002318062,10.269000005791895,78.0
1790084887,48,GET,[GET] /api/soporte/tickets,11.700000,0.000000,6,7,8,8,9,11,13,14,14,14,14,322,0,7,7.074481987017308,4.308899995521642,26.977600005920976,84651.0
1790084887,48,GET,[GET] /health,17.000000,0.000000,4,4,4,4,5,6,7,9,12,12,12,486,0,4,4.10044938245038,1.9648000015877187,60.459100001025945,83.99382716049382
1790084887,48,,Aggregated,39.800000,0.000000,4,5,6,6,7,8,11,12,26,26,26,1143,0,4,5.021504636544613,1.9648000015877187,60.459100001025945,23901.92825896763
1790084888,49,GET,[GET] /actuator/health,5.300000,0.000000,4,5,5,5,6,7,7,26,26,26,26,167,0,4,4.712573652229589,2.6763000059872866,26.217199992970563,49.0
1790084888,49,GET,[GET] /api/soporte/election/status,5.600000,0.000000,4,4,4,5,5,7,7,10,10,10,10,178,0,4,4.082721909929951,2.414000002318062,10.269000005791895,78.0
1790084888,49,GET,[GET] /api/soporte/tickets,11.600000,0.000000,6,7,8,8,9,11,13,14,14,14,14,330,0,7,7.048522423693529,4.308899995521642,26.977600005920976,84651.0
1790084888,49,GET,[GET] /health,17.900000,0.000000,4,4,4,4,5,5,7,9,12,12,12,516,0,4,4.063318216774564,1.9648000015877187,60.459100001025945,83.99418604651163
1790084888,49,,Aggregated,40.400000,0.000000,4,5,6,6,7,8,11,12,26,26,26,1191,0,4,4.984390343882798,1.9648000015877187,60.459100001025945,23509.85558354324
1790084889,50,GET,[GET] /actuator/health,5.800000,0.000000,4,5,5,5,5,7,7,26,26,26,26,176,0,4,4.666286931420803,2.6763000059872866,26.217199992970563,49.0
1790084889,50,GET,[GET] /api/soporte/election/status,5.500000,0.000000,4,4,4,5,6,7,7,10,10,10,10,185,0,4,4.082068107940407,2.414000002318062,10.269000005791895,78.0
1790084889,50,GET,[GET] /api/soporte/tickets,12.600000,0.000000,6,7,7,8,9,11,12,13,14,14,14,343,0,7,7.039096792406367,4.308899995521642,26.977600005920976,84651.0
1790084889,50,GET,[GET] /health,18.200000,0.000000,4,4,4,4,5,6,7,9,12,12,12,539,0,4,4.0586417437127595,1.9648000015877187,60.459100001025945,83.99443413729128
1790084889,50,,Aggregated,42.100000,0.000000,4,5,6,6,7,8,11,12,26,26,26,1243,0,4,4.97060917100209,1.9648000015877187,60.459100001025945,23414.014481094127
1790084890,51,GET,[GET] /actuator/health,6.200000,0.000000,4,5,5,5,5,6,7,26,26,26,26,185,0,4,4.625083783458969,2.6763000059872866,26.217199992970563,49.0
1790084890,51,GET,[GET] /api/soporte/election/status,6.100000,0.000000,4,4,4,5,6,7,7,10,10,10,10,194,0,4,4.07101649461859,2.414000002318062,10.269000005791895,78.0
1790084890,51,GET,[GET] /api/soporte/tickets,12.700000,0.000000,6,7,7,8,9,11,12,13,14,14,14,354,0,7,7.022879095560619,4.308899995521642,26.977600005920976,84651.0
1790084890,51,GET,[GET] /health,18.200000,0.000000,3,4,4,4,5,5,7,7,12,12,12,563,0,4,4.030953108121725,1.9648000015877187,60.459100001025945,83.99467140319716
1790084890,51,,Aggregated,43.200000,0.000000,4,5,6,6,7,8,11,12,26,26,26,1296,0,4,4.9389996138865015,1.9648000015877187,60.459100001025945,23177.422839506173
1790084891,52,GET,[GET] /actuator/health,6.200000,0.000000,4,4,5,5,5,7,8,26,26,26,26,193,0,4,4.625120725065899,2.6763000059872866,26.217199992970563,49.0
1790084891,52,GET,[GET] /api/soporte/election/status,5.800000,0.000000,4,4,4,5,6,7,7,10,10,10,10,201,0,4,4.049097014714463,2.414000002318062,10.269000005791895,78.0
1790084891,52,GET,[GET] /api/soporte/tickets,12.500000,0.000000,6,7,7,8,9,11,12,13,14,14,14,365,0,6,6.98728904061096,4.308899995521642,26.977600005920976,84651.0
1790084891,52,GET,[GET] /health,19.500000,0.000000,3,4,4,4,5,5,7,7,12,12,12,588,0,4,4.007132312637907,1.9648000015877187,60.459100001025945,83.99489795918367
1790084891,52,,Aggregated,44.000000,0.000000,4,5,5,6,7,8,10,12,26,26,26,1347,0,4,4.909481142946857,1.9648000015877187,60.459100001025945,22993.421677802526
1790084892,53,GET,[GET] /actuator/health,6.300000,0.000000,4,4,5,5,5,7,8,26,26,26,26,203,0,4,4.6204901475280415,2.6763000059872866,26.217199992970563,49.0
1790084892,53,GET,[GET] /api/soporte/election/status,6.000000,0.000000,4,4,4,4,5,6,7,7,7,7,7,207,0,4,4.036029951564252,2.3138000105973333,10.269000005791895,78.0
1790084892,53,GET,[GET] /api/soporte/tickets,12.500000,0.000000,6,7,7,8,10,12,15,16,18,18,18,385,0,7,7.091847012520997,4.308899995521642,26.977600005920976,84651.0
1790084892,53,GET,[GET] /health,20.200000,0.000000,3,4,4,4,5,5,6,7,12,12,12,606,0,4,3.9944650162087845,1.9648000015877187,60.459100001025945,83.99009900990099
1790084892,53,,Aggregated,45.000000,0.000000,4,5,5,6,7,8,11,13,26,26,26,1401,0,4,4.942487223101428,1.9648000015877187,60.459100001025945,23317.363311920057
1790084893,54,GET,[GET] /actuator/health,6.900000,0.000000,4,4,5,5,5,7,8,26,26,26,26,213,0,4,4.588382628783497,2.6763000059872866,26.217199992970563,49.0
1790084893,54,GET,[GET] /api/soporte/election/status,6.300000,0.000000,4,4,4,4,5,6,7,7,7,7,7,214,0,4,4.039514953190043,2.3138000105973333,10.269000005791895,78.0
1790084893,54,GET,[GET] /api/soporte/tickets,12.100000,0.000000,6,7,8,8,10,11,15,16,18,18,18,404,0,6,7.072948514268328,4.308899995521642,26.977600005920976,84651.0
1790084893,54,GET,[GET] /health,21.200000,0.000000,3,4,4,4,5,5,6,7,12,12,12,627,0,4,3.975931419191646,1.9648000015877187,60.459100001025945,83.99043062200957
1790084893,54,,Aggregated,46.500000,0.000000,4,5,6,6,7,8,11,13,26,26,26,1458,0,4,4.9328956786770375,1.9648000015877187,60.459100001025945,23510.833333333332
1790084894,55,GET,[GET] /actuator/health,7.000000,0.000000,4,4,5,5,5,6,8,26,26,26,26,221,0,4,4.575590497436954,2.6763000059872866,26.217199992970563,49.0
1790084894,55,GET,[GET] /api/soporte/election/status,6.400000,0.000000,4,4,4,4,5,6,8,8,8,8,8,219,0,4,4.068514155226624,2.3138000105973333,10.269000005791895,78.0
1790084894,55,GET,[GET] /api/soporte/tickets,12.000000,0.000000,6,7,7,8,10,12,16,17,18,18,18,417,0,6,7.086988009016333,4.308899995521642,26.977600005920976,84651.0
1790084894,55,GET,[GET] /health,22.500000,0.000000,3,4,4,4,5,5,7,9,13,13,13,658,0,4,3.986733586341284,1.9648000015877187,60.459100001025945,83.99088145896657
1790084894,55,,Aggregated,47.900000,0.000000,4,5,6,6,7,8,12,15,26,26,26,1515,0,4,4.937791946865065,1.9648000015877187,60.459100001025945,23354.880528052807
1790084895,56,GET,[GET] /actuator/health,7.600000,0.000000,4,4,5,5,5,6,7,8,8,8,8,228,0,4,4.559405701512699,2.6763000059872866,26.217199992970563,49.0
1790084895,56,GET,[GET] /api/soporte/election/status,6.700000,0.000000,3,4,4,5,6,6,8,11,11,11,11,224,0,4,4.089555357105772,2.3138000105973333,11.290700000245124,78.0
1790084895,56,GET,[GET] /api/soporte/tickets,12.300000,0.000000,6,7,7,8,9,12,16,17,18,18,18,433,0,6,7.050420784587191,4.296900006011128,26.977600005920976,84651.0
1790084895,56,GET,[GET] /health,21.600000,0.000000,3,4,4,4,5,5,6,7,13,13,13,689,0,4,3.969549346673478,1.9648000015877187,60.459100001025945,83.99129172714079
1790084895,56,,Aggregated,48.200000,0.000000,4,5,6,6,7,8,11,13,18,18,18,1574,0,4,4.9196039387044905,1.9648000015877187,60.459100001025945,23342.056543837356
1790084896,57,GET,[GET] /actuator/health,7.700000,0.000000,4,4,5,5,5,6,7,8,8,8,8,233,0,4,4.5423257508032355,2.6763000059872866,26.217199992970563,49.0
1790084896,57,GET,[GET] /api/soporte/election/status,6.700000,0.000000,3,4,4,5,6,7,8,11,11,11,11,234,0,4,4.0686414530426145,2.3138000105973333,11.290700000245124,78.0
1790084896,57,GET,[GET] /api/soporte/tickets,12.900000,0.000000,6,7,7,7,9,12,16,17,18,18,18,448,0,6,7.005920535155902,4.296900006011128,26.977600005920976,84651.0
1790084896,57,GET,[GET] /health,22.200000,0.000000,3,4,4,4,5,5,6,7,13,13,13,709,0,4,3.9532589559901075,1.9648000015877187,60.459100001025945,83.99153737658675
1790084896,57,,Aggregated,49.500000,0.000000,4,5,5,6,7,8,11,13,18,18,18,1624,0,4,4.896512930724111,1.9648000015877187,60.459100001025945,23406.93780788177
1790084897,58,GET,[GET] /actuator/health,7.700000,0.000000,4,4,5,5,5,6,8,8,8,8,8,235,0,4,4.552896595510476,2.6763000059872866,26.217199992970563,49.0
1790084897,58,GET,[GET] /api/soporte/election/status,6.400000,0.000000,3,4,4,5,6,7,8,11,11,11,11,243,0,4,4.044952263460119,2.3138000105973333,11.290700000245124,78.0
1790084897,58,GET,[GET] /api/soporte/tickets,13.300000,0.000000,6,7,7,7,9,12,17,18,18,18,18,470,0,6,6.98353851014659,4.296900006011128,26.977600005920976,84651.0
1790084897,58,GET,[GET] /health,23.100000,0.000000,3,4,4,4,5,5,7,8,13,13,13,734,0,4,3.9350663485094,1.9648000015877187,60.459100001025945,83.99182561307902
1790084897,58,,Aggregated,50.500000,0.000000,4,5,6,6,7,8,11,13,18,18,18,1682,0,4,4.889093876064547,1.9648000015877187,60.459100001025945,23708.73305588585
1790084898,59,GET,[GET] /actuator/health,8.100000,0.000000,4,4,5,5,5,6,8,8,8,8,8,243,0,4,4.5437728392090575,2.502999996067956,26.217199992970563,49.0
1790084898,59,GET,[GET] /api/soporte/election/status,6.700000,0.000000,3,4,4,4,6,7,8,11,11,11,11,247,0,4,4.04631700417402,2.3138000105973333,11.290700000245124,78.0
1790084898,59,GET,[GET] /api/soporte/tickets,13.500000,0.000000,6,7,7,7,9,12,16,18,18,18,18,489,0,6,6.96334437590239,4.296900006011128,26.977600005920976,84651.0
1790084898,59,GET,[GET] /health,24.100000,0.000000,3,4,4,4,5,5,7,8,13,13,13,766,0,4,3.9204396863518753,1.9648000015877187,60.459100001025945,83.99216710182768
1790084898,59,,Aggregated,52.400000,0.000000,4,5,6,6,7,8,11,13,18,18,18,1745,0,4,4.8777703722181025,1.9648000015877187,60.459100001025945,23776.418338108884
1790084899,60,GET,[GET] /actuator/health,7.800000,0.000000,4,5,5,5,6,7,8,8,8,8,8,250,0,4,4.557409599714447,2.502999996067956,26.217199992970563,49.0
1790084899,60,GET,[GET] /api/soporte/election/status,7.000000,0.000000,3,4,4,4,6,7,8,11,11,11,11,256,0,4,4.026385937550003,2.253700004075654,11.290700000245124,78.0
1790084899,60,GET,[GET] /api/soporte/tickets,13.800000,0.000000,6,7,7,7,9,12,18,20,22,22,22,512,0,6,6.987940038584384,4.296900006011128,26.977600005920976,84651.0
1790084899,60,GET,[GET] /health,24.300000,0.000000,3,4,4,4,5,5,7,8,13,13,13,784,0,4,3.9078718108593957,1.9648000015877187,60.459100001025945,83.99234693877551
1790084899,60,,Aggregated,52.900000,0.000000,4,5,6,6,7,8,12,16,22,22,22,1802,0,4,4.889957824312089,1.9648000015877187,60.459100001025945,24106.20421753607
1790084900,61,GET,[GET] /actuator/health,7.200000,0.000000,4,5,5,5,6,7,8,8,8,8,8,259,0,4,4.553248262305701,2.4846000014804304,26.217199992970563,49.0
1790084900,61,GET,[GET] /api/soporte/election/status,6.800000,0.000000,4,4,4,4,5,7,8,11,11,11,11,269,0,4,4.0139576209104035,2.253700004075654,11.290700000245124,78.0
1790084900,61,GET,[GET] /api/soporte/tickets,15.200000,0.000000,6,7,7,7,9,12,18,20,22,22,22,527,0,6,6.960913472082351,4.296900006011128,26.977600005920976,84651.0
1790084900,61,GET,[GET] /health,25.200000,0.000000,3,4,4,4,5,5,8,8,13,13,13,810,0,4,3.906085802171017,1.9648000015877187,60.459100001025945,83.99259259259259
1790084900,61,,Aggregated,54.400000,0.000000,4,5,6,6,7,8,11,16,22,22,22,1865,0,4,4.874732868368899,1.9648000015877187,60.459100001025945,23974.68310991957
1790084901,62,GET,[GET] /actuator/health,7.300000,0.000000,4,5,5,5,6,7,8,8,8,8,8,267,0,4,4.540952434250998,2.4846000014804304,26.217199992970563,49.0
1790084901,62,GET,[GET] /api/soporte/election/status,7.000000,0.000000,4,4,4,4,5,8,11,11,11,11,11,278,0,4,4.024885251880255,2.253700004075654,11.290700000245124,78.0
1790084901,62,GET,[GET] /api/soporte/tickets,15.600000,0.000000,6,7,7,7,9,12,18,20,22,22,22,549,0,6,6.934872312984007,4.296900006011128,26.977600005920976,84651.0
1790084901,62,GET,[GET] /health,24.800000,0.000000,3,4,4,4,5,6,8,9,13,13,13,835,0,4,3.9048905386784654,1.9648000015877187,60.459100001025945,83.99281437125748
1790084901,62,,Aggregated,54.700000,0.000000,4,5,6,6,7,8,11,16,22,22,22,1929,0,4,4.872566562774736,1.9648000015877187,60.459100001025945,24146.345256609642
1790084902,63,GET,[GET] /actuator/health,7.300000,0.000000,4,5,5,5,6,7,8,8,8,8,8,279,0,4,4.527113261400208,2.4846000014804304,26.217199992970563,49.0
1790084902,63,GET,[GET] /api/soporte/election/status,6.900000,0.000000,4,4,4,4,5,8,11,11,11,11,11,282,0,4,4.025617375984749,2.253700004075654,11.290700000245124,78.0
1790084902,63,GET,[GET] /api/soporte/tickets,16.700000,0.000000,6,6,7,7,8,10,17,20,22,22,22,561,0,6,6.924881461327946,4.296900006011128,26.977600005920976,84651.0
1790084902,63,GET,[GET] /health,24.300000,0.000000,3,4,4,4,5,6,8,9,13,13,13,868,0,4,3.9024294928654553,1.9648000015877187,60.459100001025945,83.99308755760369
1790084902,63,,Aggregated,55.200000,0.000000,4,5,6,6,7,8,10,12,22,22,22,1990,0,4,4.859525627924899,1.9648000015877187,60.459100001025945,23918.484422110552
1790084903,64,GET,[GET] /actuator/health,7.400000,0.000000,4,5,5,5,6,7,8,8,8,8,8,288,0,4,4.51396874975924,2.4846000014804304,26.217199992970563,49.0
1790084903,64,GET,[GET] /api/soporte/election/status,7.300000,0.000000,4,4,4,4,5,8,11,11,11,11,11,288,0,4,4.008549652856648,2.253700004075654,11.290700000245124,78.0
1790084903,64,GET,[GET] /api/soporte/tickets,17.500000,0.000000,6,6,7,7,8,9,17,20,22,22,22,579,0,6,6.906165630045542,4.296900006011128,26.977600005920976,84651.0
1790084903,64,GET,[GET] /health,24.500000,0.000000,3,4,4,4,5,6,8,9,13,13,13,899,0,4,3.889038487021175,1.9648000015877187,60.459100001025945,83.99332591768632
1790084903,64,,Aggregated,56.700000,0.000000,4,5,6,6,7,8,9,12,22,22,22,2054,0,4,4.843914702814889,1.9648000015877187,60.459100001025945,23916.755111976632
1790084904,65,GET,[GET] /actuator/health,7.300000,0.000000,4,5,5,5,6,7,8,8,8,8,8,292,0,4,4.511935616168034,2.4846000014804304,26.217199992970563,49.0
1790084904,65,GET,[GET] /api/soporte/election/status,7.700000,0.000000,4,4,4,4,5,6,11,11,11,11,11,295,0,4,4.0061816950012945,2.253700004075654,11.290700000245124,78.0
1790084904,65,GET,[GET] /api/soporte/tickets,18.300000,0.000000,6,7,7,7,8,9,12,20,22,22,22,598,0,6,6.901312708657275,4.296900006011128,26.977600005920976,84651.0
1790084904,65,GET,[GET] /health,24.400000,0.000000,3,4,4,4,5,6,8,8,12,12,12,927,0,4,3.8989711972744683,1.9648000015877187,60.459100001025945,83.99352750809061
1790084904,65,,Aggregated,57.700000,0.000000,4,5,6,6,7,8,9,11,22,22,22,2112,0,4,4.848787925945516,1.9648000015877187,60.459100001025945,24022.953598484848
1790084905,66,GET,[GET] /actuator/health,7.400000,0.000000,4,4,5,5,6,7,8,8,8,8,8,303,0,4,4.490021452067186,2.4846000014804304,26.217199992970563,49.0
1790084905,66,GET,[GET] /api/soporte/election/status,7.200000,0.000000,4,4,4,4,5,5,7,11,11,11,11,303,0,4,3.995773927485355,2.253700004075654,11.290700000245124,78.0
1790084905,66,GET,[GET] /api/soporte/tickets,17.200000,0.000000,6,7,7,7,8,9,13,20,22,22,22,619,0,6,6.891951211275847,4.296900006011128,26.977600005920976,84651.0
1790084905,66,GET,[GET] /health,26.800000,0.000000,3,4,4,4,5,7,8,8,12,12,12,963,0,4,3.8903263757429167,1.9648000015877187,60.459100001025945,83.99065420560747
1790084905,66,,Aggregated,58.600000,0.000000,4,5,6,6,7,8,9,11,22,22,22,2188,0,4,4.837156352662065,1.9648000015877187,60.459100001025945,24002.894424131628
1790084906,67,GET,[GET] /actuator/health,7.500000,0.000000,4,4,5,5,6,7,7,8,8,8,8,311,0,4,4.481418970929252,2.4846000014804304,26.217199992970563,49.0
1790084906,67,GET,[GET] /api/soporte/election/status,7.600000,0.000000,4,4,4,4,5,5,7,11,11,11,11,314,0,4,3.9882493630988867,2.253700004075654,11.290700000245124,78.0
1790084906,67,GET,[GET] /api/soporte/tickets,17.500000,0.000000,6,7,7,7,8,9,12,20,22,22,22,637,0,6,6.866159183364303,4.296900006011128,26.977600005920976,84651.0
1790084906,67,GET,[GET] /health,26.700000,0.000000,3,4,4,4,5,7,8,8,12,12,12,996,0,4,3.8767205821412163,1.9648000015877187,60.459100001025945,83.99096385542168
1790084906,67,,Aggregated,59.300000,0.000000,4,5,6,6,7,8,9,11,22,22,22,2258,0,4,4.818861248710257,1.9648000015877187,60.459100001025945,23935.373339238264
1790084907,68,GET,[GET] /actuator/health,7.200000,0.000000,4,4,5,5,6,7,7,8,8,8,8,318,0,4,4.4679899369868,2.4846000014804304,26.217199992970563,49.0
1790084907,68,GET,[GET] /api/soporte/election/status,7.600000,0.000000,4,4,4,4,5,5,7,11,11,11,11,322,0,4,3.981043788868723,2.253700004075654,11.290700000245124,78.0
1790084907,68,GET,[GET] /api/soporte/tickets,17.700000,0.000000,6,7,7,7,8,9,12,20,22,22,22,656,0,6,6.842705182684656,4.296900006011128,26.977600005920976,84651.0
1790084907,68,GET,[GET] /health,27.300000,0.000000,3,4,4,4,5,7,8,8,12,12,12,1023,0,4,3.874106842446171,1.9648000015877187,60.459100001025945,83.99120234604105
1790084907,68,,Aggregated,59.800000,0.000000,4,5,6,6,7,8,9,11,22,22,22,2319,0,4,4.8101521343859845,1.9648000015877187,60.459100001025945,24000.72315653299
1790084908,69,GET,[GET] /actuator/health,7.500000,0.000000,4,4,5,5,6,7,8,8,8,8,8,330,0,4,4.466967272596913,2.4846000014804304,26.217199992970563,49.0
1790084908,69,GET,[GET] /api/soporte/election/status,7.600000,0.000000,4,4,4,4,5,6,7,11,11,11,11,329,0,4,3.9870942249525436,2.253700004075654,11.290700000245124,78.0
1790084908,69,GET,[GET] /api/soporte/tickets,18.300000,0.000000,6,7,7,7,8,9,12,20,22,22,22,675,0,6,6.834241925669765,4.296900006011128,26.977600005920976,84651.0
1790084908,69,GET,[GET] /health,27.500000,0.000000,4,4,4,4,6,7,8,8,12,12,12,1057,0,4,3.897452696080385,1.9648000015877187,60.459100001025945,83.9914853358562
1790084908,69,,Aggregated,60.900000,0.000000,4,5,6,6,7,8,9,11,22,22,22,2391,0,4,4.817471350711178,1.9648000015877187,60.459100001025945,23952.33626097867
1790084909,70,GET,[GET] /actuator/health,7.800000,0.000000,4,4,5,5,6,6,7,8,8,8,8,340,0,4,4.437710294030908,2.4846000014804304,26.217199992970563,49.0
1790084909,70,GET,[GET] /api/soporte/election/status,7.900000,0.000000,4,4,4,4,5,6,7,11,11,11,11,339,0,4,3.970392625327332,2.253700004075654,11.290700000245124,78.0
1790084909,70,GET,[GET] /api/soporte/tickets,18.400000,0.000000,6,7,7,7,8,9,10,12,13,13,13,694,0,6,6.835658933462606,4.296900006011128,26.977600005920976,84651.0
1790084909,70,GET,[GET] /health,28.400000,0.000000,4,4,4,4,6,7,8,8,12,12,12,1085,0,4,3.898688202561845,1.796900003682822,60.459100001025945,83.99170506912442
1790084909,70,,Aggregated,62.500000,0.000000,4,5,6,6,7,8,9,10,13,13,13,2458,0,4,4.812371277281987,1.796900003682822,60.459100001025945,23955.259153783565
1790084910,71,GET,[GET] /actuator/health,8.400000,0.000000,4,4,4,5,5,6,6,8,8,8,8,352,0,4,4.409563636355332,2.4846000014804304,26.217199992970563,49.0
1790084910,71,GET,[GET] /api/soporte/election/status,7.800000,0.000000,3,4,4,4,5,6,7,11,11,11,11,346,0,4,3.9614277456603095,2.253700004075654,11.290700000245124,78.0
1790084910,71,GET,[GET] /api/soporte/tickets,18.100000,0.000000,6,7,7,7,8,9,11,12,13,13,13,715,0,6,6.821586852942079,4.296900006011128,26.977600005920976,84651.0
1790084910,71,GET,[GET] /health,28.600000,0.000000,4,4,4,5,6,7,7,8,12,12,12,1113,0,4,3.895152650284748,1.796900003682822,60.459100001025945,83.99191374663073
1790084910,71,,Aggregated,62.900000,0.000000,4,5,6,6,7,8,9,10,13,13,13,2526,0,4,4.804259659388779,1.796900003682822,60.459100001025945,24015.512272367378
1790084911,72,GET,[GET] /actuator/health,8.700000,0.000000,4,4,4,5,6,6,8,8,8,8,8,363,0,4,4.415016804432776,2.4846000014804304,26.217199992970563,49.0
1790084911,72,GET,[GET] /api/soporte/election/status,7.800000,0.000000,3,4,4,4,5,6,7,7,7,7,7,352,0,4,3.9590508523278087,2.253700004075654,11.290700000245124,78.0
1790084911,72,GET,[GET] /api/soporte/tickets,18.600000,0.000000,6,7,7,7,8,10,11,12,13,13,13,737,0,6,6.818258344346475,4.296900006011128,26.977600005920976,84651.0
1790084911,72,GET,[GET] /health,28.800000,0.000000,4,4,4,5,6,7,8,8,12,12,12,1144,0,4,3.9071297200712727,1.796900003682822,60.459100001025945,83.99213286713287
1790084911,72,,Aggregated,63.900000,0.000000,4,5,6,6,7,8,9,10,13,13,13,2596,0,4,4.811652465166939,1.796900003682822,60.459100001025945,24086.71687211094
1790084912,73,GET,[GET] /actuator/health,9.000000,0.000000,4,4,4,5,6,8,8,9,9,9,9,377,0,4,4.4496973476401065,2.4846000014804304,26.217199992970563,49.0
1790084912,73,GET,[GET] /api/soporte/election/status,8.200000,0.000000,3,4,4,5,5,7,7,11,11,11,11,366,0,4,3.994771584825809,2.253700004075654,11.290700000245124,78.0
1790084912,73,GET,[GET] /api/soporte/tickets,18.400000,0.000000,6,7,7,7,9,10,12,13,20,20,20,748,0,6,6.841070989017963,4.296900006011128,26.977600005920976,84651.0
1790084912,73,GET,[GET] /health,30.100000,0.000000,4,4,4,5,6,7,8,8,10,10,10,1179,0,4,3.9183675995334726,1.796900003682822,60.459100001025945,83.99236641221374
1790084912,73,,Aggregated,65.700000,0.000000,4,5,6,6,7,8,10,11,20,20,20,2670,0,4,4.822658726495119,1.796900003682822,60.459100001025945,23769.661423220972
1790084913,74,GET,[GET] /actuator/health,9.000000,0.000000,4,4,5,5,7,8,8,9,9,9,9,387,0,4,4.465952196512829,2.4846000014804304,26.217199992970563,49.0
1790084913,74,GET,[GET] /api/soporte/election/status,7.800000,0.000000,3,4,4,5,6,7,7,11,11,11,11,377,0,4,3.981360742749414,2.253700004075654,11.290700000245124,78.0
1790084913,74,GET,[GET] /api/soporte/tickets,18.700000,0.000000,6,7,7,7,9,10,12,13,20,20,20,771,0,6,6.8473782099393254,4.290099997888319,26.977600005920976,84651.0
1790084913,74,GET,[GET] /health,30.100000,0.000000,4,4,4,5,6,7,8,8,10,10,10,1212,0,4,3.9159812705013857,1.796900003682822,60.459100001025945,83.99009900990099
1790084913,74,,Aggregated,65.600000,0.000000,4,5,6,6,7,8,10,11,20,20,20,2747,0,4,4.825189078914413,1.796900003682822,60.459100001025945,23813.646159446667
1790084914,75,GET,[GET] /actuator/health,9.600000,0.000000,4,4,5,5,7,8,8,8,9,9,9,396,0,4,4.481034596091091,2.4846000014804304,26.217199992970563,49.0
1790084914,75,GET,[GET] /api/soporte/election/status,7.500000,0.000000,4,4,4,5,6,7,11,30,30,30,30,389,0,4,4.059027763603406,2.253700004075654,29.917400010162964,78.0
1790084914,75,GET,[GET] /api/soporte/tickets,18.700000,0.000000,6,7,7,7,9,10,12,13,20,20,20,790,0,6,6.843140759303447,4.290099997888319,26.977600005920976,84651.0
1790084914,75,GET,[GET] /health,30.600000,0.000000,4,4,5,5,6,7,8,8,30,30,30,1250,0,4,3.9407130398903973,1.796900003682822,60.459100001025945,83.9904
1790084914,75,,Aggregated,66.400000,0.000000,4,5,6,6,7,8,10,11,30,30,30,2825,0,4,4.844397876037705,1.796900003682822,60.459100001025945,23727.08814159292
1790084915,76,GET,[GET] /actuator/health,9.800000,0.000000,4,4,5,5,7,8,8,8,9,9,9,406,0,4,4.463927093768559,2.4846000014804304,26.217199992970563,49.0
1790084915,76,GET,[GET] /api/soporte/election/status,8.300000,0.000000,4,4,4,5,6,7,11,30,30,30,30,399,0,4,4.065295488754215,2.253700004075654,29.917400010162964,78.0
1790084915,76,GET,[GET] /api/soporte/tickets,18.700000,0.000000,6,7,7,7,8,10,11,12,20,20,20,819,0,6,6.817601342887791,4.290099997888319,26.977600005920976,84651.0
1790084915,76,GET,[GET] /health,30.400000,0.000000,4,4,5,5,6,7,8,8,30,30,30,1277,0,4,3.9391719654385517,1.796900003682822,60.459100001025945,83.99060297572436
1790084915,76,,Aggregated,67.200000,0.000000,4,5,6,6,7,8,10,10,30,30,30,2901,0,4,4.842587176757359,1.796900003682822,60.459100001025945,23952.92692175112
1790084916,77,GET,[GET] /actuator/health,9.800000,0.000000,4,4,5,5,7,8,8,8,9,9,9,421,0,4,4.457338717533829,2.4846000014804304,26.217199992970563,49.0
1790084916,77,GET,[GET] /api/soporte/election/status,8.700000,0.000000,4,4,4,5,6,7,11,30,30,30,30,410,0,4,4.04970439025996,2.253700004075654,29.917400010162964,78.0
1790084916,77,GET,[GET] /api/soporte/tickets,19.100000,0.000000,6,7,7,8,8,10,10,12,20,20,20,843,0,6,6.801805575084784,4.290099997888319,26.977600005920976,84651.0
1790084916,77,GET,[GET] /health,31.200000,0.000000,4,4,5,5,6,7,8,8,30,30,30,1303,0,4,3.937212816463781,1.796900003682822,60.459100001025945,83.99079048349962
1790084916,77,,Aggregated,68.800000,0.000000,4,5,6,6,7,8,10,10,30,30,30,2977,0,4,4.837429895780015,1.796900003682822,60.459100001025945,24025.1400738999
1790084917,78,GET,[GET] /actuator/health,10.300000,0.000000,4,4,5,5,7,8,8,8,9,9,9,429,0,4,4.44582564116397,2.4846000014804304,26.217199992970563,49.0
1790084917,78,GET,[GET] /api/soporte/election/status,9.400000,0.000000,4,4,4,5,6,7,8,11,30,30,30,424,0,4,4.028270518900618,2.253700004075654,29.917400010162964,78.0
1790084917,78,GET,[GET] /api/soporte/tickets,19.200000,0.000000,6,7,7,8,9,10,11,12,20,20,20,868,0,6,6.7987269582944405,4.159799995250069,26.977600005920976,84651.0
1790084917,78,GET,[GET] /health,31.500000,0.000000,4,4,5,5,6,7,8,9,30,30,30,1328,0,4,3.930612650476112,1.796900003682822,60.459100001025945,83.99096385542168
1790084917,78,,Aggregated,70.400000,0.000000,4,5,6,6,7,8,10,11,30,30,30,3049,0,4,4.8331894062660075,1.796900003682822,60.459100001025945,24153.06690718268
1790084919,79,GET,[GET] /actuator/health,10.400000,0.000000,4,4,5,5,7,8,8,8,9,9,9,447,0,4,4.428489261785505,2.4846000014804304,26.217199992970563,49.0
1790084919,79,GET,[GET] /api/soporte/election/status,9.500000,0.000000,4,4,4,5,6,7,11,30,30,30,30,434,0,4,4.021144700534363,2.253700004075654,29.917400010162964,78.0
1790084919,79,GET,[GET] /api/soporte/tickets,20.000000,0.000000,6,7,7,8,9,10,12,13,20,20,20,895,0,6,6.808992290356217,4.159799995250069,26.977600005920976,84651.0
1790084919,79,GET,[GET] /health,31.100000,0.000000,4,4,5,5,6,7,8,9,30,30,30,1356,0,4,3.9326759585779323,1.796900003682822,60.459100001025945,83.99115044247787
1790084919,79,,Aggregated,71.000000,0.000000,4,5,6,6,7,8,10,11,30,30,30,3132,0,4,4.837633524824561,1.796900003682822,60.459100001025945,24244.026819923372
1790084920,80,GET,[GET] /actuator/health,10.900000,0.000000,4,4,5,5,7,8,8,8,9,9,9,457,0,4,4.415095186058923,2.4846000014804304,26.217199992970563,49.0
1790084920,80,GET,[GET] /api/soporte/election/status,9.600000,0.000000,4,4,4,5,6,7,11,30,30,30,30,443,0,4,4.015883295798125,2.253700004075654,29.917400010162964,78.0
1790084920,80,GET,[GET] /api/soporte/tickets,20.400000,0.000000,6,7,7,8,9,10,11,12,20,20,20,918,0,6,6.799032461753649,4.159799995250069,26.977600005920976,84651.0
1790084920,80,GET,[GET] /health,30.500000,0.000000,4,4,5,5,6,7,8,9,30,30,30,1389,0,4,3.9304344131585474,1.796900003682822,60.459100001025945,83.9913606911447
1790084920,80,,Aggregated,71.400000,0.000000,4,5,6,6,8,8,10,11,30,30,30,3207,0,4,4.832435297734508,1.796900003682822,60.459100001025945,24285.38478328656
1790084921,81,GET,[GET] /actuator/health,11.000000,0.000000,4,4,5,5,7,8,8,9,9,9,9,474,0,4,4.433022784961944,2.4846000014804304,26.217199992970563,49.0
1790084921,81,GET,[GET] /api/soporte/election/status,10.200000,0.000000,4,4,4,5,6,7,8,30,30,30,30,452,0,4,4.010809070790759,2.1597999875666574,29.917400010162964,78.0
1790084921,81,GET,[GET] /api/soporte/tickets,21.000000,0.000000,6,7,7,8,9,10,11,12,18,18,18,942,0,6,6.815908704736668,4.159799995250069,26.977600005920976,84651.0
1790084921,81,GET,[GET] /health,30.100000,0.000000,4,4,5,5,6,6,7,8,30,30,30,1432,0,4,3.94261759770187,1.796900003682822,60.459100001025945,83.99162011173185
1790084921,81,,Aggregated,72.300000,0.000000,4,5,6,6,7,8,10,11,30,30,30,3300,0,4,4.842591787830425,1.796900003682822,60.459100001025945,24218.18181818182
1790084922,82,GET,[GET] /actuator/health,11.700000,0.000000,4,4,5,5,6,8,8,8,9,9,9,482,0,4,4.43765912879441,2.4846000014804304,26.217199992970563,49.0
1790084922,82,GET,[GET] /api/soporte/election/status,10.500000,0.000000,4,4,4,4,6,8,10,30,30,30,30,464,0,4,4.015915948190829,2.1597999875666574,29.917400010162964,78.0
1790084922,82,GET,[GET] /api/soporte/tickets,21.900000,0.000000,6,7,7,8,9,10,11,13,31,31,31,960,0,6,6.826709166519625,4.159799995250069,30.993199994554743,84651.0
1790084922,82,GET,[GET] /health,29.800000,0.000000,4,4,5,5,6,6,8,9,30,30,30,1466,0,4,3.945647612482733,1.796900003682822,60.459100001025945,83.9918144611187
1790084922,82,,Aggregated,73.900000,0.000000,4,5,6,6,7,8,10,11,31,31,31,3372,0,4,4.845876897923481,1.796900003682822,60.459100001025945,24154.182087781734
1790084923,83,GET,[GET] /actuator/health,12.200000,0.000000,4,4,5,5,6,8,9,9,13,13,13,495,0,4,4.466290303213155,2.4846000014804304,26.217199992970563,49.0
1790084923,83,GET,[GET] /api/soporte/election/status,10.500000,0.000000,4,4,4,5,7,8,13,30,30,30,30,476,0,4,4.05507436966325,2.1597999875666574,29.917400010162964,78.0
1790084923,83,GET,[GET] /api/soporte/tickets,22.500000,0.000000,6,7,7,8,9,11,13,13,31,31,31,982,0,6,6.855395722769978,4.159799995250069,30.993199994554743,84651.0
1790084923,83,GET,[GET] /health,31.900000,0.000000,4,4,5,5,6,7,8,9,30,30,30,1512,0,4,3.9552411374850194,1.796900003682822,60.459100001025945,83.9920634920635
1790084923,83,,Aggregated,77.100000,0.000000,4,5,6,6,7,9,11,13,31,31,31,3465,0,4,4.863882337572203,1.796900003682822,60.459100001025945,24044.92380952381
1790084924,84,GET,[GET] /actuator/health,11.800000,0.000000,4,4,5,5,6,8,9,9,13,13,13,505,0,4,4.462450099181116,2.4846000014804304,26.217199992970563,49.0
1790084924,84,GET,[GET] /api/soporte/election/status,11.000000,0.000000,4,4,4,5,6,7,10,13,13,13,13,485,0,4,4.058711958710661,2.1597999875666574,29.917400010162964,78.0
1790084924,84,GET,[GET] /api/soporte/tickets,22.100000,0.000000,6,7,8,8,9,11,13,14,31,31,31,1005,0,6,6.866597313177888,4.159799995250069,30.993199994554743,84651.0
1790084924,84,GET,[GET] /health,32.100000,0.000000,4,4,5,5,6,7,8,8,11,11,11,1545,0,4,3.962970291187875,1.796900003682822,60.459100001025945,83.99223300970874
1790084924,84,,Aggregated,77.000000,0.000000,4,5,6,6,8,9,11,13,31,31,31,3540,0,4,4.871675706127169,1.796900003682822,60.459100001025945,24086.609604519774
1790084925,85,GET,[GET] /actuator/health,11.700000,0.000000,4,4,5,5,6,8,9,9,13,13,13,514,0,4,4.462540856221009,2.4846000014804304,26.217199992970563,49.0
1790084925,85,GET,[GET] /api/soporte/election/status,11.000000,0.000000,4,4,4,5,6,7,10,13,13,13,13,496,0,4,4.0495296370570415,2.1597999875666574,29.917400010162964,78.0
1790084925,85,GET,[GET] /api/soporte/tickets,23.400000,0.000000,6,7,8,8,10,11,13,17,31,31,31,1030,0,6,6.867685436623768,4.159799995250069,30.993199994554743,84651.0
1790084925,85,GET,[GET] /health,33.000000,0.000000,4,4,5,5,6,7,8,8,11,11,11,1586,0,4,3.9621605925944023,1.796900003682822,60.459100001025945,83.99243379571249
1790084925,85,,Aggregated,79.100000,0.000000,4,5,6,6,7,9,11,13,31,31,31,3626,0,4,4.870384831675426,1.796900003682822,60.459100001025945,24100.280198565913
1790084926,86,GET,[GET] /actuator/health,11.800000,0.000000,4,4,5,5,6,8,9,9,13,13,13,524,0,4,4.459616603269349,2.4846000014804304,26.217199992970563,49.0
1790084926,86,GET,[GET] /api/soporte/election/status,10.700000,0.000000,4,4,5,5,7,8,10,13,13,13,13,508,0,4,4.07223543292576,2.1597999875666574,29.917400010162964,78.0
1790084926,86,GET,[GET] /api/soporte/tickets,23.200000,0.000000,7,7,8,8,10,12,14,18,31,31,31,1054,0,6,6.902986337481914,4.159799995250069,31.14859999914188,84651.0
1790084926,86,GET,[GET] /health,33.100000,0.000000,4,4,5,5,6,7,8,8,11,11,11,1623,0,4,3.966796857598097,1.796900003682822,60.459100001025945,83.99260628465804
1790084926,86,,Aggregated,78.800000,0.000000,4,5,6,7,8,9,11,13,31,31,31,3709,0,4,4.885250363878963,1.796900003682822,60.459100001025945,24109.94176327851
1790084927,87,GET,[GET] /actuator/health,11.800000,0.000000,4,4,5,5,6,8,9,9,13,13,13,539,0,4,4.441242486379733,2.4846000014804304,26.217199992970563,49.0
1790084927,87,GET,[GET] /api/soporte/election/status,10.500000,0.000000,4,4,5,5,7,8,10,13,13,13,13,521,0,4,4.071783493193637,2.1597999875666574,29.917400010162964,78.0
1790084927,87,GET,[GET] /api/soporte/tickets,24.000000,0.000000,7,7,8,8,10,12,17,31,31,31,31,1074,0,6,6.923364431754355,4.159799995250069,31.167199995252304,84651.0
1790084927,87,GET,[GET] /health,33.600000,0.000000,4,4,5,5,6,7,8,8,11,11,11,1665,0,4,3.959463423365509,1.796900003682822,60.459100001025945,83.9927927927928
1790084927,87,,Aggregated,79.900000,0.000000,4,5,6,7,8,9,11,13,31,31,31,3799,0,4,4.8811342194578335,1.796900003682822,60.459100001025945,23985.804422216373
1790084928,88,GET,[GET] /actuator/health,11.700000,0.000000,4,5,5,5,6,8,9,9,13,13,13,555,0,4,4.434804324672121,2.4846000014804304,26.217199992970563,49.0
1790084928,88,GET,[GET] /api/soporte/election/status,10.900000,0.000000,4,4,5,5,7,8,9,10,13,13,13,536,0,4,4.069242910299548,2.1597999875666574,29.917400010162964,78.0
1790084928,88,GET,[GET] /api/soporte/tickets,23.500000,0.000000,7,7,8,8,10,12,18,31,31,31,31,1094,0,6,6.91142861037647,4.159799995250069,31.167199995252304,84651.0
1790084928,88,GET,[GET] /health,34.400000,0.000000,4,4,5,5,6,7,8,8,11,11,11,1702,0,4,3.9523823736205403,1.796900003682822,60.459100001025945,83.99118683901293
1790084928,88,,Aggregated,80.500000,0.000000,4,5,6,6,8,9,11,13,31,31,31,3887,0,4,4.8702053768375615,1.796900003682822,60.459100001025945,23879.63725237973
1790084929,89,GET,[GET] /actuator/health,11.600000,0.000000,4,5,5,5,6,8,9,12,13,13,13,564,0,4,4.453496276926297,2.4846000014804304,26.217199992970563,49.0
1790084929,89,GET,[GET] /api/soporte/election/status,11.100000,0.000000,4,4,5,5,7,8,9,10,13,13,13,546,0,4,4.067064468732236,2.1597999875666574,29.917400010162964,78.0
1790084929,89,GET,[GET] /api/soporte/tickets,23.000000,0.000000,7,7,8,8,10,13,17,31,31,31,31,1123,0,6,6.925934372002877,4.159799995250069,31.167199995252304,84651.0
1790084929,89,GET,[GET] /health,35.800000,0.000000,4,4,5,5,6,7,8,8,11,11,11,1748,0,4,3.9492863271715364,1.796900003682822,60.459100001025945,83.99141876430205
1790084929,89,,Aggregated,81.500000,0.000000,4,5,6,6,8,9,12,14,31,31,31,3981,0,4,4.876555111723012,1.796900003682822,60.459100001025945,23933.713639789
1790084930,90,GET,[GET] /actuator/health,12.500000,0.000000,4,5,5,5,6,7,9,12,13,13,13,578,0,4,4.449887543562824,2.4846000014804304,26.217199992970563,49.0
1790084930,90,GET,[GET] /api/soporte/election/status,11.100000,0.000000,4,4,5,5,7,7,9,10,13,13,13,559,0,4,4.06708067956952,2.1597999875666574,29.917400010162964,78.0
1790084930,90,GET,[GET] /api/soporte/tickets,22.300000,0.000000,7,7,8,8,10,12,16,31,31,31,31,1145,0,6,6.9120890827947115,4.159799995250069,31.167199995252304,84651.0
1790084930,90,GET,[GET] /health,37.100000,0.000000,4,4,5,5,6,7,7,8,11,11,11,1788,0,4,3.94311683438243,1.796900003682822,60.459100001025945,83.98993288590604
1790084930,90,,Aggregated,83.000000,0.000000,4,5,6,6,7,9,12,13,31,31,31,4070,0,4,4.867363144897888,1.796900003682822,60.459100001025945,23869.162899262898
1790084931,91,GET,[GET] /actuator/health,11.700000,0.000000,4,5,5,5,6,7,9,12,13,13,13,591,0,4,4.4569018615365215,2.4846000014804304,26.217199992970563,49.0
1790084931,91,GET,[GET] /api/soporte/election/status,11.000000,0.000000,4,4,5,5,6,7,8,9,13,13,13,575,0,4,4.067119304166662,2.1597999875666574,29.917400010162964,78.0
1790084931,91,GET,[GET] /api/soporte/tickets,22.400000,0.000000,7,7,8,8,10,13,17,31,34,34,34,1161,0,6,6.952610680260707,4.159799995250069,34.26700001000427,84651.0
1790084931,91,GET,[GET] /health,38.700000,0.000000,4,4,5,5,6,7,8,8,11,11,11,1828,0,4,3.956763293107636,1.796900003682822,60.459100001025945,83.99015317286653
1790084931,91,,Aggregated,83.800000,0.000000,4,5,6,6,7,9,12,14,34,34,34,4155,0,4,4.880280842273732,1.796900003682822,60.459100001025945,23708.09963898917
1790084932,92,GET,[GET] /actuator/health,12.100000,0.000000,4,5,5,5,6,7,8,9,12,12,12,607,0,4,4.472554860241701,2.4846000014804304,26.217199992970563,49.0
1790084932,92,GET,[GET] /api/soporte/election/status,11.400000,0.000000,4,4,5,5,6,7,8,8,9,9,9,588,0,4,4.071220748103144,2.1597999875666574,29.917400010162964,78.0
1790084932,92,GET,[GET] /api/soporte/tickets,22.700000,0.000000,7,7,8,8,9,12,17,31,34,34,34,1191,0,6,6.948823257622925,4.159799995250069,34.26700001000427,84651.0
1790084932,92,GET,[GET] /health,39.700000,0.000000,4,4,5,5,6,6,7,8,8,8,8,1867,0,4,3.951148580524439,1.796900003682822,60.459100001025945,83.99035886448848
1790084932,92,,Aggregated,85.900000,0.000000,4,5,6,6,7,8,10,14,34,34,34,4253,0,4,4.881627439388524,1.796900003682822,60.459100001025945,23760.112391253235
1790084933,93,GET,[GET] /actuator/health,11.700000,0.000000,4,5,5,6,7,7,9,9,12,12,12,617,0,4,4.493601134795404,2.4846000014804304,26.217199992970563,49.0
1790084933,93,GET,[GET] /api/soporte/election/status,12.300000,0.000000,4,4,5,5,6,7,8,9,9,9,9,602,0,4,4.0801169433268605,2.1597999875666574,29.917400010162964,78.0
1790084933,93,GET,[GET] /api/soporte/tickets,21.800000,0.000000,7,7,8,8,10,12,17,31,34,34,34,1219,0,6,6.979773338658543,4.159799995250069,34.26700001000427,84651.0
1790084933,93,GET,[GET] /health,39.400000,0.000000,4,4,5,5,6,6,7,8,9,9,9,1904,0,4,3.954929621781843,1.796900003682822,60.459100001025945,83.9905462184874
1790084933,93,,Aggregated,85.200000,0.000000,4,5,6,6,8,9,11,12,34,34,34,4342,0,4,4.89804514043043,1.796900003682822,60.459100001025945,23820.054352832794
1790084934,94,GET,[GET] /actuator/health,12.200000,0.000000,4,5,5,6,7,7,9,9,12,12,12,629,0,4,4.488689189489719,2.4846000014804304,26.217199992970563,49.0
1790084934,94,GET,[GET] /api/soporte/election/status,12.300000,0.000000,4,4,5,5,6,7,8,9,9,9,9,617,0,4,4.079688816700007,2.1597999875666574,29.917400010162964,78.0
1790084934,94,GET,[GET] /api/soporte/tickets,22.900000,0.000000,7,7,8,8,10,12,31,31,34,34,34,1249,0,6,6.9886113689442295,4.137800002354197,34.26700001000427,84651.0
1790084934,94,GET,[GET] /health,39.700000,0.000000,4,4,5,5,5,6,7,8,9,9,9,1939,0,4,3.95199865905007,1.796900003682822,60.459100001025945,83.99071686436308
1790084934,94,,Aggregated,87.100000,0.000000,4,5,6,6,8,9,11,12,34,34,34,4434,0,4,4.9012752593149225,1.796900003682822,60.459100001025945,23899.61750112765
1790084935,95,GET,[GET] /actuator/health,12.200000,0.000000,4,5,5,6,7,8,9,9,12,12,12,641,0,4,4.500279563449886,2.4846000014804304,26.217199992970563,49.0
1790084935,95,GET,[GET] /api/soporte/election/status,12.500000,0.000000,4,4,5,5,6,6,8,8,9,9,9,637,0,4,4.07073422277703,2.1597999875666574,29.917400010162964,78.0
1790084935,95,GET,[GET] /api/soporte/tickets,23.600000,0.000000,7,7,8,8,9,12,16,31,34,34,34,1270,0,6,6.992949606157751,4.137800002354197,34.26700001000427,84651.0
1790084935,95,GET,[GET] /health,39.200000,0.000000,4,4,5,5,5,6,7,8,14,14,14,1989,0,4,3.958021719402588,1.796900003682822,60.459100001025945,83.99095022624434
1790084935,95,,Aggregated,87.500000,0.000000,4,5,6,6,7,9,11,13,34,34,34,4537,0,4,4.899997377075697,1.796900003682822,60.459100001025945,23750.258540886047
1790084936,96,GET,[GET] /actuator/health,12.400000,0.000000,4,5,6,6,7,8,9,9,12,12,12,650,0,4,4.496093231024973,2.4846000014804304,26.217199992970563,49.0
1790084936,96,GET,[GET] /api/soporte/election/status,13.200000,0.000000,4,4,5,5,6,6,7,8,9,9,9,646,0,4,4.064202167055189,2.1597999875666574,29.917400010162964,78.0
1790084936,96,GET,[GET] /api/soporte/tickets,24.000000,0.000000,7,7,8,8,10,12,23,31,34,34,34,1303,0,6,7.016441672940324,4.137800002354197,34.26700001000427,84651.0
1790084936,96,GET,[GET] /health,39.100000,0.000000,4,4,5,5,6,6,7,8,14,14,14,2029,0,4,3.9546611630933852,1.796900003682822,60.459100001025945,83.99112863479546
1790084936,96,,Aggregated,88.700000,0.000000,4,5,6,6,8,9,11,14,34,34,34,4628,0,4,4.908030725981332,1.796900003682822,60.459100001025945,23887.836862575627
1790084937,97,GET,[GET] /actuator/health,12.700000,0.000000,4,5,6,6,7,8,9,9,12,12,12,663,0,4,4.487359427107213,2.4846000014804304,26.217199992970563,49.0
1790084937,97,GET,[GET] /api/soporte/election/status,13.900000,0.000000,4,4,4,5,5,6,7,8,9,9,9,657,0,4,4.0558456619600785,2.1597999875666574,29.917400010162964,78.0
1790084937,97,GET,[GET] /api/soporte/tickets,23.600000,0.000000,7,7,8,8,9,12,23,31,34,34,34,1325,0,6,7.006421131960486,4.137800002354197,34.26700001000427,84651.0
1790084937,97,GET,[GET] /health,39.900000,0.000000,4,4,5,5,6,6,8,8,14,14,14,2079,0,4,3.947975084100151,1.796900003682822,60.459100001025945,83.991341991342
1790084937,97,,Aggregated,90.100000,0.000000,4,5,6,6,8,9,11,14,34,34,34,4724,0,4,4.8965194961413445,1.796900003682822,60.459100001025945,23797.82514817951
1790084938,98,GET,[GET] /actuator/health,12.300000,0.000000,4,5,5,6,7,7,9,9,9,9,9,674,0,4,4.484056676856279,2.4846000014804304,26.217199992970563,49.0
1790084938,98,GET,[GET] /api/soporte/election/status,13.600000,0.000000,4,4,4,5,5,6,6,8,9,9,9,678,0,4,4.0381327432434,2.0478999940678477,29.917400010162964,78.0
1790084938,98,GET,[GET] /api/soporte/tickets,24.500000,0.000000,7,7,8,8,9,11,23,31,34,34,34,1347,0,6,7.004090497297796,4.031599994050339,34.26700001000427,84651.0
1790084938,98,GET,[GET] /health,40.400000,0.000000,4,4,4,5,6,6,8,8,14,14,14,2119,0,4,3.940463473273139,1.796900003682822,60.459100001025945,83.99150542708824
1790084938,98,,Aggregated,90.800000,0.000000,4,5,6,6,8,9,10,12,34,34,34,4818,0,4,4.886770485646756,1.796900003682822,60.459100001025945,23721.20900788709
1790084939,99,GET,[GET] /actuator/health,12.400000,0.000000,4,5,6,6,7,7,9,9,9,9,9,685,0,4,4.483900876205081,2.4831000046106055,26.217199992970563,49.0
1790084939,99,GET,[GET] /api/soporte/election/status,13.500000,0.000000,4,4,4,5,5,6,6,8,9,9,9,695,0,4,4.033938273176108,2.0478999940678477,29.917400010162964,78.0
1790084939,99,GET,[GET] /api/soporte/tickets,24.800000,0.000000,7,7,8,8,10,12,23,31,34,34,34,1374,0,6,7.011363173088447,4.031599994050339,34.26700001000427,84651.0
1790084939,99,GET,[GET] /health,41.300000,0.000000,4,4,4,5,6,6,8,8,14,14,14,2161,0,4,3.9410924108796257,1.796900003682822,60.459100001025945,83.99167052290606
1790084939,99,,Aggregated,92.000000,0.000000,4,5,6,6,8,9,11,13,34,34,34,4915,0,4,4.888173529967909,1.796900003682822,60.459100001025945,23719.177009155646
1790084940,100,GET,[GET] /actuator/health,11.700000,0.000000,4,5,5,6,7,7,9,9,9,9,9,697,0,4,4.476667145213514,2.4831000046106055,26.217199992970563,49.0
1790084940,100,GET,[GET] /api/soporte/election/status,14.000000,0.000000,4,4,4,5,5,6,6,8,9,9,9,710,0,4,4.0337309857394255,2.0478999940678477,29.917400010162964,78.0
1790084940,100,GET,[GET] /api/soporte/tickets,25.400000,0.000000,7,7,8,8,9,11,13,23,31,31,31,1411,0,6,6.993545570435457,4.031599994050339,34.26700001000427,84651.0
1790084940,100,GET,[GET] /health,41.300000,0.000000,4,4,4,5,5,6,8,8,14,14,14,2196,0,4,3.935685018164698,1.796900003682822,60.459100001025945,83.99180327868852
1790084940,100,,Aggregated,92.400000,0.000000,4,5,6,6,8,9,10,12,31,31,31,5014,0,4,4.88528980850876,1.796900003682822,60.459100001025945,23876.453928998802
1790084941,101,GET,[GET] /actuator/health,11.900000,0.000000,4,5,5,6,6,7,8,9,9,9,9,708,0,4,4.474077542672706,2.4831000046106055,26.217199992970563,49.0
1790084941,101,GET,[GET] /api/soporte/election/status,14.900000,0.000000,4,4,4,4,5,5,6,8,9,9,9,722,0,4,4.029464404290726,2.0478999940678477,29.917400010162964,78.0
1790084941,101,GET,[GET] /api/soporte/tickets,25.000000,0.000000,6,7,8,8,9,11,13,23,31,31,31,1442,0,6,6.983611303661842,4.031599994050339,34.26700001000427,84651.0
1790084941,101,GET,[GET] /health,41.400000,0.000000,4,4,4,5,6,7,8,9,14,14,14,2241,0,4,3.939911066417604,1.796900003682822,60.459100001025945,83.99196787148594
1790084941,101,,Aggregated,93.200000,0.000000,4,5,6,6,8,9,11,12,31,31,31,5113,0,4,4.884926344578996,1.796900003682822,60.459100001025945,23928.413064736946
1790084942,102,GET,[GET] /actuator/health,11.800000,0.000000,4,5,5,5,6,7,7,8,9,9,9,721,0,4,4.464566435807142,2.4831000046106055,26.217199992970563,49.0
1790084942,102,GET,[GET] /api/soporte/election/status,14.900000,0.000000,4,4,4,4,5,5,6,6,8,8,8,736,0,4,4.0319480976707025,2.0478999940678477,29.917400010162964,78.0
1790084942,102,GET,[GET] /api/soporte/tickets,26.100000,0.000000,6,7,7,8,9,10,15,23,31,31,31,1469,0,6,6.978153846046106,4.031599994050339,34.26700001000427,84651.0
1790084942,102,GET,[GET] /health,40.300000,0.000000,3,4,4,5,6,7,8,9,14,14,14,2295,0,4,3.9322511546051513,1.796900003682822,60.459100001025945,83.99215686274509
1790084942,102,,Aggregated,93.100000,0.000000,4,5,6,6,7,8,10,13,31,31,31,5221,0,4,4.876822562682079,1.796900003682822,60.459100001025945,23872.403371001725
1790084943,103,GET,[GET] /actuator/health,11.600000,0.000000,4,5,5,5,6,7,9,10,12,12,12,742,0,4,4.493205795453509,2.4831000046106055,26.217199992970563,49.0
1790084943,103,GET,[GET] /api/soporte/election/status,14.500000,0.000000,4,4,4,5,5,5,6,6,8,8,8,748,0,4,4.033336630819445,2.0478999940678477,29.917400010162964,78.0
1790084943,103,GET,[GET] /api/soporte/tickets,27.700000,0.000000,6,7,8,8,9,10,15,22,30,30,30,1494,0,6,6.983397121708657,4.031599994050339,34.26700001000427,84651.0
1790084943,103,GET,[GET] /health,40.900000,0.000000,3,4,4,5,6,7,8,9,14,14,14,2335,0,4,3.9387665524028295,1.796900003682822,60.459100001025945,83.99229122055675
1790084943,103,,Aggregated,94.700000,0.000000,4,5,6,6,7,9,10,13,30,30,30,5319,0,4,4.884585391948258,1.796900003682822,60.459100001025945,23831.4378642602
1790084944,104,GET,[GET] /actuator/health,11.600000,0.000000,4,5,5,5,6,7,10,12,30,30,30,764,0,4,4.51549541908231,2.4831000046106055,29.521799995563924,49.0
1790084944,104,GET,[GET] /api/soporte/election/status,14.600000,0.000000,4,4,4,5,5,6,11,12,13,13,13,764,0,4,4.06779803643314,2.0478999940678477,29.917400010162964,78.0
1790084944,104,GET,[GET] /api/soporte/tickets,27.000000,0.000000,6,7,7,8,9,10,13,22,30,30,30,1523,0,6,6.979185620350953,4.031599994050339,34.26700001000427,84651.0
1790084944,104,GET,[GET] /health,42.000000,0.000000,3,4,4,5,6,7,8,10,30,30,30,2374,0,4,3.950469797767331,1.796900003682822,60.459100001025945,83.99241786015165
1790084944,104,,Aggregated,95.200000,0.000000,4,5,6,6,7,9,11,13,30,30,30,5425,0,4,4.896838930821741,1.796900003682822,60.459100001025945,23819.33622119816
1790084945,105,GET,[GET] /actuator/health,12.300000,0.000000,4,4,5,5,6,7,10,12,30,30,30,780,0,4,4.507200128472714,2.4831000046106055,29.521799995563924,49.0
1790084945,105,GET,[GET] /api/soporte/election/status,14.100000,0.000000,4,4,5,5,5,7,11,12,13,13,13,782,0,4,4.064847314351415,2.0478999940678477,29.917400010162964,78.0
1790084945,105,GET,[GET] /api/soporte/tickets,27.000000,0.000000,6,7,7,8,9,10,13,18,22,22,22,1559,0,6,6.98640891583039,4.031599994050339,34.26700001000427,84651.0
1790084945,105,GET,[GET] /health,42.900000,0.000000,4,4,4,5,6,7,8,10,30,30,30,2418,0,4,3.953751447412969,1.796900003682822,60.459100001025945,83.9925558312655
1790084945,105,,Aggregated,96.300000,0.000000,4,5,6,6,7,9,11,12,30,30,30,5539,0,4,4.900940458504362,1.796900003682822,60.459100001025945,23880.34284166817
1790084946,106,GET,[GET] /actuator/health,12.600000,0.000000,4,5,5,5,6,7,12,14,30,30,30,796,0,4,4.517193090724326,2.4831000046106055,29.521799995563924,49.0
1790084946,106,GET,[GET] /api/soporte/election/status,14.600000,0.000000,4,4,5,5,5,7,12,12,13,13,13,804,0,4,4.07396393013042,2.0478999940678477,29.917400010162964,78.0
1790084946,106,GET,[GET] /api/soporte/tickets,27.200000,0.000000,6,7,7,8,9,11,13,18,22,22,22,1585,0,6,6.972872870474795,4.031599994050339,34.26700001000427,84651.0
1790084946,106,GET,[GET] /health,43.200000,0.000000,4,4,4,5,6,7,8,10,30,30,30,2456,0,4,3.9507423044931853,1.796900003682822,60.459100001025945,83.99267100977198
1790084946,106,,Aggregated,97.600000,0.000000,4,5,6,6,7,9,12,13,30,30,30,5641,0,4,4.89739040942727,1.796900003682822,60.459100001025945,23839.715830526504
1790084947,107,GET,[GET] /actuator/health,13.200000,0.000000,4,5,5,5,6,7,12,14,30,30,30,817,0,4,4.500614443401044,2.4831000046106055,29.521799995563924,49.0
1790084947,107,GET,[GET] /api/soporte/election/status,14.500000,0.000000,4,4,5,5,6,7,12,12,13,13,13,817,0,4,4.064539534684853,2.0478999940678477,29.917400010162964,78.0
1790084947,107,GET,[GET] /api/soporte/tickets,28.600000,0.000000,6,7,7,8,9,10,13,18,22,22,22,1615,0,6,6.961753498258259,4.031599994050339,34.26700001000427,84651.0
1790084947,107,GET,[GET] /health,42.300000,0.000000,4,4,4,5,6,7,8,10,30,30,30,2498,0,4,3.9417187749600937,1.796900003682822,60.459100001025945,83.99159327461969
1790084947,107,,Aggregated,98.600000,0.000000,4,5,6,6,7,9,12,13,30,30,30,5747,0,4,4.887310979577794,1.796900003682822,60.459100001025945,23842.863232991127
1790084948,108,GET,[GET] /actuator/health,14.700000,0.000000,4,5,5,5,6,7,10,14,30,30,30,834,0,4,4.503046043498589,2.4831000046106055,29.521799995563924,49.0
1790084948,108,GET,[GET] /api/soporte/election/status,15.500000,0.000000,4,4,5,5,6,7,12,12,13,13,13,837,0,4,4.057918637812225,2.0478999940678477,29.917400010162964,78.0
1790084948,108,GET,[GET] /api/soporte/tickets,28.200000,0.000000,6,7,7,8,9,10,12,17,20,20,20,1642,0,6,6.955007673382995,4.031599994050339,34.26700001000427,84651.0
1790084948,108,GET,[GET] /health,42.000000,0.000000,3,4,4,5,6,7,8,10,30,30,30,2542,0,4,3.9386637292994773,1.796900003682822,60.459100001025945,83.99173878835562
1790084948,108,,Aggregated,100.400000,0.000000,4,5,6,6,7,9,11,12,30,30,30,5855,0,4,4.88201948756632,1.796900003682822,60.459100001025945,23794.466438941075
1790084949,109,GET,[GET] /actuator/health,15.100000,0.000000,4,5,5,5,6,7,12,14,30,30,30,845,0,4,4.510904497435295,2.4831000046106055,29.521799995563924,49.0
1790084949,109,GET,[GET] /api/soporte/election/status,16.100000,0.000000,4,4,5,5,6,7,12,12,13,13,13,854,0,4,4.052722482176348,2.0478999940678477,29.917400010162964,78.0
1790084949,109,GET,[GET] /api/soporte/tickets,28.900000,0.000000,6,7,7,8,9,10,15,18,32,32,32,1668,0,6,6.9654824338118155,4.031599994050339,34.26700001000427,84651.0
1790084949,109,GET,[GET] /health,41.000000,0.000000,4,4,4,5,6,6,8,10,30,30,30,2594,0,4,3.935390169562272,1.796900003682822,60.459100001025945,83.99190439475713
1790084949,109,,Aggregated,101.100000,0.000000,4,5,6,6,7,9,12,13,32,32,32,5961,0,4,4.881658463270268,1.796900003682822,60.459100001025945,23741.61382318403
1790084950,110,GET,[GET] /actuator/health,15.900000,0.000000,4,5,5,5,6,7,12,14,30,30,30,864,0,4,4.508078009604543,2.4831000046106055,29.521799995563924,49.0
1790084950,110,GET,[GET] /api/soporte/election/status,15.300000,0.000000,4,4,5,5,6,8,12,12,13,13,13,864,0,4,4.0510123840249435,2.0478999940678477,29.917400010162964,78.0
1790084950,110,GET,[GET] /api/soporte/tickets,29.200000,0.000000,6,7,7,8,9,11,15,20,32,32,32,1705,0,6,6.98799419333227,4.031599994050339,34.26700001000427,84651.0
1790084950,110,GET,[GET] /health,41.400000,0.000000,4,4,4,5,6,6,8,8,30,30,30,2643,0,4,3.939224858048562,1.796900003682822,60.459100001025945,83.99205448354142
1790084950,110,,Aggregated,101.800000,0.000000,4,5,6,6,7,9,12,15,32,32,32,6076,0,4,4.891533163191203,1.796900003682822,60.459100001025945,23808.70210664911
1790084951,111,GET,[GET] /actuator/health,15.900000,0.000000,4,5,5,5,6,7,12,14,30,30,30,876,0,4,4.506745091648098,2.4831000046106055,29.521799995563924,49.0
1790084951,111,GET,[GET] /api/soporte/election/status,15.200000,0.000000,4,4,5,5,6,8,11,12,13,13,13,884,0,4,4.066871606104278,2.0478999940678477,29.917400010162964,78.0
1790084951,111,GET,[GET] /api/soporte/tickets,29.500000,0.000000,6,7,8,8,9,12,15,20,32,32,32,1733,0,6,6.99815031711901,4.031599994050339,34.26700001000427,84651.0
1790084951,111,GET,[GET] /health,42.500000,0.000000,4,4,5,5,6,7,8,10,30,30,30,2693,0,4,3.948602413583472,1.796900003682822,60.459100001025945,83.99220200519866
1790084951,111,,Aggregated,103.100000,0.000000,4,5,6,6,8,9,12,15,32,32,32,6186,0,4,4.898869059073302,1.796900003682822,60.459100001025945,23769.519883608147
1790084952,112,GET,[GET] /actuator/health,16.200000,0.000000,4,5,5,5,6,6,12,14,30,30,30,887,0,4,4.511496505371674,2.4831000046106055,29.521799995563924,49.0
1790084952,112,GET,[GET] /api/soporte/election/status,15.600000,0.000000,4,4,5,5,6,8,11,12,13,13,13,901,0,4,4.074635515853889,2.0478999940678477,29.917400010162964,78.0
1790084952,112,GET,[GET] /api/soporte/tickets,28.900000,0.000000,6,7,8,8,9,12,15,20,32,32,32,1758,0,6,6.997929123737923,4.031599994050339,34.26700001000427,84651.0
1790084952,112,GET,[GET] /health,44.500000,0.000000,4,4,5,5,6,7,8,9,30,30,30,2749,0,4,3.9491822116178414,1.796900003682822,60.459100001025945,83.992360858494
1790084952,112,,Aggregated,105.200000,0.000000,4,5,6,6,7,9,12,14,32,32,32,6295,0,4,4.897792740161675,1.796900003682822,60.459100001025945,23695.16981731533
1790084953,113,GET,[GET] /actuator/health,16.800000,0.000000,4,5,5,5,6,7,10,12,14,14,14,901,0,4,4.516174806040695,2.4831000046106055,29.521799995563924,49.0
1790084953,113,GET,[GET] /api/soporte/election/status,15.700000,0.000000,4,4,5,5,6,7,9,11,12,12,12,914,0,4,4.093179649645254,2.0478999940678477,29.917400010162964,78.0
1790084953,113,GET,[GET] /api/soporte/tickets,28.600000,0.000000,6,7,8,8,9,12,15,20,32,32,32,1796,0,6,6.998132850563131,4.031599994050339,34.26700001000427,84651.0
1790084953,113,GET,[GET] /health,44.300000,0.000000,4,4,5,5,6,7,8,9,13,13,13,2792,0,4,3.9565802649656137,1.796900003682822,60.459100001025945,83.99247851002865
1790084953,113,,Aggregated,105.400000,0.000000,4,5,6,6,8,9,11,14,29,32,32,6403,0,4,4.90795851935246,1.796900003682822,60.459100001025945,23798.710604404187
1790084954,114,GET,[GET] /actuator/health,16.400000,0.000000,4,5,5,5,6,7,10,12,14,14,14,915,0,4,4.520596175097041,2.4831000046106055,29.521799995563924,49.0
1790084954,114,GET,[GET] /api/soporte/election/status,16.200000,0.000000,4,5,5,5,7,8,10,11,12,12,12,929,0,4,4.109117868465429,2.0478999940678477,29.917400010162964,78.0
1790084954,114,GET,[GET] /api/soporte/tickets,29.000000,0.000000,6,7,8,8,9,11,14,17,32,32,32,1815,0,6,7.000612231193061,4.031599994050339,34.26700001000427,84651.0
1790084954,114,GET,[GET] /health,44.900000,0.000000,4,4,5,5,6,7,8,10,25,25,25,2856,0,4,3.9649518906674937,1.796900003682822,60.459100001025945,83.99264705882354
1790084954,114,,Aggregated,106.500000,0.000000,4,5,6,6,8,9,11,13,29,32,32,6515,0,4,4.909244788853407,1.796900003682822,60.459100001025945,23637.566385264774
1790084955,115,GET,[GET] /actuator/health,15.900000,0.000000,4,5,5,5,6,7,8,9,12,12,12,934,0,4,4.513402783895974,2.4831000046106055,29.521799995563924,49.0
1790084955,115,GET,[GET] /api/soporte/election/status,16.900000,0.000000,4,5,5,5,6,7,10,11,11,11,11,940,0,4,4.1057971274564435,2.0478999940678477,29.917400010162964,78.0
1790084955,115,GET,[GET] /api/soporte/tickets,29.500000,0.000000,7,7,8,8,9,11,14,17,32,32,32,1852,0,6,7.004988444725793,4.031599994050339,34.26700001000427,84651.0
1790084955,115,GET,[GET] /health,44.800000,0.000000,4,4,5,5,6,7,8,10,25,25,25,2899,0,4,3.9641068643483046,1.796900003682822,60.459100001025945,83.99275612280097
1790084955,115,,Aggregated,107.100000,0.000000,4,5,6,6,8,9,11,13,29,32,32,6625,0,4,4.911721041410687,1.796900003682822,60.459100001025945,23718.676679245284
1790084956,116,GET,[GET] /actuator/health,15.600000,0.000000,4,5,5,5,6,7,9,12,12,12,12,954,0,4,4.509058909998221,2.4831000046106055,29.521799995563924,49.0
1790084956,116,GET,[GET] /api/soporte/election/status,16.500000,0.000000,4,5,5,5,6,8,10,11,11,11,11,952,0,4,4.107375630041087,2.0478999940678477,29.917400010162964,78.0
1790084956,116,GET,[GET] /api/soporte/tickets,29.100000,0.000000,6,7,8,8,9,11,14,17,32,32,32,1889,0,6,6.985241185601413,4.002200003014877,34.26700001000427,84651.0
1790084956,116,GET,[GET] /health,46.800000,0.000000,4,4,5,5,6,7,8,10,25,25,25,2952,0,4,3.9575983061416777,1.796900003682822,60.459100001025945,83.9928861788618
1790084956,116,,Aggregated,108.000000,0.000000,4,5,6,6,8,9,11,13,29,32,32,6747,0,4,4.90437447743719,1.796900003682822,60.459100001025945,23754.95598043575
1790084957,117,GET,[GET] /actuator/health,15.700000,0.000000,4,5,5,5,6,8,9,12,12,12,12,971,0,4,4.509048712796274,2.4831000046106055,29.521799995563924,49.0
1790084957,117,GET,[GET] /api/soporte/election/status,15.800000,0.000000,4,5,5,5,6,8,10,11,11,11,11,961,0,4,4.104600728195816,2.0478999940678477,29.917400010162964,78.0
1790084957,117,GET,[GET] /api/soporte/tickets,29.100000,0.000000,7,7,8,8,9,12,15,16,32,32,32,1925,0,6,6.98920696083299,4.002200003014877,34.26700001000427,84651.0
1790084957,117,GET,[GET] /health,48.000000,0.000000,4,4,5,5,6,8,9,10,25,25,25,3003,0,4,3.9652204794282078,1.796900003682822,60.459100001025945,83.99300699300699
1790084957,117,,Aggregated,108.600000,0.000000,5,6,6,6,8,9,11,14,29,32,32,6860,0,4,4.910289810385973,1.796900003682822,60.459100001025945,23808.73804664723
1790084958,118,GET,[GET] /actuator/health,15.400000,0.000000,4,5,5,5,6,8,9,12,12,12,12,987,0,4,4.517958460096364,2.4831000046106055,29.521799995563924,49.0
1790084958,118,GET,[GET] /api/soporte/election/status,15.100000,0.000000,4,5,5,5,7,8,10,11,11,11,11,975,0,4,4.096596512573365,2.0478999940678477,29.917400010162964,78.0
1790084958,118,GET,[GET] /api/soporte/tickets,29.700000,0.000000,6,7,8,8,10,12,15,17,32,32,32,1954,0,6,7.000958290475789,4.002200003014877,34.26700001000427,84651.0
1790084958,118,GET,[GET] /health,49.300000,0.000000,4,4,5,5,6,8,9,10,25,25,25,3057,0,4,3.9640686292834424,1.796900003682822,60.459100001025945,83.99313052011776
1790084958,118,,Aggregated,109.500000,0.000000,5,6,6,6,8,9,12,14,29,32,32,6973,0,4,4.912008733569958,1.796900003682822,60.459100001025945,23775.883264018357
1790084959,119,GET,[GET] /actuator/health,15.200000,0.000000,4,5,5,5,6,8,9,9,12,12,12,1000,0,4,4.5084842000796925,2.4831000046106055,29.521799995563924,49.0
1790084959,119,GET,[GET] /api/soporte/election/status,14.300000,0.000000,4,5,5,5,6,7,10,11,11,11,11,994,0,4,4.0915293760281015,2.0407999982126057,29.917400010162964,78.0
1790084959,119,GET,[GET] /api/soporte/tickets,30.700000,0.000000,6,7,7,8,10,12,15,16,32,32,32,1998,0,6,6.991862312097473,4.002200003014877,34.26700001000427,84651.0
1790084959,119,GET,[GET] /health,50.400000,0.000000,4,4,5,5,6,8,9,10,25,25,25,3109,0,4,3.960041910498746,1.796900003682822,60.459100001025945,83.99324541653264
1790084959,119,,Aggregated,110.600000,0.000000,4,5,6,6,8,9,11,14,25,32,32,7101,0,4,4.90874181089466,1.796900003682822,60.459100001025945,23872.745387973526
1790084960,120,GET,[GET] /actuator/health,15.100000,0.000000,4,5,5,5,7,8,9,9,12,12,12,1023,0,4,4.510873020601,2.4831000046106055,29.521799995563924,49.0
1790084960,120,GET,[GET] /api/soporte/election/status,14.400000,0.000000,4,5,5,5,7,8,10,11,11,11,11,1008,0,4,4.105469245789411,2.0407999982126057,29.917400010162964,78.0
1790084960,120,GET,[GET] /api/soporte/tickets,30.600000,0.000000,6,7,8,8,10,12,15,16,32,32,32,2034,0,6,6.9993585543728765,4.002200003014877,34.26700001000427,84651.0
1790084960,120,GET,[GET] /health,51.600000,0.000000,4,4,5,5,6,8,9,10,25,25,25,3158,0,4,3.963665611074612,1.796900003682822,60.459100001025945,83.99335022165928
1790084960,120,,Aggregated,111.700000,0.000000,5,6,6,6,8,9,11,14,25,32,32,7223,0,4,4.915808860473295,1.796900003682822,60.459100001025945,23892.307351515992
1790084961,121,GET,[GET] /actuator/health,15.500000,0.000000,4,5,5,5,7,8,9,12,25,25,25,1046,0,4,4.534044550758155,2.4831000046106055,29.521799995563924,49.0
1790084961,121,GET,[GET] /api/soporte/election/status,14.100000,0.000000,4,4,5,5,6,8,10,11,11,11,11,1031,0,4,4.109499708797456,2.0407999982126057,29.917400010162964,78.0
1790084961,121,GET,[GET] /api/soporte/tickets,32.200000,0.000000,6,7,7,8,10,12,15,16,32,32,32,2064,0,6,7.0051599804166695,4.002200003014877,34.26700001000427,84651.0
1790084961,121,GET,[GET] /health,51.400000,0.000000,4,4,5,5,6,7,9,11,31,31,31,3214,0,4,3.974314965709769,1.796900003682822,60.459100001025945,83.9934660858743
1790084961,121,,Aggregated,113.200000,0.000000,4,5,6,6,8,9,11,15,31,32,32,7355,0,4,4.923399496836765,1.796900003682822,60.459100001025945,23809.8288239293
1790084962,122,GET,[GET] /actuator/health,15.700000,0.000000,4,5,5,5,7,8,9,12,25,25,25,1063,0,4,4.539383913587248,2.4831000046106055,29.521799995563924,49.0
1790084962,122,GET,[GET] /api/soporte/election/status,14.100000,0.000000,4,4,5,5,6,8,9,10,10,10,10,1044,0,4,4.1083842909850725,2.0407999982126057,29.917400010162964,78.0
1790084962,122,GET,[GET] /api/soporte/tickets,33.000000,0.000000,6,7,7,8,10,11,15,16,32,32,32,2091,0,6,7.003861118878513,4.002200003014877,34.26700001000427,84651.0
1790084962,122,GET,[GET] /health,51.000000,0.000000,4,4,5,5,6,7,9,9,31,31,31,3274,0,4,3.9756490225448484,1.796900003682822,60.459100001025945,83.99358582773365
1790084962,122,,Aggregated,113.800000,0.000000,4,5,6,6,7,9,11,14,31,32,32,7472,0,4,4.921823715112215,1.796900003682822,60.459100001025945,23743.810894004284
1790084963,123,GET,[GET] /actuator/health,16.500000,0.000000,4,5,5,5,7,8,10,12,25,25,25,1080,0,4,4.551938703864128,2.4831000046106055,29.521799995563924,49.0
1790084963,123,GET,[GET] /api/soporte/election/status,14.400000,0.000000,4,4,5,5,6,7,9,10,10,10,10,1060,0,4,4.120131603602478,2.0407999982126057,29.917400010162964,78.0
1790084963,123,GET,[GET] /api/soporte/tickets,33.200000,0.000000,6,7,8,8,10,12,15,18,32,32,32,2130,0,6,7.025916901230703,4.002200003014877,34.26700001000427,84651.0
1790084963,123,GET,[GET] /health,51.200000,0.000000,4,4,5,5,6,7,9,9,31,31,31,3317,0,4,3.983669400004464,1.796900003682822,60.459100001025945,83.99366897799216
1790084963,123,,Aggregated,115.300000,0.000000,5,5,6,6,8,9,11,15,31,32,32,7587,0,4,4.937718162571252,1.796900003682822,60.459100001025945,23819.801897983394
1790084964,124,GET,[GET] /actuator/health,17.200000,0.000000,4,5,5,6,7,8,10,12,25,25,25,1094,0,4,4.544352650960781,2.4831000046106055,29.521799995563924,49.0
1790084964,124,GET,[GET] /api/soporte/election/status,14.500000,0.000000,4,4,5,5,6,7,9,9,10,10,10,1082,0,4,4.112693715174902,2.0407999982126057,29.917400010162964,78.0
1790084964,124,GET,[GET] /api/soporte/tickets,33.400000,0.000000,6,7,7,8,10,12,15,18,32,32,32,2176,0,6,7.008524540277208,4.002200003014877,34.26700001000427,84651.0
1790084964,124,GET,[GET] /health,51.900000,0.000000,4,4,5,5,6,7,9,9,31,31,31,3374,0,4,3.9805802607642615,1.796900003682822,60.459100001025945,83.99377593360995
1790084964,124,,Aggregated,117.000000,0.000000,5,5,6,6,8,9,11,15,31,32,32,7726,0,4,4.93172192589078,1.796900003682822,60.459100001025945,23896.191172663734
1790084965,125,GET,[GET] /actuator/health,17.600000,0.000000,4,5,5,6,7,8,10,12,25,25,25,1114,0,4,4.556252513594672,2.4831000046106055,29.521799995563924,49.0
1790084965,125,GET,[GET] /api/soporte/election/status,14.500000,0.000000,4,4,5,5,6,7,9,10,10,10,10,1099,0,4,4.122167424786306,2.0407999982126057,29.917400010162964,78.0
1790084965,125,GET,[GET] /api/soporte/tickets,33.800000,0.000000,6,7,7,8,10,12,15,18,32,32,32,2205,0,6,7.003916144961557,4.002200003014877,34.26700001000427,84651.0
1790084965,125,GET,[GET] /health,53.200000,0.000000,4,4,5,5,6,7,9,9,31,31,31,3425,0,4,3.9841300437446128,1.796900003682822,60.459100001025945,83.99386861313869
1790084965,125,,Aggregated,119.100000,0.000000,5,5,6,6,8,9,11,15,31,32,32,7843,0,4,4.933725334623249,1.796900003682822,60.459100001025945,23853.556292235113
1790084966,126,GET,[GET] /actuator/health,17.900000,0.000000,4,5,5,6,7,8,10,25,29,29,29,1128,0,4,4.5787595745745975,2.4831000046106055,29.521799995563924,49.0
1790084966,126,GET,[GET] /api/soporte/election/status,14.900000,0.000000,4,4,5,5,6,7,9,10,10,10,10,1121,0,4,4.118417395039127,2.0407999982126057,29.917400010162964,78.0
1790084966,126,GET,[GET] /api/soporte/tickets,35.100000,0.000000,6,7,7,8,10,12,17,19,32,32,32,2232,0,6,7.015373386938365,4.002200003014877,34.26700001000427,84651.0
1790084966,126,GET,[GET] /health,52.100000,0.000000,4,4,5,5,6,7,9,14,31,31,31,3487,0,4,3.999633696528511,1.796900003682822,60.459100001025945,83.9939776312016
1790084966,126,,Aggregated,120.000000,0.000000,5,5,6,6,8,9,12,17,31,32,32,7968,0,4,4.94310025092876,1.796900003682822,60.459100001025945,23767.14721385542
1790084967,127,GET,[GET] /actuator/health,17.700000,0.000000,4,5,5,6,7,9,10,25,29,29,29,1145,0,4,4.5801000874469215,2.4831000046106055,29.521799995563924,49.0
1790084967,127,GET,[GET] /api/soporte/election/status,15.500000,0.000000,4,4,5,5,6,7,9,10,10,10,10,1140,0,4,4.115296841988119,2.0407999982126057,29.917400010162964,78.0
1790084967,127,GET,[GET] /api/soporte/tickets,35.200000,0.000000,6,7,8,8,10,11,14,18,30,30,30,2266,0,6,7.007225948676778,4.002200003014877,34.26700001000427,84651.0
1790084967,127,GET,[GET] /health,51.500000,0.000000,4,4,5,5,6,7,9,14,31,31,31,3537,0,4,3.994989906644919,1.796900003682822,60.459100001025945,83.99406276505513
1790084967,127,,Aggregated,119.900000,0.000000,5,5,6,7,8,9,11,14,30,31,31,8088,0,4,4.938712450481929,1.796900003682822,60.459100001025945,23771.176805143423
1790084968,128,GET,[GET] /actuator/health,17.500000,0.000000,4,5,6,6,7,8,10,25,29,29,29,1163,0,4,4.575646001869522,2.4831000046106055,29.521799995563924,49.0
1790084968,128,GET,[GET] /api/soporte/election/status,16.100000,0.000000,4,4,5,5,6,8,9,10,25,25,25,1161,0,4,4.131649698416159,2.0407999982126057,29.917400010162964,78.0
1790084968,128,GET,[GET] /api/soporte/tickets,34.000000,0.000000,7,7,8,8,9,11,14,18,30,30,30,2293,0,6,7.008246794467432,4.002200003014877,34.26700001000427,84651.0
1790084968,128,GET,[GET] /health,52.200000,0.000000,4,4,5,5,6,7,8,14,31,31,31,3596,0,4,3.9983061734701946,1.796900003682822,60.459100001025945,83.99416017797553
1790084968,128,,Aggregated,119.800000,0.000000,5,5,6,7,8,9,11,15,30,31,31,8213,0,4,4.939259771039578,1.796900003682822,60.459100001025945,23688.582856447098
1790084969,129,GET,[GET] /actuator/health,17.400000,0.000000,4,5,6,6,7,9,11,25,29,29,29,1182,0,4,4.581851522993121,2.4831000046106055,29.521799995563924,49.0
1790084969,129,GET,[GET] /api/soporte/election/status,16.900000,0.000000,4,4,5,5,6,7,9,10,25,25,25,1174,0,4,4.125755706848022,2.038799997535534,29.917400010162964,78.0
1790084969,129,GET,[GET] /api/soporte/tickets,33.700000,0.000000,7,7,8,8,10,11,17,28,35,35,35,2335,0,6,7.031754432456734,4.002200003014877,35.243499994976446,84651.0
1790084969,129,GET,[GET] /health,52.700000,0.000000,4,4,5,5,6,7,8,11,31,31,31,3659,0,4,4.003165290996489,1.796900003682822,60.459100001025945,83.99426072697459
1790084969,129,,Aggregated,120.700000,0.000000,5,6,6,7,8,9,11,18,35,35,35,8350,0,4,4.949235221504201,1.796900003682822,60.459100001025945,23726.576047904193
1790084970,130,GET,[GET] /actuator/health,17.700000,0.000000,4,5,5,6,7,9,11,25,29,29,29,1200,0,4,4.573453666841185,2.4831000046106055,29.521799995563924,49.0
1790084970,130,GET,[GET] /api/soporte/election/status,18.000000,0.000000,4,4,5,5,6,7,9,10,25,25,25,1198,0,4,4.127683221901948,2.038799997535534,29.917400010162964,78.0
1790084970,130,GET,[GET] /api/soporte/tickets,34.400000,0.000000,6,7,8,8,9,11,17,28,35,35,35,2366,0,6,7.022445308449153,4.002200003014877,35.243499994976446,84651.0
1790084970,130,GET,[GET] /health,53.500000,0.000000,4,4,5,5,6,7,8,11,31,31,31,3711,0,4,4.001183535372624,1.796900003682822,60.459100001025945,83.99434114793856
1790084970,130,,Aggregated,123.600000,0.000000,5,5,6,6,8,9,11,18,35,35,35,8475,0,4,4.9435524011335055,1.796900003682822,60.459100001025945,23687.104778761062
1790084971,131,GET,[GET] /actuator/health,17.700000,0.000000,4,5,5,6,7,9,10,11,29,29,29,1223,0,4,4.582616762217277,2.4688999983482063,29.521799995563924,49.0
1790084971,131,GET,[GET] /api/soporte/election/status,18.300000,0.000000,4,4,5,5,6,7,9,14,25,25,25,1216,0,4,4.13628182554691,2.038799997535534,29.917400010162964,78.0
1790084971,131,GET,[GET] /api/soporte/tickets,32.800000,0.000000,7,7,8,8,10,11,18,22,35,35,35,2406,0,6,7.046355112147667,4.002200003014877,35.243499994976446,84651.0
1790084971,131,GET,[GET] /health,53.500000,0.000000,4,4,5,5,6,8,9,11,29,29,29,3757,0,4,4.013351849821473,1.796900003682822,60.459100001025945,83.9944104338568
1790084971,131,,Aggregated,122.300000,0.000000,5,6,6,7,8,9,11,17,35,35,35,8602,0,4,4.960003754901573,1.796900003682822,60.459100001025945,23731.765635898628
1790084972,132,GET,[GET] /actuator/health,17.900000,0.000000,4,5,5,6,7,8,10,11,29,29,29,1239,0,4,4.579450605481602,2.4688999983482063,29.521799995563924,49.0
1790084972,132,GET,[GET] /api/soporte/election/status,18.500000,0.000000,4,4,5,5,6,7,14,24,25,25,25,1237,0,4,4.161996119558735,2.038799997535534,29.917400010162964,78.0
1790084972,132,GET,[GET] /api/soporte/tickets,33.000000,0.000000,6,7,8,8,9,11,17,28,35,35,35,2444,0,6,7.0528759819332745,4.002200003014877,35.243499994976446,84651.0
1790084972,132,GET,[GET] /health,54.200000,0.000000,4,4,5,5,6,8,9,11,29,29,29,3819,0,4,4.014911495091705,1.796900003682822,60.459100001025945,83.99450117831893
1790084972,132,,Aggregated,123.600000,0.000000,5,6,6,6,8,9,11,17,35,35,35,8739,0,4,4.965385558952512,1.796900003682822,60.459100001025945,23728.68932372125
1790084973,133,GET,[GET] /actuator/health,17.400000,0.000000,4,5,6,6,7,9,10,20,29,29,29,1257,0,4,4.600271280984043,2.4688999983482063,29.521799995563924,49.0
1790084973,133,GET,[GET] /api/soporte/election/status,19.200000,0.000000,4,5,5,6,7,8,14,24,25,25,25,1260,0,4,4.181770237991014,2.038799997535534,29.917400010162964,78.0
1790084973,133,GET,[GET] /api/soporte/tickets,33.700000,0.000000,6,7,8,9,10,12,19,28,35,35,35,2489,0,6,7.075398111659179,4.002200003014877,35.243499994976446,84651.0
1790084973,133,GET,[GET] /health,54.600000,0.000000,4,4,5,5,7,8,9,14,29,29,29,3873,0,4,4.026009140137708,1.796900003682822,60.459100001025945,83.99457784663052
1790084973,133,,Aggregated,124.900000,0.000000,5,6,6,7,8,10,14,19,35,35,35,8879,0,4,4.984229169922138,1.796900003682822,60.459100001025945,23784.38146187634
1790084974,134,GET,[GET] /actuator/health,17.800000,0.000000,4,5,6,6,7,8,10,20,29,29,29,1268,0,4,4.593753943389905,2.4688999983482063,29.521799995563924,49.0
1790084974,134,GET,[GET] /api/soporte/election/status,19.100000,0.000000,4,5,5,5,7,8,14,24,25,25,25,1276,0,4,4.17900791525024,2.038799997535534,29.917400010162964,78.0
1790084974,134,GET,[GET] /api/soporte/tickets,34.800000,0.000000,7,8,8,9,10,12,19,28,35,35,35,2526,0,6,7.066994022142896,4.002200003014877,35.243499994976446,84651.0
1790084974,134,GET,[GET] /health,53.800000,0.000000,4,4,5,5,7,8,9,14,29,29,29,3934,0,4,4.020895526086474,1.796900003682822,60.459100001025945,83.99466192170819
1790084974,134,,Aggregated,125.500000,0.000000,5,6,6,7,8,9,14,19,35,35,35,9004,0,4,4.978534429102049,1.796900003682822,60.459100001025945,23802.812194580187
1790084975,135,GET,[GET] /actuator/health,17.900000,0.000000,4,5,5,6,7,9,11,20,29,29,29,1289,0,4,4.596348254669738,2.4688999983482063,29.521799995563924,49.0
1790084975,135,GET,[GET] /api/soporte/election/status,19.200000,0.000000,4,5,5,5,7,8,14,24,25,25,25,1293,0,4,4.183038979050633,2.038799997535534,29.917400010162964,78.0
1790084975,135,GET,[GET] /api/soporte/tickets,34.100000,0.000000,7,8,8,8,10,12,16,28,35,35,35,2570,0,6,7.066491867697812,3.8819000037619844,35.243499994976446,84651.0
1790084975,135,GET,[GET] /health,53.500000,0.000000,4,4,5,5,7,8,9,11,29,29,29,3990,0,4,4.021467744278106,1.796900003682822,60.459100001025945,83.99473684210527
1790084975,135,,Aggregated,124.700000,0.000000,5,6,6,7,8,10,13,16,35,35,35,9142,0,4,4.98139386346913,1.796900003682822,60.459100001025945,23851.698096696564
1790084976,136,GET,[GET] /actuator/health,17.500000,0.000000,4,5,5,6,7,8,11,12,20,20,20,1305,0,4,4.5846329503839875,2.4688999983482063,29.521799995563924,49.0
1790084976,136,GET,[GET] /api/soporte/election/status,19.000000,0.000000,4,5,5,6,7,8,14,24,25,25,25,1310,0,4,4.185210534270127,2.038799997535534,29.917400010162964,78.0
1790084976,136,GET,[GET] /api/soporte/tickets,35.000000,0.000000,6,7,8,8,10,12,16,30,35,35,35,2619,0,6,7.065355135550402,3.8819000037619844,35.243499994976446,84651.0
1790084976,136,GET,[GET] /health,55.400000,0.000000,4,4,5,5,7,8,9,10,16,16,16,4046,0,4,4.023880153161779,1.796900003682822,60.459100001025945,83.99480968858131
1790084976,136,,Aggregated,126.900000,0.000000,5,6,6,7,8,9,13,16,35,35,35,9280,0,4,4.9838745689487105,1.796900003682822,60.459100001025945,23944.713038793103
1790084977,137,GET,[GET] /actuator/health,17.200000,0.000000,4,5,5,5,6,8,11,12,20,20,20,1321,0,4,4.583283800341472,2.4688999983482063,29.521799995563924,49.0
1790084977,137,GET,[GET] /api/soporte/election/status,19.100000,0.000000,4,5,5,6,7,9,14,25,33,33,33,1325,0,4,4.206672075384666,2.038799997535534,33.13429999980144,78.0
1790084977,137,GET,[GET] /api/soporte/tickets,36.300000,0.000000,6,7,8,8,10,12,16,30,35,35,35,2656,0,6,7.05403814006523,3.8819000037619844,35.243499994976446,84651.0
1790084977,137,GET,[GET] /health,55.900000,0.000000,4,4,5,5,7,8,9,10,16,16,16,4111,0,4,4.02416536115961,1.796900003682822,60.459100001025945,83.99489175383118
1790084977,137,,Aggregated,128.500000,0.000000,5,6,6,7,8,9,13,16,35,35,35,9413,0,4,4.983238871759925,1.796900003682822,60.459100001025945,23939.9169234038
1790084978,138,GET,[GET] /actuator/health,17.800000,0.000000,4,5,5,5,7,8,11,12,20,20,20,1346,0,4,4.595021248324069,2.4688999983482063,29.521799995563924,49.0
1790084978,138,GET,[GET] /api/soporte/election/status,19.200000,0.000000,4,5,5,6,7,8,14,24,33,33,33,1340,0,4,4.20561067156412,2.038799997535534,33.13429999980144,78.0
1790084978,138,GET,[GET] /api/soporte/tickets,38.200000,0.000000,6,7,8,8,10,11,15,21,32,32,32,2701,0,6,7.046493520931205,3.8819000037619844,35.243499994976446,84651.0
1790084978,138,GET,[GET] /health,56.200000,0.000000,4,4,5,5,7,8,9,10,16,16,16,4168,0,4,4.0243754557996905,1.796900003682822,60.459100001025945,83.99496161228407
1790084978,138,,Aggregated,131.400000,0.000000,5,6,6,7,8,9,12,15,32,33,33,9555,0,4,4.984468110931283,1.796900003682822,60.459100001025945,23983.56002093145
1790084979,139,GET,[GET] /actuator/health,17.600000,0.000000,4,5,5,6,7,8,10,12,20,20,20,1363,0,4,4.599665297329923,2.4688999983482063,29.521799995563924,49.0
1790084979,139,GET,[GET] /api/soporte/election/status,18.800000,0.000000,4,5,5,6,7,8,14,24,33,33,33,1359,0,4,4.2095443708010905,2.038799997535534,33.13429999980144,78.0
1790084979,139,GET,[GET] /api/soporte/tickets,38.500000,0.000000,6,7,8,8,9,12,15,21,32,32,32,2740,0,6,7.041918686153469,3.8819000037619844,35.243499994976446,84651.0
1790084979,139,GET,[GET] /health,56.800000,0.000000,4,4,5,5,7,7,9,10,16,16,16,4231,0,4,4.028294634784021,1.796900003682822,60.459100001025945,83.9950366343654
1790084979,139,,Aggregated,131.700000,0.000000,5,6,6,7,8,9,12,15,32,33,33,9693,0,4,4.985936902920774,1.796900003682822,60.459100001025945,23983.48416382957
1790084980,140,GET,[GET] /actuator/health,17.100000,0.000000,4,5,5,6,7,9,10,12,20,20,20,1381,0,4,4.606986966175968,2.4688999983482063,29.521799995563924,49.0
1790084980,140,GET,[GET] /api/soporte/election/status,18.400000,0.000000,4,5,5,6,7,8,14,24,33,33,33,1376,0,4,4.206572747058766,2.038799997535534,33.13429999980144,78.0
1790084980,140,GET,[GET] /api/soporte/tickets,40.400000,0.000000,6,7,8,8,10,12,15,21,32,32,32,2788,0,6,7.043457962724983,3.8819000037619844,35.243499994976446,84651.0
1790084980,140,GET,[GET] /health,56.400000,0.000000,4,4,5,5,7,8,9,10,16,16,16,4292,0,4,4.038877679341675,1.796900003682822,60.459100001025945,83.99510717614166
1790084980,140,,Aggregated,132.300000,0.000000,5,6,6,7,8,9,13,15,32,33,33,9837,0,4,4.993648154930731,1.796900003682822,60.459100001025945,24046.20229744841
1790084981,141,GET,[GET] /actuator/health,18.300000,0.000000,4,5,5,5,7,8,10,12,20,20,20,1403,0,4,4.59871881700402,2.4688999983482063,29.521799995563924,49.0
1790084981,141,GET,[GET] /api/soporte/election/status,17.900000,0.000000,4,5,5,6,7,7,8,9,33,33,33,1391,0,4,4.203172178255976,2.038799997535534,33.13429999980144,78.0
1790084981,141,GET,[GET] /api/soporte/tickets,40.600000,0.000000,6,7,8,8,9,11,13,14,32,32,32,2833,0,6,7.030092446204215,3.8819000037619844,35.243499994976446,84651.0
1790084981,141,GET,[GET] /health,57.200000,0.000000,4,4,5,5,6,8,9,9,16,16,16,4348,0,4,4.037779530757381,1.796900003682822,60.459100001025945,83.99517019319227
1790084981,141,,Aggregated,134.000000,0.000000,5,6,6,7,8,9,11,13,32,33,33,9975,0,4,4.989587197999031,1.796900003682822,60.459100001025945,24096.11418546366
1790084982,142,GET,[GET] /actuator/health,17.800000,0.000000,4,5,5,5,7,8,10,11,12,12,12,1428,0,4,4.59770098058259,2.4688999983482063,29.521799995563924,49.0
1790084982,142,GET,[GET] /api/soporte/election/status,17.600000,0.000000,4,5,5,5,6,7,8,9,33,33,33,1403,0,4,4.202292729819248,2.038799997535534,33.13429999980144,78.0
1790084982,142,GET,[GET] /api/soporte/tickets,40.900000,0.000000,6,7,8,8,9,10,12,13,32,32,32,2878,0,6,7.028035302305464,3.8819000037619844,35.243499994976446,84651.0
1790084982,142,GET,[GET] /health,58.300000,0.000000,4,4,5,5,6,8,9,10,13,13,13,4412,0,4,4.043837216630514,1.796900003682822,60.459100001025945,83.99524025385313
1790084982,142,,Aggregated,134.600000,0.000000,5,6,6,7,8,9,10,12,32,33,33,10121,0,4,4.9925332575849515,1.796900003682822,60.459100001025945,24125.63689358759
1790084983,143,GET,[GET] /actuator/health,17.800000,0.000000,4,5,5,5,7,8,10,12,12,12,12,1443,0,4,4.602021621795528,2.4688999983482063,29.521799995563924,49.0
1790084983,143,GET,[GET] /api/soporte/election/status,17.300000,0.000000,4,5,6,6,7,8,9,20,33,33,33,1434,0,4,4.245411575955097,2.038799997535534,33.13429999980144,78.0
1790084983,143,GET,[GET] /api/soporte/tickets,41.900000,0.000000,6,7,8,8,9,11,14,15,32,32,32,2915,0,6,7.051769708399861,3.8819000037619844,35.243499994976446,84651.0
1790084983,143,GET,[GET] /health,59.000000,0.000000,4,5,5,5,7,8,10,12,20,20,20,4472,0,4,4.063085957016992,1.796900003682822,60.459100001025945,83.99530411449017
1790084983,143,,Aggregated,136.000000,0.000000,5,6,6,7,8,9,12,14,32,33,33,10264,0,4,5.013120274740466,1.796900003682822,60.459100001025945,24095.46482852689
1790084984,144,GET,[GET] /actuator/health,18.100000,0.000000,4,5,5,5,7,8,10,12,12,12,12,1463,0,4,4.602825017244509,2.4688999983482063,29.521799995563924,49.0
1790084984,144,GET,[GET] /api/soporte/election/status,16.700000,0.000000,4,5,6,6,7,8,9,20,33,33,33,1453,0,4,4.248117068089004,2.038799997535534,33.13429999980144,78.0
1790084984,144,GET,[GET] /api/soporte/tickets,42.200000,0.000000,6,7,8,8,9,11,13,15,32,32,32,2960,0,6,7.038613986470729,3.8819000037619844,35.243499994976446,84651.0
1790084984,144,GET,[GET] /health,59.800000,0.000000,4,5,5,6,7,8,10,12,20,20,20,4542,0,4,4.063947688203306,1.796900003682822,60.459100001025945,83.99537648612946
1790084984,144,,Aggregated,136.800000,0.000000,5,6,6,7,8,9,12,14,32,33,33,10418,0,4,5.010481368778538,1.796900003682822,60.459100001025945,24105.729314647724
1790084985,145,GET,[GET] /actuator/health,18.300000,0.000000,4,5,5,6,7,8,10,10,12,12,12,1480,0,4,4.606556419044815,2.4688999983482063,29.521799995563924,49.0
1790084985,145,GET,[GET] /api/soporte/election/status,17.100000,0.000000,4,5,5,6,7,8,10,20,33,33,33,1474,0,4,4.245394233348362,2.038799997535534,33.13429999980144,78.0
1790084985,145,GET,[GET] /api/soporte/tickets,43.500000,0.000000,6,7,7,8,9,11,14,20,36,36,36,3003,0,6,7.049775857458532,3.8819000037619844,36.426699996809475,84651.0
1790084985,145,GET,[GET] /health,60.200000,0.000000,4,5,5,5,6,8,10,13,51,51,51,4606,0,4,4.084527485844351,1.796900003682822,60.459100001025945,83.99544072948328
1790084985,145,,Aggregated,139.100000,0.000000,5,6,6,7,8,9,12,15,50,51,51,10563,0,4,5.023120808471917,1.796900003682822,60.459100001025945,24120.16737669223
1790084986,146,GET,[GET] /actuator/health,18.600000,0.000000,4,5,5,6,7,8,10,10,12,12,12,1505,0,4,4.6053646513310404,2.38020000688266,29.521799995563924,49.0
1790084986,146,GET,[GET] /api/soporte/election/status,17.600000,0.000000,4,5,5,6,7,8,10,20,33,33,33,1501,0,4,4.248955896057776,2.038799997535534,33.13429999980144,78.0
1790084986,146,GET,[GET] /api/soporte/tickets,43.200000,0.000000,6,7,8,8,9,11,14,20,36,36,36,3035,0,6,7.044731037859242,3.8819000037619844,36.426699996809475,84651.0
1790084986,146,GET,[GET] /health,60.000000,0.000000,4,5,5,6,7,8,10,13,51,51,51,4661,0,4,4.087814782193207,1.796900003682822,60.459100001025945,83.99549452907101
1790084986,146,,Aggregated,139.400000,0.000000,5,6,6,7,8,9,12,15,50,51,51,10702,0,4,5.021754812179151,1.796900003682822,60.459100001025945,24060.746682863017
1790084987,147,GET,[GET] /actuator/health,19.000000,0.000000,4,5,5,6,7,8,10,11,12,12,12,1524,0,4,4.606017191738368,2.38020000688266,29.521799995563924,49.0
1790084987,147,GET,[GET] /api/soporte/election/status,18.200000,0.000000,4,5,5,6,6,8,9,15,20,20,20,1531,0,4,4.247036446765665,2.038799997535534,33.13429999980144,78.0
1790084987,147,GET,[GET] /api/soporte/tickets,42.300000,0.000000,6,7,7,8,9,12,14,20,36,36,36,3073,0,6,7.042673088153413,3.8819000037619844,36.426699996809475,84651.0
1790084987,147,GET,[GET] /health,60.600000,0.000000,4,5,5,6,7,8,10,13,51,51,51,4719,0,4,4.088677940198954,1.796900003682822,60.459100001025945,83.99554990464081
1790084987,147,,Aggregated,140.100000,0.000000,5,6,6,7,8,9,12,14,50,51,51,10847,0,4,5.020594505384144,1.796900003682822,60.459100001025945,24036.41486125196
1790084988,148,GET,[GET] /actuator/health,19.200000,0.000000,4,5,6,6,7,8,10,11,12,12,12,1539,0,4,4.618219558291105,2.38020000688266,29.521799995563924,49.0
1790084988,148,GET,[GET] /api/soporte/election/status,17.900000,0.000000,4,5,5,6,7,8,9,11,20,20,20,1553,0,4,4.253147198985864,2.038799997535534,33.13429999980144,78.0
1790084988,148,GET,[GET] /api/soporte/tickets,41.500000,0.000000,6,7,8,8,10,12,15,20,36,36,36,3110,0,6,7.053152507996797,3.8819000037619844,36.426699996809475,84651.0
1790084988,148,GET,[GET] /health,60.500000,0.000000,4,5,5,6,7,8,10,13,51,51,51,4790,0,4,4.100059164869176,1.796900003682822,60.459100001025945,83.9956158663883
1790084988,148,,Aggregated,139.100000,0.000000,5,6,6,7,8,10,12,15,50,51,51,10992,0,4,5.029763937393418,1.796900003682822,60.459100001025945,24005.048580786028
1790084989,149,GET,[GET] /actuator/health,20.000000,0.000000,4,5,6,6,7,8,10,12,14,14,14,1563,0,4,4.6240797825854045,2.3607000039191917,29.521799995563924,49.0
1790084989,149,GET,[GET] /api/soporte/election/status,19.500000,0.000000,4,5,5,6,7,8,9,11,20,20,20,1572,0,4,4.244663104351696,2.038799997535534,33.13429999980144,78.0
1790084989,149,GET,[GET] /api/soporte/tickets,40.800000,0.000000,6,7,8,8,10,12,15,23,36,36,36,3162,0,6,7.057142093558448,3.8564999995287508,36.426699996809475,84651.0
1790084989,149,GET,[GET] /health,60.700000,0.000000,4,5,5,6,7,8,10,12,51,51,51,4850,0,4,4.099563505106303,1.796900003682822,60.459100001025945,83.99567010309278
1790084989,149,,Aggregated,141.000000,0.000000,5,6,6,7,8,10,12,15,50,51,51,11147,0,4,5.032530133652036,1.796900003682822,60.459100001025945,24066.838073024133
1790084990,150,GET,[GET] /actuator/health,20.200000,0.000000,4,5,5,6,7,8,10,12,14,14,14,1592,0,4,4.6169663317633605,2.3607000039191917,29.521799995563924,49.0
1790084990,150,GET,[GET] /api/soporte/election/status,20.300000,0.000000,4,5,5,6,6,8,10,11,20,20,20,1598,0,4,4.237008510650009,2.038799997535534,33.13429999980144,78.0
1790084990,150,GET,[GET] /api/soporte/tickets,40.100000,0.000000,6,7,7,8,10,12,15,23,36,36,36,3207,0,6,7.047886747696911,3.8564999995287508,36.426699996809475,84651.0
1790084990,150,GET,[GET] /health,60.800000,0.000000,4,5,5,6,7,8,10,12,51,51,51,4903,0,4,4.09605924937282,1.796900003682822,60.459100001025945,83.9957169080155
1790084990,150,,Aggregated,141.400000,0.000000,5,6,6,7,8,10,12,15,50,51,51,11300,0,4,5.027124008825214,1.796900003682822,60.459100001025945,24078.782300884955
1790084991,151,GET,[GET] /actuator/health,19.500000,0.000000,4,5,5,6,7,8,10,12,14,14,14,1610,0,4,4.619539503244212,2.3607000039191917,29.521799995563924,49.0
1790084991,151,GET,[GET] /api/soporte/election/status,21.200000,0.000000,4,5,5,6,7,8,10,11,20,20,20,1620,0,4,4.238855123495106,2.038799997535534,33.13429999980144,78.0
1790084991,151,GET,[GET] /api/soporte/tickets,41.200000,0.000000,6,7,8,8,10,12,15,20,36,36,36,3254,0,6,7.042293546353704,3.8564999995287508,36.426699996809475,84651.0
1790084991,151,GET,[GET] /health,61.700000,0.000000,4,5,5,6,7,8,10,12,51,51,51,4967,0,4,4.0933462652867965,1.796900003682822,60.459100001025945,83.99577209583249
1790084991,151,,Aggregated,143.600000,0.000000,5,6,6,7,8,10,12,15,50,51,51,11451,0,4,5.025908479591278,1.796900003682822,60.459100001025945,24109.40625272902
1790084992,152,GET,[GET] /actuator/health,20.500000,0.000000,4,5,5,6,7,8,10,11,14,14,14,1627,0,4,4.618708482010722,2.3607000039191917,29.521799995563924,49.0
1790084992,152,GET,[GET] /api/soporte/election/status,22.400000,0.000000,4,5,5,5,6,7,9,10,11,11,11,1643,0,4,4.243984297060689,2.038799997535534,33.13429999980144,78.0
1790084992,152,GET,[GET] /api/soporte/tickets,41.900000,0.000000,6,7,7,8,9,11,14,30,36,36,36,3294,0,6,7.0414746204748,3.8564999995287508,36.426699996809475,84651.0
1790084992,152,GET,[GET] /health,60.700000,0.000000,4,4,5,5,6,7,9,10,51,51,51,5036,0,4,4.094781632211827,1.796900003682822,60.459100001025945,83.99583002382843
1790084992,152,,Aggregated,145.500000,0.000000,5,6,6,6,8,9,11,13,50,51,51,11600,0,4,5.026158844824561,1.796900003682822,60.459100001025945,24092.35120689655
1790084993,153,GET,[GET] /actuator/health,21.000000,0.000000,4,5,6,6,7,8,10,10,14,14,14,1653,0,4,4.628726134412439,2.3607000039191917,29.521799995563924,49.0
1790084993,153,GET,[GET] /api/soporte/election/status,22.100000,0.000000,4,5,5,5,6,7,10,10,11,11,11,1671,0,4,4.25648964693971,2.038799997535534,33.13429999980144,78.0
1790084993,153,GET,[GET] /api/soporte/tickets,41.600000,0.000000,6,7,8,8,10,11,14,30,36,36,36,3334,0,6,7.049678374269463,3.8564999995287508,36.426699996809475,84651.0
1790084993,153,GET,[GET] /health,61.000000,0.000000,4,4,5,5,7,8,9,10,51,51,51,5090,0,4,4.101623438086227,1.796900003682822,60.459100001025945,83.9958742632613
1790084993,153,,Aggregated,145.700000,0.000000,5,6,6,7,8,9,11,13,50,51,51,11748,0,4,5.034454332643284,1.796900003682822,60.459100001025945,24077.74157303371
1790084994,154,GET,[GET] /actuator/health,20.100000,0.000000,4,5,6,6,7,8,10,10,14,14,14,1670,0,4,4.630032994154935,2.3607000039191917,29.521799995563924,49.0
1790084994,154,GET,[GET] /api/soporte/election/status,23.200000,0.000000,4,5,5,5,6,7,9,10,11,11,11,1698,0,4,4.253966018849752,2.038799997535534,33.13429999980144,78.0
1790084994,154,GET,[GET] /api/soporte/tickets,42.000000,0.000000,6,7,8,8,10,11,14,15,32,32,32,3372,0,6,7.041777580018304,3.8564999995287508,36.426699996809475,84651.0
1790084994,154,GET,[GET] /health,61.400000,0.000000,4,5,5,5,7,8,9,10,51,51,51,5166,0,4,4.105411769230901,1.796900003682822,60.459100001025945,83.9959349593496
1790084994,154,,Aggregated,146.700000,0.000000,5,6,6,7,8,9,11,12,50,51,51,11906,0,4,5.03181762136017,1.796900003682822,60.459100001025945,24029.175961699984
1790084995,155,GET,[GET] /actuator/health,20.300000,0.000000,4,5,6,6,8,9,10,13,14,14,14,1682,0,4,4.636559393719588,2.3607000039191917,29.521799995563924,49.0
1790084995,155,GET,[GET] /api/soporte/election/status,24.100000,0.000000,4,5,5,6,7,8,10,11,13,13,13,1718,0,4,4.2748254365571645,2.038799997535534,33.13429999980144,78.0
1790084995,155,GET,[GET] /api/soporte/tickets,41.700000,0.000000,6,7,8,8,10,11,14,23,37,37,37,3409,0,6,7.064539718333719,3.8564999995287508,36.72190000361297,84651.0
1790084995,155,GET,[GET] /health,61.700000,0.000000,4,5,5,6,7,8,10,10,26,26,26,5250,0,4,4.119276361886434,1.796900003682822,60.459100001025945,83.99542857142858
1790084995,155,,Aggregated,147.800000,0.000000,5,6,6,7,8,10,11,13,32,37,37,12059,0,4,5.0461945269048,1.796900003682822,60.459100001025945,23984.796168836554
1790084996,156,GET,[GET] /actuator/health,20.900000,0.000000,4,5,6,6,8,9,10,13,14,14,14,1703,0,4,4.64054339415152,2.3607000039191917,29.521799995563924,49.0
1790084996,156,GET,[GET] /api/soporte/election/status,24.800000,0.000000,4,5,5,6,7,7,10,11,13,13,13,1740,0,4,4.2669517241335395,2.038799997535534,33.13429999980144,78.0
1790084996,156,GET,[GET] /api/soporte/tickets,40.800000,0.000000,6,7,8,8,10,11,14,17,37,37,37,3448,0,6,7.060711252836981,3.8564999995287508,36.72190000361297,84651.0
1790084996,156,GET,[GET] /health,61.400000,0.000000,4,5,5,5,7,8,10,10,26,26,26,5322,0,4,4.115819898519512,1.796900003682822,60.459100001025945,83.99549041713641
1790084996,156,,Aggregated,147.900000,0.000000,5,6,6,7,8,10,11,13,32,37,37,12213,0,4,5.0419280520703476,1.796900003682822,60.459100001025945,23953.39711782527
1790084997,157,GET,[GET] /actuator/health,20.700000,0.000000,4,5,6,6,7,8,10,13,14,14,14,1731,0,4,4.642072328275076,2.3607000039191917,29.521799995563924,49.0
1790084997,157,GET,[GET] /api/soporte/election/status,24.500000,0.000000,4,5,5,6,7,7,10,11,13,13,13,1766,0,4,4.270295583204187,2.038799997535534,33.13429999980144,78.0
1790084997,157,GET,[GET] /api/soporte/tickets,40.800000,0.000000,6,7,8,8,10,11,15,27,37,37,37,3478,0,6,7.058687061473728,3.8564999995287508,36.72190000361297,84651.0
1790084997,157,GET,[GET] /health,63.300000,0.000000,4,5,5,5,7,8,9,10,26,26,26,5396,0,4,4.114325500362411,1.796900003682822,60.459100001025945,83.99555226093402
1790084997,157,,Aggregated,149.300000,0.000000,5,6,6,7,8,9,11,13,32,37,37,12371,0,4,5.038217056013576,1.796900003682822,60.459100001025945,23853.52720071134
1790084998,158,GET,[GET] /actuator/health,19.600000,0.000000,4,5,6,6,8,8,10,13,18,18,18,1756,0,4,4.656991628818728,2.3607000039191917,29.521799995563924,49.0
1790084998,158,GET,[GET] /api/soporte/election/status,24.600000,0.000000,4,5,5,5,7,7,10,11,13,13,13,1785,0,4,4.271791988769507,2.038799997535534,33.13429999980144,78.0
1790084998,158,GET,[GET] /api/soporte/tickets,41.200000,0.000000,6,7,8,8,10,11,17,30,37,37,37,3516,0,6,7.064331171727412,3.8564999995287508,36.72190000361297,84651.0
1790084998,158,GET,[GET] /health,65.200000,0.000000,4,5,5,5,7,8,9,10,26,26,26,5462,0,4,4.11616191869386,1.796900003682822,60.459100001025945,83.99560600512633
1790084998,158,,Aggregated,150.600000,0.000000,5,6,6,7,8,9,11,13,32,37,37,12519,0,4,5.042215097041193,1.796900003682822,60.459100001025945,23829.137630801182
1790084999,159,GET,[GET] /actuator/health,20.000000,0.000000,4,5,6,6,7,8,10,13,18,18,18,1774,0,4,4.652168094804928,2.1797999943373725,29.521799995563924,49.0
1790084999,159,GET,[GET] /api/soporte/election/status,23.700000,0.000000,4,5,5,6,7,8,10,11,13,13,13,1808,0,4,4.27620663714932,2.038799997535534,33.13429999980144,78.0
1790084999,159,GET,[GET] /api/soporte/tickets,41.400000,0.000000,6,7,8,8,10,11,17,32,37,37,37,3565,0,6,7.072287601621908,3.8564999995287508,36.72190000361297,84651.0
1790084999,159,GET,[GET] /health,66.100000,0.000000,4,5,5,5,6,8,9,11,26,26,26,5537,0,4,4.11612806572748,1.796900003682822,60.459100001025945,83.99512371320209
1790084999,159,,Aggregated,151.200000,0.000000,5,6,6,7,8,9,11,13,33,37,37,12684,0,4,5.044783522537454,1.796900003682822,60.459100001025945,23846.881583096816
1790085000,160,GET,[GET] /actuator/health,21.000000,0.000000,5,5,6,6,8,9,11,13,18,18,18,1789,0,4,4.662857630050363,2.1797999943373725,29.521799995563924,49.0
1790085000,160,GET,[GET] /api/soporte/election/status,23.200000,0.000000,4,5,6,6,7,8,10,11,13,13,13,1836,0,4,4.291102559879118,2.0364000083645806,33.13429999980144,78.0
1790085000,160,GET,[GET] /api/soporte/tickets,39.900000,0.000000,6,7,8,8,10,12,17,32,37,37,37,3615,0,6,7.073093388589642,3.8564999995287508,36.72190000361297,84651.0
1790085000,160,GET,[GET] /health,67.000000,0.000000,4,5,5,5,7,8,9,11,26,26,26,5596,0,4,4.115322230141624,1.796900003682822,60.459100001025945,83.99517512508935
1790085000,160,,Aggregated,151.100000,0.000000,5,6,6,7,8,9,11,13,33,37,37,12836,0,4,5.049773480813513,1.796900003682822,60.459100001025945,23894.848161421003
1790085001,161,GET,[GET] /actuator/health,20.900000,0.000000,5,5,6,6,8,9,11,13,18,18,18,1812,0,4,4.661693543111368,2.1797999943373725,29.521799995563924,49.0
1790085001,161,GET,[GET] /api/soporte/election/status,23.100000,0.000000,4,5,6,6,7,8,11,13,17,17,17,1858,0,4,4.302870613510359,2.0364000083645806,33.13429999980144,78.0
1790085001,161,GET,[GET] /api/soporte/tickets,40.000000,0.000000,7,7,8,8,10,12,15,30,37,37,37,3660,0,6,7.070940191195286,3.8564999995287508,36.72190000361297,84651.0
1790085001,161,GET,[GET] /health,67.300000,0.000000,4,5,5,5,7,8,10,11,31,31,31,5671,0,4,4.124536378039657,1.796900003682822,60.459100001025945,83.9952389349321
1790085001,161,,Aggregated,151.300000,0.000000,5,6,6,7,8,10,12,13,33,37,37,13001,0,4,5.054350373021897,1.796900003682822,60.459100001025945,23885.294131220675
1790085002,162,GET,[GET] /actuator/health,21.000000,0.000000,5,5,6,6,8,10,13,18,36,36,36,1835,0,4,4.689445558647379,2.1797999943373725,35.58480000356212,49.0
1790085002,162,GET,[GET] /api/soporte/election/status,23.300000,0.000000,4,5,6,6,7,8,11,13,17,17,17,1875,0,4,4.308001013263128,2.0364000083645806,33.13429999980144,78.0
1790085002,162,GET,[GET] /api/soporte/tickets,40.600000,0.000000,6,7,8,8,10,12,23,31,37,37,37,3698,0,6,7.085645402854984,3.8564999995287508,36.72190000361297,84651.0
1790085002,162,GET,[GET] /health,68.600000,0.000000,4,5,5,6,7,8,10,12,31,31,31,5750,0,4,4.132557826058473,1.796900003682822,60.459100001025945,83.99530434782609
1790085002,162,,Aggregated,153.500000,0.000000,5,6,6,7,8,10,13,16,36,37,37,13158,0,4,5.065173939776582,1.796900003682822,60.459100001025945,23845.457972336222
1790085003,163,GET,[GET] /actuator/health,19.800000,0.000000,5,5,6,6,8,11,13,16,36,36,36,1863,0,4,4.7065541600365215,2.1797999943373725,35.58480000356212,49.0
1790085003,163,GET,[GET] /api/soporte/election/status,24.000000,0.000000,4,5,6,6,8,9,11,13,17,17,17,1903,0,4,4.319786022011843,2.0364000083645806,33.13429999980144,78.0
1790085003,163,GET,[GET] /api/soporte/tickets,40.600000,0.000000,6,7,8,9,10,13,23,31,37,37,37,3741,0,6,7.0917273455651575,3.8564999995287508,36.72190000361297,84651.0
1790085003,163,GET,[GET] /health,69.800000,0.000000,4,5,5,6,7,8,11,12,31,31,31,5816,0,4,4.144042331474834,1.796900003682822,60.459100001025945,83.99535763411279
1790085003,163,,Aggregated,154.200000,0.000000,5,6,6,7,8,10,13,16,36,37,37,13323,0,4,5.075490910429592,1.796900003682822,60.459100001025945,23824.03580274713
1790085004,164,GET,[GET] /actuator/health,20.600000,0.000000,5,5,6,6,8,10,13,16,36,36,36,1888,0,4,4.703256197120997,2.1797999943373725,35.58480000356212,49.0
1790085004,164,GET,[GET] /api/soporte/election/status,23.600000,0.000000,4,5,6,6,7,9,10,13,17,17,17,1928,0,4,4.313986099515503,2.0364000083645806,33.13429999980144,78.0
1790085004,164,GET,[GET] /api/soporte/tickets,40.300000,0.000000,6,7,8,8,10,13,17,30,33,33,33,3783,0,6,7.092308908209155,3.8564999995287508,36.72190000361297,84651.0
1790085004,164,GET,[GET] /health,70.000000,0.000000,4,5,5,5,7,8,11,12,31,31,31,5882,0,4,4.14432913971678,1.796900003682822,60.459100001025945,83.99540972458348
1790085004,164,,Aggregated,154.500000,0.000000,5,6,6,7,8,10,13,16,33,36,36,13481,0,4,5.074123692574711,1.796900003682822,60.459100001025945,23809.189971070395
1790085005,165,GET,[GET] /actuator/health,20.600000,0.000000,5,5,6,6,8,10,13,16,36,36,36,1903,0,4,4.70442979514153,2.1797999943373725,35.58480000356212,49.0
1790085005,165,GET,[GET] /api/soporte/election/status,22.500000,0.000000,4,5,5,6,7,9,11,13,17,17,17,1962,0,4,4.31668970430501,2.0364000083645806,33.13429999980144,78.0
1790085005,165,GET,[GET] /api/soporte/tickets,40.200000,0.000000,7,7,8,9,10,13,17,27,33,33,33,3833,0,6,7.102252282749545,3.8564999995287508,36.72190000361297,84651.0
1790085005,165,GET,[GET] /health,71.300000,0.000000,4,4,5,5,7,8,11,12,31,31,31,5946,0,4,4.1459042885778885,1.796900003682822,60.459100001025945,83.99545913218971
1790085005,165,,Aggregated,154.600000,0.000000,5,6,6,7,8,10,13,16,33,36,36,13644,0,4,5.078888522402806,1.796900003682822,60.459100001025945,23835.605614189386
1790085006,166,GET,[GET] /actuator/health,20.900000,0.000000,5,5,6,6,8,10,13,16,36,36,36,1924,0,4,4.7108475052544785,2.1797999943373725,35.58480000356212,49.0
1790085006,166,GET,[GET] /api/soporte/election/status,22.600000,0.000000,4,5,6,6,7,8,11,13,17,17,17,1994,0,4,4.3183432296474855,2.0364000083645806,33.13429999980144,78.0
1790085006,166,GET,[GET] /api/soporte/tickets,40.900000,0.000000,7,7,8,9,11,13,17,27,33,33,33,3878,0,6,7.102735172719128,3.8564999995287508,36.72190000361297,84651.0
1790085006,166,GET,[GET] /health,71.900000,0.000000,4,5,5,6,7,8,10,12,31,31,31,6011,0,4,4.1486544834215815,1.796900003682822,60.459100001025945,83.99550823490267
1790085006,166,,Aggregated,156.300000,0.000000,5,6,6,7,8,10,13,16,33,36,36,13807,0,4,5.081220837233187,1.796900003682822,60.459100001025945,23830.758528282757
1790085007,167,GET,[GET] /actuator/health,22.100000,0.000000,5,5,6,6,9,11,14,18,36,36,36,1941,0,4,4.709111282884504,2.1797999943373725,35.58480000356212,49.0
1790085007,167,GET,[GET] /api/soporte/election/status,22.700000,0.000000,4,5,5,6,7,8,11,13,17,17,17,2017,0,4,4.312845612263451,2.0364000083645806,33.13429999980144,78.0
1790085007,167,GET,[GET] /api/soporte/tickets,41.400000,0.000000,7,7,8,9,10,13,16,23,33,33,33,3923,0,6,7.094067856194921,3.8564999995287508,36.72190000361297,84651.0
1790085007,167,GET,[GET] /health,70.000000,0.000000,4,5,5,6,7,8,10,12,31,31,31,6099,0,4,4.145427758612746,1.796900003682822,60.459100001025945,83.99557304476144
1790085007,167,,Aggregated,156.200000,0.000000,5,6,6,7,8,10,13,16,33,36,36,13980,0,4,5.075278018572676,1.796900003682822,60.459100001025945,23809.05557939914
1790085008,168,GET,[GET] /actuator/health,22.000000,0.000000,4,5,6,6,8,10,13,16,36,36,36,1973,0,4,4.711656411611147,2.1797999943373725,35.58480000356212,49.0
1790085008,168,GET,[GET] /api/soporte/election/status,24.500000,0.000000,4,5,5,6,7,9,10,13,17,17,17,2045,0,4,4.316215207798846,2.0364000083645806,33.13429999980144,78.0
1790085008,168,GET,[GET] /api/soporte/tickets,42.300000,0.000000,7,8,8,9,10,12,15,17,31,31,31,3964,0,6,7.095625731544366,3.8564999995287508,36.72190000361297,84651.0
1790085008,168,GET,[GET] /health,68.900000,0.000000,4,5,5,6,7,9,10,12,31,31,31,6173,0,4,4.155339413544307,1.796900003682822,60.459100001025945,83.99562611372104
1790085008,168,,Aggregated,157.700000,0.000000,5,6,6,7,9,10,13,15,31,36,36,14155,0,5,5.079528703617683,1.796900003682822,60.459100001025945,23760.597386082656
1790085009,169,GET,[GET] /actuator/health,21.300000,0.000000,4,5,6,6,8,10,13,16,36,36,36,1991,0,4,4.710837167317653,2.1797999943373725,35.58480000356212,49.0
1790085009,169,GET,[GET] /api/soporte/election/status,25.200000,0.000000,4,5,5,6,7,8,10,13,17,17,17,2072,0,4,4.31339584940508,2.0041999960085377,33.13429999980144,78.0
1790085009,169,GET,[GET] /api/soporte/tickets,43.500000,0.000000,7,7,8,9,10,12,15,17,31,31,31,4017,0,6,7.097720014904448,3.8564999995287508,36.72190000361297,84651.0
1790085009,169,GET,[GET] /health,69.200000,0.000000,4,5,5,6,7,8,10,12,31,31,31,6253,0,4,4.153943706991138,1.796900003682822,60.459100001025945,83.99568207260515
1790085009,169,,Aggregated,159.200000,0.000000,5,6,6,7,8,10,12,15,31,36,36,14333,0,5,5.0793821460813176,1.796900003682822,60.459100001025945,23779.213493337054
1790085010,170,GET,[GET] /actuator/health,21.200000,0.000000,4,5,6,6,8,10,13,16,36,36,36,2013,0,4,4.711271833164432,2.1797999943373725,35.58480000356212,49.0
1790085010,170,GET,[GET] /api/soporte/election/status,25.400000,0.000000,4,4,5,5,7,8,9,11,13,13,13,2099,0,4,4.310912482109417,2.0041999960085377,33.13429999980144,78.0
1790085010,170,GET,[GET] /api/soporte/tickets,45.000000,0.000000,7,8,8,9,10,12,16,17,31,31,31,4057,0,6,7.099378999232665,3.8564999995287508,36.72190000361297,84651.0
1790085010,170,GET,[GET] /health,70.000000,0.000000,4,5,5,5,7,8,10,11,20,20,20,6319,0,4,4.151243171353793,1.796900003682822,60.459100001025945,83.99572717202089
1790085010,170,,Aggregated,161.600000,0.000000,5,6,6,7,8,10,12,15,31,36,36,14488,0,5,5.077738935655661,1.796900003682822,60.459100001025945,23759.12720872446
1790085011,171,GET,[GET] /actuator/health,21.500000,0.000000,4,5,6,6,7,9,11,14,16,16,16,2039,0,4,4.7078870034745455,2.1797999943373725,35.58480000356212,49.0
1790085011,171,GET,[GET] /api/soporte/election/status,26.200000,0.000000,4,5,5,5,7,8,10,13,14,14,14,2127,0,4,4.315398119387657,2.0041999960085377,33.13429999980144,78.0
1790085011,171,GET,[GET] /api/soporte/tickets,44.600000,0.000000,7,8,8,9,10,12,16,21,31,31,31,4107,0,6,7.10435505233358,3.8564999995287508,36.72190000361297,84651.0
1790085011,171,GET,[GET] /health,70.600000,0.000000,4,5,5,5,7,8,10,11,20,20,20,6388,0,4,4.151993612972401,1.796900003682822,60.459100001025945,83.99530369442705
1790085011,171,,Aggregated,162.900000,0.000000,5,6,6,7,8,10,12,15,30,31,31,14661,0,5,5.080059668482631,1.796900003682822,60.459100001025945,23768.094672941817
1790085012,172,GET,[GET] /actuator/health,21.000000,0.000000,4,5,6,6,8,9,10,15,16,16,16,2062,0,4,4.732634578132268,2.1797999943373725,35.58480000356212,49.0
1790085012,172,GET,[GET] /api/soporte/election/status,26.000000,0.000000,4,5,5,6,7,8,9,13,14,14,14,2155,0,4,4.3358874245854135,2.0041999960085377,33.13429999980144,78.0
1790085012,172,GET,[GET] /api/soporte/tickets,43.800000,0.000000,7,8,8,9,10,12,16,17,30,30,30,4161,0,6,7.119767772159935,3.8564999995287508,36.72190000361297,84651.0
1790085012,172,GET,[GET] /health,71.000000,0.000000,4,5,5,5,7,8,9,10,16,16,16,6459,0,4,4.162985942054454,1.796900003682822,60.459100001025945,83.9953553181607
1790085012,172,,Aggregated,161.800000,0.000000,5,6,6,7,8,10,12,15,29,30,30,14837,0,5,5.096489168954473,1.796900003682822,60.459100001025945,23794.86857181371
1790085013,173,GET,[GET] /actuator/health,22.900000,0.000000,4,5,6,6,8,9,10,15,16,16,16,2081,0,4,4.733358577668268,2.1797999943373725,35.58480000356212,49.0
1790085013,173,GET,[GET] /api/soporte/election/status,25.700000,0.000000,4,5,5,6,7,8,10,13,14,14,14,2174,0,4,4.339440616376823,2.0041999960085377,33.13429999980144,78.0
1790085013,173,GET,[GET] /api/soporte/tickets,43.800000,0.000000,7,8,8,9,10,12,15,17,30,30,30,4212,0,6,7.115331647674489,3.8564999995287508,36.72190000361297,84651.0
1790085013,173,GET,[GET] /health,70.500000,0.000000,4,5,5,5,7,8,9,10,16,16,16,6541,0,4,4.166202598955198,1.796900003682822,60.459100001025945,83.99541354532946
1790085013,173,,Aggregated,162.900000,0.000000,5,6,6,7,8,10,12,15,29,30,30,15008,0,5,5.09761268656062,1.796900003682822,60.459100001025945,23812.03138326226
1790085014,174,GET,[GET] /actuator/health,22.600000,0.000000,4,5,6,6,8,9,10,15,16,16,16,2111,0,4,4.7278480341598215,2.1797999943373725,35.58480000356212,49.0
1790085014,174,GET,[GET] /api/soporte/election/status,27.000000,0.000000,4,5,5,6,7,8,9,12,14,14,14,2198,0,4,4.33408152868032,2.0041999960085377,33.13429999980144,78.0
1790085014,174,GET,[GET] /api/soporte/tickets,45.200000,0.000000,7,7,8,8,10,12,15,16,30,30,30,4262,0,6,7.113819192840505,3.8564999995287508,36.72190000361297,84651.0
1790085014,174,GET,[GET] /health,71.100000,0.000000,4,5,5,5,7,8,9,10,16,16,16,6617,0,4,4.165948466038829,1.796900003682822,60.459100001025945,83.99546622336406
1790085014,174,,Aggregated,165.900000,0.000000,5,6,6,7,8,9,11,14,30,30,30,15188,0,5,5.095600263353694,1.796900003682822,60.459100001025945,23809.14162496708
1790085015,175,GET,[GET] /actuator/health,22.000000,0.000000,4,5,6,6,8,9,10,15,16,16,16,2138,0,4,4.729892469621475,2.1797999943373725,35.58480000356212,49.0
1790085015,175,GET,[GET] /api/soporte/election/status,27.500000,0.000000,4,5,5,6,7,9,9,12,14,14,14,2224,0,4,4.3395496403123,2.0041999960085377,33.13429999980144,78.0
1790085015,175,GET,[GET] /api/soporte/tickets,46.200000,0.000000,7,7,8,9,10,12,15,18,30,30,30,4310,0,6,7.117539280700052,3.8564999995287508,36.72190000361297,84651.0
1790085015,175,GET,[GET] /health,70.300000,0.000000,4,5,5,5,7,8,9,10,16,16,16,6688,0,4,4.169001390513342,1.796900003682822,60.459100001025945,83.99551435406698
1790085015,175,,Aggregated,166.000000,0.000000,5,6,6,7,8,10,12,14,30,30,30,15360,0,5,5.099123964822638,1.796900003682822,60.459100001025945,23807.669661458334
1790085016,176,GET,[GET] /actuator/health,22.000000,0.000000,4,5,6,6,8,9,10,15,16,16,16,2164,0,4,4.730424306867773,2.1797999943373725,35.58480000356212,49.0
1790085016,176,GET,[GET] /api/soporte/election/status,26.600000,0.000000,4,5,5,6,7,9,10,12,14,14,14,2247,0,4,4.345319715174797,2.0041999960085377,33.13429999980144,78.0
1790085016,176,GET,[GET] /api/soporte/tickets,46.600000,0.000000,7,7,8,9,10,12,25,30,40,40,40,4364,0,6,7.148807149358811,3.8564999995287508,40.47399999399204,84651.0
1790085016,176,GET,[GET] /health,72.400000,0.000000,4,5,5,5,7,8,10,10,30,30,30,6762,0,4,4.173910499826583,1.796900003682822,60.459100001025945,83.99556344276841
1790085016,176,,Aggregated,167.600000,0.000000,5,6,6,7,8,10,12,16,34,40,40,15537,0,5,5.111794348953391,1.796900003682822,60.459100001025945,23831.257256870696
1790085017,177,GET,[GET] /actuator/health,22.200000,0.000000,4,5,6,6,8,9,13,15,16,16,16,2197,0,4,4.738852844810839,2.1797999943373725,35.58480000356212,49.0
1790085017,177,GET,[GET] /api/soporte/election/status,27.000000,0.000000,4,5,5,6,7,9,12,14,15,15,15,2265,0,4,4.350345033114554,2.0041999960085377,33.13429999980144,78.0
1790085017,177,GET,[GET] /api/soporte/tickets,47.800000,0.000000,7,7,8,9,11,14,30,35,54,54,54,4405,0,6,7.189588671911293,3.8564999995287508,54.47709999862127,84651.0
1790085017,177,GET,[GET] /health,73.600000,0.000000,4,5,5,6,7,9,10,15,38,38,38,6839,0,4,4.195293902588045,1.796900003682822,60.459100001025945,83.99561339377102
1790085017,177,,Aggregated,170.600000,0.000000,5,6,7,7,9,10,15,25,52,54,54,15706,0,5,5.133486839400406,1.796900003682822,60.459100001025945,23796.410543741244
1790085018,178,GET,[GET] /actuator/health,23.600000,0.000000,5,5,6,6,8,9,11,14,16,16,16,2229,0,4,4.745647196074887,2.1797999943373725,35.58480000356212,49.0
1790085018,178,GET,[GET] /api/soporte/election/status,25.700000,0.000000,4,5,5,6,8,9,12,14,15,15,15,2282,0,4,4.353404732692541,2.0041999960085377,33.13429999980144,78.0
1790085018,178,GET,[GET] /api/soporte/tickets,47.200000,0.000000,7,7,8,9,11,16,30,35,54,54,54,4448,0,6,7.190188017038505,3.8564999995287508,54.47709999862127,84651.0
1790085018,178,GET,[GET] /health,74.500000,0.000000,4,5,5,6,7,9,12,15,38,38,38,6935,0,4,4.207977101631229,1.796900003682822,60.459100001025945,83.99524152847873
1790085018,178,,Aggregated,171.000000,0.000000,5,6,7,7,9,10,15,25,52,54,54,15894,0,5,5.138844513631254,1.796900003682822,60.459100001025945,23744.64401661004
1790085019,179,GET,[GET] /actuator/health,25.000000,0.000000,4,5,6,6,8,9,11,14,16,16,16,2254,0,4,4.7401228482861235,2.1797999943373725,35.58480000356212,49.0
1790085019,179,GET,[GET] /api/soporte/election/status,25.000000,0.000000,4,5,5,6,8,9,12,14,15,15,15,2306,0,4,4.353663790115343,2.0041999960085377,33.13429999980144,78.0
1790085019,179,GET,[GET] /api/soporte/tickets,48.200000,0.000000,7,7,8,9,11,16,30,35,54,54,54,4493,0,6,7.193034208734684,3.8564999995287508,54.47709999862127,84651.0
1790085019,179,GET,[GET] /health,73.900000,0.000000,4,5,5,6,7,9,12,15,38,38,38,7003,0,4,4.204773182885579,1.796900003682822,60.459100001025945,83.99528773382836
1790085019,179,,Aggregated,172.100000,0.000000,5,6,7,7,9,11,15,25,52,54,54,16056,0,5,5.137525840784476,1.796900003682822,60.459100001025945,23742.86721474838
1790085020,180,GET,[GET] /actuator/health,25.000000,0.000000,4,5,6,6,8,9,10,14,16,16,16,2284,0,4,4.7353041593926095,2.1797999943373725,35.58480000356212,49.0
1790085020,180,GET,[GET] /api/soporte/election/status,24.200000,0.000000,4,5,6,6,8,9,12,14,15,15,15,2327,0,4,4.354314052438146,2.0041999960085377,33.13429999980144,78.0
1790085020,180,GET,[GET] /api/soporte/tickets,47.500000,0.000000,7,7,8,9,11,16,30,35,54,54,54,4541,0,6,7.183035696952738,3.8564999995287508,54.47709999862127,84651.0
1790085020,180,GET,[GET] /health,74.100000,0.000000,4,5,5,6,7,9,12,15,38,38,38,7082,0,4,4.1997868539628715,1.796900003682822,60.459100001025945,83.99534029935046
1790085020,180,,Aggregated,170.800000,0.000000,5,6,7,7,9,11,15,23,52,54,54,16234,0,5,5.13175921520905,1.796900003682822,60.459100001025945,23733.42786743871
1790085021,181,GET,[GET] /actuator/health,26.100000,0.000000,4,5,6,6,8,9,10,14,16,16,16,2305,0,4,4.742150368789411,2.1797999943373725,35.58480000356212,49.0
1790085021,181,GET,[GET] /api/soporte/election/status,23.400000,0.000000,4,5,5,6,8,9,12,13,15,15,15,2362,0,4,4.362789458103285,2.0041999960085377,33.13429999980144,78.0
1790085021,181,GET,[GET] /api/soporte/tickets,48.300000,0.000000,7,7,8,9,11,16,29,35,54,54,54,4594,0,6,7.18867747059399,3.8564999995287508,54.47709999862127,84651.0
1790085021,181,GET,[GET] /health,75.300000,0.000000,4,5,5,6,7,9,12,15,38,38,38,7155,0,4,4.199792243141091,1.796900003682822,60.459100001025945,83.99496855345912
1790085021,181,,Aggregated,173.100000,0.000000,5,6,7,7,8,11,15,23,52,54,54,16416,0,5,5.1358347404777565,1.796900003682822,60.459100001025945,23744.204373781675
1790085022,182,GET,[GET] /actuator/health,26.700000,0.000000,4,5,6,6,7,8,10,13,14,14,14,2336,0,4,4.753837799672847,2.1797999943373725,35.58480000356212,49.0
1790085022,182,GET,[GET] /api/soporte/election/status,23.200000,0.000000,4,5,5,6,7,8,11,13,15,15,15,2388,0,4,4.367950167519364,2.0041999960085377,33.13429999980144,78.0
1790085022,182,GET,[GET] /api/soporte/tickets,47.800000,0.000000,7,7,8,8,11,15,29,35,54,54,54,4645,0,6,7.192033283076995,3.826100000878796,54.47709999862127,84651.0
1790085022,182,GET,[GET] /health,75.700000,0.000000,4,5,5,6,7,9,11,15,38,38,38,7233,0,4,4.210582303296379,1.796900003682822,60.459100001025945,83.99502281211116
1790085022,182,,Aggregated,173.400000,0.000000,5,6,6,7,8,10,15,22,52,54,54,16602,0,5,5.143824027208009,1.796900003682822,60.459100001025945,23738.836224551258
1790085023,183,GET,[GET] /actuator/health,26.000000,0.000000,4,5,6,7,8,9,10,13,14,14,14,2356,0,4,4.753699363346426,2.1797999943373725,35.58480000356212,49.0
1790085023,183,GET,[GET] /api/soporte/election/status,23.000000,0.000000,4,5,5,6,7,8,11,13,15,15,15,2419,0,4,4.364523728841902,2.0041999960085377,33.13429999980144,78.0
1790085023,183,GET,[GET] /api/soporte/tickets,48.600000,0.000000,7,7,8,8,11,15,29,35,54,54,54,4692,0,6,7.190467817536287,3.826100000878796,54.47709999862127,84651.0
1790085023,183,GET,[GET] /health,76.600000,0.000000,4,5,5,6,7,9,12,15,38,38,38,7311,0,4,4.211967145366189,1.796900003682822,60.459100001025945,83.9950759130078
1790085023,183,,Aggregated,174.200000,0.000000,5,6,7,7,8,10,15,22,52,54,54,16778,0,5,5.142976838703373,1.796900003682822,60.459100001025945,23727.54237692216
1790085024,184,GET,[GET] /actuator/health,26.400000,0.000000,4,5,6,6,7,8,9,13,14,14,14,2380,0,4,4.747738781521594,2.1797999943373725,35.58480000356212,49.0
1790085024,184,GET,[GET] /api/soporte/election/status,23.100000,0.000000,4,5,5,6,7,8,11,13,15,15,15,2439,0,4,4.364666953714067,2.0041999960085377,33.13429999980144,78.0
1790085024,184,GET,[GET] /api/soporte/tickets,47.700000,0.000000,7,7,8,8,11,15,27,35,54,54,54,4753,0,6,7.199277193322876,3.826100000878796,54.47709999862127,84651.0
1790085024,184,GET,[GET] /health,76.400000,0.000000,4,5,5,6,7,9,12,15,38,38,38,7395,0,4,4.214684678808496,1.796900003682822,60.459100001025945,83.99513184584178
1790085024,184,,Aggregated,173.600000,0.000000,5,6,6,7,8,11,15,21,52,54,54,16967,0,5,5.147097229904077,1.796900003682822,60.459100001025945,23768.15046855661
1790085025,185,GET,[GET] /actuator/health,27.700000,0.000000,4,5,6,6,7,8,10,13,14,14,14,2403,0,4,4.75215705368531,2.1797999943373725,35.58480000356212,49.0
1790085025,185,GET,[GET] /api/soporte/election/status,23.300000,0.000000,4,5,5,6,7,8,11,13,15,15,15,2471,0,4,4.363809429425788,2.0041999960085377,33.13429999980144,78.0
1790085025,185,GET,[GET] /api/soporte/tickets,47.800000,0.000000,7,7,8,9,11,15,27,35,54,54,54,4805,0,6,7.195537606634357,3.826100000878796,54.47709999862127,84651.0
1790085025,185,GET,[GET] /health,76.900000,0.000000,4,5,5,6,7,9,12,16,38,38,38,7471,0,4,4.217839097813691,1.796900003682822,60.459100001025945,83.99518136795609
1790085025,185,,Aggregated,175.700000,0.000000,5,6,7,7,8,11,15,21,52,54,54,17150,0,5,5.1480140291405885,1.796900003682822,60.459100001025945,23771.782390670553
1790085026,186,GET,[GET] /actuator/health,27.400000,0.000000,4,5,6,6,7,8,10,13,14,14,14,2429,0,4,4.7510751337922486,2.1797999943373725,35.58480000356212,49.0
1790085026,186,GET,[GET] /api/soporte/election/status,24.200000,0.000000,4,5,5,6,7,8,10,13,15,15,15,2500,0,4,4.360301960038487,2.0041999960085377,33.13429999980144,78.0
1790085026,186,GET,[GET] /api/soporte/tickets,48.400000,0.000000,7,7,8,8,11,13,18,31,54,54,54,4861,0,6,7.187047315343611,3.826100000878796,54.47709999862127,84651.0
1790085026,186,GET,[GET] /health,76.100000,0.000000,4,5,5,6,7,9,12,15,38,38,38,7554,0,4,4.215193116190623,1.796900003682822,60.459100001025945,83.99483717235901
1790085026,186,,Aggregated,176.100000,0.000000,5,6,6,7,8,10,13,17,52,54,54,17344,0,5,5.144079923873781,1.796900003682822,60.459100001025945,23779.810251383762
1790085027,187,GET,[GET] /actuator/health,26.300000,0.000000,4,5,6,6,7,8,9,11,13,13,13,2449,0,4,4.75335479786112,2.1797999943373725,35.58480000356212,49.0
1790085027,187,GET,[GET] /api/soporte/election/status,24.100000,0.000000,4,5,5,6,7,8,9,10,13,13,13,2526,0,4,4.358968250250229,2.0041999960085377,33.13429999980144,78.0
1790085027,187,GET,[GET] /api/soporte/tickets,48.400000,0.000000,7,7,8,8,10,12,15,16,31,31,31,4918,0,6,7.183206161001015,3.826100000878796,54.47709999862127,84651.0
1790085027,187,GET,[GET] /health,78.000000,0.000000,4,5,5,6,7,9,11,12,19,19,19,7628,0,4,4.21733837173875,1.796900003682822,60.459100001025945,83.99488725747247
1790085027,187,,Aggregated,176.800000,0.000000,5,6,6,7,8,10,12,13,22,31,31,17521,0,5,5.145173488928722,1.796900003682822,60.459100001025945,23815.4991153473
1790085028,188,GET,[GET] /actuator/health,26.300000,0.000000,5,6,6,7,8,8,11,12,14,14,14,2484,0,4,4.77407455714097,2.1797999943373725,35.58480000356212,49.0
1790085028,188,GET,[GET] /api/soporte/election/status,24.600000,0.000000,4,5,5,6,7,8,10,11,13,13,13,2547,0,4,4.369989909754503,2.0041999960085377,33.13429999980144,78.0
1790085028,188,GET,[GET] /api/soporte/tickets,49.500000,0.000000,7,7,8,9,11,12,14,16,31,31,31,4976,0,6,7.196407676809183,3.826100000878796,54.47709999862127,84651.0
1790085028,188,GET,[GET] /health,77.500000,0.000000,4,5,5,6,7,9,10,11,19,19,19,7706,0,4,4.227398014476099,1.796900003682822,60.459100001025945,83.99493900856476
1790085028,188,,Aggregated,177.900000,0.000000,5,6,7,7,8,10,12,14,22,31,31,17713,0,5,5.158630339267104,1.796900003682822,60.459100001025945,23835.094168125106
1790085029,189,GET,[GET] /actuator/health,25.200000,0.000000,5,5,6,7,7,8,11,12,14,14,14,2506,0,4,4.772776256945614,2.1797999943373725,35.58480000356212,49.0
1790085029,189,GET,[GET] /api/soporte/election/status,25.700000,0.000000,4,5,5,6,7,8,10,11,13,13,13,2578,0,4,4.3730199767647475,2.0041999960085377,33.13429999980144,78.0
1790085029,189,GET,[GET] /api/soporte/tickets,49.600000,0.000000,7,7,8,8,10,12,14,16,31,31,31,5028,0,6,7.19293013122845,3.826100000878796,54.47709999862127,84651.0
1790085029,189,GET,[GET] /health,78.900000,0.000000,4,5,5,6,7,9,10,11,19,19,19,7787,0,4,4.225607692240384,1.796900003682822,60.459100001025945,83.99460639527418
1790085029,189,,Aggregated,179.400000,0.000000,5,6,7,7,8,10,12,14,22,31,31,17899,0,5,5.156996625470571,1.796900003682822,60.459100001025945,23833.910944745516
1790085030,190,GET,[GET] /actuator/health,25.700000,0.000000,5,6,6,7,8,9,11,12,14,14,14,2531,0,4,4.787767601694317,2.1797999943373725,35.58480000356212,49.0
1790085030,190,GET,[GET] /api/soporte/election/status,26.100000,0.000000,4,5,5,6,7,8,11,12,13,13,13,2603,0,4,4.381287668120006,2.0041999960085377,33.13429999980144,78.0
1790085030,190,GET,[GET] /api/soporte/tickets,51.400000,0.000000,7,8,8,9,11,13,15,16,31,31,31,5089,0,6,7.2046780113702615,3.826100000878796,54.47709999862127,84651.0
1790085030,190,GET,[GET] /health,78.100000,0.000000,4,5,5,6,7,9,10,11,19,19,19,7872,0,4,4.227052184902513,1.796900003682822,60.459100001025945,83.99466463414635
1790085030,190,,Aggregated,181.300000,0.000000,5,6,7,7,9,10,12,14,31,31,31,18095,0,5,5.165089405881212,1.796900003682822,60.459100001025945,23861.685437966287
1790085031,191,GET,[GET] /actuator/health,25.400000,0.000000,5,6,6,7,8,9,11,13,31,31,31,2559,0,4,4.797522782293005,2.1797999943373725,35.58480000356212,49.0
1790085031,191,GET,[GET] /api/soporte/election/status,26.600000,0.000000,4,5,5,6,7,8,10,11,12,12,12,2632,0,4,4.377201823754536,2.0041999960085377,33.13429999980144,78.0
1790085031,191,GET,[GET] /api/soporte/tickets,52.100000,0.000000,7,7,8,9,10,12,14,17,32,32,32,5134,0,6,7.1997823723949725,3.826100000878796,54.47709999862127,84651.0
1790085031,191,GET,[GET] /health,77.000000,0.000000,4,5,5,6,7,8,10,12,32,32,32,7950,0,4,4.228733836421699,1.796900003682822,60.459100001025945,83.99471698113207
1790085031,191,,Aggregated,181.100000,0.000000,5,6,6,7,8,10,12,14,32,32,32,18275,0,5,5.164419846754475,1.796900003682822,60.459100001025945,23835.659589603285
1790085032,192,GET,[GET] /actuator/health,24.600000,0.000000,5,6,6,7,8,10,11,13,31,31,31,2582,0,4,4.803216188972591,2.1797999943373725,35.58480000356212,49.0
1790085032,192,GET,[GET] /api/soporte/election/status,26.900000,0.000000,4,5,5,6,7,8,11,12,14,14,14,2656,0,4,4.387174585880563,2.0041999960085377,33.13429999980144,78.0
1790085032,192,GET,[GET] /api/soporte/tickets,54.000000,0.000000,7,7,8,9,11,13,19,24,40,40,40,5192,0,6,7.230823401366457,3.826100000878796,54.47709999862127,84651.0
1790085032,192,GET,[GET] /health,77.600000,0.000000,4,5,5,6,7,9,11,16,32,32,32,8041,0,4,4.246423206014888,1.796900003682822,60.459100001025945,83.99477676905857
1790085032,192,,Aggregated,183.100000,0.000000,5,6,7,7,9,10,14,17,38,40,40,18471,0,5,5.183377402386788,1.796900003682822,60.459100001025945,23849.119159763955
1790085033,193,GET,[GET] /actuator/health,24.900000,0.000000,5,6,6,7,8,10,11,13,31,31,31,2614,0,4,4.808259563862226,2.1797999943373725,35.58480000356212,49.0
1790085033,193,GET,[GET] /api/soporte/election/status,27.400000,0.000000,4,5,6,6,7,9,11,12,14,14,14,2680,0,4,4.387082873165752,2.0041999960085377,33.13429999980144,78.0
1790085033,193,GET,[GET] /api/soporte/tickets,54.200000,0.000000,7,7,8,9,11,13,19,24,40,40,40,5253,0,6,7.234444431734755,3.826100000878796,54.47709999862127,84651.0
1790085033,193,GET,[GET] /health,78.300000,0.000000,4,5,5,6,7,9,11,16,32,32,32,8119,0,4,4.2530204458189145,1.796900003682822,60.459100001025945,83.99482694913166
1790085033,193,,Aggregated,184.800000,0.000000,5,6,7,7,9,11,14,18,38,40,40,18666,0,5,5.189059369952132,1.796900003682822,60.459100001025945,23877.144701596484
1790085034,194,GET,[GET] /actuator/health,25.500000,0.000000,5,6,6,7,8,10,11,13,31,31,31,2640,0,4,4.810778749974403,2.1797999943373725,35.58480000356212,49.0
1790085034,194,GET,[GET] /api/soporte/election/status,26.800000,0.000000,4,5,5,6,7,8,11,12,14,14,14,2702,0,4,4.379777905286851,2.0041999960085377,33.13429999980144,78.0
1790085034,194,GET,[GET] /api/soporte/tickets,54.100000,0.000000,7,7,8,9,11,13,18,22,40,40,40,5321,0,6,7.235688874257675,3.826100000878796,54.47709999862127,84651.0
1790085034,194,GET,[GET] /health,79.600000,0.000000,4,5,5,6,7,9,11,16,32,32,32,8200,0,4,4.25446796336207,1.796900003682822,60.459100001025945,83.99487804878049
1790085034,194,,Aggregated,186.000000,0.000000,5,6,7,7,9,11,14,18,38,40,40,18863,0,5,5.191239654323891,1.796900003682822,60.459100001025945,23933.459417908074
1790085035,195,GET,[GET] /actuator/health,24.300000,0.000000,5,6,6,7,8,10,11,13,31,31,31,2666,0,4,4.8144429482151345,2.1797999943373725,35.58480000356212,49.0
1790085035,195,GET,[GET] /api/soporte/election/status,26.900000,0.000000,4,5,5,6,7,10,11,14,14,14,14,2732,0,4,4.388222474405677,2.0041999960085377,33.13429999980144,78.0
1790085035,195,GET,[GET] /api/soporte/tickets,55.200000,0.000000,7,8,8,9,11,14,18,22,40,40,40,5391,0,6,7.241286514554859,3.826100000878796,54.47709999862127,84651.0
1790085035,195,GET,[GET] /health,81.300000,0.000000,4,5,5,6,7,9,11,16,32,32,32,8265,0,4,4.259100979986627,1.796900003682822,60.459100001025945,83.99491833030854
1790085035,195,,Aggregated,187.700000,0.000000,5,6,7,7,9,11,14,18,38,40,40,19054,0,5,5.199074939622786,1.796900003682822,60.459100001025945,24005.01149364963
1790085036,196,GET,[GET] /actuator/health,25.900000,0.000000,5,6,6,7,8,10,11,13,31,31,31,2689,0,4,4.813738564511535,2.1797999943373725,35.58480000356212,49.0
1790085036,196,GET,[GET] /api/soporte/election/status,26.000000,0.000000,4,5,5,6,7,10,11,14,29,29,29,2759,0,4,4.395079485347031,2.0041999960085377,33.13429999980144,78.0
1790085036,196,GET,[GET] /api/soporte/tickets,56.200000,0.000000,7,8,8,9,11,14,19,31,40,40,40,5440,0,6,7.243419963207784,3.826100000878796,54.47709999862127,84651.0
1790085036,196,GET,[GET] /health,80.600000,0.000000,4,5,5,6,7,9,11,16,32,32,32,8355,0,4,4.261190173516643,1.796900003682822,60.459100001025945,83.99497307001795
1790085036,196,,Aggregated,188.700000,0.000000,5,6,7,7,9,11,14,19,38,40,40,19243,0,5,5.200676391395618,1.796900003682822,60.459100001025945,23985.354726394013
1790085037,197,GET,[GET] /actuator/health,26.400000,0.000000,5,6,6,7,8,10,11,12,31,31,31,2727,0,4,4.817724935815661,2.1797999943373725,35.58480000356212,49.0
1790085037,197,GET,[GET] /api/soporte/election/status,26.300000,0.000000,4,5,6,6,7,10,11,14,29,29,29,2785,0,4,4.39921867147216,2.0041999960085377,33.13429999980144,78.0
1790085037,197,GET,[GET] /api/soporte/tickets,56.900000,0.000000,7,8,8,9,11,14,19,31,40,40,40,5496,0,6,7.249421179012127,3.826100000878796,54.47709999862127,84651.0
1790085037,197,GET,[GET] /health,79.700000,0.000000,4,5,5,6,7,9,11,16,32,32,32,8433,0,4,4.264431246261749,1.796900003682822,60.459100001025945,83.99501956599075
1790085037,197,,Aggregated,189.300000,0.000000,5,6,7,7,9,11,15,19,38,40,40,19441,0,5,5.205212046684597,1.796900003682822,60.459100001025945,23985.447199218146
1790085038,198,GET,[GET] /actuator/health,26.500000,0.000000,5,6,6,7,8,10,11,11,31,31,31,2747,0,4,4.824098471049221,2.1797999943373725,35.58480000356212,49.0
1790085038,198,GET,[GET] /api/soporte/election/status,26.100000,0.000000,4,5,6,6,7,9,12,14,29,29,29,2816,0,4,4.422246732975633,2.0041999960085377,33.13429999980144,78.0
1790085038,198,GET,[GET] /api/soporte/tickets,58.300000,0.000000,7,8,8,9,11,14,19,31,40,40,40,5555,0,6,7.2558437083436225,3.826100000878796,54.47709999862127,84651.0
1790085038,198,GET,[GET] /health,78.900000,0.000000,4,5,5,6,7,9,11,16,32,32,32,8513,0,4,4.272054763276351,1.796900003682822,60.459100001025945,83.99506636908258
1790085038,198,,Aggregated,189.800000,0.000000,5,6,7,7,9,11,15,19,38,40,40,19631,0,5,5.215172905081351,1.796900003682822,60.459100001025945,24008.232183790944
1790085039,199,GET,[GET] /actuator/health,26.300000,0.000000,5,6,6,7,8,10,11,11,31,31,31,2775,0,4,4.829883387381513,2.1797999943373725,35.58480000356212,49.0
1790085039,199,GET,[GET] /api/soporte/election/status,25.400000,0.000000,4,5,6,7,8,10,12,14,29,29,29,2840,0,4,4.432002323952013,2.0041999960085377,33.13429999980144,78.0
1790085039,199,GET,[GET] /api/soporte/tickets,57.700000,0.000000,7,8,9,9,11,15,19,31,40,40,40,5606,0,6,7.26239969673499,3.826100000878796,54.47709999862127,84651.0
1790085039,199,GET,[GET] /health,80.200000,0.000000,4,5,6,6,7,9,11,16,32,32,32,8604,0,4,4.278811982761395,1.796900003682822,60.459100001025945,83.99476987447699
1790085039,199,,Aggregated,189.600000,0.000000,5,6,7,7,9,11,15,19,38,40,40,19825,0,5,5.221574981063446,1.796900003682822,60.459100001025945,23991.611197982347
1790085040,200,GET,[GET] /actuator/health,26.800000,0.000000,5,6,6,7,8,10,10,12,31,31,31,2810,0,4,4.839959572939562,2.1797999943373725,35.58480000356212,49.0
1790085040,200,GET,[GET] /api/soporte/election/status,26.000000,0.000000,4,5,6,7,8,10,12,14,29,29,29,2869,0,4,4.4366526664497234,2.0041999960085377,33.13429999980144,78.0
1790085040,200,GET,[GET] /api/soporte/tickets,57.600000,0.000000,7,8,9,9,12,15,20,31,40,40,40,5668,0,6,7.27555088212715,3.826100000878796,54.47709999862127,84651.0
1790085040,200,GET,[GET] /health,80.000000,0.000000,4,5,6,6,7,9,11,16,32,32,32,8690,0,4,4.282247756012157,1.796900003682822,60.459100001025945,83.99482163406213
1790085040,200,,Aggregated,190.400000,0.000000,5,6,7,7,9,11,16,20,38,40,40,20037,0,5,5.229305699438377,1.796900003682822,60.459100001025945,24000.262264810102
1790085041,200,GET,[GET] /actuator/health,25.900000,0.000000,5,6,6,7,9,10,11,14,18,18,18,2851,0,4,4.855558470680077,2.1797999943373725,35.58480000356212,49.0
1790085041,200,GET,[GET] /api/soporte/election/status,26.700000,0.000000,4,6,6,7,9,11,13,14,29,29,29,2902,0,4,4.462324603751807,2.0041999960085377,33.13429999980144,78.0
1790085041,200,GET,[GET] /api/soporte/tickets,58.000000,0.000000,7,8,9,10,12,15,19,31,40,40,40,5724,0,6,7.284803721147459,3.826100000878796,54.47709999862127,84651.0
1790085041,200,GET,[GET] /health,80.900000,0.000000,4,5,6,6,8,9,11,13,29,29,29,8774,0,4,4.291487861844053,1.796900003682822,60.459100001025945,83.99487121039435
1790085041,200,,Aggregated,191.500000,0.000000,5,6,7,8,10,11,15,19,38,40,40,20251,0,5,5.241449518525723,1.796900003682822,60.459100001025945,23981.302157918126
1790085042,200,GET,[GET] /actuator/health,27.000000,0.000000,5,6,7,7,9,10,11,14,18,18,18,2877,0,4,4.869080083378758,2.1797999943373725,35.58480000356212,49.0
1790085042,200,GET,[GET] /api/soporte/election/status,26.600000,0.000000,4,5,6,7,9,10,13,15,29,29,29,2936,0,4,4.469856062708679,2.0041999960085377,33.13429999980144,78.0
1790085042,200,GET,[GET] /api/soporte/tickets,57.000000,0.000000,7,8,9,10,12,15,17,21,37,37,37,5764,0,6,7.297598698791058,3.826100000878796,54.47709999862127,84651.0
1790085042,200,GET,[GET] /health,81.900000,0.000000,4,5,6,6,8,9,11,13,29,29,29,8864,0,4,4.300323894385131,1.796900003682822,60.459100001025945,83.99492328519855
1790085042,200,,Aggregated,192.500000,0.000000,5,6,7,8,9,11,15,17,34,37,37,20441,0,5,5.2499031700824235,1.796900003682822,60.459100001025945,23924.60623257179
1790085043,200,GET,[GET] /actuator/health,27.600000,0.000000,5,6,7,7,9,10,12,14,18,18,18,2908,0,4,4.880007668445759,2.1797999943373725,35.58480000356212,49.0
1790085043,200,GET,[GET] /api/soporte/election/status,26.600000,0.000000,4,5,6,7,9,11,13,15,29,29,29,2958,0,4,4.469630459798042,2.0041999960085377,33.13429999980144,78.0
1790085043,200,GET,[GET] /api/soporte/tickets,57.800000,0.000000,7,8,9,10,11,15,18,30,37,37,37,5821,0,6,7.310606905997182,3.826100000878796,54.47709999862127,84651.0
1790085043,200,GET,[GET] /health,81.400000,0.000000,4,5,6,6,8,9,11,13,24,24,24,8947,0,4,4.30789189671699,1.796900003682822,60.459100001025945,83.99497038113334
1790085043,200,,Aggregated,193.400000,0.000000,5,6,7,8,10,11,15,17,34,37,37,20634,0,5,5.258795231155345,1.796900003682822,60.459100001025945,23935.16477658234
1790085044,200,GET,[GET] /actuator/health,28.800000,0.000000,5,6,7,8,9,11,14,18,32,32,32,2931,0,4,4.907326134371675,2.1797999943373725,35.58480000356212,49.0
1790085044,200,GET,[GET] /api/soporte/election/status,27.000000,0.000000,5,5,6,7,9,11,13,18,29,29,29,2981,0,4,4.476428245577282,2.0041999960085377,33.13429999980144,78.0
1790085044,200,GET,[GET] /api/soporte/tickets,58.200000,0.000000,7,8,9,10,12,15,25,32,37,37,37,5906,0,6,7.327857670133184,3.826100000878796,54.47709999862127,84651.0
1790085044,200,GET,[GET] /health,81.900000,0.000000,4,5,6,6,8,10,13,15,32,32,32,9023,0,4,4.326037792309723,1.796900003682822,60.459100001025945,83.9950127452067
1790085044,200,,Aggregated,195.900000,0.000000,5,6,7,8,10,12,16,21,34,37,37,20841,0,5,5.279966023690153,1.796900003682822,60.459100001025945,24043.127968907444
1790085045,200,GET,[GET] /actuator/health,29.600000,0.000000,5,6,7,8,9,11,14,18,32,32,32,2955,0,4,4.909154450026059,2.1797999943373725,35.58480000356212,49.0
1790085045,200,GET,[GET] /api/soporte/election/status,27.500000,0.000000,5,6,7,7,9,11,13,18,29,29,29,3005,0,4,4.487050249613783,2.0041999960085377,33.13429999980144,78.0
1790085045,200,GET,[GET] /api/soporte/tickets,56.800000,0.000000,7,8,9,10,12,16,30,32,37,37,37,5956,0,6,7.339007639312434,3.826100000878796,54.47709999862127,84651.0
1790085045,200,GET,[GET] /health,81.600000,0.000000,4,5,6,7,8,10,13,19,32,32,32,9126,0,4,4.339619570468967,1.796900003682822,60.459100001025945,83.99506903353057
1790085045,200,,Aggregated,195.500000,0.000000,5,6,7,8,10,12,17,24,35,37,37,21042,0,5,5.2896414361639135,1.796900003682822,60.459100001025945,24015.16395779869
1790085046,200,GET,[GET] /actuator/health,28.700000,0.000000,5,6,7,8,10,11,15,18,32,32,32,2984,0,4,4.914830663484225,2.1797999943373725,35.58480000356212,49.0
1790085046,200,GET,[GET] /api/soporte/election/status,27.700000,0.000000,5,6,7,7,9,11,13,15,20,20,20,3026,0,4,4.48351173168019,2.0041999960085377,33.13429999980144,78.0
1790085046,200,GET,[GET] /api/soporte/tickets,56.800000,0.000000,7,8,9,10,12,16,25,32,37,37,37,6015,0,6,7.343478221064031,3.826100000878796,54.47709999862127,84651.0
1790085046,200,GET,[GET] /health,82.400000,0.000000,4,5,6,7,8,10,13,16,32,32,32,9200,0,4,4.341407956540618,1.796900003682822,60.459100001025945,83.99510869565218
1790085046,200,,Aggregated,195.600000,0.000000,5,6,7,8,10,12,16,22,35,37,37,21225,0,5,5.293047627786809,1.796900003682822,60.459100001025945,24043.852249705535
1790085047,200,GET,[GET] /actuator/health,28.700000,0.000000,5,6,7,8,10,11,15,18,32,32,32,3011,0,4,4.922264994961701,2.1797999943373725,35.58480000356212,49.0
1790085047,200,GET,[GET] /api/soporte/election/status,27.300000,0.000000,5,6,7,7,9,11,13,15,20,20,20,3064,0,4,4.488583812032651,2.0041999960085377,33.13429999980144,78.0
1790085047,200,GET,[GET] /api/soporte/tickets,57.800000,0.000000,7,8,9,10,12,16,25,32,37,37,37,6070,0,6,7.345007907687338,3.826100000878796,54.47709999862127,84651.0
1790085047,200,GET,[GET] /health,82.500000,0.000000,4,5,6,7,8,10,13,16,32,32,32,9290,0,4,4.345230548987185,1.796900003682822,60.459100001025945,83.99515608180839
1790085047,200,,Aggregated,196.300000,0.000000,5,6,7,8,10,12,16,23,35,37,37,21435,0,5,5.296260811740183,1.796900003682822,60.459100001025945,24026.051597853977
1790085048,200,GET,[GET] /actuator/health,28.400000,0.000000,5,6,7,8,10,11,15,18,32,32,32,3034,0,4,4.930984311081641,2.1797999943373725,35.58480000356212,49.0
1790085048,200,GET,[GET] /api/soporte/election/status,27.100000,0.000000,5,6,6,7,9,11,13,13,18,18,18,3094,0,4,4.502467550127925,2.0041999960085377,33.13429999980144,78.0
1790085048,200,GET,[GET] /api/soporte/tickets,56.200000,0.000000,7,8,10,10,13,17,25,32,37,37,37,6135,0,7,7.364666145033041,3.826100000878796,54.47709999862127,84651.0
1790085048,200,GET,[GET] /health,85.800000,0.000000,4,5,6,7,8,11,14,19,32,32,32,9377,0,4,4.3551514663659825,1.796900003682822,60.459100001025945,83.99520102378159
1790085048,200,,Aggregated,197.500000,0.000000,5,7,7,8,10,13,17,23,35,37,37,21640,0,5,5.310153562837756,1.796900003682822,60.459100001025945,24053.21192236599
1790085049,200,GET,[GET] /actuator/health,29.400000,0.000000,5,6,7,8,9,11,15,18,32,32,32,3065,0,4,4.93962854805663,2.1797999943373725,35.58480000356212,49.0
1790085049,200,GET,[GET] /api/soporte/election/status,26.500000,0.000000,4,6,6,7,9,11,13,13,18,18,18,3118,0,4,4.506945894835488,2.0041999960085377,33.13429999980144,78.0
1790085049,200,GET,[GET] /api/soporte/tickets,57.500000,0.000000,7,8,9,10,12,16,25,32,37,37,37,6194,0,7,7.367200758746844,3.826100000878796,54.47709999862127,84651.0
1790085049,200,GET,[GET] /health,83.900000,0.000000,4,5,6,7,9,11,13,18,32,32,32,9458,0,4,4.364980535003903,1.796900003682822,60.459100001025945,83.99524212307041
1790085049,200,,Aggregated,197.300000,0.000000,5,7,7,8,10,12,16,22,35,37,37,21835,0,5,5.317565660619898,1.796900003682822,60.459100001025945,24067.602931073965
1790085050,200,GET,[GET] /actuator/health,28.600000,0.000000,5,6,7,8,9,11,15,18,32,32,32,3095,0,4,4.934423683272894,2.1797999943373725,35.58480000356212,49.0
1790085050,200,GET,[GET] /api/soporte/election/status,28.000000,0.000000,4,5,6,7,9,11,13,13,18,18,18,3140,0,4,4.505465222952871,2.0041999960085377,33.13429999980144,78.0
1790085050,200,GET,[GET] /api/soporte/tickets,57.200000,0.000000,7,8,9,10,12,16,24,31,37,37,37,6251,0,7,7.365676451710592,3.826100000878796,54.47709999862127,84651.0
1790085050,200,GET,[GET] /health,86.000000,0.000000,4,5,6,7,8,11,13,18,32,32,32,9560,0,4,4.362479278250431,1.796900003682822,60.459100001025945,83.9952928870293
1790085050,200,,Aggregated,199.800000,0.000000,5,6,7,8,10,12,16,22,35,37,37,22046,0,5,5.314676018303486,1.796900003682822,60.459100001025945,24056.65295291663
1790085051,200,GET,[GET] /actuator/health,28.800000,0.000000,5,6,7,8,9,11,15,16,32,32,32,3120,0,4,4.9401282370896435,2.1797999943373725,35.58480000356212,49.0
1790085051,200,GET,[GET] /api/soporte/election/status,27.700000,0.000000,4,5,6,6,8,10,12,15,22,22,22,3167,0,4,4.5087737606869664,2.0041999960085377,33.13429999980144,78.0
1790085051,200,GET,[GET] /api/soporte/tickets,57.400000,0.000000,7,8,9,10,12,15,25,32,37,37,37,6304,0,7,7.36663762683498,3.826100000878796,54.47709999862127,84651.0
1790085051,200,GET,[GET] /health,85.900000,0.000000,4,5,6,7,8,11,13,18,32,32,32,9650,0,4,4.364745782391491,1.796900003682822,60.459100001025945,83.99533678756477
1790085051,200,,Aggregated,199.800000,0.000000,5,6,7,8,10,12,16,22,35,37,37,22241,0,5,5.316827795488553,1.796900003682822,60.459100001025945,24047.945910705454
1790085052,200,GET,[GET] /actuator/health,28.700000,0.000000,5,6,7,7,9,11,15,22,32,32,32,3154,0,4,4.945356911759741,2.1797999943373725,35.58480000356212,49.0
1790085052,200,GET,[GET] /api/soporte/election/status,27.300000,0.000000,4,5,6,6,8,10,11,13,22,22,22,3193,0,4,4.512454682161986,2.0041999960085377,33.13429999980144,78.0
1790085052,200,GET,[GET] /api/soporte/tickets,58.700000,0.000000,7,8,9,10,12,16,25,31,35,35,35,6356,0,7,7.373919713589408,3.826100000878796,54.47709999862127,84651.0
1790085052,200,GET,[GET] /health,83.800000,0.000000,4,5,6,7,8,11,13,19,32,32,32,9742,0,4,4.377112133055608,1.796900003682822,60.459100001025945,83.99538082529254
1790085052,200,,Aggregated,198.500000,0.000000,5,6,7,8,10,12,17,22,35,35,35,22445,0,5,5.324855584746511,1.796900003682822,60.459100001025945,24026.00307418133
1790085053,200,GET,[GET] /actuator/health,28.200000,0.000000,5,6,6,7,9,10,15,22,32,32,32,3187,0,4,4.941279039754775,2.1797999943373725,35.58480000356212,49.0
1790085053,200,GET,[GET] /api/soporte/election/status,26.800000,0.000000,4,5,6,7,8,10,11,13,22,22,22,3225,0,4,4.514259317869054,2.0041999960085377,33.13429999980144,78.0
1790085053,200,GET,[GET] /api/soporte/tickets,57.700000,0.000000,7,8,9,10,11,14,22,31,35,35,35,6420,0,7,7.373274314571593,3.826100000878796,54.47709999862127,84651.0
1790085053,200,GET,[GET] /health,86.400000,0.000000,4,5,6,6,8,11,13,19,32,32,32,9811,0,4,4.376464305400367,1.796900003682822,60.459100001025945,83.99541331158903
1790085053,200,,Aggregated,199.100000,0.000000,5,6,7,8,10,12,16,22,35,35,35,22643,0,5,5.325277348392827,1.796900003682822,60.459100001025945,24055.61153557391
1790085054,200,GET,[GET] /actuator/health,26.800000,0.000000,5,6,6,7,8,10,11,15,22,22,22,3212,0,4,4.9402295142177834,2.1797999943373725,35.58480000356212,49.0
1790085054,200,GET,[GET] /api/soporte/election/status,26.200000,0.000000,4,5,6,6,8,9,11,12,22,22,22,3253,0,4,4.514667968058827,2.0041999960085377,33.13429999980144,78.0
1790085054,200,GET,[GET] /api/soporte/tickets,58.000000,0.000000,7,8,9,10,11,13,17,21,35,35,35,6486,0,7,7.37191063821943,3.826100000878796,54.47709999862127,84651.0
1790085054,200,GET,[GET] /health,86.500000,0.000000,4,5,6,6,8,10,12,13,21,21,21,9893,0,4,4.379536611771412,1.796900003682822,60.459100001025945,83.99545132922269
1790085054,200,,Aggregated,197.500000,0.000000,5,6,7,7,9,11,13,17,28,35,35,22844,0,5,5.327228164923336,1.796900003682822,60.459100001025945,24088.971940115567
1790085055,200,GET,[GET] /actuator/health,27.400000,0.000000,5,6,6,7,8,10,11,15,22,22,22,3240,0,4,4.943646141871369,2.1797999943373725,35.58480000356212,49.0
1790085055,200,GET,[GET] /api/soporte/election/status,25.800000,0.000000,4,5,6,6,7,9,11,11,22,22,22,3281,0,4,4.519762359085323,2.0041999960085377,33.13429999980144,78.0
1790085055,200,GET,[GET] /api/soporte/tickets,58.200000,0.000000,7,8,9,9,11,13,17,21,35,35,35,6535,0,7,7.36630047428245,3.826100000878796,54.47709999862127,84651.0
1790085055,200,GET,[GET] /health,86.500000,0.000000,4,5,6,6,8,9,11,12,21,21,21,9975,0,4,4.382185042630951,1.796900003682822,60.459100001025945,83.9954887218045
1790085055,200,,Aggregated,197.900000,0.000000,5,6,7,7,9,11,13,17,28,35,35,23031,0,5,5.327507411727747,1.796900003682822,60.459100001025945,24073.935912465808
1790085056,200,GET,[GET] /actuator/health,27.800000,0.000000,5,5,6,7,9,9,11,15,22,22,22,3273,0,4,4.945338802238614,2.1797999943373725,35.58480000356212,49.0
1790085056,200,GET,[GET] /api/soporte/election/status,26.500000,0.000000,4,5,6,6,8,10,11,11,22,22,22,3302,0,4,4.522559418597415,2.0041999960085377,33.13429999980144,78.0
1790085056,200,GET,[GET] /api/soporte/tickets,58.400000,0.000000,7,8,9,9,11,12,15,20,35,35,35,6602,0,7,7.362372886922074,3.826100000878796,54.47709999862127,84651.0
1790085056,200,GET,[GET] /health,85.600000,0.000000,4,5,6,6,8,9,11,12,21,21,21,10065,0,4,4.384579572813785,1.796900003682822,60.459100001025945,83.99552906110283
1790085056,200,,Aggregated,198.300000,0.000000,5,6,7,7,9,11,13,16,25,35,35,23242,0,5,5.329006294628945,1.796900003682822,60.459100001025945,24099.873074606316
1790085057,200,GET,[GET] /actuator/health,28.000000,0.000000,4,5,6,7,9,10,12,16,32,32,32,3296,0,4,4.956349484159855,2.1797999943373725,35.58480000356212,49.0
1790085057,200,GET,[GET] /api/soporte/election/status,27.100000,0.000000,4,5,6,6,8,10,11,12,22,22,22,3329,0,4,4.525420606852963,2.0041999960085377,33.13429999980144,78.0
1790085057,200,GET,[GET] /api/soporte/tickets,57.600000,0.000000,7,8,9,9,11,13,17,20,35,35,35,6671,0,7,7.374587947746575,3.826100000878796,54.47709999862127,84651.0
1790085057,200,GET,[GET] /health,85.600000,0.000000,4,5,6,6,8,10,11,16,45,45,45,10137,0,4,4.390993666798334,1.796900003682822,60.459100001025945,83.9955608168097
1790085057,200,,Aggregated,198.300000,0.000000,5,6,7,7,9,11,14,18,35,45,45,23433,0,5,5.338993389653758,1.796900003682822,60.459100001025945,24153.093927367387
1790085058,200,GET,[GET] /actuator/health,28.700000,0.000000,4,5,6,7,9,10,12,16,32,32,32,3322,0,4,4.962122636902007,2.1797999943373725,35.58480000356212,49.0
1790085058,200,GET,[GET] /api/soporte/election/status,27.500000,0.000000,4,5,5,6,7,9,11,12,22,22,22,3351,0,4,4.523545866975615,2.0041999960085377,33.13429999980144,78.0
1790085058,200,GET,[GET] /api/soporte/tickets,57.700000,0.000000,7,8,8,9,11,13,16,21,35,35,35,6726,0,7,7.379341718618807,3.826100000878796,54.47709999862127,84651.0
1790085058,200,GET,[GET] /health,84.500000,0.000000,4,5,6,6,8,9,11,13,45,45,45,10226,0,4,4.390761480580142,1.796900003682822,60.459100001025945,83.9955994523763
1790085058,200,,Aggregated,198.400000,0.000000,5,6,7,7,9,11,13,17,35,45,45,23625,0,5,5.340781075126619,1.796900003682822,60.459100001025945,24154.316232804234
1790085059,200,GET,[GET] /actuator/health,28.800000,0.000000,4,5,6,7,9,10,14,16,32,32,32,3348,0,4,4.965569653469091,2.1797999943373725,35.58480000356212,49.0
1790085059,200,GET,[GET] /api/soporte/election/status,27.500000,0.000000,4,5,5,6,8,9,10,12,22,22,22,3381,0,4,4.529054776742991,2.0041999960085377,33.13429999980144,78.0
1790085059,200,GET,[GET] /api/soporte/tickets,57.900000,0.000000,7,8,8,9,11,13,18,21,35,35,35,6789,0,7,7.380444410001696,3.826100000878796,54.47709999862127,84651.0
1790085059,200,GET,[GET] /health,85.300000,0.000000,4,5,6,6,8,9,11,13,45,45,45,10313,0,4,4.393449161292428,1.796900003682822,60.459100001025945,83.99563657519636
1790085059,200,,Aggregated,199.500000,0.000000,5,6,7,7,9,11,13,18,35,45,45,23831,0,5,5.344003176530271,1.796900003682822,60.459100001025945,24169.764424489113
1790085060,200,GET,[GET] /actuator/health,28.300000,0.000000,4,5,6,7,9,10,14,16,32,32,32,3365,0,4,4.963300564571285,2.1797999943373725,35.58480000356212,49.0
1790085060,200,GET,[GET] /api/soporte/election/status,26.300000,0.000000,4,5,6,6,8,9,11,12,22,22,22,3406,0,4,4.532562536757584,2.0041999960085377,33.13429999980144,78.0
1790085060,200,GET,[GET] /api/soporte/tickets,59.400000,0.000000,7,7,8,9,11,13,16,20,35,35,35,6859,0,7,7.372447572460333,3.826100000878796,54.47709999862127,84651.0
1790085060,200,GET,[GET] /health,83.800000,0.000000,4,5,5,6,8,9,11,13,45,45,45,10397,0,4,4.388326421124852,1.796900003682822,60.459100001025945,83.99538328363951
1790085060,200,,Aggregated,197.800000,0.000000,5,6,7,7,9,11,13,17,35,45,45,24027,0,5,5.341177096596296,1.796900003682822,60.459100001025945,24219.630499021932
1790085061,200,GET,[GET] /actuator/health,28.500000,0.000000,4,5,6,7,9,10,12,16,32,32,32,3390,0,4,4.966209999943779,2.1797999943373725,35.58480000356212,49.0
1790085061,200,GET,[GET] /api/soporte/election/status,25.400000,0.000000,4,5,6,6,8,9,11,12,15,15,15,3430,0,4,4.533464460703782,2.0041999960085377,33.13429999980144,78.0
1790085061,200,GET,[GET] /api/soporte/tickets,59.400000,0.000000,7,8,8,9,12,13,17,20,29,29,29,6922,0,7,7.3801732446597885,3.826100000878796,54.47709999862127,84651.0
1790085061,200,GET,[GET] /health,83.900000,0.000000,4,5,6,6,8,9,11,13,45,45,45,10487,0,4,4.394251969148947,1.796900003682822,60.459100001025945,83.99542290454849
1790085061,200,,Aggregated,197.200000,0.000000,5,6,7,7,9,11,13,17,32,45,45,24229,0,5,5.347035147964152,1.796900003682822,60.459100001025945,24238.257129885675
1790085062,200,GET,[GET] /actuator/health,28.200000,0.000000,4,5,6,7,9,10,11,13,32,32,32,3417,0,4,4.964488527885351,2.1797999943373725,35.58480000356212,49.0
1790085062,200,GET,[GET] /api/soporte/election/status,26.200000,0.000000,4,5,6,6,7,9,11,12,15,15,15,3473,0,4,4.533738756180332,2.0041999960085377,33.13429999980144,78.0
1790085062,200,GET,[GET] /api/soporte/tickets,58.800000,0.000000,7,8,8,9,11,13,17,18,29,29,29,6966,0,7,7.382597028355157,3.7146000104257837,54.47709999862127,84651.0
1790085062,200,GET,[GET] /health,85.200000,0.000000,4,5,5,6,8,9,10,11,45,45,45,10565,0,4,4.394651765305004,1.796900003682822,60.459100001025945,83.99545669663985
1790085062,200,,Aggregated,198.400000,0.000000,5,6,7,7,9,11,13,15,32,45,45,24421,0,5,5.346464059619505,1.796900003682822,60.459100001025945,24200.67175791327
1790085064,200,GET,[GET] /actuator/health,26.900000,0.000000,4,5,6,7,9,10,12,13,32,32,32,3439,0,4,4.96044661231524,2.1797999943373725,35.58480000356212,49.0
1790085064,200,GET,[GET] /api/soporte/election/status,26.400000,0.000000,4,5,6,6,7,9,11,12,15,15,15,3504,0,4,4.532002311691745,2.0041999960085377,33.13429999980144,78.0
1790085064,200,GET,[GET] /api/soporte/tickets,60.600000,0.000000,7,7,8,9,11,13,17,19,29,29,29,7031,0,7,7.37607748536246,3.7146000104257837,54.47709999862127,84651.0
1790085064,200,GET,[GET] /health,83.600000,0.000000,4,5,5,6,8,9,10,11,45,45,45,10637,0,4,4.393089762197821,1.796900003682822,60.459100001025945,83.99548744946884
1790085064,200,,Aggregated,197.500000,0.000000,5,6,7,7,9,11,13,16,32,45,45,24611,0,5,5.344342310349099,1.796900003682822,60.459100001025945,24237.798707894843
1790085065,200,GET,[GET] /actuator/health,26.700000,0.000000,4,5,6,6,8,9,12,13,32,32,32,3470,0,4,4.954909337113339,2.1797999943373725,35.58480000356212,49.0
1790085065,200,GET,[GET] /api/soporte/election/status,26.300000,0.000000,4,5,5,6,7,9,11,12,15,15,15,3543,0,4,4.525653005981874,2.0041999960085377,33.13429999980144,78.0
1790085065,200,GET,[GET] /api/soporte/tickets,61.500000,0.000000,7,7,8,9,11,13,17,19,29,29,29,7079,0,7,7.369996157590853,3.7146000104257837,54.47709999862127,84651.0
1790085065,200,GET,[GET] /health,83.100000,0.000000,4,5,5,6,7,9,10,11,45,45,45,10724,0,4,4.3911153021728415,1.796900003682822,60.459100001025945,83.99552405818724
1790085065,200,,Aggregated,197.600000,0.000000,5,6,7,7,9,11,13,16,32,45,45,24816,0,5,5.3389122864307,1.796900003682822,60.459100001025945,24201.788402643455
1790085066,200,GET,[GET] /actuator/health,25.200000,0.000000,4,5,6,6,8,9,12,13,32,32,32,3502,0,4,4.953315591015331,2.1797999943373725,35.58480000356212,49.0
1790085066,200,GET,[GET] /api/soporte/election/status,27.800000,0.000000,4,5,5,6,7,9,11,12,15,15,15,3576,0,4,4.527904334495269,2.0041999960085377,33.13429999980144,78.0
1790085066,200,GET,[GET] /api/soporte/tickets,60.900000,0.000000,7,7,8,9,11,14,17,19,29,29,29,7129,0,7,7.368207560608742,3.7146000104257837,54.47709999862127,84651.0
1790085066,200,GET,[GET] /health,82.400000,0.000000,4,5,5,6,7,9,11,11,45,45,45,10816,0,4,4.392593075121941,1.796900003682822,60.459100001025945,83.99556213017752
1790085066,200,,Aggregated,196.300000,0.000000,5,6,7,7,9,11,13,16,32,45,45,25023,0,5,5.338150321703609,1.796900003682822,60.459100001025945,24171.202533669024
1790085067,200,GET,[GET] /actuator/health,25.700000,0.000000,4,5,6,7,8,9,10,12,16,16,16,3527,0,4,4.952004649776889,2.1797999943373725,35.58480000356212,49.0
1790085067,200,GET,[GET] /api/soporte/election/status,28.900000,0.000000,4,5,5,6,7,8,10,11,15,15,15,3602,0,4,4.525799944515013,2.0041999960085377,33.13429999980144,78.0
1790085067,200,GET,[GET] /api/soporte/tickets,59.100000,0.000000,6,7,8,9,11,13,17,21,33,33,33,7180,0,7,7.371009721394439,3.7146000104257837,54.47709999862127,84651.0
1790085067,200,GET,[GET] /health,82.900000,0.000000,4,5,5,6,7,8,10,11,13,13,13,10902,0,4,4.3891083196227365,1.796900003682822,60.459100001025945,83.99559713813979
1790085067,200,,Aggregated,196.600000,0.000000,5,6,6,7,8,10,12,14,32,33,33,25211,0,5,5.3366213359265915,1.796900003682822,60.459100001025945,24162.614691999523
1790085068,200,GET,[GET] /actuator/health,25.700000,0.000000,4,5,5,6,7,8,10,12,16,16,16,3564,0,4,4.945602749659585,2.1797999943373725,35.58480000356212,49.0
1790085068,200,GET,[GET] /api/soporte/election/status,29.300000,0.000000,4,5,5,6,7,8,10,11,15,15,15,3625,0,4,4.5229585103907395,2.0041999960085377,33.13429999980144,78.0
1790085068,200,GET,[GET] /api/soporte/tickets,59.000000,0.000000,6,7,8,8,11,12,16,18,33,33,33,7234,0,7,7.368716339452278,3.7146000104257837,54.47709999862127,84651.0
1790085068,200,GET,[GET] /health,83.300000,0.000000,4,5,5,6,7,8,10,11,24,24,24,10998,0,4,4.3910477996492006,1.796900003682822,60.459100001025945,83.99563557010366
1790085068,200,,Aggregated,197.300000,0.000000,5,6,6,7,8,10,12,14,32,33,33,25421,0,5,5.33495497817131,1.796900003682822,60.459100001025945,24143.287203493175
1790085069,200,GET,[GET] /actuator/health,25.000000,0.000000,4,5,6,6,8,8,10,12,32,32,32,3596,0,4,4.9557979421037,2.1797999943373725,35.58480000356212,49.0
1790085069,200,GET,[GET] /api/soporte/election/status,30.000000,0.000000,4,5,5,6,7,8,10,11,15,15,15,3648,0,4,4.521634237985301,2.0041999960085377,33.13429999980144,78.0
1790085069,200,GET,[GET] /api/soporte/tickets,57.500000,0.000000,7,7,8,9,11,13,18,33,36,36,36,7288,0,7,7.383572694781172,3.7146000104257837,54.47709999862127,84651.0
1790085069,200,GET,[GET] /health,83.700000,0.000000,4,5,5,6,7,8,10,11,38,38,38,11081,0,4,4.3939434708602345,1.796900003682822,60.459100001025945,83.99566826098727
1790085069,200,,Aggregated,196.200000,0.000000,5,6,6,7,8,10,12,16,36,38,38,25613,0,5,5.3416911919783985,1.796900003682822,60.459100001025945,24141.177995549137
1790085070,200,GET,[GET] /actuator/health,26.600000,0.000000,4,5,6,6,8,9,10,13,32,32,32,3620,0,4,4.958009502707527,2.1797999943373725,35.58480000356212,49.0
1790085070,200,GET,[GET] /api/soporte/election/status,29.400000,0.000000,4,5,5,6,7,8,10,11,15,15,15,3676,0,4,4.527898259020315,2.0041999960085377,33.13429999980144,78.0
1790085070,200,GET,[GET] /api/soporte/tickets,56.100000,0.000000,7,7,8,9,11,13,18,33,36,36,36,7344,0,7,7.3824280228115216,3.7146000104257837,54.47709999862127,84651.0
1790085070,200,GET,[GET] /health,85.600000,0.000000,4,5,5,6,7,8,10,11,38,38,38,11170,0,4,4.39332726952639,1.796900003682822,60.459100001025945,83.99570277529095
1790085070,200,,Aggregated,197.700000,0.000000,5,6,6,7,8,10,13,16,36,38,38,25810,0,5,5.342214854711256,1.796900003682822,60.459100001025945,24141.002867105773
1790085071,200,GET,[GET] /actuator/health,27.000000,0.000000,4,5,6,6,8,8,9,11,32,32,32,3654,0,4,4.958901833556478,2.1797999943373725,35.58480000356212,49.0
1790085071,200,GET,[GET] /api/soporte/election/status,29.600000,0.000000,4,5,6,6,7,8,10,10,12,12,12,3705,0,4,4.5301066936913115,2.0041999960085377,33.13429999980144,78.0
1790085071,200,GET,[GET] /api/soporte/tickets,55.800000,0.000000,7,7,8,8,11,12,16,33,36,36,36,7394,0,7,7.382199093800378,3.7146000104257837,54.47709999862127,84651.0
1790085071,200,GET,[GET] /health,85.100000,0.000000,4,5,5,6,7,8,10,11,38,38,38,11257,0,4,4.392321941960767,1.796900003682822,60.459100001025945,83.9957359864973
1790085071,200,,Aggregated,197.500000,0.000000,5,6,6,7,8,10,12,14,36,38,38,26010,0,5,5.3414925336468295,1.796900003682822,60.459100001025945,24118.534025374855
1790085072,200,GET,[GET] /actuator/health,26.900000,0.000000,4,5,6,6,8,9,13,33,91,91,91,3675,0,4,5.018451401304935,2.1797999943373725,90.88530000008177,49.0
1790085072,200,GET,[GET] /api/soporte/election/status,29.200000,0.000000,4,5,6,6,7,8,10,11,88,88,88,3731,0,4,4.550329536345346,2.0041999960085377,87.81909999379423,78.0
1790085072,200,GET,[GET] /api/soporte/tickets,54.700000,0.000000,6,7,8,8,10,12,27,33,36,36,36,7451,0,7,7.384996174951397,3.7146000104257837,54.47709999862127,84651.0
1790085072,200,GET,[GET] /health,85.200000,0.000000,4,5,5,6,7,8,13,31,90,90,90,11346,0,4,4.423892719961152,1.796900003682822,89.873400007491,83.99524061343205
1790085072,200,,Aggregated,196.000000,0.000000,5,6,6,7,8,10,15,31,90,91,91,26203,0,5,5.367293122930284,1.796900003682822,90.88530000008177,24125.432355073848
1790085073,200,GET,[GET] /actuator/health,28.600000,0.000000,5,5,6,7,8,12,32,42,91,91,91,3700,0,4,5.068136513452643,2.1797999943373725,90.88530000008177,49.0
1790085073,200,GET,[GET] /api/soporte/election/status,29.500000,0.000000,4,5,6,6,8,9,13,21,88,88,88,3761,0,4,4.571949348618485,2.0041999960085377,87.81909999379423,78.0
1790085073,200,GET,[GET] /api/soporte/tickets,53.200000,0.000000,7,7,8,9,12,16,35,37,62,62,62,7497,0,7,7.434808136523397,3.7146000104257837,61.526599994977005,84651.0
1790085073,200,GET,[GET] /health,85.100000,0.000000,4,5,5,6,8,10,29,31,90,90,90,11433,0,4,4.446950625445316,1.796900003682822,89.873400007491,83.99527683022829
1790085073,200,,Aggregated,196.400000,0.000000,5,6,7,7,9,12,31,34,90,91,91,26391,0,5,5.400627096364712,1.796900003682822,90.88530000008177,24101.531696411654
1790085074,200,GET,[GET] /actuator/health,28.400000,0.000000,5,6,6,7,9,13,32,42,91,91,91,3728,0,4,5.072949678068469,2.1797999943373725,90.88530000008177,49.0
1790085074,200,GET,[GET] /api/soporte/election/status,30.000000,0.000000,4,5,6,6,8,9,13,21,88,88,88,3795,0,4,4.576645059329617,2.0041999960085377,87.81909999379423,78.0
1790085074,200,GET,[GET] /api/soporte/tickets,52.600000,0.000000,7,7,8,9,12,15,35,37,62,62,62,7552,0,7,7.429642147720619,3.7146000104257837,61.526599994977005,84651.0
1790085074,200,GET,[GET] /health,85.100000,0.000000,4,5,5,6,8,11,29,31,90,90,90,11513,0,4,4.448177442944138,1.796900003682822,89.873400007491,83.99530964996092
1790085074,200,,Aggregated,196.100000,0.000000,5,6,7,7,9,12,31,34,90,91,91,26588,0,5,5.4009646758010055,1.796900003682822,90.88530000008177,24098.468181134347
1790085075,200,GET,[GET] /actuator/health,28.300000,0.000000,5,6,6,7,9,13,32,42,91,91,91,3760,0,4,5.070696861660876,2.1797999943373725,90.88530000008177,49.0
1790085075,200,GET,[GET] /api/soporte/election/status,28.700000,0.000000,4,5,6,6,8,9,15,21,88,88,88,3825,0,4,4.575641437953344,2.0041999960085377,87.81909999379423,78.0
1790085075,200,GET,[GET] /api/soporte/tickets,52.700000,0.000000,7,7,8,9,11,15,35,37,62,62,62,7612,0,7,7.426498068776122,3.7146000104257837,61.526599994977005,84651.0
1790085075,200,GET,[GET] /health,86.600000,0.000000,4,5,5,6,8,11,29,31,90,90,90,11582,0,4,4.447471637077284,1.796900003682822,89.873400007491,83.99533759281644
1790085075,200,,Aggregated,196.300000,0.000000,5,6,7,7,9,12,31,34,90,91,91,26779,0,5,5.400080977638051,1.796900003682822,90.88530000008177,24116.615108853952
1790085076,200,GET,[GET] /actuator/health,28.700000,0.000000,5,6,6,7,9,14,32,42,91,91,91,3784,0,4,5.077968683875775,2.1797999943373725,90.88530000008177,49.0
1790085076,200,GET,[GET] /api/soporte/election/status,29.100000,0.000000,4,5,6,6,8,10,15,21,88,88,88,3850,0,4,4.57769137665073,2.0041999960085377,87.81909999379423,78.0
1790085076,200,GET,[GET] /api/soporte/tickets,51.600000,0.000000,7,7,8,9,11,15,35,37,62,62,62,7665,0,7,7.427487592888718,3.7146000104257837,61.526599994977005,84651.0
1790085076,200,GET,[GET] /health,86.900000,0.000000,4,5,6,6,8,11,29,31,90,90,90,11671,0,4,4.4497604404576565,1.796900003682822,89.873400007491,83.99537314711678
1790085076,200,,Aggregated,196.300000,0.000000,5,6,7,7,9,12,31,34,90,91,91,26970,0,5,5.4024468594721755,1.796900003682822,90.88530000008177,24112.567334074898
1790085077,200,GET,[GET] /actuator/health,28.700000,0.000000,5,6,7,8,9,14,33,42,91,91,91,3808,0,4,5.07862644426572,2.1797999943373725,90.88530000008177,49.0
1790085077,200,GET,[GET] /api/soporte/election/status,27.900000,0.000000,4,5,6,6,8,10,15,21,88,88,88,3873,0,4,4.576623728414954,2.0041999960085377,87.81909999379423,78.0
1790085077,200,GET,[GET] /api/soporte/tickets,53.200000,0.000000,6,7,8,9,12,15,35,37,62,62,62,7716,0,7,7.422628291798869,3.7146000104257837,61.526599994977005,84651.0
1790085077,200,GET,[GET] /health,85.500000,0.000000,4,5,5,6,8,11,29,31,90,90,90,11763,0,4,4.447707345115232,1.796900003682822,89.873400007491,83.99540933435348
1790085077,200,,Aggregated,195.300000,0.000000,5,6,7,7,9,12,31,34,90,91,91,27160,0,5,5.3997074595002035,1.796900003682822,90.88530000008177,24103.234167893963
1790085078,200,GET,[GET] /actuator/health,28.000000,0.000000,5,6,7,7,9,14,33,42,91,91,91,3832,0,4,5.078807672166448,2.1797999943373725,90.88530000008177,49.0
1790085078,200,GET,[GET] /api/soporte/election/status,27.400000,0.000000,4,5,6,6,8,10,14,21,88,88,88,3905,0,4,4.581671165214153,2.0041999960085377,87.81909999379423,78.0
1790085078,200,GET,[GET] /api/soporte/tickets,53.100000,0.000000,6,7,8,9,12,15,34,37,62,62,62,7780,0,7,7.428425128470237,3.7146000104257837,61.526599994977005,84651.0
1790085078,200,GET,[GET] /health,84.900000,0.000000,4,5,5,6,8,10,28,31,90,90,90,11863,0,4,4.446319522936838,1.796900003682822,89.873400007491,83.99544803169519
1790085078,200,,Aggregated,193.400000,0.000000,5,6,7,7,9,12,30,33,90,91,91,27380,0,5,5.401506680058482,1.796900003682822,90.88530000008177,24107.873484295105
1790085079,200,GET,[GET] /actuator/health,28.300000,0.000000,5,6,7,7,9,12,32,42,91,91,91,3870,0,4,5.079484573587684,2.1797999943373725,90.88530000008177,49.0
1790085079,200,GET,[GET] /api/soporte/election/status,26.900000,0.000000,4,5,6,6,8,9,14,21,88,88,88,3941,0,4,4.577987845785917,2.0041999960085377,87.81909999379423,78.0
1790085079,200,GET,[GET] /api/soporte/tickets,53.400000,0.000000,6,7,8,9,12,15,34,37,62,62,62,7828,0,7,7.425864997389803,3.7146000104257837,61.526599994977005,84651.0
1790085079,200,GET,[GET] /health,85.300000,0.000000,4,5,5,6,8,10,28,31,90,90,90,11934,0,4,4.442559401764469,1.796900003682822,89.873400007491,83.99547511312217
1790085079,200,,Aggregated,193.900000,0.000000,5,6,7,7,9,12,30,33,90,91,91,27573,0,5,5.39827477968488,1.796900003682822,90.88530000008177,24086.876944837342
1790085080,200,GET,[GET] /actuator/health,26.800000,0.000000,5,6,7,7,10,14,33,42,91,91,91,3890,0,4,5.078360719748732,2.1797999943373725,90.88530000008177,49.0
1790085080,200,GET,[GET] /api/soporte/election/status,27.700000,0.000000,4,5,6,6,8,9,14,21,88,88,88,3977,0,4,4.577174704596363,2.0041999960085377,87.81909999379423,78.0
1790085080,200,GET,[GET] /api/soporte/tickets,54.000000,0.000000,6,7,8,9,11,15,34,37,62,62,62,7877,0,7,7.426686593826217,3.7146000104257837,61.526599994977005,84651.0
1790085080,200,GET,[GET] /health,85.600000,0.000000,4,5,5,6,8,10,28,31,90,90,90,12024,0,4,4.442660121481532,1.796900003682822,89.873400007491,83.99550898203593
1790085080,200,,Aggregated,194.100000,0.000000,5,6,7,7,9,13,30,33,90,91,91,27768,0,5,5.3974648012195825,1.796900003682822,90.88530000008177,24067.513144626908
1790085081,200,GET,[GET] /actuator/health,27.100000,0.000000,5,6,6,7,9,12,23,32,42,42,42,3911,0,4,5.073634390137753,2.1797999943373725,90.88530000008177,49.0
1790085081,200,GET,[GET] /api/soporte/election/status,29.200000,0.000000,4,5,6,6,8,9,14,16,32,32,32,4013,0,4,4.57358945930597,2.0041999960085377,87.81909999379423,78.0
1790085081,200,GET,[GET] /api/soporte/tickets,53.300000,0.000000,6,7,8,9,11,15,34,37,62,62,62,7931,0,6,7.4206953473215975,3.7146000104257837,61.526599994977005,84651.0
1790085081,200,GET,[GET] /health,85.000000,0.000000,4,5,5,6,7,9,14,21,32,32,32,12106,0,4,4.439301263894595,1.796900003682822,89.873400007491,83.99553940194944
1790085081,200,,Aggregated,194.600000,0.000000,5,6,6,7,9,12,18,31,56,62,62,27961,0,5,5.392958567302284,1.796900003682822,90.88530000008177,24065.254604627873
1790085082,200,GET,[GET] /actuator/health,27.000000,0.000000,4,5,6,7,9,10,12,12,14,14,14,3942,0,4,5.077216489049041,2.1797999943373725,90.88530000008177,49.0
1790085082,200,GET,[GET] /api/soporte/election/status,29.500000,0.000000,4,5,5,6,7,9,10,14,16,16,16,4045,0,4,4.576816662579915,2.0041999960085377,87.81909999379423,78.0
1790085082,200,GET,[GET] /api/soporte/tickets,53.300000,0.000000,6,7,8,9,10,13,18,22,37,37,37,7976,0,6,7.426220436258776,3.7146000104257837,61.526599994977005,84651.0
1790085082,200,GET,[GET] /health,85.000000,0.000000,4,5,5,5,7,9,11,13,18,18,18,12200,0,4,4.443189549232646,1.796900003682822,89.873400007491,83.9955737704918
1790085082,200,,Aggregated,194.800000,0.000000,5,6,6,7,9,10,13,15,30,37,37,28163,0,5,5.395947075958007,1.796900003682822,90.88530000008177,24028.327592941092
1790085083,200,GET,[GET] /actuator/health,25.800000,0.000000,4,5,6,6,9,10,12,12,14,14,14,3971,0,4,5.076531604087113,2.1797999943373725,90.88530000008177,49.0
1790085083,200,GET,[GET] /api/soporte/election/status,30.800000,0.000000,4,5,5,6,7,9,10,14,16,16,16,4069,0,4,4.576084123887811,2.0041999960085377,87.81909999379423,78.0
1790085083,200,GET,[GET] /api/soporte/tickets,53.400000,0.000000,6,7,8,9,11,14,18,22,37,37,37,8034,0,7,7.426031590692815,3.7146000104257837,61.526599994977005,84651.0
1790085083,200,GET,[GET] /health,84.500000,0.000000,4,5,5,5,7,8,10,12,18,18,18,12285,0,4,4.444457558052873,1.796900003682822,89.873400007491,83.99560439560439
1790085083,200,,Aggregated,194.500000,0.000000,5,6,6,7,8,10,13,15,30,37,37,28359,0,5,5.396519348363308,1.796900003682822,90.88530000008177,24035.755174724072
1790085084,200,GET,[GET] /actuator/health,25.900000,0.000000,4,5,6,6,9,10,12,12,14,14,14,3994,0,4,5.076573610370173,2.1797999943373725,90.88530000008177,49.0
1790085084,200,GET,[GET] /api/soporte/election/status,31.200000,0.000000,4,5,5,6,7,9,10,13,14,14,14,4101,0,4,4.580250841276762,2.0041999960085377,87.81909999379423,78.0
1790085084,200,GET,[GET] /api/soporte/tickets,52.100000,0.000000,6,8,8,9,11,13,18,22,37,37,37,8100,0,7,7.426629617233922,3.7146000104257837,61.526599994977005,84651.0
1790085084,200,GET,[GET] /health,85.300000,0.000000,4,5,5,6,7,8,10,11,18,18,18,12364,0,4,4.443018820822868,1.796900003682822,89.873400007491,83.9956324813976
1790085084,200,,Aggregated,194.500000,0.000000,5,6,6,7,9,10,13,15,30,37,37,28559,0,5,5.397549924722266,1.796900003682822,90.88530000008177,24063.41979761196
1790085085,200,GET,[GET] /actuator/health,26.700000,0.000000,4,5,6,7,9,10,12,13,59,59,59,4029,0,4,5.096771605832778,2.1797999943373725,90.88530000008177,49.0
1790085085,200,GET,[GET] /api/soporte/election/status,30.900000,0.000000,4,5,6,6,7,9,10,13,14,14,14,4139,0,4,4.585181807212155,2.0041999960085377,87.81909999379423,78.0
1790085085,200,GET,[GET] /api/soporte/tickets,53.300000,0.000000,6,8,8,9,11,13,18,22,60,60,60,8165,0,7,7.431635223468795,3.7146000104257837,61.526599994977005,84651.0
1790085085,200,GET,[GET] /health,84.500000,0.000000,4,5,5,6,7,8,10,11,18,18,18,12434,0,4,4.447948721306942,1.796900003682822,89.873400007491,83.99565706932604
1790085085,200,,Aggregated,195.400000,0.000000,5,6,6,7,9,10,13,15,59,60,60,28767,0,5,5.405431789908736,1.796900003682822,90.88530000008177,24081.067890290957
1790085086,200,GET,[GET] /actuator/health,26.700000,0.000000,4,5,6,7,9,10,12,13,59,59,59,4053,0,4,5.097142388327262,2.1797999943373725,90.88530000008177,49.0
1790085086,200,GET,[GET] /api/soporte/election/status,30.200000,0.000000,4,5,6,6,8,9,11,13,14,14,14,4167,0,4,4.591932733387633,2.0041999960085377,87.81909999379423,78.0
1790085086,200,GET,[GET] /api/soporte/tickets,54.600000,0.000000,7,8,8,9,11,13,18,23,60,60,60,8218,0,7,7.43231126790532,3.7146000104257837,61.526599994977005,84651.0
1790085086,200,GET,[GET] /health,85.100000,0.000000,4,5,5,6,7,8,10,13,18,18,18,12533,0,4,4.449443086313878,1.796900003682822,89.873400007491,83.9956913747706
1790085086,200,,Aggregated,196.600000,0.000000,5,6,7,7,9,10,13,15,59,60,60,28971,0,5,5.406679300001188,1.796900003682822,90.88530000008177,24066.765351558453
1790085087,200,GET,[GET] /actuator/health,26.800000,0.000000,4,5,6,6,9,10,12,13,59,59,59,4082,0,4,5.0961073003106705,2.1797999943373725,90.88530000008177,49.0
1790085087,200,GET,[GET] /api/soporte/election/status,30.800000,0.000000,4,5,6,6,7,9,10,12,13,13,13,4192,0,4,4.589015935126894,2.0041999960085377,87.81909999379423,78.0
1790085087,200,GET,[GET] /api/soporte/tickets,54.800000,0.000000,7,8,8,9,10,12,16,23,60,60,60,8269,0,7,7.426551142775889,3.7146000104257837,61.526599994977005,84651.0
1790085087,200,GET,[GET] /health,84.500000,0.000000,4,5,5,6,7,8,10,11,17,17,17,12615,0,4,4.450079579923674,1.796900003682822,89.873400007491,83.99571938168846
1790085087,200,,Aggregated,196.900000,0.000000,5,6,7,7,9,10,12,14,59,60,60,29158,0,5,5.404601485021987,1.796900003682822,90.88530000008177,24060.831298442965
1790085088,200,GET,[GET] /actuator/health,26.900000,0.000000,4,5,6,6,8,9,12,13,59,59,59,4115,0,4,5.091819538237506,2.1797999943373725,90.88530000008177,49.0
1790085088,200,GET,[GET] /api/soporte/election/status,31.100000,0.000000,4,5,6,6,7,9,10,12,13,13,13,4213,0,4,4.5889064087373574,2.0041999960085377,87.81909999379423,78.0
1790085088,200,GET,[GET] /api/soporte/tickets,54.500000,0.000000,7,8,8,9,10,12,18,29,60,60,60,8330,0,7,7.4350307442437655,3.7146000104257837,61.526599994977005,84651.0
1790085088,200,GET,[GET] /health,86.200000,0.000000,4,5,5,6,7,8,10,11,17,17,17,12709,0,4,4.449617829945237,1.796900003682822,89.873400007491,83.99575104256826
1790085088,200,,Aggregated,198.700000,0.000000,5,6,7,7,9,10,12,15,59,60,60,29367,0,5,5.406405121400974,1.796900003682822,90.88530000008177,24065.807913644567
1790085089,200,GET,[GET] /actuator/health,27.200000,0.000000,4,5,6,7,9,10,12,13,59,59,59,4148,0,4,5.092857690417766,2.1797999943373725,90.88530000008177,49.0
1790085089,200,GET,[GET] /api/soporte/election/status,31.500000,0.000000,4,5,6,6,7,9,11,12,13,13,13,4247,0,4,4.584637132094001,2.0041999960085377,87.81909999379423,78.0
1790085089,200,GET,[GET] /api/soporte/tickets,54.800000,0.000000,7,8,8,9,10,12,17,29,60,60,60,8379,0,7,7.43375246444299,3.7146000104257837,61.526599994977005,84651.0
1790085089,200,GET,[GET] /health,84.400000,0.000000,4,5,5,6,7,9,10,11,17,17,17,12787,0,4,4.449857206598422,1.796900003682822,89.873400007491,83.99577696097599
1790085089,200,,Aggregated,197.900000,0.000000,5,6,7,7,9,10,12,15,59,60,60,29561,0,5,5.4052252494908135,1.796900003682822,90.88530000008177,24048.553871655222
1790085090,200,GET,[GET] /actuator/health,27.800000,0.000000,4,5,6,7,9,11,12,13,59,59,59,4167,0,4,5.096576865803959,2.1797999943373725,90.88530000008177,49.0
1790085090,200,GET,[GET] /api/soporte/election/status,30.800000,0.000000,4,5,6,6,7,9,11,12,13,13,13,4271,0,4,4.580253757893289,2.0041999960085377,87.81909999379423,78.0
1790085090,200,GET,[GET] /api/soporte/tickets,54.800000,0.000000,7,8,8,9,10,12,17,29,60,60,60,8442,0,7,7.426090049702528,3.7146000104257837,61.526599994977005,84651.0
1790085090,200,GET,[GET] /health,84.300000,0.000000,4,5,6,6,7,9,10,11,17,17,17,12881,0,4,4.449283433024476,1.796900003682822,89.873400007491,83.99580777889915
1790085090,200,,Aggregated,197.700000,0.000000,5,6,7,7,9,10,13,15,59,60,60,29761,0,5,5.403110503684162,1.796900003682822,90.88530000008177,24066.496858304494
1790085091,200,GET,[GET] /actuator/health,27.200000,0.000000,4,5,6,7,8,9,13,19,59,59,59,4193,0,4,5.098098735939599,2.1797999943373725,90.88530000008177,49.0
1790085091,200,GET,[GET] /api/soporte/election/status,30.100000,0.000000,4,5,6,7,8,10,12,13,19,19,19,4305,0,4,4.597858885010005,2.0041999960085377,87.81909999379423,78.0
1790085091,200,GET,[GET] /api/soporte/tickets,55.000000,0.000000,7,8,8,9,11,13,16,31,60,60,60,8507,0,7,7.436444469205589,3.7146000104257837,61.526599994977005,84651.0
1790085091,200,GET,[GET] /health,84.900000,0.000000,4,5,6,6,7,9,11,15,17,17,17,12958,0,4,4.454689620374797,1.796900003682822,89.873400007491,83.99583269022997
1790085091,200,,Aggregated,197.200000,0.000000,5,6,7,7,9,11,14,15,59,60,60,29963,0,5,5.4118683609822575,1.796900003682822,90.88530000008177,24088.23288722758
1790085092,200,GET,[GET] /actuator/health,27.500000,0.000000,4,5,6,7,8,9,13,19,59,59,59,4212,0,4,5.095632502321394,2.1797999943373725,90.88530000008177,49.0
1790085092,200,GET,[GET] /api/soporte/election/status,29.700000,0.000000,4,5,6,7,8,10,12,13,19,19,19,4334,0,4,4.596555560666251,1.9934000010835007,87.81909999379423,78.0
1790085092,200,GET,[GET] /api/soporte/tickets,56.200000,0.000000,7,8,8,9,11,13,16,31,60,60,60,8574,0,7,7.437342838761264,3.7146000104257837,61.526599994977005,84651.0
1790085092,200,GET,[GET] /health,85.000000,0.000000,4,5,6,6,7,9,11,15,17,17,17,13036,0,4,4.453531144594504,1.796900003682822,89.873400007491,83.99585762503835
1790085092,200,,Aggregated,198.400000,0.000000,5,6,7,7,9,11,14,15,59,60,60,30156,0,5,5.41213308794861,1.796900003682822,90.88530000008177,24122.465976920015
1790085093,200,GET,[GET] /actuator/health,27.800000,0.000000,4,5,6,7,8,10,15,19,59,59,59,4233,0,4,5.098226127993884,2.1797999943373725,90.88530000008177,49.0
1790085093,200,GET,[GET] /api/soporte/election/status,29.200000,0.000000,4,5,6,7,9,10,12,14,19,19,19,4365,0,4,4.609775784627997,1.9934000010835007,87.81909999379423,78.0
1790085093,200,GET,[GET] /api/soporte/tickets,57.300000,0.000000,7,8,9,9,11,14,19,31,60,60,60,8635,0,7,7.44537565715175,3.7146000104257837,61.526599994977005,84651.0
1790085093,200,GET,[GET] /health,84.800000,0.000000,4,5,6,6,8,9,12,15,17,17,17,13133,0,4,4.461487931237302,1.796900003682822,89.873400007491,83.99588822051321
1790085093,200,,Aggregated,199.100000,0.000000,5,6,7,7,9,11,14,16,59,60,60,30366,0,5,5.420075159722853,1.796900003682822,90.88530000008177,24126.07488638609
1790085094,200,GET,[GET] /actuator/health,27.700000,0.000000,4,5,6,7,8,10,13,15,28,28,28,4263,0,4,5.10444407688955,2.1797999943373725,90.88530000008177,49.0
1790085094,200,GET,[GET] /api/soporte/election/status,28.800000,0.000000,4,5,6,7,8,10,12,14,19,19,19,4394,0,4,4.61085179787963,1.9934000010835007,87.81909999379423,78.0
1790085094,200,GET,[GET] /api/soporte/tickets,59.800000,0.000000,7,8,9,9,12,14,18,23,44,44,44,8689,0,7,7.448708481922747,3.7146000104257837,61.526599994977005,84651.0
1790085094,200,GET,[GET] /health,83.200000,0.000000,4,5,6,6,7,9,12,14,17,17,17,13216,0,4,4.4641295324454715,1.796900003682822,89.873400007491,83.99591404358354
1790085094,200,,Aggregated,199.500000,0.000000,5,6,7,7,9,11,14,15,40,44,44,30562,0,5,5.423077409851755,1.796900003682822,90.88530000008177,24121.269812185066
1790085095,200,GET,[GET] /actuator/health,26.100000,0.000000,5,5,6,7,8,10,13,15,28,28,28,4286,0,4,5.106304502980978,2.1797999943373725,90.88530000008177,49.0
1790085095,200,GET,[GET] /api/soporte/election/status,29.000000,0.000000,4,5,6,6,8,10,12,14,19,19,19,4428,0,4,4.6089207316817316,1.9934000010835007,87.81909999379423,78.0
1790085095,200,GET,[GET] /api/soporte/tickets,59.800000,0.000000,7,8,9,9,11,14,17,20,44,44,44,8753,0,7,7.445763829478886,3.7146000104257837,61.526599994977005,84651.0
1790085095,200,GET,[GET] /health,84.100000,0.000000,4,5,6,6,8,9,12,14,17,17,17,13292,0,4,4.466688128257986,1.796900003682822,89.873400007491,83.99593740595847
1790085095,200,,Aggregated,199.000000,0.000000,5,6,7,7,9,11,14,15,40,44,44,30759,0,5,5.424035615588837,1.796900003682822,90.88530000008177,24143.245066484607
1790085096,200,GET,[GET] /actuator/health,26.900000,0.000000,5,5,6,7,8,10,13,15,28,28,28,4318,0,4,5.102865933253924,2.1797999943373725,90.88530000008177,49.0
1790085096,200,GET,[GET] /api/soporte/election/status,28.800000,0.000000,4,5,6,6,8,10,12,14,19,19,19,4450,0,4,4.608249505586121,1.9934000010835007,87.81909999379423,78.0
1790085096,200,GET,[GET] /api/soporte/tickets,58.400000,0.000000,7,8,9,9,11,14,17,20,44,44,44,8809,0,7,7.440272232881145,3.7146000104257837,61.526599994977005,84651.0
1790085096,200,GET,[GET] /health,84.200000,0.000000,4,5,6,6,7,9,12,14,17,17,17,13381,0,4,4.465451573191439,1.796900003682822,89.873400007491,83.99596442717285
1790085096,200,,Aggregated,198.300000,0.000000,5,6,7,7,9,11,14,15,40,44,44,30958,0,5,5.421359616253419,1.796900003682822,90.88530000008177,24141.52370954196
1790085097,200,GET,[GET] /actuator/health,25.500000,0.000000,5,5,6,7,8,10,11,15,28,28,28,4345,0,4,5.102029804321048,2.1797999943373725,90.88530000008177,49.0
1790085097,200,GET,[GET] /api/soporte/election/status,28.800000,0.000000,4,5,6,6,8,10,12,14,19,19,19,4482,0,4,4.6078814145229865,1.9934000010835007,87.81909999379423,78.0
1790085097,200,GET,[GET] /api/soporte/tickets,58.300000,0.000000,7,8,8,9,11,13,17,20,44,44,44,8853,0,7,7.436780243920475,3.7146000104257837,61.526599994977005,84651.0
1790085097,200,GET,[GET] /health,85.000000,0.000000,4,5,6,6,7,9,12,14,17,17,17,13476,0,4,4.463851914577386,1.796900003682822,89.873400007491,83.99599287622439
1790085097,200,,Aggregated,197.600000,0.000000,5,6,7,7,9,11,14,15,40,44,44,31156,0,5,5.418331233147381,1.796900003682822,90.88530000008177,24108.02843754012
1790085098,200,GET,[GET] /actuator/health,26.000000,0.000000,5,6,6,7,8,10,15,16,28,28,28,4373,0,4,5.111792179221948,2.1797999943373725,90.88530000008177,49.0
1790085098,200,GET,[GET] /api/soporte/election/status,28.100000,0.000000,4,5,6,7,9,11,12,15,30,30,30,4505,0,4,4.624277558257171,1.9934000010835007,87.81909999379423,78.0
1790085098,200,GET,[GET] /api/soporte/tickets,59.700000,0.000000,7,8,9,9,12,14,19,33,44,44,44,8913,0,7,7.455001907249306,3.7146000104257837,61.526599994977005,84651.0
1790085098,200,GET,[GET] /health,82.600000,0.000000,4,5,6,7,8,10,13,14,42,42,42,13564,0,4,4.478864081451711,1.796900003682822,89.873400007491,83.99601887348865
1790085098,200,,Aggregated,196.400000,0.000000,5,6,7,8,10,12,14,17,42,44,44,31355,0,5,5.434029086264079,1.796900003682822,90.88530000008177,24117.3449848509
1790085099,200,GET,[GET] /actuator/health,26.000000,0.000000,5,6,7,7,8,10,15,16,19,19,19,4399,0,4,5.114498931514855,2.1797999943373725,90.88530000008177,49.0
1790085099,200,GET,[GET] /api/soporte/election/status,28.600000,0.000000,5,6,6,7,9,11,12,15,30,30,30,4535,0,4,4.6280366041711165,1.9934000010835007,87.81909999379423,78.0
1790085099,200,GET,[GET] /api/soporte/tickets,58.400000,0.000000,7,8,9,10,12,14,19,33,44,44,44,8965,0,7,7.4556163301025515,3.7146000104257837,61.526599994977005,84651.0
1790085099,200,GET,[GET] /health,85.900000,0.000000,4,5,6,7,8,10,13,14,42,42,42,13661,0,4,4.479661020477905,1.796900003682822,89.873400007491,83.9960471414977
1790085099,200,,Aggregated,198.900000,0.000000,5,6,7,8,10,12,15,17,42,44,44,31560,0,5,5.434824980981238,1.796900003682822,90.88530000008177,24100.537579214197
1790085100,200,GET,[GET] /actuator/health,25.900000,0.000000,5,6,7,7,9,10,14,15,16,16,16,4425,0,4,5.116841514068025,2.1797999943373725,90.88530000008177,49.0
1790085100,200,GET,[GET] /api/soporte/election/status,29.200000,0.000000,4,5,6,7,8,10,12,13,30,30,30,4578,0,4,4.6294003057863415,1.9934000010835007,87.81909999379423,78.0
1790085100,200,GET,[GET] /api/soporte/tickets,57.600000,0.000000,7,8,9,10,12,13,17,20,36,36,36,9017,0,7,7.45533000991017,3.7146000104257837,61.526599994977005,84651.0
1790085100,200,GET,[GET] /health,84.200000,0.000000,4,5,6,6,8,10,12,13,42,42,42,13740,0,4,4.479780400343364,1.796900003682822,89.873400007491,83.99606986899563
1790085100,200,,Aggregated,196.900000,0.000000,5,6,7,8,10,11,14,16,36,42,42,31760,0,5,5.434896464096936,1.796900003682822,90.88530000008177,24087.72298488665
1790085101,200,GET,[GET] /actuator/health,25.600000,0.000000,5,6,7,7,9,10,14,15,16,16,16,4455,0,4,5.11467878781685,2.1797999943373725,90.88530000008177,49.0
1790085101,200,GET,[GET] /api/soporte/election/status,28.900000,0.000000,4,5,6,7,8,10,12,13,30,30,30,4610,0,4,4.628639761367969,1.9934000010835007,87.81909999379423,78.0
1790085101,200,GET,[GET] /api/soporte/tickets,58.300000,0.000000,7,8,9,10,12,13,17,20,36,36,36,9076,0,7,7.455943928976054,3.7146000104257837,61.526599994977005,84651.0
1790085101,200,GET,[GET] /health,85.800000,0.000000,4,5,6,6,8,10,12,13,42,42,42,13816,0,4,4.480615764383574,1.796900003682822,89.873400007491,83.99609148812971
1790085101,200,,Aggregated,198.600000,0.000000,5,6,7,8,9,11,14,16,36,42,42,31957,0,5,5.435374340511954,1.796900003682822,90.88530000008177,24095.84256970304
1790085102,200,GET,[GET] /actuator/health,25.600000,0.000000,5,6,7,7,8,10,11,14,16,16,16,4483,0,4,5.1145483157987,2.1797999943373725,90.88530000008177,49.0
1790085102,200,GET,[GET] /api/soporte/election/status,30.200000,0.000000,4,5,6,6,8,9,12,13,30,30,30,4634,0,4,4.629549115218207,1.9934000010835007,87.81909999379423,78.0
1790085102,200,GET,[GET] /api/soporte/tickets,57.300000,0.000000,7,8,8,9,11,13,16,19,36,36,36,9132,0,7,7.4525934734404915,3.7146000104257837,61.526599994977005,84651.0
1790085102,200,GET,[GET] /health,85.900000,0.000000,4,5,6,6,8,9,11,13,42,42,42,13913,0,4,4.479828577643398,1.796900003682822,89.873400007491,83.99611873787106
1790085102,200,,Aggregated,199.000000,0.000000,5,6,7,7,9,11,13,15,36,42,42,32162,0,5,5.433952779673463,1.796900003682822,90.88530000008177,24090.00338909272
1790085103,200,GET,[GET] /actuator/health,25.700000,0.000000,5,6,6,7,8,10,11,14,16,16,16,4516,0,4,5.114907883022336,2.1797999943373725,90.88530000008177,49.0
1790085103,200,GET,[GET] /api/soporte/election/status,29.900000,0.000000,4,5,6,7,8,9,12,13,30,30,30,4658,0,4,4.632212344339036,1.9934000010835007,87.81909999379423,78.0
1790085103,200,GET,[GET] /api/soporte/tickets,56.400000,0.000000,7,8,9,9,11,13,16,19,36,36,36,9190,0,7,7.4556995755647,3.7146000104257837,61.526599994977005,84651.0
1790085103,200,GET,[GET] /health,85.800000,0.000000,4,5,6,6,8,9,11,13,42,42,42,13995,0,4,4.483169353395997,1.796900003682822,89.873400007491,83.99614147909968
1790085103,200,,Aggregated,197.800000,0.000000,5,6,7,7,9,11,13,15,36,42,42,32359,0,5,5.436991356342182,1.796900003682822,90.88530000008177,24095.39305911802
1790085104,200,GET,[GET] /actuator/health,26.300000,0.000000,5,6,6,7,8,10,11,14,16,16,16,4554,0,4,5.114858827342051,2.1797999943373725,90.88530000008177,49.0
1790085104,200,GET,[GET] /api/soporte/election/status,30.000000,0.000000,4,5,6,7,8,9,12,13,30,30,30,4686,0,4,4.6338287238428375,1.9934000010835007,87.81909999379423,78.0
1790085104,200,GET,[GET] /api/soporte/tickets,54.400000,0.000000,7,8,8,9,11,13,16,26,36,36,36,9243,0,7,7.453465173584458,3.7146000104257837,61.526599994977005,84651.0
1790085104,200,GET,[GET] /health,87.000000,0.000000,4,5,6,6,8,9,11,12,42,42,42,14080,0,4,4.482933849494037,1.796900003682822,89.873400007491,83.99616477272727
1790085104,200,,Aggregated,197.700000,0.000000,5,6,7,7,9,11,13,16,36,42,42,32563,0,5,5.436209062431607,1.796900003682822,90.88530000008177,24082.563430887818
1790085105,200,GET,[GET] /actuator/health,28.100000,0.000000,5,6,6,7,9,10,12,16,21,21,21,4577,0,4,5.122900742782274,2.1797999943373725,90.88530000008177,49.0
1790085105,200,GET,[GET] /api/soporte/election/status,29.200000,0.000000,5,6,7,7,9,11,23,27,31,31,31,4724,0,4,4.6690902201465025,1.9934000010835007,87.81909999379423,78.0
1790085105,200,GET,[GET] /api/soporte/tickets,55.400000,0.000000,7,8,9,10,12,17,29,33,47,47,47,9294,0,7,7.4895243812695,3.7146000104257837,61.526599994977005,84651.0
1790085105,200,GET,[GET] /health,85.300000,0.000000,4,5,6,7,8,10,13,15,42,42,42,14159,0,4,4.497988148942029,1.796900003682822,89.873400007491,83.99618617133979
1790085105,200,,Aggregated,198.000000,0.000000,5,6,7,8,10,12,17,27,42,47,47,32754,0,5,5.458843277159293,1.796900003682822,90.88530000008177,24074.26393722904
1790085106,200,GET,[GET] /actuator/health,28.100000,0.000000,5,6,7,7,9,10,12,16,21,21,21,4606,0,4,5.1221420972049865,2.1797999943373725,90.88530000008177,49.0
1790085106,200,GET,[GET] /api/soporte/election/status,29.500000,0.000000,5,5,7,7,9,11,23,27,31,31,31,4752,0,4,4.667733080805498,1.9934000010835007,87.81909999379423,78.0
1790085106,200,GET,[GET] /api/soporte/tickets,55.100000,0.000000,7,8,9,10,12,16,27,33,47,47,47,9349,0,7,7.487661043908076,3.7146000104257837,61.526599994977005,84651.0
1790085106,200,GET,[GET] /health,85.600000,0.000000,4,5,6,7,9,10,13,16,42,42,42,14241,0,4,4.501022393153194,1.796900003682822,89.873400007491,83.99620813145144
1790085106,200,,Aggregated,198.300000,0.000000,5,6,7,8,10,12,17,27,42,47,47,32948,0,5,5.4593558668236355,1.796900003682822,90.88530000008177,24074.139219375986
1790085107,200,GET,[GET] /actuator/health,29.000000,0.000000,5,6,7,7,8,9,10,16,21,21,21,4641,0,4,5.122450333919748,2.1797999943373725,90.88530000008177,49.0
1790085107,200,GET,[GET] /api/soporte/election/status,29.700000,0.000000,5,6,7,7,8,10,23,27,31,31,31,4777,0,4,4.673999078911489,1.9934000010835007,87.81909999379423,78.0
1790085107,200,GET,[GET] /api/soporte/tickets,53.700000,0.000000,7,8,9,10,12,17,27,33,47,47,47,9414,0,7,7.4921840874789405,3.7146000104257837,61.526599994977005,84651.0
1790085107,200,GET,[GET] /health,86.800000,0.000000,4,5,6,7,8,10,13,16,42,42,42,14316,0,4,4.504135533730513,1.796900003682822,89.873400007491,83.99622799664711
1790085107,200,,Aggregated,199.200000,0.000000,5,6,7,8,10,12,17,26,42,47,47,33148,0,5,5.463786982626237,1.796900003682822,90.88530000008177,24095.179769518523
1790085108,200,GET,[GET] /actuator/health,28.400000,0.000000,5,6,6,7,9,10,11,17,21,21,21,4674,0,4,5.130030765872603,2.1797999943373725,90.88530000008177,49.0
1790085108,200,GET,[GET] /api/soporte/election/status,30.400000,0.000000,4,5,6,7,8,10,13,26,31,31,31,4801,0,4,4.670745428027109,1.9934000010835007,87.81909999379423,78.0
1790085108,200,GET,[GET] /api/soporte/tickets,53.200000,0.000000,7,8,9,9,12,15,23,29,47,47,47,9480,0,7,7.492642236242249,3.7146000104257837,61.526599994977005,84651.0
1790085108,200,GET,[GET] /health,86.500000,0.000000,4,5,6,7,8,10,13,16,33,33,33,14395,0,4,4.508490580130333,1.796900003682822,89.873400007491,83.99604029176797
1790085108,200,,Aggregated,198.500000,0.000000,5,6,7,8,9,11,16,23,38,47,47,33350,0,5,5.467225874068946,1.796900003682822,90.88530000008177,24117.06467766117
1790085109,200,GET,[GET] /actuator/health,29.800000,0.000000,5,5,6,7,8,10,11,17,21,21,21,4703,0,4,5.1315768232385475,2.1797999943373725,90.88530000008177,49.0
1790085109,200,GET,[GET] /api/soporte/election/status,29.900000,0.000000,5,6,6,7,8,10,13,26,31,31,31,4838,0,4,4.676798780483939,1.9934000010835007,87.81909999379423,78.0
1790085109,200,GET,[GET] /api/soporte/tickets,54.600000,0.000000,7,8,9,9,12,15,23,29,47,47,47,9538,0,7,7.4946763052627645,3.7146000104257837,61.526599994977005,84651.0
1790085109,200,GET,[GET] /health,83.400000,0.000000,4,5,6,7,8,10,13,16,33,33,33,14469,0,4,4.510081581378551,1.796900003682822,89.873400007491,83.99606054323036
1790085109,200,,Aggregated,197.700000,0.000000,5,6,7,8,9,11,16,23,38,47,47,33548,0,5,5.469797046030604,1.796900003682822,90.88530000008177,24121.389889114103
1790085110,200,GET,[GET] /actuator/health,29.900000,0.000000,5,5,6,7,8,10,13,17,21,21,21,4736,0,4,5.129143686592731,2.1797999943373725,90.88530000008177,49.0
1790085110,200,GET,[GET] /api/soporte/election/status,29.200000,0.000000,5,6,6,7,8,11,13,26,31,31,31,4861,0,4,4.674270109035346,1.9934000010835007,87.81909999379423,78.0
1790085110,200,GET,[GET] /api/soporte/tickets,56.200000,0.000000,7,8,9,9,12,15,23,29,47,47,47,9604,0,7,7.491180560144566,3.7146000104257837,61.526599994977005,84651.0
1790085110,200,GET,[GET] /health,84.200000,0.000000,4,5,6,7,8,10,13,16,33,33,33,14552,0,4,4.509043519854092,1.796900003682822,89.873400007491,83.99587685541506
1790085110,200,,Aggregated,199.500000,0.000000,5,6,7,8,9,11,16,23,38,47,47,33753,0,5,5.4683776523648016,1.796900003682822,90.88530000008177,24140.720350783635
1790085111,200,GET,[GET] /actuator/health,30.400000,0.000000,5,6,7,7,9,11,20,21,31,31,31,4774,0,4,5.151135169601234,2.1797999943373725,90.88530000008177,49.0
1790085111,200,GET,[GET] /api/soporte/election/status,30.000000,0.000000,4,6,6,7,9,11,13,26,31,31,31,4888,0,4,4.6751009001637955,1.9934000010835007,87.81909999379423,78.0
1790085111,200,GET,[GET] /api/soporte/tickets,56.600000,0.000000,7,8,9,10,13,16,25,31,47,47,47,9655,0,7,7.503399813529885,3.7146000104257837,61.526599994977005,84651.0
1790085111,200,GET,[GET] /health,80.900000,0.000000,4,6,6,7,9,11,19,27,72,72,72,14640,0,4,4.531620744603826,1.796900003682822,89.873400007491,83.99590163934427
1790085111,200,,Aggregated,197.900000,0.000000,5,6,7,8,10,13,21,27,72,72,72,33957,0,5,5.484337998065435,1.796900003682822,90.88530000008177,24123.164443266483
1790085112,200,GET,[GET] /actuator/health,30.800000,0.000000,5,6,7,7,9,11,20,21,31,31,31,4798,0,4,5.149509253793245,2.1797999943373725,90.88530000008177,49.0
1790085112,200,GET,[GET] /api/soporte/election/status,28.600000,0.000000,4,5,6,6,8,10,13,26,31,31,31,4915,0,4,4.6718323092697105,1.9934000010835007,87.81909999379423,78.0
1790085112,200,GET,[GET] /api/soporte/tickets,57.700000,0.000000,7,8,9,10,12,16,25,31,47,47,47,9710,0,7,7.502278805315091,3.7146000104257837,61.526599994977005,84651.0
1790085112,200,GET,[GET] /health,80.100000,0.000000,4,5,6,6,8,11,18,27,72,72,72,14723,0,4,4.530526217550937,1.796900003682822,89.873400007491,83.99592474359845
1790085112,200,,Aggregated,197.200000,0.000000,5,6,7,8,10,13,21,27,72,72,72,34146,0,5,5.482910616188502,1.796900003682822,90.88530000008177,24126.291630059157
1790085113,200,GET,[GET] /actuator/health,31.200000,0.000000,5,6,7,8,9,12,20,25,44,44,44,4820,0,4,5.162402863003926,2.1797999943373725,90.88530000008177,49.0
1790085113,200,GET,[GET] /api/soporte/election/status,27.800000,0.000000,4,6,6,7,9,11,14,26,31,31,31,4938,0,4,4.682916869190037,1.9934000010835007,87.81909999379423,78.0
1790085113,200,GET,[GET] /api/soporte/tickets,57.600000,0.000000,7,9,10,10,14,18,27,30,47,47,47,9773,0,7,7.524876465734007,3.7146000104257837,61.526599994977005,84651.0
1790085113,200,GET,[GET] /health,80.800000,0.000000,5,6,6,7,9,12,19,27,72,72,72,14806,0,4,4.5422558490435065,1.796900003682822,89.873400007491,83.99594758881534
1790085113,200,,Aggregated,197.400000,0.000000,5,7,8,8,11,14,22,29,72,72,72,34337,0,5,5.498450158729532,1.796900003682822,90.88530000008177,24147.68940210269
1790085114,200,GET,[GET] /actuator/health,31.700000,0.000000,5,6,7,7,9,12,20,25,44,44,44,4850,0,4,5.163071319531678,2.1797999943373725,90.88530000008177,49.0
1790085114,200,GET,[GET] /api/soporte/election/status,27.300000,0.000000,4,5,6,6,8,10,12,13,26,26,26,4963,0,4,4.688087487415844,1.9934000010835007,87.81909999379423,78.0
1790085114,200,GET,[GET] /api/soporte/tickets,58.100000,0.000000,7,8,9,10,13,16,21,31,42,42,42,9834,0,7,7.534416656450216,3.7146000104257837,61.526599994977005,84651.0
1790085114,200,GET,[GET] /health,80.900000,0.000000,4,5,6,7,8,10,18,24,72,72,72,14889,0,4,4.542879105442848,1.796900003682822,89.873400007491,83.99597017932702
1790085114,200,,Aggregated,198.000000,0.000000,5,6,7,8,10,13,19,25,72,72,72,34536,0,5,5.502671256087661,1.796900003682822,90.88530000008177,24158.365589529767
1790085115,200,GET,[GET] /actuator/health,30.200000,0.000000,5,6,7,7,9,11,20,25,44,44,44,4893,0,4,5.164396423411467,2.1797999943373725,90.88530000008177,49.0
1790085115,200,GET,[GET] /api/soporte/election/status,28.300000,0.000000,4,5,6,6,8,10,12,13,26,26,26,4986,0,4,4.687269474535569,1.9934000010835007,87.81909999379423,78.0
1790085115,200,GET,[GET] /api/soporte/tickets,57.800000,0.000000,7,8,9,10,13,15,22,31,42,42,42,9894,0,7,7.533692732921326,3.7146000104257837,61.526599994977005,84651.0
1790085115,200,GET,[GET] /health,81.600000,0.000000,4,5,6,7,8,10,19,24,72,72,72,14963,0,4,4.544465254359731,1.796900003682822,89.873400007491,83.99599010893537
1790085115,200,,Aggregated,197.900000,0.000000,5,6,7,8,10,13,19,25,72,72,72,34736,0,5,5.503722558737186,1.796900003682822,90.88530000008177,24165.778759788114
1790085116,200,GET,[GET] /actuator/health,30.000000,0.000000,5,6,7,7,9,12,20,31,44,44,44,4928,0,4,5.172203023498873,2.1797999943373725,90.88530000008177,49.0
1790085116,200,GET,[GET] /api/soporte/election/status,27.600000,0.000000,4,5,6,6,8,10,13,14,26,26,26,5021,0,4,4.6918448118019604,1.9618999940576032,87.81909999379423,78.0
1790085116,200,GET,[GET] /api/soporte/tickets,58.900000,0.000000,7,8,9,10,13,16,29,35,42,42,42,9955,0,7,7.541005414317019,3.7146000104257837,61.526599994977005,84651.0
1790085116,200,GET,[GET] /health,80.900000,0.000000,4,5,6,7,8,11,18,24,72,72,72,15057,0,4,4.547133446306785,1.796900003682822,89.873400007491,83.99601514245866
1790085116,200,,Aggregated,197.400000,0.000000,5,6,7,8,10,13,20,29,72,72,72,34961,0,5,5.508517104786113,1.796900003682822,90.88530000008177,24158.30619833529
1790085117,200,GET,[GET] /actuator/health,30.900000,0.000000,5,6,7,7,9,11,20,31,44,44,44,4958,0,4,5.175560326710166,2.1797999943373725,90.88530000008177,49.0
1790085117,200,GET,[GET] /api/soporte/election/status,26.500000,0.000000,4,5,6,6,8,10,13,14,26,26,26,5044,0,4,4.690853945285602,1.9618999940576032,87.81909999379423,78.0
1790085117,200,GET,[GET] /api/soporte/tickets,59.600000,0.000000,7,8,9,10,13,16,30,35,42,42,42,10011,0,7,7.545160303625019,3.7146000104257837,61.526599994977005,84651.0
1790085117,200,GET,[GET] /health,79.700000,0.000000,4,5,6,7,8,10,18,22,72,72,72,15138,0,4,4.5479052385395295,1.796900003682822,89.873400007491,83.99583828775268
1790085117,200,,Aggregated,196.700000,0.000000,5,6,7,8,10,13,19,27,72,72,72,35151,0,5,5.510565409247278,1.796900003682822,90.88530000008177,24162.870586896533
1790085118,200,GET,[GET] /actuator/health,32.700000,0.000000,5,6,6,7,9,11,20,31,44,44,44,4988,0,4,5.17468879306273,2.1797999943373725,90.88530000008177,49.0
1790085118,200,GET,[GET] /api/soporte/election/status,26.700000,0.000000,4,5,6,6,8,10,13,14,26,26,26,5066,0,4,4.689454362431999,1.9618999940576032,87.81909999379423,78.0
1790085118,200,GET,[GET] /api/soporte/tickets,60.200000,0.000000,7,8,9,10,12,16,30,35,42,42,42,10060,0,7,7.544681550658337,3.7146000104257837,61.526599994977005,84651.0
1790085118,200,GET,[GET] /health,81.100000,0.000000,4,5,6,6,8,10,18,22,72,72,72,15226,0,4,4.547124707803946,1.796900003682822,89.873400007491,83.99566530933929
1790085118,200,,Aggregated,200.700000,0.000000,5,6,7,8,10,13,20,27,72,72,72,35340,0,5,5.509398435215709,1.796900003682822,90.88530000008177,24151.3168647425
1790085119,200,GET,[GET] /actuator/health,30.900000,0.000000,5,6,7,7,9,11,20,31,44,44,44,5013,0,4,5.179879912182321,2.1797999943373725,90.88530000008177,49.0
1790085119,200,GET,[GET] /api/soporte/election/status,26.500000,0.000000,4,5,6,6,8,10,13,14,26,26,26,5087,0,4,4.691971967781786,1.9618999940576032,87.81909999379423,78.0
1790085119,200,GET,[GET] /api/soporte/tickets,59.700000,0.000000,7,9,9,10,13,17,30,35,42,42,42,10125,0,7,7.548414666626752,3.7146000104257837,61.526599994977005,84651.0
1790085119,200,GET,[GET] /health,82.400000,0.000000,4,5,6,7,8,10,18,23,72,72,72,15323,0,4,4.550894824845031,1.796900003682822,89.873400007491,83.9956927494616
1790085119,200,,Aggregated,199.500000,0.000000,5,6,7,8,10,13,20,27,72,72,72,35548,0,5,5.51355517330292,1.796900003682822,90.88530000008177,24165.096883087655
1790085120,200,GET,[GET] /actuator/health,30.800000,0.000000,5,6,7,7,9,11,13,31,44,44,44,5044,0,4,5.1803152259560585,2.1797999943373725,90.88530000008177,49.0
1790085120,200,GET,[GET] /api/soporte/election/status,26.200000,0.000000,4,5,6,6,7,9,12,14,26,26,26,5119,0,4,4.689445458120827,1.9618999940576032,87.81909999379423,78.0
1790085120,200,GET,[GET] /api/soporte/tickets,58.600000,0.000000,7,8,9,10,13,16,31,35,42,42,42,10185,0,7,7.552120078505208,3.7146000104257837,61.526599994977005,84651.0
1790085120,200,GET,[GET] /health,82.000000,0.000000,4,5,6,6,8,9,14,19,32,32,32,15401,0,4,4.549767248957081,1.796900003682822,89.873400007491,83.99571456398935
1790085120,200,,Aggregated,197.600000,0.000000,5,6,7,8,10,12,18,27,42,44,44,35749,0,5,5.514114792039118,1.796900003682822,90.88530000008177,24171.59895381689
1790085121,200,GET,[GET] /actuator/health,30.700000,0.000000,5,6,7,7,9,11,13,16,44,44,44,5071,0,4,5.18559826459465,2.1797999943373725,90.88530000008177,49.0
1790085121,200,GET,[GET] /api/soporte/election/status,25.200000,0.000000,4,5,6,6,8,9,12,14,26,26,26,5153,0,4,4.689546827109152,1.9618999940576032,87.81909999379423,78.0
1790085121,200,GET,[GET] /api/soporte/tickets,58.300000,0.000000,7,8,9,10,12,17,30,34,42,42,42,10241,0,7,7.553691905051863,3.7146000104257837,61.526599994977005,84651.0
1790085121,200,GET,[GET] /health,84.600000,0.000000,4,5,6,6,8,9,12,14,27,27,27,15471,0,4,4.550853054173406,1.796900003682822,89.873400007491,83.99573395384914
1790085121,200,,Aggregated,198.800000,0.000000,5,6,7,8,9,12,17,22,42,44,44,35936,0,5,5.516056600640189,1.796900003682822,90.88530000008177,24178.0053984862
1790085122,200,GET,[GET] /actuator/health,30.300000,0.000000,5,6,6,7,9,10,13,16,31,31,31,5106,0,4,5.185156149575237,2.1797999943373725,90.88530000008177,49.0
1790085122,200,GET,[GET] /api/soporte/election/status,25.600000,0.000000,5,5,6,6,7,8,10,11,26,26,26,5189,0,4,4.690940894216022,1.9618999940576032,87.81909999379423,78.0
1790085122,200,GET,[GET] /api/soporte/tickets,57.400000,0.000000,7,8,9,9,11,14,22,34,42,42,42,10290,0,7,7.552696860994023,3.7146000104257837,61.526599994977005,84651.0
1790085122,200,GET,[GET] /health,84.700000,0.000000,4,5,6,6,7,9,11,12,23,23,23,15560,0,4,4.550836137604607,1.796900003682822,89.873400007491,83.99575835475578
1790085122,200,,Aggregated,198.000000,0.000000,5,6,7,7,9,11,14,19,41,42,42,36145,0,5,5.515146233243167,1.796900003682822,90.88530000008177,24153.290911606033
1790085123,200,GET,[GET] /actuator/health,30.800000,0.000000,5,6,7,7,9,9,11,16,31,31,31,5132,0,4,5.183624999949342,2.1797999943373725,90.88530000008177,49.0
1790085123,200,GET,[GET] /api/soporte/election/status,26.300000,0.000000,5,5,6,6,7,8,9,10,19,19,19,5219,0,4,4.694526959207734,1.9618999940576032,87.81909999379423,78.0
1790085123,200,GET,[GET] /api/soporte/tickets,58.200000,0.000000,7,8,9,9,11,12,18,22,35,35,35,10341,0,7,7.550221516259143,3.7146000104257837,61.526599994977005,84651.0
1790085123,200,GET,[GET] /health,83.000000,0.000000,4,5,6,6,7,9,11,13,23,23,23,15650,0,4,4.551818281222996,1.796900003682822,89.873400007491,83.99578274760384
1790085123,200,,Aggregated,198.300000,0.000000,5,6,7,7,9,10,13,17,34,35,35,36342,0,5,5.514718411221751,1.796900003682822,90.88530000008177,24141.463733421384
1790085124,200,GET,[GET] /actuator/health,30.300000,0.000000,5,6,7,7,9,10,11,16,31,31,31,5163,0,4,5.184854967984243,2.1797999943373725,90.88530000008177,49.0
1790085124,200,GET,[GET] /api/soporte/election/status,27.300000,0.000000,5,5,6,6,7,8,10,10,19,19,19,5253,0,4,4.6982106034804705,1.9618999940576032,87.81909999379423,78.0
1790085124,200,GET,[GET] /api/soporte/tickets,58.200000,0.000000,7,8,9,9,12,14,20,31,37,37,37,10392,0,7,7.559821304813516,3.7146000104257837,61.526599994977005,84651.0
1790085124,200,GET,[GET] /health,83.100000,0.000000,4,5,6,6,8,9,11,13,42,42,42,15738,0,4,4.556663947208896,1.796900003682822,89.873400007491,83.99580632863133
1790085124,200,,Aggregated,198.900000,0.000000,5,6,7,8,9,11,14,18,37,42,42,36546,0,5,5.519716157734942,1.796900003682822,90.88530000008177,24125.152930553275
1790085125,200,GET,[GET] /actuator/health,31.300000,0.000000,5,6,7,7,9,9,11,15,16,16,16,5188,0,4,5.180345913590957,2.1797999943373725,90.88530000008177,49.0
1790085125,200,GET,[GET] /api/soporte/election/status,27.200000,0.000000,4,5,6,6,7,8,9,10,11,11,11,5280,0,4,4.697397784107262,1.9618999940576032,87.81909999379423,78.0
1790085125,200,GET,[GET] /api/soporte/tickets,56.000000,0.000000,7,8,9,9,12,14,18,22,37,37,37,10451,0,7,7.559967285386156,3.7146000104257837,61.526599994977005,84651.0
1790085125,200,GET,[GET] /health,83.600000,0.000000,4,5,6,6,8,9,10,11,42,42,42,15819,0,4,4.557434016133268,1.796900003682822,89.873400007491,83.99582780201024
1790085125,200,,Aggregated,198.100000,0.000000,5,6,7,7,9,10,13,16,37,42,42,36738,0,5,5.519657077156598,1.796900003682822,90.88530000008177,24135.292694213076
1790085126,200,GET,[GET] /actuator/health,30.900000,0.000000,5,6,7,7,9,10,13,15,16,16,16,5218,0,4,5.178922269011751,2.1797999943373725,90.88530000008177,49.0
1790085126,200,GET,[GET] /api/soporte/election/status,28.300000,0.000000,5,5,6,7,8,8,10,12,28,28,28,5313,0,4,4.704028477342369,1.9618999940576032,87.81909999379423,78.0
1790085126,200,GET,[GET] /api/soporte/tickets,56.200000,0.000000,7,8,9,9,12,14,18,22,37,37,37,10499,0,7,7.557596066254378,3.7146000104257837,61.526599994977005,84651.0
1790085126,200,GET,[GET] /health,83.600000,0.000000,4,5,6,6,7,8,10,11,42,42,42,15906,0,4,4.555873770983473,1.796900003682822,89.873400007491,83.99585062240664
1790085126,200,,Aggregated,199.000000,0.000000,5,6,7,7,9,11,13,16,37,42,42,36936,0,5,5.518438623583798,1.796900003682822,90.88530000008177,24116.22760991986
1790085127,200,GET,[GET] /actuator/health,30.000000,0.000000,4,6,6,7,9,10,13,15,16,16,16,5248,0,4,5.179860041873947,2.1797999943373725,90.88530000008177,49.0
1790085127,200,GET,[GET] /api/soporte/election/status,29.200000,0.000000,5,5,6,7,8,8,10,12,28,28,28,5341,0,4,4.70259500095686,1.9618999940576032,87.81909999379423,78.0
1790085127,200,GET,[GET] /api/soporte/tickets,55.800000,0.000000,7,8,9,9,11,14,18,22,37,37,37,10546,0,7,7.556226152055876,3.7146000104257837,61.526599994977005,84651.0
1790085127,200,GET,[GET] /health,84.300000,0.000000,4,5,6,6,7,9,10,11,42,42,42,16000,0,4,4.556474906333278,1.796900003682822,89.873400007491,83.995875
1790085127,200,,Aggregated,199.300000,0.000000,5,6,7,7,9,10,13,16,37,42,42,37135,0,5,5.517490908867074,1.796900003682822,90.88530000008177,24094.442709034603
1790085128,200,GET,[GET] /actuator/health,28.300000,0.000000,4,5,6,7,8,9,11,14,16,16,16,5276,0,4,5.178302236508609,2.1797999943373725,90.88530000008177,49.0
1790085128,200,GET,[GET] /api/soporte/election/status,28.500000,0.000000,4,5,6,6,7,8,10,12,28,28,28,5373,0,4,4.701207277146347,1.9618999940576032,87.81909999379423,78.0
1790085128,200,GET,[GET] /api/soporte/tickets,54.400000,0.000000,7,8,9,9,11,13,17,22,37,37,37,10611,0,7,7.551640703005282,3.7146000104257837,61.526599994977005,84651.0
1790085128,200,GET,[GET] /health,84.900000,0.000000,4,5,6,6,7,8,10,11,42,42,42,16074,0,4,4.55665523836355,1.796900003682822,89.873400007491,83.99589399029489
1790085128,200,,Aggregated,196.100000,0.000000,5,6,7,7,9,10,12,16,37,42,42,37334,0,5,5.516538412732937,1.796900003682822,90.88530000008177,24113.663925644185
1790085129,200,GET,[GET] /actuator/health,29.000000,0.000000,4,6,7,7,8,10,11,14,16,16,16,5306,0,4,5.18110437237328,2.1797999943373725,90.88530000008177,49.0
1790085129,200,GET,[GET] /api/soporte/election/status,29.400000,0.000000,5,5,6,7,8,8,10,12,28,28,28,5396,0,4,4.705211249100594,1.9618999940576032,87.81909999379423,78.0
1790085129,200,GET,[GET] /api/soporte/tickets,53.500000,0.000000,7,8,9,9,11,12,15,18,37,37,37,10665,0,7,7.552188073096192,3.7146000104257837,61.526599994977005,84651.0
1790085129,200,GET,[GET] /health,84.400000,0.000000,4,5,6,6,7,8,10,11,42,42,42,16159,0,4,4.556955152017135,1.796900003682822,89.873400007491,83.99591558883594
1790085129,200,,Aggregated,196.300000,0.000000,5,6,7,7,9,10,12,14,37,42,42,37526,0,5,5.5177792410855195,1.796900003682822,90.88530000008177,24112.377738101583
1790085130,200,GET,[GET] /actuator/health,28.600000,0.000000,4,6,6,7,8,10,12,14,16,16,16,5337,0,4,5.17862821806383,2.1797999943373725,90.88530000008177,49.0
1790085130,200,GET,[GET] /api/soporte/election/status,30.700000,0.000000,5,6,6,7,8,9,10,12,28,28,28,5426,0,4,4.707415094022307,1.9618999940576032,87.81909999379423,78.0
1790085130,200,GET,[GET] /api/soporte/tickets,54.600000,0.000000,7,8,9,9,11,13,15,18,37,37,37,10721,0,7,7.551746516141863,3.7146000104257837,61.526599994977005,84651.0
1790085130,200,GET,[GET] /health,84.700000,0.000000,4,5,6,6,8,9,10,11,42,42,42,16245,0,4,4.558063041025258,1.796900003682822,89.873400007491,83.99593721144967
1790085130,200,,Aggregated,198.600000,0.000000,5,6,7,7,9,10,12,14,37,42,42,37729,0,5,5.5180042301938546,1.796900003682822,90.88530000008177,24108.580296323784
1790085131,200,GET,[GET] /actuator/health,29.200000,0.000000,4,5,6,7,8,10,11,13,14,14,14,5368,0,4,5.1784315200696,2.1797999943373725,90.88530000008177,49.0
1790085131,200,GET,[GET] /api/soporte/election/status,30.900000,0.000000,4,5,6,7,8,9,10,12,28,28,28,5455,0,4,4.702966654475067,1.9618999940576032,87.81909999379423,78.0
1790085131,200,GET,[GET] /api/soporte/tickets,54.200000,0.000000,7,8,8,9,11,13,15,15,37,37,37,10790,0,7,7.551980593102139,3.7146000104257837,61.526599994977005,84651.0
1790085131,200,GET,[GET] /health,83.800000,0.000000,4,5,6,6,7,9,10,11,42,42,42,16317,0,4,4.556225936230909,1.796900003682822,89.873400007491,83.99595513881228
1790085131,200,,Aggregated,198.100000,0.000000,5,6,7,7,9,10,12,14,37,42,42,37930,0,5,5.517593269205034,1.796900003682822,90.88530000008177,24135.074452939625
1790085132,200,GET,[GET] /actuator/health,29.300000,0.000000,4,5,6,7,8,10,11,13,14,14,14,5402,0,4,5.174820566397773,2.1797999943373725,90.88530000008177,49.0
1790085132,200,GET,[GET] /api/soporte/election/status,30.000000,0.000000,4,5,6,6,8,9,10,12,28,28,28,5493,0,4,4.6999149281101475,1.9618999940576032,87.81909999379423,78.0
1790085132,200,GET,[GET] /api/soporte/tickets,54.600000,0.000000,7,8,8,9,11,13,15,15,37,37,37,10838,0,7,7.548191345228893,3.7146000104257837,61.526599994977005,84651.0
1790085132,200,GET,[GET] /health,84.200000,0.000000,4,5,6,6,7,8,10,11,42,42,42,16401,0,4,4.553660612253706,1.796900003682822,89.873400007491,83.99597585513078
1790085132,200,,Aggregated,198.100000,0.000000,5,6,7,7,9,10,12,14,37,42,42,38134,0,5,5.51379081399679,1.796900003682822,90.88530000008177,24112.82078984633
1790085133,200,GET,[GET] /actuator/health,28.700000,0.000000,4,5,6,7,8,9,11,13,14,14,14,5422,0,4,5.173902637351421,2.1797999943373725,90.88530000008177,49.0
1790085133,200,GET,[GET] /api/soporte/election/status,29.900000,0.000000,4,5,6,6,8,10,12,12,28,28,28,5531,0,4,4.709672319669528,1.9618999940576032,87.81909999379423,78.0
1790085133,200,GET,[GET] /api/soporte/tickets,54.100000,0.000000,7,8,8,9,12,14,15,18,32,32,32,10887,0,7,7.556935675535612,3.7146000104257837,61.526599994977005,84651.0
1790085133,200,GET,[GET] /health,84.700000,0.000000,4,5,6,6,7,9,10,11,25,25,25,16481,0,4,4.559252405894723,1.796900003682822,89.873400007491,83.99599538862932
1790085133,200,,Aggregated,197.400000,0.000000,5,6,7,7,9,11,13,15,28,32,32,38321,0,5,5.5195713916891185,1.796900003682822,90.88530000008177,24103.673468855195
1790085134,200,GET,[GET] /actuator/health,29.500000,0.000000,4,5,6,7,8,9,11,13,14,14,14,5460,0,4,5.173624139162392,2.1797999943373725,90.88530000008177,49.0
1790085134,200,GET,[GET] /api/soporte/election/status,29.900000,0.000000,4,5,6,6,8,10,12,12,28,28,28,5553,0,4,4.709814388631826,1.9618999940576032,87.81909999379423,78.0
1790085134,200,GET,[GET] /api/soporte/tickets,54.200000,0.000000,7,8,8,9,11,13,15,18,32,32,32,10946,0,7,7.555419139373621,3.7146000104257837,61.526599994977005,84651.0
1790085134,200,GET,[GET] /health,83.600000,0.000000,4,5,6,6,7,9,10,11,25,25,25,16570,0,4,4.558185214331444,1.796900003682822,89.873400007491,83.99601689800845
1790085134,200,,Aggregated,197.200000,0.000000,5,6,7,7,9,11,13,15,28,32,32,38529,0,5,5.51876077762088,1.796900003682822,90.88530000008177,24103.463209530484
1790085135,200,GET,[GET] /actuator/health,28.600000,0.000000,4,6,6,7,8,9,11,13,14,14,14,5485,0,4,5.175052452101814,2.1797999943373725,90.88530000008177,49.0
1790085135,200,GET,[GET] /api/soporte/election/status,31.100000,0.000000,4,5,6,6,8,10,12,12,28,28,28,5579,0,4,4.711139057190339,1.9618999940576032,87.81909999379423,78.0
1790085135,200,GET,[GET] /api/soporte/tickets,55.200000,0.000000,7,8,9,9,11,13,15,18,32,32,32,11002,0,7,7.55671034353369,3.7146000104257837,61.526599994977005,84651.0
1790085135,200,GET,[GET] /health,82.700000,0.000000,4,5,6,6,7,9,10,12,25,25,25,16655,0,4,4.559981062833319,1.796900003682822,89.873400007491,83.99603722605823
1790085135,200,,Aggregated,197.600000,0.000000,5,6,7,7,9,11,13,14,28,32,32,38721,0,5,5.520364125432967,1.796900003682822,90.88530000008177,24106.639368817952
1790085136,200,GET,[GET] /actuator/health,29.400000,0.000000,5,6,6,7,8,9,11,12,13,13,13,5514,0,4,5.172116158832429,2.1797999943373725,90.88530000008177,49.0
1790085136,200,GET,[GET] /api/soporte/election/status,30.700000,0.000000,4,5,6,6,8,10,11,12,14,14,14,5608,0,4,4.709507417988301,1.9618999940576032,87.81909999379423,78.0
1790085136,200,GET,[GET] /api/soporte/tickets,54.500000,0.000000,7,8,8,9,11,13,15,17,20,20,20,11060,0,7,7.54940677211717,3.7146000104257837,61.526599994977005,84651.0
1790085136,200,GET,[GET] /health,83.000000,0.000000,4,5,6,6,7,9,11,12,25,25,25,16749,0,4,4.558209702164555,1.796900003682822,89.873400007491,83.99605946623679
1790085136,200,,Aggregated,197.600000,0.000000,5,6,7,7,9,11,13,14,20,25,25,38931,0,5,5.516731121755168,1.796900003682822,90.88530000008177,24103.016105417275
1790085137,200,GET,[GET] /actuator/health,29.700000,0.000000,5,6,6,7,8,9,11,13,34,34,34,5542,0,4,5.179946950530051,2.1797999943373725,90.88530000008177,49.0
1790085137,200,GET,[GET] /api/soporte/election/status,29.600000,0.000000,4,5,6,6,8,9,12,12,31,31,31,5640,0,4,4.713227819164857,1.9618999940576032,87.81909999379423,78.0
1790085137,200,GET,[GET] /api/soporte/tickets,54.500000,0.000000,7,8,8,9,11,13,15,18,29,29,29,11115,0,7,7.550809698569405,3.7146000104257837,61.526599994977005,84651.0
1790085137,200,GET,[GET] /health,84.500000,0.000000,4,5,6,6,7,8,11,12,29,29,29,16837,0,4,4.559184183738335,1.796900003682822,89.873400007491,83.99608006176872
1790085137,200,,Aggregated,198.300000,0.000000,5,6,7,7,9,11,13,15,31,34,34,39134,0,5,5.518988725944923,1.796900003682822,90.88530000008177,24097.244978790823
1790085138,200,GET,[GET] /actuator/health,30.000000,0.000000,4,5,6,7,8,9,11,12,34,34,34,5565,0,4,5.176079802317394,2.1797999943373725,90.88530000008177,49.0
1790085138,200,GET,[GET] /api/soporte/election/status,29.300000,0.000000,4,5,6,6,8,9,11,12,31,31,31,5669,0,4,4.708425577722527,1.9618999940576032,87.81909999379423,78.0
1790085138,200,GET,[GET] /api/soporte/tickets,55.500000,0.000000,7,8,8,9,11,13,16,18,33,33,33,11184,0,7,7.549812741385963,3.7146000104257837,61.526599994977005,84651.0
1790085138,200,GET,[GET] /health,82.600000,0.000000,4,5,6,6,7,8,11,12,29,29,29,16914,0,4,4.558282186449638,1.796900003682822,89.873400007491,83.99609790705924
1790085138,200,,Aggregated,197.400000,0.000000,5,6,7,7,9,10,13,15,33,34,34,39332,0,5,5.517971099900211,1.796900003682822,90.88530000008177,24124.69137089393
1790085139,200,GET,[GET] /actuator/health,29.300000,0.000000,5,6,6,7,8,9,11,13,34,34,34,5592,0,4,5.183125017870049,2.1797999943373725,90.88530000008177,49.0
1790085139,200,GET,[GET] /api/soporte/election/status,29.500000,0.000000,4,5,6,6,8,9,12,15,31,31,31,5689,0,4,4.714631341197796,1.9618999940576032,87.81909999379423,78.0
1790085139,200,GET,[GET] /api/soporte/tickets,56.600000,0.000000,7,8,9,9,11,14,18,27,33,33,33,11256,0,7,7.560300568560772,3.7146000104257837,61.526599994977005,84651.0
1790085139,200,GET,[GET] /health,83.200000,0.000000,4,5,6,6,7,9,13,15,37,37,37,16995,0,4,4.567492745019062,1.796900003682822,89.873400007491,83.99611650485437
1790085139,200,,Aggregated,198.600000,0.000000,5,6,7,7,9,11,14,18,34,37,37,39532,0,5,5.527897784107118,1.796900003682822,90.88530000008177,24157.060609126784
1790085140,200,GET,[GET] /actuator/health,29.500000,0.000000,5,5,6,7,8,9,11,11,34,34,34,5622,0,4,5.180914994656055,2.1797999943373725,90.88530000008177,49.0
1790085140,200,GET,[GET] /api/soporte/election/status,29.200000,0.000000,4,5,6,6,8,9,12,15,31,31,31,5715,0,4,4.711739930032658,1.9618999940576032,87.81909999379423,78.0
1790085140,200,GET,[GET] /api/soporte/tickets,54.900000,0.000000,7,8,8,9,11,13,18,27,33,33,33,11306,0,7,7.554504466634984,3.7146000104257837,61.526599994977005,84651.0
1790085140,200,GET,[GET] /health,83.400000,0.000000,4,5,6,6,7,9,13,15,37,37,37,17080,0,4,4.5652118736328475,1.796900003682822,89.873400007491,83.99613583138174
1790085140,200,,Aggregated,197.000000,0.000000,5,6,7,7,9,11,14,18,34,37,37,39723,0,5,5.524249027050251,1.796900003682822,90.88530000008177,24147.725700475796
1790085141,200,GET,[GET] /actuator/health,28.100000,0.000000,5,6,6,7,8,9,11,11,34,34,34,5656,0,4,5.181908681047782,2.1797999943373725,90.88530000008177,49.0
1790085141,200,GET,[GET] /api/soporte/election/status,29.200000,0.000000,4,5,6,6,8,9,12,15,31,31,31,5738,0,4,4.711215475797979,1.9618999940576032,87.81909999379423,78.0
1790085141,200,GET,[GET] /api/soporte/tickets,57.500000,0.000000,7,8,8,9,11,13,18,27,33,33,33,11367,0,7,7.554031767380173,3.7146000104257837,61.526599994977005,84651.0
1790085141,200,GET,[GET] /health,82.700000,0.000000,4,5,6,6,7,9,13,15,37,37,37,17165,0,4,4.567908861147838,1.796900003682822,89.873400007491,83.9961549665016
1790085141,200,,Aggregated,197.500000,0.000000,5,6,7,7,9,11,14,18,34,37,37,39926,0,5,5.525639047276163,1.796900003682822,90.88530000008177,24154.546385813755
1790085142,200,GET,[GET] /actuator/health,28.700000,0.000000,5,6,6,7,8,10,11,12,34,34,34,5686,0,4,5.1820151424561,2.1797999943373725,90.88530000008177,49.0
1790085142,200,GET,[GET] /api/soporte/election/status,29.600000,0.000000,4,5,5,6,7,8,11,20,31,31,31,5771,0,4,4.711477872149819,1.9618999940576032,87.81909999379423,78.0
1790085142,200,GET,[GET] /api/soporte/tickets,57.500000,0.000000,7,7,8,9,10,12,15,27,33,33,33,11423,0,7,7.553109261997516,3.7146000104257837,61.526599994977005,84651.0
1790085142,200,GET,[GET] /health,82.000000,0.000000,4,5,6,6,7,8,11,15,37,37,37,17248,0,4,4.566298469480038,1.796900003682822,89.873400007491,83.99617346938776
1790085142,200,,Aggregated,197.800000,0.000000,5,6,7,7,9,10,13,17,34,37,37,40128,0,5,5.5246600877584555,1.796900003682822,90.88530000008177,24151.362913676236
1790085143,200,GET,[GET] /actuator/health,28.600000,0.000000,5,6,6,7,9,10,13,30,34,34,34,5711,0,4,5.197189949223899,2.1797999943373725,90.88530000008177,49.0
1790085143,200,GET,[GET] /api/soporte/election/status,28.900000,0.000000,4,5,6,6,8,10,20,29,31,31,31,5802,0,4,4.725737245812498,1.9618999940576032,87.81909999379423,78.0
1790085143,200,GET,[GET] /api/soporte/tickets,57.100000,0.000000,7,8,9,9,11,12,18,29,33,33,33,11478,0,7,7.5632810681075995,3.7146000104257837,61.526599994977005,84651.0
1790085143,200,GET,[GET] /health,83.900000,0.000000,4,5,6,7,8,9,15,20,37,37,37,17328,0,4,4.575587638603038,1.796900003682822,89.873400007491,83.99619113573407
1790085143,200,,Aggregated,198.500000,0.000000,5,6,7,7,9,11,15,22,34,37,37,40319,0,5,5.535777226659249,1.796900003682822,90.88530000008177,24152.68382152335
1790085144,200,GET,[GET] /actuator/health,28.400000,0.000000,5,6,6,7,9,11,13,30,34,34,34,5746,0,4,5.19666883049322,2.1797999943373725,90.88530000008177,49.0
1790085144,200,GET,[GET] /api/soporte/election/status,27.700000,0.000000,4,5,6,6,8,9,20,29,31,31,31,5820,0,4,4.724051786978293,1.9618999940576032,87.81909999379423,78.0
1790085144,200,GET,[GET] /api/soporte/tickets,57.000000,0.000000,7,8,9,9,11,13,18,29,33,33,33,11534,0,7,7.562573313658238,3.7146000104257837,61.526599994977005,84651.0
1790085144,200,GET,[GET] /health,84.600000,0.000000,4,5,6,6,8,9,15,20,37,37,37,17425,0,4,4.575613945582448,1.796900003682822,89.873400007491,83.99621233859398
1790085144,200,,Aggregated,197.700000,0.000000,5,6,7,7,9,11,16,22,34,37,37,40525,0,5,5.535122371418531,1.796900003682822,90.88530000008177,24147.163035163478
1790085145,200,GET,[GET] /actuator/health,28.800000,0.000000,5,6,7,7,9,11,14,30,34,34,34,5769,0,4,5.201835326749941,2.1797999943373725,90.88530000008177,49.0
1790085145,200,GET,[GET] /api/soporte/election/status,26.700000,0.000000,4,5,6,6,8,9,20,29,31,31,31,5849,0,4,4.727943015937291,1.9618999940576032,87.81909999379423,78.0
1790085145,200,GET,[GET] /api/soporte/tickets,57.900000,0.000000,7,8,9,9,11,13,19,29,33,33,33,11589,0,7,7.5659720596895905,3.7146000104257837,61.526599994977005,84651.0
1790085145,200,GET,[GET] /health,84.700000,0.000000,4,5,6,7,8,10,15,18,37,37,37,17511,0,4,4.583211838367252,1.796900003682822,89.873400007491,83.99623094055165
1790085145,200,,Aggregated,198.100000,0.000000,5,6,7,8,9,11,16,22,34,37,37,40718,0,5,5.540591369950127,1.796900003682822,90.88530000008177,24147.310771648903
1790085146,200,GET,[GET] /actuator/health,28.600000,0.000000,5,6,7,8,9,11,14,30,34,34,34,5795,0,4,5.2026366868055955,2.1797999943373725,90.88530000008177,49.0
1790085146,200,GET,[GET] /api/soporte/election/status,26.500000,0.000000,4,5,6,7,9,9,20,29,31,31,31,5868,0,4,4.730514417219411,1.9618999940576032,87.81909999379423,78.0
1790085146,200,GET,[GET] /api/soporte/tickets,58.100000,0.000000,7,8,9,10,12,14,18,29,33,33,33,11647,0,7,7.5684020863480015,3.7146000104257837,61.526599994977005,84651.0
1790085146,200,GET,[GET] /health,84.100000,0.000000,4,5,6,7,8,10,15,18,37,37,37,17602,0,4,4.5864580787197715,1.796900003682822,89.873400007491,83.99625042608794
1790085146,200,,Aggregated,197.300000,0.000000,5,6,7,8,10,12,16,22,34,37,37,40912,0,5,5.543311312123644,1.796900003682822,90.88530000008177,24153.06897731717
1790085147,200,GET,[GET] /actuator/health,27.900000,0.000000,5,6,7,7,9,10,13,25,33,33,33,5824,0,4,5.202934323491278,2.1797999943373725,90.88530000008177,49.0
1790085147,200,GET,[GET] /api/soporte/election/status,26.500000,0.000000,4,5,6,7,9,9,20,22,31,31,31,5896,0,4,4.7301407734491425,1.9618999940576032,87.81909999379423,78.0
1790085147,200,GET,[GET] /api/soporte/tickets,58.700000,0.000000,7,8,9,10,12,14,19,29,33,33,33,11704,0,7,7.569368446651125,3.7146000104257837,61.526599994977005,84651.0
1790085147,200,GET,[GET] /health,84.000000,0.000000,4,5,6,7,8,10,14,16,37,37,37,17688,0,4,4.586625921614289,1.796900003682822,89.873400007491,83.99609905020353
1790085147,200,,Aggregated,197.100000,0.000000,5,6,7,8,10,12,16,21,33,37,37,41112,0,5,5.543659444964673,1.796900003682822,90.88530000008177,24153.19836057599
1790085148,200,GET,[GET] /actuator/health,26.800000,0.000000,5,6,7,8,10,14,45,93,150,150,150,5850,0,4,5.300725897439282,2.1797999943373725,145.4812000010861,49.0
1790085148,200,GET,[GET] /api/soporte/election/status,26.800000,0.000000,4,6,6,7,9,22,77,150,160,160,160,5929,0,4,4.890178158245819,1.9618999940576032,164.31780000857543,78.0
1790085148,200,GET,[GET] /api/soporte/tickets,58.300000,0.000000,7,8,10,10,14,26,67,130,200,200,200,11775,0,7,7.726426972364245,3.7146000104257837,204.25330000580288,84651.0
1790085148,200,GET,[GET] /health,86.200000,0.000000,4,6,7,7,9,12,27,100,210,210,210,17766,0,4,4.691806833358504,1.796900003682822,208.48889999615494,83.99611617696723
1790085148,200,,Aggregated,198.100000,0.000000,5,7,8,8,11,16,58,130,200,210,210,41320,0,5,5.671259211067169,1.796900003682822,208.48889999615494,24177.32120038722
1790085149,200,GET,[GET] /actuator/health,28.200000,0.000000,5,6,7,8,10,14,45,93,150,150,150,5869,0,4,5.300208553419925,2.1797999943373725,145.4812000010861,49.0
1790085149,200,GET,[GET] /api/soporte/election/status,25.600000,0.000000,4,5,6,7,9,22,73,150,160,160,160,5960,0,4,4.8879121644639225,1.9618999940576032,164.31780000857543,78.0
1790085149,200,GET,[GET] /api/soporte/tickets,58.500000,0.000000,7,8,9,10,13,21,79,130,200,200,200,11816,0,7,7.721850660086568,3.7146000104257837,204.25330000580288,84651.0
1790085149,200,GET,[GET] /health,85.100000,0.000000,4,5,6,7,9,11,24,100,210,210,210,17845,0,4,4.690028870908575,1.796900003682822,208.48889999615494,83.99613337069206
1790085149,200,,Aggregated,197.400000,0.000000,5,7,8,8,10,14,58,130,200,210,210,41490,0,5,5.668205184410049,1.796900003682822,208.48889999615494,24162.149626416005
1790085150,200,GET,[GET] /actuator/health,27.500000,0.000000,5,6,7,8,10,17,45,93,150,150,150,5897,0,4,5.298339036803723,2.1797999943373725,145.4812000010861,49.0
1790085150,200,GET,[GET] /api/soporte/election/status,25.400000,0.000000,4,5,6,7,9,22,73,150,160,160,160,5989,0,4,4.886391668071464,1.9618999940576032,164.31780000857543,78.0
1790085150,200,GET,[GET] /api/soporte/tickets,58.900000,0.000000,7,8,9,10,13,20,79,130,200,200,200,11874,0,7,7.719240112810239,3.7146000104257837,204.25330000580288,84651.0
1790085150,200,GET,[GET] /health,83.300000,0.000000,4,5,6,7,9,12,29,100,210,210,210,17943,0,4,4.693277266980002,1.796900003682822,208.48889999615494,83.9959872930948
1790085150,200,,Aggregated,195.100000,0.000000,5,7,8,8,11,16,58,130,200,210,210,41703,0,5,5.668144644295195,1.796900003682822,208.48889999615494,24156.75632448505
1790085151,200,GET,[GET] /actuator/health,28.400000,0.000000,5,6,7,8,10,17,45,93,150,150,150,5926,0,4,5.293595983802868,2.1797999943373725,145.4812000010861,49.0
1790085151,200,GET,[GET] /api/soporte/election/status,26.700000,0.000000,4,5,6,7,9,20,73,150,160,160,160,6021,0,4,4.881630543101954,1.9618999940576032,164.31780000857543,78.0
1790085151,200,GET,[GET] /api/soporte/tickets,57.300000,0.000000,7,8,9,10,13,21,79,130,200,200,200,11916,0,7,7.715084558533831,3.7146000104257837,204.25330000580288,84651.0
1790085151,200,GET,[GET] /health,84.200000,0.000000,4,5,6,7,9,12,29,100,210,210,210,18042,0,4,4.689978799547979,1.796900003682822,208.48889999615494,83.99600931160626
1790085151,200,,Aggregated,196.600000,0.000000,5,6,7,8,10,16,58,130,200,210,210,41905,0,5,5.663087755660814,1.796900003682822,208.48889999615494,24125.445269060972
1790085152,200,GET,[GET] /actuator/health,26.800000,0.000000,5,6,7,8,9,12,45,93,150,150,150,5958,0,4,5.293054279961205,2.1797999943373725,145.4812000010861,49.0
1790085152,200,GET,[GET] /api/soporte/election/status,26.400000,0.000000,4,5,6,7,9,11,73,150,160,160,160,6045,0,4,4.879236873451118,1.9618999940576032,164.31780000857543,78.0
1790085152,200,GET,[GET] /api/soporte/tickets,57.500000,0.000000,7,8,9,10,12,20,79,130,200,200,200,11976,0,7,7.7162402053676145,3.7146000104257837,204.25330000580288,84651.0
1790085152,200,GET,[GET] /health,85.300000,0.000000,4,5,6,7,9,11,29,100,210,210,210,18129,0,4,4.691193408431373,1.796900003682822,208.48889999615494,83.9960284626841
1790085152,200,,Aggregated,196.000000,0.000000,5,6,7,8,10,14,58,130,200,210,210,42108,0,5,5.663706238742182,1.796900003682822,208.48889999615494,24130.013109147905
1790085153,200,GET,[GET] /actuator/health,27.100000,0.000000,5,6,7,8,9,12,45,93,150,150,150,5988,0,4,5.29534749498729,2.1797999943373725,145.4812000010861,49.0
1790085153,200,GET,[GET] /api/soporte/election/status,27.200000,0.000000,4,5,6,7,9,11,73,150,160,160,160,6068,0,4,4.881351384310458,1.9618999940576032,164.31780000857543,78.0
1790085153,200,GET,[GET] /api/soporte/tickets,56.500000,0.000000,7,8,9,10,13,20,79,130,200,200,200,12043,0,7,7.718983401104096,3.7146000104257837,204.25330000580288,84651.0
1790085153,200,GET,[GET] /health,86.000000,0.000000,4,5,6,7,9,11,29,100,210,210,210,18202,0,4,4.690543374436868,1.796900003682822,208.48889999615494,83.9960443907263
1790085153,200,,Aggregated,196.800000,0.000000,5,6,7,8,10,14,58,130,200,210,210,42301,0,5,5.665718744260804,1.796900003682822,208.48889999615494,24154.21869459351
1790085154,200,GET,[GET] /actuator/health,27.000000,0.000000,5,6,7,8,10,16,45,93,150,150,150,6022,0,4,5.308009365661813,2.1797999943373725,145.4812000010861,49.0
1790085154,200,GET,[GET] /api/soporte/election/status,27.800000,0.000000,4,5,6,7,9,16,73,150,160,160,160,6097,0,4,4.8939022470045055,1.9618999940576032,164.31780000857543,78.0
1790085154,200,GET,[GET] /api/soporte/tickets,54.800000,0.000000,7,8,9,10,13,22,79,130,200,200,200,12095,0,7,7.72367304666785,3.7146000104257837,204.25330000580288,84651.0
1790085154,200,GET,[GET] /health,87.600000,0.000000,4,5,6,7,9,11,29,100,210,210,210,18290,0,4,4.699477288218034,1.796900003682822,208.48889999615494,83.99606342263532
1790085154,200,,Aggregated,197.200000,0.000000,5,6,7,8,10,15,58,130,200,210,210,42504,0,5,5.674153479695026,1.796900003682822,208.48889999615494,24142.68720591003
1790085155,200,GET,[GET] /actuator/health,26.900000,0.000000,5,6,7,8,10,16,45,93,150,150,150,6048,0,4,5.31043629298534,2.1797999943373725,145.4812000010861,49.0
1790085155,200,GET,[GET] /api/soporte/election/status,27.300000,0.000000,4,5,6,7,9,16,73,150,160,160,160,6129,0,4,4.89735020394287,1.9618999940576032,164.31780000857543,78.0
1790085155,200,GET,[GET] /api/soporte/tickets,55.500000,0.000000,7,8,9,9,12,22,79,130,200,200,200,12152,0,7,7.721425205682342,3.7146000104257837,204.25330000580288,84651.0
1790085155,200,GET,[GET] /health,85.900000,0.000000,4,5,6,7,9,11,29,100,210,210,210,18367,0,4,4.701449665241077,1.796900003682822,208.48889999615494,83.99607992595416
1790085155,200,,Aggregated,195.600000,0.000000,5,6,7,8,10,14,58,130,200,210,210,42696,0,5,5.675371538337921,1.796900003682822,208.48889999615494,24147.370292299045
1790085156,200,GET,[GET] /actuator/health,27.200000,0.000000,5,6,7,8,10,16,45,93,150,150,150,6082,0,4,5.309649539628267,2.1797999943373725,145.4812000010861,49.0
1790085156,200,GET,[GET] /api/soporte/election/status,27.000000,0.000000,4,5,6,7,9,16,73,150,160,160,160,6159,0,4,4.8990341613848605,1.9618999940576032,164.31780000857543,78.0
1790085156,200,GET,[GET] /api/soporte/tickets,55.800000,0.000000,7,8,9,9,13,22,79,130,200,200,200,12220,0,7,7.721138371484716,3.7146000104257837,204.25330000580288,84651.0
1790085156,200,GET,[GET] /health,86.500000,0.000000,4,5,6,7,9,11,29,100,210,210,210,18444,0,4,4.700447489774663,1.796900003682822,208.48889999615494,83.9960962914769
1790085156,200,,Aggregated,196.500000,0.000000,5,6,7,8,10,16,58,130,200,210,210,42905,0,5,5.675650956786752,1.796900003682822,208.48889999615494,24164.15019228528
1790085157,200,GET,[GET] /actuator/health,27.900000,0.000000,5,6,7,7,10,13,30,93,150,150,150,6102,0,4,5.3082868567785155,2.1797999943373725,145.4812000010861,49.0
1790085157,200,GET,[GET] /api/soporte/election/status,27.800000,0.000000,4,5,6,7,9,14,72,150,160,160,160,6189,0,4,4.89632722571878,1.9618999940576032,164.31780000857543,78.0
1790085157,200,GET,[GET] /api/soporte/tickets,56.000000,0.000000,7,8,9,9,11,14,48,130,200,200,200,12286,0,7,7.717887180485762,3.7146000104257837,204.25330000580288,84651.0
1790085157,200,GET,[GET] /health,85.600000,0.000000,4,5,6,7,9,11,27,100,210,210,210,18531,0,4,4.6979896066784725,1.796900003682822,208.48889999615494,83.99611461874696
1790085157,200,,Aggregated,197.300000,0.000000,5,6,7,8,10,12,45,120,200,210,210,43108,0,5,5.673539549523125,1.796900003682822,208.48889999615494,24180.209195508953
1790085158,200,GET,[GET] /actuator/health,29.200000,0.000000,5,5,6,7,9,10,13,17,30,30,30,6127,0,4,5.306956047025373,2.1797999943373725,145.4812000010861,49.0
1790085158,200,GET,[GET] /api/soporte/election/status,28.400000,0.000000,4,5,6,6,8,10,11,17,25,25,25,6217,0,4,4.894361122719103,1.9618999940576032,164.31780000857543,78.0
1790085158,200,GET,[GET] /api/soporte/tickets,56.600000,0.000000,7,8,9,9,10,12,16,22,31,31,31,12336,0,7,7.714900737634994,3.7146000104257837,204.25330000580288,84651.0
1790085158,200,GET,[GET] /health,83.300000,0.000000,4,5,6,6,8,10,11,14,36,36,36,18620,0,4,4.695791702546671,1.796900003682822,208.48889999615494,83.99613319011816
1790085158,200,,Aggregated,197.500000,0.000000,5,6,7,7,9,10,14,18,31,36,36,43300,0,5,5.670915006950426,1.796900003682822,208.48889999615494,24170.990600461893
1790085159,200,GET,[GET] /actuator/health,27.900000,0.000000,5,5,6,7,9,10,13,17,30,30,30,6162,0,4,5.302523693629467,2.1797999943373725,145.4812000010861,49.0
1790085159,200,GET,[GET] /api/soporte/election/status,28.700000,0.000000,4,5,6,6,8,10,11,17,25,25,25,6261,0,4,4.892044226151668,1.9618999940576032,164.31780000857543,78.0
1790085159,200,GET,[GET] /api/soporte/tickets,56.800000,0.000000,7,8,9,9,10,13,16,28,31,31,31,12385,0,7,7.713813249852326,3.7146000104257837,204.25330000580288,84651.0
1790085159,200,GET,[GET] /health,83.200000,0.000000,4,5,6,6,8,10,11,14,36,36,36,18704,0,4,4.692915670525014,1.796900003682822,208.48889999615494,83.99599016253208
1790085159,200,,Aggregated,196.600000,0.000000,5,6,7,7,9,10,14,18,31,36,36,43512,0,5,5.66774939559205,1.796900003682822,208.48889999615494,24148.832322118036
1790085160,200,GET,[GET] /actuator/health,28.200000,0.000000,5,5,6,7,9,10,13,16,30,30,30,6191,0,4,5.300054627707245,2.1797999943373725,145.4812000010861,49.0
1790085160,200,GET,[GET] /api/soporte/election/status,28.900000,0.000000,4,5,6,6,8,9,11,17,25,25,25,6288,0,4,4.8878127544326935,1.9618999940576032,164.31780000857543,78.0
1790085160,200,GET,[GET] /api/soporte/tickets,58.000000,0.000000,7,8,9,9,11,13,16,28,31,31,31,12439,0,7,7.713007379969298,3.7146000104257837,204.25330000580288,84651.0
1790085160,200,GET,[GET] /health,85.400000,0.000000,4,5,6,6,7,9,11,13,27,27,27,18777,0,4,4.69113549563331,1.796900003682822,208.48889999615494,83.99600575171753
1790085160,200,,Aggregated,200.500000,0.000000,5,6,7,7,9,10,13,16,30,31,31,43695,0,5,5.665974477650831,1.796900003682822,208.48889999615494,24152.530152191328
1790085161,200,GET,[GET] /actuator/health,27.600000,0.000000,5,5,6,7,9,10,13,16,30,30,30,6219,0,4,5.297606512324149,2.1797999943373725,145.4812000010861,49.0
1790085161,200,GET,[GET] /api/soporte/election/status,28.700000,0.000000,4,5,6,7,8,9,11,17,25,25,25,6320,0,4,4.88674337023129,1.9618999940576032,164.31780000857543,78.0
1790085161,200,GET,[GET] /api/soporte/tickets,55.700000,0.000000,7,8,9,9,10,12,16,22,31,31,31,12497,0,7,7.7091593902012185,3.7146000104257837,204.25330000580288,84651.0
1790085161,200,GET,[GET] /health,86.100000,0.000000,4,5,6,6,8,9,11,13,27,27,27,18871,0,4,4.695073991918984,1.796900003682822,208.48889999615494,83.99602564781941
1790085161,200,,Aggregated,198.100000,0.000000,5,6,7,8,9,10,13,16,30,31,31,43907,0,5,5.66588788122289,1.796900003682822,208.48889999615494,24148.00207256246
1790085162,200,GET,[GET] /actuator/health,29.300000,0.000000,5,5,6,7,8,10,12,16,30,30,30,6248,0,4,5.297977160717099,2.1797999943373725,145.4812000010861,49.0
1790085162,200,GET,[GET] /api/soporte/election/status,30.200000,0.000000,4,5,6,7,8,9,11,17,25,25,25,6349,0,4,4.886818459576126,1.9618999940576032,164.31780000857543,78.0
1790085162,200,GET,[GET] /api/soporte/tickets,55.200000,0.000000,7,8,9,9,10,12,15,17,31,31,31,12539,0,7,7.707634300926871,3.7146000104257837,204.25330000580288,84651.0
1790085162,200,GET,[GET] /health,84.500000,0.000000,4,5,6,6,8,9,11,12,27,27,27,18973,0,4,4.695796579429299,1.796900003682822,208.48889999615494,83.99604701417805
1790085162,200,,Aggregated,199.200000,0.000000,5,6,7,7,9,10,13,16,30,31,31,44109,0,5,5.664774687724577,1.796900003682822,208.48889999615494,24118.296039357047
1790085163,200,GET,[GET] /actuator/health,29.700000,0.000000,5,5,6,7,8,10,12,13,30,30,30,6269,0,4,5.298388291616141,2.1797999943373725,145.4812000010861,49.0
1790085163,200,GET,[GET] /api/soporte/election/status,30.100000,0.000000,4,5,6,6,8,9,10,15,34,34,34,6392,0,4,4.90098684290086,1.9618999940576032,164.31780000857543,78.0
1790085163,200,GET,[GET] /api/soporte/tickets,56.500000,0.000000,7,8,8,9,10,12,14,20,50,50,50,12586,0,7,7.717497592510071,3.7146000104257837,204.25330000580288,84651.0
1790085163,200,GET,[GET] /health,82.900000,0.000000,4,5,6,6,8,10,12,15,27,27,27,19053,0,4,4.703984438224976,1.796900003682822,208.48889999615494,83.99590615651078
1790085163,200,,Aggregated,199.200000,0.000000,5,6,7,7,9,10,13,16,34,50,50,44300,0,5,5.672689487602621,1.796900003682822,208.48889999615494,24104.370586907447
1790085164,200,GET,[GET] /actuator/health,28.800000,0.000000,5,5,6,7,8,9,11,12,15,15,15,6303,0,4,5.299795351440505,2.1797999943373725,145.4812000010861,49.0
1790085164,200,GET,[GET] /api/soporte/election/status,30.300000,0.000000,4,5,6,7,8,9,11,16,34,34,34,6419,0,4,4.90389336342294,1.9618999940576032,164.31780000857543,78.0
1790085164,200,GET,[GET] /api/soporte/tickets,57.700000,0.000000,7,8,8,9,10,12,14,20,50,50,50,12647,0,7,7.716502158566576,3.7146000104257837,204.25330000580288,84651.0
1790085164,200,GET,[GET] /health,81.800000,0.000000,4,5,6,6,8,9,11,15,19,19,19,19141,0,4,4.703380528785508,1.796900003682822,208.48889999615494,83.99592497779635
1790085164,200,,Aggregated,198.600000,0.000000,5,6,7,7,9,10,13,15,34,50,50,44510,0,5,5.672898474518451,1.796900003682822,208.48889999615494,24106.908380139295
1790085165,200,GET,[GET] /actuator/health,28.500000,0.000000,5,5,6,7,8,9,12,12,15,15,15,6347,0,4,5.2969198991845055,2.1797999943373725,145.4812000010861,49.0
1790085165,200,GET,[GET] /api/soporte/election/status,30.700000,0.000000,4,5,6,7,8,9,11,18,34,34,34,6442,0,4,4.904036650074283,1.9618999940576032,164.31780000857543,78.0
1790085165,200,GET,[GET] /api/soporte/tickets,55.500000,0.000000,7,8,9,9,11,12,15,20,50,50,50,12694,0,7,7.718010177988728,3.7146000104257837,204.25330000580288,84651.0
1790085165,200,GET,[GET] /health,84.500000,0.000000,4,5,6,6,8,9,11,15,19,19,19,19217,0,4,4.706640760862529,1.796900003682822,208.48889999615494,83.99594109382318
1790085165,200,,Aggregated,199.200000,0.000000,5,6,7,7,9,10,13,15,34,50,50,44700,0,5,5.674078107400151,1.796900003682822,208.48889999615494,24093.67836689038
1790085166,200,GET,[GET] /actuator/health,28.000000,0.000000,5,5,6,7,8,9,12,14,16,16,16,6374,0,4,5.298530718559219,2.1797999943373725,145.4812000010861,49.0
1790085166,200,GET,[GET] /api/soporte/election/status,32.200000,0.000000,4,5,6,7,8,10,15,20,34,34,34,6463,0,4,4.908974036792424,1.9618999940576032,164.31780000857543,78.0
1790085166,200,GET,[GET] /api/soporte/tickets,54.400000,0.000000,7,8,9,9,11,13,17,23,50,50,50,12750,0,7,7.723589270542303,3.7146000104257837,204.25330000580288,84651.0
1790085166,200,GET,[GET] /health,84.200000,0.000000,4,5,6,6,8,9,13,15,20,20,20,19307,0,4,4.7101304139178755,1.796900003682822,208.48889999615494,83.99596001450251
1790085166,200,,Aggregated,198.800000,0.000000,5,6,7,7,9,11,14,17,34,50,50,44894,0,5,5.678125921076595,1.796900003682822,208.48889999615494,24095.389138860428
1790085167,200,GET,[GET] /actuator/health,28.300000,0.000000,5,5,6,6,8,9,12,14,16,16,16,6406,0,4,5.298351342503516,2.1797999943373725,145.4812000010861,49.0
1790085167,200,GET,[GET] /api/soporte/election/status,31.400000,0.000000,4,5,6,7,8,10,15,20,34,34,34,6488,0,4,4.910562808233467,1.9618999940576032,164.31780000857543,78.0
1790085167,200,GET,[GET] /api/soporte/tickets,54.100000,0.000000,7,8,9,9,12,14,19,26,50,50,50,12799,0,7,7.7273895382013515,3.7146000104257837,204.25330000580288,84651.0
1790085167,200,GET,[GET] /health,85.000000,0.000000,4,5,6,7,8,10,13,15,20,20,20,19404,0,4,4.712116888345959,1.796900003682822,208.48889999615494,83.99598021026593
1790085167,200,,Aggregated,198.800000,0.000000,5,6,7,8,9,11,15,18,34,50,50,45097,0,5,5.679706965004332,1.796900003682822,208.48889999615494,24079.16191764419
1790085168,200,GET,[GET] /actuator/health,29.700000,0.000000,5,5,6,7,8,9,12,12,16,16,16,6439,0,4,5.2958902779927435,2.1797999943373725,145.4812000010861,49.0
1790085168,200,GET,[GET] /api/soporte/election/status,30.500000,0.000000,4,5,6,7,8,10,15,20,34,34,34,6511,0,4,4.910543987068355,1.9618999940576032,164.31780000857543,78.0
1790085168,200,GET,[GET] /api/soporte/tickets,53.500000,0.000000,7,8,9,9,11,14,19,24,50,50,50,12854,0,7,7.72713727240732,3.7146000104257837,204.25330000580288,84651.0
1790085168,200,GET,[GET] /health,85.400000,0.000000,4,5,6,7,8,10,13,15,20,20,20,19496,0,4,4.712151287516176,1.796900003682822,208.48889999615494,83.99599917931883
1790085168,200,,Aggregated,199.100000,0.000000,5,6,7,8,9,11,15,18,34,50,50,45300,0,5,5.679150406197271,1.796900003682822,208.48889999615494,24074.280551876378
1790085169,200,GET,[GET] /actuator/health,29.500000,0.000000,5,5,6,7,8,9,12,14,16,16,16,6464,0,4,5.2982710086699525,2.1797999943373725,145.4812000010861,49.0
1790085169,200,GET,[GET] /api/soporte/election/status,30.500000,0.000000,4,6,6,7,8,10,15,20,34,34,34,6539,0,4,4.909999449424834,1.9618999940576032,164.31780000857543,78.0
1790085169,200,GET,[GET] /api/soporte/tickets,52.500000,0.000000,7,8,9,10,12,15,19,26,50,50,50,12913,0,7,7.73271700608028,3.7146000104257837,204.25330000580288,84651.0
1790085169,200,GET,[GET] /health,87.000000,0.000000,5,6,6,7,8,10,13,15,25,25,25,19581,0,4,4.714989535844685,1.796900003682822,208.48889999615494,83.99601654665237
1790085169,200,,Aggregated,199.500000,0.000000,5,6,7,8,9,11,15,18,34,50,50,45497,0,5,5.682381146025474,1.796900003682822,208.48889999615494,24080.04631074576
1790085170,200,GET,[GET] /actuator/health,30.600000,0.000000,5,5,6,7,8,9,12,14,16,16,16,6491,0,4,5.2969518564189695,2.1797999943373725,145.4812000010861,49.0
1790085170,200,GET,[GET] /api/soporte/election/status,29.700000,0.000000,4,6,6,7,9,10,15,20,34,34,34,6566,0,4,4.909976713339747,1.9618999940576032,164.31780000857543,78.0
1790085170,200,GET,[GET] /api/soporte/tickets,50.400000,0.000000,7,8,9,10,12,15,19,26,50,50,50,12972,0,7,7.729858109742345,3.7146000104257837,204.25330000580288,84651.0
1790085170,200,GET,[GET] /health,87.200000,0.000000,5,6,6,7,8,10,13,15,25,25,25,19665,0,4,4.715643661398934,1.796900003682822,208.48889999615494,83.99603356216629
1790085170,200,,Aggregated,197.900000,0.000000,5,7,7,8,9,11,15,18,34,50,50,45694,0,5,5.681846054203879,1.796900003682822,208.48889999615494,24085.760953298028
1790085171,200,GET,[GET] /actuator/health,31.100000,0.000000,5,6,7,7,8,9,12,15,26,26,26,6515,0,4,5.299837943205359,2.1797999943373725,145.4812000010861,49.0
1790085171,200,GET,[GET] /api/soporte/election/status,28.200000,0.000000,4,6,6,7,9,11,16,24,34,34,34,6599,0,4,4.909155750842125,1.9618999940576032,164.31780000857543,78.0
1790085171,200,GET,[GET] /api/soporte/tickets,53.000000,0.000000,7,8,9,10,12,15,20,26,50,50,50,13030,0,7,7.729434121231883,3.7146000104257837,204.25330000580288,84651.0
1790085171,200,GET,[GET] /health,86.100000,0.000000,4,5,6,7,8,10,14,15,25,25,25,19759,0,4,4.715432906595315,1.796900003682822,208.48889999615494,83.99605243180324
1790085171,200,,Aggregated,198.400000,0.000000,5,7,7,8,10,12,16,19,35,50,50,45903,0,5,5.681779587409501,1.796900003682822,208.48889999615494,24083.309696533997
1790085172,200,GET,[GET] /actuator/health,30.300000,0.000000,5,6,7,7,8,9,12,15,26,26,26,6547,0,4,5.303600213837307,2.1797999943373725,145.4812000010861,49.0
1790085172,200,GET,[GET] /api/soporte/election/status,27.800000,0.000000,4,5,6,7,8,11,16,24,34,34,34,6625,0,4,4.909510716958463,1.9618999940576032,164.31780000857543,78.0
1790085172,200,GET,[GET] /api/soporte/tickets,52.400000,0.000000,7,8,9,10,12,15,19,29,50,50,50,13085,0,7,7.731791799744331,3.7146000104257837,204.25330000580288,84651.0
1790085172,200,GET,[GET] /health,87.500000,0.000000,4,5,6,7,8,10,14,15,25,25,25,19843,0,4,4.715876520758116,1.796900003682822,208.48889999615494,83.99606914277075
1790085172,200,,Aggregated,198.000000,0.000000,5,6,7,8,10,12,16,19,35,50,50,46100,0,5,5.683206347091118,1.796900003682822,208.48889999615494,24081.61869848156
1790085173,200,GET,[GET] /actuator/health,29.200000,0.000000,5,6,7,7,9,11,13,16,26,26,26,6579,0,4,5.316061133914811,2.1797999943373725,145.4812000010861,49.0
1790085173,200,GET,[GET] /api/soporte/election/status,27.300000,0.000000,4,6,6,7,8,11,13,20,24,24,24,6649,0,4,4.916820258661865,1.9618999940576032,164.31780000857543,78.0
1790085173,200,GET,[GET] /api/soporte/tickets,53.100000,0.000000,7,8,9,10,13,16,19,29,35,35,35,13145,0,7,7.741234142232485,3.7146000104257837,204.25330000580288,84651.0
1790085173,200,GET,[GET] /health,87.900000,0.000000,4,5,6,7,8,10,14,14,25,25,25,19919,0,4,4.724402756233888,1.796900003682822,208.48889999615494,83.99608414077012
1790085173,200,,Aggregated,197.500000,0.000000,5,7,7,8,10,12,15,18,35,35,35,46292,0,5,5.692780726711681,1.796900003682822,208.48889999615494,24091.66823641234
1790085174,200,GET,[GET] /actuator/health,29.400000,0.000000,5,6,7,7,9,11,13,14,26,26,26,6618,0,4,5.318748292539278,2.1797999943373725,145.4812000010861,49.0
1790085174,200,GET,[GET] /api/soporte/election/status,27.800000,0.000000,4,6,6,7,9,11,13,20,24,24,24,6676,0,4,4.919325059898042,1.9618999940576032,164.31780000857543,78.0
1790085174,200,GET,[GET] /api/soporte/tickets,53.200000,0.000000,7,8,9,10,13,15,19,29,35,35,35,13201,0,7,7.739236891116124,3.7146000104257837,204.25330000580288,84651.0
1790085174,200,GET,[GET] /health,87.800000,0.000000,4,5,6,7,8,10,14,14,25,25,25,20000,0,4,4.723221180075052,1.796900003682822,208.48889999615494,83.9961
1790085174,200,,Aggregated,198.200000,0.000000,5,7,7,8,10,12,15,17,35,35,35,46495,0,5,5.692461127025041,1.796900003682822,208.48889999615494,24088.67153457361
1790085175,200,GET,[GET] /actuator/health,30.300000,0.000000,5,6,7,8,9,11,14,17,26,26,26,6647,0,4,5.322930269295235,2.1797999943373725,145.4812000010861,49.0
1790085175,200,GET,[GET] /api/soporte/election/status,26.600000,0.000000,4,6,6,7,9,11,13,14,24,24,24,6709,0,4,4.921817782068785,1.9618999940576032,164.31780000857543,78.0
1790085175,200,GET,[GET] /api/soporte/tickets,54.900000,0.000000,7,8,9,10,13,15,19,29,35,35,35,13252,0,7,7.743162081174921,3.7146000104257837,204.25330000580288,84651.0
1790085175,200,GET,[GET] /health,87.000000,0.000000,4,5,6,7,8,10,13,14,25,25,25,20085,0,4,4.726219591802881,1.796900003682822,208.48889999615494,83.99611650485437
1790085175,200,,Aggregated,198.800000,0.000000,5,7,7,8,10,12,15,17,35,35,35,46693,0,5,5.695511048786666,1.796900003682822,208.48889999615494,24079.222131797058
1790085176,200,GET,[GET] /actuator/health,30.800000,0.000000,5,6,7,8,9,11,13,17,26,26,26,6675,0,4,5.321403925086036,2.1797999943373725,145.4812000010861,49.0
1790085176,200,GET,[GET] /api/soporte/election/status,25.500000,0.000000,4,6,6,7,8,11,13,14,24,24,24,6744,0,4,4.920072894405089,1.9618999940576032,164.31780000857543,78.0
1790085176,200,GET,[GET] /api/soporte/tickets,55.500000,0.000000,7,8,9,10,13,15,22,29,45,45,45,13317,0,7,7.744762987138203,3.7146000104257837,204.25330000580288,84651.0
1790085176,200,GET,[GET] /health,86.100000,0.000000,4,5,6,7,8,10,13,14,25,25,25,20157,0,4,4.727516986718336,1.796900003682822,208.48889999615494,83.99613037654413
1790085176,200,,Aggregated,197.900000,0.000000,5,7,7,8,10,12,15,17,35,45,45,46893,0,5,5.69660528012322,1.796900003682822,208.48889999615494,24094.07766617619
1790085177,200,GET,[GET] /actuator/health,30.900000,0.000000,5,7,7,8,9,11,13,17,26,26,26,6699,0,4,5.320462203299664,2.1797999943373725,145.4812000010861,49.0
1790085177,200,GET,[GET] /api/soporte/election/status,26.200000,0.000000,4,6,6,7,8,11,13,14,24,24,24,6779,0,4,4.919196931688172,1.9618999940576032,164.31780000857543,78.0
1790085177,200,GET,[GET] /api/soporte/tickets,55.100000,0.000000,7,8,9,10,12,15,17,29,45,45,45,13365,0,7,7.743402207232592,3.7146000104257837,204.25330000580288,84651.0
1790085177,200,GET,[GET] /health,85.800000,0.000000,4,5,6,7,8,10,13,14,25,25,25,20244,0,4,4.7271511609019115,1.796900003682822,208.48889999615494,83.99614700652045
1790085177,200,,Aggregated,198.000000,0.000000,5,7,7,8,10,12,15,17,35,45,45,47087,0,5,5.695330577458332,1.796900003682822,208.48889999615494,24081.339775309534
1790085178,200,GET,[GET] /actuator/health,29.400000,0.000000,5,7,7,8,9,11,13,17,26,26,26,6729,0,4,5.321415708120248,2.1797999943373725,145.4812000010861,49.0
1790085178,200,GET,[GET] /api/soporte/election/status,27.200000,0.000000,4,5,6,7,8,9,13,14,24,24,24,6807,0,4,4.91874847949326,1.9618999940576032,164.31780000857543,78.0
1790085178,200,GET,[GET] /api/soporte/tickets,55.300000,0.000000,7,8,9,10,13,15,22,29,45,45,45,13419,0,7,7.74521470300829,3.7146000104257837,204.25330000580288,84651.0
1790085178,200,GET,[GET] /health,86.100000,0.000000,4,5,6,7,8,10,14,14,25,25,25,20342,0,4,4.729918390582143,1.796900003682822,208.48889999615494,83.99616556877396
1790085178,200,,Aggregated,198.000000,0.000000,5,7,7,8,10,12,15,17,35,45,45,47297,0,5,5.696741087188236,1.796900003682822,208.48889999615494,24071.317123707635
1790085179,200,GET,[GET] /actuator/health,29.700000,0.000000,5,7,7,8,9,11,13,17,26,26,26,6755,0,4,5.320113871196942,2.1797999943373725,145.4812000010861,49.0
1790085179,200,GET,[GET] /api/soporte/election/status,28.000000,0.000000,4,5,6,7,8,11,13,14,24,24,24,6839,0,4,4.919597675080654,1.9618999940576032,164.31780000857543,78.0
1790085179,200,GET,[GET] /api/soporte/tickets,56.600000,0.000000,7,8,9,10,12,15,18,27,45,45,45,13488,0,7,7.747721263319966,3.7146000104257837,204.25330000580288,84651.0
1790085179,200,GET,[GET] /health,83.800000,0.000000,4,5,6,7,8,10,14,14,17,17,17,20412,0,4,4.730138751771241,1.796900003682822,208.48889999615494,83.99617871840094
1790085179,200,,Aggregated,198.100000,0.000000,5,7,7,8,10,12,15,17,35,45,45,47494,0,5,5.698306192374325,1.796900003682822,208.48889999615494,24094.657325135806
1790085180,200,GET,[GET] /actuator/health,29.400000,0.000000,5,7,7,8,9,11,13,17,26,26,26,6788,0,4,5.318546876832736,2.1797999943373725,145.4812000010861,49.0
1790085180,200,GET,[GET] /api/soporte/election/status,29.000000,0.000000,4,5,6,7,8,11,13,14,24,24,24,6873,0,4,4.9195376691340975,1.9618999940576032,164.31780000857543,78.0
1790085180,200,GET,[GET] /api/soporte/tickets,56.100000,0.000000,7,8,9,10,12,14,18,27,45,45,45,13546,0,7,7.744875660687598,3.7146000104257837,204.25330000580288,84651.0
1790085180,200,GET,[GET] /health,82.900000,0.000000,4,5,6,7,8,10,14,14,17,17,17,20481,0,4,4.728209940972731,1.796900003682822,208.48889999615494,83.99619159220741
1790085180,200,,Aggregated,197.400000,0.000000,5,6,7,8,10,12,15,17,35,45,45,47688,0,5,5.696712634219006,1.796900003682822,208.48889999615494,24099.804521053513
1790085181,200,GET,[GET] /actuator/health,28.800000,0.000000,5,6,7,7,9,10,13,16,17,17,17,6820,0,4,5.3173045454430055,2.1797999943373725,145.4812000010861,49.0
1790085181,200,GET,[GET] /api/soporte/election/status,29.300000,0.000000,5,5,6,7,8,10,12,14,23,23,23,6903,0,4,4.917233608574274,1.9618999940576032,164.31780000857543,78.0
1790085181,200,GET,[GET] /api/soporte/tickets,55.900000,0.000000,7,8,9,10,12,14,17,27,45,45,45,13598,0,7,7.745174532998321,3.7146000104257837,204.25330000580288,84651.0
1790085181,200,GET,[GET] /health,83.800000,0.000000,4,5,6,7,8,10,14,14,17,17,17,20573,0,4,4.727137388863811,1.796900003682822,208.48889999615494,83.99620862295241
1790085181,200,,Aggregated,197.800000,0.000000,5,6,7,8,10,12,14,17,35,45,45,47894,0,5,5.695451651578817,1.796900003682822,208.48889999615494,24088.298450745395
1790085182,200,GET,[GET] /actuator/health,28.700000,0.000000,5,6,7,7,8,10,11,13,17,17,17,6846,0,4,5.316033377154829,2.1797999943373725,145.4812000010861,49.0
1790085182,200,GET,[GET] /api/soporte/election/status,29.400000,0.000000,4,5,6,7,8,9,12,14,16,16,16,6934,0,4,4.922426319581129,1.9618999940576032,164.31780000857543,78.0
1790085182,200,GET,[GET] /api/soporte/tickets,57.700000,0.000000,7,8,9,9,11,14,18,23,45,45,45,13662,0,7,7.750632652592508,3.7146000104257837,204.25330000580288,84651.0
1790085182,200,GET,[GET] /health,81.700000,0.000000,4,5,6,6,8,9,12,14,19,19,19,20659,0,4,4.729046783535996,1.796900003682822,208.48889999615494,83.99622440582797
1790085182,200,,Aggregated,197.500000,0.000000,5,6,7,8,9,11,14,17,32,45,45,48101,0,5,5.698679640771845,1.796900003682822,208.48889999615494,24097.493731939045
1790085183,200,GET,[GET] /actuator/health,29.700000,0.000000,5,6,7,7,8,9,10,11,17,17,17,6865,0,4,5.315300859431621,2.1797999943373725,145.4812000010861,49.0
1790085183,200,GET,[GET] /api/soporte/election/status,30.500000,0.000000,4,5,6,6,8,9,11,14,16,16,16,6956,0,4,4.92258227429556,1.9618999940576032,164.31780000857543,78.0
1790085183,200,GET,[GET] /api/soporte/tickets,56.600000,0.000000,7,8,9,9,11,14,18,23,45,45,45,13719,0,7,7.749900349851588,3.7146000104257837,204.25330000580288,84651.0
1790085183,200,GET,[GET] /health,80.800000,0.000000,4,5,6,6,8,9,12,14,19,19,19,20750,0,4,4.730734857882048,1.796900003682822,208.48889999615494,83.99624096385543
1790085183,200,,Aggregated,197.600000,0.000000,5,6,7,8,9,11,14,17,32,45,45,48290,0,5,5.699205920494189,1.796900003682822,208.48889999615494,24103.312155725824
1790085184,200,GET,[GET] /actuator/health,30.500000,0.000000,5,5,6,7,8,9,10,11,16,16,16,6895,0,4,5.311140899198718,2.1797999943373725,145.4812000010861,49.0
1790085184,200,GET,[GET] /api/soporte/election/status,30.000000,0.000000,4,5,6,6,7,9,11,12,16,16,16,6980,0,4,4.919135057302172,1.9618999940576032,164.31780000857543,78.0
1790085184,200,GET,[GET] /api/soporte/tickets,56.800000,0.000000,7,8,9,9,11,14,17,23,45,45,45,13775,0,7,7.746455586180911,3.7146000104257837,204.25330000580288,84651.0
1790085184,200,GET,[GET] /health,80.700000,0.000000,4,5,6,6,7,9,11,14,19,19,19,20824,0,4,4.7274303832596205,1.796900003682822,208.48889999615494,83.99625432193623
1790085184,200,,Aggregated,198.000000,0.000000,5,6,7,7,9,11,14,16,32,45,45,48474,0,5,5.695987853294234,1.796900003682822,208.48889999615494,24109.810578867022
1790085185,200,GET,[GET] /actuator/health,29.400000,0.000000,5,5,6,7,8,9,10,11,16,16,16,6921,0,4,5.312571550351389,2.1797999943373725,145.4812000010861,49.0
1790085185,200,GET,[GET] /api/soporte/election/status,30.800000,0.000000,4,5,6,6,8,9,11,12,16,16,16,7013,0,4,4.918827948098684,1.9618999940576032,164.31780000857543,78.0
1790085185,200,GET,[GET] /api/soporte/tickets,56.600000,0.000000,7,8,9,9,11,13,17,23,45,45,45,13840,0,7,7.745322449401926,3.7146000104257837,204.25330000580288,84651.0
1790085185,200,GET,[GET] /health,80.200000,0.000000,4,5,6,6,8,9,11,14,19,19,19,20918,0,4,4.72776943307217,1.796900003682822,208.48889999615494,83.99627115403003
1790085185,200,,Aggregated,197.000000,0.000000,5,6,7,7,9,11,13,16,32,45,45,48692,0,5,5.696105968141057,1.796900003682822,208.48889999615494,24115.11166105315
1790085186,200,GET,[GET] /actuator/health,27.700000,0.000000,5,5,6,7,8,9,10,11,16,16,16,6946,0,4,5.312566541893553,2.1797999943373725,145.4812000010861,49.0
1790085186,200,GET,[GET] /api/soporte/election/status,30.200000,0.000000,4,5,6,6,8,9,11,12,16,16,16,7037,0,4,4.917508071624196,1.9618999940576032,164.31780000857543,78.0
1790085186,200,GET,[GET] /api/soporte/tickets,56.500000,0.000000,7,8,9,9,11,13,17,23,32,32,32,13881,0,7,7.7449191988868895,3.7146000104257837,204.25330000580288,84651.0
1790085186,200,GET,[GET] /health,82.000000,0.000000,4,5,6,6,8,9,11,14,19,19,19,21028,0,4,4.726810609706018,1.796900003682822,208.48889999615494,83.99629066007229
1790085186,200,,Aggregated,196.400000,0.000000,5,6,7,7,9,11,13,16,32,32,32,48892,0,5,5.6943505767949585,1.796900003682822,208.48889999615494,24087.704430172624
1790085187,200,GET,[GET] /actuator/health,27.700000,0.000000,5,5,6,7,8,9,10,11,16,16,16,6969,0,4,5.311070454869366,2.1797999943373725,145.4812000010861,49.0
1790085187,200,GET,[GET] /api/soporte/election/status,30.200000,0.000000,4,5,6,6,8,9,11,12,16,16,16,7066,0,4,4.916697028031998,1.9618999940576032,164.31780000857543,78.0
1790085187,200,GET,[GET] /api/soporte/tickets,57.900000,0.000000,7,8,9,9,11,13,17,23,32,32,32,13937,0,7,7.74155047712864,3.7146000104257837,204.25330000580288,84651.0
1790085187,200,GET,[GET] /health,81.100000,0.000000,4,5,6,6,8,9,11,14,19,19,19,21113,0,4,4.725827300757849,1.796900003682822,208.48889999615494,83.99616350116042
1790085187,200,,Aggregated,196.900000,0.000000,5,6,7,7,9,11,14,16,32,32,32,49085,0,5,5.692668065614771,1.796900003682822,208.48889999615494,24089.78357950494
1790085188,200,GET,[GET] /actuator/health,27.000000,0.000000,5,5,6,6,8,9,10,11,12,12,12,6999,0,4,5.311032176019974,2.1797999943373725,145.4812000010861,49.0
1790085188,200,GET,[GET] /api/soporte/election/status,29.800000,0.000000,4,5,6,6,8,9,11,12,16,16,16,7102,0,4,4.913098197697642,1.9618999940576032,164.31780000857543,78.0
1790085188,200,GET,[GET] /api/soporte/tickets,57.500000,0.000000,7,8,9,9,11,13,16,22,32,32,32,13993,0,7,7.740194454349657,3.7146000104257837,204.25330000580288,84651.0
1790085188,200,GET,[GET] /health,82.400000,0.000000,4,5,6,6,8,9,11,14,19,19,19,21195,0,4,4.725236914415539,1.796900003682822,208.48889999615494,83.99617834394904
1790085188,200,,Aggregated,196.700000,0.000000,5,6,7,7,9,11,13,16,32,32,32,49289,0,5,5.69142557164407,1.796900003682822,208.48889999615494,24086.48276491712
1790085189,200,GET,[GET] /actuator/health,26.600000,0.000000,5,6,6,7,8,9,10,11,12,12,12,7020,0,4,5.311485754984014,2.1797999943373725,145.4812000010861,49.0
1790085189,200,GET,[GET] /api/soporte/election/status,29.000000,0.000000,4,5,6,6,7,9,10,12,16,16,16,7130,0,4,4.91275997196011,1.9618999940576032,164.31780000857543,78.0
1790085189,200,GET,[GET] /api/soporte/tickets,56.000000,0.000000,7,8,9,9,11,13,17,19,32,32,32,14051,0,7,7.740767119761826,3.7146000104257837,204.25330000580288,84651.0
1790085189,200,GET,[GET] /health,85.900000,0.000000,4,5,6,6,7,9,11,14,34,34,34,21293,0,4,4.7264599305438235,1.796900003682822,208.48889999615494,83.9961959329357
1790085189,200,,Aggregated,197.500000,0.000000,5,6,7,7,9,10,13,16,32,34,34,49494,0,5,5.692015975692133,1.796900003682822,208.48889999615494,24086.148866529275
1790085190,200,GET,[GET] /actuator/health,26.200000,0.000000,5,6,6,6,8,9,10,11,12,12,12,7049,0,4,5.3097489998666605,2.1797999943373725,145.4812000010861,49.0
1790085190,200,GET,[GET] /api/soporte/election/status,29.000000,0.000000,4,5,6,6,8,9,10,12,16,16,16,7159,0,4,4.912209289022603,1.9618999940576032,164.31780000857543,78.0
1790085190,200,GET,[GET] /api/soporte/tickets,56.700000,0.000000,7,8,9,9,11,13,17,19,32,32,32,14100,0,7,7.738690333313339,3.7146000104257837,204.25330000580288,84651.0
1790085190,200,GET,[GET] /health,85.900000,0.000000,4,5,6,6,8,9,11,14,34,34,34,21390,0,4,4.726484268400028,1.796900003682822,208.48889999615494,83.99621318373072
1790085190,200,,Aggregated,197.800000,0.000000,5,6,7,7,9,10,13,16,32,34,34,49698,0,5,5.690570228197665,1.796900003682822,208.48889999615494,24070.980361382753
1790085191,200,GET,[GET] /actuator/health,26.500000,0.000000,5,6,6,6,8,9,10,11,12,12,12,7084,0,4,5.306491120847669,2.1797999943373725,145.4812000010861,49.0
1790085191,200,GET,[GET] /api/soporte/election/status,29.700000,0.000000,4,5,6,6,7,9,10,12,16,16,16,7188,0,4,4.908058277701156,1.9618999940576032,164.31780000857543,78.0
1790085191,200,GET,[GET] /api/soporte/tickets,56.400000,0.000000,6,8,9,9,11,13,17,19,32,32,32,14152,0,7,7.734893089293182,3.7146000104257837,204.25330000580288,84651.0
1790085191,200,GET,[GET] /health,85.100000,0.000000,4,5,6,6,8,9,11,14,34,34,34,21467,0,4,4.724396287375715,1.796900003682822,208.48889999615494,83.99622676666512
1790085191,200,,Aggregated,197.700000,0.000000,5,6,7,7,9,10,13,16,32,34,34,49891,0,5,5.687461227495388,1.796900003682822,208.48889999615494,24066.302118618587
1790085192,200,GET,[GET] /actuator/health,27.000000,0.000000,4,6,6,6,8,9,10,11,15,15,15,7110,0,4,5.306927665276666,2.1797999943373725,145.4812000010861,49.0
1790085192,200,GET,[GET] /api/soporte/election/status,28.800000,0.000000,4,5,5,6,7,8,10,10,15,15,15,7212,0,4,4.907863824190364,1.9618999940576032,164.31780000857543,78.0
1790085192,200,GET,[GET] /api/soporte/tickets,55.300000,0.000000,6,8,8,9,11,12,17,17,39,39,39,14204,0,7,7.738453196261671,3.7146000104257837,204.25330000580288,84651.0
1790085192,200,GET,[GET] /health,87.800000,0.000000,4,5,6,6,8,9,11,13,34,34,34,21557,0,4,4.727345790282662,1.796900003682822,208.48889999615494,83.99624251983114
1790085192,200,,Aggregated,198.900000,0.000000,5,6,7,7,9,10,12,15,34,39,39,50083,0,5,5.689598306830703,1.796900003682822,208.48889999615494,24062.145578339954
1790085193,200,GET,[GET] /actuator/health,26.100000,0.000000,4,6,6,7,8,9,10,11,15,15,15,7142,0,4,5.306043545244846,2.1797999943373725,145.4812000010861,49.0
1790085193,200,GET,[GET] /api/soporte/election/status,28.400000,0.000000,4,5,6,6,7,8,10,12,15,15,15,7243,0,4,4.909309126059257,1.9618999940576032,164.31780000857543,78.0
1790085193,200,GET,[GET] /api/soporte/tickets,55.100000,0.000000,7,8,8,9,11,12,17,19,39,39,39,14276,0,7,7.7384556738380725,3.7146000104257837,204.25330000580288,84651.0
1790085193,200,GET,[GET] /health,89.600000,0.000000,4,5,6,6,8,9,11,13,34,34,34,21626,0,4,4.729580403266902,1.796900003682822,208.48889999615494,83.99625450846203
1790085193,200,,Aggregated,199.200000,0.000000,5,6,7,7,9,10,12,15,34,39,39,50287,0,5,5.69153037566266,1.796900003682822,208.48889999615494,24085.928589894007
1790085194,200,GET,[GET] /actuator/health,25.800000,0.000000,4,6,6,6,8,9,10,11,15,15,15,7169,0,4,5.302406039915693,2.1797999943373725,145.4812000010861,49.0
1790085194,200,GET,[GET] /api/soporte/election/status,28.400000,0.000000,4,5,6,6,7,8,10,12,15,15,15,7270,0,4,4.906513397534637,1.9618999940576032,164.31780000857543,78.0
1790085194,200,GET,[GET] /api/soporte/tickets,54.800000,0.000000,6,8,8,9,11,12,17,18,39,39,39,14340,0,7,7.733132628992043,3.7146000104257837,204.25330000580288,84651.0
1790085194,200,GET,[GET] /health,88.900000,0.000000,4,5,6,6,8,9,11,13,34,34,34,21707,0,4,4.726657916850285,1.796900003682822,208.48889999615494,83.99626848482056
1790085194,200,,Aggregated,197.900000,0.000000,5,6,7,7,9,10,12,15,34,39,39,50486,0,5,5.688269750050458,1.796900003682822,208.48889999615494,24098.50231747415
1790085195,200,GET,[GET] /actuator/health,26.400000,0.000000,4,6,6,6,8,9,10,11,15,15,15,7200,0,4,5.302307152798878,2.1797999943373725,145.4812000010861,49.0
1790085195,200,GET,[GET] /api/soporte/election/status,27.900000,0.000000,4,5,6,6,7,9,11,12,15,15,15,7301,0,4,4.910271757315419,1.9618999940576032,164.31780000857543,78.0
1790085195,200,GET,[GET] /api/soporte/tickets,53.800000,0.000000,6,8,8,9,11,12,17,18,39,39,39,14391,0,7,7.731879355136332,3.7146000104257837,204.25330000580288,84651.0
1790085195,200,GET,[GET] /health,90.000000,0.000000,4,5,6,6,8,9,11,14,34,34,34,21799,0,4,4.727614441082718,1.796900003682822,208.48889999615494,83.99614661222992
1790085195,200,,Aggregated,198.100000,0.000000,5,6,7,7,9,10,13,15,34,39,39,50691,0,5,5.688450584940934,1.796900003682822,208.48889999615494,24086.442386222407
1790085196,200,GET,[GET] /actuator/health,27.600000,0.000000,4,5,6,6,8,9,10,11,15,15,15,7224,0,4,5.299682516640131,2.1797999943373725,145.4812000010861,49.0
1790085196,200,GET,[GET] /api/soporte/election/status,28.800000,0.000000,4,5,6,6,7,8,11,12,15,15,15,7334,0,4,4.907750504522487,1.9618999940576032,164.31780000857543,78.0
1790085196,200,GET,[GET] /api/soporte/tickets,55.800000,0.000000,6,8,8,9,11,12,17,18,39,39,39,14448,0,7,7.729326737248857,3.7146000104257837,204.25330000580288,84651.0
1790085196,200,GET,[GET] /health,87.800000,0.000000,4,5,6,6,8,9,11,13,34,34,34,21878,0,4,4.726026679823286,1.796900003682822,208.48889999615494,83.99616052655635
1790085196,200,,Aggregated,200.000000,0.000000,5,6,7,7,9,10,12,15,34,39,39,50884,0,5,5.686417598878264,1.796900003682822,208.48889999615494,24090.11367030894
1790085197,200,GET,[GET] /actuator/health,27.000000,0.000000,4,5,6,6,8,9,10,10,15,15,15,7254,0,4,5.29758584231766,2.1797999943373725,145.4812000010861,49.0
1790085197,200,GET,[GET] /api/soporte/election/status,28.600000,0.000000,4,5,6,6,7,8,11,11,15,15,15,7364,0,4,4.904219608924717,1.9618999940576032,164.31780000857543,78.0
1790085197,200,GET,[GET] /api/soporte/tickets,55.300000,0.000000,6,8,8,9,11,12,16,18,39,39,39,14505,0,7,7.725659538072987,3.7146000104257837,204.25330000580288,84651.0
1790085197,200,GET,[GET] /health,88.000000,0.000000,4,5,6,6,8,9,11,13,34,34,34,21974,0,4,4.723965682224154,1.796900003682822,208.48889999615494,83.99617730044598
1790085197,200,,Aggregated,198.900000,0.000000,5,6,7,7,9,10,12,15,34,39,39,51097,0,5,5.683474066994856,1.796900003682822,208.48889999615494,24084.355735170364
1790085198,200,GET,[GET] /actuator/health,27.800000,0.000000,4,5,6,6,8,9,10,10,15,15,15,7279,0,4,5.2973736502537365,2.1797999943373725,145.4812000010861,49.0
1790085198,200,GET,[GET] /api/soporte/election/status,29.100000,0.000000,4,5,6,6,8,8,11,11,15,15,15,7395,0,4,4.904272846528959,1.9618999940576032,164.31780000857543,78.0
1790085198,200,GET,[GET] /api/soporte/tickets,55.200000,0.000000,6,8,8,9,10,12,15,17,39,39,39,14568,0,7,7.7231070565479865,3.7146000104257837,204.25330000580288,84651.0
1790085198,200,GET,[GET] /health,87.200000,0.000000,4,5,6,6,7,8,11,13,34,34,34,22053,0,4,4.723080433558698,1.796900003682822,208.48889999615494,83.99619099442253
1790085198,200,,Aggregated,199.300000,0.000000,5,6,7,7,8,10,12,15,34,39,39,51295,0,5,5.682717553393891,1.796900003682822,208.48889999615494,24095.55740325568
1790085199,200,GET,[GET] /actuator/health,28.000000,0.000000,4,5,6,6,8,9,10,10,15,15,15,7309,0,4,5.294281078142029,2.1797999943373725,145.4812000010861,49.0
1790085199,200,GET,[GET] /api/soporte/election/status,29.400000,0.000000,4,5,6,6,7,8,11,11,15,15,15,7421,0,4,4.902537744248983,1.9618999940576032,164.31780000857543,78.0
1790085199,200,GET,[GET] /api/soporte/tickets,56.000000,0.000000,6,8,8,9,10,11,14,17,39,39,39,14626,0,7,7.717622186503725,3.7146000104257837,204.25330000580288,84651.0
1790085199,200,GET,[GET] /health,84.700000,0.000000,4,5,5,6,7,8,11,12,16,16,16,22141,0,4,4.7203035680953676,1.796900003682822,208.48889999615494,83.99620613341764
1790085199,200,,Aggregated,198.100000,0.000000,5,6,7,7,8,10,12,14,23,39,39,51497,0,5,5.679317560269817,1.796900003682822,208.48889999615494,24096.593296696894
1790085200,200,GET,[GET] /actuator/health,28.200000,0.000000,4,5,6,6,8,9,11,12,16,16,16,7346,0,4,5.299232725303765,2.1797999943373725,145.4812000010861,49.0
1790085200,200,GET,[GET] /api/soporte/election/status,29.000000,0.000000,4,5,6,6,8,8,11,11,15,15,15,7447,0,4,4.9020402712575155,1.9618999940576032,164.31780000857543,78.0
1790085200,200,GET,[GET] /api/soporte/tickets,56.900000,0.000000,6,7,8,9,10,12,17,19,39,39,39,14681,0,7,7.7189123629053125,3.7146000104257837,204.25330000580288,84651.0
1790085200,200,GET,[GET] /health,85.300000,0.000000,4,5,5,6,7,9,11,13,16,16,16,22222,0,4,4.720707717633512,1.796900003682822,208.48889999615494,83.99621996219962
1790085200,200,,Aggregated,199.400000,0.000000,5,6,7,7,9,10,12,15,34,39,39,51696,0,5,5.680489337689589,1.796900003682822,208.48889999615494,24094.102348344168
1790085201,200,GET,[GET] /actuator/health,28.000000,0.000000,4,5,6,6,8,9,11,12,16,16,16,7383,0,4,5.29369916023735,2.1797999943373725,145.4812000010861,49.0
1790085201,200,GET,[GET] /api/soporte/election/status,29.000000,0.000000,4,5,6,6,8,8,11,11,15,15,15,7471,0,4,4.901997898546052,1.9618999940576032,164.31780000857543,78.0
1790085201,200,GET,[GET] /api/soporte/tickets,56.800000,0.000000,6,7,8,9,10,12,16,19,39,39,39,14735,0,7,7.716726243626814,3.7146000104257837,204.25330000580288,84651.0
1790085201,200,GET,[GET] /health,85.300000,0.000000,4,5,5,6,7,8,11,12,16,16,16,22300,0,4,4.718465013511092,1.796900003682822,208.48889999615494,83.9962331838565
1790085201,200,,Aggregated,199.100000,0.000000,5,6,7,7,8,10,12,15,34,39,39,51889,0,5,5.678157956430233,1.796900003682822,208.48889999615494,24092.777004760163
1790085202,200,GET,[GET] /actuator/health,27.900000,0.000000,4,5,6,6,8,9,12,16,57,57,57,7415,0,4,5.305861321652204,2.1797999943373725,145.4812000010861,49.0
1790085202,200,GET,[GET] /api/soporte/election/status,28.900000,0.000000,4,5,6,6,8,8,10,11,14,14,14,7494,0,4,4.902786869500067,1.9618999940576032,164.31780000857543,78.0
1790085202,200,GET,[GET] /api/soporte/tickets,57.500000,0.000000,6,7,8,9,10,12,16,19,57,57,57,14795,0,7,7.719286860414693,3.7146000104257837,204.25330000580288,84651.0
1790085202,200,GET,[GET] /health,84.700000,0.000000,4,5,5,6,7,8,11,12,57,57,57,22371,0,4,4.7206632605296255,1.796900003682822,208.48889999615494,83.99624513879576
1790085202,200,,Aggregated,199.000000,0.000000,5,6,6,7,8,10,12,16,57,57,57,52075,0,5,5.682136407128723,1.796900003682822,208.48889999615494,24104.43575612098
1790085203,200,GET,[GET] /actuator/health,29.400000,0.000000,4,5,6,6,8,9,12,16,57,57,57,7446,0,4,5.30277686007299,2.1797999943373725,145.4812000010861,49.0
1790085203,200,GET,[GET] /api/soporte/election/status,28.500000,0.000000,4,5,6,6,8,8,10,11,14,14,14,7526,0,4,4.902312994959739,1.9618999940576032,164.31780000857543,78.0
1790085203,200,GET,[GET] /api/soporte/tickets,57.700000,0.000000,6,7,8,9,10,12,16,19,57,57,57,14844,0,7,7.718662759346514,3.7146000104257837,204.25330000580288,84651.0
1790085203,200,GET,[GET] /health,82.900000,0.000000,4,5,5,6,7,8,11,14,57,57,57,22460,0,4,4.724849136300569,1.796900003682822,208.48889999615494,83.99626001780943
1790085203,200,,Aggregated,198.500000,0.000000,5,6,7,7,8,10,13,16,57,57,57,52276,0,5,5.68282243670558,1.796900003682822,208.48889999615494,24091.320720789656
1790085204,200,GET,[GET] /actuator/health,29.800000,0.000000,4,5,6,6,8,9,12,16,57,57,57,7466,0,4,5.302147254233709,2.1797999943373725,145.4812000010861,49.0
1790085204,200,GET,[GET] /api/soporte/election/status,27.700000,0.000000,4,5,6,6,8,8,10,11,17,17,17,7563,0,4,4.89913728678991,1.9618999940576032,164.31780000857543,78.0
1790085204,200,GET,[GET] /api/soporte/tickets,58.000000,0.000000,6,7,8,9,10,12,16,19,57,57,57,14903,0,7,7.715080782374378,3.7146000104257837,204.25330000580288,84651.0
1790085204,200,GET,[GET] /health,82.400000,0.000000,4,5,5,6,7,8,11,14,57,57,57,22544,0,4,4.723137282708014,1.796900003682822,208.48889999615494,83.99627395315827
1790085204,200,,Aggregated,197.900000,0.000000,5,6,7,7,8,10,12,16,57,57,57,52476,0,5,5.680582790250701,1.796900003682822,208.48889999615494,24094.88552862261
1790085205,200,GET,[GET] /actuator/health,30.200000,0.000000,4,5,6,6,8,9,12,16,57,57,57,7488,0,4,5.301392080675727,2.1797999943373725,145.4812000010861,49.0
1790085205,200,GET,[GET] /api/soporte/election/status,27.700000,0.000000,4,5,5,6,8,8,9,11,17,17,17,7589,0,4,4.8964530636416175,1.9618999940576032,164.31780000857543,78.0
1790085205,200,GET,[GET] /api/soporte/tickets,59.000000,0.000000,6,7,8,9,10,12,17,19,57,57,57,14954,0,7,7.712928366969668,3.7146000104257837,204.25330000580288,84651.0
1790085205,200,GET,[GET] /health,81.100000,0.000000,4,5,5,6,7,8,11,14,57,57,57,22646,0,4,4.723052543555062,1.796900003682822,208.48889999615494,83.99615826194471
1790085205,200,,Aggregated,198.000000,0.000000,5,6,6,7,8,10,12,16,57,57,57,52677,0,5,5.679013324621532,1.796900003682822,208.48889999615494,24085.124152856086
1790085206,200,GET,[GET] /actuator/health,30.300000,0.000000,4,5,6,6,8,9,12,16,57,57,57,7513,0,4,5.3001130440672295,2.1797999943373725,145.4812000010861,49.0
1790085206,200,GET,[GET] /api/soporte/election/status,28.100000,0.000000,4,5,5,6,7,8,9,11,17,17,17,7606,0,4,4.896306639495033,1.9618999940576032,164.31780000857543,78.0
1790085206,200,GET,[GET] /api/soporte/tickets,56.400000,0.000000,6,7,8,9,10,12,17,19,57,57,57,15022,0,7,7.713349261062832,3.7146000104257837,204.25330000580288,84651.0
1790085206,200,GET,[GET] /health,83.200000,0.000000,4,5,6,6,7,8,11,14,57,57,57,22733,0,4,4.722795222861336,1.796900003682822,208.48889999615494,83.99617296441296
1790085206,200,,Aggregated,198.000000,0.000000,5,6,7,7,8,10,13,16,57,57,57,52874,0,5,5.679432121667907,1.796900003682822,208.48889999615494,24104.44097287892
1790085207,200,GET,[GET] /actuator/health,29.300000,0.000000,4,5,6,6,8,10,12,16,57,57,57,7536,0,4,5.296700305215268,2.1797999943373725,145.4812000010861,49.0
1790085207,200,GET,[GET] /api/soporte/election/status,29.000000,0.000000,4,5,6,6,8,8,9,11,17,17,17,7634,0,4,4.893762942106097,1.9618999940576032,164.31780000857543,78.0
1790085207,200,GET,[GET] /api/soporte/tickets,55.400000,0.000000,6,7,8,9,10,12,18,20,57,57,57,15077,0,7,7.7120618823213585,3.7146000104257837,204.25330000580288,84651.0
1790085207,200,GET,[GET] /health,82.400000,0.000000,4,5,6,6,8,9,11,14,57,57,57,22830,0,4,4.721101261555781,1.796900003682822,208.48889999615494,83.99605781865966
1790085207,200,,Aggregated,196.100000,0.000000,5,6,7,7,9,10,13,16,57,57,57,53077,0,5,5.67726922398059,1.796900003682822,208.48889999615494,24100.184128718654
1790085208,200,GET,[GET] /actuator/health,28.500000,0.000000,4,5,6,6,8,10,12,16,57,57,57,7566,0,4,5.295798585790568,2.1797999943373725,145.4812000010861,49.0
1790085208,200,GET,[GET] /api/soporte/election/status,28.100000,0.000000,4,5,5,6,8,8,10,11,17,17,17,7667,0,4,4.894196556675814,1.9618999940576032,164.31780000857543,78.0
1790085208,200,GET,[GET] /api/soporte/tickets,55.700000,0.000000,6,7,8,9,11,12,18,20,57,57,57,15139,0,7,7.708627822169994,3.7146000104257837,204.25330000580288,84651.0
1790085208,200,GET,[GET] /health,84.100000,0.000000,4,5,6,6,8,9,11,14,57,57,57,22906,0,4,4.720627669662277,1.796900003682822,208.48889999615494,83.99607089845455
1790085208,200,,Aggregated,196.400000,0.000000,5,6,7,7,9,10,13,16,57,57,57,53278,0,5,5.676328523991902,1.796900003682822,208.48889999615494,24107.96694695747
1790085209,200,GET,[GET] /actuator/health,28.600000,0.000000,4,5,6,6,8,10,12,16,57,57,57,7587,0,4,5.294442994608864,2.1797999943373725,145.4812000010861,49.0
1790085209,200,GET,[GET] /api/soporte/election/status,27.100000,0.000000,4,5,6,6,8,8,10,11,17,17,17,7694,0,4,4.892664907733024,1.9618999940576032,164.31780000857543,78.0
1790085209,200,GET,[GET] /api/soporte/tickets,57.200000,0.000000,6,7,8,9,11,12,17,19,57,57,57,15196,0,7,7.705791063427964,3.7146000104257837,204.25330000580288,84651.0
1790085209,200,GET,[GET] /health,85.100000,0.000000,4,5,6,6,8,9,11,14,57,57,57,22997,0,4,4.719969661314166,1.796900003682822,208.48889999615494,83.99608644605819
1790085209,200,,Aggregated,198.000000,0.000000,5,6,7,7,9,11,13,16,57,57,57,53474,0,5,5.674822270660294,1.796900003682822,208.48889999615494,24110.03756966002
1790085210,200,GET,[GET] /actuator/health,27.900000,0.000000,4,5,6,6,7,9,11,16,57,57,57,7614,0,4,5.291997688479777,2.1797999943373725,145.4812000010861,49.0
1790085210,200,GET,[GET] /api/soporte/election/status,26.900000,0.000000,4,5,6,6,7,8,10,11,17,17,17,7727,0,4,4.890837970774644,1.9618999940576032,164.31780000857543,78.0
1790085210,200,GET,[GET] /api/soporte/tickets,56.900000,0.000000,6,7,8,9,10,12,15,20,57,57,57,15253,0,7,7.7050626892971685,3.7146000104257837,204.25330000580288,84651.0
1790085210,200,GET,[GET] /health,85.300000,0.000000,4,5,6,6,8,8,11,13,57,57,57,23085,0,4,4.71818464809515,1.796900003682822,208.48889999615494,83.99610136452242
1790085210,200,,Aggregated,197.000000,0.000000,5,6,7,7,8,10,12,16,57,57,57,53679,0,5,5.673156899371951,1.796900003682822,208.48889999615494,24108.059855809533
1790085211,200,GET,[GET] /actuator/health,28.600000,0.000000,4,5,6,6,8,10,11,16,57,57,57,7640,0,4,5.2902759424210695,2.1797999943373725,145.4812000010861,49.0
1790085211,200,GET,[GET] /api/soporte/election/status,27.100000,0.000000,4,5,5,6,7,8,10,11,17,17,17,7746,0,4,4.890167376734622,1.8525000050431117,164.31780000857543,78.0
1790085211,200,GET,[GET] /api/soporte/tickets,56.900000,0.000000,7,7,8,9,11,12,16,20,57,57,57,15313,0,7,7.7059367204240905,3.7146000104257837,204.25330000580288,84651.0
1790085211,200,GET,[GET] /health,84.500000,0.000000,4,5,6,6,8,8,11,13,57,57,57,23182,0,4,4.716387179762963,1.796900003682822,208.48889999615494,83.99611767750841
1790085211,200,,Aggregated,197.100000,0.000000,5,6,7,7,9,11,12,16,57,57,57,53881,0,5,5.672375072871744,1.796900003682822,208.48889999615494,24112.14545015868
1790085212,200,GET,[GET] /actuator/health,27.800000,0.000000,4,5,6,6,7,9,11,15,18,18,18,7674,0,4,5.293552345602064,2.1797999943373725,145.4812000010861,49.0
1790085212,200,GET,[GET] /api/soporte/election/status,27.200000,0.000000,4,5,5,6,7,8,11,12,17,17,17,7768,0,4,4.890644541732087,1.8525000050431117,164.31780000857543,78.0
1790085212,200,GET,[GET] /api/soporte/tickets,56.400000,0.000000,7,7,8,9,11,12,16,20,34,34,34,15385,0,7,7.707079421504456,3.7146000104257837,204.25330000580288,84651.0
1790085212,200,GET,[GET] /health,84.800000,0.000000,4,5,6,6,7,8,10,13,16,16,16,23254,0,4,4.71731555006437,1.796900003682822,208.48889999615494,83.99612969811645
1790085212,200,,Aggregated,196.200000,0.000000,5,6,7,7,9,10,13,15,31,34,34,54081,0,5,5.67450898099828,1.796900003682822,208.48889999615494,24135.848283130857
1790085213,200,GET,[GET] /actuator/health,26.500000,0.000000,4,5,6,6,8,10,14,15,18,18,18,7693,0,4,5.2952578838103195,2.1797999943373725,145.4812000010861,49.0
1790085213,200,GET,[GET] /api/soporte/election/status,27.800000,0.000000,4,5,5,6,7,9,10,12,17,17,17,7796,0,4,4.889610608024584,1.8525000050431117,164.31780000857543,78.0
1790085213,200,GET,[GET] /api/soporte/tickets,56.600000,0.000000,7,7,8,9,11,13,16,20,34,34,34,15449,0,7,7.707709443961927,3.7146000104257837,204.25330000580288,84651.0
1790085213,200,GET,[GET] /health,85.600000,0.000000,4,5,5,6,7,8,10,11,16,16,16,23342,0,4,4.718407313048149,1.796900003682822,208.48889999615494,83.99614428926398
1790085213,200,,Aggregated,196.500000,0.000000,5,6,7,7,9,10,13,15,31,34,34,54280,0,5,5.675558030605198,1.796900003682822,208.48889999615494,24147.36518054532
1790085215,200,GET,[GET] /actuator/health,25.500000,0.000000,4,5,6,6,8,10,14,15,18,18,18,7721,0,4,5.293685830869987,2.1797999943373725,145.4812000010861,49.0
1790085215,200,GET,[GET] /api/soporte/election/status,27.600000,0.000000,4,5,6,6,7,9,11,11,16,16,16,7825,0,4,4.8887687156679105,1.8525000050431117,164.31780000857543,78.0
1790085215,200,GET,[GET] /api/soporte/tickets,57.400000,0.000000,7,7,8,9,11,13,15,19,34,34,34,15498,0,7,7.703565472949699,3.7146000104257837,204.25330000580288,84651.0
1790085215,200,GET,[GET] /health,87.700000,0.000000,4,5,5,6,7,8,10,11,14,14,14,23430,0,4,4.716979837867583,1.796900003682822,208.48889999615494,83.99615877080666
1790085215,200,,Aggregated,198.200000,0.000000,5,6,7,7,9,10,13,15,31,34,34,54474,0,5,5.673089158153624,1.796900003682822,208.48889999615494,24137.715368799796
1790085216,200,GET,[GET] /actuator/health,24.500000,0.000000,4,5,6,7,8,11,14,15,38,38,38,7749,0,4,5.297276642160338,2.1797999943373725,145.4812000010861,49.0
1790085216,200,GET,[GET] /api/soporte/election/status,26.700000,0.000000,4,5,6,6,7,8,11,11,16,16,16,7853,0,4,4.887535795254033,1.8525000050431117,164.31780000857543,78.0
1790085216,200,GET,[GET] /api/soporte/tickets,60.100000,0.000000,7,8,8,9,11,13,16,31,59,59,59,15562,0,7,7.7140258514167295,3.7146000104257837,204.25330000580288,84651.0
1790085216,200,GET,[GET] /health,87.300000,0.000000,4,5,5,6,7,8,10,12,38,38,38,23517,0,4,4.718829914587449,1.796900003682822,208.48889999615494,83.99617298124761
1790085216,200,,Aggregated,198.600000,0.000000,5,6,7,7,9,10,13,15,59,59,59,54681,0,5,5.677453022097814,1.796900003682822,208.48889999615494,24145.616118944425
1790085217,200,GET,[GET] /actuator/health,24.500000,0.000000,4,5,6,7,8,11,14,15,38,38,38,7774,0,4,5.295539773621973,2.1797999943373725,145.4812000010861,49.0
1790085217,200,GET,[GET] /api/soporte/election/status,26.700000,0.000000,4,5,6,6,7,8,11,11,16,16,16,7878,0,4,4.885819243482424,1.8525000050431117,164.31780000857543,78.0
1790085217,200,GET,[GET] /api/soporte/tickets,60.100000,0.000000,7,8,9,9,11,13,16,31,59,59,59,15622,0,7,7.712202438853905,3.7146000104257837,204.25330000580288,84651.0
1790085217,200,GET,[GET] /health,87.300000,0.000000,4,5,5,6,7,8,11,12,38,38,38,23608,0,4,4.717507349260172,1.796900003682822,208.48889999615494,83.99618773297188
1790085217,200,,Aggregated,198.600000,0.000000,5,6,7,7,9,11,14,15,59,59,59,54882,0,5,5.675976644462694,1.796900003682822,208.48889999615494,24149.92737145148
1790085218,200,GET,[GET] /actuator/health,26.100000,0.000000,4,5,6,7,8,11,14,15,38,38,38,7797,0,4,5.296723957953017,2.1797999943373725,145.4812000010861,49.0
1790085218,200,GET,[GET] /api/soporte/election/status,26.200000,0.000000,4,5,6,6,7,8,11,12,16,16,16,7913,0,4,4.8856276001795464,1.8525000050431117,164.31780000857543,78.0
1790085218,200,GET,[GET] /api/soporte/tickets,60.400000,0.000000,7,8,9,9,11,13,16,31,59,59,59,15668,0,7,7.710116262432646,3.7146000104257837,204.25330000580288,84651.0
1790085218,200,GET,[GET] /health,86.600000,0.000000,4,5,5,6,7,8,10,12,38,38,38,23711,0,4,4.716653772565848,1.796900003682822,208.48889999615494,83.99620429336595
1790085218,200,,Aggregated,199.300000,0.000000,5,6,7,7,9,10,13,15,59,59,59,55089,0,5,5.674403367305342,1.796900003682822,208.48889999615494,24130.094374557535
1790085219,200,GET,[GET] /actuator/health,26.000000,0.000000,4,5,6,7,8,11,14,15,38,38,38,7829,0,4,5.294124664734789,2.1797999943373725,145.4812000010861,49.0
1790085219,200,GET,[GET] /api/soporte/election/status,27.000000,0.000000,4,5,6,6,7,8,11,12,16,16,16,7928,0,4,4.884123158453702,1.8525000050431117,164.31780000857543,78.0
1790085219,200,GET,[GET] /api/soporte/tickets,59.600000,0.000000,7,8,9,9,11,13,17,31,59,59,59,15732,0,7,7.70757046782536,3.7146000104257837,204.25330000580288,84651.0
1790085219,200,GET,[GET] /health,86.800000,0.000000,4,5,5,6,7,8,10,12,38,38,38,23792,0,4,4.714516871275357,1.796900003682822,208.48889999615494,83.99621721587089
1790085219,200,,Aggregated,199.400000,0.000000,5,6,7,7,9,10,13,15,59,59,59,55281,0,5,5.672696123471744,1.796900003682822,208.48889999615494,24144.461478627378
1790085220,200,GET,[GET] /actuator/health,26.100000,0.000000,4,5,6,7,8,11,14,15,38,38,38,7852,0,4,5.290147567528258,2.1797999943373725,145.4812000010861,49.0
1790085220,200,GET,[GET] /api/soporte/election/status,27.900000,0.000000,4,5,5,6,7,8,11,12,16,16,16,7958,0,4,4.8818903870578785,1.8525000050431117,164.31780000857543,78.0
1790085220,200,GET,[GET] /api/soporte/tickets,58.800000,0.000000,7,8,9,9,11,13,16,29,59,59,59,15789,0,7,7.706414028742491,3.7146000104257837,204.25330000580288,84651.0
1790085220,200,GET,[GET] /health,87.700000,0.000000,4,5,5,6,7,8,10,12,38,38,38,23888,0,4,4.712896182243119,1.796900003682822,208.48889999615494,83.99623241795044
1790085220,200,,Aggregated,200.500000,0.000000,5,6,7,7,9,10,13,15,59,59,59,55487,0,5,5.670635599359802,1.796900003682822,208.48889999615494,24141.99024996846
1790085221,200,GET,[GET] /actuator/health,26.300000,0.000000,4,5,6,7,8,10,14,15,38,38,38,7885,0,4,5.288055751452559,2.1797999943373725,145.4812000010861,49.0
1790085221,200,GET,[GET] /api/soporte/election/status,25.800000,0.000000,4,5,5,6,7,9,11,12,16,16,16,7986,0,4,4.878795154045719,1.8525000050431117,164.31780000857543,78.0
1790085221,200,GET,[GET] /api/soporte/tickets,59.100000,0.000000,7,8,9,9,10,13,16,29,59,59,59,15840,0,7,7.705110271451828,3.7146000104257837,204.25330000580288,84651.0
1790085221,200,GET,[GET] /health,88.400000,0.000000,4,5,5,6,7,8,10,12,38,38,38,23966,0,4,4.710877009154653,1.796900003682822,208.48889999615494,83.99624467996328
1790085221,200,,Aggregated,199.600000,0.000000,5,6,7,7,9,10,13,15,59,59,59,55677,0,5,5.668556186605059,1.796900003682822,208.48889999615494,24137.3308008693
1790085222,200,GET,[GET] /actuator/health,26.200000,0.000000,4,5,6,7,8,10,12,12,38,38,38,7914,0,4,5.28623654285729,2.1797999943373725,145.4812000010861,49.0
1790085222,200,GET,[GET] /api/soporte/election/status,25.900000,0.000000,4,5,5,6,7,8,10,11,15,15,15,8015,0,4,4.876037354987241,1.8525000050431117,164.31780000857543,78.0
1790085222,200,GET,[GET] /api/soporte/tickets,59.100000,0.000000,7,8,8,9,10,13,15,18,59,59,59,15905,0,7,7.702041194581966,3.7146000104257837,204.25330000580288,84651.0
1790085222,200,GET,[GET] /health,88.600000,0.000000,4,5,5,6,7,8,9,10,38,38,38,24054,0,4,4.70827377573205,1.796900003682822,208.48889999615494,83.99625841855824
1790085222,200,,Aggregated,199.800000,0.000000,5,6,7,7,9,10,12,14,59,59,59,55888,0,5,5.66616264675208,1.796900003682822,208.48889999615494,24144.853224305756
1790085223,200,GET,[GET] /actuator/health,26.900000,0.000000,4,5,6,7,8,10,12,17,38,38,38,7951,0,4,5.291227921027113,2.1715000038966537,145.4812000010861,49.0
1790085223,200,GET,[GET] /api/soporte/election/status,25.900000,0.000000,4,5,5,6,7,8,11,11,15,15,15,8040,0,4,4.877591218925107,1.8525000050431117,164.31780000857543,78.0
1790085223,200,GET,[GET] /api/soporte/tickets,58.500000,0.000000,7,8,8,9,10,13,16,23,59,59,59,15960,0,7,7.70483406013683,3.7146000104257837,204.25330000580288,84651.0
1790085223,200,GET,[GET] /health,87.800000,0.000000,4,5,5,6,7,8,10,11,38,38,38,24130,0,4,4.710207024514859,1.796900003682822,208.48889999615494,83.99602154993784
1790085223,200,,Aggregated,199.100000,0.000000,5,6,7,7,9,10,12,15,59,59,59,56081,0,5,5.668815351038173,1.796900003682822,208.48889999615494,24144.960022110874
1790085224,200,GET,[GET] /actuator/health,27.300000,0.000000,4,5,6,7,8,10,12,17,38,38,38,7974,0,4,5.292610070248838,2.1715000038966537,145.4812000010861,49.0
1790085224,200,GET,[GET] /api/soporte/election/status,26.600000,0.000000,4,5,5,6,7,9,10,11,15,15,15,8069,0,4,4.878512281585051,1.8525000050431117,164.31780000857543,78.0
1790085224,200,GET,[GET] /api/soporte/tickets,58.500000,0.000000,7,8,8,9,10,13,16,23,59,59,59,16005,0,7,7.702696751003781,3.7146000104257837,204.25330000580288,84651.0
1790085224,200,GET,[GET] /health,86.800000,0.000000,4,5,5,6,7,8,10,12,38,38,38,24223,0,4,4.710345816022313,1.796900003682822,208.48889999615494,83.99591297527144
1790085224,200,,Aggregated,199.200000,0.000000,5,6,7,7,9,10,12,15,59,59,59,56271,0,5,5.668076922421816,1.796900003682822,208.48889999615494,24131.32867729381
1790085225,200,GET,[GET] /actuator/health,27.300000,0.000000,5,5,6,6,8,9,12,12,23,23,23,8009,0,4,5.291444137867097,2.1715000038966537,145.4812000010861,49.0
1790085225,200,GET,[GET] /api/soporte/election/status,27.000000,0.000000,4,5,5,6,7,9,10,11,15,15,15,8094,0,4,4.877233938732851,1.8525000050431117,164.31780000857543,78.0
1790085225,200,GET,[GET] /api/soporte/tickets,56.700000,0.000000,7,7,8,9,10,12,14,18,39,39,39,16064,0,7,7.701189467122069,3.7146000104257837,204.25330000580288,84651.0
1790085225,200,GET,[GET] /health,86.900000,0.000000,4,5,5,6,7,8,9,11,27,27,27,24320,0,4,4.70844035368265,1.796900003682822,208.48889999615494,83.99592927631579
1790085225,200,,Aggregated,197.900000,0.000000,5,6,7,7,8,10,12,14,27,39,39,56487,0,5,5.666377832097513,1.796900003682822,208.48889999615494,24127.679253633578
1790085226,200,GET,[GET] /actuator/health,28.000000,0.000000,5,5,6,7,8,9,12,12,23,23,23,8035,0,4,5.290413279428715,2.1715000038966537,145.4812000010861,49.0
1790085226,200,GET,[GET] /api/soporte/election/status,27.300000,0.000000,4,5,5,6,8,9,11,12,16,16,16,8125,0,4,4.879221710777626,1.8525000050431117,164.31780000857543,78.0
1790085226,200,GET,[GET] /api/soporte/tickets,55.300000,0.000000,7,7,8,9,10,12,17,21,27,27,27,16120,0,7,7.701445980140399,3.7146000104257837,204.25330000580288,84651.0
1790085226,200,GET,[GET] /health,87.400000,0.000000,4,5,5,6,7,8,10,11,27,27,27,24407,0,4,4.709288941760735,1.796900003682822,208.48889999615494,83.9959437866186
1790085226,200,,Aggregated,198.000000,0.000000,5,6,7,7,9,10,12,14,27,27,27,56687,0,5,5.666891377241615,1.796900003682822,208.48889999615494,24126.372431068852
1790085227,200,GET,[GET] /actuator/health,28.500000,0.000000,5,5,6,6,8,9,11,12,23,23,23,8062,0,4,5.289574510075391,2.1715000038966537,145.4812000010861,49.0
1790085227,200,GET,[GET] /api/soporte/election/status,26.700000,0.000000,4,5,5,6,8,9,10,11,16,16,16,8147,0,4,4.879283687256769,1.8525000050431117,164.31780000857543,78.0
1790085227,200,GET,[GET] /api/soporte/tickets,56.100000,0.000000,7,7,8,8,10,12,16,19,27,27,27,16178,0,7,7.696978347128234,3.7146000104257837,204.25330000580288,84651.0
1790085227,200,GET,[GET] /health,88.200000,0.000000,4,5,5,6,7,8,10,12,27,27,27,24497,0,4,4.707981936626758,1.796900003682822,208.48889999615494,83.99595868881904
1790085227,200,,Aggregated,199.500000,0.000000,5,6,7,7,8,10,12,14,27,27,27,56884,0,5,5.665023962831287,1.796900003682822,208.48889999615494,24129.31634554532
1790085228,200,GET,[GET] /actuator/health,28.400000,0.000000,5,5,6,6,8,9,11,12,23,23,23,8097,0,4,5.285537334840902,2.1715000038966537,145.4812000010861,49.0
1790085228,200,GET,[GET] /api/soporte/election/status,26.900000,0.000000,4,5,5,6,8,9,10,11,16,16,16,8180,0,4,4.875074767740728,1.8525000050431117,164.31780000857543,78.0
1790085228,200,GET,[GET] /api/soporte/tickets,55.500000,0.000000,7,7,8,8,10,12,16,21,27,27,27,16227,0,7,7.694408504334324,3.7146000104257837,204.25330000580288,84651.0
1790085228,200,GET,[GET] /health,88.800000,0.000000,4,5,5,6,7,8,10,12,27,27,27,24588,0,4,4.705960200161298,1.796900003682822,208.48889999615494,83.99597364568082
1790085228,200,,Aggregated,199.600000,0.000000,5,6,7,7,8,10,12,14,27,27,27,57092,0,5,5.66178139847483,1.796900003682822,208.48889999615494,24114.26930217894
1790085229,200,GET,[GET] /actuator/health,28.600000,0.000000,5,5,6,7,8,9,11,12,23,23,23,8133,0,4,5.285267711813125,2.1715000038966537,145.4812000010861,49.0
1790085229,200,GET,[GET] /api/soporte/election/status,26.500000,0.000000,4,5,6,6,8,9,9,11,16,16,16,8209,0,4,4.876087830443055,1.8525000050431117,164.31780000857543,78.0
1790085229,200,GET,[GET] /api/soporte/tickets,55.100000,0.000000,7,7,8,8,10,12,16,21,27,27,27,16272,0,7,7.694384089223164,3.7146000104257837,204.25330000580288,84651.0
1790085229,200,GET,[GET] /health,88.000000,0.000000,4,5,5,6,7,8,10,12,27,27,27,24678,0,4,4.705477145700795,1.796900003682822,208.48889999615494,83.99598832968636
1790085229,200,,Aggregated,198.200000,0.000000,5,6,7,7,8,9,12,14,27,27,27,57292,0,5,5.661133669652425,1.796900003682822,208.48889999615494,24096.78042309572
1790085230,200,GET,[GET] /actuator/health,29.600000,0.000000,5,6,6,7,8,9,11,12,23,23,23,8162,0,4,5.282918794431459,2.1715000038966537,145.4812000010861,49.0
1790085230,200,GET,[GET] /api/soporte/election/status,26.500000,0.000000,4,5,6,6,8,9,10,11,16,16,16,8229,0,4,4.875587167347687,1.8525000050431117,164.31780000857543,78.0
1790085230,200,GET,[GET] /api/soporte/tickets,55.700000,0.000000,7,8,8,9,10,12,17,23,39,39,39,16329,0,7,7.696503490712221,3.7146000104257837,204.25330000580288,84651.0
1790085230,200,GET,[GET] /health,86.800000,0.000000,4,5,5,6,7,8,10,12,42,42,42,24769,0,4,4.707800383606756,1.796900003682822,208.48889999615494,83.99600306835157
1790085230,200,,Aggregated,198.600000,0.000000,5,6,7,7,8,10,12,15,39,42,42,57489,0,5,5.662371987713289,1.796900003682822,208.48889999615494,24098.322740002437
1790085231,200,GET,[GET] /actuator/health,29.900000,0.000000,5,6,6,7,8,9,11,12,23,23,23,8182,0,4,5.281273380609179,2.1715000038966537,145.4812000010861,49.0
1790085231,200,GET,[GET] /api/soporte/election/status,27.700000,0.000000,4,5,6,6,8,9,10,11,16,16,16,8255,0,4,4.873281889776307,1.8525000050431117,164.31780000857543,78.0
1790085231,200,GET,[GET] /api/soporte/tickets,53.900000,0.000000,7,8,8,9,10,12,16,21,39,39,39,16380,0,7,7.692706300362299,3.7146000104257837,204.25330000580288,84651.0
1790085231,200,GET,[GET] /health,88.100000,0.000000,4,5,6,6,7,8,10,12,42,42,42,24863,0,4,4.706306994389064,1.796900003682822,208.48889999615494,83.99601817962434
1790085231,200,,Aggregated,199.600000,0.000000,5,6,7,7,8,10,12,14,39,42,42,57680,0,5,5.659843287130331,1.796900003682822,208.48889999615494,24093.560696948683
1790085232,200,GET,[GET] /actuator/health,30.900000,0.000000,5,6,6,7,8,9,10,10,11,11,11,8211,0,4,5.282243149455051,2.1715000038966537,145.4812000010861,49.0
1790085232,200,GET,[GET] /api/soporte/election/status,27.100000,0.000000,4,5,6,6,7,8,9,10,16,16,16,8290,0,4,4.8710318576725395,1.8525000050431117,164.31780000857543,78.0
1790085232,200,GET,[GET] /api/soporte/tickets,53.400000,0.000000,7,8,8,9,10,11,14,19,39,39,39,16437,0,7,7.691014455187372,3.7146000104257837,204.25330000580288,84651.0
1790085232,200,GET,[GET] /health,87.300000,0.000000,4,5,6,6,7,8,9,10,42,42,42,24955,0,4,4.705966627989292,1.796900003682822,208.48889999615494,83.99603285914647
1790085232,200,,Aggregated,198.700000,0.000000,5,6,7,7,8,9,11,13,39,42,42,57893,0,5,5.658852614334521,1.796900003682822,208.48889999615494,24088.46608398252
1790085233,200,GET,[GET] /actuator/health,29.700000,0.000000,5,6,6,7,8,9,10,14,15,15,15,8243,0,4,5.286192260116889,2.1715000038966537,145.4812000010861,49.0
1790085233,200,GET,[GET] /api/soporte/election/status,26.600000,0.000000,4,5,6,6,8,9,18,24,54,54,54,8312,0,4,4.884704222818804,1.8525000050431117,164.31780000857543,78.0
1790085233,200,GET,[GET] /api/soporte/tickets,53.500000,0.000000,7,8,8,9,11,13,19,24,39,39,39,16491,0,7,7.698953368499151,3.7146000104257837,204.25330000580288,84651.0
1790085233,200,GET,[GET] /health,88.700000,0.000000,4,5,6,6,7,9,11,14,42,42,42,25044,0,4,4.7136853857768095,1.796900003682822,208.48889999615494,83.99604695735505
1790085233,200,,Aggregated,198.500000,0.000000,5,6,7,7,9,10,14,18,42,54,54,58090,0,5,5.666874179747415,1.796900003682822,208.48889999615494,24085.65124806335
1790085234,200,GET,[GET] /actuator/health,29.500000,0.000000,4,5,6,7,8,9,10,14,15,15,15,8271,0,4,5.283554721332839,2.1715000038966537,145.4812000010861,49.0
1790085234,200,GET,[GET] /api/soporte/election/status,27.200000,0.000000,4,5,6,6,7,9,16,24,54,54,54,8347,0,4,4.8835397508198355,1.8525000050431117,164.31780000857543,78.0
1790085234,200,GET,[GET] /api/soporte/tickets,53.600000,0.000000,7,8,8,9,10,13,19,23,39,39,39,16551,0,7,7.696129061678046,3.7146000104257837,204.25330000580288,84651.0
1790085234,200,GET,[GET] /health,89.400000,0.000000,4,5,6,6,7,9,11,14,42,42,42,25127,0,4,4.7116567716542175,1.796900003682822,208.48889999615494,83.99606001512318
1790085234,200,,Aggregated,199.700000,0.000000,5,6,7,7,9,10,14,18,42,54,54,58296,0,5,5.664738904923595,1.796900003682822,208.48889999615494,24087.855341704406
1790085235,200,GET,[GET] /actuator/health,29.200000,0.000000,4,5,6,7,8,9,12,14,15,15,15,8297,0,4,5.283636000979656,2.1715000038966537,145.4812000010861,49.0
1790085235,200,GET,[GET] /api/soporte/election/status,27.100000,0.000000,4,5,6,6,7,9,14,24,54,54,54,8373,0,4,4.885487614964039,1.8525000050431117,164.31780000857543,78.0
1790085235,200,GET,[GET] /api/soporte/tickets,53.200000,0.000000,7,8,8,9,11,13,17,23,39,39,39,16611,0,7,7.6957560833034595,3.7146000104257837,204.25330000580288,84651.0
1790085235,200,GET,[GET] /health,91.200000,0.000000,4,5,6,6,8,9,11,15,42,42,42,25210,0,4,4.712487116278661,1.796900003682822,208.48889999615494,83.99607298690995
1790085235,200,,Aggregated,200.700000,0.000000,5,6,7,7,9,10,14,17,42,54,54,58491,0,5,5.665495891698909,1.796900003682822,208.48889999615494,24094.56068454976
1790085236,200,GET,[GET] /actuator/health,29.600000,0.000000,4,5,6,7,8,9,12,14,15,15,15,8321,0,4,5.282092717238812,2.1715000038966537,145.4812000010861,49.0
1790085236,200,GET,[GET] /api/soporte/election/status,26.800000,0.000000,4,5,6,6,7,9,14,24,54,54,54,8407,0,4,4.885359938159566,1.8525000050431117,164.31780000857543,78.0
1790085236,200,GET,[GET] /api/soporte/tickets,53.700000,0.000000,7,8,9,9,11,13,17,23,39,39,39,16656,0,7,7.696167086927094,3.7146000104257837,204.25330000580288,84651.0
1790085236,200,GET,[GET] /health,89.200000,0.000000,4,5,6,6,8,9,11,15,42,42,42,25310,0,4,4.7132362031395285,1.796900003682822,208.48889999615494,83.99596997234295
1790085236,200,,Aggregated,199.300000,0.000000,5,6,7,7,9,11,14,17,42,54,54,58694,0,5,5.665023372092049,1.796900003682822,208.48889999615494,24076.336065015163
1790085237,200,GET,[GET] /actuator/health,28.800000,0.000000,4,6,6,7,8,9,12,14,15,15,15,8347,0,4,5.281564334511047,2.1715000038966537,145.4812000010861,49.0
1790085237,200,GET,[GET] /api/soporte/election/status,27.700000,0.000000,4,5,6,6,7,9,14,24,54,54,54,8431,0,4,4.884386620817038,1.8525000050431117,164.31780000857543,78.0
1790085237,200,GET,[GET] /api/soporte/tickets,54.300000,0.000000,7,8,9,9,11,13,17,23,39,39,39,16717,0,7,7.6945682179730115,3.7146000104257837,204.25330000580288,84651.0
1790085237,200,GET,[GET] /health,88.600000,0.000000,4,5,6,7,8,9,11,15,42,42,42,25392,0,4,4.713252835598527,1.796900003682822,208.48889999615494,83.99598298676749
1790085237,200,,Aggregated,199.400000,0.000000,5,6,7,7,9,11,14,17,42,54,54,58887,0,5,5.664654236107202,1.796900003682822,208.48889999615494,24085.28561482161
1790085238,200,GET,[GET] /actuator/health,28.400000,0.000000,4,5,6,7,8,9,13,14,15,15,15,8383,0,4,5.279942872494185,2.1715000038966537,145.4812000010861,49.0
1790085238,200,GET,[GET] /api/soporte/election/status,28.200000,0.000000,4,5,6,6,7,9,14,24,54,54,54,8464,0,4,4.880612216456698,1.8525000050431117,164.31780000857543,78.0
1790085238,200,GET,[GET] /api/soporte/tickets,52.900000,0.000000,7,8,9,9,11,13,17,23,39,39,39,16764,0,7,7.692274409438746,3.7146000104257837,204.25330000580288,84651.0
1790085238,200,GET,[GET] /health,88.600000,0.000000,4,5,6,6,8,9,11,15,42,42,42,25476,0,4,4.711786328368926,1.796900003682822,208.48889999615494,83.99599623174753
1790085238,200,,Aggregated,198.100000,0.000000,5,6,7,7,9,11,14,17,42,54,54,59087,0,5,5.6621933691263076,1.796900003682822,208.48889999615494,24071.288185218407
1790085239,200,GET,[GET] /actuator/health,28.200000,0.000000,4,6,6,7,8,10,13,14,15,15,15,8406,0,4,5.279742648118802,2.1715000038966537,145.4812000010861,49.0
1790085239,200,GET,[GET] /api/soporte/election/status,28.700000,0.000000,4,5,5,6,7,9,14,24,54,54,54,8497,0,4,4.879370566095098,1.8525000050431117,164.31780000857543,78.0
1790085239,200,GET,[GET] /api/soporte/tickets,53.000000,0.000000,7,8,9,9,11,12,16,22,25,25,25,16818,0,7,7.6900150969059045,3.7146000104257837,204.25330000580288,84651.0
1790085239,200,GET,[GET] /health,88.800000,0.000000,4,5,6,6,8,10,11,14,25,25,25,25553,0,4,4.710930505287571,1.796900003682822,208.48889999615494,83.99600829648182
1790085239,200,,Aggregated,198.700000,0.000000,5,6,7,7,9,11,13,16,25,54,54,59274,0,5,5.6610083595096246,1.796900003682822,208.48889999615494,24072.63771636805
1790085240,200,GET,[GET] /actuator/health,28.200000,0.000000,4,6,6,7,8,10,13,14,15,15,15,8437,0,4,5.279064643841772,2.1715000038966537,145.4812000010861,49.0
1790085240,200,GET,[GET] /api/soporte/election/status,27.900000,0.000000,4,5,5,6,7,8,14,24,54,54,54,8525,0,4,4.877589431094945,1.8525000050431117,164.31780000857543,78.0
1790085240,200,GET,[GET] /api/soporte/tickets,52.400000,0.000000,7,8,9,9,11,13,16,22,25,25,25,16877,0,7,7.687969603590735,3.7146000104257837,204.25330000580288,84651.0
1790085240,200,GET,[GET] /health,88.400000,0.000000,4,5,6,6,8,10,11,14,25,25,25,25628,0,4,4.710014722245044,1.796900003682822,208.48889999615494,83.9960199781489
1790085240,200,,Aggregated,196.900000,0.000000,5,6,7,7,9,11,13,16,25,54,54,59467,0,5,5.659929685399873,1.796900003682822,208.48889999615494,24078.664469369567
1790085241,200,GET,[GET] /actuator/health,27.200000,0.000000,4,5,6,7,8,9,13,14,15,15,15,8470,0,4,5.279394710760351,2.1715000038966537,145.4812000010861,49.0
1790085241,200,GET,[GET] /api/soporte/election/status,28.900000,0.000000,4,5,6,6,7,8,14,24,54,54,54,8553,0,4,4.877426575478113,1.8525000050431117,164.31780000857543,78.0
1790085241,200,GET,[GET] /api/soporte/tickets,53.900000,0.000000,7,8,9,9,11,13,16,22,25,25,25,16932,0,7,7.686454825167266,3.7146000104257837,204.25330000580288,84651.0
1790085241,200,GET,[GET] /health,85.800000,0.000000,4,5,6,6,8,10,11,14,25,25,25,25716,0,4,4.709398872364545,1.796900003682822,208.48889999615494,83.99603359776015
1790085241,200,,Aggregated,195.800000,0.000000,5,6,7,7,9,11,13,16,25,54,54,59671,0,5,5.659148618284648,1.796900003682822,208.48889999615494,24074.55779189221
1790085242,200,GET,[GET] /actuator/health,27.300000,0.000000,4,5,6,7,8,9,11,12,13,13,13,8491,0,4,5.279079861044073,2.1715000038966537,145.4812000010861,49.0
1790085242,200,GET,[GET] /api/soporte/election/status,29.700000,0.000000,4,5,6,6,7,8,9,10,14,14,14,8585,0,4,4.875519941760939,1.8525000050431117,164.31780000857543,78.0
1790085242,200,GET,[GET] /api/soporte/tickets,54.300000,0.000000,7,8,8,9,10,12,13,13,22,22,22,16985,0,7,7.686743732687927,3.7146000104257837,204.25330000580288,84651.0
1790085242,200,GET,[GET] /health,85.200000,0.000000,4,5,6,6,8,9,10,11,15,15,15,25810,0,4,4.711007632770423,1.796900003682822,208.48889999615494,83.99604804339404
1790085242,200,,Aggregated,196.500000,0.000000,5,6,7,7,9,10,12,13,15,22,22,59871,0,5,5.6593585392201895,1.796900003682822,208.48889999615494,24069.263282724525
1790085243,200,GET,[GET] /actuator/health,28.300000,0.000000,5,6,7,7,8,9,13,16,19,19,19,8518,0,4,5.28492190656291,2.1715000038966537,145.4812000010861,49.0
1790085243,200,GET,[GET] /api/soporte/election/status,29.300000,0.000000,4,5,6,6,7,8,11,14,22,22,22,8609,0,4,4.880934254854511,1.8525000050431117,164.31780000857543,78.0
1790085243,200,GET,[GET] /api/soporte/tickets,54.600000,0.000000,7,8,9,9,11,12,15,25,58,58,58,17033,0,7,7.69815139433233,3.7146000104257837,204.25330000580288,84651.0
1790085243,200,GET,[GET] /health,84.900000,0.000000,4,5,6,6,8,9,11,12,44,44,44,25895,0,4,4.714040683596047,1.796900003682822,208.48889999615494,83.99606101564008
1790085243,200,,Aggregated,197.100000,0.000000,5,6,7,7,9,10,13,15,46,58,58,60055,0,5,5.6653005411960295,1.796900003682822,208.48889999615494,24063.34934643244
1790085244,200,GET,[GET] /actuator/health,28.000000,0.000000,5,6,7,7,8,10,12,16,19,19,19,8551,0,4,5.285795637947343,2.1715000038966537,145.4812000010861,49.0
1790085244,200,GET,[GET] /api/soporte/election/status,29.200000,0.000000,4,5,6,6,7,8,10,14,22,22,22,8632,0,4,4.8807079124205375,1.8525000050431117,164.31780000857543,78.0
1790085244,200,GET,[GET] /api/soporte/tickets,53.700000,0.000000,7,8,9,9,11,13,18,25,58,58,58,17091,0,7,7.700000479765929,3.7146000104257837,204.25330000580288,84651.0
1790085244,200,GET,[GET] /health,84.200000,0.000000,4,5,6,6,8,9,11,13,44,44,44,25980,0,4,4.716787856109088,1.796900003682822,208.48889999615494,83.99607390300231
1790085244,200,,Aggregated,195.100000,0.000000,5,6,7,7,9,10,13,16,46,58,58,60254,0,5,5.6672082500995025,1.796900003682822,208.48889999615494,24065.535134596874
1790085245,200,GET,[GET] /actuator/health,27.300000,0.000000,5,6,7,7,8,10,12,16,19,19,19,8574,0,4,5.2839858992414825,2.1715000038966537,145.4812000010861,49.0
1790085245,200,GET,[GET] /api/soporte/election/status,29.600000,0.000000,4,5,6,6,7,9,10,14,22,22,22,8661,0,4,4.882507077707727,1.8525000050431117,164.31780000857543,78.0
1790085245,200,GET,[GET] /api/soporte/tickets,54.200000,0.000000,7,8,9,9,10,12,15,22,58,58,58,17146,0,7,7.697560917981246,3.7146000104257837,204.25330000580288,84651.0
1790085245,200,GET,[GET] /health,83.900000,0.000000,4,5,6,6,8,9,11,13,44,44,44,26072,0,4,4.715629522158362,1.796900003682822,208.48889999615494,83.99608775698067
1790085245,200,,Aggregated,195.000000,0.000000,5,6,7,7,9,10,13,16,46,58,58,60453,0,5,5.665898488107163,1.796900003682822,208.48889999615494,24063.515061287282
1790085246,200,GET,[GET] /actuator/health,27.600000,0.000000,5,6,6,7,8,10,13,16,19,19,19,8605,0,4,5.283581522378079,2.1715000038966537,145.4812000010861,49.0
1790085246,200,GET,[GET] /api/soporte/election/status,29.000000,0.000000,4,5,6,6,7,9,10,14,22,22,22,8684,0,4,4.882318516819781,1.8525000050431117,164.31780000857543,78.0
1790085246,200,GET,[GET] /api/soporte/tickets,54.200000,0.000000,7,8,9,9,10,12,18,25,58,58,58,17218,0,7,7.696693971414848,3.7146000104257837,204.25330000580288,84651.0
1790085246,200,GET,[GET] /health,85.600000,0.000000,4,5,6,6,8,9,11,14,44,44,44,26152,0,4,4.715637645369142,1.796900003682822,208.48889999615494,83.99609972468645
1790085246,200,,Aggregated,196.400000,0.000000,5,6,7,7,9,10,13,16,46,58,58,60659,0,5,5.666237582248982,1.796900003682822,208.48889999615494,24082.43757727625
1790085247,200,GET,[GET] /actuator/health,27.600000,0.000000,5,6,6,7,8,10,13,16,19,19,19,8625,0,4,5.282711547838214,2.1715000038966537,145.4812000010861,49.0
1790085247,200,GET,[GET] /api/soporte/election/status,28.900000,0.000000,4,5,6,7,8,9,11,14,22,22,22,8717,0,4,4.882876000922164,1.8525000050431117,164.31780000857543,78.0
1790085247,200,GET,[GET] /api/soporte/tickets,52.600000,0.000000,7,8,9,9,10,13,18,25,58,58,58,17270,0,7,7.6943445743927334,3.7146000104257837,204.25330000580288,84651.0
1790085247,200,GET,[GET] /health,85.400000,0.000000,4,5,6,6,8,9,11,13,44,44,44,26227,0,4,4.715076383182712,1.796900003682822,208.48889999615494,83.99611087810271
1790085247,200,,Aggregated,194.500000,0.000000,5,6,7,7,9,10,13,16,46,58,58,60839,0,5,5.665297856664945,1.796900003682822,208.48889999615494,24083.70103058893
1790085248,200,GET,[GET] /actuator/health,27.800000,0.000000,5,6,6,7,8,10,13,16,19,19,19,8650,0,4,5.280732890186264,2.1715000038966537,145.4812000010861,49.0
1790085248,200,GET,[GET] /api/soporte/election/status,27.500000,0.000000,4,5,6,7,8,9,11,14,22,22,22,8742,0,4,4.8800292381611365,1.8525000050431117,164.31780000857543,78.0
1790085248,200,GET,[GET] /api/soporte/tickets,55.300000,0.000000,7,8,9,9,11,13,18,25,58,58,58,17321,0,7,7.69226626059576,3.7146000104257837,204.25330000580288,84651.0
1790085248,200,GET,[GET] /health,84.100000,0.000000,4,5,6,6,8,9,11,13,44,44,44,26321,0,4,4.712325644986565,1.796900003682822,208.48889999615494,83.99612476729608
1790085248,200,,Aggregated,194.700000,0.000000,5,6,7,7,9,10,13,16,46,58,58,61034,0,5,5.662588431064429,1.796900003682822,208.48889999615494,24077.67079005145
1790085249,200,GET,[GET] /actuator/health,27.700000,0.000000,5,6,6,7,8,10,12,16,19,19,19,8687,0,4,5.279378841959012,2.1715000038966537,145.4812000010861,49.0
1790085249,200,GET,[GET] /api/soporte/election/status,28.200000,0.000000,4,5,6,6,8,9,11,14,22,22,22,8770,0,4,4.879075290767042,1.8525000050431117,164.31780000857543,78.0
1790085249,200,GET,[GET] /api/soporte/tickets,55.400000,0.000000,7,8,9,9,11,13,19,25,58,58,58,17371,0,7,7.6929523976599175,3.7146000104257837,204.25330000580288,84651.0
1790085249,200,GET,[GET] /health,83.400000,0.000000,4,5,6,6,8,9,11,13,44,44,44,26407,0,4,4.711302154796607,1.796900003682822,208.48889999615494,83.99613738781383
1790085249,200,,Aggregated,194.700000,0.000000,5,6,7,7,9,10,13,17,46,58,58,61235,0,5,5.661747144632797,1.796900003682822,208.48889999615494,24067.940393565772
1790085250,200,GET,[GET] /actuator/health,27.000000,0.000000,5,6,6,7,9,10,12,16,19,19,19,8718,0,4,5.28030851113723,2.1715000038966537,145.4812000010861,49.0
1790085250,200,GET,[GET] /api/soporte/election/status,27.700000,0.000000,4,5,6,6,8,9,10,14,22,22,22,8798,0,4,4.877548795191648,1.8525000050431117,164.31780000857543,78.0
1790085250,200,GET,[GET] /api/soporte/tickets,56.500000,0.000000,7,8,9,9,11,13,19,25,58,58,58,17426,0,7,7.6905529209126895,3.7146000104257837,204.25330000580288,84651.0
1790085250,200,GET,[GET] /health,83.200000,0.000000,4,5,6,6,8,9,11,13,44,44,44,26491,0,4,4.710071601738402,1.796900003682822,208.48889999615494,83.99614963572535
1790085250,200,,Aggregated,194.400000,0.000000,5,6,7,7,9,11,13,17,46,58,58,61433,0,5,5.660418438000212,1.796900003682822,208.48889999615494,24066.330701740106
1790085251,200,GET,[GET] /actuator/health,28.100000,0.000000,5,5,6,7,8,10,11,16,19,19,19,8747,0,4,5.278520452737338,2.1715000038966537,145.4812000010861,49.0
1790085251,200,GET,[GET] /api/soporte/election/status,27.000000,0.000000,4,5,6,6,8,9,10,14,22,22,22,8836,0,4,4.875354843837324,1.8525000050431117,164.31780000857543,78.0
1790085251,200,GET,[GET] /api/soporte/tickets,55.800000,0.000000,7,8,8,9,11,13,20,25,58,58,58,17482,0,7,7.688899290685384,3.7146000104257837,204.25330000580288,84651.0
1790085251,200,GET,[GET] /health,85.500000,0.000000,4,5,6,6,7,9,11,13,44,44,44,26577,0,4,4.708002908590264,1.796900003682822,208.48889999615494,83.99616209504458
1790085251,200,,Aggregated,196.400000,0.000000,5,6,7,7,9,10,13,17,46,58,58,61642,0,5,5.658346330450106,1.796900003682822,208.48889999615494,24061.82406476104
1790085252,200,GET,[GET] /actuator/health,27.700000,0.000000,5,5,6,6,8,9,11,11,13,13,13,8779,0,4,5.277178676399383,2.1715000038966537,145.4812000010861,49.0
1790085252,200,GET,[GET] /api/soporte/election/status,26.800000,0.000000,4,5,5,6,7,8,9,10,11,11,11,8867,0,4,4.872580590973564,1.8525000050431117,164.31780000857543,78.0
1790085252,200,GET,[GET] /api/soporte/tickets,55.000000,0.000000,6,7,8,9,10,12,14,20,33,33,33,17523,0,7,7.686317793741649,3.7146000104257837,204.25330000580288,84651.0
1790085252,200,GET,[GET] /health,86.200000,0.000000,4,5,5,6,7,8,10,11,22,22,22,26669,0,4,4.706250793114625,1.796900003682822,208.48889999615494,83.99617533465822
1790085252,200,,Aggregated,195.700000,0.000000,5,6,6,7,8,10,12,13,31,33,33,61838,0,5,5.6556142307574895,1.796900003682822,208.48889999615494,24041.87334648598
1790085253,200,GET,[GET] /actuator/health,28.000000,0.000000,4,5,6,7,8,9,11,11,13,13,13,8806,0,4,5.279069077916201,2.1715000038966537,145.4812000010861,49.0
1790085253,200,GET,[GET] /api/soporte/election/status,27.800000,0.000000,4,5,5,6,8,9,10,11,17,17,17,8897,0,4,4.876246982149031,1.8525000050431117,164.31780000857543,78.0
1790085253,200,GET,[GET] /api/soporte/tickets,55.000000,0.000000,6,7,8,9,10,12,16,19,33,33,33,17586,0,7,7.691866245856413,3.7146000104257837,204.25330000580288,84651.0
1790085253,200,GET,[GET] /health,84.400000,0.000000,4,5,5,6,7,9,10,13,21,21,21,26759,0,4,4.70908233123891,1.796900003682822,208.48889999615494,83.99618819836317
1790085253,200,,Aggregated,195.200000,0.000000,5,6,7,7,9,10,12,15,31,33,33,62048,0,5,5.659343501830242,1.796900003682822,208.48889999615494,24046.634863331616
1790085254,200,GET,[GET] /actuator/health,28.300000,0.000000,4,5,6,6,8,9,11,13,21,21,21,8836,0,4,5.278963286568523,2.1715000038966537,145.4812000010861,49.0
1790085254,200,GET,[GET] /api/soporte/election/status,28.200000,0.000000,4,5,5,6,8,9,11,17,22,22,22,8924,0,4,4.8779076199260665,1.8525000050431117,164.31780000857543,78.0
1790085254,200,GET,[GET] /api/soporte/tickets,53.800000,0.000000,7,8,8,9,11,14,20,24,33,33,33,17642,0,7,7.696794921189646,3.7146000104257837,204.25330000580288,84651.0
1790085254,200,GET,[GET] /health,85.200000,0.000000,4,5,5,6,7,9,12,15,21,21,21,26843,0,4,4.710583418454693,1.796900003682822,208.48889999615494,83.99620012666244
1790085254,200,,Aggregated,195.500000,0.000000,5,6,7,7,9,11,14,17,31,33,33,62245,0,5,5.661634089509948,1.796900003682822,208.48889999615494,24046.858189412804
1790085255,200,GET,[GET] /actuator/health,28.300000,0.000000,5,5,6,7,8,9,11,13,21,21,21,8864,0,4,5.278050801007668,2.1715000038966537,145.4812000010861,49.0
1790085255,200,GET,[GET] /api/soporte/election/status,28.400000,0.000000,4,5,5,6,8,9,11,17,22,22,22,8950,0,4,4.876898435770739,1.8525000050431117,164.31780000857543,78.0
1790085255,200,GET,[GET] /api/soporte/tickets,54.200000,0.000000,7,8,8,9,11,14,21,24,33,33,33,17694,0,7,7.695454244354649,3.7146000104257837,204.25330000580288,84651.0
1790085255,200,GET,[GET] /health,86.300000,0.000000,4,5,5,6,7,9,12,14,21,21,21,26935,0,4,4.709643155801609,1.796900003682822,208.48889999615494,83.99621310562465
1790085255,200,,Aggregated,197.200000,0.000000,5,6,7,7,9,11,14,17,31,33,33,62443,0,5,5.660370083138344,1.796900003682822,208.48889999615494,24041.280335666128
1790085256,200,GET,[GET] /actuator/health,28.300000,0.000000,4,6,6,7,8,9,11,13,35,35,35,8898,0,4,5.2809260732880094,2.1715000038966537,145.4812000010861,49.0
1790085256,200,GET,[GET] /api/soporte/election/status,28.900000,0.000000,4,5,5,6,7,9,11,17,22,22,22,8971,0,4,4.8774054509187845,1.8525000050431117,164.31780000857543,78.0
1790085256,200,GET,[GET] /api/soporte/tickets,54.300000,0.000000,7,8,8,9,11,13,23,25,36,36,36,17759,0,7,7.698501283832603,3.7146000104257837,204.25330000580288,84651.0
1790085256,200,GET,[GET] /health,85.400000,0.000000,4,5,5,6,7,9,12,14,21,21,21,27010,0,4,4.709460803464847,1.796900003682822,208.48889999615494,83.99622362088115
1790085256,200,,Aggregated,196.900000,0.000000,5,6,7,7,9,11,14,20,35,36,36,62638,0,5,5.662139677216351,1.796900003682822,208.48889999615494,24054.4332034867
1790085257,200,GET,[GET] /actuator/health,28.700000,0.000000,4,6,6,7,8,9,11,13,35,35,35,8929,0,4,5.278810852285783,2.1715000038966537,145.4812000010861,49.0
1790085257,200,GET,[GET] /api/soporte/election/status,27.900000,0.000000,4,5,5,6,7,9,11,17,22,22,22,8999,0,4,4.875471952468983,1.8525000050431117,164.31780000857543,78.0
1790085257,200,GET,[GET] /api/soporte/tickets,55.300000,0.000000,7,8,8,9,11,14,23,25,36,36,36,17814,0,7,7.695251796315186,3.7146000104257837,204.25330000580288,84651.0
1790085257,200,GET,[GET] /health,85.600000,0.000000,4,5,5,6,7,9,12,14,21,21,21,27094,0,4,4.707562637546363,1.796900003682822,208.48889999615494,83.9962353288551
1790085257,200,,Aggregated,197.500000,0.000000,5,6,7,7,9,11,14,20,35,36,36,62836,0,5,5.65979361833293,1.796900003682822,208.48889999615494,24052.902014768602
1790085258,200,GET,[GET] /actuator/health,29.000000,0.000000,5,6,6,7,8,9,11,13,35,35,35,8955,0,4,5.278619061984535,2.1715000038966537,145.4812000010861,49.0
1790085258,200,GET,[GET] /api/soporte/election/status,28.300000,0.000000,4,5,6,6,8,9,11,17,22,22,22,9030,0,4,4.874379224840287,1.8525000050431117,164.31780000857543,78.0
1790085258,200,GET,[GET] /api/soporte/tickets,53.700000,0.000000,7,8,8,9,11,13,23,25,36,36,36,17864,0,7,7.692805250760717,3.7146000104257837,204.25330000580288,84651.0
1790085258,200,GET,[GET] /health,86.500000,0.000000,4,5,5,6,7,9,12,14,21,21,21,27190,0,4,4.706669286566585,1.796900003682822,208.48889999615494,83.99624862081647
1790085258,200,,Aggregated,197.500000,0.000000,5,6,7,7,9,11,14,20,35,36,36,63039,0,5,5.658152715013154,1.796900003682822,208.48889999615494,24042.774425355732
1790085259,200,GET,[GET] /actuator/health,30.500000,0.000000,5,6,6,7,8,9,11,13,35,35,35,8984,0,4,5.279036999119031,2.1715000038966537,145.4812000010861,49.0
1790085259,200,GET,[GET] /api/soporte/election/status,27.600000,0.000000,4,5,6,6,8,9,11,17,22,22,22,9061,0,4,4.873068524483867,1.8525000050431117,164.31780000857543,78.0
1790085259,200,GET,[GET] /api/soporte/tickets,54.200000,0.000000,7,8,8,9,11,13,24,31,36,36,36,17914,0,7,7.6920126437216005,3.7146000104257837,204.25330000580288,84651.0
1790085259,200,GET,[GET] /health,86.600000,0.000000,4,5,5,6,7,9,12,14,21,21,21,27275,0,4,4.706087890070437,1.796900003682822,208.48889999615494,83.9962603116407
1790085259,200,,Aggregated,198.900000,0.000000,5,6,7,7,9,10,14,20,35,36,36,63234,0,5,5.65732049216772,1.796900003682822,208.48889999615494,24035.740044912545
1790085260,200,GET,[GET] /actuator/health,30.200000,0.000000,4,5,6,7,8,9,11,13,35,35,35,9015,0,4,5.2756479090517825,2.1715000038966537,145.4812000010861,49.0
1790085260,200,GET,[GET] /api/soporte/election/status,28.800000,0.000000,4,5,5,6,8,9,11,17,22,22,22,9080,0,4,4.870380066115448,1.8525000050431117,164.31780000857543,78.0
1790085260,200,GET,[GET] /api/soporte/tickets,53.900000,0.000000,7,7,8,9,11,14,24,31,36,36,36,17968,0,7,7.688656155361632,3.7146000104257837,204.25330000580288,84651.0
1790085260,200,GET,[GET] /health,87.200000,0.000000,4,5,5,6,7,9,12,14,21,21,21,27360,0,4,4.703841926233008,1.796900003682822,208.48889999615494,83.99627192982456
1790085260,200,,Aggregated,200.100000,0.000000,5,6,7,7,9,10,15,21,35,36,36,63423,0,5,5.654571776827066,1.796900003682822,208.48889999615494,24036.347712974788
1790085261,200,GET,[GET] /actuator/health,29.400000,0.000000,4,5,6,7,8,9,11,13,35,35,35,9043,0,4,5.273087128175543,2.1715000038966537,145.4812000010861,49.0
1790085261,200,GET,[GET] /api/soporte/election/status,28.800000,0.000000,4,5,6,7,8,9,12,17,22,22,22,9109,0,4,4.870592040880681,1.8525000050431117,164.31780000857543,78.0
1790085261,200,GET,[GET] /api/soporte/tickets,53.200000,0.000000,7,8,8,9,11,13,21,25,36,36,36,18031,0,7,7.687068875802134,3.7146000104257837,204.25330000580288,84651.0
1790085261,200,GET,[GET] /health,86.700000,0.000000,4,5,5,6,7,9,12,15,21,21,21,27442,0,4,4.704535941318737,1.796900003682822,208.48889999615494,83.99628306974711
1790085261,200,,Aggregated,198.100000,0.000000,5,6,7,7,9,11,15,20,35,36,36,63625,0,5,5.6543522829348625,1.796900003682822,208.48889999615494,24044.020683693518
1790085262,200,GET,[GET] /actuator/health,29.600000,0.000000,4,5,6,6,8,8,10,13,35,35,35,9078,0,4,5.270478938107266,2.1715000038966537,145.4812000010861,49.0
1790085262,200,GET,[GET] /api/soporte/election/status,28.100000,0.000000,4,5,5,6,7,8,10,14,22,22,22,9146,0,4,4.867274721227338,1.8525000050431117,164.31780000857543,78.0
1790085262,200,GET,[GET] /api/soporte/tickets,54.300000,0.000000,7,7,8,9,10,12,21,24,36,36,36,18089,0,7,7.684649875592765,3.7146000104257837,204.25330000580288,84651.0
1790085262,200,GET,[GET] /health,86.700000,0.000000,4,5,5,6,7,8,11,12,21,21,21,27517,0,4,4.70175497335061,1.796900003682822,208.48889999615494,83.99618417705419
1790085262,200,,Aggregated,198.700000,0.000000,5,6,7,7,8,10,12,16,35,36,36,63830,0,5,5.651689262130178,1.796900003682822,208.48889999615494,24043.889581701394
1790085263,200,GET,[GET] /actuator/health,29.600000,0.000000,4,5,6,7,8,9,10,11,35,35,35,9104,0,4,5.273467948165285,2.1715000038966537,145.4812000010861,49.0
1790085263,200,GET,[GET] /api/soporte/election/status,27.400000,0.000000,4,5,6,6,7,8,9,10,16,16,16,9173,0,4,4.868578305936264,1.8525000050431117,164.31780000857543,78.0
1790085263,200,GET,[GET] /api/soporte/tickets,54.400000,0.000000,7,7,8,9,10,12,13,16,36,36,36,18144,0,7,7.685288321185932,3.7146000104257837,204.25330000580288,84651.0
1790085263,200,GET,[GET] /health,87.000000,0.000000,4,5,5,6,7,8,9,11,17,17,17,27610,0,4,4.702401832728633,1.796900003682822,208.48889999615494,83.99619703006157
1790085263,200,,Aggregated,198.400000,0.000000,5,6,7,7,8,10,11,13,35,36,36,64031,0,5,5.652641796968425,1.796900003682822,208.48889999615494,24041.299823522982
1790085264,200,GET,[GET] /actuator/health,29.900000,0.000000,4,6,6,7,8,9,10,11,35,35,35,9133,0,4,5.274714595433389,2.1715000038966537,145.4812000010861,49.0
1790085264,200,GET,[GET] /api/soporte/election/status,27.100000,0.000000,4,5,6,6,7,8,10,10,16,16,16,9202,0,4,4.868531960481535,1.8525000050431117,164.31780000857543,78.0
1790085264,200,GET,[GET] /api/soporte/tickets,55.700000,0.000000,7,8,8,9,10,12,13,16,36,36,36,18195,0,7,7.685646584202011,3.7146000104257837,204.25330000580288,84651.0
1790085264,200,GET,[GET] /health,85.000000,0.000000,4,5,6,6,7,8,10,11,17,17,17,27702,0,4,4.70448714900174,1.796900003682822,208.48889999615494,83.99620965995236
1790085264,200,,Aggregated,197.700000,0.000000,5,6,7,7,8,10,12,13,35,36,36,64232,0,5,5.653540946905686,1.796900003682822,208.48889999615494,24033.458104994395
1790085265,200,GET,[GET] /actuator/health,30.400000,0.000000,4,5,6,7,8,9,10,11,11,11,11,9162,0,4,5.274051146048637,2.1715000038966537,145.4812000010861,49.0
1790085265,200,GET,[GET] /api/soporte/election/status,27.500000,0.000000,4,5,6,6,7,8,10,10,16,16,16,9222,0,4,4.8694521362355365,1.8525000050431117,164.31780000857543,78.0
1790085265,200,GET,[GET] /api/soporte/tickets,56.200000,0.000000,7,8,8,9,10,12,14,14,33,33,33,18254,0,7,7.68519471894028,3.7146000104257837,204.25330000580288,84651.0
1790085265,200,GET,[GET] /health,83.900000,0.000000,4,5,6,6,7,8,10,11,17,17,17,27789,0,4,4.703490492701553,1.796900003682822,208.48889999615494,83.99622152650329
1790085265,200,,Aggregated,198.000000,0.000000,5,6,7,7,9,10,12,13,21,33,33,64427,0,5,5.653185557323499,1.796900003682822,208.48889999615494,24038.396619429743
1790085266,200,GET,[GET] /actuator/health,29.300000,0.000000,4,5,6,7,8,9,11,11,13,13,13,9190,0,4,5.273706126234875,2.1715000038966537,145.4812000010861,49.0
1790085266,200,GET,[GET] /api/soporte/election/status,27.400000,0.000000,4,5,6,6,7,8,10,11,16,16,16,9245,0,4,4.8693987777571985,1.8525000050431117,164.31780000857543,78.0
1790085266,200,GET,[GET] /api/soporte/tickets,55.300000,0.000000,7,8,8,9,10,12,14,14,33,33,33,18311,0,7,7.683161990034812,3.7146000104257837,204.25330000580288,84651.0
1790085266,200,GET,[GET] /health,85.300000,0.000000,4,5,6,6,7,8,10,11,17,17,17,27872,0,4,4.7031201780188905,1.796900003682822,208.48889999615494,83.99623277841562
1790085266,200,,Aggregated,197.300000,0.000000,5,6,7,7,9,10,12,13,21,33,33,64618,0,5,5.652522451975204,1.796900003682822,208.48889999615494,24042.171283543285
1790085267,200,GET,[GET] /actuator/health,29.200000,0.000000,4,5,6,6,8,9,11,11,13,13,13,9214,0,4,5.270738354684082,2.1715000038966537,145.4812000010861,49.0
1790085267,200,GET,[GET] /api/soporte/election/status,27.900000,0.000000,4,5,6,6,7,8,10,11,16,16,16,9269,0,4,4.866601219160058,1.8525000050431117,164.31780000857543,78.0
1790085267,200,GET,[GET] /api/soporte/tickets,55.300000,0.000000,7,8,8,9,11,12,14,14,33,33,33,18368,0,7,7.681849624321597,3.7146000104257837,204.25330000580288,84651.0
1790085267,200,GET,[GET] /health,85.100000,0.000000,4,5,5,6,7,8,9,11,17,17,17,27959,0,4,4.700027468854639,1.796900003682822,208.48889999615494,83.99624450087629
1790085267,200,,Aggregated,197.500000,0.000000,5,6,7,7,8,10,12,13,21,33,33,64810,0,5,5.650075479118958,1.796900003682822,208.48889999615494,24045.556040734453
1790085268,200,GET,[GET] /actuator/health,29.500000,0.000000,4,5,6,7,8,9,10,11,13,13,13,9235,0,4,5.272709442343301,2.1715000038966537,145.4812000010861,49.0
1790085268,200,GET,[GET] /api/soporte/election/status,27.500000,0.000000,4,5,6,6,7,8,10,11,16,16,16,9294,0,4,4.866613309702613,1.8525000050431117,164.31780000857543,78.0
1790085268,200,GET,[GET] /api/soporte/tickets,55.300000,0.000000,7,8,8,9,11,13,14,15,33,33,33,18433,0,7,7.682127038438658,3.7146000104257837,204.25330000580288,84651.0
1790085268,200,GET,[GET] /health,84.900000,0.000000,4,5,6,6,7,8,10,11,17,17,17,28053,0,4,4.70112690627365,1.796900003682822,208.48889999615494,83.99625708480376
1790085268,200,,Aggregated,197.200000,0.000000,5,6,7,7,9,10,12,14,21,33,33,65015,0,5,5.651144145222656,1.796900003682822,208.48889999615494,24054.53629162501
1790085269,200,GET,[GET] /actuator/health,27.700000,0.000000,4,5,6,7,9,10,11,13,38,38,38,9263,0,4,5.277734610819229,2.1715000038966537,145.4812000010861,49.0
1790085269,200,GET,[GET] /api/soporte/election/status,26.900000,0.000000,4,5,6,6,7,9,10,12,16,16,16,9323,0,4,4.867581379424354,1.8525000050431117,164.31780000857543,78.0
1790085269,200,GET,[GET] /api/soporte/tickets,55.400000,0.000000,7,8,9,9,11,13,14,16,47,47,47,18488,0,7,7.6882434119151295,3.7146000104257837,204.25330000580288,84651.0
1790085269,200,GET,[GET] /health,85.000000,0.000000,4,5,6,6,8,9,11,13,44,44,44,28136,0,4,4.707148109244572,1.796900003682822,208.48889999615494,83.99626812624396
1790085269,200,,Aggregated,195.000000,0.000000,5,6,7,7,9,11,13,14,44,47,47,65210,0,5,5.656320814316577,1.796900003682822,208.48889999615494,24054.164821346418
1790085270,200,GET,[GET] /actuator/health,28.100000,0.000000,4,6,6,7,9,10,11,13,38,38,38,9289,0,4,5.274634793839305,2.1715000038966537,145.4812000010861,49.0
1790085270,200,GET,[GET] /api/soporte/election/status,26.700000,0.000000,4,5,6,6,7,9,11,12,16,16,16,9347,0,4,4.866345661750959,1.8525000050431117,164.31780000857543,78.0
1790085270,200,GET,[GET] /api/soporte/tickets,56.400000,0.000000,7,8,9,9,12,13,15,16,47,47,47,18534,0,7,7.68634151826242,3.7146000104257837,204.25330000580288,84651.0
1790085270,200,GET,[GET] /health,84.700000,0.000000,4,5,6,6,7,9,10,12,44,44,44,28224,0,4,4.704946882148697,1.796900003682822,208.48889999615494,83.99627976190476
1790085270,200,,Aggregated,195.900000,0.000000,5,6,7,7,9,11,13,15,44,47,47,65394,0,5,5.653926812881916,1.796900003682822,208.48889999615494,24046.190353855094
1790085271,200,GET,[GET] /actuator/health,27.500000,0.000000,5,6,6,7,9,10,11,13,38,38,38,9320,0,4,5.273900987123438,2.1715000038966537,145.4812000010861,49.0
1790085271,200,GET,[GET] /api/soporte/election/status,26.200000,0.000000,4,5,6,6,7,9,11,12,16,16,16,9375,0,4,4.86541998937726,1.8525000050431117,164.31780000857543,78.0
1790085271,200,GET,[GET] /api/soporte/tickets,56.300000,0.000000,7,8,9,9,11,13,15,16,47,47,47,18606,0,7,7.683882811964339,3.7146000104257837,204.25330000580288,84651.0
1790085271,200,GET,[GET] /health,84.800000,0.000000,4,5,6,6,8,9,11,11,44,44,44,28304,0,4,4.704350180245769,1.796900003682822,208.48889999615494,83.99629027699265
1790085271,200,,Aggregated,194.800000,0.000000,5,6,7,7,9,11,13,15,44,47,47,65605,0,5,5.653293509663699,1.796900003682822,208.48889999615494,24061.91398521454
1790085272,200,GET,[GET] /actuator/health,27.400000,0.000000,4,5,6,7,8,10,11,13,38,38,38,9349,0,4,5.272153449565291,2.1715000038966537,145.4812000010861,49.0
1790085272,200,GET,[GET] /api/soporte/election/status,26.800000,0.000000,4,5,6,6,8,9,11,11,13,13,13,9406,0,4,4.866123144844475,1.8525000050431117,164.31780000857543,78.0
1790085272,200,GET,[GET] /api/soporte/tickets,55.400000,0.000000,7,8,8,9,11,13,15,16,47,47,47,18655,0,7,7.680968753651067,3.7146000104257837,204.25330000580288,84651.0
1790085272,200,GET,[GET] /health,85.400000,0.000000,4,5,6,6,7,9,10,11,44,44,44,28383,0,4,4.70252285881035,1.796900003682822,208.48889999615494,83.99630060247331
1790085272,200,,Aggregated,195.000000,0.000000,5,6,7,7,9,11,13,14,44,47,47,65793,0,5,5.651365575385951,1.796900003682822,208.48889999615494,24056.36224218382
1790085273,200,GET,[GET] /actuator/health,26.900000,0.000000,5,6,7,7,9,10,14,16,38,38,38,9374,0,4,5.280163516102525,2.1715000038966537,145.4812000010861,49.0
1790085273,200,GET,[GET] /api/soporte/election/status,27.000000,0.000000,4,5,6,6,7,9,11,11,17,17,17,9431,0,4,4.868683140746277,1.8525000050431117,164.31780000857543,78.0
1790085273,200,GET,[GET] /api/soporte/tickets,56.500000,0.000000,7,8,9,9,12,14,17,18,47,47,47,18712,0,7,7.68594941745209,3.7146000104257837,204.25330000580288,84651.0
1790085273,200,GET,[GET] /health,86.300000,0.000000,4,5,6,6,7,9,11,12,44,44,44,28479,0,4,4.7037367604771765,1.796900003682822,208.48889999615494,83.99631307279047
1790085273,200,,Aggregated,196.700000,0.000000,5,6,7,7,9,11,14,17,44,47,47,65996,0,5,5.654736774976002,1.796900003682822,208.48889999615494,24055.648630220014
1790085274,200,GET,[GET] /actuator/health,26.900000,0.000000,5,6,7,7,9,10,14,16,38,38,38,9406,0,4,5.2799043482807,2.1715000038966537,145.4812000010861,49.0
1790085274,200,GET,[GET] /api/soporte/election/status,26.500000,0.000000,4,5,6,6,7,9,11,11,17,17,17,9464,0,4,4.86778249158664,1.8525000050431117,164.31780000857543,78.0
1790085274,200,GET,[GET] /api/soporte/tickets,56.800000,0.000000,7,8,9,9,12,14,17,19,47,47,47,18765,0,7,7.6884789448085975,3.7146000104257837,204.25330000580288,84651.0
1790085274,200,GET,[GET] /health,86.800000,0.000000,4,5,5,6,7,9,11,12,44,44,44,28568,0,4,4.7032621885217765,1.796900003682822,208.48889999615494,83.99632455894708
1790085274,200,,Aggregated,197.000000,0.000000,5,6,7,7,9,11,14,17,44,47,47,66203,0,5,5.65485816958941,1.796900003682822,208.48889999615494,24048.37708260955
1790085275,200,GET,[GET] /actuator/health,26.900000,0.000000,4,6,7,7,9,10,15,16,38,38,38,9441,0,4,5.28072960490608,2.1715000038966537,145.4812000010861,49.0
1790085275,200,GET,[GET] /api/soporte/election/status,25.700000,0.000000,4,5,6,6,7,9,11,11,17,17,17,9495,0,4,4.867437683027657,1.8525000050431117,164.31780000857543,78.0
1790085275,200,GET,[GET] /api/soporte/tickets,56.200000,0.000000,7,8,9,9,12,14,17,19,47,47,47,18806,0,7,7.688238939661167,3.7146000104257837,204.25330000580288,84651.0
1790085275,200,GET,[GET] /health,86.400000,0.000000,4,5,6,6,7,9,11,13,44,44,44,28650,0,4,4.703863961663768,1.796900003682822,208.48889999615494,83.99633507853403
1790085275,200,,Aggregated,195.200000,0.000000,5,6,7,7,9,11,14,17,44,47,47,66392,0,5,5.654633284148704,1.796900003682822,208.48889999615494,24032.35962164116
1790085276,200,GET,[GET] /actuator/health,26.500000,0.000000,5,6,7,7,9,10,15,16,38,38,38,9473,0,4,5.280730750541867,2.1715000038966537,145.4812000010861,49.0
1790085276,200,GET,[GET] /api/soporte/election/status,26.300000,0.000000,4,5,6,6,7,9,11,11,17,17,17,9531,0,4,4.8648956458203205,1.8525000050431117,164.31780000857543,78.0
1790085276,200,GET,[GET] /api/soporte/tickets,56.600000,0.000000,7,8,9,9,11,14,16,19,47,47,47,18859,0,7,7.686950702543688,3.7146000104257837,204.25330000580288,84651.0
1790085276,200,GET,[GET] /health,87.000000,0.000000,4,5,6,6,8,9,11,13,44,44,44,28735,0,4,4.703653043383173,1.796900003682822,208.48889999615494,83.99634591961023
1790085276,200,,Aggregated,196.400000,0.000000,5,6,7,7,9,11,14,17,44,47,47,66598,0,5,5.653613566489736,1.796900003682822,208.48889999615494,24025.562914802245
1790085277,200,GET,[GET] /actuator/health,27.700000,0.000000,5,6,7,7,9,10,15,16,38,38,38,9502,0,4,5.280748989680141,2.1715000038966537,145.4812000010861,49.0
1790085277,200,GET,[GET] /api/soporte/election/status,26.800000,0.000000,4,5,6,6,7,9,11,11,17,17,17,9563,0,4,4.862179713514155,1.8525000050431117,164.31780000857543,78.0
1790085277,200,GET,[GET] /api/soporte/tickets,55.300000,0.000000,7,8,9,9,11,14,17,21,47,47,47,18899,0,7,7.684972548772701,3.7146000104257837,204.25330000580288,84651.0
1790085277,200,GET,[GET] /health,85.700000,0.000000,4,5,6,6,7,9,10,13,44,44,44,28824,0,4,4.702512461892175,1.796900003682822,208.48889999615494,83.9963572023314
1790085277,200,,Aggregated,195.500000,0.000000,5,6,7,7,9,11,14,17,44,47,47,66788,0,5,5.651587364513264,1.796900003682822,208.48889999615494,24008.08336826975
1790085278,200,GET,[GET] /actuator/health,28.300000,0.000000,4,6,7,7,9,10,15,16,38,38,38,9527,0,4,5.279974010694493,2.1715000038966537,145.4812000010861,49.0
1790085278,200,GET,[GET] /api/soporte/election/status,27.800000,0.000000,4,5,5,6,7,9,11,11,17,17,17,9588,0,4,4.862260888638736,1.8525000050431117,164.31780000857543,78.0
1790085278,200,GET,[GET] /api/soporte/tickets,54.800000,0.000000,7,8,9,9,11,14,18,24,47,47,47,18960,0,7,7.684810564303164,3.7146000104257837,204.25330000580288,84651.0
1790085278,200,GET,[GET] /health,86.300000,0.000000,4,5,6,6,7,9,10,12,44,44,44,28917,0,4,4.701871445918246,1.796900003682822,208.48889999615494,83.99636891793755
1790085278,200,,Aggregated,197.200000,0.000000,5,6,7,7,9,10,14,17,44,47,47,66992,0,5,5.6512672364007726,1.796900003682822,208.48889999615494,24012.218921662286
1790085279,200,GET,[GET] /actuator/health,29.400000,0.000000,5,6,7,7,9,10,15,16,24,24,24,9549,0,4,5.280271117380441,2.1715000038966537,145.4812000010861,49.0
1790085279,200,GET,[GET] /api/soporte/election/status,29.100000,0.000000,4,5,5,6,7,8,10,11,17,17,17,9611,0,4,4.860686598722077,1.8525000050431117,164.31780000857543,78.0
1790085279,200,GET,[GET] /api/soporte/tickets,53.000000,0.000000,7,8,9,9,11,13,16,21,35,35,35,19019,0,7,7.6843486775963905,3.7146000104257837,204.25330000580288,84651.0
1790085279,200,GET,[GET] /health,85.600000,0.000000,4,5,6,6,7,8,10,11,21,21,21,29018,0,4,4.7026341753945315,1.796900003682822,208.48889999615494,83.99638155627541
1790085279,200,,Aggregated,197.100000,0.000000,5,6,7,7,9,10,13,16,33,35,35,67197,0,5,5.651249814738574,1.796900003682822,208.48889999615494,24013.45796687352
1790085280,200,GET,[GET] /actuator/health,28.600000,0.000000,5,6,7,7,9,10,15,16,24,24,24,9576,0,4,5.279910286112366,2.1715000038966537,145.4812000010861,49.0
1790085280,200,GET,[GET] /api/soporte/election/status,29.200000,0.000000,4,5,5,6,7,8,10,11,17,17,17,9641,0,4,4.860610382773617,1.8525000050431117,164.31780000857543,78.0
1790085280,200,GET,[GET] /api/soporte/tickets,51.200000,0.000000,7,8,9,9,11,13,17,24,35,35,35,19070,0,7,7.682298300958584,3.7146000104257837,204.25330000580288,84651.0
1790085280,200,GET,[GET] /health,87.600000,0.000000,4,5,6,6,7,8,10,11,21,21,21,29120,0,4,4.703009072851513,1.796900003682822,208.48889999615494,83.99639423076923
1790085280,200,,Aggregated,196.600000,0.000000,5,6,7,7,9,10,13,16,33,35,35,67407,0,5,5.650371896106468,1.796900003682822,208.48889999615494,24002.874582758468
1790085281,200,GET,[GET] /actuator/health,28.800000,0.000000,5,6,7,7,9,10,15,16,24,24,24,9603,0,4,5.278397833995663,2.1715000038966537,145.4812000010861,49.0
1790085281,200,GET,[GET] /api/soporte/election/status,28.500000,0.000000,4,5,5,6,7,8,9,10,17,17,17,9677,0,4,4.8599634391138,1.8525000050431117,164.31780000857543,78.0
1790085281,200,GET,[GET] /api/soporte/tickets,53.900000,0.000000,7,8,9,9,11,12,16,21,35,35,35,19142,0,7,7.679326324272675,3.7146000104257837,204.25330000580288,84651.0
1790085281,200,GET,[GET] /health,87.700000,0.000000,4,5,6,6,8,9,10,12,21,21,21,29190,0,4,4.7023780781577456,1.796900003682822,208.48889999615494,83.99640287769785
1790085281,200,,Aggregated,198.900000,0.000000,5,6,7,7,9,10,13,16,33,35,35,67612,0,5,5.649565183707281,1.796900003682822,208.48889999615494,24020.390611134117
1790085282,200,GET,[GET] /actuator/health,29.000000,0.000000,4,6,7,7,9,10,14,40,42,42,42,9634,0,4,5.289291104407652,2.1715000038966537,145.4812000010861,49.0
1790085282,200,GET,[GET] /api/soporte/election/status,29.100000,0.000000,4,5,5,6,7,8,10,13,14,14,14,9709,0,4,4.862400484114512,1.8525000050431117,164.31780000857543,78.0
1790085282,200,GET,[GET] /api/soporte/tickets,53.400000,0.000000,7,8,8,9,11,12,15,16,45,45,45,19201,0,7,7.680814124226251,3.7146000104257837,204.25330000580288,84651.0
1790085282,200,GET,[GET] /health,88.600000,0.000000,4,5,6,6,8,9,11,13,41,41,41,29270,0,4,4.704437796428871,1.796900003682822,208.48889999615494,83.99641270925862
1790085282,200,,Aggregated,200.100000,0.000000,5,6,7,7,9,10,13,15,42,45,45,67814,0,5,5.652878212476368,1.796900003682822,208.48889999615494,24022.647152505382
1790085283,200,GET,[GET] /actuator/health,28.200000,0.000000,4,6,7,7,9,10,14,40,42,42,42,9658,0,4,5.289827500510291,2.1715000038966537,145.4812000010861,49.0
1790085283,200,GET,[GET] /api/soporte/election/status,29.200000,0.000000,4,5,6,6,7,9,10,13,14,14,14,9738,0,4,4.864705617196101,1.8525000050431117,164.31780000857543,78.0
1790085283,200,GET,[GET] /api/soporte/tickets,53.200000,0.000000,7,8,9,9,11,12,15,16,45,45,45,19258,0,7,7.683309190948446,3.7146000104257837,204.25330000580288,84651.0
1790085283,200,GET,[GET] /health,87.700000,0.000000,4,5,6,6,8,9,11,13,41,41,41,29352,0,4,4.704718394024771,1.796900003682822,208.48889999615494,83.99642273098937
1790085283,200,,Aggregated,198.300000,0.000000,5,6,7,7,9,11,13,15,42,45,45,68006,0,5,5.654202864466139,1.796900003682822,208.48889999615494,24025.92752110108
1790085284,200,GET,[GET] /actuator/health,27.800000,0.000000,4,6,6,7,8,10,13,40,42,42,42,9686,0,4,5.287048936600108,2.1715000038966537,145.4812000010861,49.0
1790085284,200,GET,[GET] /api/soporte/election/status,29.900000,0.000000,4,5,6,6,8,9,10,13,14,14,14,9764,0,4,4.8639669295581776,1.8525000050431117,164.31780000857543,78.0
1790085284,200,GET,[GET] /api/soporte/tickets,54.000000,0.000000,7,8,8,9,11,12,15,16,45,45,45,19325,0,7,7.6825074100566315,3.7146000104257837,204.25330000580288,84651.0
1790085284,200,GET,[GET] /health,87.700000,0.000000,4,5,6,6,8,9,11,13,41,41,41,29433,0,4,4.703724907461797,1.796900003682822,208.48889999615494,83.99643257568036
1790085284,200,,Aggregated,199.400000,0.000000,5,6,7,7,9,11,13,14,42,45,45,68208,0,5,5.653461764027418,1.796900003682822,208.48889999615494,24038.075416373445
1790085285,200,GET,[GET] /actuator/health,27.600000,0.000000,4,5,6,7,8,10,14,40,42,42,42,9709,0,4,5.286360098867117,2.1715000038966537,145.4812000010861,49.0
1790085285,200,GET,[GET] /api/soporte/election/status,30.300000,0.000000,4,5,6,6,8,9,12,13,14,14,14,9786,0,4,4.86426166975826,1.8525000050431117,164.31780000857543,78.0
1790085285,200,GET,[GET] /api/soporte/tickets,54.000000,0.000000,7,8,8,9,11,12,14,16,45,45,45,19386,0,7,7.681943196087371,3.7146000104257837,204.25330000580288,84651.0
1790085285,200,GET,[GET] /health,87.300000,0.000000,4,5,6,6,8,9,11,13,41,41,41,29515,0,4,4.705321578902041,1.796900003682822,208.48889999615494,83.99644248687109
1790085285,200,,Aggregated,199.200000,0.000000,5,6,7,7,9,11,13,14,42,45,45,68396,0,5,5.654229079197594,1.796900003682822,208.48889999615494,24047.64152874437
1790085286,200,GET,[GET] /actuator/health,28.300000,0.000000,4,6,7,7,8,10,14,40,42,42,42,9736,0,4,5.288848531215163,2.1715000038966537,145.4812000010861,49.0
1790085286,200,GET,[GET] /api/soporte/election/status,30.100000,0.000000,4,5,6,7,8,9,12,13,14,14,14,9814,0,4,4.865038638701176,1.8525000050431117,164.31780000857543,78.0
1790085286,200,GET,[GET] /api/soporte/tickets,54.900000,0.000000,7,8,8,9,11,12,14,17,45,45,45,19455,0,7,7.682384101741907,3.7146000104257837,204.25330000580288,84651.0
1790085286,200,GET,[GET] /health,85.600000,0.000000,4,5,6,6,8,9,11,13,41,41,41,29596,0,4,4.706031433344199,1.796900003682822,208.48889999615494,83.99645222327341
1790085286,200,,Aggregated,198.900000,0.000000,5,6,7,8,9,11,13,14,42,45,45,68601,0,5,5.655576558661942,1.796900003682822,208.48889999615494,24061.073745280682
1790085287,200,GET,[GET] /actuator/health,27.000000,0.000000,5,6,7,7,9,11,14,40,42,42,42,9761,0,4,5.293825069143118,2.1715000038966537,145.4812000010861,49.0
1790085287,200,GET,[GET] /api/soporte/election/status,29.500000,0.000000,4,5,6,7,8,9,12,14,14,14,14,9841,0,4,4.866966802175714,1.8525000050431117,164.31780000857543,78.0
1790085287,200,GET,[GET] /api/soporte/tickets,57.100000,0.000000,7,8,8,9,11,12,15,17,45,45,45,19511,0,7,7.681747393746418,3.7146000104257837,204.25330000580288,84651.0
1790085287,200,GET,[GET] /health,86.100000,0.000000,4,5,6,6,8,9,12,14,41,41,41,29690,0,4,4.706637423416253,1.796900003682822,208.48889999615494,83.99646345570899
1790085287,200,,Aggregated,199.700000,0.000000,5,6,7,8,9,11,13,15,42,45,45,68803,0,5,5.656548192676658,1.796900003682822,208.48889999615494,24059.49454238914
1790085288,200,GET,[GET] /actuator/health,26.000000,0.000000,5,6,7,7,9,11,14,40,42,42,42,9785,0,4,5.293952590694252,2.1715000038966537,145.4812000010861,49.0
1790085288,200,GET,[GET] /api/soporte/election/status,28.500000,0.000000,4,5,6,7,9,10,12,14,14,14,14,9870,0,4,4.868066393134063,1.8525000050431117,164.31780000857543,78.0
1790085288,200,GET,[GET] /api/soporte/tickets,58.600000,0.000000,7,8,9,9,11,12,15,17,45,45,45,19567,0,7,7.683211166734004,3.7146000104257837,204.25330000580288,84651.0
1790085288,200,GET,[GET] /health,85.900000,0.000000,4,5,6,6,8,9,13,14,41,41,41,29777,0,4,4.707499103374994,1.796900003682822,208.48889999615494,83.99647378849447
1790085288,200,,Aggregated,199.000000,0.000000,5,6,7,8,9,11,13,15,42,45,45,68999,0,5,5.657498443468136,1.796900003682822,208.48889999615494,24060.009637820836
1790085289,200,GET,[GET] /actuator/health,25.300000,0.000000,5,6,7,7,9,11,14,40,42,42,42,9810,0,4,5.293348063198291,2.1715000038966537,145.4812000010861,49.0
1790085289,200,GET,[GET] /api/soporte/election/status,27.300000,0.000000,4,5,6,7,9,10,13,14,16,16,16,9901,0,4,4.868519008204141,1.8525000050431117,164.31780000857543,78.0
1790085289,200,GET,[GET] /api/soporte/tickets,60.300000,0.000000,7,8,9,9,11,12,15,17,45,45,45,19623,0,7,7.682904983920822,3.7146000104257837,204.25330000580288,84651.0
1790085289,200,GET,[GET] /health,85.500000,0.000000,4,5,6,6,8,9,12,14,41,41,41,29875,0,4,4.708359568243433,1.796900003682822,208.48889999615494,83.99648535564853
1790085289,200,,Aggregated,198.400000,0.000000,5,6,7,8,9,11,13,15,42,45,45,69209,0,5,5.6575710933687136,1.796900003682822,208.48889999615494,24055.671025444666
1790085290,200,GET,[GET] /actuator/health,26.000000,0.000000,5,6,7,7,9,11,14,40,42,42,42,9836,0,4,5.290758001215545,2.1715000038966537,145.4812000010861,49.0
1790085290,200,GET,[GET] /api/soporte/election/status,27.800000,0.000000,4,5,6,7,9,10,13,14,16,16,16,9928,0,4,4.867357232092052,1.8525000050431117,164.31780000857543,78.0
1790085290,200,GET,[GET] /api/soporte/tickets,61.400000,0.000000,7,8,9,10,11,12,15,17,45,45,45,19677,0,7,7.681330482265146,3.7146000104257837,204.25330000580288,84651.0
1790085290,200,GET,[GET] /health,85.200000,0.000000,4,5,6,7,8,9,12,14,41,41,41,29956,0,4,4.707975737794297,1.796900003682822,208.48889999615494,83.99649485912671
1790085290,200,,Aggregated,200.400000,0.000000,5,6,7,8,9,11,13,15,42,45,45,69397,0,5,5.656450270199911,1.796900003682822,208.48889999615494,24056.519359626498
1790085291,200,GET,[GET] /actuator/health,26.100000,0.000000,5,6,7,7,9,11,14,40,42,42,42,9864,0,4,5.290055596103376,2.1715000038966537,145.4812000010861,49.0
1790085291,200,GET,[GET] /api/soporte/election/status,28.500000,0.000000,4,5,6,7,9,9,12,14,16,16,16,9967,0,4,4.864003180516654,1.8525000050431117,164.31780000857543,78.0
1790085291,200,GET,[GET] /api/soporte/tickets,59.500000,0.000000,7,8,9,9,11,12,14,17,45,45,45,19735,0,7,7.678915794247095,3.7146000104257837,204.25330000580288,84651.0
1790085291,200,GET,[GET] /health,85.200000,0.000000,4,5,6,6,8,9,11,13,41,41,41,30036,0,4,4.706346427664051,1.796900003682822,208.48889999615494,83.99650419496604
1790085291,200,,Aggregated,199.300000,0.000000,5,6,7,8,9,11,13,15,42,45,45,69602,0,5,5.6544905692502665,1.796900003682822,208.48889999615494,24056.365707881956
1790085292,200,GET,[GET] /actuator/health,25.500000,0.000000,5,6,7,7,9,11,12,13,34,34,34,9896,0,4,5.293018866202735,2.1715000038966537,145.4812000010861,49.0
1790085292,200,GET,[GET] /api/soporte/election/status,28.700000,0.000000,4,5,6,7,9,10,14,28,73,73,73,9996,0,4,4.8776799119848135,1.8525000050431117,164.31780000857543,78.0
1790085292,200,GET,[GET] /api/soporte/tickets,60.500000,0.000000,7,8,8,9,11,12,14,18,74,74,74,19786,0,7,7.683074390956787,3.7146000104257837,204.25330000580288,84651.0
1790085292,200,GET,[GET] /health,82.900000,0.000000,4,5,6,6,8,9,11,14,37,37,37,30119,0,4,4.709898655377436,1.796900003682822,208.48889999615494,83.99651382848036
1790085292,200,,Aggregated,197.600000,0.000000,5,6,7,8,9,11,13,17,73,74,74,69797,0,5,5.6594373769779,1.796900003682822,208.48889999615494,24051.16507872831
1790085293,200,GET,[GET] /actuator/health,26.100000,0.000000,5,6,7,7,9,11,12,13,34,34,34,9913,0,4,5.294578634107591,2.1715000038966537,145.4812000010861,49.0
1790085293,200,GET,[GET] /api/soporte/election/status,29.200000,0.000000,4,5,6,7,9,11,16,28,73,73,73,10034,0,4,4.883529639248804,1.8525000050431117,164.31780000857543,78.0
1790085293,200,GET,[GET] /api/soporte/tickets,59.700000,0.000000,7,8,9,9,11,12,17,18,74,74,74,19837,0,7,7.684839950571857,3.7146000104257837,204.25330000580288,84651.0
1790085293,200,GET,[GET] /health,83.900000,0.000000,4,5,6,7,8,9,13,15,37,37,37,30219,0,4,4.7131792151096805,1.796900003682822,208.48889999615494,83.99642608954632
1790085293,200,,Aggregated,198.900000,0.000000,5,6,7,8,9,11,14,17,73,74,74,70003,0,5,5.66201773068332,1.796900003682822,208.48889999615494,24042.23481850778
1790085294,200,GET,[GET] /actuator/health,26.300000,0.000000,5,6,7,7,9,11,12,13,34,34,34,9949,0,4,5.293483395302363,2.1715000038966537,145.4812000010861,49.0
1790085294,200,GET,[GET] /api/soporte/election/status,28.300000,0.000000,4,5,6,6,9,11,16,28,73,73,73,10054,0,4,4.882690093512541,1.8525000050431117,164.31780000857543,78.0
1790085294,200,GET,[GET] /api/soporte/tickets,59.200000,0.000000,7,8,9,9,11,12,17,18,74,74,74,19889,0,7,7.683082578282772,3.7146000104257837,204.25330000580288,84651.0
1790085294,200,GET,[GET] /health,83.500000,0.000000,4,5,6,6,8,9,13,14,37,37,37,30320,0,4,4.712573027751387,1.796900003682822,208.48889999615494,83.99643799472295
1790085294,200,,Aggregated,197.300000,0.000000,5,6,7,8,9,11,14,17,73,74,74,70212,0,5,5.660705806712904,1.796900003682822,208.48889999615494,24033.530222753947
1790085295,200,GET,[GET] /actuator/health,25.900000,0.000000,5,6,7,7,9,11,12,12,34,34,34,9980,0,4,5.295672174331717,2.1715000038966537,145.4812000010861,49.0
1790085295,200,GET,[GET] /api/soporte/election/status,29.700000,0.000000,4,5,6,7,9,11,16,35,73,73,73,10083,0,4,4.887970098199285,1.8525000050431117,164.31780000857543,78.0
1790085295,200,GET,[GET] /api/soporte/tickets,58.200000,0.000000,7,8,9,9,11,12,17,33,74,74,74,19942,0,7,7.687159838505547,3.7146000104257837,204.25330000580288,84651.0
1790085295,200,GET,[GET] /health,84.700000,0.000000,4,5,6,6,8,10,14,26,37,37,37,30400,0,4,4.7183628257019,1.796900003682822,208.48889999615494,83.99644736842106
1790085295,200,,Aggregated,198.500000,0.000000,5,6,7,8,9,11,14,29,73,74,74,70405,0,5,5.665389989358559,1.796900003682822,208.48889999615494,24031.52088630069
1790085296,200,GET,[GET] /actuator/health,26.000000,0.000000,5,6,6,7,9,10,12,12,34,34,34,10015,0,4,5.2942527908054995,2.1715000038966537,145.4812000010861,49.0
1790085296,200,GET,[GET] /api/soporte/election/status,28.600000,0.000000,4,5,6,7,9,11,16,35,73,73,73,10111,0,4,4.887665136998172,1.8525000050431117,164.31780000857543,78.0
1790085296,200,GET,[GET] /api/soporte/tickets,56.300000,0.000000,7,8,9,9,11,13,17,33,74,74,74,19994,0,7,7.684910243046755,3.7146000104257837,204.25330000580288,84651.0
1790085296,200,GET,[GET] /health,87.800000,0.000000,4,5,6,6,8,10,14,26,37,37,37,30490,0,4,4.717455070558718,1.796900003682822,208.48889999615494,83.99645785503444
1790085296,200,,Aggregated,198.700000,0.000000,5,6,7,7,9,11,14,28,73,74,74,70610,0,5,5.6639063079013985,1.796900003682822,208.48889999615494,24024.25349100694
1790085297,200,GET,[GET] /actuator/health,27.000000,0.000000,5,5,6,7,8,10,12,12,34,34,34,10040,0,4,5.293193097600033,2.1715000038966537,145.4812000010861,49.0
1790085297,200,GET,[GET] /api/soporte/election/status,28.700000,0.000000,4,5,6,6,9,11,16,35,73,73,73,10141,0,4,4.8850927423588235,1.8525000050431117,164.31780000857543,78.0
1790085297,200,GET,[GET] /api/soporte/tickets,55.200000,0.000000,7,7,8,9,10,12,16,32,74,74,74,20046,0,7,7.682755632022988,3.7146000104257837,204.25330000580288,84651.0
1790085297,200,GET,[GET] /health,88.800000,0.000000,4,5,6,6,8,10,13,26,37,37,37,30568,0,4,4.71643281867562,1.796900003682822,208.48889999615494,83.99646689348339
1790085297,200,,Aggregated,199.700000,0.000000,5,6,7,7,9,11,14,28,73,74,74,70795,0,5,5.662318271078103,1.796900003682822,208.48889999615494,24023.79416625468
1790085298,200,GET,[GET] /actuator/health,27.500000,0.000000,4,5,6,7,8,10,12,12,34,34,34,10064,0,4,5.292046263903377,2.1715000038966537,145.4812000010861,49.0
1790085298,200,GET,[GET] /api/soporte/election/status,30.000000,0.000000,4,5,6,6,8,11,16,35,73,73,73,10169,0,4,4.884548028342649,1.8525000050431117,164.31780000857543,78.0
1790085298,200,GET,[GET] /api/soporte/tickets,54.400000,0.000000,7,7,8,9,11,12,18,34,74,74,74,20093,0,7,7.682081063038433,3.7146000104257837,204.25330000580288,84651.0
1790085298,200,GET,[GET] /health,88.400000,0.000000,4,5,6,6,8,10,13,26,37,37,37,30667,0,4,4.715139576787457,1.796900003682822,208.48889999615494,83.99647829914892
1790085298,200,,Aggregated,200.300000,0.000000,5,6,7,7,9,11,14,28,73,74,74,70993,0,5,5.660915339556184,1.796900003682822,208.48889999615494,24012.998197005338
1790085299,200,GET,[GET] /actuator/health,27.700000,0.000000,5,6,6,7,9,10,12,24,37,37,37,10094,0,4,5.297230196152529,2.1715000038966537,145.4812000010861,49.0
1790085299,200,GET,[GET] /api/soporte/election/status,30.400000,0.000000,4,5,6,6,9,11,28,36,73,73,73,10197,0,4,4.8909174561370925,1.8525000050431117,164.31780000857543,78.0
1790085299,200,GET,[GET] /api/soporte/tickets,53.600000,0.000000,7,7,8,9,11,13,25,35,74,74,74,20149,0,7,7.684812114727939,3.7146000104257837,204.25330000580288,84651.0
1790085299,200,GET,[GET] /health,88.500000,0.000000,4,5,6,6,8,10,14,30,37,37,37,30750,0,4,4.718792201671466,1.796900003682822,208.48889999615494,83.99648780487804
1790085299,200,,Aggregated,200.200000,0.000000,5,6,7,7,9,11,16,33,73,74,74,71190,0,5,5.664939828645096,1.796900003682822,208.48889999615494,24013.286458772298
1790085300,200,GET,[GET] /actuator/health,27.900000,0.000000,5,6,6,7,9,10,12,24,37,37,37,10121,0,4,5.30017085267971,2.1715000038966537,145.4812000010861,49.0
1790085300,200,GET,[GET] /api/soporte/election/status,29.500000,0.000000,4,5,6,6,9,12,28,36,73,73,73,10224,0,4,4.890876545402544,1.8525000050431117,164.31780000857543,78.0
1790085300,200,GET,[GET] /api/soporte/tickets,52.400000,0.000000,7,8,8,9,11,14,22,34,74,74,74,20210,0,7,7.686716660047939,3.7146000104257837,204.25330000580288,84651.0
1790085300,200,GET,[GET] /health,87.700000,0.000000,4,5,6,6,8,10,14,30,37,37,37,30836,0,4,4.720515608420785,1.796900003682822,208.48889999615494,83.99649760020755
1790085300,200,,Aggregated,197.500000,0.000000,5,6,7,7,9,12,17,33,73,74,74,71391,0,5,5.666788726884329,1.796900003682822,208.48889999615494,24018.15672843916
1790085301,200,GET,[GET] /actuator/health,27.800000,0.000000,5,6,7,7,9,11,13,24,37,37,37,10145,0,4,5.300868260227508,2.1715000038966537,145.4812000010861,49.0
1790085301,200,GET,[GET] /api/soporte/election/status,30.000000,0.000000,5,6,6,7,9,12,28,36,73,73,73,10255,0,4,4.892891896659586,1.8525000050431117,164.31780000857543,78.0
1790085301,200,GET,[GET] /api/soporte/tickets,51.700000,0.000000,7,8,9,9,12,15,25,34,74,74,74,20282,0,7,7.687479444809125,3.7146000104257837,204.25330000580288,84651.0
1790085301,200,GET,[GET] /health,87.900000,0.000000,4,5,6,6,8,10,14,30,37,37,37,30920,0,4,4.719675582187072,1.796900003682822,208.48889999615494,83.99650711513583
1790085301,200,,Aggregated,197.400000,0.000000,5,6,7,8,10,12,17,32,73,74,74,71602,0,5,5.667491718123727,1.796900003682822,208.48889999615494,24032.649213709115
1790085302,200,GET,[GET] /actuator/health,28.100000,0.000000,5,6,6,7,9,10,12,15,37,37,37,10179,0,4,5.300885499557909,2.1715000038966537,145.4812000010861,49.0
1790085302,200,GET,[GET] /api/soporte/election/status,29.700000,0.000000,4,5,6,6,8,10,11,31,38,38,38,10289,0,4,4.893415725555199,1.8525000050431117,164.31780000857543,78.0
1790085302,200,GET,[GET] /api/soporte/tickets,52.300000,0.000000,7,8,8,9,11,13,18,29,38,38,38,20338,0,7,7.686699695132712,3.7146000104257837,204.25330000580288,84651.0
1790085302,200,GET,[GET] /health,88.200000,0.000000,4,5,6,6,8,9,11,14,36,36,36,31009,0,4,4.718708936154774,1.796900003682822,208.48889999615494,83.9965171401851
1790085302,200,,Aggregated,198.300000,0.000000,5,6,7,7,9,11,14,24,38,38,38,71815,0,5,5.666791223296942,1.796900003682822,208.48889999615494,24027.542978486388
1790085303,200,GET,[GET] /actuator/health,28.600000,0.000000,5,6,6,7,9,10,14,15,37,37,37,10203,0,4,5.301832902090973,2.1715000038966537,145.4812000010861,49.0
1790085303,200,GET,[GET] /api/soporte/election/status,28.500000,0.000000,4,5,6,7,8,10,11,31,38,38,38,10322,0,4,4.891217380376414,1.8525000050431117,164.31780000857543,78.0
1790085303,200,GET,[GET] /api/soporte/tickets,52.800000,0.000000,7,8,9,9,11,14,20,29,38,38,38,20395,0,7,7.688560735455099,3.7146000104257837,204.25330000580288,84651.0
1790085303,200,GET,[GET] /health,87.700000,0.000000,4,5,6,6,8,9,12,14,36,36,36,31084,0,4,4.719682724271216,1.796900003682822,208.48889999615494,83.99652554368807
1790085303,200,,Aggregated,197.600000,0.000000,5,6,7,7,9,11,14,24,38,38,38,72004,0,5,5.667692918464707,1.796900003682822,208.48889999615494,24031.62540969946
1790085304,200,GET,[GET] /actuator/health,27.700000,0.000000,5,6,6,7,9,10,14,15,37,37,37,10230,0,4,5.300881573812317,2.1715000038966537,145.4812000010861,49.0
1790085304,200,GET,[GET] /api/soporte/election/status,29.200000,0.000000,4,5,6,6,8,10,11,31,38,38,38,10352,0,4,4.888452376375232,1.8525000050431117,164.31780000857543,78.0
1790085304,200,GET,[GET] /api/soporte/tickets,53.700000,0.000000,7,8,9,9,11,14,20,29,38,38,38,20457,0,7,7.685991904950258,3.7146000104257837,204.25330000580288,84651.0
1790085304,200,GET,[GET] /health,88.800000,0.000000,4,5,6,6,8,10,12,14,36,36,36,31171,0,4,4.718509916308039,1.796900003682822,208.48889999615494,83.99653524108948
1790085304,200,,Aggregated,199.400000,0.000000,5,6,7,7,9,11,15,24,38,38,38,72210,0,5,5.666061300389721,1.796900003682822,208.48889999615494,24035.902077274615
1790085305,200,GET,[GET] /actuator/health,28.200000,0.000000,5,6,6,7,9,10,13,15,37,37,37,10265,0,4,5.301669245016255,2.1715000038966537,145.4812000010861,49.0
1790085305,200,GET,[GET] /api/soporte/election/status,27.800000,0.000000,4,5,6,6,8,9,11,13,38,38,38,10379,0,4,4.887820946163197,1.8525000050431117,164.31780000857543,78.0
1790085305,200,GET,[GET] /api/soporte/tickets,54.700000,0.000000,7,8,9,9,12,14,17,25,38,38,38,20517,0,7,7.688373573110059,3.7146000104257837,204.25330000580288,84651.0
1790085305,200,GET,[GET] /health,87.700000,0.000000,4,5,6,6,8,9,11,13,32,32,32,31251,0,4,4.719956836621729,1.796900003682822,208.48889999615494,83.99654411058846
1790085305,200,,Aggregated,198.400000,0.000000,5,6,7,7,9,11,14,17,38,38,38,72412,0,5,5.667542121486555,1.796900003682822,208.48889999615494,24039.138402474728
1790085306,200,GET,[GET] /actuator/health,28.300000,0.000000,5,6,6,7,9,10,13,15,37,37,37,10307,0,4,5.29767054430362,2.1715000038966537,145.4812000010861,49.0
1790085306,200,GET,[GET] /api/soporte/election/status,29.100000,0.000000,4,5,6,6,8,9,11,13,38,38,38,10400,0,4,4.886245375020315,1.8525000050431117,164.31780000857543,78.0
1790085306,200,GET,[GET] /api/soporte/tickets,55.800000,0.000000,7,8,9,9,11,14,17,25,38,38,38,20579,0,7,7.684533524440539,3.7146000104257837,204.25330000580288,84651.0
1790085306,200,GET,[GET] /health,84.500000,0.000000,4,5,6,6,8,9,11,13,32,32,32,31340,0,4,4.718003021740189,1.796900003682822,208.48889999615494,83.99655392469687
1790085306,200,,Aggregated,197.700000,0.000000,5,6,7,7,9,11,14,17,38,38,38,72626,0,5,5.664944679607139,1.796900003682822,208.48889999615494,24040.724038223227
1790085307,200,GET,[GET] /actuator/health,28.000000,0.000000,5,6,6,7,8,10,13,15,37,37,37,10333,0,4,5.296000425832001,2.1715000038966537,145.4812000010861,49.0
1790085307,200,GET,[GET] /api/soporte/election/status,29.800000,0.000000,4,5,6,6,8,9,11,13,38,38,38,10435,0,4,4.886046842376067,1.8525000050431117,164.31780000857543,78.0
1790085307,200,GET,[GET] /api/soporte/tickets,56.600000,0.000000,7,8,9,9,11,14,17,25,38,38,38,20633,0,7,7.682375107810729,3.7146000104257837,204.25330000580288,84651.0
1790085307,200,GET,[GET] /health,82.800000,0.000000,4,5,6,6,8,9,11,13,32,32,32,31423,0,4,4.716520360924483,1.796900003682822,208.48889999615494,83.99656302708208
1790085307,200,,Aggregated,197.200000,0.000000,5,6,7,7,9,11,14,17,38,38,38,72824,0,5,5.663340878022426,1.796900003682822,208.48889999615494,24038.280704163462
1790085308,200,GET,[GET] /actuator/health,28.000000,0.000000,5,6,6,7,8,10,13,15,37,37,37,10362,0,4,5.293808926857832,2.1715000038966537,145.4812000010861,49.0
1790085308,200,GET,[GET] /api/soporte/election/status,28.500000,0.000000,4,5,6,7,8,9,11,31,38,38,38,10457,0,4,4.890215951052881,1.8525000050431117,164.31780000857543,78.0
1790085308,200,GET,[GET] /api/soporte/tickets,57.200000,0.000000,7,8,9,9,11,14,18,22,38,38,38,20684,0,7,7.685008073850542,3.668300007120706,204.25330000580288,84651.0
1790085308,200,GET,[GET] /health,83.500000,0.000000,4,5,6,6,7,9,12,13,32,32,32,31521,0,4,4.717055931004305,1.796900003682822,208.48889999615494,83.99657371276292
1790085308,200,,Aggregated,197.200000,0.000000,5,6,7,7,9,11,14,18,38,38,38,73024,0,5,5.664363268253891,1.796900003682822,208.48889999615494,24031.72003724803
1790085309,200,GET,[GET] /actuator/health,28.900000,0.000000,4,5,6,6,8,10,11,15,15,15,15,10386,0,4,5.291985124219235,2.1715000038966537,145.4812000010861,49.0
1790085309,200,GET,[GET] /api/soporte/election/status,28.700000,0.000000,4,5,6,7,8,9,11,12,32,32,32,10483,0,4,4.890972736832763,1.8525000050431117,164.31780000857543,78.0
1790085309,200,GET,[GET] /api/soporte/tickets,57.500000,0.000000,7,8,9,9,11,13,16,20,38,38,38,20743,0,7,7.684138866100284,3.668300007120706,204.25330000580288,84651.0
1790085309,200,GET,[GET] /health,84.300000,0.000000,4,5,6,6,7,8,10,12,19,19,19,31606,0,4,4.716469752615336,1.796900003682822,208.48889999615494,83.99658292729228
1790085309,200,,Aggregated,199.400000,0.000000,5,6,7,7,9,11,13,15,33,38,38,73218,0,5,5.6638457783746805,1.796900003682822,208.48889999615494,24036.399205113496
1790085310,200,GET,[GET] /actuator/health,28.800000,0.000000,4,5,6,6,8,9,11,12,15,15,15,10413,0,4,5.292427926641703,2.1715000038966537,145.4812000010861,49.0
1790085310,200,GET,[GET] /api/soporte/election/status,29.000000,0.000000,4,5,6,6,8,9,11,12,32,32,32,10515,0,4,4.889518326225946,1.8525000050431117,164.31780000857543,78.0
1790085310,200,GET,[GET] /api/soporte/tickets,58.600000,0.000000,7,8,9,9,11,13,15,18,38,38,38,20797,0,7,7.681907885731509,3.668300007120706,204.25330000580288,84651.0
1790085310,200,GET,[GET] /health,83.700000,0.000000,4,5,6,6,7,8,10,12,19,19,19,31692,0,4,4.716312687780148,1.796900003682822,208.48889999615494,83.99659219992427
1790085310,200,,Aggregated,200.100000,0.000000,5,6,7,7,9,10,13,15,33,38,38,73417,0,5,5.6629031042002875,1.796900003682822,208.48889999615494,24033.660787011184
1790085311,200,GET,[GET] /actuator/health,29.400000,0.000000,4,5,6,6,8,10,11,12,15,15,15,10438,0,4,5.294410471363025,2.1715000038966537,145.4812000010861,49.0
1790085311,200,GET,[GET] /api/soporte/election/status,28.400000,0.000000,4,5,6,6,8,9,11,12,32,32,32,10541,0,4,4.890287031615044,1.8525000050431117,164.31780000857543,78.0
1790085311,200,GET,[GET] /api/soporte/tickets,58.600000,0.000000,7,8,9,9,11,13,15,18,38,38,38,20857,0,7,7.680748837300615,3.668300007120706,204.25330000580288,84651.0
1790085311,200,GET,[GET] /health,83.600000,0.000000,4,5,6,6,7,8,10,13,19,19,19,31779,0,4,4.7157391611154456,1.796900003682822,208.48889999615494,83.9966015293118
1790085311,200,,Aggregated,200.000000,0.000000,5,6,7,7,9,10,13,15,33,38,38,73615,0,5,5.662846232439151,1.796900003682822,208.48889999615494,24038.15655776676
1790085312,200,GET,[GET] /actuator/health,28.600000,0.000000,4,5,6,6,8,10,11,12,15,15,15,10472,0,4,5.29359432773883,2.1715000038966537,145.4812000010861,49.0
1790085312,200,GET,[GET] /api/soporte/election/status,28.200000,0.000000,4,5,6,6,8,9,11,12,32,32,32,10570,0,4,4.89119162727187,1.8525000050431117,164.31780000857543,78.0
1790085312,200,GET,[GET] /api/soporte/tickets,58.200000,0.000000,7,8,9,9,11,13,15,18,38,38,38,20906,0,7,7.6821249354054695,3.668300007120706,204.25330000580288,84651.0
1790085312,200,GET,[GET] /health,84.900000,0.000000,4,5,6,6,7,8,10,13,19,19,19,31865,0,4,4.7159836215618505,1.796900003682822,208.48889999615494,83.99651655421309
1790085312,200,,Aggregated,199.900000,0.000000,5,6,7,7,9,10,13,14,33,38,38,73813,0,5,5.663118113354014,1.796900003682822,208.48889999615494,24030.02103965426
1790085313,200,GET,[GET] /actuator/health,28.400000,0.000000,4,5,6,6,8,10,11,12,13,13,13,10490,0,4,5.292384737854077,2.1715000038966537,145.4812000010861,49.0
1790085313,200,GET,[GET] /api/soporte/election/status,28.700000,0.000000,4,5,6,6,8,9,11,12,32,32,32,10602,0,4,4.889109422778001,1.8525000050431117,164.31780000857543,78.0
1790085313,200,GET,[GET] /api/soporte/tickets,57.800000,0.000000,7,8,9,9,11,13,16,20,38,38,38,20965,0,7,7.684718201742853,3.668300007120706,204.25330000580288,84651.0
1790085313,200,GET,[GET] /health,85.600000,0.000000,4,5,6,6,8,9,11,13,19,19,19,31956,0,4,4.717555282296777,1.796900003682822,208.48889999615494,83.99652647390161
1790085313,200,,Aggregated,200.500000,0.000000,5,6,7,7,9,11,13,14,33,38,38,74013,0,5,5.66408290031476,1.796900003682822,208.48889999615494,24032.71552294867
1790085314,200,GET,[GET] /actuator/health,29.400000,0.000000,4,5,6,6,8,10,11,12,13,13,13,10514,0,4,5.292475946368964,2.1715000038966537,145.4812000010861,49.0
1790085314,200,GET,[GET] /api/soporte/election/status,27.900000,0.000000,4,5,6,6,8,9,11,12,32,32,32,10628,0,4,4.88958308245788,1.8525000050431117,164.31780000857543,78.0
1790085314,200,GET,[GET] /api/soporte/tickets,56.600000,0.000000,7,8,9,10,11,13,16,20,38,38,38,21030,0,7,7.684119529222654,3.668300007120706,204.25330000580288,84651.0
1790085314,200,GET,[GET] /health,85.100000,0.000000,4,5,6,6,8,9,11,12,19,19,19,32036,0,4,4.71705709205544,1.796900003682822,208.48889999615494,83.99653514795855
1790085314,200,,Aggregated,199.000000,0.000000,5,6,7,7,9,11,13,16,33,38,38,74208,0,5,5.664136694172139,1.796900003682822,208.48889999615494,24043.844504635617
1790085315,200,GET,[GET] /actuator/health,29.000000,0.000000,4,5,6,7,9,10,12,13,26,26,26,10553,0,4,5.297713114766875,2.1715000038966537,145.4812000010861,49.0
1790085315,200,GET,[GET] /api/soporte/election/status,28.200000,0.000000,4,5,6,6,8,10,11,13,32,32,32,10644,0,4,4.89041536079679,1.8525000050431117,164.31780000857543,78.0
1790085315,200,GET,[GET] /api/soporte/tickets,56.200000,0.000000,7,8,9,9,11,13,17,20,33,33,33,21073,0,7,7.685075428250419,3.668300007120706,204.25330000580288,84651.0
1790085315,200,GET,[GET] /health,86.000000,0.000000,4,5,6,6,8,9,12,13,19,19,19,32141,0,4,4.718617964624221,1.796900003682822,208.48889999615494,83.99645312840298
1790085315,200,,Aggregated,199.400000,0.000000,5,6,7,7,9,11,13,17,32,33,33,74411,0,5,5.665412937616266,1.796900003682822,208.48889999615494,24027.32905081238
1790085316,200,GET,[GET] /actuator/health,28.700000,0.000000,5,5,6,7,9,10,12,13,26,26,26,10578,0,4,5.296574342986483,2.1715000038966537,145.4812000010861,49.0
1790085316,200,GET,[GET] /api/soporte/election/status,27.900000,0.000000,4,5,6,6,8,10,11,13,32,32,32,10673,0,4,4.888610325149012,1.8525000050431117,164.31780000857543,78.0
1790085316,200,GET,[GET] /api/soporte/tickets,56.800000,0.000000,7,8,9,10,12,13,17,20,33,33,33,21125,0,7,7.682303110039077,3.668300007120706,204.25330000580288,84651.0
1790085316,200,GET,[GET] /health,86.200000,0.000000,4,5,6,6,8,9,12,13,19,19,19,32230,0,4,4.716799758020389,1.796900003682822,208.48889999615494,83.99646292274278
1790085316,200,,Aggregated,199.600000,0.000000,5,6,7,7,9,11,13,17,32,33,33,74606,0,5,5.663276556858685,1.796900003682822,208.48889999615494,24023.67633970458
1790085317,200,GET,[GET] /actuator/health,27.900000,0.000000,5,6,7,7,9,10,12,17,26,26,26,10608,0,4,5.297247520754833,2.1715000038966537,145.4812000010861,49.0
1790085317,200,GET,[GET] /api/soporte/election/status,26.800000,0.000000,4,5,6,6,8,10,11,13,32,32,32,10698,0,4,4.886474546672378,1.8525000050431117,164.31780000857543,78.0
1790085317,200,GET,[GET] /api/soporte/tickets,56.400000,0.000000,7,8,9,10,12,14,20,22,33,33,33,21188,0,7,7.684761931260947,3.668300007120706,204.25330000580288,84651.0
1790085317,200,GET,[GET] /health,87.600000,0.000000,4,5,6,6,8,9,12,17,36,36,36,32313,0,4,4.719723690187168,1.796900003682822,208.48889999615494,83.99647200817009
1790085317,200,,Aggregated,198.700000,0.000000,5,6,7,8,9,12,14,18,33,36,36,74807,0,5,5.665270279533242,1.796900003682822,208.48889999615494,24030.55599074953
1790085318,200,GET,[GET] /actuator/health,28.500000,0.000000,5,6,7,8,9,10,12,17,26,26,26,10637,0,4,5.297005311663449,2.1715000038966537,145.4812000010861,49.0
1790085318,200,GET,[GET] /api/soporte/election/status,27.100000,0.000000,4,5,6,6,7,9,10,11,13,13,13,10729,0,4,4.885450060607238,1.8525000050431117,164.31780000857543,78.0
1790085318,200,GET,[GET] /api/soporte/tickets,54.800000,0.000000,7,8,9,10,12,13,18,22,33,33,33,21253,0,7,7.686326170398829,3.668300007120706,204.25330000580288,84651.0
1790085318,200,GET,[GET] /health,88.600000,0.000000,4,5,6,6,8,9,12,14,36,36,36,32390,0,4,4.720650364339464,1.796900003682822,208.48889999615494,83.9964803951837
1790085318,200,,Aggregated,199.000000,0.000000,5,6,7,8,9,11,14,17,33,36,36,75009,0,5,5.666247978254086,1.796900003682822,208.48889999615494,24039.33426655468
1790085319,200,GET,[GET] /actuator/health,27.000000,0.000000,5,6,7,7,9,10,12,17,26,26,26,10663,0,4,5.295429438262994,2.1715000038966537,145.4812000010861,49.0
1790085319,200,GET,[GET] /api/soporte/election/status,26.900000,0.000000,4,5,5,6,8,9,10,11,13,13,13,10749,0,4,4.8849301609681115,1.8525000050431117,164.31780000857543,78.0
1790085319,200,GET,[GET] /api/soporte/tickets,54.800000,0.000000,7,8,9,10,12,13,18,22,33,33,33,21313,0,7,7.6843486885677645,3.668300007120706,204.25330000580288,84651.0
1790085319,200,GET,[GET] /health,89.500000,0.000000,4,5,6,6,8,9,12,14,36,36,36,32473,0,4,4.720005968066013,1.796900003682822,208.48889999615494,83.99648939118653
1790085319,200,,Aggregated,198.200000,0.000000,5,6,7,8,9,11,14,17,33,36,36,75198,0,5,5.6653442352309495,1.796900003682822,208.48889999615494,24046.587542221867
1790085320,200,GET,[GET] /actuator/health,27.700000,0.000000,5,5,7,7,9,10,12,17,26,26,26,10689,0,4,5.294245981865412,2.1715000038966537,145.4812000010861,49.0
1790085320,200,GET,[GET] /api/soporte/election/status,26.300000,0.000000,4,5,6,6,8,9,11,11,13,13,13,10777,0,4,4.884154486432905,1.8525000050431117,164.31780000857543,78.0
1790085320,200,GET,[GET] /api/soporte/tickets,55.600000,0.000000,7,8,9,9,12,14,18,22,33,33,33,21385,0,7,7.682971045101211,3.668300007120706,204.25330000580288,84651.0
1790085320,200,GET,[GET] /health,87.700000,0.000000,4,5,6,6,8,10,12,15,36,36,36,32551,0,4,4.7200427575515995,1.796900003682822,208.48889999615494,83.9964978034469
1790085320,200,,Aggregated,197.300000,0.000000,5,6,7,8,9,11,15,17,33,36,36,75402,0,5,5.665223413185305,1.796900003682822,208.48889999615494,24062.4939922018
1790085321,200,GET,[GET] /actuator/health,27.500000,0.000000,5,5,6,7,8,9,11,17,26,26,26,10714,0,4,5.291819927211765,2.1715000038966537,145.4812000010861,49.0
1790085321,200,GET,[GET] /api/soporte/election/status,27.000000,0.000000,4,5,5,6,7,9,11,11,13,13,13,10807,0,4,4.8824356621018685,1.8525000050431117,164.31780000857543,78.0
1790085321,200,GET,[GET] /api/soporte/tickets,57.100000,0.000000,6,8,8,9,12,14,20,25,33,33,33,21440,0,7,7.6801956809497405,3.668300007120706,204.25330000580288,84651.0
1790085321,200,GET,[GET] /health,87.000000,0.000000,4,5,6,6,8,10,12,15,36,36,36,32636,0,4,4.7179953242134935,1.796900003682822,208.48889999615494,83.99650692486824
1790085321,200,,Aggregated,198.600000,0.000000,5,6,7,7,9,11,15,17,33,36,36,75597,0,5,5.662935456447687,1.796900003682822,208.48889999615494,24062.15434474913
1790085322,200,GET,[GET] /actuator/health,28.300000,0.000000,5,5,6,7,8,9,11,17,26,26,26,10743,0,4,5.292065316961516,2.1715000038966537,145.4812000010861,49.0
1790085322,200,GET,[GET] /api/soporte/election/status,26.800000,0.000000,4,5,5,6,7,8,11,11,13,13,13,10837,0,4,4.882293706781832,1.8525000050431117,164.31780000857543,78.0
1790085322,200,GET,[GET] /api/soporte/tickets,58.000000,0.000000,6,7,8,9,11,13,21,32,47,47,47,21491,0,7,7.683689818973283,3.668300007120706,204.25330000580288,84651.0
1790085322,200,GET,[GET] /health,85.800000,0.000000,4,5,5,6,8,9,12,15,36,36,36,32722,0,4,4.717822654514578,1.796900003682822,208.48889999615494,83.99651610537254
1790085322,200,,Aggregated,198.900000,0.000000,5,6,7,7,9,11,14,17,39,47,47,75793,0,5,5.663700412981319,1.796900003682822,208.48889999615494,24057.035187946116
1790085323,200,GET,[GET] /actuator/health,27.500000,0.000000,5,6,6,7,9,10,12,17,26,26,26,10768,0,4,5.295355989978498,2.1715000038966537,145.4812000010861,49.0
1790085323,200,GET,[GET] /api/soporte/election/status,26.200000,0.000000,4,5,5,6,7,9,11,11,13,13,13,10861,0,4,4.882885203979813,1.8525000050431117,164.31780000857543,78.0
1790085323,200,GET,[GET] /api/soporte/tickets,58.500000,0.000000,7,8,8,9,11,15,22,32,47,47,47,21548,0,7,7.68800862722738,3.668300007120706,204.25330000580288,84651.0
1790085323,200,GET,[GET] /health,85.400000,0.000000,4,5,6,6,8,9,12,15,36,36,36,32804,0,4,4.720419607397016,1.796900003682822,208.48889999615494,83.99643336178515
1790085323,200,,Aggregated,197.600000,0.000000,5,6,7,7,9,11,15,18,39,47,47,75981,0,5,5.666722788605843,1.796900003682822,208.48889999615494,24061.146299732827
1790085324,200,GET,[GET] /actuator/health,26.900000,0.000000,5,6,7,7,9,10,13,17,26,26,26,10799,0,4,5.29704040190143,2.1715000038966537,145.4812000010861,49.0
1790085324,200,GET,[GET] /api/soporte/election/status,26.800000,0.000000,4,5,6,6,8,11,14,22,29,29,29,10896,0,4,4.893950725074664,1.8525000050431117,164.31780000857543,78.0
1790085324,200,GET,[GET] /api/soporte/tickets,58.600000,0.000000,7,8,9,10,12,15,28,32,47,47,47,21606,0,7,7.695431838356862,3.668300007120706,204.25330000580288,84651.0
1790085324,200,GET,[GET] /health,85.000000,0.000000,4,5,6,7,8,10,13,18,36,36,36,32891,0,4,4.72543817461399,1.796900003682822,208.48889999615494,83.99635158554011
1790085324,200,,Aggregated,197.300000,0.000000,5,6,7,8,10,12,17,22,39,47,47,76192,0,5,5.672762412081507,1.796900003682822,208.48889999615494,24059.10422354053
1790085325,200,GET,[GET] /actuator/health,27.600000,0.000000,5,6,7,7,9,10,11,14,17,17,17,10827,0,4,5.298389987999848,2.1715000038966537,145.4812000010861,49.0
1790085325,200,GET,[GET] /api/soporte/election/status,26.000000,0.000000,4,5,6,7,8,10,14,22,29,29,29,10925,0,4,4.893788887909507,1.8525000050431117,164.31780000857543,78.0
1790085325,200,GET,[GET] /api/soporte/tickets,58.900000,0.000000,7,8,9,10,12,15,28,32,47,47,47,21661,0,7,7.694211430661378,3.668300007120706,204.25330000580288,84651.0
1790085325,200,GET,[GET] /health,85.200000,0.000000,4,5,6,6,8,10,13,18,36,36,36,32977,0,4,4.725734281507298,1.796900003682822,208.48889999615494,83.99636110016071
1790085325,200,,Aggregated,197.700000,0.000000,5,6,7,8,10,12,16,22,39,47,47,76390,0,5,5.672668741999057,1.796900003682822,208.48889999615494,24057.833904961382
1790085326,200,GET,[GET] /actuator/health,27.500000,0.000000,5,6,7,7,8,10,11,13,14,14,14,10854,0,4,5.2953954947541035,2.1715000038966537,145.4812000010861,49.0
1790085326,200,GET,[GET] /api/soporte/election/status,26.400000,0.000000,4,5,6,7,8,10,14,22,29,29,29,10948,0,4,4.891606631393238,1.8525000050431117,164.31780000857543,78.0
1790085326,200,GET,[GET] /api/soporte/tickets,58.300000,0.000000,7,8,9,9,12,14,23,32,47,47,47,21719,0,7,7.691446470810808,3.668300007120706,204.25330000580288,84651.0
1790085326,200,GET,[GET] /health,84.500000,0.000000,4,5,6,6,8,10,12,14,22,22,22,33060,0,4,4.723033263799724,1.796900003682822,208.48889999615494,83.99637023593466
1790085326,200,,Aggregated,196.700000,0.000000,5,6,7,8,9,11,15,20,39,47,47,76581,0,5,5.670121018285385,1.796900003682822,208.48889999615494,24062.07517530458
1790085327,200,GET,[GET] /actuator/health,27.700000,0.000000,4,5,6,7,8,10,11,13,14,14,14,10878,0,4,5.2942184776705545,2.1715000038966537,145.4812000010861,49.0
1790085327,200,GET,[GET] /api/soporte/election/status,26.800000,0.000000,4,5,6,6,8,10,14,22,29,29,29,10978,0,4,4.890639023548766,1.8525000050431117,164.31780000857543,78.0
1790085327,200,GET,[GET] /api/soporte/tickets,57.500000,0.000000,7,8,9,9,12,14,23,32,47,47,47,21776,0,7,7.689836576946584,3.668300007120706,204.25330000580288,84651.0
1790085327,200,GET,[GET] /health,84.300000,0.000000,4,5,6,6,8,9,12,14,22,22,22,33150,0,4,4.722867861272381,1.796900003682822,208.48889999615494,83.99638009049774
1790085327,200,,Aggregated,196.300000,0.000000,5,6,7,7,9,11,14,20,39,47,47,76782,0,5,5.669257048545061,1.796900003682822,208.48889999615494,24062.07134484645
1790085328,200,GET,[GET] /actuator/health,27.100000,0.000000,4,5,6,7,8,10,11,13,14,14,14,10903,0,4,5.292727038436277,2.1715000038966537,145.4812000010861,49.0
1790085328,200,GET,[GET] /api/soporte/election/status,27.400000,0.000000,4,5,6,7,8,10,14,22,29,29,29,11003,0,4,4.889589602880546,1.8525000050431117,164.31780000857543,78.0
1790085328,200,GET,[GET] /api/soporte/tickets,59.100000,0.000000,7,8,9,9,12,14,17,30,47,47,47,21846,0,7,7.688627213203332,3.668300007120706,204.25330000580288,84651.0
1790085328,200,GET,[GET] /health,83.400000,0.000000,4,5,6,6,8,9,12,14,22,22,22,33236,0,4,4.720891728886378,1.796900003682822,208.48889999615494,83.99638945721507
1790085328,200,,Aggregated,197.000000,0.000000,5,6,7,7,9,11,14,18,39,47,47,76988,0,5,5.668104963130267,1.796900003682822,208.48889999615494,24074.789980256664
1790085329,200,GET,[GET] /actuator/health,27.500000,0.000000,5,6,7,7,9,10,12,14,20,20,20,10932,0,4,5.295071112338798,2.1715000038966537,145.4812000010861,49.0
1790085329,200,GET,[GET] /api/soporte/election/status,27.300000,0.000000,4,5,6,7,9,10,16,22,29,29,29,11030,0,4,4.891679066233653,1.8525000050431117,164.31780000857543,78.0
1790085329,200,GET,[GET] /api/soporte/tickets,58.200000,0.000000,7,8,9,10,12,14,21,30,47,47,47,21901,0,7,7.689454518042708,3.668300007120706,204.25330000580288,84651.0
1790085329,200,GET,[GET] /health,82.700000,0.000000,4,5,6,6,8,10,12,15,22,22,22,33327,0,4,4.722143214246659,1.796900003682822,208.48889999615494,83.99639931587002
1790085329,200,,Aggregated,195.700000,0.000000,5,6,7,8,10,12,15,20,39,47,47,77190,0,5,5.669420233210218,1.796900003682822,208.48889999615494,24072.249086669257
1790085330,200,GET,[GET] /actuator/health,26.200000,0.000000,5,5,7,7,9,10,12,14,20,20,20,10961,0,4,5.293833728682227,2.1715000038966537,145.4812000010861,49.0
1790085330,200,GET,[GET] /api/soporte/election/status,27.500000,0.000000,4,5,6,7,9,11,16,22,29,29,29,11059,0,4,4.8912074871670885,1.8525000050431117,164.31780000857543,78.0
1790085330,200,GET,[GET] /api/soporte/tickets,59.500000,0.000000,7,8,9,10,12,14,21,30,47,47,47,21952,0,7,7.687630420900263,3.668300007120706,204.25330000580288,84651.0
1790085330,200,GET,[GET] /health,84.500000,0.000000,4,5,6,6,8,10,12,15,22,22,22,33417,0,4,4.721515444274467,1.796900003682822,208.48889999615494,83.99640901337642
1790085330,200,,Aggregated,197.700000,0.000000,5,6,7,8,10,12,15,20,39,47,47,77389,0,5,5.6681869477779685,1.796900003682822,208.48889999615494,24066.280104407604
1790085331,200,GET,[GET] /actuator/health,26.200000,0.000000,5,6,7,7,9,10,12,14,20,20,20,10981,0,4,5.2921685547861435,2.1715000038966537,145.4812000010861,49.0
1790085331,200,GET,[GET] /api/soporte/election/status,27.200000,0.000000,4,5,6,7,9,10,16,22,29,29,29,11083,0,4,4.889545330739078,1.8525000050431117,164.31780000857543,78.0
1790085331,200,GET,[GET] /api/soporte/tickets,59.100000,0.000000,7,8,9,9,12,13,16,23,32,32,32,22016,0,7,7.683613571929246,3.668300007120706,204.25330000580288,84651.0
1790085331,200,GET,[GET] /health,84.000000,0.000000,4,5,6,6,8,10,12,15,22,22,22,33504,0,4,4.71968944906336,1.796900003682822,208.48889999615494,83.99641833810888
1790085331,200,,Aggregated,196.500000,0.000000,5,6,7,8,9,11,14,18,31,32,32,77584,0,5,5.666052865303425,1.796900003682822,208.48889999615494,24075.75241029078
1790085332,200,GET,[GET] /actuator/health,26.300000,0.000000,4,5,6,7,8,9,11,14,20,20,20,11011,0,4,5.289940659348577,2.1715000038966537,145.4812000010861,49.0
1790085332,200,GET,[GET] /api/soporte/election/status,27.300000,0.000000,4,5,6,6,9,10,16,22,29,29,29,11108,0,4,4.88782630541702,1.8525000050431117,164.31780000857543,78.0
1790085332,200,GET,[GET] /api/soporte/tickets,57.600000,0.000000,7,7,8,9,11,13,14,22,32,32,32,22066,0,7,7.682459924751774,3.668300007120706,204.25330000580288,84651.0
1790085332,200,GET,[GET] /health,84.700000,0.000000,4,5,6,6,8,10,12,15,22,22,22,33588,0,4,4.720719230122622,1.796900003682822,208.48889999615494,83.99642729546267
1790085332,200,,Aggregated,195.900000,0.000000,5,6,7,7,9,11,14,17,31,32,32,77773,0,5,5.665490458148596,1.796900003682822,208.48889999615494,24071.801280650096
1790085333,200,GET,[GET] /actuator/health,27.200000,0.000000,4,5,6,7,8,11,13,20,26,26,26,11046,0,4,5.295760420063274,2.1715000038966537,145.4812000010861,49.0
1790085333,200,GET,[GET] /api/soporte/election/status,27.600000,0.000000,4,5,6,6,8,10,13,16,21,21,21,11135,0,4,4.8912932824919615,1.8525000050431117,164.31780000857543,78.0
1790085333,200,GET,[GET] /api/soporte/tickets,56.900000,0.000000,7,7,8,9,11,12,14,16,38,38,38,22115,0,7,7.6848047343238015,3.668300007120706,204.25330000580288,84651.0
1790085333,200,GET,[GET] /health,85.800000,0.000000,4,5,6,6,8,10,12,18,26,26,26,33682,0,4,4.725604521741316,1.796900003682822,208.48889999615494,83.9964372661956
1790085333,200,,Aggregated,197.500000,0.000000,5,6,7,7,9,11,14,16,26,38,38,77978,0,5,5.669275802167647,1.796900003682822,208.48889999615494,24061.861255738797
1790085334,200,GET,[GET] /actuator/health,26.800000,0.000000,4,5,6,7,8,11,13,20,26,26,26,11082,0,4,5.295077143121546,2.1715000038966537,145.4812000010861,49.0
1790085334,200,GET,[GET] /api/soporte/election/status,27.600000,0.000000,4,5,6,6,8,10,11,16,21,21,21,11159,0,4,4.89125651945028,1.8525000050431117,164.31780000857543,78.0
1790085334,200,GET,[GET] /api/soporte/tickets,57.400000,0.000000,6,7,8,9,11,12,13,16,38,38,38,22174,0,7,7.683540303939396,3.668300007120706,204.25330000580288,84651.0
1790085334,200,GET,[GET] /health,86.500000,0.000000,4,5,6,6,8,10,12,18,26,26,26,33758,0,4,4.7261194295088185,1.796900003682822,208.48889999615494,83.99644528704307
1790085334,200,,Aggregated,198.300000,0.000000,5,6,7,7,9,11,13,16,26,38,38,78173,0,5,5.6692302815745785,1.796900003682822,208.48889999615494,24065.857086206233
1790085335,200,GET,[GET] /actuator/health,27.000000,0.000000,4,6,6,7,8,11,15,22,39,39,39,11108,0,4,5.302268356150388,2.1715000038966537,145.4812000010861,49.0
1790085335,200,GET,[GET] /api/soporte/election/status,27.400000,0.000000,4,5,6,6,8,10,12,16,21,21,21,11187,0,4,4.891548270364558,1.8525000050431117,164.31780000857543,78.0
1790085335,200,GET,[GET] /api/soporte/tickets,56.500000,0.000000,7,7,8,9,11,12,15,20,48,48,48,22250,0,7,7.68528994604333,3.668300007120706,204.25330000580288,84651.0
1790085335,200,GET,[GET] /health,86.000000,0.000000,4,5,6,6,8,10,15,18,44,44,44,33842,0,4,4.729354583100791,1.796900003682822,208.48889999615494,83.99645411027717
1790085335,200,,Aggregated,196.900000,0.000000,5,6,7,7,9,11,15,18,44,48,48,78387,0,5,5.672724641859593,1.796900003682822,208.48889999615494,24082.363606210212
1790085336,200,GET,[GET] /actuator/health,28.000000,0.000000,4,6,6,7,9,11,15,22,39,39,39,11133,0,4,5.3012014012549225,2.1715000038966537,145.4812000010861,49.0
1790085336,200,GET,[GET] /api/soporte/election/status,26.700000,0.000000,4,5,6,6,8,10,12,16,21,21,21,11208,0,4,4.891284457582079,1.8525000050431117,164.31780000857543,78.0
1790085336,200,GET,[GET] /api/soporte/tickets,56.200000,0.000000,6,7,8,9,11,13,16,22,48,48,48,22304,0,7,7.685242615647116,3.668300007120706,204.25330000580288,84651.0
1790085336,200,GET,[GET] /health,87.400000,0.000000,4,5,6,7,8,10,15,18,44,44,44,33928,0,4,4.729201069953522,1.796900003682822,208.48889999615494,83.99646309832586
1790085336,200,,Aggregated,198.300000,0.000000,5,6,7,8,9,11,15,20,44,48,48,78573,0,5,5.67248007078166,1.796900003682822,208.48889999615494,24083.66076133023
1790085337,200,GET,[GET] /actuator/health,28.900000,0.000000,4,5,6,7,8,11,15,22,39,39,39,11166,0,4,5.297766559215022,2.1715000038966537,145.4812000010861,49.0
1790085337,200,GET,[GET] /api/soporte/election/status,26.200000,0.000000,4,5,6,6,8,10,13,16,21,21,21,11232,0,4,4.890477350477405,1.8525000050431117,164.31780000857543,78.0
1790085337,200,GET,[GET] /api/soporte/tickets,57.100000,0.000000,6,7,8,9,11,13,16,22,48,48,48,22362,0,7,7.682633615033684,3.668300007120706,204.25330000580288,84651.0
1790085337,200,GET,[GET] /health,85.800000,0.000000,4,5,6,6,8,10,15,18,44,44,44,34022,0,4,4.728109391024131,1.796900003682822,208.48889999615494,83.99647287049557
1790085337,200,,Aggregated,198.000000,0.000000,5,6,7,7,9,11,15,20,44,48,48,78782,0,5,5.67062899649112,1.796900003682822,208.48889999615494,24082.23477444086
1790085338,200,GET,[GET] /actuator/health,28.100000,0.000000,4,5,6,7,8,11,15,22,39,39,39,11199,0,4,5.297065755889215,2.1715000038966537,145.4812000010861,49.0
1790085338,200,GET,[GET] /api/soporte/election/status,26.400000,0.000000,4,5,6,6,8,9,12,16,21,21,21,11265,0,4,4.8877822459454014,1.8525000050431117,164.31780000857543,78.0
1790085338,200,GET,[GET] /api/soporte/tickets,58.700000,0.000000,6,7,8,9,10,12,16,22,48,48,48,22412,0,7,7.6815455826995915,3.668300007120706,204.25330000580288,84651.0
1790085338,200,GET,[GET] /health,85.400000,0.000000,4,5,6,6,8,10,14,18,44,44,44,34110,0,4,4.727163254219888,1.796900003682822,208.48889999615494,83.99648197009675
1790085338,200,,Aggregated,198.600000,0.000000,5,6,7,7,9,11,15,20,44,48,48,78986,0,5,5.669169784540069,1.796900003682822,208.48889999615494,24073.769440153952
1790085339,200,GET,[GET] /actuator/health,28.000000,0.000000,4,5,6,7,8,11,14,22,39,39,39,11228,0,4,5.296368338094571,2.1715000038966537,145.4812000010861,49.0
1790085339,200,GET,[GET] /api/soporte/election/status,25.900000,0.000000,4,5,6,6,8,9,11,13,21,21,21,11289,0,4,4.886960793740024,1.8525000050431117,164.31780000857543,78.0
1790085339,200,GET,[GET] /api/soporte/tickets,58.400000,0.000000,6,7,8,9,10,12,15,20,48,48,48,22462,0,7,7.6802056049987675,3.668300007120706,204.25330000580288,84651.0
1790085339,200,GET,[GET] /health,85.500000,0.000000,4,5,6,6,8,10,12,18,44,44,44,34201,0,4,4.725727981679479,1.796900003682822,208.48889999615494,83.99649133066285
1790085339,200,,Aggregated,197.800000,0.000000,5,6,7,7,9,11,13,18,44,48,48,79180,0,5,5.667768692871421,1.796900003682822,208.48889999615494,24068.378883556452
1790085340,200,GET,[GET] /actuator/health,28.900000,0.000000,5,6,6,7,9,13,15,22,39,39,39,11258,0,4,5.301302398301913,2.1715000038966537,145.4812000010861,49.0
1790085340,200,GET,[GET] /api/soporte/election/status,25.500000,0.000000,4,5,6,6,8,9,10,13,21,21,21,11319,0,4,4.888218729613658,1.8525000050431117,164.31780000857543,78.0
1790085340,200,GET,[GET] /api/soporte/tickets,57.100000,0.000000,7,7,8,9,11,12,17,22,48,48,48,22510,0,7,7.68162212348149,3.668300007120706,204.25330000580288,84651.0
1790085340,200,GET,[GET] /health,85.400000,0.000000,4,5,6,6,8,10,15,18,44,44,44,34308,0,4,4.728247636160456,1.796900003682822,208.48889999615494,83.99650227352221
1790085340,200,,Aggregated,196.900000,0.000000,5,6,7,7,9,11,15,21,44,48,48,79395,0,5,5.6696497777132215,1.796900003682822,208.48889999615494,24054.541041627308
1790085341,200,GET,[GET] /actuator/health,29.500000,0.000000,5,6,6,7,9,12,15,22,39,39,39,11282,0,4,5.300358260955096,2.1715000038966537,145.4812000010861,49.0
1790085341,200,GET,[GET] /api/soporte/election/status,26.000000,0.000000,4,5,6,6,8,9,11,13,21,21,21,11349,0,4,4.8869928364168755,1.8525000050431117,164.31780000857543,78.0
1790085341,200,GET,[GET] /api/soporte/tickets,55.500000,0.000000,7,8,8,9,11,13,19,22,48,48,48,22564,0,7,7.682897571332824,3.668300007120706,204.25330000580288,84651.0
1790085341,200,GET,[GET] /health,87.000000,0.000000,4,5,6,7,8,10,14,18,44,44,44,34380,0,4,4.728471710335431,1.796900003682822,208.48889999615494,83.99650959860384
1790085341,200,,Aggregated,198.000000,0.000000,5,6,7,8,9,11,16,21,44,48,48,79575,0,5,5.669907405610763,1.796900003682822,208.48889999615494,24057.694049638707
1790085342,200,GET,[GET] /actuator/health,29.800000,0.000000,5,5,6,7,9,11,14,15,39,39,39,11310,0,4,5.299503253766936,2.1715000038966537,145.4812000010861,49.0
1790085342,200,GET,[GET] /api/soporte/election/status,25.700000,0.000000,4,5,6,6,8,9,10,11,12,12,12,11377,0,4,4.885784653292224,1.8525000050431117,164.31780000857543,78.0
1790085342,200,GET,[GET] /api/soporte/tickets,56.100000,0.000000,7,8,8,9,11,13,18,21,48,48,48,22626,0,7,7.681830787568713,3.668300007120706,204.25330000580288,84651.0
1790085342,200,GET,[GET] /health,87.700000,0.000000,4,5,6,6,8,10,12,15,44,44,44,34467,0,4,4.728140435814485,1.796900003682822,208.48889999615494,83.99651840891288
1790085342,200,,Aggregated,199.300000,0.000000,5,6,7,8,9,11,14,17,44,48,48,79780,0,5,5.669301499139599,1.796900003682822,208.48889999615494,24061.797819002255
1790085343,200,GET,[GET] /actuator/health,29.500000,0.000000,5,6,6,7,9,12,15,16,39,39,39,11339,0,4,5.303529244213825,2.1715000038966537,145.4812000010861,49.0
1790085343,200,GET,[GET] /api/soporte/election/status,26.100000,0.000000,4,5,6,6,8,9,11,12,13,13,13,11406,0,4,4.889673768236124,1.8525000050431117,164.31780000857543,78.0
1790085343,200,GET,[GET] /api/soporte/tickets,55.000000,0.000000,7,8,9,9,11,14,17,21,48,48,48,22695,0,7,7.684367790239703,3.668300007120706,204.25330000580288,84651.0
1790085343,200,GET,[GET] /health,88.200000,0.000000,4,5,6,6,8,10,13,15,44,44,44,34543,0,4,4.72899788383414,1.796900003682822,208.48889999615494,83.99652606895754
1790085343,200,,Aggregated,198.800000,0.000000,5,6,7,8,9,12,14,17,44,48,48,79983,0,5,5.671940762429698,1.796900003682822,208.48889999615494,24073.880899691183
1790085344,200,GET,[GET] /actuator/health,29.800000,0.000000,5,6,7,7,9,11,14,15,39,39,39,11366,0,4,5.30289307585052,2.1715000038966537,145.4812000010861,49.0
1790085344,200,GET,[GET] /api/soporte/election/status,26.100000,0.000000,4,5,6,6,8,9,11,12,13,13,13,11427,0,4,4.888554283759937,1.8525000050431117,164.31780000857543,78.0
1790085344,200,GET,[GET] /api/soporte/tickets,54.200000,0.000000,7,8,9,9,11,14,17,20,48,48,48,22756,0,7,7.682317951288985,3.668300007120706,204.25330000580288,84651.0
1790085344,200,GET,[GET] /health,87.500000,0.000000,4,5,6,6,8,10,13,15,44,44,44,34621,0,4,4.7274368071771296,1.796900003682822,208.48889999615494,83.99653389561249
1790085344,200,,Aggregated,197.600000,0.000000,5,6,7,7,9,11,14,17,44,48,48,80170,0,5,5.670719839110058,1.796900003682822,208.48889999615494,24082.255706623426
1790085345,200,GET,[GET] /actuator/health,29.200000,0.000000,5,5,6,7,9,11,14,15,17,17,17,11388,0,4,5.302526545496442,2.1715000038966537,145.4812000010861,49.0
1790085345,200,GET,[GET] /api/soporte/election/status,26.500000,0.000000,4,5,6,7,8,9,11,12,13,13,13,11459,0,4,4.890695366132635,1.8525000050431117,164.31780000857543,78.0
1790085345,200,GET,[GET] /api/soporte/tickets,55.900000,0.000000,7,8,8,9,11,14,17,19,23,23,23,22808,0,7,7.6817223079397,3.668300007120706,204.25330000580288,84651.0
1790085345,200,GET,[GET] /health,86.800000,0.000000,4,5,6,6,8,10,12,14,23,23,23,34718,0,4,4.728206403052382,1.796900003682822,208.48889999615494,83.99654357969929
1790085345,200,,Aggregated,198.400000,0.000000,5,6,7,7,9,11,14,16,23,23,23,80373,0,5,5.670887521945039,1.796900003682822,208.48889999615494,24076.344220073905
1790085346,200,GET,[GET] /actuator/health,28.800000,0.000000,5,6,7,7,9,11,14,15,17,17,17,11414,0,5,5.303847292808722,2.1715000038966537,145.4812000010861,49.0
1790085346,200,GET,[GET] /api/soporte/election/status,26.800000,0.000000,4,5,6,7,9,9,11,12,13,13,13,11486,0,4,4.891243226582819,1.8525000050431117,164.31780000857543,78.0
1790085346,200,GET,[GET] /api/soporte/tickets,57.300000,0.000000,7,8,9,9,11,13,16,19,23,23,23,22875,0,7,7.681064572653484,3.668300007120706,204.25330000580288,84651.0
1790085346,200,GET,[GET] /health,84.900000,0.000000,4,5,5,6,8,9,12,14,23,23,23,34801,0,4,4.72797549499009,1.796900003682822,208.48889999615494,83.99655182322347
1790085346,200,,Aggregated,197.800000,0.000000,5,6,7,7,9,11,14,16,23,23,23,80576,0,5,5.671186953947175,1.796900003682822,208.48889999615494,24086.20411785147
1790085347,200,GET,[GET] /actuator/health,27.700000,0.000000,5,6,7,8,9,11,14,17,27,27,27,11442,0,5,5.309051721738156,2.1715000038966537,145.4812000010861,49.0
1790085347,200,GET,[GET] /api/soporte/election/status,27.300000,0.000000,4,6,6,7,9,10,11,13,27,27,27,11516,0,4,4.8946235325273495,1.8525000050431117,164.31780000857543,78.0
1790085347,200,GET,[GET] /api/soporte/tickets,57.800000,0.000000,7,8,9,9,11,13,18,20,31,31,31,22918,0,7,7.682059878674236,3.668300007120706,204.25330000580288,84651.0
1790085347,200,GET,[GET] /health,86.500000,0.000000,4,5,6,6,8,9,12,14,23,23,23,34896,0,4,4.7283009113126395,1.796900003682822,208.48889999615494,83.99656121045392
1790085347,200,,Aggregated,199.300000,0.000000,5,6,7,8,9,11,14,17,27,31,31,80772,0,5,5.672372744284343,1.796900003682822,208.48889999615494,24072.96672114099
1790085348,200,GET,[GET] /actuator/health,27.500000,0.000000,5,6,7,8,10,11,15,20,31,31,31,11472,0,5,5.310165986761343,2.1715000038966537,145.4812000010861,49.0
1790085348,200,GET,[GET] /api/soporte/election/status,26.700000,0.000000,4,6,7,7,9,10,12,13,27,27,27,11543,0,4,4.895552040250831,1.8525000050431117,164.31780000857543,78.0
1790085348,200,GET,[GET] /api/soporte/tickets,55.400000,0.000000,7,8,9,10,12,14,18,21,35,35,35,22978,0,7,7.683999286249087,3.668300007120706,204.25330000580288,84651.0
1790085348,200,GET,[GET] /health,86.800000,0.000000,4,5,6,6,8,9,12,14,23,23,23,34976,0,4,4.727662794520301,1.796900003682822,208.48889999615494,83.99656907593778
1790085348,200,,Aggregated,196.400000,0.000000,5,6,7,8,10,12,14,17,31,35,35,80969,0,5,5.673100209973138,1.796900003682822,208.48889999615494,24077.252084130963
1790085349,200,GET,[GET] /actuator/health,27.800000,0.000000,5,6,7,8,10,11,15,20,31,31,31,11504,0,5,5.313948218022632,2.1715000038966537,145.4812000010861,49.0
1790085349,200,GET,[GET] /api/soporte/election/status,27.600000,0.000000,4,6,7,7,9,11,12,13,27,27,27,11566,0,4,4.896781013373318,1.8525000050431117,164.31780000857543,78.0
1790085349,200,GET,[GET] /api/soporte/tickets,57.000000,0.000000,7,8,9,10,12,14,18,22,35,35,35,23040,0,7,7.687905633656555,3.668300007120706,204.25330000580288,84651.0
1790085349,200,GET,[GET] /health,87.400000,0.000000,4,5,6,6,8,10,12,14,32,32,32,35066,0,4,4.730555521048172,1.796900003682822,208.48889999615494,83.9964923287515
1790085349,200,,Aggregated,199.800000,0.000000,5,6,7,8,10,12,15,18,32,35,35,81176,0,5,5.676293919401429,1.796900003682822,208.48889999615494,24080.643355178872
1790085350,200,GET,[GET] /actuator/health,27.400000,0.000000,5,6,7,8,9,11,15,20,31,31,31,11534,0,5,5.313313984749881,2.1715000038966537,145.4812000010861,49.0
1790085350,200,GET,[GET] /api/soporte/election/status,28.000000,0.000000,4,6,7,7,9,11,12,13,27,27,27,11584,0,4,4.896585039770386,1.8525000050431117,164.31780000857543,78.0
1790085350,200,GET,[GET] /api/soporte/tickets,54.800000,0.000000,7,8,9,10,12,14,18,21,35,35,35,23094,0,7,7.685708166600473,3.668300007120706,204.25330000580288,84651.0
1790085350,200,GET,[GET] /health,87.500000,0.000000,4,5,6,6,8,9,12,14,32,32,32,35157,0,4,4.7295147111804425,1.796900003682822,208.48889999615494,83.99650140796996
1790085350,200,,Aggregated,197.700000,0.000000,5,6,7,8,10,12,15,17,32,35,35,81369,0,5,5.675074017147162,1.796900003682822,208.48889999615494,24079.83356069265
1790085351,200,GET,[GET] /actuator/health,27.100000,0.000000,5,6,7,8,9,11,15,20,31,31,31,11566,0,5,5.310821398938494,2.1715000038966537,145.4812000010861,49.0
1790085351,200,GET,[GET] /api/soporte/election/status,27.800000,0.000000,4,6,7,7,9,11,12,13,27,27,27,11610,0,4,4.896154685674815,1.8525000050431117,164.31780000857543,78.0
1790085351,200,GET,[GET] /api/soporte/tickets,57.100000,0.000000,7,8,9,10,12,14,17,21,35,35,35,23148,0,7,7.684608773957669,3.668300007120706,204.25330000580288,84651.0
1790085351,200,GET,[GET] /health,86.000000,0.000000,4,5,6,6,8,9,12,14,32,32,32,35237,0,4,4.72920966883883,1.796900003682822,208.48889999615494,83.99650935096632
1790085351,200,,Aggregated,198.000000,0.000000,5,6,7,8,10,12,14,17,32,35,35,81561,0,5,5.674229119324839,1.796900003682822,208.48889999615494,24079.3203491865
1790085352,200,GET,[GET] /actuator/health,27.300000,0.000000,5,6,7,8,9,11,15,27,34,34,34,11598,0,5,5.315940920859257,2.1715000038966537,145.4812000010861,49.0
1790085352,200,GET,[GET] /api/soporte/election/status,27.600000,0.000000,4,6,7,7,9,11,12,13,27,27,27,11633,0,4,4.896085773286542,1.8525000050431117,164.31780000857543,78.0
1790085352,200,GET,[GET] /api/soporte/tickets,57.200000,0.000000,7,8,9,10,12,14,19,31,35,35,35,23223,0,7,7.688242927255271,3.668300007120706,204.25330000580288,84651.0
1790085352,200,GET,[GET] /health,86.400000,0.000000,4,5,6,6,8,9,12,14,32,32,32,35305,0,4,4.729088848632031,1.796900003682822,208.48889999615494,83.99651607421045
1790085352,200,,Aggregated,198.500000,0.000000,5,6,7,8,10,12,14,18,34,35,35,81759,0,5,5.6766227069970405,1.796900003682822,208.48889999615494,24098.770117051336
1790085353,200,GET,[GET] /actuator/health,27.200000,0.000000,5,6,7,7,9,11,15,27,34,34,34,11623,0,5,5.315692506252425,2.1715000038966537,145.4812000010861,49.0
1790085353,200,GET,[GET] /api/soporte/election/status,26.300000,0.000000,4,6,7,7,9,10,12,13,27,27,27,11668,0,4,4.897807224946526,1.8525000050431117,164.31780000857543,78.0
1790085353,200,GET,[GET] /api/soporte/tickets,58.100000,0.000000,7,8,9,9,12,14,19,31,35,35,35,23270,0,7,7.689091929505942,3.668300007120706,204.25330000580288,84651.0
1790085353,200,GET,[GET] /health,84.700000,0.000000,4,5,6,6,8,9,11,14,32,32,32,35395,0,4,4.729618708885809,1.796900003682822,208.48889999615494,83.99652493290013
1790085353,200,,Aggregated,196.300000,0.000000,5,6,7,8,9,11,14,18,34,35,35,81956,0,5,5.676972181432286,1.796900003682822,208.48889999615494,24089.529235199374
1790085354,200,GET,[GET] /actuator/health,28.300000,0.000000,5,6,7,7,9,11,15,27,34,34,34,11654,0,5,5.315285232551967,2.1715000038966537,145.4812000010861,49.0
1790085354,200,GET,[GET] /api/soporte/election/status,25.800000,0.000000,4,5,6,7,9,10,12,13,27,27,27,11699,0,4,4.895343396922476,1.8525000050431117,164.31780000857543,78.0
1790085354,200,GET,[GET] /api/soporte/tickets,58.400000,0.000000,7,8,9,9,12,14,19,31,35,35,35,23323,0,7,7.68813410794458,3.668300007120706,204.25330000580288,84651.0
1790085354,200,GET,[GET] /health,84.400000,0.000000,4,5,6,6,7,9,11,13,32,32,32,35478,0,4,4.727910245817605,1.796900003682822,208.48889999615494,83.99653306274311
1790085354,200,,Aggregated,196.900000,0.000000,5,6,7,8,9,11,14,18,34,35,35,82154,0,5,5.675464469185494,1.796900003682822,208.48889999615494,24086.214548287364
1790085355,200,GET,[GET] /actuator/health,28.800000,0.000000,5,6,7,7,9,11,15,27,34,34,34,11682,0,5,5.314263944541839,2.1715000038966537,145.4812000010861,49.0
1790085355,200,GET,[GET] /api/soporte/election/status,25.600000,0.000000,4,5,7,7,9,10,13,16,27,27,27,11734,0,4,4.897313482237792,1.8525000050431117,164.31780000857543,78.0
1790085355,200,GET,[GET] /api/soporte/tickets,58.900000,0.000000,7,8,9,9,12,14,19,31,35,35,35,23384,0,7,7.686525192424076,3.668300007120706,204.25330000580288,84651.0
1790085355,200,GET,[GET] /health,83.200000,0.000000,4,5,6,6,7,9,12,15,32,32,32,35555,0,4,4.728131736774251,1.796900003682822,208.48889999615494,83.99654057094642
1790085355,200,,Aggregated,196.500000,0.000000,5,6,7,7,9,12,15,18,34,35,35,82355,0,5,5.6753899192686434,1.796900003682822,208.48889999615494,24090.25743427843
1790085356,200,GET,[GET] /actuator/health,28.300000,0.000000,5,6,6,7,9,10,15,27,34,34,34,11716,0,5,5.311252859352274,2.1715000038966537,145.4812000010861,49.0
1790085356,200,GET,[GET] /api/soporte/election/status,26.200000,0.000000,4,5,6,7,8,10,13,16,27,27,27,11762,0,4,4.895574783249804,1.8525000050431117,164.31780000857543,78.0
1790085356,200,GET,[GET] /api/soporte/tickets,57.600000,0.000000,7,8,9,9,12,14,21,32,35,35,35,23446,0,7,7.686411622436899,3.668300007120706,204.25330000580288,84651.0
1790085356,200,GET,[GET] /health,85.200000,0.000000,4,5,6,6,7,9,12,15,32,32,32,35643,0,4,4.728391947954929,1.796900003682822,208.48889999615494,83.99654911202761
1790085356,200,,Aggregated,197.300000,0.000000,5,6,7,7,9,12,15,18,34,35,35,82567,0,5,5.674883067101487,1.796900003682822,208.48889999615494,24092.10404883307
1790085357,200,GET,[GET] /actuator/health,28.700000,0.000000,5,5,6,7,8,10,13,15,34,34,34,11752,0,5,5.30992066884009,2.1715000038966537,145.4812000010861,49.0
1790085357,200,GET,[GET] /api/soporte/election/status,26.900000,0.000000,4,5,6,6,8,10,12,15,17,17,17,11788,0,4,4.893520571819641,1.8525000050431117,164.31780000857543,78.0
1790085357,200,GET,[GET] /api/soporte/tickets,56.200000,0.000000,7,8,9,9,12,14,18,32,35,35,35,23503,0,7,7.685272543916886,3.668300007120706,204.25330000580288,84651.0
1790085357,200,GET,[GET] /health,85.100000,0.000000,4,5,6,6,7,9,12,15,32,32,32,35717,0,4,4.727630416915543,1.796900003682822,208.48889999615494,83.99655626172411
1790085357,200,,Aggregated,196.900000,0.000000,5,6,7,7,9,11,15,16,34,35,35,82760,0,5,5.673885263430035,1.796900003682822,208.48889999615494,24094.343523441275
1790085358,200,GET,[GET] /actuator/health,29.600000,0.000000,5,6,6,7,8,9,12,15,34,34,34,11780,0,5,5.309369567076475,2.1715000038966537,145.4812000010861,49.0
1790085358,200,GET,[GET] /api/soporte/election/status,27.600000,0.000000,4,5,6,6,8,9,13,15,17,17,17,11817,0,4,4.893353863127352,1.8525000050431117,164.31780000857543,78.0
1790085358,200,GET,[GET] /api/soporte/tickets,57.000000,0.000000,7,8,8,9,11,14,18,21,33,33,33,23567,0,7,7.686432698252143,3.668300007120706,204.25330000580288,84651.0
1790085358,200,GET,[GET] /health,83.700000,0.000000,4,5,6,6,7,9,12,15,32,32,32,35793,0,4,4.727183745453031,1.796900003682822,208.48889999615494,83.99656357388317
1790085358,200,,Aggregated,197.900000,0.000000,5,6,7,7,9,11,15,17,33,34,34,82957,0,5,5.674209328946869,1.796900003682822,208.48889999615494,24102.553756765552
1790085359,200,GET,[GET] /actuator/health,30.400000,0.000000,4,5,6,6,8,9,12,15,34,34,34,11807,0,5,5.3081888371449955,2.1715000038966537,145.4812000010861,49.0
1790085359,200,GET,[GET] /api/soporte/election/status,27.300000,0.000000,4,5,5,6,7,9,13,15,17,17,17,11853,0,4,4.890079439857507,1.8525000050431117,164.31780000857543,78.0
1790085359,200,GET,[GET] /api/soporte/tickets,56.700000,0.000000,7,8,8,9,11,13,17,21,33,33,33,23620,0,7,7.683981227763703,3.668300007120706,204.25330000580288,84651.0
1790085359,200,GET,[GET] /health,83.000000,0.000000,4,5,5,6,7,9,10,14,18,18,18,35873,0,4,4.725871544087636,1.796900003682822,208.48889999615494,83.9965712374209
1790085359,200,,Aggregated,197.400000,0.000000,5,6,7,7,9,11,14,16,33,34,34,83153,0,5,5.672227384479651,1.796900003682822,208.48889999615494,24099.826897405987
1790085360,200,GET,[GET] /actuator/health,30.900000,0.000000,4,5,6,6,7,9,12,15,34,34,34,11828,0,5,5.3060072708973385,2.1715000038966537,145.4812000010861,49.0
1790085360,200,GET,[GET] /api/soporte/election/status,27.400000,0.000000,4,5,5,6,7,9,13,15,17,17,17,11876,0,4,4.889203443975818,1.8525000050431117,164.31780000857543,78.0
1790085360,200,GET,[GET] /api/soporte/tickets,58.500000,0.000000,7,7,8,9,11,14,18,21,33,33,33,23678,0,7,7.68188164539992,3.668300007120706,204.25330000580288,84651.0
1790085360,200,GET,[GET] /health,81.200000,0.000000,4,5,5,6,7,9,10,14,18,18,18,35955,0,4,4.7248515978599075,1.796900003682822,208.48889999615494,83.99657905715478
1790085360,200,,Aggregated,198.000000,0.000000,5,6,7,7,9,11,14,16,33,34,34,83337,0,5,5.670917682441926,1.796900003682822,208.48889999615494,24105.647851494534
1790085361,200,GET,[GET] /actuator/health,30.800000,0.000000,5,5,6,6,8,9,13,16,34,34,34,11856,0,5,5.307778432874865,2.1715000038966537,145.4812000010861,49.0
1790085361,200,GET,[GET] /api/soporte/election/status,27.300000,0.000000,4,5,6,6,7,9,13,16,29,29,29,11910,0,4,4.891812485365818,1.8525000050431117,164.31780000857543,78.0
1790085361,200,GET,[GET] /api/soporte/tickets,58.300000,0.000000,7,7,8,9,11,14,18,21,33,33,33,23732,0,7,7.681002262757016,3.668300007120706,204.25330000580288,84651.0
1790085361,200,GET,[GET] /health,81.100000,0.000000,4,5,5,6,7,9,10,14,29,29,29,36051,0,4,4.7255523092559635,1.796900003682822,208.48889999615494,83.99658816676376
1790085361,200,,Aggregated,197.500000,0.000000,5,6,7,7,9,11,14,17,33,34,34,83549,0,5,5.6713657829729565,1.796900003682822,208.48889999615494,24099.33831643706
1790085362,200,GET,[GET] /actuator/health,30.000000,0.000000,5,5,6,6,8,9,11,13,19,19,19,11877,0,5,5.309647655150034,2.1715000038966537,145.4812000010861,49.0
1790085362,200,GET,[GET] /api/soporte/election/status,28.500000,0.000000,4,5,6,6,8,9,13,15,29,29,29,11936,0,4,4.892344168960233,1.8525000050431117,164.31780000857543,78.0
1790085362,200,GET,[GET] /api/soporte/tickets,57.800000,0.000000,7,7,8,9,11,13,17,19,36,36,36,23789,0,7,7.682748825076708,3.668300007120706,204.25330000580288,84651.0
1790085362,200,GET,[GET] /health,79.100000,0.000000,4,5,5,6,7,9,10,13,29,29,29,36147,0,4,4.725583423271193,1.796900003682822,208.48889999615494,83.99659722798573
1790085362,200,,Aggregated,195.400000,0.000000,5,6,7,7,9,10,14,16,32,36,36,83749,0,5,5.672166604994208,1.796900003682822,208.48889999615494,24099.533666073625
1790085363,200,GET,[GET] /actuator/health,29.500000,0.000000,5,5,6,7,8,9,12,14,19,19,19,11917,0,5,5.311607317297065,2.1715000038966537,145.4812000010861,49.0
1790085363,200,GET,[GET] /api/soporte/election/status,29.300000,0.000000,4,5,5,6,7,9,13,15,29,29,29,11955,0,4,4.891777273167403,1.8525000050431117,164.31780000857543,78.0
1790085363,200,GET,[GET] /api/soporte/tickets,58.200000,0.000000,7,7,8,9,11,13,17,19,36,36,36,23842,0,7,7.6822844434063295,3.668300007120706,204.25330000580288,84651.0
1790085363,200,GET,[GET] /health,79.400000,0.000000,4,5,5,6,7,9,11,14,29,29,29,36234,0,4,4.726771427414509,1.796900003682822,208.48889999615494,83.99660539824474
1790085363,200,,Aggregated,196.400000,0.000000,5,6,7,7,9,11,14,16,32,36,36,83948,0,5,5.6726840818313296,1.796900003682822,208.48889999615494,24095.97724782008
1790085364,200,GET,[GET] /actuator/health,28.700000,0.000000,5,5,6,6,8,9,12,14,19,19,19,11947,0,5,5.310813133026198,2.1715000038966537,145.4812000010861,49.0
1790085364,200,GET,[GET] /api/soporte/election/status,29.900000,0.000000,4,5,5,6,7,9,11,13,29,29,29,11984,0,4,4.89165570766837,1.8525000050431117,164.31780000857543,78.0
1790085364,200,GET,[GET] /api/soporte/tickets,57.600000,0.000000,7,7,8,9,11,14,17,19,36,36,36,23903,0,7,7.683140706173117,3.668300007120706,204.25330000580288,84651.0
1790085364,200,GET,[GET] /health,81.100000,0.000000,4,5,5,6,7,9,11,12,29,29,29,36325,0,4,4.726259939460512,1.796900003682822,208.48889999615494,83.99661390227116
1790085364,200,,Aggregated,197.300000,0.000000,5,6,7,7,9,11,14,16,32,36,36,84159,0,5,5.672612449072837,1.796900003682822,208.48889999615494,24097.056583371952
1790085365,200,GET,[GET] /actuator/health,27.700000,0.000000,5,5,6,7,8,10,13,14,19,19,19,11977,0,5,5.311921416068829,2.1715000038966537,145.4812000010861,49.0
1790085365,200,GET,[GET] /api/soporte/election/status,30.000000,0.000000,4,5,5,6,7,9,10,13,29,29,29,12015,0,4,4.890699142795721,1.8525000050431117,164.31780000857543,78.0
1790085365,200,GET,[GET] /api/soporte/tickets,56.800000,0.000000,7,7,8,9,11,13,18,20,36,36,36,23947,0,7,7.681720758328723,3.668300007120706,204.25330000580288,84651.0
1790085365,200,GET,[GET] /health,84.200000,0.000000,4,5,5,6,7,9,10,12,29,29,29,36410,0,4,4.726298613047503,1.796900003682822,208.48889999615494,83.99662180719582
1790085365,200,,Aggregated,198.700000,0.000000,5,6,7,7,9,11,13,16,32,36,36,84349,0,5,5.671926549238337,1.796900003682822,208.48889999615494,24087.06513414504
1790085366,200,GET,[GET] /actuator/health,29.300000,0.000000,5,5,6,7,8,10,13,14,19,19,19,12004,0,5,5.309497275931628,2.1715000038966537,145.4812000010861,49.0
1790085366,200,GET,[GET] /api/soporte/election/status,28.400000,0.000000,4,5,5,6,7,9,10,13,29,29,29,12042,0,4,4.889070187731567,1.8525000050431117,164.31780000857543,78.0
1790085366,200,GET,[GET] /api/soporte/tickets,56.800000,0.000000,7,7,8,8,11,13,17,19,36,36,36,24006,0,7,7.678897134035188,3.668300007120706,204.25330000580288,84651.0
1790085366,200,GET,[GET] /health,83.600000,0.000000,4,5,5,6,7,9,10,12,29,29,29,36508,0,4,4.7246405007430035,1.796900003682822,208.48889999615494,83.99663087542456
1790085366,200,,Aggregated,198.100000,0.000000,5,6,7,7,9,10,13,16,29,36,36,84560,0,5,5.669774934977781,1.796900003682822,208.48889999615494,24086.162807473982
1790085367,200,GET,[GET] /actuator/health,29.400000,0.000000,5,5,6,7,9,11,13,14,19,19,19,12031,0,5,5.308518577035316,2.1715000038966537,145.4812000010861,49.0
1790085367,200,GET,[GET] /api/soporte/election/status,28.100000,0.000000,4,5,5,6,7,9,13,13,29,29,29,12075,0,4,4.8887834451922965,1.8525000050431117,164.31780000857543,78.0
1790085367,200,GET,[GET] /api/soporte/tickets,57.800000,0.000000,6,7,8,8,11,13,17,19,36,36,36,24070,0,7,7.676463057734658,3.668300007120706,204.25330000580288,84651.0
1790085367,200,GET,[GET] /health,84.000000,0.000000,4,5,5,6,7,9,11,13,29,29,29,36587,0,4,4.724402891767299,1.796900003682822,208.48889999615494,83.99663815016262
1790085367,200,,Aggregated,199.300000,0.000000,5,6,7,7,9,11,13,16,29,36,36,84763,0,5,5.669018811294695,1.796900003682822,208.48889999615494,24092.51824498897
1790085368,200,GET,[GET] /actuator/health,29.500000,0.000000,5,5,6,7,9,11,13,14,19,19,19,12057,0,5,5.308661764970916,2.1715000038966537,145.4812000010861,49.0
1790085368,200,GET,[GET] /api/soporte/election/status,28.200000,0.000000,4,5,5,6,7,9,10,13,29,29,29,12103,0,4,4.8874607370657674,1.8525000050431117,164.31780000857543,78.0
1790085368,200,GET,[GET] /api/soporte/tickets,56.300000,0.000000,6,7,8,8,10,12,14,18,36,36,36,24128,0,7,7.6754968666972765,3.668300007120706,204.25330000580288,84651.0
1790085368,200,GET,[GET] /health,84.700000,0.000000,4,5,5,6,7,9,10,13,29,29,29,36684,0,4,4.724437686757869,1.796900003682822,208.48889999615494,83.99664703958129
1790085368,200,,Aggregated,198.700000,0.000000,5,6,7,7,8,10,13,14,29,36,36,84972,0,5,5.668515895844029,1.796900003682822,208.48889999615494,24091.17695240785
1790085370,200,GET,[GET] /actuator/health,28.400000,0.000000,5,5,6,7,9,11,13,14,19,19,19,12084,0,5,5.307553624648108,2.1715000038966537,145.4812000010861,49.0
1790085370,200,GET,[GET] /api/soporte/election/status,28.000000,0.000000,4,5,5,6,7,9,10,13,29,29,29,12132,0,4,4.887124241732443,1.8525000050431117,164.31780000857543,78.0
1790085370,200,GET,[GET] /api/soporte/tickets,56.200000,0.000000,7,7,8,8,10,12,14,17,36,36,36,24190,0,7,7.672555088867935,3.668300007120706,204.25330000580288,84651.0
1790085370,200,GET,[GET] /health,86.200000,0.000000,4,5,6,6,7,9,11,13,29,29,29,36761,0,4,4.723874445769471,1.796900003682822,208.48889999615494,83.99657245450341
1790085370,200,,Aggregated,198.800000,0.000000,5,6,7,7,9,10,13,14,29,36,36,85167,0,5,5.667459525421731,1.796900003682822,208.48889999615494,24097.75969565677
1790085371,200,GET,[GET] /actuator/health,27.500000,0.000000,5,5,6,7,9,11,13,14,19,19,19,12114,0,5,5.306753599159939,2.1715000038966537,145.4812000010861,49.0
1790085371,200,GET,[GET] /api/soporte/election/status,28.400000,0.000000,4,5,5,6,7,8,9,10,13,13,13,12162,0,4,4.886295362663126,1.8525000050431117,164.31780000857543,78.0
1790085371,200,GET,[GET] /api/soporte/tickets,55.800000,0.000000,7,7,8,9,10,12,14,15,36,36,36,24239,0,7,7.672300132008167,3.668300007120706,204.25330000580288,84651.0
1790085371,200,GET,[GET] /health,88.800000,0.000000,4,5,6,6,7,9,11,13,16,16,16,36846,0,4,4.724365171280233,1.796900003682822,208.48889999615494,83.99658036150464
1790085371,200,,Aggregated,200.500000,0.000000,5,6,7,7,9,10,13,14,24,36,36,85361,0,5,5.667177977081687,1.796900003682822,208.48889999615494,24091.713417134288
1790085372,200,GET,[GET] /actuator/health,27.600000,0.000000,4,5,6,7,9,11,13,13,14,14,14,12141,0,5,5.305474771453043,2.1715000038966537,145.4812000010861,49.0
1790085372,200,GET,[GET] /api/soporte/election/status,27.800000,0.000000,4,5,5,5,7,8,9,10,13,13,13,12192,0,4,4.8835891486802145,1.8525000050431117,164.31780000857543,78.0
1790085372,200,GET,[GET] /api/soporte/tickets,56.700000,0.000000,6,7,8,8,10,12,14,15,24,24,24,24284,0,7,7.670360570732015,3.668300007120706,204.25330000580288,84651.0
1790085372,200,GET,[GET] /health,88.600000,0.000000,4,5,5,6,7,9,10,13,16,16,16,36936,0,4,4.721705701780761,1.796900003682822,208.48889999615494,83.99658869395712
1790085372,200,,Aggregated,200.700000,0.000000,5,6,6,7,8,10,12,14,20,24,24,85553,0,5,5.664587401979486,1.796900003682822,208.48889999615494,24082.30298177738
1790085373,200,GET,[GET] /actuator/health,28.400000,0.000000,4,5,6,6,8,10,12,13,14,14,14,12163,0,5,5.304493192484413,2.1715000038966537,145.4812000010861,49.0
1790085373,200,GET,[GET] /api/soporte/election/status,28.400000,0.000000,4,5,5,6,7,8,9,10,13,13,13,12220,0,4,4.882626767656476,1.8525000050431117,164.31780000857543,78.0
1790085373,200,GET,[GET] /api/soporte/tickets,55.700000,0.000000,6,7,8,8,10,12,14,15,24,24,24,24335,0,7,7.669924096964879,3.668300007120706,204.25330000580288,84651.0
1790085373,200,GET,[GET] /health,88.600000,0.000000,4,5,5,6,7,8,10,12,15,15,15,37012,0,4,4.721040635497363,1.796900003682822,208.48889999615494,83.99659569869232
1790085373,200,,Aggregated,201.100000,0.000000,5,6,6,7,8,10,12,14,20,24,24,85730,0,5,5.663910051342806,1.796900003682822,208.48889999615494,24083.05277032544
1790085374,200,GET,[GET] /actuator/health,28.500000,0.000000,4,5,6,6,9,11,12,13,13,13,13,12200,0,5,5.306870786902079,2.1715000038966537,145.4812000010861,49.0
1790085374,200,GET,[GET] /api/soporte/election/status,28.100000,0.000000,4,5,5,6,7,9,11,13,18,18,18,12251,0,4,4.886474018505903,1.8525000050431117,164.31780000857543,78.0
1790085374,200,GET,[GET] /api/soporte/tickets,55.200000,0.000000,6,7,8,8,10,12,14,16,34,34,34,24388,0,7,7.671861968985703,3.668300007120706,204.25330000580288,84651.0
1790085374,200,GET,[GET] /health,87.900000,0.000000,4,5,5,6,7,9,11,12,15,15,15,37104,0,4,4.723119423809252,1.796900003682822,208.48889999615494,83.9966041397154
1790085374,200,,Aggregated,199.700000,0.000000,5,6,6,7,9,10,12,14,18,34,34,85943,0,5,5.6660345764234785,1.796900003682822,208.48889999615494,24075.708039049136
1790085375,200,GET,[GET] /actuator/health,28.400000,0.000000,4,5,6,6,9,11,12,13,13,13,13,12233,0,5,5.303612515343029,2.1715000038966537,145.4812000010861,49.0
1790085375,200,GET,[GET] /api/soporte/election/status,28.400000,0.000000,4,5,5,6,8,9,11,13,18,18,18,12278,0,4,4.88492131460485,1.8525000050431117,164.31780000857543,78.0
1790085375,200,GET,[GET] /api/soporte/tickets,54.100000,0.000000,6,7,8,8,10,12,14,16,34,34,34,24444,0,7,7.669187371117437,3.668300007120706,204.25330000580288,84651.0
1790085375,200,GET,[GET] /health,85.900000,0.000000,4,5,5,6,7,9,11,13,34,34,34,37183,0,4,4.723472858590319,1.796900003682822,208.48889999615494,83.99661135465132
1790085375,200,,Aggregated,196.800000,0.000000,5,6,6,7,9,10,13,14,34,34,34,86138,0,5,5.664801402417842,1.796900003682822,208.48889999615494,24076.35876152221
1790085376,200,GET,[GET] /actuator/health,28.000000,0.000000,4,5,6,6,9,11,12,13,13,13,13,12263,0,5,5.3044808122117635,2.1715000038966537,145.4812000010861,49.0
1790085376,200,GET,[GET] /api/soporte/election/status,29.500000,0.000000,4,5,5,6,8,9,11,13,18,18,18,12298,0,4,4.884538412806155,1.8525000050431117,164.31780000857543,78.0
1790085376,200,GET,[GET] /api/soporte/tickets,54.100000,0.000000,6,7,8,8,10,13,15,16,34,34,34,24502,0,7,7.668827495699631,3.668300007120706,204.25330000580288,84651.0
1790085376,200,GET,[GET] /health,86.500000,0.000000,4,5,6,6,8,9,11,13,34,34,34,37276,0,4,4.724246829088051,1.796900003682822,208.48889999615494,83.99661980899238
1790085376,200,,Aggregated,198.100000,0.000000,5,6,7,7,9,11,13,14,34,34,34,86339,0,5,5.665128594280238,1.796900003682822,208.48889999615494,24077.299841323158
1790085377,200,GET,[GET] /actuator/health,28.300000,0.000000,4,5,6,6,9,11,12,12,13,13,13,12291,0,4,5.302253730386254,2.1715000038966537,145.4812000010861,49.0
1790085377,200,GET,[GET] /api/soporte/election/status,29.200000,0.000000,4,5,5,6,8,9,11,11,18,18,18,12323,0,4,4.883903805946852,1.8525000050431117,164.31780000857543,78.0
1790085377,200,GET,[GET] /api/soporte/tickets,54.000000,0.000000,6,7,8,9,10,13,15,16,34,34,34,24569,0,7,7.66707474865181,3.668300007120706,204.25330000580288,84651.0
1790085377,200,GET,[GET] /health,85.500000,0.000000,4,5,6,6,8,9,11,12,34,34,34,37348,0,4,4.7232013200453595,1.796900003682822,208.48889999615494,83.99662632537218
1790085377,200,,Aggregated,197.000000,0.000000,5,6,7,7,9,11,12,14,34,34,34,86531,0,5,5.6641992996907575,1.796900003682822,208.48889999615494,24089.5283540003
1790085378,200,GET,[GET] /actuator/health,27.800000,0.000000,4,5,6,6,9,12,12,13,20,20,20,12313,0,4,5.303904856667201,2.1715000038966537,145.4812000010861,49.0
1790085378,200,GET,[GET] /api/soporte/election/status,27.800000,0.000000,4,5,5,6,8,9,11,12,18,18,18,12361,0,4,4.883408907101216,1.8525000050431117,164.31780000857543,78.0
1790085378,200,GET,[GET] /api/soporte/tickets,55.000000,0.000000,6,7,8,9,11,13,16,20,34,34,34,24639,0,7,7.667858906597608,3.668300007120706,204.25330000580288,84651.0
1790085378,200,GET,[GET] /health,86.000000,0.000000,4,5,6,6,8,10,12,15,34,34,34,37420,0,4,4.726763236264654,1.796900003682822,208.48889999615494,83.99663281667557
1790085378,200,,Aggregated,196.600000,0.000000,5,6,7,7,9,11,13,17,34,34,34,86733,0,5,5.666524320633475,1.796900003682822,208.48889999615494,24101.860168563293
1790085379,200,GET,[GET] /actuator/health,28.500000,0.000000,4,5,6,6,9,11,12,13,20,20,20,12346,0,4,5.30174981371557,2.1715000038966537,145.4812000010861,49.0
1790085379,200,GET,[GET] /api/soporte/election/status,27.900000,0.000000,4,5,5,6,8,9,11,12,18,18,18,12388,0,4,4.882267630017397,1.8525000050431117,164.31780000857543,78.0
1790085379,200,GET,[GET] /api/soporte/tickets,55.500000,0.000000,6,7,8,9,11,13,17,20,34,34,34,24699,0,7,7.668090133192459,3.668300007120706,204.25330000580288,84651.0
1790085379,200,GET,[GET] /health,83.600000,0.000000,4,5,6,6,8,10,12,15,34,34,34,37514,0,4,4.725714042785446,1.796900003682822,208.48889999615494,83.99664125393187
1790085379,200,,Aggregated,195.500000,0.000000,5,6,7,7,9,11,14,19,34,34,34,86947,0,5,5.665652977118954,1.796900003682822,208.48889999615494,24101.088214659507
1790085380,200,GET,[GET] /actuator/health,28.200000,0.000000,4,5,6,6,9,11,12,13,20,20,20,12378,0,4,5.301377023762901,2.1715000038966537,145.4812000010861,49.0
1790085380,200,GET,[GET] /api/soporte/election/status,28.200000,0.000000,4,5,6,6,8,9,11,12,18,18,18,12405,0,4,4.88223915361797,1.8525000050431117,164.31780000857543,78.0
1790085380,200,GET,[GET] /api/soporte/tickets,56.200000,0.000000,6,7,8,9,11,13,17,20,34,34,34,24745,0,7,7.66709796321316,3.668300007120706,204.25330000580288,84651.0
1790085380,200,GET,[GET] /health,82.600000,0.000000,4,5,5,6,8,10,12,16,34,34,34,37616,0,4,4.72462334647822,1.796900003682822,208.48889999615494,83.99665036154828
1790085380,200,,Aggregated,195.200000,0.000000,5,6,7,7,9,11,13,19,34,34,34,87144,0,5,5.664513820820739,1.796900003682822,208.48889999615494,24091.42023547232
1790085381,200,GET,[GET] /actuator/health,28.500000,0.000000,4,5,6,6,9,11,12,13,20,20,20,12406,0,4,5.3007469208560085,2.1715000038966537,145.4812000010861,49.0
1790085381,200,GET,[GET] /api/soporte/election/status,28.000000,0.000000,4,5,6,6,8,9,11,12,18,18,18,12436,0,4,4.88244460442704,1.8525000050431117,164.31780000857543,78.0
1790085381,200,GET,[GET] /api/soporte/tickets,56.400000,0.000000,7,8,8,9,11,13,19,20,34,34,34,24800,0,7,7.6662496169258025,3.668300007120706,204.25330000580288,84651.0
1790085381,200,GET,[GET] /health,82.700000,0.000000,4,5,6,6,8,10,12,16,34,34,34,37699,0,4,4.724796904457932,1.796900003682822,208.48889999615494,83.99665773627947
1790085381,200,,Aggregated,195.600000,0.000000,5,6,7,7,9,11,13,19,34,34,34,87341,0,5,5.664261416765481,1.796900003682822,208.48889999615494,24090.510665094287
1790085382,200,GET,[GET] /actuator/health,29.200000,0.000000,4,5,6,6,9,11,12,13,20,20,20,12436,0,4,5.300110952083808,2.1715000038966537,145.4812000010861,49.0
1790085382,200,GET,[GET] /api/soporte/election/status,27.100000,0.000000,4,5,6,6,8,9,11,12,18,18,18,12456,0,4,4.881185428759424,1.8525000050431117,164.31780000857543,78.0
1790085382,200,GET,[GET] /api/soporte/tickets,54.800000,0.000000,7,7,8,9,11,13,19,20,34,34,34,24866,0,7,7.664647466413766,3.668300007120706,204.25330000580288,84651.0
1790085382,200,GET,[GET] /health,84.300000,0.000000,4,5,6,6,8,10,12,16,34,34,34,37782,0,4,4.72372317244068,1.796900003682822,208.48889999615494,83.99666507860886
1790085382,200,,Aggregated,195.400000,0.000000,5,6,7,7,9,11,13,19,34,34,34,87540,0,5,5.6633888314112415,1.796900003682822,208.48889999615494,24099.683116289696
1790085383,200,GET,[GET] /actuator/health,28.700000,0.000000,4,5,6,6,8,10,12,12,20,20,20,12471,0,5,5.300364156856333,2.1715000038966537,145.4812000010861,49.0
1790085383,200,GET,[GET] /api/soporte/election/status,27.100000,0.000000,4,5,6,6,7,8,10,10,15,15,15,12475,0,4,4.881206244537756,1.8525000050431117,164.31780000857543,78.0
1790085383,200,GET,[GET] /api/soporte/tickets,55.800000,0.000000,7,7,8,9,10,12,16,20,31,31,31,24921,0,7,7.663593495438102,3.668300007120706,204.25330000580288,84651.0
1790085383,200,GET,[GET] /health,83.800000,0.000000,4,5,6,6,8,9,10,16,34,34,34,37866,0,4,4.723247224453038,1.796900003682822,208.48889999615494,83.9966724766281
1790085383,200,,Aggregated,195.400000,0.000000,5,6,7,7,9,10,12,19,31,34,34,87733,0,5,5.662963562191143,1.796900003682822,208.48889999615494,24099.852028313177
1790085384,200,GET,[GET] /actuator/health,29.200000,0.000000,5,5,6,7,8,10,12,12,20,20,20,12504,0,5,5.300569177876196,2.1715000038966537,145.4812000010861,49.0
1790085384,200,GET,[GET] /api/soporte/election/status,26.200000,0.000000,4,5,6,6,7,8,10,10,15,15,15,12499,0,4,4.881017769470412,1.8525000050431117,164.31780000857543,78.0
1790085384,200,GET,[GET] /api/soporte/tickets,57.500000,0.000000,7,8,8,9,10,12,16,20,31,31,31,24979,0,7,7.662283438082567,3.668300007120706,204.25330000580288,84651.0
1790085384,200,GET,[GET] /health,84.400000,0.000000,4,5,6,6,8,9,10,15,24,24,24,37953,0,4,4.722700951208865,1.796900003682822,208.48889999615494,83.99668010433957
1790085384,200,,Aggregated,197.300000,0.000000,5,6,7,7,9,10,12,16,24,31,31,87935,0,5,5.66239842271984,1.796900003682822,208.48889999615494,24100.44775117985
1790085385,200,GET,[GET] /actuator/health,30.200000,0.000000,4,5,6,6,8,9,11,12,20,20,20,12550,0,5,5.2997077928391745,2.1715000038966537,145.4812000010861,49.0
1790085385,200,GET,[GET] /api/soporte/election/status,25.000000,0.000000,4,5,6,6,7,8,10,10,15,15,15,12522,0,4,4.88138584097005,1.8525000050431117,164.31780000857543,78.0
1790085385,200,GET,[GET] /api/soporte/tickets,58.600000,0.000000,6,7,8,8,10,12,15,20,31,31,31,25036,0,7,7.659099241084076,3.668300007120706,204.25330000580288,84651.0
1790085385,200,GET,[GET] /health,84.500000,0.000000,4,5,5,6,7,8,10,15,24,24,24,38037,0,4,4.721486657759525,1.796900003682822,208.48889999615494,83.99668743591766
1790085385,200,,Aggregated,198.300000,0.000000,5,6,7,7,8,10,12,16,24,31,31,88145,0,5,5.660904678674214,1.796900003682822,208.48889999615494,24097.896466050257
1790085386,200,GET,[GET] /actuator/health,30.600000,0.000000,4,5,6,7,8,9,11,12,20,20,20,12573,0,4,5.297509186365343,2.1715000038966537,145.4812000010861,49.0
1790085386,200,GET,[GET] /api/soporte/election/status,24.800000,0.000000,4,5,6,6,7,8,9,10,15,15,15,12544,0,4,4.880595758975789,1.8525000050431117,164.31780000857543,78.0
1790085386,200,GET,[GET] /api/soporte/tickets,58.800000,0.000000,6,7,8,8,10,12,15,20,31,31,31,25096,0,7,7.656250027887328,3.668300007120706,204.25330000580288,84651.0
1790085386,200,GET,[GET] /health,84.500000,0.000000,4,5,5,6,7,8,10,15,24,24,24,38127,0,4,4.719646575948408,1.796900003682822,208.48889999615494,83.99669525533086
1790085386,200,,Aggregated,198.700000,0.000000,5,6,7,7,8,10,12,16,24,31,31,88340,0,5,5.658987909234878,1.796900003682822,208.48889999615494,24102.315451664024
1790085387,200,GET,[GET] /actuator/health,31.300000,0.000000,4,5,6,6,7,9,10,11,12,12,12,12596,0,4,5.296427858065906,2.1715000038966537,145.4812000010861,49.0
1790085387,200,GET,[GET] /api/soporte/election/status,24.200000,0.000000,4,5,6,6,7,8,9,10,12,12,12,12570,0,4,4.8797136038698214,1.8525000050431117,164.31780000857543,78.0
1790085387,200,GET,[GET] /api/soporte/tickets,58.300000,0.000000,7,7,8,8,10,12,13,15,31,31,31,25167,0,7,7.656233233995911,3.668300007120706,204.25330000580288,84651.0
1790085387,200,GET,[GET] /health,84.700000,0.000000,4,5,5,6,7,8,9,10,16,16,16,38207,0,4,4.719517360724605,1.796900003682822,208.48889999615494,83.99662365535112
1790085387,200,,Aggregated,198.500000,0.000000,5,6,7,7,8,9,11,13,20,31,31,88540,0,5,5.6590786864922284,1.796900003682822,208.48889999615494,24115.864468037045
1790085388,200,GET,[GET] /actuator/health,30.800000,0.000000,4,5,6,7,8,9,11,12,38,38,38,12621,0,4,5.3012206877608286,2.1715000038966537,145.4812000010861,49.0
1790085388,200,GET,[GET] /api/soporte/election/status,24.600000,0.000000,4,5,6,6,7,8,10,11,12,12,12,12604,0,4,4.879177173964106,1.8525000050431117,164.31780000857543,78.0
1790085388,200,GET,[GET] /api/soporte/tickets,58.400000,0.000000,6,7,8,8,10,11,13,15,31,31,31,25222,0,7,7.653544147967839,3.668300007120706,204.25330000580288,84651.0
1790085388,200,GET,[GET] /health,85.000000,0.000000,4,5,5,6,7,8,9,11,16,16,16,38293,0,4,4.718382949917497,1.796900003682822,208.48889999615494,83.99663123808529
1790085388,200,,Aggregated,198.800000,0.000000,5,6,6,7,8,9,12,13,36,38,38,88740,0,5,5.658356819947133,1.796900003682822,208.48889999615494,24114.103515889114
1790085389,200,GET,[GET] /actuator/health,30.400000,0.000000,5,6,6,7,8,9,11,12,38,38,38,12650,0,5,5.301930205550241,2.1715000038966537,145.4812000010861,49.0
1790085389,200,GET,[GET] /api/soporte/election/status,24.600000,0.000000,4,5,6,6,7,8,10,11,12,12,12,12629,0,4,4.878073339195612,1.8525000050431117,164.31780000857543,78.0
1790085389,200,GET,[GET] /api/soporte/tickets,59.400000,0.000000,7,7,8,8,10,12,13,15,33,33,33,25290,0,7,7.653953594305168,3.668300007120706,204.25330000580288,84651.0
1790085389,200,GET,[GET] /health,85.300000,0.000000,4,5,5,6,7,8,9,11,15,15,15,38376,0,4,4.718206733405716,1.796900003682822,208.48889999615494,83.99663852407755
1790085389,200,,Aggregated,199.700000,0.000000,5,6,7,7,8,9,12,13,36,38,38,88945,0,5,5.658654149216566,1.796900003682822,208.48889999615494,24123.358895946934
1790085390,200,GET,[GET] /actuator/health,30.500000,0.000000,5,6,6,7,8,9,11,12,38,38,38,12683,0,5,5.301189663347249,2.1715000038966537,145.4812000010861,49.0
1790085390,200,GET,[GET] /api/soporte/election/status,24.100000,0.000000,4,5,6,6,7,8,10,11,12,12,12,12647,0,4,4.877628156930919,1.8525000050431117,164.31780000857543,78.0
1790085390,200,GET,[GET] /api/soporte/tickets,58.300000,0.000000,6,7,8,8,10,12,13,15,33,33,33,25344,0,7,7.652606758994688,3.668300007120706,204.25330000580288,84651.0
1790085390,200,GET,[GET] /health,86.700000,0.000000,4,5,5,6,7,8,9,11,15,15,15,38470,0,4,4.717292877598564,1.796900003682822,208.48889999615494,83.9966467377177
1790085390,200,,Aggregated,199.600000,0.000000,5,6,7,7,8,10,12,13,36,38,38,89144,0,5,5.657635673765106,1.796900003682822,208.48889999615494,24120.90805887104
1790085391,200,GET,[GET] /actuator/health,30.100000,0.000000,5,6,6,7,8,9,11,12,38,38,38,12707,0,5,5.300825120033494,2.1715000038966537,145.4812000010861,49.0
1790085391,200,GET,[GET] /api/soporte/election/status,24.000000,0.000000,4,5,5,6,7,8,10,11,12,12,12,12678,0,4,4.875793453283518,1.8525000050431117,164.31780000857543,78.0
1790085391,200,GET,[GET] /api/soporte/tickets,58.400000,0.000000,6,7,8,8,10,12,13,14,33,33,33,25390,0,7,7.651121083099851,3.668300007120706,204.25330000580288,84651.0
1790085391,200,GET,[GET] /health,85.600000,0.000000,4,5,5,6,7,8,9,11,15,15,15,38564,0,4,4.716562101991621,1.796900003682822,208.48889999615494,83.99665491131626
1790085391,200,,Aggregated,198.100000,0.000000,5,6,6,7,8,9,12,12,36,38,38,89339,0,5,5.6562571710239,1.796900003682822,208.48889999615494,24111.97421059112
1790085392,200,GET,[GET] /actuator/health,30.500000,0.000000,5,6,6,7,8,9,10,11,38,38,38,12732,0,5,5.300365033008704,2.1715000038966537,145.4812000010861,49.0
1790085392,200,GET,[GET] /api/soporte/election/status,24.100000,0.000000,4,5,5,6,7,8,11,11,12,12,12,12701,0,4,4.87502559646636,1.8525000050431117,164.31780000857543,78.0
1790085392,200,GET,[GET] /api/soporte/tickets,60.100000,0.000000,6,7,8,8,10,11,13,14,33,33,33,25452,0,7,7.649204471159867,3.654700005427003,204.25330000580288,84651.0
1790085392,200,GET,[GET] /health,84.500000,0.000000,4,5,5,6,7,8,9,11,15,15,15,38646,0,4,4.715585209365246,1.796900003682822,208.48889999615494,83.99666200900481
1790085392,200,,Aggregated,199.200000,0.000000,5,6,6,7,8,9,11,12,36,38,38,89531,0,5,5.655337323408387,1.796900003682822,208.48889999615494,24118.997140655192
1790085393,200,GET,[GET] /actuator/health,30.000000,0.000000,5,6,6,7,8,9,11,16,38,38,38,12756,0,5,5.3012078002740965,2.1715000038966537,145.4812000010861,49.0
1790085393,200,GET,[GET] /api/soporte/election/status,24.100000,0.000000,4,5,5,6,7,9,11,12,12,12,12,12730,0,4,4.876355491023252,1.8525000050431117,164.31780000857543,78.0
1790085393,200,GET,[GET] /api/soporte/tickets,58.700000,0.000000,6,7,8,8,10,12,13,15,33,33,33,25508,0,7,7.6498849066938615,3.654700005427003,204.25330000580288,84651.0
1790085393,200,GET,[GET] /health,86.400000,0.000000,4,5,5,6,7,8,10,12,16,16,16,38735,0,4,4.716062607489486,1.796900003682822,208.48889999615494,83.99666967858526
1790085393,200,,Aggregated,199.200000,0.000000,5,6,6,7,8,10,12,13,36,38,38,89729,0,5,5.656010447035793,1.796900003682822,208.48889999615494,24118.72753513357
1790085394,200,GET,[GET] /actuator/health,29.500000,0.000000,5,6,6,7,8,9,11,16,38,38,38,12789,0,5,5.2997660724253395,2.1715000038966537,145.4812000010861,49.0
1790085394,200,GET,[GET] /api/soporte/election/status,24.400000,0.000000,4,5,5,6,7,9,11,12,12,12,12,12752,0,4,4.8755801051359535,1.8525000050431117,164.31780000857543,78.0
1790085394,200,GET,[GET] /api/soporte/tickets,58.200000,0.000000,7,7,8,8,10,12,14,15,33,33,33,25569,0,7,7.64933253158088,3.654700005427003,204.25330000580288,84651.0
1790085394,200,GET,[GET] /health,85.800000,0.000000,4,5,5,6,7,8,10,12,16,16,16,38811,0,4,4.715540001573828,1.796900003682822,208.48889999615494,83.99667620004638
1790085394,200,,Aggregated,197.900000,0.000000,5,6,7,7,8,10,12,13,36,38,38,89921,0,5,5.655550008363059,1.796900003682822,208.48889999615494,24124.762080048044
1790085395,200,GET,[GET] /actuator/health,28.500000,0.000000,5,6,6,7,8,9,11,16,38,38,38,12816,0,5,5.29997482835745,2.1715000038966537,145.4812000010861,49.0
1790085395,200,GET,[GET] /api/soporte/election/status,25.800000,0.000000,4,5,5,6,7,10,11,12,16,16,16,12773,0,4,4.875895130404031,1.8525000050431117,164.31780000857543,78.0
1790085395,200,GET,[GET] /api/soporte/tickets,58.100000,0.000000,7,8,8,8,11,12,15,17,33,33,33,25625,0,7,7.649735578537987,3.654700005427003,204.25330000580288,84651.0
1790085395,200,GET,[GET] /health,86.600000,0.000000,4,5,5,6,7,9,11,12,16,16,16,38904,0,4,4.716152053801015,1.796900003682822,208.48889999615494,83.99668414558914
1790085395,200,,Aggregated,199.000000,0.000000,5,6,7,7,9,11,12,15,36,38,38,90118,0,5,5.655983705830027,1.796900003682822,208.48889999615494,24124.747109345524
1790085396,200,GET,[GET] /actuator/health,27.800000,0.000000,5,6,6,7,8,9,11,16,38,38,38,12847,0,5,5.297999447360326,2.1715000038966537,145.4812000010861,49.0
1790085396,200,GET,[GET] /api/soporte/election/status,25.200000,0.000000,4,5,5,6,7,10,11,12,16,16,16,12799,0,4,4.875490757143168,1.8525000050431117,164.31780000857543,78.0
1790085396,200,GET,[GET] /api/soporte/tickets,58.900000,0.000000,7,7,8,8,10,12,14,17,33,33,33,25688,0,7,7.648059872315991,3.654700005427003,204.25330000580288,84651.0
1790085396,200,GET,[GET] /health,84.800000,0.000000,4,5,5,6,7,9,11,12,19,19,19,38988,0,4,4.71603665489473,1.796900003682822,208.48889999615494,83.99669128962758
1790085396,200,,Aggregated,196.700000,0.000000,5,6,7,7,8,10,12,14,36,38,38,90322,0,5,5.655288901950825,1.796900003682822,208.48889999615494,24129.421137707315
1790085397,200,GET,[GET] /actuator/health,26.600000,0.000000,5,6,6,7,8,9,10,11,16,16,16,12880,0,5,5.297845155292855,2.1715000038966537,145.4812000010861,49.0
1790085397,200,GET,[GET] /api/soporte/election/status,25.200000,0.000000,4,5,6,6,8,9,11,12,16,16,16,12830,0,4,4.876729064745431,1.8525000050431117,164.31780000857543,78.0
1790085397,200,GET,[GET] /api/soporte/tickets,59.000000,0.000000,7,8,8,9,11,12,14,17,33,33,33,25738,0,7,7.6476654945994165,3.654700005427003,204.25330000580288,84651.0
1790085397,200,GET,[GET] /health,86.600000,0.000000,4,5,5,6,7,9,10,12,19,19,19,39080,0,4,4.715269611080737,1.796900003682822,208.48889999615494,83.9966990788127
1790085397,200,,Aggregated,197.400000,0.000000,5,6,7,7,9,10,12,14,33,33,33,90528,0,5,5.654748038196921,1.796900003682822,208.48889999615494,24121.397678066456
1790085398,200,GET,[GET] /actuator/health,27.400000,0.000000,5,5,6,7,8,9,10,11,18,18,18,12902,0,5,5.299432033806578,2.1715000038966537,145.4812000010861,49.0
1790085398,200,GET,[GET] /api/soporte/election/status,25.300000,0.000000,4,5,6,6,8,9,11,12,16,16,16,12856,0,4,4.875783750835606,1.8525000050431117,164.31780000857543,78.0
1790085398,200,GET,[GET] /api/soporte/tickets,59.400000,0.000000,7,8,8,9,11,12,15,19,33,33,33,25802,0,7,7.648569827918905,3.654700005427003,204.25330000580288,84651.0
1790085398,200,GET,[GET] /health,85.700000,0.000000,4,5,5,6,7,9,11,14,19,19,19,39165,0,4,4.715990118752266,1.796900003682822,208.48889999615494,83.99670624281885
1790085398,200,,Aggregated,197.800000,0.000000,5,6,7,7,9,10,13,15,32,33,33,90725,0,5,5.655624135594501,1.796900003682822,208.48889999615494,24128.84870763296
1790085399,200,GET,[GET] /actuator/health,28.000000,0.000000,5,6,6,7,8,9,11,13,18,18,18,12933,0,5,5.300286986788924,2.1715000038966537,145.4812000010861,49.0
1790085399,200,GET,[GET] /api/soporte/election/status,25.600000,0.000000,4,5,6,6,8,9,11,13,16,16,16,12886,0,4,4.8760415179848815,1.8525000050431117,164.31780000857543,78.0
1790085399,200,GET,[GET] /api/soporte/tickets,57.200000,0.000000,7,8,8,9,11,13,15,19,33,33,33,25857,0,7,7.64896456665253,3.654700005427003,204.25330000580288,84651.0
1790085399,200,GET,[GET] /health,87.200000,0.000000,4,5,6,6,8,9,11,14,19,19,19,39248,0,4,4.716292618753037,1.796900003682822,208.48889999615494,83.99671320831635
1790085399,200,,Aggregated,198.000000,0.000000,5,6,7,7,9,11,13,15,32,33,33,90924,0,5,5.6559941500775155,1.796900003682822,208.48889999615494,24127.36389732084
1790085400,200,GET,[GET] /actuator/health,28.300000,0.000000,5,6,6,7,8,10,11,17,19,19,19,12961,0,5,5.3026707121451295,2.1715000038966537,145.4812000010861,49.0
1790085400,200,GET,[GET] /api/soporte/election/status,25.300000,0.000000,4,5,6,6,8,9,11,13,16,16,16,12913,0,4,4.874676364958673,1.8525000050431117,164.31780000857543,78.0
1790085400,200,GET,[GET] /api/soporte/tickets,57.400000,0.000000,7,8,8,9,11,13,19,23,33,33,33,25919,0,7,7.650490358421817,3.654700005427003,204.25330000580288,84651.0
1790085400,200,GET,[GET] /health,87.300000,0.000000,4,5,6,6,8,9,11,14,19,19,19,39331,0,4,4.715749780093268,1.796900003682822,208.48889999615494,83.99672014441535
1790085400,200,,Aggregated,198.300000,0.000000,5,6,7,7,9,11,14,17,32,33,33,91124,0,5,5.656499113313812,1.796900003682822,208.48889999615494,24132.119386769675
1790085401,200,GET,[GET] /actuator/health,28.100000,0.000000,5,6,6,7,9,10,13,17,19,19,19,12978,0,5,5.302221644327917,2.1715000038966537,145.4812000010861,49.0
1790085401,200,GET,[GET] /api/soporte/election/status,25.800000,0.000000,4,5,6,6,8,10,11,13,16,16,16,12939,0,4,4.874135080041803,1.8525000050431117,164.31780000857543,78.0
1790085401,200,GET,[GET] /api/soporte/tickets,57.600000,0.000000,7,8,8,9,11,13,19,23,33,33,33,25980,0,7,7.647890165509287,3.654700005427003,204.25330000580288,84651.0
1790085401,200,GET,[GET] /health,86.700000,0.000000,4,5,6,6,8,9,11,14,29,29,29,39431,0,4,4.714923215255616,1.796900003682822,208.48889999615494,83.99672846237732
1790085401,200,,Aggregated,198.200000,0.000000,5,6,7,7,9,11,14,17,32,33,33,91328,0,5,5.655275382154696,1.796900003682822,208.48889999615494,24134.878887088296
1790085402,200,GET,[GET] /actuator/health,27.800000,0.000000,5,6,6,7,9,10,11,17,19,19,19,13018,0,5,5.301649370115508,2.1715000038966537,145.4812000010861,49.0
1790085402,200,GET,[GET] /api/soporte/election/status,26.400000,0.000000,4,5,6,6,8,9,11,13,16,16,16,12965,0,4,4.872420786784463,1.8525000050431117,164.31780000857543,78.0
1790085402,200,GET,[GET] /api/soporte/tickets,56.800000,0.000000,7,8,8,9,11,13,17,23,33,33,33,26044,0,7,7.645817347562051,3.654700005427003,204.25330000580288,84651.0
1790085402,200,GET,[GET] /health,87.000000,0.000000,4,5,6,6,7,9,11,14,29,29,29,39508,0,4,4.7140655082703455,1.796900003682822,208.48889999615494,83.99673483851372
1790085402,200,,Aggregated,198.000000,0.000000,5,6,7,7,9,10,13,17,32,33,33,91535,0,5,5.65421722949118,1.796900003682822,208.48889999615494,24139.60057901349
1790085403,200,GET,[GET] /actuator/health,27.500000,0.000000,5,6,7,7,9,10,11,17,19,19,19,13045,0,5,5.302627159846972,2.1715000038966537,145.4812000010861,49.0
1790085403,200,GET,[GET] /api/soporte/election/status,26.100000,0.000000,4,5,6,6,8,9,11,13,16,16,16,12987,0,4,4.873511634764035,1.8525000050431117,164.31780000857543,78.0
1790085403,200,GET,[GET] /api/soporte/tickets,58.600000,0.000000,7,8,8,9,11,13,17,22,33,33,33,26093,0,7,7.646791564783762,3.654700005427003,204.25330000580288,84651.0
1790085403,200,GET,[GET] /health,86.600000,0.000000,4,5,5,6,7,9,11,14,29,29,29,39605,0,4,4.714691086999976,1.796900003682822,208.48889999615494,83.99674283550057
1790085403,200,,Aggregated,198.800000,0.000000,5,6,7,7,9,11,14,17,32,33,33,91730,0,5,5.654836364345591,1.796900003682822,208.48889999615494,24133.625040880845
1790085404,200,GET,[GET] /actuator/health,27.800000,0.000000,5,6,7,8,9,11,14,18,44,44,44,13074,0,5,5.307717431555626,2.1715000038966537,145.4812000010861,49.0
1790085404,200,GET,[GET] /api/soporte/election/status,26.400000,0.000000,4,5,6,6,8,9,11,12,15,15,15,13020,0,4,4.873527334917629,1.8525000050431117,164.31780000857543,78.0
1790085404,200,GET,[GET] /api/soporte/tickets,59.200000,0.000000,7,8,8,9,11,14,22,32,35,35,35,26146,0,7,7.652363252504292,3.654700005427003,204.25330000580288,84651.0
1790085404,200,GET,[GET] /health,85.400000,0.000000,4,5,5,6,7,9,11,14,29,29,29,39679,0,4,4.714276846709376,1.796900003682822,208.48889999615494,83.99674891000278
1790085404,200,,Aggregated,198.800000,0.000000,5,6,7,7,9,11,14,19,35,44,44,91919,0,5,5.656968681136047,1.796900003682822,208.48889999615494,24132.922888630208
1790085405,200,GET,[GET] /actuator/health,28.900000,0.000000,5,6,7,8,10,11,14,18,44,44,44,13112,0,5,5.308519013133713,2.1715000038966537,145.4812000010861,49.0
1790085405,200,GET,[GET] /api/soporte/election/status,25.300000,0.000000,4,5,6,6,8,9,11,12,15,15,15,13046,0,4,4.874195500586796,1.8525000050431117,164.31780000857543,78.0
1790085405,200,GET,[GET] /api/soporte/tickets,58.200000,0.000000,7,8,9,9,12,14,22,32,35,35,35,26209,0,7,7.6540018238016305,3.654700005427003,204.25330000580288,84651.0
1790085405,200,GET,[GET] /health,86.100000,0.000000,4,5,5,6,7,9,11,14,29,29,29,39753,0,4,4.714245966357039,1.796900003682822,208.48889999615494,83.99675496188966
1790085405,200,,Aggregated,198.500000,0.000000,5,6,7,7,9,11,15,18,35,44,44,92120,0,5,5.657872443567878,1.796900003682822,208.48889999615494,24138.268106817195
1790085406,200,GET,[GET] /actuator/health,29.000000,0.000000,5,6,7,8,10,11,14,18,44,44,44,13141,0,5,5.309785495790899,2.1715000038966537,145.4812000010861,49.0
1790085406,200,GET,[GET] /api/soporte/election/status,26.600000,0.000000,4,5,5,6,8,9,12,12,15,15,15,13078,0,4,4.874571432987935,1.8525000050431117,164.31780000857543,78.0
1790085406,200,GET,[GET] /api/soporte/tickets,57.100000,0.000000,7,8,9,9,12,14,22,32,35,35,35,26260,0,7,7.654132871286641,3.654700005427003,204.25330000580288,84651.0
1790085406,200,GET,[GET] /health,86.400000,0.000000,4,5,5,6,7,9,11,14,29,29,29,39846,0,4,4.715247149037703,1.796900003682822,208.48889999615494,83.99676253576268
1790085406,200,,Aggregated,199.100000,0.000000,5,6,7,7,9,11,15,18,35,44,44,92325,0,5,5.658346098037887,1.796900003682822,208.48889999615494,24131.55903601408
1790085407,200,GET,[GET] /actuator/health,29.400000,0.000000,5,6,7,7,9,11,14,17,44,44,44,13177,0,5,5.308397617074988,2.1715000038966537,145.4812000010861,49.0
1790085407,200,GET,[GET] /api/soporte/election/status,26.700000,0.000000,4,5,6,6,8,10,12,13,15,15,15,13112,0,4,4.875667464968291,1.8525000050431117,164.31780000857543,78.0
1790085407,200,GET,[GET] /api/soporte/tickets,57.800000,0.000000,7,8,9,9,11,13,20,31,35,35,35,26322,0,7,7.653468957522704,3.654700005427003,204.25330000580288,84651.0
1790085407,200,GET,[GET] /health,84.400000,0.000000,4,5,5,6,7,9,11,13,29,29,29,39924,0,4,4.714948619890381,1.796900003682822,208.48889999615494,83.99676886083559
1790085407,200,,Aggregated,198.300000,0.000000,5,6,7,7,9,11,14,18,35,44,44,92535,0,5,5.65810477982685,1.796900003682822,208.48889999615494,24133.6307127033
1790085408,200,GET,[GET] /actuator/health,29.300000,0.000000,5,6,7,7,10,12,14,17,44,44,44,13200,0,5,5.308692962136058,2.1715000038966537,145.4812000010861,49.0
1790085408,200,GET,[GET] /api/soporte/election/status,27.700000,0.000000,4,5,6,6,8,10,12,13,15,15,15,13138,0,4,4.87615779423828,1.8525000050431117,164.31780000857543,78.0
1790085408,200,GET,[GET] /api/soporte/tickets,56.700000,0.000000,7,8,9,9,11,13,22,31,35,35,35,26378,0,7,7.65248140495928,3.654700005427003,204.25330000580288,84651.0
1790085408,200,GET,[GET] /health,85.300000,0.000000,4,5,5,6,7,9,10,13,29,29,29,40016,0,4,4.714230045495048,1.796900003682822,208.48889999615494,83.99670131947221
1790085408,200,,Aggregated,199.000000,0.000000,5,6,7,7,9,11,14,18,35,44,44,92732,0,5,5.657588450604368,1.796900003682822,208.48889999615494,24133.59847733253
1790085409,200,GET,[GET] /actuator/health,29.400000,0.000000,5,6,7,7,9,11,13,14,44,44,44,13227,0,5,5.3092305965219335,2.1715000038966537,145.4812000010861,49.0
1790085409,200,GET,[GET] /api/soporte/election/status,28.100000,0.000000,4,5,6,7,8,10,12,13,13,13,13,13181,0,4,4.876648577555925,1.8525000050431117,164.31780000857543,78.0
1790085409,200,GET,[GET] /api/soporte/tickets,57.700000,0.000000,7,8,8,9,11,13,18,31,35,35,35,26425,0,7,7.65139445222334,3.654700005427003,204.25330000580288,84651.0
1790085409,200,GET,[GET] /health,83.500000,0.000000,4,5,5,6,7,9,10,13,29,29,29,40089,0,4,4.713728568948029,1.796900003682822,208.48889999615494,83.9967073261992
1790085409,200,,Aggregated,198.700000,0.000000,5,6,7,7,9,11,13,15,35,44,44,92922,0,5,5.657014065576716,1.796900003682822,208.48889999615494,24127.184735584684
1790085410,200,GET,[GET] /actuator/health,29.000000,0.000000,5,6,7,7,9,11,13,14,44,44,44,13256,0,5,5.309857392893948,2.1715000038966537,145.4812000010861,49.0
1790085410,200,GET,[GET] /api/soporte/election/status,27.700000,0.000000,4,5,6,6,8,9,12,13,13,13,13,13209,0,4,4.8757872360325605,1.8525000050431117,164.31780000857543,78.0
1790085410,200,GET,[GET] /api/soporte/tickets,57.000000,0.000000,7,8,8,9,11,13,18,31,35,35,35,26491,0,7,7.649369563246629,3.654700005427003,204.25330000580288,84651.0
1790085410,200,GET,[GET] /health,83.700000,0.000000,4,5,5,6,7,8,10,12,18,18,18,40175,0,4,4.712248388314898,1.796900003682822,208.48889999615494,83.99671437461107
1790085410,200,,Aggregated,197.400000,0.000000,5,6,7,7,9,11,13,15,35,44,44,93131,0,5,5.65596601884951,1.796900003682822,208.48889999615494,24133.14637446178
1790085411,200,GET,[GET] /actuator/health,29.600000,0.000000,5,6,7,7,9,11,13,14,44,44,44,13282,0,5,5.310033044738132,2.1715000038966537,145.4812000010861,49.0
1790085411,200,GET,[GET] /api/soporte/election/status,28.900000,0.000000,4,5,6,6,8,9,12,13,14,14,14,13236,0,4,4.874647249982841,1.8525000050431117,164.31780000857543,78.0
1790085411,200,GET,[GET] /api/soporte/tickets,56.100000,0.000000,7,8,8,9,11,13,18,31,35,35,35,26552,0,7,7.647715829315634,3.654700005427003,204.25330000580288,84651.0
1790085411,200,GET,[GET] /health,84.000000,0.000000,4,5,5,6,7,9,10,12,18,18,18,40266,0,4,4.711628046006301,1.796900003682822,208.48889999615494,83.9967218000298
1790085411,200,,Aggregated,198.600000,0.000000,5,6,7,7,9,11,13,15,35,44,44,93336,0,5,5.655151876033504,1.796900003682822,208.48889999615494,24135.58316190966
1790085412,200,GET,[GET] /actuator/health,28.700000,0.000000,5,6,7,7,9,11,13,14,44,44,44,13314,0,5,5.308545080386069,2.1715000038966537,145.4812000010861,49.0
1790085412,200,GET,[GET] /api/soporte/election/status,29.500000,0.000000,4,5,6,6,8,9,12,13,14,14,14,13260,0,4,4.8730713122775065,1.8525000050431117,164.31780000857543,78.0
1790085412,200,GET,[GET] /api/soporte/tickets,56.500000,0.000000,7,8,8,9,11,13,18,31,35,35,35,26603,0,7,7.645128068261374,3.654700005427003,204.25330000580288,84651.0
1790085412,200,GET,[GET] /health,83.500000,0.000000,4,5,5,6,7,8,10,11,18,18,18,40339,0,4,4.710910245680378,1.796900003682822,208.48889999615494,83.99672773246733
1790085412,200,,Aggregated,198.200000,0.000000,5,6,7,7,9,11,13,14,35,44,44,93516,0,5,5.653702523648552,1.796900003682822,208.48889999615494,24135.394616963942
1790085413,200,GET,[GET] /actuator/health,29.900000,0.000000,5,6,7,7,9,10,13,14,18,18,18,13346,0,5,5.311678592853551,2.1715000038966537,145.4812000010861,49.0
1790085413,200,GET,[GET] /api/soporte/election/status,29.100000,0.000000,4,5,6,6,8,11,13,15,16,16,16,13288,0,4,4.87676670686424,1.8525000050431117,164.31780000857543,78.0
1790085413,200,GET,[GET] /api/soporte/tickets,56.600000,0.000000,7,8,8,9,11,12,14,18,28,28,28,26652,0,7,7.646756427284357,3.654700005427003,204.25330000580288,84651.0
1790085413,200,GET,[GET] /health,81.900000,0.000000,4,5,5,6,7,9,10,12,18,18,18,40438,0,4,4.711988706182325,1.796900003682822,208.48889999615494,83.9967357436075
1790085413,200,,Aggregated,197.500000,0.000000,5,6,7,7,9,11,13,14,24,28,28,93724,0,5,5.65529522962762,1.796900003682822,208.48889999615494,24126.216657419656
1790085414,200,GET,[GET] /actuator/health,29.600000,0.000000,5,6,7,7,8,10,13,15,53,53,53,13379,0,5,5.3137201285751,2.1715000038966537,145.4812000010861,49.0
1790085414,200,GET,[GET] /api/soporte/election/status,29.500000,0.000000,4,5,6,7,8,11,13,16,48,48,48,13310,0,4,4.880186416288818,1.8525000050431117,164.31780000857543,78.0
1790085414,200,GET,[GET] /api/soporte/tickets,55.500000,0.000000,7,7,8,8,10,12,14,18,28,28,28,26700,0,7,7.645427119848515,3.654700005427003,204.25330000580288,84651.0
1790085414,200,GET,[GET] /health,83.800000,0.000000,4,5,5,6,7,8,10,12,48,48,48,40534,0,4,4.712145958964045,1.796900003682822,208.48889999615494,83.99674347461391
1790085414,200,,Aggregated,198.400000,0.000000,5,6,7,7,9,10,13,15,48,53,53,93923,0,5,5.655511122958321,1.796900003682822,208.48889999615494,24118.481894743567
1790085415,200,GET,[GET] /actuator/health,30.000000,0.000000,5,6,6,7,8,10,13,15,53,53,53,13411,0,5,5.312969495204534,2.1715000038966537,145.4812000010861,49.0
1790085415,200,GET,[GET] /api/soporte/election/status,30.000000,0.000000,4,5,6,6,8,11,14,16,48,48,48,13337,0,4,4.8812201245259725,1.8525000050431117,164.31780000857543,78.0
1790085415,200,GET,[GET] /api/soporte/tickets,55.500000,0.000000,7,7,8,8,10,12,15,18,28,28,28,26758,0,7,7.643705157334671,3.654700005427003,204.25330000580288,84651.0
1790085415,200,GET,[GET] /health,82.300000,0.000000,4,5,5,6,7,9,11,13,48,48,48,40616,0,4,4.712806017346979,1.796900003682822,208.48889999615494,83.99675004924168
1790085415,200,,Aggregated,197.800000,0.000000,5,6,7,7,8,10,13,15,48,53,53,94122,0,5,5.655411683788242,1.796900003682822,208.48889999615494,24119.764720256688
1790085416,200,GET,[GET] /actuator/health,30.000000,0.000000,5,6,6,7,8,9,13,15,53,53,53,13436,0,5,5.311438835978947,2.1715000038966537,145.4812000010861,49.0
1790085416,200,GET,[GET] /api/soporte/election/status,28.800000,0.000000,4,5,6,6,8,9,14,16,48,48,48,13372,0,4,4.880550882499977,1.8525000050431117,164.31780000857543,78.0
1790085416,200,GET,[GET] /api/soporte/tickets,55.400000,0.000000,6,7,8,8,10,11,15,18,28,28,28,26807,0,7,7.64289050620901,3.654700005427003,204.25330000580288,84651.0
1790085416,200,GET,[GET] /health,84.100000,0.000000,4,5,5,6,7,8,10,12,48,48,48,40705,0,4,4.712310539261564,1.796900003682822,208.48889999615494,83.99668345412111
1790085416,200,,Aggregated,198.300000,0.000000,5,6,6,7,8,10,13,15,48,53,53,94320,0,5,5.654418839075379,1.796900003682822,208.48889999615494,24113.229664970313
1790085417,200,GET,[GET] /actuator/health,30.000000,0.000000,5,6,7,7,8,9,12,15,53,53,53,13465,0,5,5.312032008925235,2.1715000038966537,145.4812000010861,49.0
1790085417,200,GET,[GET] /api/soporte/election/status,28.800000,0.000000,4,5,6,6,8,10,14,16,48,48,48,13395,0,4,4.880587383412712,1.8525000050431117,164.31780000857543,78.0
1790085417,200,GET,[GET] /api/soporte/tickets,55.000000,0.000000,6,7,8,8,10,12,15,16,28,28,28,26860,0,7,7.643749154876942,3.654700005427003,204.25330000580288,84651.0
1790085417,200,GET,[GET] /health,85.100000,0.000000,4,5,6,6,7,9,10,12,48,48,48,40802,0,4,4.711787733459774,1.796900003682822,208.48889999615494,83.9966178128523
1790085417,200,,Aggregated,198.900000,0.000000,5,6,7,7,8,10,13,15,48,53,53,94522,0,5,5.654381460417807,1.796900003682822,208.48889999615494,24109.28339434206
1790085418,200,GET,[GET] /actuator/health,29.500000,0.000000,5,6,6,7,8,9,12,15,53,53,53,13498,0,5,5.311137864881306,2.1715000038966537,145.4812000010861,49.0
1790085418,200,GET,[GET] /api/soporte/election/status,29.400000,0.000000,4,5,6,6,8,9,15,16,48,48,48,13417,0,4,4.879461914052365,1.8525000050431117,164.31780000857543,78.0
1790085418,200,GET,[GET] /api/soporte/tickets,54.300000,0.000000,7,7,8,9,11,12,15,16,28,28,28,26914,0,7,7.642922694508012,3.654700005427003,204.25330000580288,84651.0
1790085418,200,GET,[GET] /health,85.400000,0.000000,4,5,5,6,7,9,10,12,48,48,48,40892,0,4,4.7106769221511,1.796900003682822,208.48889999615494,83.99662525677394
1790085418,200,,Aggregated,198.600000,0.000000,5,6,7,7,8,10,13,15,48,53,53,94721,0,5,5.653319765433219,1.796900003682822,208.48889999615494,24107.00617603277
1790085419,200,GET,[GET] /actuator/health,28.900000,0.000000,5,6,6,7,8,9,12,15,53,53,53,13532,0,5,5.311406636134668,2.1715000038966537,145.4812000010861,49.0
1790085419,200,GET,[GET] /api/soporte/election/status,28.500000,0.000000,4,5,6,6,8,10,15,16,48,48,48,13439,0,4,4.879167735759036,1.8525000050431117,164.31780000857543,78.0
1790085419,200,GET,[GET] /api/soporte/tickets,53.300000,0.000000,7,8,8,9,10,12,15,16,28,28,28,26973,0,7,7.641831027321539,3.654700005427003,204.25330000580288,84651.0
1790085419,200,GET,[GET] /health,86.400000,0.000000,4,5,6,6,7,9,10,12,48,48,48,40974,0,4,4.709824874325241,1.796900003682822,208.48889999615494,83.99663201054327
1790085419,200,,Aggregated,197.100000,0.000000,5,6,7,7,9,10,13,15,48,53,53,94918,0,5,5.652758828689882,1.796900003682822,208.48889999615494,24109.69901388567
1790085420,200,GET,[GET] /actuator/health,29.700000,0.000000,5,5,6,7,8,9,12,15,53,53,53,13555,0,5,5.309992268547677,2.1715000038966537,145.4812000010861,49.0
1790085420,200,GET,[GET] /api/soporte/election/status,28.500000,0.000000,4,5,6,6,8,10,15,16,48,48,48,13466,0,4,4.878178709409096,1.8525000050431117,164.31780000857543,78.0
1790085420,200,GET,[GET] /api/soporte/tickets,53.600000,0.000000,7,8,8,9,11,12,15,18,28,28,28,27034,0,7,7.640023847744226,3.654700005427003,204.25330000580288,84651.0
1790085420,200,GET,[GET] /health,86.900000,0.000000,4,5,6,6,7,8,10,12,48,48,48,41068,0,4,4.709243924725978,1.796900003682822,208.48889999615494,83.99656666991332
1790085420,200,,Aggregated,198.700000,0.000000,5,6,7,7,9,10,13,15,48,53,53,95123,0,5,5.651694478744684,1.796900003682822,208.48889999615494,24112.14162715642
1790085421,200,GET,[GET] /actuator/health,30.000000,0.000000,5,5,6,7,8,9,11,15,53,53,53,13582,0,5,5.307265763521575,2.1715000038966537,145.4812000010861,49.0
1790085421,200,GET,[GET] /api/soporte/election/status,26.300000,0.000000,4,5,6,6,8,9,15,16,48,48,48,13503,0,4,4.877051373834521,1.8525000050431117,164.31780000857543,78.0
1790085421,200,GET,[GET] /api/soporte/tickets,54.000000,0.000000,7,7,8,9,10,12,15,18,28,28,28,27083,0,7,7.637824930764599,3.654700005427003,204.25330000580288,84651.0
1790085421,200,GET,[GET] /health,87.300000,0.000000,4,5,6,6,7,8,10,13,48,48,48,41149,0,4,4.707858003856845,1.796900003682822,208.48889999615494,83.99657342827287
1790085421,200,,Aggregated,197.600000,0.000000,5,6,7,7,8,10,13,15,48,53,53,95317,0,5,5.649747368272612,1.796900003682822,208.48889999615494,24106.698280474626
1790085422,200,GET,[GET] /actuator/health,30.200000,0.000000,4,5,6,6,8,8,10,11,53,53,53,13600,0,5,5.3066445661887185,2.1715000038966537,145.4812000010861,49.0
1790085422,200,GET,[GET] /api/soporte/election/status,25.500000,0.000000,4,5,6,6,8,9,10,13,48,48,48,13533,0,4,4.877226365249933,1.8525000050431117,164.31780000857543,78.0
1790085422,200,GET,[GET] /api/soporte/tickets,54.400000,0.000000,7,7,8,9,10,12,14,15,21,21,21,27141,0,7,7.635762348475453,3.654700005427003,204.25330000580288,84651.0
1790085422,200,GET,[GET] /health,87.700000,0.000000,4,5,6,6,7,8,10,12,48,48,48,41236,0,4,4.707038946567363,1.796900003682822,208.48889999615494,83.99658065767775
1790085422,200,,Aggregated,197.800000,0.000000,5,6,7,7,8,10,12,13,48,53,53,95510,0,5,5.648786037082169,1.796900003682822,208.48889999615494,24109.501078421108
1790085423,200,GET,[GET] /actuator/health,30.000000,0.000000,4,5,6,6,8,9,11,12,14,14,14,13631,0,5,5.307984674652546,2.1715000038966537,145.4812000010861,49.0
1790085423,200,GET,[GET] /api/soporte/election/status,26.800000,0.000000,4,5,6,6,8,9,11,13,20,20,20,13567,0,4,4.879950173284127,1.8525000050431117,164.31780000857543,78.0
1790085423,200,GET,[GET] /api/soporte/tickets,53.000000,0.000000,7,8,8,9,10,12,15,16,21,21,21,27200,0,7,7.637339084557264,3.654700005427003,204.25330000580288,84651.0
1790085423,200,GET,[GET] /health,89.600000,0.000000,4,5,6,6,7,8,10,12,18,18,18,41321,0,4,4.707289155651631,1.796900003682822,208.48889999615494,83.99651508917984
1790085423,200,,Aggregated,199.400000,0.000000,5,6,7,7,8,10,12,14,20,21,21,95719,0,5,5.649922600547156,1.796900003682822,208.48889999615494,24109.154556566617
1790085424,200,GET,[GET] /actuator/health,29.400000,0.000000,4,5,6,7,8,9,12,12,14,14,14,13655,0,5,5.308576235827298,2.1715000038966537,145.4812000010861,49.0
1790085424,200,GET,[GET] /api/soporte/election/status,26.600000,0.000000,4,5,6,6,8,9,11,13,20,20,20,13597,0,4,4.880313731037178,1.8525000050431117,164.31780000857543,78.0
1790085424,200,GET,[GET] /api/soporte/tickets,53.200000,0.000000,7,8,8,9,10,12,15,16,21,21,21,27258,0,7,7.635625350352046,3.654700005427003,204.25330000580288,84651.0
1790085424,200,GET,[GET] /health,88.700000,0.000000,4,5,6,6,7,9,11,12,18,18,18,41406,0,4,4.708409097730047,1.796900003682822,208.48889999615494,83.99652224315317
1790085424,200,,Aggregated,197.900000,0.000000,5,6,7,7,9,10,12,14,20,21,21,95916,0,5,5.650094845506908,1.796900003682822,208.48889999615494,24110.936433963052
1790085425,200,GET,[GET] /actuator/health,27.900000,0.000000,5,5,6,7,8,9,11,12,14,14,14,13689,0,5,5.307378705547133,2.1715000038966537,145.4812000010861,49.0
1790085425,200,GET,[GET] /api/soporte/election/status,27.200000,0.000000,4,5,6,6,8,9,11,13,13,13,13,13617,0,4,4.879800976785503,1.8525000050431117,164.31780000857543,78.0
1790085425,200,GET,[GET] /api/soporte/tickets,54.400000,0.000000,7,8,8,9,10,12,15,16,20,20,20,27316,0,7,7.635221397713997,3.654700005427003,204.25330000580288,84651.0
1790085425,200,GET,[GET] /health,88.300000,0.000000,4,5,6,6,7,8,9,11,18,18,18,41491,0,4,4.707502212543018,1.796900003682822,208.48889999615494,83.9965293678147
1790085425,200,,Aggregated,197.800000,0.000000,5,6,7,7,9,10,12,14,19,20,20,96113,0,5,5.6494297233641735,1.796900003682822,208.48889999615494,24112.70798955396
1790085426,200,GET,[GET] /actuator/health,27.500000,0.000000,4,5,6,6,8,9,11,12,14,14,14,13724,0,5,5.30560085982411,2.1715000038966537,145.4812000010861,49.0
1790085426,200,GET,[GET] /api/soporte/election/status,28.400000,0.000000,4,5,6,6,8,10,11,13,13,13,13,13640,0,4,4.880053203877414,1.8525000050431117,164.31780000857543,78.0
1790085426,200,GET,[GET] /api/soporte/tickets,54.300000,0.000000,7,7,8,9,10,12,14,16,20,20,20,27363,0,7,7.634000073092489,3.654700005427003,204.25330000580288,84651.0
1790085426,200,GET,[GET] /health,87.600000,0.000000,4,5,5,6,7,8,9,11,18,18,18,41571,0,4,4.706950549678468,1.796900003682822,208.48889999615494,83.99653604676337
1790085426,200,,Aggregated,197.800000,0.000000,5,6,7,7,8,10,12,13,19,20,20,96298,0,5,5.648505443538053,1.796900003682822,208.48889999615494,24107.806278427382
1790085427,200,GET,[GET] /actuator/health,27.300000,0.000000,4,5,6,7,8,9,10,12,14,14,14,13749,0,5,5.305384733451452,2.1715000038966537,145.4812000010861,49.0
1790085427,200,GET,[GET] /api/soporte/election/status,28.400000,0.000000,4,5,6,6,8,9,11,13,32,32,32,13669,0,4,4.8812323652699146,1.8525000050431117,164.31780000857543,78.0
1790085427,200,GET,[GET] /api/soporte/tickets,54.800000,0.000000,7,8,8,9,10,12,14,16,20,20,20,27427,0,7,7.633691490139914,3.654700005427003,204.25330000580288,84651.0
1790085427,200,GET,[GET] /health,87.200000,0.000000,4,5,5,6,7,8,9,11,18,18,18,41659,0,4,4.70588101252326,1.796900003682822,208.48889999615494,83.99654336397897
1790085427,200,,Aggregated,197.700000,0.000000,5,6,7,7,9,10,12,13,20,32,32,96504,0,5,5.648230679576726,1.796900003682822,208.48889999615494,24112.597115145487
1790085428,200,GET,[GET] /actuator/health,27.700000,0.000000,4,5,6,7,8,9,10,12,14,14,14,13777,0,5,5.304178275401617,2.1715000038966537,145.4812000010861,49.0
1790085428,200,GET,[GET] /api/soporte/election/status,26.600000,0.000000,4,5,6,6,8,9,11,13,32,32,32,13692,0,4,4.880149306227384,1.8525000050431117,164.31780000857543,78.0
1790085428,200,GET,[GET] /api/soporte/tickets,55.800000,0.000000,7,7,8,9,10,12,14,16,20,20,20,27487,0,7,7.6319641466914865,3.654700005427003,204.25330000580288,84651.0
1790085428,200,GET,[GET] /health,85.900000,0.000000,4,5,5,6,7,8,9,11,18,18,18,41755,0,4,4.704799932959694,1.796900003682822,208.48889999615494,83.9964794635373
1790085428,200,,Aggregated,196.000000,0.000000,5,6,7,7,8,10,12,13,20,32,32,96711,0,5,5.646962476883853,1.796900003682822,208.48889999615494,24113.620570565912
1790085429,200,GET,[GET] /actuator/health,28.700000,0.000000,4,5,6,7,8,9,11,12,14,14,14,13806,0,5,5.303250289743272,2.1715000038966537,145.4812000010861,49.0
1790085429,200,GET,[GET] /api/soporte/election/status,27.000000,0.000000,4,6,6,7,8,10,11,13,32,32,32,13719,0,4,4.881375027396802,1.8525000050431117,164.31780000857543,78.0
1790085429,200,GET,[GET] /api/soporte/tickets,56.600000,0.000000,7,7,8,9,10,12,14,16,20,20,20,27532,0,7,7.631794206747688,3.654700005427003,204.25330000580288,84651.0
1790085429,200,GET,[GET] /health,86.000000,0.000000,4,5,5,6,7,8,9,11,18,18,18,41858,0,4,4.704688719020144,1.796900003682822,208.48889999615494,83.996488126523
1790085429,200,,Aggregated,198.300000,0.000000,5,6,7,7,9,10,12,13,20,32,32,96915,0,5,5.646511644244697,1.796900003682822,208.48889999615494,24102.294103080018
1790085430,200,GET,[GET] /actuator/health,28.000000,0.000000,5,5,6,7,8,9,11,12,14,14,14,13834,0,5,5.304016032976499,2.1715000038966537,145.4812000010861,49.0
1790085430,200,GET,[GET] /api/soporte/election/status,27.100000,0.000000,4,5,6,6,8,10,11,13,32,32,32,13748,0,4,4.88055384789659,1.8525000050431117,164.31780000857543,78.0
1790085430,200,GET,[GET] /api/soporte/tickets,57.100000,0.000000,7,7,8,9,10,12,14,16,20,20,20,27597,0,7,7.630137543941696,3.654700005427003,204.25330000580288,84651.0
1790085430,200,GET,[GET] /health,84.800000,0.000000,4,5,5,6,7,8,9,11,18,18,18,41940,0,4,4.703725825006801,1.796900003682822,208.48889999615494,83.99649499284692
1790085430,200,,Aggregated,197.000000,0.000000,5,6,7,7,9,10,12,13,20,32,32,97119,0,5,5.645823978850929,1.796900003682822,208.48889999615494,24108.430585158414
1790085431,200,GET,[GET] /actuator/health,27.400000,0.000000,5,5,6,7,8,9,11,12,14,14,14,13862,0,5,5.302886170844891,2.1715000038966537,145.4812000010861,49.0
1790085431,200,GET,[GET] /api/soporte/election/status,27.400000,0.000000,4,5,6,6,8,10,12,13,32,32,32,13773,0,4,4.879807318730259,1.8525000050431117,164.31780000857543,78.0
1790085431,200,GET,[GET] /api/soporte/tickets,55.800000,0.000000,7,7,8,9,11,12,14,16,20,20,20,27644,0,7,7.628502836064133,3.654700005427003,204.25330000580288,84651.0
1790085431,200,GET,[GET] /health,87.200000,0.000000,4,5,5,6,7,8,10,11,18,18,18,42037,0,4,4.70306174324306,1.796900003682822,208.48889999615494,83.99650308061945
1790085431,200,,Aggregated,197.800000,0.000000,5,6,7,7,9,10,12,13,20,32,32,97316,0,5,5.644530531484947,1.796900003682822,208.48889999615494,24100.6282317399
1790085432,200,GET,[GET] /actuator/health,27.900000,0.000000,5,5,6,7,8,9,11,11,12,12,12,13890,0,5,5.302671231121168,2.1715000038966537,145.4812000010861,49.0
1790085432,200,GET,[GET] /api/soporte/election/status,27.600000,0.000000,4,5,6,6,8,9,10,11,32,32,32,13810,0,4,4.8788323896356,1.8525000050431117,164.31780000857543,78.0
1790085432,200,GET,[GET] /api/soporte/tickets,55.300000,0.000000,7,7,8,9,10,11,13,14,20,20,20,27694,0,7,7.62690630823302,3.654700005427003,204.25330000580288,84651.0
1790085432,200,GET,[GET] /health,87.800000,0.000000,4,5,6,6,7,8,9,10,18,18,18,42113,0,4,4.703258122211217,1.796900003682822,208.48889999615494,83.99650939139933
1790085432,200,,Aggregated,198.600000,0.000000,5,6,6,7,8,9,11,12,20,32,32,97507,0,5,5.643888452131918,1.796900003682822,208.48889999615494,24096.935902037803
1790085433,200,GET,[GET] /actuator/health,27.800000,0.000000,5,6,6,6,8,9,11,12,13,13,13,13928,0,5,5.303815106278356,2.1715000038966537,145.4812000010861,49.0
1790085433,200,GET,[GET] /api/soporte/election/status,26.900000,0.000000,5,5,6,6,8,9,11,11,32,32,32,13833,0,4,4.880298930159923,1.8525000050431117,164.31780000857543,78.0
1790085433,200,GET,[GET] /api/soporte/tickets,55.800000,0.000000,7,8,8,9,10,12,14,15,20,20,20,27750,0,7,7.626854400005746,3.654700005427003,204.25330000580288,84651.0
1790085433,200,GET,[GET] /health,86.400000,0.000000,4,5,6,6,7,8,10,12,27,27,27,42195,0,4,4.705687595704002,1.796900003682822,208.48889999615494,83.99651617490224
1790085433,200,,Aggregated,196.900000,0.000000,5,6,7,7,9,10,12,13,27,32,32,97706,0,5,5.645327918470072,1.796900003682822,208.48889999615494,24096.482600863816
1790085434,200,GET,[GET] /actuator/health,28.300000,0.000000,5,6,6,6,8,9,11,12,13,13,13,13952,0,5,5.303207174618097,2.1715000038966537,145.4812000010861,49.0
1790085434,200,GET,[GET] /api/soporte/election/status,26.400000,0.000000,4,5,6,6,8,9,11,11,32,32,32,13852,0,4,4.879531771650937,1.8525000050431117,164.31780000857543,78.0
1790085434,200,GET,[GET] /api/soporte/tickets,55.400000,0.000000,7,8,8,9,10,11,13,14,16,16,16,27810,0,7,7.625267734631676,3.654700005427003,204.25330000580288,84651.0
1790085434,200,GET,[GET] /health,86.700000,0.000000,4,5,6,6,7,9,10,12,27,27,27,42285,0,4,4.705540089882546,1.796900003682822,208.48889999615494,83.9965235899255
1790085434,200,,Aggregated,196.800000,0.000000,5,6,7,7,9,10,12,13,27,32,32,97899,0,5,5.644736708260257,1.796900003682822,208.48889999615494,24100.96330912471
1790085435,200,GET,[GET] /actuator/health,29.500000,0.000000,5,6,6,7,9,9,11,12,13,13,13,13983,0,5,5.305940949742833,2.1715000038966537,145.4812000010861,49.0
1790085435,200,GET,[GET] /api/soporte/election/status,27.300000,0.000000,4,5,6,6,8,9,11,12,32,32,32,13876,0,4,4.879357091443651,1.8525000050431117,164.31780000857543,78.0
1790085435,200,GET,[GET] /api/soporte/tickets,54.600000,0.000000,7,7,8,9,10,11,13,14,16,16,16,27867,0,7,7.624085739406249,3.654700005427003,204.25330000580288,84651.0
1790085435,200,GET,[GET] /health,86.700000,0.000000,4,5,6,6,7,8,10,12,27,27,27,42377,0,4,4.704866215180809,1.796900003682822,208.48889999615494,83.99653113717346
1790085435,200,,Aggregated,198.100000,0.000000,5,6,7,7,9,10,12,13,27,32,32,98103,0,5,5.644449651915611,1.796900003682822,208.48889999615494,24100.144062872696
1790085436,200,GET,[GET] /actuator/health,29.200000,0.000000,5,6,6,7,8,9,11,12,13,13,13,14008,0,5,5.304183745017972,2.1715000038966537,145.4812000010861,49.0
1790085436,200,GET,[GET] /api/soporte/election/status,25.500000,0.000000,4,5,6,6,8,9,11,12,32,32,32,13917,0,4,4.880757677721311,1.8525000050431117,164.31780000857543,78.0
1790085436,200,GET,[GET] /api/soporte/tickets,56.100000,0.000000,7,8,8,9,10,11,13,14,16,16,16,27927,0,7,7.623944709421517,3.654700005427003,204.25330000580288,84651.0
1790085436,200,GET,[GET] /health,86.500000,0.000000,4,5,6,6,7,9,11,12,27,27,27,42460,0,4,4.70588953369342,1.796900003682822,208.48889999615494,83.9965379180405
1790085436,200,,Aggregated,197.300000,0.000000,5,6,7,7,9,10,12,13,27,32,32,98312,0,5,5.644809219644566,1.796900003682822,208.48889999615494,24100.68850191228
1790085437,200,GET,[GET] /actuator/health,28.700000,0.000000,5,6,6,7,8,9,11,12,13,13,13,14043,0,5,5.302479142647736,2.1715000038966537,145.4812000010861,49.0
1790085437,200,GET,[GET] /api/soporte/election/status,25.700000,0.000000,4,5,6,6,8,9,11,12,24,24,24,13942,0,4,4.880243021147649,1.8525000050431117,164.31780000857543,78.0
1790085437,200,GET,[GET] /api/soporte/tickets,54.800000,0.000000,7,8,8,9,10,11,13,15,32,32,32,27980,0,7,7.6237492280193795,3.654700005427003,204.25330000580288,84651.0
1790085437,200,GET,[GET] /health,88.200000,0.000000,4,5,6,6,7,9,11,12,27,27,27,42545,0,4,4.7060311317589365,1.796900003682822,208.48889999615494,83.99654483488071
1790085437,200,,Aggregated,197.400000,0.000000,5,6,7,7,9,10,12,13,27,32,32,98510,0,5,5.6444387443072666,1.796900003682822,208.48889999615494,24097.900680133997
1790085438,200,GET,[GET] /actuator/health,28.900000,0.000000,5,6,6,6,8,9,11,12,13,13,13,14070,0,5,5.300971343300222,2.1715000038966537,145.4812000010861,49.0
1790085438,200,GET,[GET] /api/soporte/election/status,26.800000,0.000000,4,5,6,6,7,9,11,12,24,24,24,13973,0,4,4.879274908814728,1.8525000050431117,164.31780000857543,78.0
1790085438,200,GET,[GET] /api/soporte/tickets,56.000000,0.000000,7,8,8,9,10,11,13,15,32,32,32,28038,0,7,7.62174313431946,3.654700005427003,204.25330000580288,84651.0
1790085438,200,GET,[GET] /health,87.500000,0.000000,4,5,6,6,7,9,11,12,27,27,27,42622,0,4,4.70623999579337,1.796900003682822,208.48889999615494,83.99655107690864
1790085438,200,,Aggregated,199.200000,0.000000,5,6,7,7,9,10,12,13,27,32,32,98703,0,5,5.643704550032484,1.796900003682822,208.48889999615494,24100.626759065075
1790085439,200,GET,[GET] /actuator/health,28.200000,0.000000,5,6,6,6,8,9,11,12,13,13,13,14100,0,5,5.300244666686148,2.1715000038966537,145.4812000010861,49.0
1790085439,200,GET,[GET] /api/soporte/election/status,26.600000,0.000000,4,5,6,6,7,9,11,11,24,24,24,13996,0,4,4.879281766280583,1.8525000050431117,164.31780000857543,78.0
1790085439,200,GET,[GET] /api/soporte/tickets,54.800000,0.000000,7,8,8,9,10,11,13,15,32,32,32,28073,0,7,7.621331735121495,3.654700005427003,204.25330000580288,84651.0
1790085439,200,GET,[GET] /health,87.200000,0.000000,4,5,6,6,7,9,11,12,27,27,27,42705,0,4,4.706334668087768,1.796900003682822,208.48889999615494,83.99655778011942
1790085439,200,,Aggregated,196.800000,0.000000,5,6,7,7,9,10,12,13,27,32,32,98874,0,5,5.643157404392374,1.796900003682822,208.48889999615494,24089.014139207477
