Timestamp,User Count,Type,Name,Requests/s,Failures/s,50%,66%,75%,80%,90%,95%,98%,99%,99.9%,99.99%,100%,Total Request Count,Total Failure Count,Total Median Response Time,Total Average Response Time,Total Min Response Time,Total Max Response Time,Total Average Content Size

1790042500,0,,Aggregated,0.000000,0.000000,N/A,N/A,N/A,N/A,N/A,N/A,N/A,N/A,N/A,N/A,N/A,0,0,0,0.0,0,0,0

1790042501,1,GET,[GET] /health,0.000000,0.000000,0,0,0,0,0,0,0,0,0,0,0,1,0,24.438400003418792,24.438400003418792,24.438400003418792,24.438400003418792,84.0

1790042501,1,,Aggregated,0.000000,0.000000,0,0,0,0,0,0,0,0,0,0,0,1,0,24.438400003418792,24.438400003418792,24.438400003418792,24.438400003418792,84.0

1790042502,2,GET,[GET] /api/soporte/tickets,0.000000,0.000000,0,0,0,0,0,0,0,0,0,0,0,2,0,7.0326000059139915,8.73660000434029,7.0326000059139915,10.440600002766587,84567.0

1790042502,2,GET,[GET] /health,0.000000,0.000000,24,24,24,24,24,24,24,24,24,24,24,2,0,4,14.066650001041126,3.694899998663459,24.438400003418792,84.0

1790042502,2,,Aggregated,0.000000,0.000000,7,7,10,10,10,10,10,10,10,10,10,4,0,7,11.401625002690707,3.694899998663459,24.438400003418792,42325.5

1790042503,3,GET,[GET] /api/soporte/tickets,0.000000,0.000000,14,14,14,14,14,14,14,14,14,14,14,3,0,10,10.644300004059914,7.0326000059139915,14.459700003499165,84567.0

1790042503,3,GET,[GET] /health,1.000000,0.000000,4,4,24,24,24,24,24,24,24,24,24,3,0,4,10.675499999100188,3.694899998663459,24.438400003418792,84.0

1790042503,3,,Aggregated,1.000000,0.000000,7,10,10,14,14,14,14,14,14,14,14,6,0,7,10.65990000158005,3.694899998663459,24.438400003418792,42325.5

1790042504,5,GET,[GET] /api/soporte/tickets,0.500000,0.000000,9,9,14,14,14,14,14,14,14,14,14,4,0,9,10.311350002666586,7.0326000059139915,14.459700003499165,84567.0

1790042504,5,GET,[GET] /health,0.500000,0.000000,4,4,6,6,24,24,24,24,24,24,24,6,0,4,7.624766665685456,3.6229999968782067,24.438400003418792,84.0

1790042504,5,,Aggregated,1.000000,0.000000,6,7,9,10,14,14,14,14,14,14,14,10,0,6,8.699400000477908,3.6229999968782067,24.438400003418792,33877.2

1790042505,6,GET,[GET] /api/soporte/tickets,1.000000,0.000000,9,9,14,14,18,18,18,18,18,18,18,7,0,9,10.312871429570285,6.157399999210611,17.989699997997377,84567.0

1790042505,6,GET,[GET] /health,0.666667,0.000000,6,7,8,8,24,24,24,24,24,24,24,8,0,4,7.623049998983333,3.6229999968782067,24.438400003418792,84.0

1790042505,6,,Aggregated,1.666667,0.000000,7,8,9,10,14,18,18,18,18,18,18,15,0,7,8.878299999923911,3.6229999968782067,24.438400003418792,39509.4

1790042506,7,GET,[GET] /api/soporte/election/status,0.000000,0.000000,0,0,0,0,0,0,0,0,0,0,0,3,0,4,6.517099999958494,3.773399999772664,11.868699999467935,78.0

1790042506,7,GET,[GET] /api/soporte/tickets,1.000000,0.000000,7,9,14,14,18,18,18,18,18,18,18,8,0,7,9.742350001033628,5.7487000012770295,17.989699997997377,84567.0

1790042506,7,GET,[GET] /health,1.000000,0.000000,5,6,8,8,8,24,24,24,24,24,24,12,0,4,6.672024999716086,2.9068000003462657,24.438400003418792,84.0

1790042506,7,,Aggregated,2.000000,0.000000,6,7,8,9,12,14,18,18,18,18,18,23,0,6,7.7197565219451105,2.9068000003462657,24.438400003418792,29468.608695652172

1790042507,8,GET,[GET] /actuator/health,0.000000,0.000000,0,0,0,0,0,0,0,0,0,0,0,1,0,4.96009999915259,4.96009999915259,4.96009999915259,4.96009999915259,49.0

1790042507,8,GET,[GET] /api/soporte/election/status,0.000000,0.000000,0,0,0,0,0,0,0,0,0,0,0,4,0,4,6.634274999669287,3.773399999772664,11.868699999467935,78.0

1790042507,8,GET,[GET] /api/soporte/tickets,0.800000,0.000000,7,7,9,14,18,18,18,18,18,18,18,11,0,7,8.621536364609545,5.343000004359055,17.989699997997377,84567.0

1790042507,8,GET,[GET] /health,1.400000,0.000000,4,6,7,8,8,24,24,24,24,24,24,14,0,4,6.180978571397385,2.9068000003462657,24.438400003418792,84.0

1790042507,8,,Aggregated,2.200000,0.000000,6,7,7,8,12,14,18,18,18,18,18,30,0,6,7.095593333603271,2.9068000003462657,24.438400003418792,31059.133333333335

1790042508,9,GET,[GET] /actuator/health,0.000000,0.000000,0,0,0,0,0,0,0,0,0,0,0,2,0,4.96009999915259,4.957249999279156,4.954399999405723,4.96009999915259,49.0

1790042508,9,GET,[GET] /api/soporte/election/status,0.000000,0.000000,7,7,7,7,7,7,7,7,7,7,7,5,0,5,6.210480000299867,3.773399999772664,11.868699999467935,78.0

1790042508,9,GET,[GET] /api/soporte/tickets,1.166667,0.000000,7,7,11,11,14,18,18,18,18,18,18,13,0,7,8.576392309176018,5.343000004359055,17.989699997997377,84567.0

1790042508,9,GET,[GET] /health,1.500000,0.000000,4,4,6,7,8,24,24,24,24,24,24,19,0,4,5.365047368717282,2.5664999993750826,24.438400003418792,84.0

1790042508,9,,Aggregated,2.666667,0.000000,5,6,7,8,11,14,18,18,18,18,18,39,0,5,6.52297179551216,2.5664999993750826,24.438400003418792,28242.4358974359

1790042509,10,GET,[GET] /actuator/health,0.000000,0.000000,5,5,5,5,5,5,5,5,5,5,5,3,0,4.96009999915259,4.716033334261738,4.233600004226901,4.96009999915259,49.0

1790042509,10,GET,[GET] /api/soporte/election/status,0.428571,0.000000,5,5,7,7,7,7,7,7,7,7,7,6,0,4,5.677266666073895,3.011199994944036,11.868699999467935,78.0

1790042509,10,GET,[GET] /api/soporte/tickets,1.142857,0.000000,7,7,9,11,14,18,18,18,18,18,18,14,0,7,8.472450001655877,5.343000004359055,17.989699997997377,84567.0

1790042509,10,GET,[GET] /health,1.714286,0.000000,4,5,6,7,8,8,24,24,24,24,24,22,0,4,5.284172727856045,2.5664999993750826,24.438400003418792,84.0

1790042509,10,,Aggregated,3.285714,0.000000,5,6,7,7,10,12,18,18,18,18,18,45,0,5,6.290617778560975,2.5664999993750826,24.438400003418792,26364.466666666667

1790042510,11,GET,[GET] /actuator/health,0.125000,0.000000,4,5,5,5,5,5,5,5,5,5,5,6,0,4,4.4941500018467195,3.9722000001347624,4.96009999915259,49.0

1790042510,11,GET,[GET] /api/soporte/election/status,0.500000,0.000000,5,5,5,7,7,7,7,7,7,7,7,8,0,4,5.368337499930931,3.011199994944036,11.868699999467935,78.0

1790042510,11,GET,[GET] /api/soporte/tickets,1.375000,0.000000,7,7,10,10,14,18,18,18,18,18,18,17,0,7,8.240070589047665,5.313299996487331,17.989699997997377,84567.0

1790042510,11,GET,[GET] /health,2.125000,0.000000,4,4,5,6,8,8,24,24,24,24,24,26,0,4,4.991492308293416,2.5664999993750826,24.438400003418792,84.0

1790042510,11,,Aggregated,4.125000,0.000000,5,6,7,7,10,12,14,18,18,18,18,57,0,5,5.960905263859068,2.5664999993750826,24.438400003418792,25276.157894736843

1790042511,12,GET,[GET] /actuator/health,0.222222,0.000000,4,4,5,5,5,5,5,5,5,5,5,7,0,4,4.33902857288818,3.4082999991369434,4.96009999915259,49.0

1790042511,12,GET,[GET] /api/soporte/election/status,0.555556,0.000000,5,5,5,7,7,7,7,7,7,7,7,8,0,4,5.368337499930931,3.011199994944036,11.868699999467935,78.0

1790042511,12,GET,[GET] /api/soporte/tickets,1.444444,0.000000,7,7,9,10,14,18,18,18,18,18,18,21,0,7,7.943252381838171,5.313299996487331,17.989699997997377,84567.0

1790042511,12,GET,[GET] /health,2.111111,0.000000,4,4,5,5,7,8,9,9,9,9,9,32,0,4,4.874790625535752,2.5664999993750826,24.438400003418792,84.0

1790042511,12,,Aggregated,4.333333,0.000000,5,6,7,7,9,11,14,18,18,18,18,68,0,5,5.8253161771383875,2.5664999993750826,24.438400003418792,26170.029411764706

1790042512,13,GET,[GET] /actuator/health,0.400000,0.000000,5,5,5,5,7,7,7,7,7,7,7,9,0,5,4.7472555573525215,3.4082999991369434,7.367400001385249,49.0

1790042512,13,GET,[GET] /api/soporte/election/status,0.600000,0.000000,5,5,5,5,7,7,7,7,7,7,7,9,0,4,5.2080333334743045,3.011199994944036,11.868699999467935,78.0

1790042512,13,GET,[GET] /api/soporte/tickets,1.400000,0.000000,7,7,8,9,11,18,22,22,22,22,22,27,0,7,8.248092593189709,5.313299996487331,21.685299994715024,84567.0

1790042512,13,GET,[GET] /health,2.300000,0.000000,4,4,5,5,7,8,9,9,9,9,9,37,0,4,4.699297297692455,2.18239999958314,24.438400003418792,84.0

1790042512,13,,Aggregated,4.700000,0.000000,5,6,7,7,8,11,18,22,22,22,22,82,0,5,5.9289036591242,2.18239999958314,24.438400003418792,27897.073170731706

1790042513,14,GET,[GET] /actuator/health,0.600000,0.000000,5,5,5,7,7,7,7,7,7,7,7,10,0,5,5.008680001628818,3.4082999991369434,7.367400001385249,49.0

1790042513,14,GET,[GET] /api/soporte/election/status,0.800000,0.000000,5,5,5,5,7,7,7,7,7,7,7,11,0,4,5.066363636367234,3.011199994944036,11.868699999467935,78.0

1790042513,14,GET,[GET] /api/soporte/tickets,1.800000,0.000000,7,7,8,9,13,18,22,22,22,22,22,31,0,7,8.188022581312145,5.313299996487331,21.685299994715024,84567.0

1790042513,14,GET,[GET] /health,2.500000,0.000000,4,4,5,5,7,8,9,9,9,9,9,44,0,4,4.614386364086055,2.18239999958314,24.438400003418792,84.0

1790042513,14,,Aggregated,5.700000,0.000000,5,6,7,7,8,11,18,22,22,22,22,96,0,5,5.861234375591569,2.18239999958314,24.438400003418792,27360.635416666668

1790042514,15,GET,[GET] /actuator/health,0.700000,0.000000,5,5,7,7,7,7,7,7,7,7,7,13,0,5,4.968361540075141,3.4082999991369434,7.367400001385249,49.0

1790042514,15,GET,[GET] /api/soporte/election/status,0.900000,0.000000,4,5,5,5,6,7,7,7,7,7,7,14,0,4,4.806149999889645,2.4564999985159375,11.868699999467935,78.0

1790042514,15,GET,[GET] /api/soporte/tickets,2.000000,0.000000,6,7,7,8,13,22,22,22,22,22,22,36,0,7,8.295027778432187,5.165499998838641,21.822000002430286,84567.0

1790042514,15,GET,[GET] /health,3.100000,0.000000,3,4,4,5,7,8,9,9,9,9,9,48,0,4,4.490135417048198,2.18239999958314,24.438400003418792,84.0

1790042514,15,,Aggregated,6.700000,0.000000,5,6,7,7,8,12,22,22,22,22,22,111,0,5,5.82002072127301,2.18239999958314,24.438400003418792,27479.036036036036

1790042515,16,GET,[GET] /actuator/health,0.900000,0.000000,5,5,7,7,7,8,8,8,8,8,8,15,0,5,5.022720001094664,2.970399997138884,7.781699998304248,49.0

1790042515,16,GET,[GET] /api/soporte/election/status,1.000000,0.000000,4,5,5,5,6,7,7,7,7,7,7,17,0,4,4.541335293598583,2.4564999985159375,11.868699999467935,78.0

1790042515,16,GET,[GET] /api/soporte/tickets,2.500000,0.000000,6,7,7,7,13,22,22,22,22,22,22,43,0,7,8.203093023756844,5.165499998838641,21.822000002430286,84567.0

1790042515,16,GET,[GET] /health,3.600000,0.000000,3,4,4,4,5,7,9,9,9,9,9,49,0,4,4.471518367776001,2.18239999958314,24.438400003418792,84.0

1790042515,16,,Aggregated,8.000000,0.000000,5,6,6,7,7,11,16,22,22,22,22,124,0,5,5.841781452017453,2.18239999958314,24.438400003418792,29375.467741935485

1790042516,17,GET,[GET] /actuator/health,1.000000,0.000000,5,5,5,7,7,8,8,8,8,8,8,19,0,5,4.93523684264418,2.970399997138884,7.781699998304248,49.0

1790042516,17,GET,[GET] /api/soporte/election/status,1.100000,0.000000,4,4,5,5,6,7,7,7,7,7,7,18,0,4,4.494966666243272,2.4564999985159375,11.868699999467935,78.0

1790042516,17,GET,[GET] /api/soporte/tickets,2.800000,0.000000,6,7,7,8,13,22,22,22,22,22,22,45,0,7,8.160611111735408,5.165499998838641,21.822000002430286,84567.0

1790042516,17,GET,[GET] /health,4.100000,0.000000,4,4,4,5,7,7,10,10,10,10,10,60,0,4,4.5749750002869405,2.18239999958314,24.438400003418792,84.0

1790042516,17,,Aggregated,9.000000,0.000000,5,6,6,7,7,10,16,22,22,22,22,142,0,5,5.749330282027663,2.18239999958314,24.438400003418792,26851.338028169015

1790042517,18,GET,[GET] /actuator/health,1.300000,0.000000,5,5,5,7,7,8,8,8,8,8,8,20,0,5,4.900895000537275,2.970399997138884,7.781699998304248,49.0

1790042517,18,GET,[GET] /api/soporte/election/status,1.400000,0.000000,4,4,5,5,5,6,6,6,6,6,6,21,0,4,4.4335666659338,2.4564999985159375,11.868699999467935,78.0

1790042517,18,GET,[GET] /api/soporte/tickets,3.300000,0.000000,7,7,7,8,13,22,22,22,22,22,22,50,0,7,8.02754200049094,5.165499998838641,21.822000002430286,84567.0

1790042517,18,GET,[GET] /health,4.100000,0.000000,4,4,5,5,7,8,10,10,10,10,10,66,0,4,4.564119697148051,2.18239999958314,24.438400003418792,84.0

1790042517,18,,Aggregated,10.100000,0.000000,5,6,6,7,8,10,16,22,22,22,22,157,0,5,5.692559235870533,2.18239999958314,24.438400003418792,26984.15286624204

1790042518,19,GET,[GET] /actuator/health,1.700000,0.000000,5,5,5,5,7,7,8,8,8,8,8,24,0,5,4.816883333963536,2.970399997138884,7.781699998304248,49.0

1790042518,19,GET,[GET] /api/soporte/election/status,1.700000,0.000000,4,4,4,5,5,6,6,6,6,6,6,25,0,4,4.303371999412775,2.4564999985159375,11.868699999467935,78.0

1790042518,19,GET,[GET] /api/soporte/tickets,3.600000,0.000000,7,7,7,8,13,16,22,22,22,22,22,54,0,7,8.064731481917315,5.165499998838641,21.822000002430286,84567.0

1790042518,19,GET,[GET] /health,4.000000,0.000000,4,4,5,5,7,8,9,10,10,10,10,75,0,4,4.441634666679117,2.18239999958314,24.438400003418792,84.0

1790042518,19,,Aggregated,11.000000,0.000000,5,6,6,7,8,10,16,22,22,22,22,178,0,5,5.5719528091287245,2.18239999958314,24.438400003418792,25708.112359550563

1790042519,20,GET,[GET] /actuator/health,1.900000,0.000000,5,5,5,7,7,7,8,8,8,8,8,27,0,5,4.8078592600951975,2.970399997138884,7.781699998304248,49.0

1790042519,20,GET,[GET] /api/soporte/election/status,1.500000,0.000000,4,4,5,5,5,6,7,7,7,7,7,28,0,4,4.384528571141085,2.4564999985159375,11.868699999467935,78.0

1790042519,20,GET,[GET] /api/soporte/tickets,3.700000,0.000000,7,7,8,8,13,16,22,22,22,22,22,58,0,7,8.024312069429815,5.165499998838641,21.822000002430286,84567.0

1790042519,20,GET,[GET] /health,4.800000,0.000000,4,4,4,5,6,8,9,10,10,10,10,83,0,4,4.39720722895427,2.18239999958314,24.438400003418792,84.0

1790042519,20,,Aggregated,11.900000,0.000000,4,6,6,7,8,9,16,22,22,22,22,196,0,5,5.525292347166604,2.18239999958314,24.438400003418792,25078.39285714286

1790042520,21,GET,[GET] /actuator/health,1.900000,0.000000,5,5,5,7,7,7,8,8,8,8,8,27,0,5,4.8078592600951975,2.970399997138884,7.781699998304248,49.0

1790042520,21,GET,[GET] /api/soporte/election/status,1.800000,0.000000,4,4,4,5,5,6,7,7,7,7,7,30,0,4,4.336513333206919,2.4564999985159375,11.868699999467935,78.0

1790042520,21,GET,[GET] /api/soporte/tickets,3.900000,0.000000,7,7,7,8,13,16,22,22,22,22,22,69,0,7,7.812273913536362,4.9490000019432046,21.822000002430286,84567.0

1790042520,21,GET,[GET] /health,4.900000,0.000000,4,4,4,5,6,7,9,10,10,10,10,88,0,4,4.392160227243122,2.18239999958314,24.438400003418792,84.0

1790042520,21,,Aggregated,12.500000,0.000000,5,6,6,7,8,9,15,22,22,22,22,214,0,5,5.53955420584197,2.18239999958314,24.438400003418792,27318.58878504673

1790042521,22,GET,[GET] /actuator/health,2.300000,0.000000,5,5,5,7,7,7,8,8,8,8,8,30,0,4,4.754483334060448,2.970399997138884,7.781699998304248,49.0

1790042521,22,GET,[GET] /api/soporte/election/status,2.000000,0.000000,4,5,5,5,6,6,7,7,7,7,7,35,0,4,4.396919999895284,2.4564999985159375,11.868699999467935,78.0

1790042521,22,GET,[GET] /api/soporte/tickets,4.100000,0.000000,7,7,8,8,13,16,22,22,22,22,22,75,0,7,7.788425333759126,4.9490000019432046,21.822000002430286,84567.0

1790042521,22,GET,[GET] /health,5.600000,0.000000,4,4,4,5,5,7,8,10,10,10,10,98,0,4,4.3227265308889065,2.18239999958314,24.438400003418792,84.0

1790042521,22,,Aggregated,14.000000,0.000000,5,6,6,7,8,9,15,22,22,22,22,238,0,5,5.4801924372991415,2.18239999958314,24.438400003418792,26701.5

1790042522,23,GET,[GET] /actuator/health,2.300000,0.000000,5,5,5,5,7,7,8,8,8,8,8,31,0,5,4.753319355762459,2.970399997138884,7.781699998304248,49.0

1790042522,23,GET,[GET] /api/soporte/election/status,2.200000,0.000000,4,5,5,5,6,7,11,11,11,11,11,39,0,4,4.573456410397716,2.4564999985159375,11.868699999467935,78.0

1790042522,23,GET,[GET] /api/soporte/tickets,4.400000,0.000000,6,7,8,8,13,16,22,31,31,31,31,81,0,7,8.144444444760778,4.9490000019432046,30.951399996411055,84567.0

1790042522,23,GET,[GET] /health,6.000000,0.000000,4,4,4,5,6,8,10,26,26,26,26,110,0,4,4.532432727534218,2.18239999958314,26.341900003899354,84.0

1790042522,23,,Aggregated,14.900000,0.000000,5,6,6,7,8,11,16,26,31,31,31,261,0,5,5.685767433289403,2.18239999958314,30.951399996411055,26297.808429118773

1790042524,24,GET,[GET] /actuator/health,2.100000,0.000000,4,5,5,5,5,7,8,8,8,8,8,34,0,4,4.674667647871983,2.970399997138884,7.781699998304248,49.0

1790042524,24,GET,[GET] /api/soporte/election/status,2.200000,0.000000,4,4,5,5,6,7,11,11,11,11,11,41,0,4,4.53472682935038,2.4564999985159375,11.868699999467935,78.0

1790042524,24,GET,[GET] /api/soporte/tickets,5.100000,0.000000,7,7,8,8,12,15,16,31,31,31,31,88,0,7,8.009060227612446,4.9490000019432046,30.951399996411055,84567.0

1790042524,24,GET,[GET] /health,6.300000,0.000000,4,4,4,5,6,8,10,26,26,26,26,119,0,4,4.467450420481266,2.18239999958314,26.341900003899354,84.0

1790042524,24,,Aggregated,15.700000,0.000000,5,6,6,7,8,10,15,26,31,31,31,282,0,5,5.607398581908436,2.18239999958314,30.951399996411055,26442.397163120568

1790042525,25,GET,[GET] /actuator/health,2.300000,0.000000,4,5,5,5,5,7,9,9,9,9,9,39,0,4,4.702379487869807,2.970399997138884,9.08999999955995,49.0

1790042525,25,GET,[GET] /api/soporte/election/status,2.600000,0.000000,4,5,5,5,6,7,11,11,11,11,11,44,0,4,4.530506818231185,2.4564999985159375,11.868699999467935,78.0

1790042525,25,GET,[GET] /api/soporte/tickets,5.400000,0.000000,7,7,8,8,12,13,15,31,31,31,31,94,0,7,7.962437234342128,4.706300001998898,30.951399996411055,84567.0

1790042525,25,GET,[GET] /health,6.600000,0.000000,4,4,4,5,6,7,10,26,26,26,26,130,0,4,4.405147692607268,2.18239999958314,26.341900003899354,84.0

1790042525,25,,Aggregated,16.900000,0.000000,4,5,6,6,8,10,13,26,31,31,31,307,0,5,5.550076221811724,2.18239999958314,30.951399996411055,25946.452768729643

1790042526,26,GET,[GET] /actuator/health,2.200000,0.000000,4,4,5,5,7,7,9,9,9,9,9,43,0,4,4.671953488912888,2.970399997138884,9.08999999955995,49.0

1790042526,26,GET,[GET] /api/soporte/election/status,2.900000,0.000000,4,4,5,5,6,7,11,11,11,11,11,49,0,4,4.464528571495938,2.4564999985159375,11.868699999467935,78.0

1790042526,26,GET,[GET] /api/soporte/tickets,5.300000,0.000000,7,7,8,8,12,13,15,31,31,31,31,98,0,7,7.9571581635700195,4.706300001998898,30.951399996411055,84567.0

1790042526,26,GET,[GET] /health,7.200000,0.000000,4,4,4,5,6,7,8,26,26,26,26,144,0,4,4.42094930581839,2.18239999958314,26.341900003899354,84.0

1790042526,26,,Aggregated,17.600000,0.000000,4,5,6,7,8,9,13,26,31,31,31,334,0,5,5.497227844593609,2.18239999958314,30.951399996411055,24867.038922155687

1790042527,27,GET,[GET] /actuator/health,2.400000,0.000000,4,4,5,5,7,7,9,9,9,9,9,45,0,4,4.619533333849783,2.970399997138884,9.08999999955995,49.0

1790042527,27,GET,[GET] /api/soporte/election/status,3.000000,0.000000,4,4,5,5,6,7,11,11,11,11,11,54,0,4,4.365868518545068,2.4564999985159375,11.868699999467935,78.0

1790042527,27,GET,[GET] /api/soporte/tickets,5.600000,0.000000,7,7,8,8,12,13,15,31,31,31,31,108,0,7,7.86070000032379,4.706300001998898,30.951399996411055,84567.0

1790042527,27,GET,[GET] /health,7.400000,0.000000,4,4,4,5,6,7,8,26,26,26,26,151,0,4,4.4377768214287805,2.18239999958314,26.341900003899354,84.0

1790042527,27,,Aggregated,18.400000,0.000000,4,6,6,7,8,10,13,26,31,31,31,358,0,5,5.482390503059746,2.18239999958314,30.951399996411055,25565.187150837988

1790042528,28,GET,[GET] /actuator/health,2.600000,0.000000,4,5,5,5,7,7,9,9,9,9,9,47,0,4,4.643557447397665,2.970399997138884,9.08999999955995,49.0

1790042528,28,GET,[GET] /api/soporte/election/status,3.200000,0.000000,4,4,5,5,6,7,11,11,11,11,11,57,0,4,4.359456140439745,2.4564999985159375,11.868699999467935,78.0

1790042528,28,GET,[GET] /api/soporte/tickets,5.500000,0.000000,7,7,8,8,10,13,16,31,31,31,31,115,0,7,7.880922609056933,4.706300001998898,30.951399996411055,84567.0

1790042528,28,GET,[GET] /health,9.500000,0.000000,4,4,4,5,6,7,8,26,26,26,26,168,0,4,4.373461905093531,2.18239999958314,26.341900003899354,84.0

1790042528,28,,Aggregated,20.800000,0.000000,4,6,6,7,8,9,13,16,31,31,31,387,0,5,5.446470026175753,2.18239999958314,30.951399996411055,25183.633074935402

1790042529,29,GET,[GET] /actuator/health,2.600000,0.000000,4,4,5,5,7,7,9,9,9,9,9,54,0,4,4.5202481488996895,2.7006000018445775,9.08999999955995,49.0

1790042529,29,GET,[GET] /api/soporte/election/status,3.600000,0.000000,4,4,5,5,5,6,11,11,11,11,11,62,0,4,4.326875806591781,2.4564999985159375,11.868699999467935,78.0

1790042529,29,GET,[GET] /api/soporte/tickets,6.300000,0.000000,7,7,7,8,10,13,16,31,31,31,31,127,0,7,7.759272441321592,4.706300001998898,30.951399996411055,84567.0

1790042529,29,GET,[GET] /health,9.100000,0.000000,4,4,5,5,6,7,8,26,26,26,26,177,0,4,4.343176271566151,2.18239999958314,26.341900003899354,84.0

1790042529,29,,Aggregated,21.600000,0.000000,4,6,6,7,7,9,13,16,31,31,31,420,0,5,5.396498809915058,2.18239999958314,30.951399996411055,25624.664285714287

1790042530,30,GET,[GET] /actuator/health,2.700000,0.000000,4,4,5,5,6,7,9,9,9,9,9,56,0,4,4.509203572134928,2.7006000018445775,9.08999999955995,49.0

1790042530,30,GET,[GET] /api/soporte/election/status,3.500000,0.000000,4,4,5,5,5,6,11,11,11,11,11,63,0,4,4.316987301636901,2.4564999985159375,11.868699999467935,78.0

1790042530,30,GET,[GET] /api/soporte/tickets,6.500000,0.000000,7,7,8,9,12,13,24,31,31,31,31,136,0,7,7.861980147294268,4.706300001998898,30.951399996411055,84567.0

1790042530,30,GET,[GET] /health,10.100000,0.000000,4,4,5,5,7,7,8,26,26,26,26,189,0,4,4.3464084659785,2.18239999958314,26.341900003899354,84.0

1790042530,30,,Aggregated,22.800000,0.000000,4,6,6,7,8,9,13,24,31,31,31,444,0,5,5.439608333659094,2.18239999958314,30.951399996411055,25956.40990990991

1790042531,31,GET,[GET] /actuator/health,2.700000,0.000000,4,4,5,5,6,7,9,9,9,9,9,58,0,4,4.4912586213442784,2.7006000018445775,9.08999999955995,49.0

1790042531,31,GET,[GET] /api/soporte/election/status,3.500000,0.000000,4,4,4,4,5,6,11,11,11,11,11,66,0,4,4.3222151515224,2.4564999985159375,11.868699999467935,78.0

1790042531,31,GET,[GET] /api/soporte/tickets,6.500000,0.000000,7,7,8,9,12,13,24,31,31,31,31,141,0,7,7.845405673943394,4.706300001998898,30.951399996411055,84567.0

1790042531,31,GET,[GET] /health,10.100000,0.000000,4,4,5,5,7,7,8,8,26,26,26,203,0,4,4.34543399048913,2.18239999958314,26.341900003899354,83.98522167487685

1790042531,31,,Aggregated,22.800000,0.000000,4,6,6,7,8,9,13,24,31,31,31,468,0,5,5.414710470371278,2.18239999958314,30.951399996411055,25532.021367521367

1790042532,32,GET,[GET] /actuator/health,2.900000,0.000000,4,4,4,4,5,7,9,9,9,9,9,62,0,4,4.44319032307718,2.7006000018445775,9.08999999955995,49.0

1790042532,32,GET,[GET] /api/soporte/election/status,3.500000,0.000000,4,4,4,4,5,5,6,6,6,6,6,70,0,4,4.329180000162784,2.4564999985159375,11.868699999467935,78.0

1790042532,32,GET,[GET] /api/soporte/tickets,7.700000,0.000000,7,7,8,8,9,12,16,24,24,24,24,148,0,7,7.797622297427576,4.706300001998898,30.951399996411055,84567.0

1790042532,32,GET,[GET] /health,10.300000,0.000000,4,4,5,5,6,7,8,8,10,10,10,219,0,4,4.336660274290629,2.0524999999906868,26.341900003899354,83.98630136986301

1790042532,32,,Aggregated,24.400000,0.000000,4,5,6,6,7,9,10,13,24,24,24,499,0,4,5.375344890042302,2.0524999999906868,30.951399996411055,25135.885771543086

1790042533,33,GET,[GET] /actuator/health,3.100000,0.000000,4,4,5,5,6,7,9,9,9,9,9,68,0,4,4.504997059270596,2.7006000018445775,9.08999999955995,49.0

1790042533,33,GET,[GET] /api/soporte/election/status,3.600000,0.000000,4,4,4,4,5,5,6,6,6,6,6,73,0,4,4.287801369983218,2.4564999985159375,11.868699999467935,78.0

1790042533,33,GET,[GET] /api/soporte/tickets,7.200000,0.000000,7,7,8,9,10,14,18,24,24,24,24,162,0,7,7.873695679100584,4.706300001998898,30.951399996411055,84567.0

1790042533,33,GET,[GET] /health,11.400000,0.000000,4,4,5,5,7,8,8,10,12,12,12,230,0,4,4.388858696019389,2.0524999999906868,26.341900003899354,83.98695652173913

1790042533,33,,Aggregated,25.300000,0.000000,4,6,6,7,8,9,12,16,24,24,24,533,0,5,5.449015947725946,2.0524999999906868,30.951399996411055,25756.46716697936

1790042534,34,GET,[GET] /actuator/health,3.200000,0.000000,4,4,5,5,6,7,7,7,7,7,7,73,0,4,4.4211438361257125,2.595500001916662,9.08999999955995,49.0

1790042534,34,GET,[GET] /api/soporte/election/status,3.500000,0.000000,4,4,4,4,5,5,6,6,6,6,6,77,0,4,4.253232467605115,2.4564999985159375,11.868699999467935,78.0

1790042534,34,GET,[GET] /api/soporte/tickets,7.300000,0.000000,7,7,8,8,10,14,18,24,24,24,24,173,0,7,7.779693063681628,4.706300001998898,30.951399996411055,84567.0

1790042534,34,GET,[GET] /health,12.000000,0.000000,4,4,5,5,7,8,8,10,12,12,12,243,0,4,4.364098765846119,2.0524999999906868,26.341900003899354,83.98765432098766

1790042534,34,,Aggregated,26.000000,0.000000,4,6,6,7,8,9,12,16,24,24,24,566,0,5,5.4003627211312715,2.0524999999906868,30.951399996411055,25901.206713780917

1790042535,35,GET,[GET] /actuator/health,3.700000,0.000000,4,5,5,5,6,7,8,8,8,8,8,81,0,4,4.4777061732559185,2.595500001916662,9.08999999955995,49.0

1790042535,35,GET,[GET] /api/soporte/election/status,3.400000,0.000000,4,4,4,4,5,6,7,7,7,7,7,82,0,4,4.251067073399587,2.4564999985159375,11.868699999467935,78.0

1790042535,35,GET,[GET] /api/soporte/tickets,7.900000,0.000000,7,7,8,8,10,13,18,24,24,24,24,181,0,7,7.742596132665016,4.706300001998898,30.951399996411055,84567.0

1790042535,35,GET,[GET] /health,11.700000,0.000000,4,4,5,5,7,8,8,10,12,12,12,257,0,4,4.345897276619003,2.0524999999906868,26.341900003899354,83.98832684824903

1790042535,35,,Aggregated,26.700000,0.000000,5,6,6,7,8,9,12,16,24,24,24,601,0,5,5.37368918495166,2.0524999999906868,30.951399996411055,25521.758735440933

1790042536,36,GET,[GET] /actuator/health,3.900000,0.000000,4,5,5,5,6,7,8,8,8,8,8,85,0,4,4.4699682357638855,2.595500001916662,9.08999999955995,49.0

1790042536,36,GET,[GET] /api/soporte/election/status,3.600000,0.000000,4,4,4,4,5,6,7,7,7,7,7,88,0,4,4.193302272803769,2.4564999985159375,11.868699999467935,78.0

1790042536,36,GET,[GET] /api/soporte/tickets,8.500000,0.000000,6,7,8,8,10,13,18,24,24,24,24,191,0,7,7.715752879639171,4.706300001998898,30.951399996411055,84567.0

1790042536,36,GET,[GET] /health,12.200000,0.000000,4,4,4,5,6,7,8,10,12,12,12,278,0,4,4.272529496650107,2.0524999999906868,26.341900003899354,83.98920863309353

1790042536,36,,Aggregated,28.200000,0.000000,4,6,6,6,8,9,12,16,24,24,24,642,0,4,5.312196106116002,2.0524999999906868,30.951399996411055,25212.889408099687

1790042537,37,GET,[GET] /actuator/health,4.000000,0.000000,4,4,5,5,6,7,8,8,8,8,8,93,0,4,4.396492473500085,2.595500001916662,9.08999999955995,49.0

1790042537,37,GET,[GET] /api/soporte/election/status,3.700000,0.000000,4,4,4,4,5,6,7,7,7,7,7,96,0,4,4.121344791656156,2.4246999964816496,11.868699999467935,78.0

1790042537,37,GET,[GET] /api/soporte/tickets,8.500000,0.000000,6,7,8,8,10,13,22,24,24,24,24,199,0,7,7.728364321570808,4.706300001998898,30.951399996411055,84567.0

1790042537,37,GET,[GET] /health,12.700000,0.000000,4,4,4,5,6,7,8,10,12,12,12,288,0,4,4.242284722370944,2.0524999999906868,26.341900003899354,83.98958333333333

1790042537,37,,Aggregated,28.900000,0.000000,4,6,6,6,8,9,12,18,24,24,24,676,0,4,5.27255236696734,2.0524999999906868,30.951399996411055,24948.32396449704

1790042538,38,GET,[GET] /actuator/health,4.100000,0.000000,4,4,5,5,6,7,8,8,8,8,8,97,0,4,4.410948453950527,2.595500001916662,9.08999999955995,49.0

1790042538,38,GET,[GET] /api/soporte/election/status,3.800000,0.000000,4,4,4,4,5,6,7,7,7,7,7,102,0,4,4.115998039268044,2.4246999964816496,11.868699999467935,78.0

1790042538,38,GET,[GET] /api/soporte/tickets,9.000000,0.000000,6,7,8,8,10,14,22,24,24,24,24,206,0,7,7.668042232942806,4.706300001998898,30.951399996411055,84567.0

1790042538,38,GET,[GET] /health,13.100000,0.000000,4,4,4,5,6,8,10,12,12,12,12,307,0,4,4.207329316126715,2.0524999999906868,26.341900003899354,83.99022801302931

1790042538,38,,Aggregated,30.000000,0.000000,4,5,6,6,7,9,12,18,24,24,24,712,0,4,5.223259269769187,2.0524999999906868,30.951399996411055,24521.483146067414

1790042539,39,GET,[GET] /actuator/health,4.700000,0.000000,4,4,5,5,6,7,8,8,8,8,8,102,0,4,4.406433333582861,2.595500001916662,9.08999999955995,49.0

1790042539,39,GET,[GET] /api/soporte/election/status,4.000000,0.000000,4,4,4,5,5,6,7,7,7,7,7,107,0,4,4.115736448664597,2.4246999964816496,11.868699999467935,78.0

1790042539,39,GET,[GET] /api/soporte/tickets,8.900000,0.000000,6,7,8,8,10,11,18,22,22,22,22,216,0,7,7.670732870422028,4.706300001998898,30.951399996411055,84567.0

1790042539,39,GET,[GET] /health,13.400000,0.000000,4,4,4,5,6,7,10,12,12,12,12,328,0,4,4.219860670939563,2.0524999999906868,26.341900003899354,83.99085365853658

1790042539,39,,Aggregated,31.000000,0.000000,4,5,6,6,7,9,11,14,22,22,22,753,0,4,5.220229216616067,2.0524999999906868,30.951399996411055,24312.56972111554

1790042540,40,GET,[GET] /actuator/health,4.900000,0.000000,4,5,5,5,6,7,8,9,9,9,9,109,0,4,4.447522936036401,2.595500001916662,9.08999999955995,49.0

1790042540,40,GET,[GET] /api/soporte/election/status,4.500000,0.000000,4,4,4,4,5,6,7,7,7,7,7,113,0,4,4.110028318670863,2.4246999964816496,11.868699999467935,78.0

1790042540,40,GET,[GET] /api/soporte/tickets,9.100000,0.000000,6,7,7,8,10,14,18,22,22,22,22,221,0,7,7.6505316742585245,4.706300001998898,30.951399996411055,84567.0

1790042540,40,GET,[GET] /health,13.400000,0.000000,4,4,4,5,6,7,10,12,12,12,12,348,0,4,4.186124712895821,2.0524999999906868,26.341900003899354,83.99137931034483

1790042540,40,,Aggregated,31.900000,0.000000,4,5,6,6,7,8,11,14,22,22,22,791,0,4,5.179206194863028,2.0524999999906868,30.951399996411055,23682.289506953224

1790042541,41,GET,[GET] /actuator/health,4.600000,0.000000,4,5,5,5,6,7,8,9,9,9,9,114,0,4,4.487400000167933,2.595500001916662,9.08999999955995,49.0

1790042541,41,GET,[GET] /api/soporte/election/status,4.200000,0.000000,4,4,4,5,5,6,6,7,7,7,7,123,0,4,4.12847479695087,2.4246999964816496,11.868699999467935,78.0

1790042541,41,GET,[GET] /api/soporte/tickets,8.900000,0.000000,6,7,8,8,10,11,18,22,22,22,22,232,0,7,7.619428448284954,4.706300001998898,30.951399996411055,84567.0

1790042541,41,GET,[GET] /health,14.800000,0.000000,4,4,4,5,6,7,10,12,12,12,12,363,0,4,4.185070523697294,2.0524999999906868,26.341900003899354,83.99173553719008

1790042541,41,,Aggregated,32.500000,0.000000,4,5,6,6,7,9,11,14,22,22,22,832,0,4,5.175786057870587,2.0524999999906868,30.951399996411055,23636.07331730769

1790042542,42,GET,[GET] /actuator/health,5.100000,0.000000,4,5,5,5,5,7,8,9,9,9,9,121,0,4,4.461039669538968,2.595500001916662,9.08999999955995,49.0

1790042542,42,GET,[GET] /api/soporte/election/status,4.900000,0.000000,4,4,4,5,5,6,6,7,7,7,7,127,0,4,4.112038582858563,2.4246999964816496,11.868699999467935,78.0

1790042542,42,GET,[GET] /api/soporte/tickets,8.500000,0.000000,6,7,7,7,9,10,16,22,22,22,22,247,0,6,7.540704453438718,4.309099997044541,30.951399996411055,84567.0

1790042542,42,GET,[GET] /health,15.700000,0.000000,3,4,4,4,5,7,7,10,12,12,12,378,0,4,4.155403703975334,2.0524999999906868,26.341900003899354,83.9920634920635

1790042542,42,,Aggregated,34.200000,0.000000,4,5,6,6,7,8,10,12,22,22,22,873,0,4,5.149268385039281,2.0524999999906868,30.951399996411055,23981.2520045819

1790042543,43,GET,[GET] /actuator/health,5.600000,0.000000,4,5,5,5,6,7,8,9,9,9,9,129,0,4,4.505255038869412,2.595500001916662,9.08999999955995,49.0

1790042543,43,GET,[GET] /api/soporte/election/status,5.700000,0.000000,4,4,4,5,5,6,7,7,7,7,7,132,0,4,4.126486363792068,2.4246999964816496,11.868699999467935,78.0

1790042543,43,GET,[GET] /api/soporte/tickets,8.700000,0.000000,6,7,7,8,9,10,16,22,22,22,22,254,0,6,7.525749606315017,4.309099997044541,30.951399996411055,84567.0

1790042543,43,GET,[GET] /health,15.900000,0.000000,3,4,4,5,5,7,7,10,12,12,12,400,0,4,4.146348000231228,2.0524999999906868,26.341900003899354,83.9925

1790042543,43,,Aggregated,35.900000,0.000000,4,5,6,6,7,8,10,12,22,22,22,915,0,4,5.132189836208976,2.0524999999906868,30.951399996411055,23530.30819672131

1790042544,44,GET,[GET] /actuator/health,5.800000,0.000000,4,5,5,5,6,7,8,9,9,9,9,142,0,4,4.497450704407193,2.595500001916662,9.08999999955995,49.0

1790042544,44,GET,[GET] /api/soporte/election/status,5.700000,0.000000,4,4,5,5,5,6,7,7,7,7,7,136,0,4,4.131130882502903,2.4246999964816496,11.868699999467935,78.0

1790042544,44,GET,[GET] /api/soporte/tickets,9.400000,0.000000,6,7,7,8,9,10,16,22,22,22,22,264,0,6,7.502689772770806,4.309099997044541,30.951399996411055,84567.0

1790042544,44,GET,[GET] /health,15.800000,0.000000,3,4,4,4,5,7,7,10,12,12,12,413,0,4,4.139355206036896,2.0524999999906868,26.341900003899354,83.99273607748184

1790042544,44,,Aggregated,36.700000,0.000000,4,5,6,6,7,8,10,12,22,22,22,955,0,4,5.121189110105703,2.0524999999906868,30.951399996411055,23432.40104712042

1790042545,45,GET,[GET] /actuator/health,6.100000,0.000000,4,5,5,5,6,7,7,9,9,9,9,146,0,4,4.505272602964646,2.595500001916662,9.08999999955995,49.0

1790042545,45,GET,[GET] /api/soporte/election/status,5.700000,0.000000,4,4,5,5,5,6,7,8,8,8,8,139,0,4,4.15026402893843,2.4246999964816496,11.868699999467935,78.0

1790042545,45,GET,[GET] /api/soporte/tickets,9.300000,0.000000,6,7,8,8,10,11,16,22,22,22,22,276,0,6,7.523830797188144,4.309099997044541,30.951399996411055,84567.0

1790042545,45,GET,[GET] /health,17.200000,0.000000,4,4,4,5,6,7,9,12,16,16,16,438,0,4,4.180415981884681,2.0524999999906868,26.341900003899354,83.98630136986301

1790042545,45,,Aggregated,38.300000,0.000000,4,5,6,6,7,9,11,16,22,22,22,999,0,4,5.147403403548246,2.0524999999906868,30.951399996411055,23418.692692692694

1790042546,46,GET,[GET] /actuator/health,6.600000,0.000000,4,5,5,5,6,7,9,11,11,11,11,156,0,4,4.528282051465701,2.450799998769071,10.616499996103812,49.0

1790042546,46,GET,[GET] /api/soporte/election/status,5.900000,0.000000,4,5,5,5,6,7,8,8,8,8,8,141,0,4,4.177796454030561,2.4246999964816496,11.868699999467935,78.0

1790042546,46,GET,[GET] /api/soporte/tickets,8.800000,0.000000,6,7,7,8,9,10,16,16,16,16,16,290,0,6,7.44862379320568,4.309099997044541,30.951399996411055,84567.0

1790042546,46,GET,[GET] /health,17.000000,0.000000,4,4,4,5,5,7,9,12,16,16,16,458,0,4,4.1568421398694415,2.0524999999906868,26.341900003899354,83.98689956331877

1790042546,46,,Aggregated,38.300000,0.000000,4,5,6,6,7,9,10,12,16,16,16,1045,0,4,5.128627655633311,2.0524999999906868,30.951399996411055,23523.002870813398

1790042547,47,GET,[GET] /actuator/health,6.600000,0.000000,4,5,5,5,6,7,9,11,11,11,11,166,0,4,4.505776506196427,2.450799998769071,10.616499996103812,49.0

1790042547,47,GET,[GET] /api/soporte/election/status,5.800000,0.000000,4,5,5,5,5,7,8,8,8,8,8,145,0,4,4.154447586313773,2.4246999964816496,11.868699999467935,78.0

1790042547,47,GET,[GET] /api/soporte/tickets,9.500000,0.000000,6,7,7,8,9,11,16,16,16,16,16,298,0,6,7.42467785248847,4.203800002869684,30.951399996411055,84567.0

1790042547,47,GET,[GET] /health,17.600000,0.000000,4,4,4,5,5,7,9,12,16,16,16,483,0,4,4.120192753748079,2.0524999999906868,26.341900003899354,83.98757763975155

1790042547,47,,Aggregated,39.500000,0.000000,4,5,6,6,7,9,11,16,16,16,16,1092,0,4,5.08512902943772,2.0524999999906868,30.951399996411055,23132.761904761905

1790042548,48,GET,[GET] /actuator/health,6.800000,0.000000,4,5,5,5,6,7,9,11,11,11,11,177,0,4,4.471810734705831,2.450799998769071,10.616499996103812,49.0

1790042548,48,GET,[GET] /api/soporte/election/status,5.300000,0.000000,4,4,5,5,5,7,7,8,8,8,8,155,0,4,4.132887096831485,2.4246999964816496,11.868699999467935,78.0

1790042548,48,GET,[GET] /api/soporte/tickets,10.100000,0.000000,6,7,7,8,9,11,16,16,16,16,16,309,0,6,7.400425566497114,4.203800002869684,30.951399996411055,84567.0

1790042548,48,GET,[GET] /health,18.000000,0.000000,4,4,4,5,5,7,8,10,16,16,16,506,0,4,4.0935148222754085,2.0524999999906868,26.341900003899354,83.98814229249012

1790042548,48,,Aggregated,40.200000,0.000000,4,5,6,6,7,8,10,11,16,16,16,1147,0,4,5.048088927786205,2.0524999999906868,30.951399996411055,22837.370531822144

1790042549,49,GET,[GET] /actuator/health,7.200000,0.000000,4,5,5,5,6,7,11,11,11,11,11,188,0,4,4.478590957582941,2.450799998769071,10.900499997660518,49.0

1790042549,49,GET,[GET] /api/soporte/election/status,5.100000,0.000000,4,5,5,5,5,7,7,8,8,8,8,164,0,4,4.148662804898156,2.4246999964816496,11.868699999467935,78.0

1790042549,49,GET,[GET] /api/soporte/tickets,10.000000,0.000000,6,7,7,8,9,11,16,16,16,16,16,319,0,6,7.349730407748718,3.8483999960590154,30.951399996411055,84567.0

1790042549,49,GET,[GET] /health,19.300000,0.000000,4,4,4,4,5,6,8,9,16,16,16,524,0,4,4.083406679532318,2.0524999999906868,26.341900003899354,83.9885496183206

1790042549,49,,Aggregated,41.600000,0.000000,4,5,6,6,7,8,10,11,16,16,16,1195,0,4,5.026464351611436,2.0524999999906868,30.951399996411055,22630.030962343095

1790042550,50,GET,[GET] /actuator/health,7.700000,0.000000,4,5,5,5,6,7,11,11,11,11,11,193,0,4,4.486314507861503,2.450799998769071,10.900499997660518,49.0

1790042550,50,GET,[GET] /api/soporte/election/status,5.100000,0.000000,4,4,5,5,5,7,8,8,8,8,8,170,0,4,4.114321764705785,2.2606999991694465,11.868699999467935,78.0

1790042550,50,GET,[GET] /api/soporte/tickets,10.100000,0.000000,6,7,7,7,9,11,16,16,33,33,33,334,0,6,7.373591617045507,3.8483999960590154,32.67480000067735,84567.0

1790042550,50,GET,[GET] /health,19.900000,0.000000,4,4,4,4,5,6,8,9,16,16,16,547,0,4,4.059008958098654,2.0524999999906868,26.341900003899354,83.98903107861061

1790042550,50,,Aggregated,42.800000,0.000000,4,5,6,6,7,8,11,12,33,33,33,1244,0,4,5.022790112693261,2.0524999999906868,32.67480000067735,22760.479903536976

1790042551,51,GET,[GET] /actuator/health,8.600000,0.000000,4,5,5,5,6,7,11,11,11,11,11,198,0,4,4.483833838443242,2.450799998769071,10.900499997660518,49.0

1790042551,51,GET,[GET] /api/soporte/election/status,5.600000,0.000000,4,4,5,5,5,7,8,8,8,8,8,175,0,4,4.098618857138457,2.2606999991694465,11.868699999467935,78.0

1790042551,51,GET,[GET] /api/soporte/tickets,10.200000,0.000000,6,7,7,7,9,11,16,16,33,33,33,346,0,6,7.332933526276712,3.8483999960590154,32.67480000067735,84567.0

1790042551,51,GET,[GET] /health,19.500000,0.000000,4,4,4,4,5,6,8,9,16,16,16,571,0,4,4.033774430943582,2.0524999999906868,26.341900003899354,83.98949211908932

1790042551,51,,Aggregated,43.900000,0.000000,4,5,6,6,7,8,11,12,33,33,33,1290,0,4,4.99654077532676,2.0524999999906868,32.67480000067735,22737.59069767442

1790042552,52,GET,[GET] /actuator/health,8.300000,0.000000,4,4,5,5,6,8,11,11,11,11,11,204,0,4,4.49082107850557,2.450799998769071,10.900499997660518,49.0

1790042552,52,GET,[GET] /api/soporte/election/status,5.600000,0.000000,4,4,4,5,5,7,7,8,8,8,8,185,0,4,4.064544864829529,2.2606999991694465,11.868699999467935,78.0

1790042552,52,GET,[GET] /api/soporte/tickets,10.900000,0.000000,6,7,7,7,9,11,16,32,33,33,33,359,0,6,7.364942897163061,3.8483999960590154,32.67480000067735,84567.0

1790042552,52,GET,[GET] /health,19.800000,0.000000,4,4,4,4,5,5,8,9,16,16,16,596,0,4,4.026720637721033,2.0524999999906868,26.341900003899354,83.98993288590604

1790042552,52,,Aggregated,44.600000,0.000000,4,5,5,6,7,8,11,16,33,33,33,1344,0,4,4.99405379477074,2.0524999999906868,32.67480000067735,22644.37276785714

1790042553,53,GET,[GET] /actuator/health,8.200000,0.000000,4,4,5,5,7,9,11,11,11,11,11,213,0,4,4.499651643344007,2.450799998769071,10.900499997660518,49.0

1790042553,53,GET,[GET] /api/soporte/election/status,5.200000,0.000000,4,4,4,5,5,7,7,8,8,8,8,194,0,4,4.073007731929784,2.2606999991694465,11.868699999467935,78.0

1790042553,53,GET,[GET] /api/soporte/tickets,11.600000,0.000000,6,7,7,8,9,11,16,32,33,33,33,372,0,6,7.375330645362571,3.8483999960590154,32.67480000067735,84567.0

1790042553,53,GET,[GET] /health,20.200000,0.000000,4,4,4,4,5,5,7,8,16,16,16,619,0,4,4.014844749734461,2.0524999999906868,26.341900003899354,83.99030694668821

1790042553,53,,Aggregated,45.200000,0.000000,4,5,6,6,7,8,11,16,33,33,33,1398,0,4,4.9909879829664945,2.0524999999906868,32.67480000067735,22558.28540772532

1790042554,54,GET,[GET] /actuator/health,8.300000,0.000000,4,4,5,5,7,9,11,11,11,11,11,223,0,4,4.533133632366414,2.450799998769071,10.900499997660518,49.0

1790042554,54,GET,[GET] /api/soporte/election/status,5.700000,0.000000,4,4,4,5,5,6,7,7,7,7,7,203,0,4,4.0562428570804965,2.2606999991694465,11.868699999467935,78.0

1790042554,54,GET,[GET] /api/soporte/tickets,11.300000,0.000000,6,7,7,8,9,11,16,32,33,33,33,382,0,6,7.353015183399527,3.8483999960590154,32.67480000067735,84567.0

1790042554,54,GET,[GET] /health,21.400000,0.000000,4,4,4,4,5,5,7,7,16,16,16,640,0,4,4.01476406261736,2.0524999999906868,26.341900003899354,83.990625

1790042554,54,,Aggregated,46.700000,0.000000,4,5,5,6,7,8,11,16,33,33,33,1448,0,4,4.981082113355511,2.0524999999906868,32.67480000067735,22365.4067679558

1790042555,55,GET,[GET] /actuator/health,8.000000,0.000000,4,4,5,5,7,9,11,11,11,11,11,229,0,4,4.5092227074036,2.450799998769071,10.900499997660518,49.0

1790042555,55,GET,[GET] /api/soporte/election/status,6.100000,0.000000,4,4,4,5,5,6,7,7,7,7,7,210,0,4,4.042486666626895,2.2606999991694465,11.868699999467935,78.0

1790042555,55,GET,[GET] /api/soporte/tickets,11.800000,0.000000,6,7,7,8,9,10,16,32,33,33,33,399,0,6,7.311482205617161,3.8483999960590154,32.67480000067735,84567.0

1790042555,55,GET,[GET] /health,21.600000,0.000000,4,4,4,4,5,5,6,7,11,11,11,668,0,4,3.998707335407101,2.016999998886604,26.341900003899354,83.99101796407186

1790042555,55,,Aggregated,47.500000,0.000000,4,5,5,6,7,8,10,11,33,33,33,1506,0,4,4.960127556494199,2.016999998886604,32.67480000067735,22460.78353253652

1790042556,56,GET,[GET] /actuator/health,7.800000,0.000000,4,5,5,5,7,9,10,11,11,11,11,235,0,4,4.508613191478132,2.450799998769071,10.900499997660518,49.0

1790042556,56,GET,[GET] /api/soporte/election/status,6.600000,0.000000,4,4,4,5,5,5,7,7,7,7,7,217,0,4,4.04522811048015,2.2606999991694465,11.868699999467935,78.0

1790042556,56,GET,[GET] /api/soporte/tickets,11.800000,0.000000,6,7,7,7,8,9,14,32,33,33,33,410,0,6,7.2707507318161175,3.8483999960590154,32.67480000067735,84567.0

1790042556,56,GET,[GET] /health,22.600000,0.000000,4,4,4,4,5,5,7,7,11,11,11,700,0,4,3.99675271439524,2.016999998886604,26.341900003899354,83.99142857142857

1790042556,56,,Aggregated,48.800000,0.000000,4,5,5,6,7,8,9,11,33,33,33,1562,0,4,4.93986766971372,2.016999998886604,32.67480000067735,22253.332266325226

1790042557,57,GET,[GET] /actuator/health,8.100000,0.000000,4,5,5,5,7,9,10,11,11,11,11,241,0,4,4.503616597503424,2.450799998769071,10.900499997660518,49.0

1790042557,57,GET,[GET] /api/soporte/election/status,7.000000,0.000000,4,4,4,5,5,6,7,7,7,7,7,224,0,4,4.045474999884391,2.2606999991694465,11.868699999467935,78.0

1790042557,57,GET,[GET] /api/soporte/tickets,11.900000,0.000000,6,7,7,7,8,9,14,32,33,33,33,428,0,6,7.236645093552031,3.8483999960590154,32.67480000067735,84567.0

1790042557,57,GET,[GET] /health,22.700000,0.000000,4,4,4,4,5,5,7,7,11,11,11,724,0,4,3.9907595304742833,2.016999998886604,26.341900003899354,83.99171270718232

1790042557,57,,Aggregated,49.700000,0.000000,4,5,5,6,7,8,9,11,33,33,33,1617,0,4,4.933922077969128,2.016999998886604,32.67480000067735,22439.55905998763

1790042558,58,GET,[GET] /actuator/health,8.100000,0.000000,4,5,5,5,7,8,9,10,10,10,10,252,0,4,4.487153968165374,2.450799998769071,10.900499997660518,49.0

1790042558,58,GET,[GET] /api/soporte/election/status,7.700000,0.000000,4,4,4,4,5,6,7,7,7,7,7,236,0,4,4.030689406690881,2.2606999991694465,11.868699999467935,78.0

1790042558,58,GET,[GET] /api/soporte/tickets,11.800000,0.000000,6,7,7,7,8,9,14,32,33,33,33,440,0,6,7.2141090910174,3.8483999960590154,32.67480000067735,84567.0

1790042558,58,GET,[GET] /health,22.900000,0.000000,4,4,4,4,5,5,7,8,11,11,11,747,0,4,3.9722763052548546,2.016999998886604,26.341900003899354,83.99196787148594

1790042558,58,,Aggregated,50.500000,0.000000,4,5,6,6,7,8,9,10,33,33,33,1675,0,4,4.909554567181943,2.016999998886604,32.67480000067735,22270.43462686567

1790042559,59,GET,[GET] /actuator/health,7.400000,0.000000,4,5,5,5,7,8,9,10,10,10,10,260,0,4,4.469185769154977,2.450799998769071,10.900499997660518,49.0

1790042559,59,GET,[GET] /api/soporte/election/status,7.500000,0.000000,4,4,4,4,5,6,7,7,7,7,7,240,0,4,4.037813333252416,2.2606999991694465,11.868699999467935,78.0

1790042559,59,GET,[GET] /api/soporte/tickets,12.400000,0.000000,6,7,7,7,8,9,10,14,32,32,32,450,0,6,7.206687333414771,3.8483999960590154,32.67480000067735,84567.0

1790042559,59,GET,[GET] /health,24.000000,0.000000,4,4,4,4,5,6,7,9,11,11,11,778,0,4,3.991536632477462,2.016999998886604,26.341900003899354,83.99228791773778

1790042559,59,,Aggregated,51.300000,0.000000,4,5,6,6,7,8,9,10,32,32,32,1728,0,4,4.9071112847598295,2.016999998886604,32.67480000067735,22078.67824074074

1790042560,60,GET,[GET] /actuator/health,7.300000,0.000000,4,5,5,5,6,8,9,10,10,10,10,267,0,4,4.462393632912721,2.450799998769071,10.900499997660518,49.0

1790042560,60,GET,[GET] /api/soporte/election/status,8.000000,0.000000,4,4,4,4,5,6,7,7,7,7,7,248,0,4,4.035365725764178,2.2606999991694465,11.868699999467935,78.0

1790042560,60,GET,[GET] /api/soporte/tickets,13.100000,0.000000,6,7,7,7,8,9,10,14,32,32,32,470,0,6,7.162836170259943,3.8483999960590154,32.67480000067735,84567.0

1790042560,60,GET,[GET] /health,24.100000,0.000000,4,4,4,5,5,6,8,9,11,11,11,806,0,4,3.978743176251851,2.016999998886604,26.341900003899354,83.9925558312655

1790042560,60,,Aggregated,52.500000,0.000000,4,5,6,6,7,8,9,10,32,32,32,1791,0,4,4.894265661674136,2.016999998886604,32.67480000067735,22248.249581239532

1790042561,61,GET,[GET] /actuator/health,7.300000,0.000000,4,5,5,5,6,9,10,10,10,10,10,271,0,4,4.484871217691661,2.450799998769071,10.900499997660518,49.0

1790042561,61,GET,[GET] /api/soporte/election/status,7.800000,0.000000,4,4,4,5,6,7,7,8,8,8,8,258,0,4,4.055258527073455,2.2606999991694465,11.868699999467935,78.0

1790042561,61,GET,[GET] /api/soporte/tickets,13.200000,0.000000,6,7,7,7,8,9,10,14,17,17,17,489,0,6,7.17101840495838,3.8483999960590154,32.67480000067735,84567.0

1790042561,61,GET,[GET] /health,24.700000,0.000000,4,4,4,5,5,7,8,9,11,11,11,832,0,4,3.985096875060033,2.016999998886604,26.341900003899354,83.99278846153847

1790042561,61,,Aggregated,53.000000,0.000000,4,5,6,6,7,8,9,10,17,17,17,1850,0,4,4.910208324353507,2.016999998886604,32.67480000067735,22408.944864864865

1790042562,62,GET,[GET] /actuator/health,7.300000,0.000000,4,5,5,5,6,7,10,10,10,10,10,280,0,4,4.491921071426726,2.450799998769071,10.900499997660518,49.0

1790042562,62,GET,[GET] /api/soporte/election/status,7.700000,0.000000,4,4,4,5,5,6,7,8,8,8,8,266,0,4,4.0563759398093024,2.2606999991694465,11.868699999467935,78.0

1790042562,62,GET,[GET] /api/soporte/tickets,13.200000,0.000000,6,7,7,7,8,9,11,12,17,17,17,513,0,6,7.161534502979193,3.8483999960590154,32.67480000067735,84567.0

1790042562,62,GET,[GET] /health,25.700000,0.000000,4,4,4,5,5,7,8,9,11,11,11,854,0,4,3.976471428633984,2.016999998886604,26.341900003899354,83.99297423887587

1790042562,62,,Aggregated,53.900000,0.000000,4,5,6,6,7,8,9,10,17,17,17,1913,0,4,4.917149869352068,2.016999998886604,32.67480000067735,22733.439100888656

1790042563,63,GET,[GET] /actuator/health,7.400000,0.000000,4,5,5,5,6,6,9,10,10,10,10,288,0,4,4.500084027818553,2.450799998769071,10.900499997660518,49.0

1790042563,63,GET,[GET] /api/soporte/election/status,7.900000,0.000000,4,4,5,5,5,7,8,9,9,9,9,273,0,4,4.068908424824758,2.2606999991694465,11.868699999467935,78.0

1790042563,63,GET,[GET] /api/soporte/tickets,13.900000,0.000000,6,7,7,7,8,9,10,12,17,17,17,533,0,6,7.125872232692183,3.8483999960590154,32.67480000067735,84567.0

1790042563,63,GET,[GET] /health,26.200000,0.000000,4,4,4,5,5,6,8,9,11,11,11,882,0,4,3.969725510222962,2.016999998886604,26.341900003899354,83.99319727891157

1790042563,63,,Aggregated,55.400000,0.000000,4,5,6,6,7,8,9,10,17,17,17,1976,0,4,4.912056680177373,2.016999998886604,32.67480000067735,22866.24443319838

1790042564,64,GET,[GET] /actuator/health,7.400000,0.000000,4,5,5,5,6,6,7,10,10,10,10,297,0,4,4.484547474741017,2.450799998769071,10.900499997660518,49.0

1790042564,64,GET,[GET] /api/soporte/election/status,7.900000,0.000000,4,4,5,5,6,7,8,9,9,9,9,279,0,4,4.058042293815877,2.2364999967976473,11.868699999467935,78.0

1790042564,64,GET,[GET] /api/soporte/tickets,14.600000,0.000000,6,7,7,7,8,9,10,12,17,17,17,552,0,6,7.086090398592785,3.8483999960590154,32.67480000067735,84567.0

1790042564,64,GET,[GET] /health,25.600000,0.000000,4,4,4,5,5,7,8,9,11,11,11,915,0,4,3.957414098387416,2.016999998886604,26.341900003899354,83.99344262295082

1790042564,64,,Aggregated,55.500000,0.000000,4,5,6,6,7,8,9,10,17,17,17,2043,0,4,4.89312785120921,2.016999998886604,32.67480000067735,22904.627019089574

1790042565,65,GET,[GET] /actuator/health,7.700000,0.000000,4,5,5,5,6,6,9,10,10,10,10,306,0,4,4.491152614374109,2.450799998769071,10.900499997660518,49.0

1790042565,65,GET,[GET] /api/soporte/election/status,7.900000,0.000000,4,4,4,5,6,7,8,9,9,9,9,288,0,4,4.048430555460275,2.2364999967976473,11.868699999467935,78.0

1790042565,65,GET,[GET] /api/soporte/tickets,15.600000,0.000000,6,7,7,7,8,9,11,12,17,17,17,567,0,6,7.094769841299238,3.8483999960590154,32.67480000067735,84567.0

1790042565,65,GET,[GET] /health,25.600000,0.000000,4,4,4,5,5,6,8,8,10,10,10,941,0,4,3.9513014877552397,2.016999998886604,26.341900003899354,83.99362380446334

1790042565,65,,Aggregated,56.800000,0.000000,4,5,6,6,7,8,9,10,17,17,17,2102,0,4,4.891127450031106,2.016999998886604,32.67480000067735,22866.786393910563

1790042566,66,GET,[GET] /actuator/health,7.600000,0.000000,4,5,5,5,6,7,10,13,13,13,13,317,0,4,4.497059305961984,2.450799998769071,12.691299998550676,49.0

1790042566,66,GET,[GET] /api/soporte/election/status,7.400000,0.000000,4,4,4,5,6,7,8,9,9,9,9,294,0,4,4.044819047540303,2.2364999967976473,11.868699999467935,78.0

1790042566,66,GET,[GET] /api/soporte/tickets,16.800000,0.000000,6,7,7,7,8,9,11,12,17,17,17,589,0,6,7.059629032289901,3.8483999960590154,32.67480000067735,84567.0

1790042566,66,GET,[GET] /health,26.200000,0.000000,4,4,4,4,5,6,8,8,9,9,9,964,0,4,3.9445244813151583,2.016999998886604,26.341900003899354,83.99377593360995

1790042566,66,,Aggregated,58.000000,0.000000,4,5,6,6,7,8,9,11,17,17,17,2164,0,4,4.886962892778818,2.016999998886604,32.67480000067735,23072.734750462107

1790042567,67,GET,[GET] /actuator/health,7.600000,0.000000,4,5,5,5,6,7,10,13,13,13,13,327,0,4,4.490813761452015,2.450799998769071,12.691299998550676,49.0

1790042567,67,GET,[GET] /api/soporte/election/status,7.900000,0.000000,4,4,4,5,6,7,8,9,9,9,9,300,0,4,4.043628666622681,2.2364999967976473,11.868699999467935,78.0

1790042567,67,GET,[GET] /api/soporte/tickets,16.900000,0.000000,6,7,7,7,8,9,11,12,17,17,17,610,0,6,7.035207541000583,3.8483999960590154,32.67480000067735,84567.0

1790042567,67,GET,[GET] /health,26.800000,0.000000,3,4,4,4,5,6,8,8,31,31,31,993,0,4,3.949842698874903,2.016999998886604,31.229899999743793,83.99395770392749

1790042567,67,,Aggregated,59.200000,0.000000,4,5,6,6,7,8,9,11,31,31,31,2230,0,4,4.885764618822757,2.016999998886604,32.67480000067735,23187.75739910314

1790042568,68,GET,[GET] /actuator/health,8.000000,0.000000,4,5,5,5,6,7,10,13,13,13,13,334,0,4,4.477082634687843,2.447899998514913,12.691299998550676,49.0

1790042568,68,GET,[GET] /api/soporte/election/status,7.600000,0.000000,4,4,4,5,6,7,9,11,11,11,11,311,0,4,4.045986495131606,2.2364999967976473,11.868699999467935,78.0

1790042568,68,GET,[GET] /api/soporte/tickets,17.500000,0.000000,6,7,7,7,8,9,11,12,17,17,17,633,0,6,6.9920546603608855,3.8483999960590154,32.67480000067735,84567.0

1790042568,68,GET,[GET] /health,27.500000,0.000000,3,4,4,4,5,6,8,8,31,31,31,1020,0,4,3.9444800980110064,2.016999998886604,31.229899999743793,83.99411764705883

1790042568,68,,Aggregated,60.600000,0.000000,4,5,6,6,7,8,10,11,31,31,31,2298,0,4,4.875103437750799,2.016999998886604,32.67480000067735,23349.525239338556

1790042569,69,GET,[GET] /actuator/health,8.500000,0.000000,4,5,5,5,6,7,10,13,13,13,13,343,0,4,4.474148396465387,2.447899998514913,12.691299998550676,49.0

1790042569,69,GET,[GET] /api/soporte/election/status,7.800000,0.000000,4,4,4,5,5,6,9,11,11,11,11,328,0,4,4.041020121959019,2.2364999967976473,11.868699999467935,78.0

1790042569,69,GET,[GET] /api/soporte/tickets,18.300000,0.000000,6,7,7,7,8,10,11,12,17,17,17,648,0,6,6.980302469159659,3.8483999960590154,32.67480000067735,84567.0

1790042569,69,GET,[GET] /health,26.700000,0.000000,3,4,4,4,5,6,8,8,31,31,31,1047,0,4,3.9340874880468677,2.016999998886604,31.229899999743793,83.99426934097421

1790042569,69,,Aggregated,61.300000,0.000000,4,5,6,6,7,8,10,11,31,31,31,2366,0,4,4.861501732878578,2.016999998886604,32.67480000067735,23216.292899408283

1790042570,70,GET,[GET] /actuator/health,8.600000,0.000000,4,4,5,5,6,7,9,13,13,13,13,350,0,4,4.461463714251295,2.447899998514913,12.691299998550676,49.0

1790042570,70,GET,[GET] /api/soporte/election/status,7.500000,0.000000,4,4,4,5,6,6,9,11,11,11,11,339,0,4,4.068632153366626,2.2364999967976473,11.868699999467935,78.0

1790042570,70,GET,[GET] /api/soporte/tickets,19.000000,0.000000,6,7,7,7,8,10,12,12,17,17,17,668,0,6,6.9808505988345395,3.8483999960590154,32.67480000067735,84567.0

1790042570,70,GET,[GET] /health,26.600000,0.000000,3,4,4,4,5,6,7,7,31,31,31,1081,0,4,3.9343620721493298,2.016999998886604,31.229899999743793,83.99444958371878

1790042570,70,,Aggregated,61.700000,0.000000,4,5,6,6,7,8,10,11,31,31,31,2438,0,4,4.863425840850754,2.016999998886604,32.67480000067735,23226.06480721903

1790042571,71,GET,[GET] /actuator/health,8.100000,0.000000,4,4,5,5,6,7,9,13,13,13,13,360,0,4,4.439927222200721,2.447899998514913,12.691299998550676,49.0

1790042571,71,GET,[GET] /api/soporte/election/status,8.300000,0.000000,4,4,5,5,6,7,9,11,11,11,11,352,0,4,4.079916477270341,2.2364999967976473,11.868699999467935,78.0

1790042571,71,GET,[GET] /api/soporte/tickets,19.000000,0.000000,6,7,7,7,8,10,11,12,12,12,12,689,0,6,6.978944702503857,3.8483999960590154,32.67480000067735,84567.0

1790042571,71,GET,[GET] /health,27.400000,0.000000,3,4,4,4,5,6,7,9,31,31,31,1112,0,4,3.9380558453283667,2.016999998886604,31.229899999743793,83.99460431654676

1790042571,71,,Aggregated,62.800000,0.000000,4,5,6,6,7,8,10,11,31,31,31,2513,0,4,4.863555670521974,2.016999998886604,32.67480000067735,23241.210107441304

1790042572,72,GET,[GET] /actuator/health,8.600000,0.000000,4,4,5,5,6,6,9,13,13,13,13,369,0,4,4.435655826539133,2.447899998514913,12.691299998550676,49.0

1790042572,72,GET,[GET] /api/soporte/election/status,8.900000,0.000000,4,4,4,5,6,7,9,11,11,11,11,367,0,4,4.069774931899243,2.2364999967976473,11.868699999467935,78.0

1790042572,72,GET,[GET] /api/soporte/tickets,20.300000,0.000000,6,7,7,7,8,10,11,12,32,32,32,710,0,6,7.008036760601844,3.8483999960590154,32.67480000067735,84567.0

1790042572,72,GET,[GET] /health,27.000000,0.000000,3,4,4,4,5,6,7,9,31,31,31,1145,0,4,3.9248167685531468,1.9952000002376735,31.229899999743793,83.9947598253275

1790042572,72,,Aggregated,64.800000,0.000000,4,5,6,6,7,8,10,11,32,32,32,2591,0,4,4.862981744508153,1.9952000002376735,32.67480000067735,23228.657275183326

1790042573,73,GET,[GET] /actuator/health,8.900000,0.000000,4,4,5,5,6,7,9,13,13,13,13,384,0,4,4.435731249998298,2.447899998514913,12.691299998550676,49.0

1790042573,73,GET,[GET] /api/soporte/election/status,9.100000,0.000000,4,4,4,5,6,7,8,9,11,11,11,380,0,4,4.079487368462172,2.2364999967976473,11.868699999467935,78.0

1790042573,73,GET,[GET] /api/soporte/tickets,20.300000,0.000000,6,7,7,7,9,10,11,12,32,32,32,729,0,6,6.995079149571532,3.8483999960590154,32.67480000067735,84567.0

1790042573,73,GET,[GET] /health,27.200000,0.000000,3,4,4,4,5,6,7,9,31,31,31,1176,0,4,3.9235916666585164,1.9952000002376735,31.229899999743793,83.99489795918367

1790042573,73,,Aggregated,65.500000,0.000000,4,5,6,6,7,8,10,11,32,32,32,2669,0,4,4.858404833287012,1.9952000002376735,32.67480000067735,23153.457100037467

1790042574,74,GET,[GET] /actuator/health,8.700000,0.000000,4,4,5,5,6,7,9,13,13,13,13,393,0,4,4.415239694639513,2.447899998514913,12.691299998550676,49.0

1790042574,74,GET,[GET] /api/soporte/election/status,9.600000,0.000000,4,4,4,5,6,7,8,9,11,11,11,389,0,4,4.054906940895551,2.2364999967976473,11.868699999467935,78.0

1790042574,74,GET,[GET] /api/soporte/tickets,20.100000,0.000000,6,7,7,7,9,10,11,12,32,32,32,753,0,6,6.960169455561549,3.8483999960590154,32.67480000067735,84567.0

1790042574,74,GET,[GET] /health,28.700000,0.000000,3,4,4,4,5,6,7,9,31,31,31,1207,0,4,3.9121584092446158,1.9937000033678487,31.229899999743793,83.9950289975145

1790042574,74,,Aggregated,67.100000,0.000000,4,5,6,6,7,8,10,11,32,32,32,2742,0,4,4.841550255287307,1.9937000033678487,32.67480000067735,23278.603938730852

1790042575,75,GET,[GET] /actuator/health,9.200000,0.000000,4,4,5,5,6,7,8,13,13,13,13,405,0,4,4.422744691341736,2.447899998514913,12.691299998550676,49.0

1790042575,75,GET,[GET] /api/soporte/election/status,10.400000,0.000000,4,4,4,5,6,7,8,9,11,11,11,396,0,4,4.057315151536993,2.2364999967976473,11.868699999467935,78.0

1790042575,75,GET,[GET] /api/soporte/tickets,19.100000,0.000000,6,7,7,7,9,10,11,30,32,32,32,769,0,6,6.985026788065571,3.8483999960590154,32.67480000067735,84567.0

1790042575,75,GET,[GET] /health,28.700000,0.000000,4,4,4,4,5,6,8,10,31,31,31,1245,0,4,3.929440642551128,1.9937000033678487,31.229899999743793,83.99518072289156

1790042575,75,,Aggregated,67.400000,0.000000,4,5,6,6,7,8,10,11,32,32,32,2815,0,4,4.8531252575490695,1.9937000033678487,32.67480000067735,23157.13321492007

1790042576,76,GET,[GET] /actuator/health,9.500000,0.000000,4,4,5,5,6,7,8,10,10,10,10,419,0,4,4.410196897362749,2.447899998514913,12.691299998550676,49.0

1790042576,76,GET,[GET] /api/soporte/election/status,10.700000,0.000000,4,4,4,5,5,6,8,9,11,11,11,410,0,4,4.03601999996903,2.2364999967976473,11.868699999467935,78.0

1790042576,76,GET,[GET] /api/soporte/tickets,19.100000,0.000000,6,7,7,7,9,10,13,30,32,32,32,786,0,6,6.996108269746313,3.8483999960590154,32.67480000067735,84567.0

1790042576,76,GET,[GET] /health,29.700000,0.000000,4,4,4,4,5,6,8,10,31,31,31,1273,0,4,3.917801885291828,1.9220999965909868,31.229899999743793,83.99528672427337

1790042576,76,,Aggregated,69.000000,0.000000,4,5,6,6,7,8,10,12,32,32,32,2888,0,4,4.843817036003945,1.9220999965909868,32.67480000067735,23071.01765927978

1790042577,77,GET,[GET] /actuator/health,9.800000,0.000000,4,4,5,5,6,7,8,8,10,10,10,433,0,4,4.404171593541706,2.447899998514913,12.691299998550676,49.0

1790042577,77,GET,[GET] /api/soporte/election/status,10.700000,0.000000,4,4,4,5,6,6,8,9,11,11,11,418,0,4,4.0386557416219215,2.2364999967976473,11.868699999467935,78.0

1790042577,77,GET,[GET] /api/soporte/tickets,19.800000,0.000000,6,7,7,8,9,10,13,30,32,32,32,813,0,6,6.980182779844058,3.8483999960590154,32.67480000067735,84567.0

1790042577,77,GET,[GET] /health,29.700000,0.000000,3,4,4,4,5,6,8,9,14,14,14,1303,0,4,3.900781964661367,1.9181000025128014,31.229899999743793,83.9953952417498

1790042577,77,,Aggregated,70.000000,0.000000,4,5,6,6,7,8,10,11,32,32,32,2967,0,4,4.837469464094541,1.9181000025128014,32.67480000067735,23227.582743511965

1790042578,78,GET,[GET] /actuator/health,10.000000,0.000000,4,4,5,5,6,7,8,10,10,10,10,449,0,4,4.395816481051519,2.447899998514913,12.691299998550676,49.0

1790042578,78,GET,[GET] /api/soporte/election/status,11.200000,0.000000,4,4,4,5,6,7,9,9,10,10,10,428,0,4,4.050916121477967,2.2364999967976473,11.868699999467935,78.0

1790042578,78,GET,[GET] /api/soporte/tickets,19.900000,0.000000,6,7,7,8,9,11,13,30,32,32,32,832,0,6,6.970647836554305,3.8483999960590154,32.67480000067735,84567.0

1790042578,78,GET,[GET] /health,30.000000,0.000000,3,4,4,4,5,6,8,9,14,14,14,1339,0,4,3.894413666881564,1.9181000025128014,31.229899999743793,83.99551904406273

1790042578,78,,Aggregated,71.100000,0.000000,4,5,6,6,7,8,10,11,32,32,32,3048,0,4,4.829958202084087,1.9181000025128014,32.67480000067735,23138.976049868765

1790042579,79,GET,[GET] /actuator/health,10.600000,0.000000,4,4,5,5,6,7,8,10,10,10,10,459,0,4,4.407837254896,2.447899998514913,12.691299998550676,49.0

1790042579,79,GET,[GET] /api/soporte/election/status,11.400000,0.000000,4,4,4,5,6,7,9,9,10,10,10,439,0,4,4.054608656033016,2.2364999967976473,11.868699999467935,78.0

1790042579,79,GET,[GET] /api/soporte/tickets,19.400000,0.000000,6,7,7,7,9,10,13,30,32,32,32,850,0,6,6.959466705893112,3.8483999960590154,32.67480000067735,84567.0

1790042579,79,GET,[GET] /health,30.200000,0.000000,4,4,4,4,5,6,8,9,14,14,14,1371,0,4,3.893466885426227,1.9181000025128014,31.229899999743793,83.99562363238512

1790042579,79,,Aggregated,71.600000,0.000000,4,5,6,6,7,8,10,11,32,32,32,3119,0,4,4.827399903791042,1.9181000025128014,32.67480000067735,23101.584161590254

1790042580,80,GET,[GET] /actuator/health,11.100000,0.000000,4,4,5,5,6,7,8,10,10,10,10,469,0,4,4.417394669507437,2.447899998514913,12.691299998550676,49.0

1790042580,80,GET,[GET] /api/soporte/election/status,11.700000,0.000000,4,4,4,5,5,6,8,9,10,10,10,449,0,4,4.045566592421507,2.2364999967976473,11.868699999467935,78.0

1790042580,80,GET,[GET] /api/soporte/tickets,19.800000,0.000000,6,7,7,8,9,11,13,30,32,32,32,873,0,6,6.9605659794142785,3.8483999960590154,32.67480000067735,84567.0

1790042580,80,GET,[GET] /health,31.100000,0.000000,4,4,4,4,5,7,8,9,14,14,14,1409,0,4,3.8978589069583394,1.9181000025128014,31.229899999743793,83.9957416607523

1790042580,80,,Aggregated,73.700000,0.000000,4,5,6,6,7,8,10,11,32,32,32,3200,0,4,4.830273374977878,1.9181000025128014,32.67480000067735,23126.045

1790042581,81,GET,[GET] /actuator/health,11.400000,0.000000,4,5,5,5,6,7,8,10,10,10,10,482,0,4,4.429563900420932,2.447899998514913,12.691299998550676,49.0

1790042581,81,GET,[GET] /api/soporte/election/status,11.200000,0.000000,4,4,4,5,5,6,8,9,10,10,10,462,0,4,4.042391125551849,2.094700001180172,11.868699999467935,78.0

1790042581,81,GET,[GET] /api/soporte/tickets,20.200000,0.000000,6,7,7,8,9,11,13,30,32,32,32,892,0,6,6.962547197330048,3.8483999960590154,32.67480000067735,84567.0

1790042581,81,GET,[GET] /health,31.300000,0.000000,4,4,4,4,5,7,7,8,14,14,14,1443,0,4,3.900620789935603,1.9181000025128014,31.229899999743793,83.995841995842

1790042581,81,,Aggregated,74.100000,0.000000,4,5,6,6,7,8,10,11,32,32,32,3279,0,4,4.83129685876893,1.9181000025128014,32.67480000067735,23060.269594388534

1790042582,82,GET,[GET] /actuator/health,11.700000,0.000000,4,4,5,5,6,7,10,10,16,16,16,499,0,4,4.441684368769297,2.4051000000326894,16.124000001582317,49.0

1790042582,82,GET,[GET] /api/soporte/election/status,10.800000,0.000000,4,4,4,5,5,6,9,10,10,10,10,471,0,4,4.036409341863771,2.094700001180172,11.868699999467935,78.0

1790042582,82,GET,[GET] /api/soporte/tickets,19.600000,0.000000,6,7,7,8,9,11,13,20,30,30,30,918,0,6,6.955904793068764,3.8483999960590154,32.67480000067735,84567.0

1790042582,82,GET,[GET] /health,32.300000,0.000000,4,4,4,4,5,7,7,8,14,14,14,1477,0,4,3.896093974201281,1.9181000025128014,31.229899999743793,83.99593771157753

1790042582,82,,Aggregated,74.400000,0.000000,4,5,6,6,7,8,10,11,30,30,30,3365,0,4,4.831382080227677,1.9181000025128014,32.67480000067735,23125.633580980684

1790042583,83,GET,[GET] /actuator/health,11.500000,0.000000,4,5,5,5,6,7,10,10,16,16,16,511,0,4,4.443502152691059,2.4051000000326894,16.124000001582317,49.0

1790042583,83,GET,[GET] /api/soporte/election/status,11.200000,0.000000,4,4,5,5,5,6,9,10,10,10,10,478,0,4,4.039285355673764,2.094700001180172,11.868699999467935,78.0

1790042583,83,GET,[GET] /api/soporte/tickets,19.900000,0.000000,6,7,8,8,10,11,18,26,30,30,30,941,0,6,7.035442508002023,3.8483999960590154,32.67480000067735,84567.0

1790042583,83,GET,[GET] /health,33.000000,0.000000,4,4,4,5,6,7,7,9,14,14,14,1509,0,4,3.916550762017313,1.9181000025128014,31.229899999743793,83.99602385685884

1790042583,83,,Aggregated,75.600000,0.000000,4,5,6,6,7,9,11,14,30,30,30,3439,0,4,4.865319715019256,1.9181000025128014,32.67480000067735,23194.713579528932

1790042584,84,GET,[GET] /actuator/health,12.700000,0.000000,4,5,5,5,6,7,10,10,16,16,16,526,0,4,4.43486121673816,2.4051000000326894,16.124000001582317,49.0

1790042584,84,GET,[GET] /api/soporte/election/status,10.800000,0.000000,4,4,5,5,5,6,9,10,10,10,10,492,0,4,4.030259349658481,2.094700001180172,11.868699999467935,78.0

1790042584,84,GET,[GET] /api/soporte/tickets,20.300000,0.000000,7,7,8,8,10,12,18,26,30,30,30,961,0,6,7.039451716984036,3.8483999960590154,32.67480000067735,84567.0

1790042584,84,GET,[GET] /health,32.200000,0.000000,4,4,4,5,6,7,8,10,16,16,16,1550,0,4,3.920867290237971,1.9181000025128014,31.229899999743793,83.99612903225807

1790042584,84,,Aggregated,76.000000,0.000000,4,5,6,6,7,9,11,16,30,30,30,3529,0,4,4.861967129477687,1.9181000025128014,32.67480000067735,23083.941909889487

1790042585,85,GET,[GET] /actuator/health,12.700000,0.000000,4,5,5,5,6,7,10,10,16,16,16,540,0,4,4.434351111154279,2.4051000000326894,16.124000001582317,49.0

1790042585,85,GET,[GET] /api/soporte/election/status,10.000000,0.000000,4,4,5,5,6,6,7,9,10,10,10,506,0,4,4.035491106787599,2.094700001180172,11.868699999467935,78.0

1790042585,85,GET,[GET] /api/soporte/tickets,20.900000,0.000000,7,7,8,8,9,11,17,20,29,29,29,985,0,6,7.031915533032238,3.8483999960590154,32.67480000067735,84567.0

1790042585,85,GET,[GET] /health,33.500000,0.000000,4,4,4,5,6,7,7,9,16,16,16,1580,0,4,3.9246529745987226,1.9181000025128014,31.229899999743793,83.99620253164557

1790042585,85,,Aggregated,77.100000,0.000000,4,5,6,6,7,9,11,15,29,29,29,3611,0,4,4.863997950695256,1.9181000025128014,32.67480000067735,23122.995569094433

1790042586,86,GET,[GET] /actuator/health,13.200000,0.000000,4,5,5,5,6,7,8,10,16,16,16,555,0,4,4.423112252311307,2.4051000000326894,16.124000001582317,49.0

1790042586,86,GET,[GET] /api/soporte/election/status,10.300000,0.000000,4,4,5,5,6,7,8,9,10,10,10,519,0,4,4.0282992293824025,2.094700001180172,11.868699999467935,78.0

1790042586,86,GET,[GET] /api/soporte/tickets,21.200000,0.000000,7,7,8,8,9,11,15,18,29,29,29,1000,0,6,7.02712280004198,3.8483999960590154,32.67480000067735,84567.0

1790042586,86,GET,[GET] /health,33.100000,0.000000,4,4,4,5,6,7,7,9,16,16,16,1629,0,4,3.912544076031453,1.9181000025128014,31.229899999743793,83.9963167587477

1790042586,86,,Aggregated,77.800000,0.000000,4,5,6,6,7,8,11,14,29,29,29,3703,0,4,4.84638717255724,1.9181000025128014,32.67480000067735,22892.656494734

1790042587,87,GET,[GET] /actuator/health,13.100000,0.000000,4,5,5,5,6,7,8,10,16,16,16,569,0,4,4.404129174044675,2.4051000000326894,16.124000001582317,49.0

1790042587,87,GET,[GET] /api/soporte/election/status,10.200000,0.000000,4,4,5,5,5,7,8,9,10,10,10,527,0,4,4.017784819813212,2.094700001180172,11.868699999467935,78.0

1790042587,87,GET,[GET] /api/soporte/tickets,21.100000,0.000000,7,7,8,8,9,11,15,18,29,29,29,1027,0,6,7.004783933826617,3.8483999960590154,32.67480000067735,84567.0

1790042587,87,GET,[GET] /health,33.800000,0.000000,4,4,4,5,6,7,7,9,16,16,16,1662,0,4,3.8961400119347522,1.9181000025128014,31.229899999743793,83.99638989169675

1790042587,87,,Aggregated,78.200000,0.000000,4,5,6,6,7,8,10,14,29,29,29,3785,0,4,4.832924676340417,1.9181000025128014,32.67480000067735,23001.029854689565

1790042588,88,GET,[GET] /actuator/health,13.400000,0.000000,4,5,5,5,6,7,10,16,50,50,50,586,0,4,4.4850334471469875,2.4051000000326894,50.14140000275802,49.0

1790042588,88,GET,[GET] /api/soporte/election/status,10.200000,0.000000,4,4,5,5,5,7,7,8,8,8,8,545,0,4,4.014394495533693,2.094700001180172,11.868699999467935,78.0

1790042588,88,GET,[GET] /api/soporte/tickets,21.000000,0.000000,7,7,8,8,9,11,15,18,29,29,29,1047,0,6,6.999883381123092,3.8483999960590154,32.67480000067735,84567.0

1790042588,88,GET,[GET] /health,34.800000,0.000000,4,4,4,5,6,6,7,9,16,16,16,1695,0,4,3.8898920943149418,1.9181000025128014,31.229899999743793,83.99646017699115

1790042588,88,,Aggregated,79.400000,0.000000,4,5,6,6,7,8,11,15,50,50,50,3873,0,4,4.8381925122627685,1.9181000025128014,50.14140000275802,22916.40769429383

1790042589,89,GET,[GET] /actuator/health,13.300000,0.000000,4,5,5,5,6,7,10,16,50,50,50,595,0,4,4.478170420189913,2.4051000000326894,50.14140000275802,49.0

1790042589,89,GET,[GET] /api/soporte/election/status,11.400000,0.000000,4,4,4,5,5,7,7,8,8,8,8,552,0,4,4.004123369668378,1.905999997688923,11.868699999467935,78.0

1790042589,89,GET,[GET] /api/soporte/tickets,21.500000,0.000000,7,7,8,8,9,10,15,18,29,29,29,1082,0,6,6.985113123878473,3.8483999960590154,32.67480000067735,84567.0

1790042589,89,GET,[GET] /health,35.500000,0.000000,4,4,4,5,6,6,7,8,16,16,16,1736,0,4,3.8819855990033227,1.9181000025128014,31.229899999743793,83.99654377880184

1790042589,89,,Aggregated,81.700000,0.000000,4,5,6,6,7,8,10,14,50,50,50,3965,0,4,4.835260252200811,1.905999997688923,50.14140000275802,23132.288272383354

1790042590,90,GET,[GET] /actuator/health,13.500000,0.000000,4,5,5,5,6,7,10,16,50,50,50,603,0,4,4.4768260365282915,2.4051000000326894,50.14140000275802,49.0

1790042590,90,GET,[GET] /api/soporte/election/status,11.000000,0.000000,4,4,5,5,5,7,7,8,8,8,8,568,0,4,4.007581514216185,1.905999997688923,11.868699999467935,78.0

1790042590,90,GET,[GET] /api/soporte/tickets,21.000000,0.000000,7,7,8,8,9,10,15,18,29,29,29,1107,0,6,6.980265763345534,3.8483999960590154,32.67480000067735,84567.0

1790042590,90,GET,[GET] /health,36.500000,0.000000,4,4,4,5,5,6,7,8,16,16,16,1779,0,4,3.8838582911041195,1.9181000025128014,31.229899999743793,83.99662731871838

1790042590,90,,Aggregated,82.000000,0.000000,4,5,6,6,7,8,10,14,50,50,50,4057,0,4,4.83420520088713,1.905999997688923,50.14140000275802,23130.133103278284

1790042591,91,GET,[GET] /actuator/health,13.600000,0.000000,4,5,5,5,6,7,10,16,50,50,50,620,0,4,4.469181129083624,2.4051000000326894,50.14140000275802,49.0

1790042591,91,GET,[GET] /api/soporte/election/status,11.400000,0.000000,4,4,5,5,5,7,7,8,8,8,8,579,0,4,4.000463903419065,1.905999997688923,11.868699999467935,78.0

1790042591,91,GET,[GET] /api/soporte/tickets,22.400000,0.000000,7,7,8,8,9,11,15,18,29,29,29,1125,0,6,6.981389066689492,3.8483999960590154,32.67480000067735,84567.0

1790042591,91,GET,[GET] /health,35.500000,0.000000,4,4,4,5,5,6,7,8,16,16,16,1814,0,4,3.8770786658437504,1.9181000025128014,31.229899999743793,83.99669239250275

1790042591,91,,Aggregated,82.900000,0.000000,4,5,6,6,7,8,10,14,50,50,50,4138,0,4,4.827028588684806,1.905999997688923,50.14140000275802,23046.34775253746

1790042592,92,GET,[GET] /actuator/health,13.400000,0.000000,4,5,5,5,6,7,8,10,50,50,50,633,0,4,4.477396840471013,2.4051000000326894,50.14140000275802,49.0

1790042592,92,GET,[GET] /api/soporte/election/status,12.000000,0.000000,4,4,4,5,6,7,7,8,8,8,8,592,0,4,3.996375337993487,1.905999997688923,11.868699999467935,78.0

1790042592,92,GET,[GET] /api/soporte/tickets,23.100000,0.000000,7,7,7,8,9,10,14,17,29,29,29,1149,0,6,6.975397040921683,3.8483999960590154,32.67480000067735,84567.0

1790042592,92,GET,[GET] /health,36.400000,0.000000,4,4,4,5,5,6,7,8,16,16,16,1859,0,4,3.8871527702182584,1.9181000025128014,31.229899999743793,83.99515868746639

1790042592,92,,Aggregated,84.900000,0.000000,4,5,6,6,7,8,10,11,50,50,50,4233,0,4,4.828961634766135,1.905999997688923,50.14140000275802,23009.88022678951

1790042593,93,GET,[GET] /actuator/health,13.700000,0.000000,4,5,5,5,6,7,8,10,50,50,50,638,0,4,4.489327272771402,2.4051000000326894,50.14140000275802,49.0

1790042593,93,GET,[GET] /api/soporte/election/status,11.700000,0.000000,4,4,4,5,6,7,8,9,11,11,11,601,0,4,4.017991680682798,1.905999997688923,11.868699999467935,78.0

1790042593,93,GET,[GET] /api/soporte/tickets,23.200000,0.000000,7,7,7,8,9,10,12,12,17,17,17,1173,0,6,6.985901790286076,3.8483999960590154,32.67480000067735,84567.0

1790042593,93,GET,[GET] /health,36.800000,0.000000,4,4,4,5,6,7,8,10,28,28,28,1908,0,4,3.9116389412178236,1.9181000025128014,31.229899999743793,83.99528301886792

1790042593,93,,Aggregated,85.400000,0.000000,4,5,6,6,7,8,10,11,50,50,50,4320,0,4,4.846498541659188,1.905999997688923,50.14140000275802,23017.475462962964

1790042594,94,GET,[GET] /actuator/health,13.500000,0.000000,4,5,5,5,6,7,8,10,50,50,50,652,0,4,4.479569478579682,2.4051000000326894,50.14140000275802,49.0

1790042594,94,GET,[GET] /api/soporte/election/status,11.500000,0.000000,4,4,4,5,6,7,8,9,11,11,11,621,0,4,4.004966505803074,1.905999997688923,11.868699999467935,78.0

1790042594,94,GET,[GET] /api/soporte/tickets,23.400000,0.000000,6,7,7,8,9,10,11,12,14,14,14,1200,0,6,6.968254916688845,3.8483999960590154,32.67480000067735,84567.0

1790042594,94,GET,[GET] /health,38.600000,0.000000,4,4,4,5,5,6,7,8,28,28,28,1944,0,4,3.9081234567019996,1.9181000025128014,31.229899999743793,83.99382716049382

1790042594,94,,Aggregated,87.000000,0.000000,4,5,6,6,7,8,10,11,50,50,50,4417,0,4,4.837460131309252,1.905999997688923,50.14140000275802,23030.126782884312

1790042595,95,GET,[GET] /actuator/health,13.200000,0.000000,4,5,5,5,6,7,8,10,50,50,50,668,0,4,4.477993562905756,2.4051000000326894,50.14140000275802,49.0

1790042595,95,GET,[GET] /api/soporte/election/status,12.000000,0.000000,4,4,4,5,6,7,8,9,11,11,11,629,0,4,4.002943402387584,1.905999997688923,11.868699999467935,78.0

1790042595,95,GET,[GET] /api/soporte/tickets,23.500000,0.000000,6,7,7,7,9,9,11,12,14,14,14,1224,0,6,6.946999428127206,3.8483999960590154,32.67480000067735,84567.0

1790042595,95,GET,[GET] /health,39.100000,0.000000,4,4,4,5,5,6,7,9,28,28,28,1987,0,4,3.910887116166522,1.9181000025128014,31.229899999743793,83.99396074484147

1790042595,95,,Aggregated,87.800000,0.000000,4,5,6,6,7,8,9,11,50,50,50,4508,0,4,4.832123136640066,1.905999997688923,50.14140000275802,23016.57009760426

1790042596,96,GET,[GET] /actuator/health,12.400000,0.000000,4,5,5,6,6,7,9,10,50,50,50,685,0,4,4.471644671590503,2.3049000010360032,50.14140000275802,49.0

1790042596,96,GET,[GET] /api/soporte/election/status,12.500000,0.000000,4,4,4,5,5,6,8,9,11,11,11,639,0,4,3.993657277154602,1.905999997688923,11.868699999467935,78.0

1790042596,96,GET,[GET] /api/soporte/tickets,23.200000,0.000000,6,7,7,7,9,9,11,12,14,14,14,1249,0,6,6.928579903929746,3.8483999960590154,32.67480000067735,84567.0

1790042596,96,GET,[GET] /health,39.900000,0.000000,4,4,4,5,5,6,7,9,28,28,28,2039,0,4,3.897941294664184,1.9181000025128014,31.229899999743793,83.99411476213831

1790042596,96,,Aggregated,88.000000,0.000000,4,5,6,6,7,8,9,11,50,50,50,4612,0,4,4.817155724191199,1.905999997688923,50.14140000275802,22957.253686036427

1790042597,97,GET,[GET] /actuator/health,13.200000,0.000000,4,5,5,5,6,7,9,10,50,50,50,704,0,4,4.451972301188272,2.3049000010360032,50.14140000275802,49.0

1790042597,97,GET,[GET] /api/soporte/election/status,12.800000,0.000000,4,4,4,5,6,7,8,9,11,11,11,647,0,4,3.998169088253512,1.905999997688923,11.868699999467935,78.0

1790042597,97,GET,[GET] /api/soporte/tickets,23.900000,0.000000,6,7,7,7,8,9,11,12,14,14,14,1271,0,6,6.917566404409604,3.8483999960590154,32.67480000067735,84567.0

1790042597,97,GET,[GET] /health,39.900000,0.000000,4,4,4,5,5,6,7,9,28,28,28,2082,0,4,3.890735302511434,1.9181000025128014,31.229899999743793,83.99423631123919

1790042597,97,,Aggregated,89.800000,0.000000,4,5,6,6,7,8,9,11,50,50,50,4704,0,4,4.8073430484630055,1.905999997688923,50.14140000275802,22904.867134353743

1790042598,98,GET,[GET] /actuator/health,12.700000,0.000000,4,5,5,5,6,6,7,8,9,9,9,715,0,4,4.446669790246182,2.3049000010360032,50.14140000275802,49.0

1790042598,98,GET,[GET] /api/soporte/election/status,12.800000,0.000000,4,4,4,5,5,6,7,9,11,11,11,661,0,4,3.988024508474013,1.905999997688923,11.868699999467935,78.0

1790042598,98,GET,[GET] /api/soporte/tickets,24.200000,0.000000,6,7,7,7,8,10,12,14,310,310,310,1303,0,6,7.152521642365801,3.8483999960590154,310.56180000450695,84567.0

1790042598,98,GET,[GET] /health,40.600000,0.000000,4,4,4,5,5,6,7,8,28,28,28,2131,0,4,3.8873391834171307,1.9181000025128014,31.229899999743793,83.99436884091976

1790042598,98,,Aggregated,90.300000,0.000000,4,5,6,6,7,8,9,11,310,310,310,4810,0,4,4.86883754677586,1.905999997688923,310.56180000450695,22963.905613305615

1790042599,99,GET,[GET] /actuator/health,12.900000,0.000000,4,5,5,5,6,6,7,8,9,9,9,725,0,4,4.440207310394255,2.3049000010360032,50.14140000275802,49.0

1790042599,99,GET,[GET] /api/soporte/election/status,11.700000,0.000000,4,4,4,5,5,6,7,9,11,11,11,675,0,4,3.978673777978488,1.905999997688923,11.868699999467935,78.0

1790042599,99,GET,[GET] /api/soporte/tickets,24.900000,0.000000,6,7,7,7,8,10,12,14,310,310,310,1326,0,6,7.137432503751256,3.8483999960590154,310.56180000450695,84567.0

1790042599,99,GET,[GET] /health,41.900000,0.000000,4,4,4,5,5,6,7,8,28,28,28,2178,0,4,3.879906336020961,1.9181000025128014,31.229899999743793,83.99449035812673

1790042599,99,,Aggregated,91.400000,0.000000,4,5,6,6,7,8,9,11,310,310,310,4904,0,4,4.857142455138486,1.905999997688923,310.56180000450695,22921.483890701467

1790042600,100,GET,[GET] /actuator/health,13.400000,0.000000,4,4,5,5,6,6,7,8,9,9,9,740,0,4,4.43136783790062,2.3049000010360032,50.14140000275802,49.0

1790042600,100,GET,[GET] /api/soporte/election/status,11.900000,0.000000,4,4,4,4,5,6,7,9,11,11,11,688,0,4,3.968156976942166,1.905999997688923,11.868699999467935,78.0

1790042600,100,GET,[GET] /api/soporte/tickets,25.000000,0.000000,6,7,7,7,8,10,13,32,310,310,310,1364,0,6,7.1564536656803455,3.8483999960590154,310.56180000450695,84567.0

1790042600,100,GET,[GET] /health,41.700000,0.000000,4,4,4,5,5,7,8,9,28,28,28,2216,0,4,3.8828869132967387,1.9181000025128014,31.229899999743793,83.99458483754513

1790042600,100,,Aggregated,92.000000,0.000000,4,5,6,6,7,8,10,11,310,310,310,5008,0,4,4.867249281157394,1.905999997688923,310.56180000450695,23088.147763578276

1790042601,101,GET,[GET] /actuator/health,12.800000,0.000000,4,4,5,5,6,6,7,8,9,9,9,748,0,4,4.427069117722334,2.3049000010360032,50.14140000275802,49.0

1790042601,101,GET,[GET] /api/soporte/election/status,11.900000,0.000000,4,4,4,5,5,6,7,9,11,11,11,702,0,4,3.9679387466089158,1.905999997688923,11.868699999467935,78.0

1790042601,101,GET,[GET] /api/soporte/tickets,24.400000,0.000000,6,7,7,7,8,10,12,32,310,310,310,1397,0,6,7.1461006442397235,3.8483999960590154,310.56180000450695,84567.0

1790042601,101,GET,[GET] /health,44.400000,0.000000,4,4,4,5,5,6,8,9,28,28,28,2267,0,4,3.8843141154992673,1.9181000025128014,31.229899999743793,83.99470666078518

1790042601,101,,Aggregated,93.500000,0.000000,4,5,6,6,7,8,9,11,310,310,310,5114,0,4,4.866207156827434,1.905999997688923,310.56180000450695,23156.418263590145

1790042602,102,GET,[GET] /actuator/health,13.000000,0.000000,4,4,5,5,6,6,7,8,9,9,9,762,0,4,4.42406889770392,2.3049000010360032,50.14140000275802,49.0

1790042602,102,GET,[GET] /api/soporte/election/status,12.100000,0.000000,4,4,4,4,5,5,7,7,11,11,11,716,0,4,3.96162681581141,1.905999997688923,11.868699999467935,78.0

1790042602,102,GET,[GET] /api/soporte/tickets,25.100000,0.000000,6,7,7,7,8,9,13,32,310,310,310,1422,0,6,7.141412165958515,3.8483999960590154,310.56180000450695,84567.0

1790042602,102,GET,[GET] /health,44.000000,0.000000,4,4,4,5,5,6,7,8,28,28,28,2315,0,4,3.8825205615060363,1.9181000025128014,31.229899999743793,83.99481641468682

1790042602,102,,Aggregated,94.200000,0.000000,4,5,6,6,7,8,9,11,310,310,310,5215,0,4,4.861129146701983,1.905999997688923,310.56180000450695,23114.459827420902

1790042603,103,GET,[GET] /actuator/health,13.100000,0.000000,4,4,5,5,6,6,9,10,10,10,10,778,0,4,4.436782647880718,2.3049000010360032,50.14140000275802,49.0

1790042603,103,GET,[GET] /api/soporte/election/status,12.400000,0.000000,4,4,4,4,5,6,7,7,9,9,9,728,0,4,3.9670782968771943,1.905999997688923,11.868699999467935,78.0

1790042603,103,GET,[GET] /api/soporte/tickets,26.300000,0.000000,6,7,7,7,8,10,15,32,310,310,310,1448,0,6,7.154097859118398,3.8483999960590154,310.56180000450695,84567.0

1790042603,103,GET,[GET] /health,44.100000,0.000000,4,4,4,5,5,6,7,8,10,10,10,2367,0,4,3.880053654366303,1.9181000025128014,31.229899999743793,83.99493029150824

1790042603,103,,Aggregated,95.900000,0.000000,4,5,6,6,7,8,9,12,310,310,310,5321,0,4,4.8643244878906735,1.905999997688923,310.56180000450695,23068.35895508363

1790042604,104,GET,[GET] /actuator/health,12.900000,0.000000,4,4,5,5,6,7,10,10,12,12,12,788,0,4,4.438988451834421,2.3049000010360032,50.14140000275802,49.0

1790042604,104,GET,[GET] /api/soporte/election/status,12.700000,0.000000,4,4,4,5,5,7,8,9,13,13,13,742,0,4,3.9812153640617063,1.905999997688923,13.380199998209719,78.0

1790042604,104,GET,[GET] /api/soporte/tickets,26.500000,0.000000,6,7,7,8,8,11,15,32,310,310,310,1482,0,6,7.146610188949602,3.8483999960590154,310.56180000450695,84567.0

1790042604,104,GET,[GET] /health,44.700000,0.000000,3,4,4,5,5,6,8,9,10,10,10,2405,0,4,3.8822762993236486,1.9181000025128014,31.229899999743793,83.9950103950104

1790042604,104,,Aggregated,96.800000,0.000000,4,5,6,6,7,8,10,13,310,310,310,5417,0,4,4.86987917668008,1.905999997688923,310.56180000450695,23191.211002399854

1790042605,105,GET,[GET] /actuator/health,12.900000,0.000000,4,4,5,5,6,7,10,10,12,12,12,805,0,4,4.42796037275697,2.3049000010360032,50.14140000275802,49.0

1790042605,105,GET,[GET] /api/soporte/election/status,12.700000,0.000000,4,4,4,5,5,7,8,9,13,13,13,756,0,4,3.976278174810605,1.905999997688923,13.380199998209719,78.0

1790042605,105,GET,[GET] /api/soporte/tickets,27.300000,0.000000,6,7,7,8,9,12,17,32,310,310,310,1511,0,6,7.146244076765398,3.8483999960590154,310.56180000450695,84567.0

1790042605,105,GET,[GET] /health,44.500000,0.000000,3,4,4,5,5,6,7,9,10,10,10,2447,0,4,3.8764262361650657,1.9181000025128014,31.229899999743793,83.9950960359624

1790042605,105,,Aggregated,97.400000,0.000000,4,5,6,6,7,8,10,14,310,310,310,5519,0,4,4.8657662982632015,1.905999997688923,310.56180000450695,23207.951802862837

1790042606,106,GET,[GET] /actuator/health,13.800000,0.000000,4,4,5,5,6,7,10,10,12,12,12,825,0,4,4.435097939488267,2.3049000010360032,50.14140000275802,49.0

1790042606,106,GET,[GET] /api/soporte/election/status,12.200000,0.000000,3,4,4,5,5,7,8,9,13,13,13,766,0,4,3.973521279576435,1.905999997688923,13.380199998209719,78.0

1790042606,106,GET,[GET] /api/soporte/tickets,28.000000,0.000000,6,7,7,8,9,12,17,32,310,310,310,1533,0,6,7.1384161122017815,3.8483999960590154,310.56180000450695,84567.0

1790042606,106,GET,[GET] /health,45.400000,0.000000,3,4,4,5,5,6,7,9,10,10,10,2503,0,4,3.869768557682284,1.9181000025128014,31.229899999743793,83.99520575309629

1790042606,106,,Aggregated,99.400000,0.000000,4,5,6,6,7,8,10,14,310,310,310,5627,0,4,4.857276648323699,1.905999997688923,310.56180000450695,23094.29962679936

1790042607,107,GET,[GET] /actuator/health,13.300000,0.000000,4,4,5,5,6,8,10,12,13,13,13,843,0,4,4.4405488731570335,2.3049000010360032,50.14140000275802,49.0

1790042607,107,GET,[GET] /api/soporte/election/status,12.200000,0.000000,4,4,4,4,5,6,8,9,13,13,13,782,0,4,3.9609790283508057,1.905999997688923,13.380199998209719,78.0

1790042607,107,GET,[GET] /api/soporte/tickets,28.600000,0.000000,6,7,7,8,9,12,15,31,310,310,310,1566,0,6,7.32180446999339,3.8483999960590154,313.4501000022283,84567.0

1790042607,107,GET,[GET] /health,46.500000,0.000000,3,4,4,5,5,7,8,9,10,10,10,2548,0,4,3.8676883045188433,1.9181000025128014,31.229899999743793,83.99529042386185

1790042607,107,,Aggregated,100.600000,0.000000,4,5,6,6,7,8,11,14,310,310,310,5739,0,4,4.9070715978681605,1.905999997688923,313.4501000022283,23130.901725039206

1790042608,108,GET,[GET] /actuator/health,14.000000,0.000000,4,4,5,5,6,9,10,12,13,13,13,856,0,4,4.432379205694662,2.3049000010360032,50.14140000275802,49.0

1790042608,108,GET,[GET] /api/soporte/election/status,12.500000,0.000000,3,4,4,4,5,7,9,11,13,13,13,803,0,4,3.960950934202155,1.905999997688923,13.380199998209719,78.0

1790042608,108,GET,[GET] /api/soporte/tickets,28.800000,0.000000,6,7,8,8,10,13,17,31,310,310,310,1600,0,6,7.3522972500086325,3.8483999960590154,313.4501000022283,84567.0

1790042608,108,GET,[GET] /health,45.700000,0.000000,3,4,4,5,6,7,9,10,20,20,20,2585,0,4,3.8900792649585703,1.9181000025128014,31.229899999743793,83.9953578336557

1790042608,108,,Aggregated,101.000000,0.000000,4,5,6,6,8,9,13,16,310,310,310,5844,0,4,4.927154466148302,1.905999997688923,313.4501000022283,23208.231690622863

1790042609,109,GET,[GET] /actuator/health,14.200000,0.000000,4,4,5,5,6,7,10,12,13,13,13,871,0,4,4.422266934631445,2.3049000010360032,50.14140000275802,49.0

1790042609,109,GET,[GET] /api/soporte/election/status,12.700000,0.000000,4,4,4,4,5,7,9,11,13,13,13,819,0,4,3.9543884007081247,1.905999997688923,13.380199998209719,78.0

1790042609,109,GET,[GET] /api/soporte/tickets,28.100000,0.000000,6,7,8,8,10,13,17,31,310,310,310,1630,0,6,7.337763312900692,3.8483999960590154,313.4501000022283,84567.0

1790042609,109,GET,[GET] /health,45.800000,0.000000,4,4,5,5,6,7,9,10,20,20,20,2632,0,4,3.8919056230615006,1.9181000025128014,31.229899999743793,83.99544072948328

1790042609,109,,Aggregated,100.800000,0.000000,4,5,6,6,8,9,12,15,34,310,310,5952,0,4,4.921789045727476,1.905999997688923,313.4501000022283,23214.356014784946

1790042610,110,GET,[GET] /actuator/health,13.700000,0.000000,4,4,5,5,6,7,10,12,13,13,13,884,0,4,4.415091629017211,2.3049000010360032,50.14140000275802,49.0

1790042610,110,GET,[GET] /api/soporte/election/status,13.000000,0.000000,3,4,4,4,5,7,10,11,13,13,13,841,0,4,3.9535488706359923,1.905999997688923,13.380199998209719,78.0

1790042610,110,GET,[GET] /api/soporte/tickets,30.200000,0.000000,6,7,8,8,10,12,17,30,310,310,310,1668,0,6,7.324418285386144,3.8483999960590154,313.4501000022283,84567.0

1790042610,110,GET,[GET] /health,46.200000,0.000000,3,4,5,5,6,7,9,10,20,20,20,2668,0,4,3.8878181408878913,1.9181000025128014,31.229899999743793,83.99550224887557

1790042610,110,,Aggregated,103.100000,0.000000,4,5,6,6,8,9,12,15,31,310,310,6061,0,4,4.919601402436737,1.905999997688923,313.4501000022283,23327.960732552383

1790042611,111,GET,[GET] /actuator/health,14.500000,0.000000,4,4,5,5,6,9,10,12,13,13,13,905,0,4,4.426177348124728,2.3049000010360032,50.14140000275802,49.0

1790042611,111,GET,[GET] /api/soporte/election/status,13.900000,0.000000,4,4,4,4,5,7,10,11,13,13,13,859,0,4,3.9463763680924067,1.905999997688923,13.380199998209719,78.0

1790042611,111,GET,[GET] /api/soporte/tickets,30.300000,0.000000,6,7,8,8,10,12,17,30,310,310,310,1691,0,6,7.31762040213771,3.8483999960590154,313.4501000022283,84567.0

1790042611,111,GET,[GET] /health,45.400000,0.000000,3,4,5,5,6,7,9,10,20,20,20,2717,0,4,3.8926858298963527,1.9181000025128014,31.229899999743793,83.99558336400442

1790042611,111,,Aggregated,104.100000,0.000000,4,5,6,6,8,10,12,15,31,310,310,6172,0,4,4.91674518795974,1.905999997688923,313.4501000022283,23224.62086843811

1790042612,112,GET,[GET] /actuator/health,14.400000,0.000000,4,4,5,5,7,9,10,12,13,13,13,925,0,4,4.443910702759387,2.3049000010360032,50.14140000275802,49.0

1790042612,112,GET,[GET] /api/soporte/election/status,14.500000,0.000000,3,4,4,5,5,8,8,11,13,13,13,876,0,4,3.955811415739824,1.905999997688923,13.380199998209719,78.0

1790042612,112,GET,[GET] /api/soporte/tickets,29.800000,0.000000,6,7,7,8,10,12,17,30,310,310,310,1717,0,6,7.310023354694581,3.8483999960590154,313.4501000022283,84567.0

1790042612,112,GET,[GET] /health,45.300000,0.000000,4,4,5,5,6,7,9,10,20,20,20,2767,0,4,3.8953949764448037,1.9181000025128014,31.229899999743793,83.99566317311168

1790042612,112,,Aggregated,104.000000,0.000000,4,5,6,6,8,9,12,15,31,310,310,6285,0,4,4.917386825787412,1.905999997688923,313.4501000022283,23157.932856006366

1790042613,113,GET,[GET] /actuator/health,15.000000,0.000000,4,4,5,5,7,9,10,12,13,13,13,941,0,4,4.455196918230222,2.3049000010360032,50.14140000275802,49.0

1790042613,113,GET,[GET] /api/soporte/election/status,15.100000,0.000000,3,4,4,5,6,8,9,10,11,11,11,902,0,4,3.979353104446867,1.905999997688923,13.380199998209719,78.0

1790042613,113,GET,[GET] /api/soporte/tickets,29.600000,0.000000,6,7,8,8,10,12,14,30,310,310,310,1741,0,6,7.307414761639793,3.8483999960590154,313.4501000022283,84567.0

1790042613,113,GET,[GET] /health,44.900000,0.000000,4,4,5,5,6,8,10,12,20,20,20,2814,0,4,3.9161719615518993,1.9181000025128014,31.229899999743793,83.99573560767591

1790042613,113,,Aggregated,104.600000,0.000000,4,5,6,6,8,9,12,13,31,310,310,6398,0,4,4.927170021895535,1.905999997688923,313.4501000022283,23067.20475148484

1790042614,114,GET,[GET] /actuator/health,15.600000,0.000000,4,4,5,5,7,9,10,12,13,13,13,957,0,4,4.458233019907396,2.3049000010360032,50.14140000275802,49.0

1790042614,114,GET,[GET] /api/soporte/election/status,15.800000,0.000000,3,4,4,5,6,8,9,10,11,11,11,918,0,4,3.987101852084882,1.905999997688923,13.380199998209719,78.0

1790042614,114,GET,[GET] /api/soporte/tickets,29.400000,0.000000,6,7,8,8,10,12,17,30,310,310,310,1776,0,6,7.302295495506556,3.8483999960590154,313.4501000022283,84567.0

1790042614,114,GET,[GET] /health,45.000000,0.000000,4,4,5,5,6,8,10,12,20,20,20,2860,0,4,3.917331957965833,1.9181000025128014,31.229899999743793,83.9958041958042

1790042614,114,,Aggregated,105.800000,0.000000,4,5,6,7,8,9,12,13,31,310,310,6511,0,4,4.929985363241779,1.905999997688923,313.4501000022283,23122.36476731685

1790042615,115,GET,[GET] /actuator/health,16.100000,0.000000,4,4,5,5,7,9,10,12,13,13,13,973,0,4,4.4638526208203055,2.3049000010360032,50.14140000275802,49.0

1790042615,115,GET,[GET] /api/soporte/election/status,16.500000,0.000000,3,4,4,5,6,8,9,10,11,11,11,932,0,4,3.9829100860749813,1.905999997688923,13.380199998209719,78.0

1790042615,115,GET,[GET] /api/soporte/tickets,29.000000,0.000000,6,7,8,8,10,12,13,18,310,310,310,1807,0,6,7.285992639728393,3.8483999960590154,313.4501000022283,84567.0

1790042615,115,GET,[GET] /health,45.400000,0.000000,4,4,5,5,6,7,10,12,20,20,20,2913,0,4,3.9224626844501236,1.9181000025128014,31.229899999743793,83.99588053553038

1790042615,115,,Aggregated,107.000000,0.000000,4,5,6,7,8,9,12,13,30,310,310,6625,0,4,4.9278978566147105,1.905999997688923,313.4501000022283,23121.150490566037

1790042616,116,GET,[GET] /actuator/health,16.300000,0.000000,4,4,5,5,7,9,10,12,13,13,13,995,0,4,4.459682412130522,2.3049000010360032,50.14140000275802,49.0

1790042616,116,GET,[GET] /api/soporte/election/status,17.600000,0.000000,4,4,4,5,6,8,9,10,11,11,11,949,0,4,3.985429926452402,1.905999997688923,13.380199998209719,78.0

1790042616,116,GET,[GET] /api/soporte/tickets,29.200000,0.000000,6,7,8,8,10,11,13,17,30,30,30,1842,0,6,7.269125407151551,3.8483999960590154,313.4501000022283,84567.0

1790042616,116,GET,[GET] /health,45.200000,0.000000,4,4,5,5,6,7,10,12,20,20,20,2962,0,4,3.916507123491945,1.9181000025128014,31.229899999743793,83.99594868332208

1790042616,116,,Aggregated,108.300000,0.000000,4,5,6,7,8,9,11,13,20,30,30,6748,0,4,4.921455260822391,1.905999997688923,313.4501000022283,23139.298606994664

1790042617,117,GET,[GET] /actuator/health,16.800000,0.000000,4,4,5,5,7,9,10,10,12,12,12,1007,0,4,4.459786494621184,2.3049000010360032,50.14140000275802,49.0

1790042617,117,GET,[GET] /api/soporte/election/status,17.900000,0.000000,4,4,4,5,6,8,9,10,11,11,11,962,0,4,3.979213617681797,1.905999997688923,13.380199998209719,78.0

1790042617,117,GET,[GET] /api/soporte/tickets,28.800000,0.000000,6,7,8,8,9,11,12,13,18,18,18,1867,0,6,7.273258864461679,3.8483999960590154,313.4501000022283,84567.0

1790042617,117,GET,[GET] /health,45.000000,0.000000,4,4,5,5,6,7,9,10,20,20,20,3021,0,4,3.920071433233531,1.9113000016659498,31.229899999743793,83.99602780536246

1790042617,117,,Aggregated,108.500000,0.000000,4,5,6,7,8,9,11,12,18,20,20,6857,0,4,4.920623975505596,1.905999997688923,313.4501000022283,23080.75251567741

1790042618,118,GET,[GET] /actuator/health,16.400000,0.000000,4,5,5,6,7,9,10,12,22,22,22,1026,0,4,4.490863157960007,2.3049000010360032,50.14140000275802,49.0

1790042618,118,GET,[GET] /api/soporte/election/status,18.100000,0.000000,4,4,4,5,6,8,9,10,10,10,10,980,0,4,3.97522193898669,1.905999997688923,13.380199998209719,78.0

1790042618,118,GET,[GET] /api/soporte/tickets,29.700000,0.000000,6,7,7,8,9,11,12,13,24,24,24,1897,0,6,7.266529625705193,3.8483999960590154,313.4501000022283,84567.0

1790042618,118,GET,[GET] /health,45.700000,0.000000,4,4,5,5,6,7,9,10,18,18,18,3073,0,4,3.9218582817475824,1.9113000016659498,31.229899999743793,83.99609502115197

1790042618,118,,Aggregated,109.900000,0.000000,4,5,6,6,8,9,10,12,22,24,24,6976,0,4,4.922565983378297,1.905999997688923,313.4501000022283,23051.667574541283

1790042619,119,GET,[GET] /actuator/health,16.300000,0.000000,4,5,5,6,7,9,10,12,22,22,22,1040,0,4,4.4832910577427425,2.3049000010360032,50.14140000275802,49.0

1790042619,119,GET,[GET] /api/soporte/election/status,18.300000,0.000000,4,4,4,5,6,8,9,10,10,10,10,993,0,4,3.9691051361583054,1.905999997688923,13.380199998209719,78.0

1790042619,119,GET,[GET] /api/soporte/tickets,30.400000,0.000000,6,7,8,8,9,11,12,13,24,24,24,1938,0,6,7.2569313209365545,3.8483999960590154,313.4501000022283,84567.0

1790042619,119,GET,[GET] /health,46.500000,0.000000,4,4,5,5,6,7,9,10,18,18,18,3121,0,4,3.918533675055433,1.9113000016659498,31.229899999743793,83.99615507850048

1790042619,119,,Aggregated,111.500000,0.000000,4,5,6,6,8,9,11,12,22,24,24,7092,0,4,4.920702284275339,1.905999997688923,313.4501000022283,23164.327693175408

1790042620,120,GET,[GET] /actuator/health,16.400000,0.000000,4,5,6,6,8,9,10,12,22,22,22,1050,0,4,4.480431714341865,2.3049000010360032,50.14140000275802,49.0

1790042620,120,GET,[GET] /api/soporte/election/status,18.500000,0.000000,4,4,4,5,6,8,9,10,10,10,10,1015,0,4,3.9751672908105187,1.905999997688923,13.380199998209719,78.0

1790042620,120,GET,[GET] /api/soporte/tickets,29.700000,0.000000,6,7,8,8,9,11,12,18,24,24,24,1975,0,6,7.258708708852535,3.8483999960590154,313.4501000022283,84567.0

1790042620,120,GET,[GET] /health,47.900000,0.000000,4,4,5,5,6,7,9,10,18,18,18,3178,0,4,3.922508401474358,1.9113000016659498,31.229899999743793,83.9962240402769

1790042620,120,,Aggregated,112.500000,0.000000,4,5,6,7,8,9,10,12,22,24,24,7218,0,4,4.923930382391369,1.905999997688923,313.4501000022283,23194.4285120532

1790042621,121,GET,[GET] /actuator/health,17.000000,0.000000,4,5,5,6,7,9,9,12,22,22,22,1067,0,4,4.484729522075397,2.3049000010360032,50.14140000275802,49.0

1790042621,121,GET,[GET] /api/soporte/election/status,17.700000,0.000000,4,4,5,5,7,8,10,14,17,17,17,1035,0,4,4.012761352828969,1.905999997688923,16.932600003201514,78.0

1790042621,121,GET,[GET] /api/soporte/tickets,30.000000,0.000000,6,7,8,8,9,11,13,15,24,24,24,2010,0,6,7.271644378097471,3.8483999960590154,313.4501000022283,84567.0

1790042621,121,GET,[GET] /health,48.500000,0.000000,4,4,5,5,6,7,10,11,18,18,18,3227,0,4,3.932183916922815,1.9113000016659498,31.229899999743793,83.99628137589092

1790042621,121,,Aggregated,113.200000,0.000000,4,6,6,7,8,9,11,12,22,24,24,7339,0,4,4.938489862395186,1.905999997688923,313.4501000022283,23216.206431393923

1790042622,122,GET,[GET] /actuator/health,16.900000,0.000000,4,5,5,6,7,8,9,10,22,22,22,1082,0,4,4.488110905772466,2.3049000010360032,50.14140000275802,49.0

1790042622,122,GET,[GET] /api/soporte/election/status,17.100000,0.000000,4,4,5,5,7,8,9,14,17,17,17,1046,0,4,4.01283766748584,1.905999997688923,16.932600003201514,78.0

1790042622,122,GET,[GET] /api/soporte/tickets,30.700000,0.000000,6,7,8,8,9,11,13,15,24,24,24,2053,0,6,7.260992693620611,3.8483999960590154,313.4501000022283,84567.0

1790042622,122,GET,[GET] /health,49.200000,0.000000,4,4,5,5,6,7,9,11,18,18,18,3271,0,4,3.928600244547283,1.9113000016659498,31.229899999743793,83.99633139712626

1790042622,122,,Aggregated,113.900000,0.000000,4,6,6,7,8,9,11,12,22,24,24,7452,0,4,4.939725389177841,1.905999997688923,313.4501000022283,23352.846081588836

1790042623,123,GET,[GET] /actuator/health,16.400000,0.000000,4,5,6,6,7,8,9,10,22,22,22,1104,0,4,4.502334239183203,2.3049000010360032,50.14140000275802,49.0

1790042623,123,GET,[GET] /api/soporte/election/status,17.300000,0.000000,4,4,5,5,6,7,9,14,17,17,17,1072,0,4,4.019901306145951,1.905999997688923,16.932600003201514,78.0

1790042623,123,GET,[GET] /api/soporte/tickets,31.000000,0.000000,6,7,8,8,9,11,12,15,24,24,24,2094,0,6,7.252283476589073,3.8483999960590154,313.4501000022283,84567.0

1790042623,123,GET,[GET] /health,50.700000,0.000000,4,4,5,5,6,7,8,10,12,12,12,3312,0,4,3.926474577273645,1.9113000016659498,31.229899999743793,83.9963768115942

1790042623,123,,Aggregated,115.400000,0.000000,5,6,6,7,8,9,11,12,22,24,24,7582,0,4,4.942057056206086,1.905999997688923,313.4501000022283,23410.604853600635

1790042624,124,GET,[GET] /actuator/health,16.000000,0.000000,4,5,5,6,7,8,9,10,22,22,22,1118,0,4,4.503345885562654,2.3049000010360032,50.14140000275802,49.0

1790042624,124,GET,[GET] /api/soporte/election/status,17.200000,0.000000,4,4,5,5,6,8,9,14,17,17,17,1095,0,4,4.02095251156923,1.905999997688923,16.932600003201514,78.0

1790042624,124,GET,[GET] /api/soporte/tickets,32.400000,0.000000,6,7,8,8,9,11,12,13,24,24,24,2121,0,6,7.242773361617831,3.8483999960590154,313.4501000022283,84567.0

1790042624,124,GET,[GET] /health,50.400000,0.000000,4,4,5,5,6,7,8,10,12,12,12,3368,0,4,3.927053206614524,1.9113000016659498,31.229899999743793,83.99643705463183

1790042624,124,,Aggregated,116.000000,0.000000,4,5,6,7,8,9,11,12,22,24,24,7702,0,4,4.937148948337638,1.905999997688923,313.4501000022283,23343.24837704492

1790042625,125,GET,[GET] /actuator/health,16.100000,0.000000,4,5,5,6,7,8,9,12,22,22,22,1138,0,4,4.502455360320174,2.3049000010360032,50.14140000275802,49.0

1790042625,125,GET,[GET] /api/soporte/election/status,16.700000,0.000000,4,4,5,5,6,8,10,14,17,17,17,1113,0,4,4.036706109753595,1.905999997688923,16.932600003201514,78.0

1790042625,125,GET,[GET] /api/soporte/tickets,34.100000,0.000000,6,7,8,8,9,11,13,15,24,24,24,2156,0,6,7.239171196646928,3.8483999960590154,313.4501000022283,84567.0

1790042625,125,GET,[GET] /health,50.600000,0.000000,4,4,5,5,6,7,8,10,12,12,12,3416,0,4,3.930001024565626,1.9113000016659498,31.229899999743793,83.99648711943794

1790042625,125,,Aggregated,117.500000,0.000000,4,5,6,7,8,9,11,12,22,24,24,7823,0,4,4.94045566919175,1.905999997688923,313.4501000022283,23361.36520516426

1790042626,126,GET,[GET] /actuator/health,16.500000,0.000000,4,5,5,6,7,8,9,12,22,22,22,1162,0,4,4.493838037906839,2.3049000010360032,50.14140000275802,49.0

1790042626,126,GET,[GET] /api/soporte/election/status,17.200000,0.000000,4,4,5,5,6,8,10,14,17,17,17,1121,0,4,4.03308545954118,1.905999997688923,16.932600003201514,78.0

1790042626,126,GET,[GET] /api/soporte/tickets,34.800000,0.000000,6,7,8,8,9,10,13,15,24,24,24,2196,0,6,7.222548315096857,3.8483999960590154,313.4501000022283,84567.0

1790042626,126,GET,[GET] /health,49.400000,0.000000,4,4,4,5,6,7,8,10,12,12,12,3476,0,4,3.924013837730026,1.9113000016659498,31.229899999743793,83.99654775604142

1790042626,126,,Aggregated,117.900000,0.000000,4,5,6,7,8,9,11,12,22,24,24,7955,0,4,4.933188786938489,1.905999997688923,313.4501000022283,23399.808925204274

1790042627,127,GET,[GET] /actuator/health,16.400000,0.000000,4,5,5,6,7,7,9,10,12,12,12,1179,0,4,4.4947092451740325,2.3049000010360032,50.14140000275802,49.0

1790042627,127,GET,[GET] /api/soporte/election/status,17.700000,0.000000,4,4,5,5,6,8,10,14,17,17,17,1141,0,4,4.037651008018068,1.905999997688923,16.932600003201514,78.0

1790042627,127,GET,[GET] /api/soporte/tickets,34.500000,0.000000,6,7,8,8,9,10,13,15,30,30,30,2224,0,6,7.224739478388336,3.8483999960590154,313.4501000022283,84567.0

1790042627,127,GET,[GET] /health,50.900000,0.000000,4,4,5,5,6,7,8,9,11,11,11,3529,0,4,3.9246119013743206,1.9113000016659498,31.229899999743793,83.99659960328705

1790042627,127,,Aggregated,119.500000,0.000000,4,5,6,7,8,9,10,12,21,30,30,8073,0,4,4.932986250476209,1.905999997688923,313.4501000022283,23351.9386845039

1790042628,128,GET,[GET] /actuator/health,16.900000,0.000000,4,5,5,6,7,8,9,10,12,12,12,1194,0,4,4.497724874433106,2.3049000010360032,50.14140000275802,49.0

1790042628,128,GET,[GET] /api/soporte/election/status,17.400000,0.000000,4,4,5,5,6,8,10,14,17,17,17,1166,0,4,4.031605317455431,1.905999997688923,16.932600003201514,78.0

1790042628,128,GET,[GET] /api/soporte/tickets,34.600000,0.000000,6,7,8,8,9,10,13,21,33,33,33,2257,0,6,7.225266637095903,3.8483999960590154,313.4501000022283,84567.0

1790042628,128,GET,[GET] /health,50.900000,0.000000,4,4,5,5,6,7,8,10,33,33,33,3580,0,4,3.9330750279204643,1.9113000016659498,32.73070000432199,83.99581005586592

1790042628,128,,Aggregated,119.800000,0.000000,4,6,6,7,8,9,10,13,33,33,33,8197,0,4,4.93582660730839,1.905999997688923,313.4501000022283,23339.987556423082

1790042629,129,GET,[GET] /actuator/health,17.100000,0.000000,4,5,5,6,7,8,10,14,14,14,14,1223,0,4,4.509636304231885,2.3049000010360032,50.14140000275802,49.0

1790042629,129,GET,[GET] /api/soporte/election/status,17.000000,0.000000,4,4,5,5,6,8,10,14,17,17,17,1182,0,4,4.029822758160456,1.905999997688923,16.932600003201514,78.0

1790042629,129,GET,[GET] /api/soporte/tickets,35.300000,0.000000,6,7,8,8,9,10,14,21,33,33,33,2292,0,6,7.218661736450871,3.8483999960590154,313.4501000022283,84567.0

1790042629,129,GET,[GET] /health,50.500000,0.000000,4,4,5,5,6,7,8,10,33,33,33,3629,0,4,3.9338945163891443,1.9089999987045303,32.73070000432199,83.9958666299256

1790042629,129,,Aggregated,119.900000,0.000000,4,6,6,7,8,9,11,14,33,33,33,8326,0,4,4.936321354809375,1.905999997688923,313.4501000022283,23334.675474417487

1790042630,130,GET,[GET] /actuator/health,17.200000,0.000000,4,5,5,6,7,8,10,14,14,14,14,1240,0,4,4.505024758145737,2.3049000010360032,50.14140000275802,49.0

1790042630,130,GET,[GET] /api/soporte/election/status,17.900000,0.000000,4,4,5,5,6,8,10,12,17,17,17,1201,0,4,4.035654871082711,1.905999997688923,16.932600003201514,78.0

1790042630,130,GET,[GET] /api/soporte/tickets,35.100000,0.000000,6,7,8,8,9,10,14,18,33,33,33,2324,0,6,7.225404518056123,3.8483999960590154,313.4501000022283,84567.0

1790042630,130,GET,[GET] /health,50.100000,0.000000,3,4,5,5,6,7,8,9,33,33,33,3688,0,4,3.9357059652930473,1.9089999987045303,32.73070000432199,83.9959327548807

1790042630,130,,Aggregated,120.300000,0.000000,4,6,6,7,8,9,11,14,33,33,33,8453,0,4,4.9378653614378605,1.905999997688923,313.4501000022283,23305.08967230569

1790042631,131,GET,[GET] /actuator/health,16.900000,0.000000,4,5,5,6,7,8,11,14,14,14,14,1257,0,4,4.513475895074771,2.3049000010360032,50.14140000275802,49.0

1790042631,131,GET,[GET] /api/soporte/election/status,18.900000,0.000000,4,4,5,5,6,8,10,11,12,12,12,1220,0,4,4.038107868968166,1.905999997688923,16.932600003201514,78.0

1790042631,131,GET,[GET] /api/soporte/tickets,35.800000,0.000000,6,7,7,8,9,10,14,18,33,33,33,2366,0,6,7.2141949281199835,3.8483999960590154,313.4501000022283,84567.0

1790042631,131,GET,[GET] /health,50.500000,0.000000,3,4,5,5,6,7,8,9,33,33,33,3749,0,4,3.9352248332982525,1.9008000017493032,32.73070000432199,83.99599893304881

1790042631,131,,Aggregated,122.100000,0.000000,4,5,6,6,8,9,10,13,33,33,33,8592,0,4,4.937368936245016,1.9008000017493032,313.4501000022283,23342.3156424581

1790042632,132,GET,[GET] /actuator/health,18.500000,0.000000,4,5,5,6,7,8,11,14,14,14,14,1269,0,4,4.506516469737423,2.3049000010360032,50.14140000275802,49.0

1790042632,132,GET,[GET] /api/soporte/election/status,18.600000,0.000000,4,4,5,5,6,8,10,11,12,12,12,1243,0,4,4.035965165034416,1.7956000010599382,16.932600003201514,78.0

1790042632,132,GET,[GET] /api/soporte/tickets,35.700000,0.000000,6,7,7,8,9,10,14,18,33,33,33,2404,0,6,7.198696505800765,3.8483999960590154,313.4501000022283,84567.0

1790042632,132,GET,[GET] /health,50.800000,0.000000,3,4,4,5,6,7,8,9,33,33,33,3811,0,4,3.9309352663547186,1.9008000017493032,32.73070000432199,83.99606402519024

1790042632,132,,Aggregated,123.600000,0.000000,4,5,6,6,7,8,10,13,33,33,33,8727,0,4,4.929750750573787,1.7956000010599382,313.4501000022283,23350.327947748367

1790042633,133,GET,[GET] /actuator/health,19.300000,0.000000,4,5,5,6,7,9,12,14,17,17,17,1286,0,4,4.51917721626417,2.3049000010360032,50.14140000275802,49.0

1790042633,133,GET,[GET] /api/soporte/election/status,18.200000,0.000000,4,4,5,5,6,8,10,12,12,12,12,1262,0,4,4.044610935126534,1.7956000010599382,16.932600003201514,78.0

1790042633,133,GET,[GET] /api/soporte/tickets,35.400000,0.000000,6,7,7,8,9,11,14,21,33,33,33,2438,0,6,7.208481706288079,3.8483999960590154,313.4501000022283,84567.0

1790042633,133,GET,[GET] /health,51.700000,0.000000,4,4,5,5,6,7,8,9,33,33,33,3876,0,4,3.941403637797546,1.9008000017493032,32.73070000432199,83.99613003095975

1790042633,133,,Aggregated,124.600000,0.000000,4,5,6,6,8,9,11,14,33,33,33,8862,0,4,4.938740668052249,1.7956000010599382,313.4501000022283,23319.946400361092

1790042634,134,GET,[GET] /actuator/health,19.300000,0.000000,4,5,5,6,7,9,11,14,17,17,17,1301,0,4,4.519059108477605,2.3049000010360032,50.14140000275802,49.0

1790042634,134,GET,[GET] /api/soporte/election/status,18.700000,0.000000,4,4,4,5,6,7,8,11,12,12,12,1285,0,4,4.030745758859401,1.7956000010599382,16.932600003201514,78.0

1790042634,134,GET,[GET] /api/soporte/tickets,35.100000,0.000000,6,7,7,8,9,12,15,23,33,33,33,2478,0,6,7.209713357512876,3.8483999960590154,313.4501000022283,84567.0

1790042634,134,GET,[GET] /health,52.700000,0.000000,3,4,4,5,6,7,8,9,33,33,33,3932,0,4,3.9347355035834166,1.9008000017493032,32.73070000432199,83.99618514750763

1790042634,134,,Aggregated,125.800000,0.000000,4,5,6,6,8,9,12,14,33,33,33,8996,0,4,4.935066018260404,1.7956000010599382,313.4501000022283,23349.408403734993

1790042635,135,GET,[GET] /actuator/health,18.800000,0.000000,4,4,5,6,7,9,11,14,17,17,17,1318,0,4,4.514069878700487,2.3049000010360032,50.14140000275802,49.0

1790042635,135,GET,[GET] /api/soporte/election/status,19.400000,0.000000,4,4,4,5,6,7,10,11,12,12,12,1304,0,4,4.026662039983321,1.7956000010599382,16.932600003201514,78.0

1790042635,135,GET,[GET] /api/soporte/tickets,34.700000,0.000000,6,7,7,8,9,11,14,23,33,33,33,2512,0,6,7.191438574806221,3.8483999960590154,313.4501000022283,84567.0

1790042635,135,GET,[GET] /health,54.400000,0.000000,3,4,4,5,6,7,8,9,33,33,33,4000,0,4,3.9364815250264655,1.9008000017493032,32.73070000432199,83.99625

1790042635,135,,Aggregated,127.300000,0.000000,4,5,6,6,7,9,11,14,33,33,33,9134,0,4,4.92786634555338,1.7956000010599382,313.4501000022283,23312.30380994088

1790042636,136,GET,[GET] /actuator/health,18.200000,0.000000,4,4,5,6,8,10,14,17,19,19,19,1341,0,4,4.526497166392459,2.3049000010360032,50.14140000275802,49.0

1790042636,136,GET,[GET] /api/soporte/election/status,18.800000,0.000000,4,4,5,5,6,7,10,11,12,12,12,1321,0,4,4.033674564810765,1.7956000010599382,16.932600003201514,78.0

1790042636,136,GET,[GET] /api/soporte/tickets,34.600000,0.000000,6,7,7,8,9,12,15,30,35,35,35,2549,0,6,7.19472601016635,3.8483999960590154,313.4501000022283,84567.0

1790042636,136,GET,[GET] /health,56.800000,0.000000,4,4,5,5,6,7,8,9,33,33,33,4061,0,4,3.9380837971194893,1.9008000017493032,32.73070000432199,83.99630632849052

1790042636,136,,Aggregated,128.400000,0.000000,4,5,6,6,8,9,11,14,33,35,35,9272,0,4,4.932100053954225,1.7956000010599382,313.4501000022283,23303.617234685073

1790042637,137,GET,[GET] /actuator/health,18.000000,0.000000,4,4,5,6,8,10,14,17,19,19,19,1359,0,4,4.517951582122131,2.3049000010360032,50.14140000275802,49.0

1790042637,137,GET,[GET] /api/soporte/election/status,18.700000,0.000000,4,4,5,5,6,7,10,11,12,12,12,1335,0,4,4.034370187351049,1.7956000010599382,16.932600003201514,78.0

1790042637,137,GET,[GET] /api/soporte/tickets,35.800000,0.000000,6,7,7,8,9,12,14,23,35,35,35,2591,0,6,7.1886255113647985,3.8483999960590154,313.4501000022283,84567.0

1790042637,137,GET,[GET] /health,56.900000,0.000000,4,4,5,5,6,7,9,9,33,33,33,4130,0,4,3.9407398063138683,1.9008000017493032,32.73070000432199,83.99636803874093

1790042637,137,,Aggregated,129.400000,0.000000,4,5,6,6,8,9,11,14,33,35,35,9415,0,4,4.931148645803515,1.7956000010599382,313.4501000022283,23327.745406266597

1790042638,138,GET,[GET] /actuator/health,17.500000,0.000000,4,4,5,5,8,10,14,17,19,19,19,1373,0,4,4.520970429791735,2.3049000010360032,50.14140000275802,49.0

1790042638,138,GET,[GET] /api/soporte/election/status,19.600000,0.000000,4,4,5,5,6,7,10,11,12,12,12,1353,0,4,4.03352187740604,1.7956000010599382,16.932600003201514,78.0

1790042638,138,GET,[GET] /api/soporte/tickets,35.900000,0.000000,6,7,7,8,10,12,14,18,35,35,35,2622,0,6,7.185597711652076,3.8483999960590154,313.4501000022283,84567.0

1790042638,138,GET,[GET] /health,58.300000,0.000000,4,4,4,5,6,7,9,9,13,13,13,4203,0,4,3.94314118488697,1.9008000017493032,32.73070000432199,83.99643112062812

1790042638,138,,Aggregated,131.300000,0.000000,4,5,6,6,8,9,11,13,32,35,35,9551,0,4,4.929149523637954,1.7956000010599382,313.4501000022283,23270.91634383834

1790042639,139,GET,[GET] /actuator/health,17.600000,0.000000,4,5,5,6,8,9,11,17,19,19,19,1394,0,4,4.533794404676966,2.3049000010360032,50.14140000275802,49.0

1790042639,139,GET,[GET] /api/soporte/election/status,20.300000,0.000000,4,4,5,5,6,7,9,11,12,12,12,1376,0,4,4.041630232661699,1.7956000010599382,16.932600003201514,78.0

1790042639,139,GET,[GET] /api/soporte/tickets,36.300000,0.000000,6,7,7,8,9,12,13,18,35,35,35,2666,0,6,7.1741874343342475,3.8483999960590154,313.4501000022283,84567.0

1790042639,139,GET,[GET] /health,59.200000,0.000000,4,4,4,5,6,7,9,9,12,12,12,4260,0,4,3.9449574413314186,1.9008000017493032,32.73070000432199,83.99577464788733

1790042639,139,,Aggregated,133.400000,0.000000,4,5,6,6,8,9,11,12,32,35,35,9696,0,4,4.931239170819836,1.7956000010599382,313.4501000022283,23307.45441419142

1790042640,140,GET,[GET] /actuator/health,17.900000,0.000000,4,4,5,5,7,9,10,17,19,19,19,1416,0,4,4.523609322129905,2.3049000010360032,50.14140000275802,49.0

1790042640,140,GET,[GET] /api/soporte/election/status,19.000000,0.000000,4,4,5,5,6,7,9,10,12,12,12,1394,0,4,4.042011334387859,1.7956000010599382,16.932600003201514,78.0

1790042640,140,GET,[GET] /api/soporte/tickets,36.400000,0.000000,6,7,7,8,9,11,13,15,35,35,35,2701,0,6,7.166569566801369,3.8483999960590154,313.4501000022283,84567.0

1790042640,140,GET,[GET] /health,60.100000,0.000000,4,4,5,5,6,7,8,9,12,12,12,4316,0,4,3.9484384152216125,1.9008000017493032,32.73070000432199,83.99582947173309

1790042640,140,,Aggregated,133.400000,0.000000,4,5,6,6,7,9,10,12,32,35,35,9827,0,4,4.9291095146331125,1.7956000010599382,313.4501000022283,23298.678029917573

1790042641,141,GET,[GET] /actuator/health,17.300000,0.000000,4,5,5,6,7,9,12,17,19,19,19,1439,0,4,4.530065253754279,2.3049000010360032,50.14140000275802,49.0

1790042641,141,GET,[GET] /api/soporte/election/status,18.500000,0.000000,4,4,5,5,6,7,9,10,12,12,12,1412,0,4,4.043723937779592,1.7956000010599382,16.932600003201514,78.0

1790042641,141,GET,[GET] /api/soporte/tickets,37.000000,0.000000,6,7,7,8,10,12,13,23,35,35,35,2741,0,6,7.177419919707259,3.8483999960590154,313.4501000022283,84567.0

1790042641,141,GET,[GET] /health,61.900000,0.000000,4,4,5,5,6,7,9,9,12,12,12,4376,0,4,3.948685260538147,1.9008000017493032,32.73070000432199,83.99588665447898

1790042641,141,,Aggregated,134.700000,0.000000,4,5,6,6,8,9,12,12,35,35,35,9968,0,4,4.933914205490542,1.7956000010599382,313.4501000022283,23309.22552166934

1790042642,142,GET,[GET] /actuator/health,17.300000,0.000000,4,5,5,6,7,9,11,14,19,19,19,1462,0,4,4.535575923505715,2.3049000010360032,50.14140000275802,49.0

1790042642,142,GET,[GET] /api/soporte/election/status,19.300000,0.000000,4,4,5,5,6,7,9,9,10,10,10,1431,0,4,4.052628721270991,1.7956000010599382,16.932600003201514,78.0

1790042642,142,GET,[GET] /api/soporte/tickets,36.700000,0.000000,6,7,7,8,9,11,12,15,35,35,35,2784,0,6,7.162503520089297,3.8483999960590154,313.4501000022283,84567.0

1790042642,142,GET,[GET] /health,62.300000,0.000000,4,4,5,5,6,7,9,9,12,12,12,4429,0,4,3.9480780311812045,1.9008000017493032,32.73070000432199,83.99593587717318

1790042642,142,,Aggregated,135.600000,0.000000,4,5,6,6,7,9,11,12,35,35,35,10106,0,4,4.933383247608777,1.7956000010599382,313.4501000022283,23351.454779339005

1790042643,143,GET,[GET] /actuator/health,17.200000,0.000000,4,5,5,6,7,9,12,14,19,19,19,1480,0,4,4.547534459566491,2.3049000010360032,50.14140000275802,49.0

1790042643,143,GET,[GET] /api/soporte/election/status,19.500000,0.000000,4,4,5,6,7,8,9,10,11,11,11,1454,0,4,4.0702971115197055,1.7956000010599382,16.932600003201514,78.0

1790042643,143,GET,[GET] /api/soporte/tickets,36.700000,0.000000,6,7,7,8,10,12,13,15,35,35,35,2814,0,6,7.174221570704493,3.8483999960590154,313.4501000022283,84567.0

1790042643,143,GET,[GET] /health,62.200000,0.000000,4,4,5,5,6,7,9,10,12,12,12,4489,0,4,3.960306192941388,1.9008000017493032,32.73070000432199,83.99599019826242

1790042643,143,,Aggregated,135.600000,0.000000,4,5,6,6,8,9,12,12,35,35,35,10237,0,4,4.944284165320347,1.7956000010599382,313.4501000022283,23301.214027547132

1790042644,144,GET,[GET] /actuator/health,17.900000,0.000000,4,5,5,6,7,9,12,14,19,19,19,1498,0,4,4.548030373926073,2.3049000010360032,50.14140000275802,49.0

1790042644,144,GET,[GET] /api/soporte/election/status,19.100000,0.000000,4,5,5,6,7,8,9,9,11,11,11,1480,0,4,4.07364844604426,1.7956000010599382,16.932600003201514,78.0

1790042644,144,GET,[GET] /api/soporte/tickets,37.600000,0.000000,6,7,7,8,10,12,13,21,35,35,35,2861,0,6,7.167078608855364,3.8483999960590154,313.4501000022283,84567.0

1790042644,144,GET,[GET] /health,61.300000,0.000000,4,4,5,5,6,7,9,10,12,12,12,4549,0,4,3.9631427127234957,1.9008000017493032,32.73070000432199,83.99604308639262

1790042644,144,,Aggregated,135.900000,0.000000,5,5,6,6,8,9,11,12,35,35,35,10388,0,4,4.945638939199186,1.7956000010599382,313.4501000022283,23345.892087023487

1790042645,145,GET,[GET] /actuator/health,18.900000,0.000000,4,5,6,6,7,9,12,14,19,19,19,1509,0,4,4.561510603138011,2.3049000010360032,50.14140000275802,49.0

1790042645,145,GET,[GET] /api/soporte/election/status,19.300000,0.000000,4,5,5,6,7,8,9,11,13,13,13,1507,0,4,4.084202654368285,1.7956000010599382,16.932600003201514,78.0

1790042645,145,GET,[GET] /api/soporte/tickets,37.700000,0.000000,6,7,7,8,10,12,13,15,35,35,35,2902,0,6,7.17187553408672,3.8483999960590154,313.4501000022283,84567.0

1790042645,145,GET,[GET] /health,61.300000,0.000000,4,4,5,5,6,7,9,10,13,13,13,4611,0,4,3.966215614877501,1.9008000017493032,32.73070000432199,83.9960962914769

1790042645,145,,Aggregated,137.200000,0.000000,5,6,6,6,8,9,12,12,31,35,35,10529,0,4,4.95196276003306,1.7956000010599382,313.4501000022283,23363.303922499763

1790042646,146,GET,[GET] /actuator/health,19.300000,0.000000,4,5,6,6,7,9,11,12,14,14,14,1530,0,4,4.559566470685192,2.3049000010360032,50.14140000275802,49.0

1790042646,146,GET,[GET] /api/soporte/election/status,19.100000,0.000000,4,5,5,6,7,8,9,11,13,13,13,1525,0,4,4.079782229597245,1.7956000010599382,16.932600003201514,78.0

1790042646,146,GET,[GET] /api/soporte/tickets,37.800000,0.000000,6,7,8,8,10,12,13,15,35,35,35,2942,0,6,7.163662984337671,3.8483999960590154,313.4501000022283,84567.0

1790042646,146,GET,[GET] /health,60.600000,0.000000,4,4,5,5,6,7,9,10,13,13,13,4668,0,4,3.9677152099920696,1.9008000017493032,32.73070000432199,83.9961439588689

1790042646,146,,Aggregated,136.800000,0.000000,5,6,6,6,8,9,12,12,31,35,35,10665,0,4,4.950266826108631,1.7956000010599382,313.4501000022283,23383.22812939522

1790042647,147,GET,[GET] /actuator/health,19.100000,0.000000,4,5,6,6,7,9,11,12,14,14,14,1554,0,4,4.559092921588384,2.3049000010360032,50.14140000275802,49.0

1790042647,147,GET,[GET] /api/soporte/election/status,19.500000,0.000000,4,5,5,6,7,9,11,13,19,19,19,1550,0,4,4.098141612996716,1.7956000010599382,18.98280000023078,78.0

1790042647,147,GET,[GET] /api/soporte/tickets,38.300000,0.000000,6,7,7,8,10,12,13,15,35,35,35,2979,0,6,7.1519799261229755,3.8483999960590154,313.4501000022283,84567.0

1790042647,147,GET,[GET] /health,59.800000,0.000000,4,4,5,5,6,7,9,11,16,16,16,4726,0,4,3.968526470630813,1.9008000017493032,32.73070000432199,83.9961912822683

1790042647,147,,Aggregated,136.700000,0.000000,5,6,6,6,8,9,12,13,31,35,35,10809,0,4,4.949389786327581,1.7956000010599382,313.4501000022283,23361.93033583125

1790042648,148,GET,[GET] /actuator/health,19.000000,0.000000,4,5,6,6,7,9,11,11,14,14,14,1576,0,4,4.553342703157394,2.3049000010360032,50.14140000275802,49.0

1790042648,148,GET,[GET] /api/soporte/election/status,20.100000,0.000000,4,5,5,6,7,9,11,13,19,19,19,1567,0,4,4.094974218342513,1.7956000010599382,18.98280000023078,78.0

1790042648,148,GET,[GET] /api/soporte/tickets,38.600000,0.000000,6,7,8,8,10,12,13,14,35,35,35,3031,0,6,7.144518112790456,3.8483999960590154,313.4501000022283,84567.0

1790042648,148,GET,[GET] /health,59.600000,0.000000,4,4,5,5,6,7,9,10,16,16,16,4784,0,4,3.9666801421860076,1.9008000017493032,32.73070000432199,83.99623745819397

1790042648,148,,Aggregated,137.300000,0.000000,5,6,6,6,8,9,12,13,31,35,35,10958,0,4,4.948396139843448,1.7956000010599382,313.4501000022283,23446.236995802155

1790042649,149,GET,[GET] /actuator/health,19.300000,0.000000,4,5,6,6,7,8,11,12,14,14,14,1590,0,4,4.551922138493893,2.3049000010360032,50.14140000275802,49.0

1790042649,149,GET,[GET] /api/soporte/election/status,20.100000,0.000000,4,5,5,6,7,9,13,19,22,22,22,1586,0,4,4.115006872728603,1.7956000010599382,21.558100001129787,78.0

1790042649,149,GET,[GET] /api/soporte/tickets,38.600000,0.000000,6,7,7,8,10,12,14,25,35,35,35,3092,0,6,7.1478285898608025,3.8483999960590154,313.4501000022283,84567.0

1790042649,149,GET,[GET] /health,59.700000,0.000000,4,4,5,5,6,8,10,13,21,21,21,4844,0,4,3.9752063997107094,1.9008000017493032,32.73070000432199,83.99628406275805

1790042649,149,,Aggregated,137.700000,0.000000,5,6,6,6,8,10,12,16,31,35,35,11112,0,4,4.960488021994342,1.7956000010599382,313.4501000022283,23586.182505399567

1790042650,150,GET,[GET] /actuator/health,19.600000,0.000000,4,5,6,6,7,8,11,12,14,14,14,1613,0,4,4.547727650467879,2.3049000010360032,50.14140000275802,49.0

1790042650,150,GET,[GET] /api/soporte/election/status,21.700000,0.000000,4,5,5,6,7,9,16,19,22,22,22,1607,0,4,4.1170824518721805,1.7956000010599382,21.558100001129787,78.0

1790042650,150,GET,[GET] /api/soporte/tickets,38.400000,0.000000,6,7,8,8,10,12,13,21,31,31,31,3138,0,6,7.148242542977628,3.8483999960590154,313.4501000022283,84567.0

1790042650,150,GET,[GET] /health,58.900000,0.000000,4,4,5,5,6,8,11,16,21,21,21,4899,0,4,3.983211430948362,1.9008000017493032,32.73070000432199,83.99632578077158

1790042650,150,,Aggregated,138.600000,0.000000,5,6,6,7,8,10,13,18,27,31,31,11257,0,4,4.965494723322653,1.7956000010599382,313.4501000022283,23628.59793906014

1790042651,151,GET,[GET] /actuator/health,20.400000,0.000000,4,5,6,6,8,9,11,12,12,12,12,1631,0,4,4.55908743115254,2.3049000010360032,50.14140000275802,49.0

1790042651,151,GET,[GET] /api/soporte/election/status,21.400000,0.000000,4,5,5,6,7,11,16,19,22,22,22,1627,0,4,4.139618930647749,1.7956000010599382,21.558100001129787,78.0

1790042651,151,GET,[GET] /api/soporte/tickets,39.600000,0.000000,6,7,8,8,10,12,14,21,31,31,31,3180,0,6,7.15784232699387,3.8483999960590154,313.4501000022283,84567.0

1790042651,151,GET,[GET] /health,58.000000,0.000000,4,4,5,5,6,8,11,16,21,21,21,4970,0,4,3.988676418557808,1.9008000017493032,32.73070000432199,83.99637826961771

1790042651,151,,Aggregated,139.400000,0.000000,5,6,6,7,8,11,13,18,27,31,31,11408,0,4,4.975165848566488,1.7956000010599382,313.4501000022283,23627.923124123423

1790042652,152,GET,[GET] /actuator/health,19.000000,0.000000,4,5,6,6,7,9,11,11,12,12,12,1651,0,4,4.558301029817048,2.3049000010360032,50.14140000275802,49.0

1790042652,152,GET,[GET] /api/soporte/election/status,21.200000,0.000000,4,4,5,5,7,10,16,19,22,22,22,1644,0,4,4.1371034672486635,1.7956000010599382,21.558100001129787,78.0

1790042652,152,GET,[GET] /api/soporte/tickets,42.300000,0.000000,6,7,8,8,10,12,19,26,42,42,42,3236,0,6,7.173398207608671,3.8483999960590154,313.4501000022283,84567.0

1790042652,152,GET,[GET] /health,58.700000,0.000000,4,4,5,5,6,8,11,16,21,21,21,5029,0,4,3.9909230463838523,1.9008000017493032,32.73070000432199,83.99642075959436

1790042652,152,,Aggregated,141.200000,0.000000,5,6,6,7,8,10,13,19,41,42,42,11560,0,4,4.9836177941583735,1.7956000010599382,313.4501000022283,23727.539878892734

1790042653,153,GET,[GET] /actuator/health,19.300000,0.000000,4,5,6,6,8,9,11,11,12,12,12,1679,0,4,4.572339309230386,2.3049000010360032,50.14140000275802,49.0

1790042653,153,GET,[GET] /api/soporte/election/status,21.000000,0.000000,4,4,5,5,7,10,16,19,22,22,22,1670,0,4,4.144115209669916,1.7956000010599382,21.558100001129787,78.0

1790042653,153,GET,[GET] /api/soporte/tickets,43.300000,0.000000,6,7,8,8,11,12,19,26,42,42,42,3276,0,6,7.186276800919662,3.8483999960590154,313.4501000022283,84567.0

1790042653,153,GET,[GET] /health,57.900000,0.000000,4,4,5,5,7,8,11,16,21,21,21,5093,0,4,4.003109051686019,1.9008000017493032,32.73070000432199,83.99646573728647

1790042653,153,,Aggregated,141.500000,0.000000,5,6,6,7,8,11,13,19,41,42,42,11718,0,4,4.994684016077512,1.7956000010599382,313.4501000022283,23697.031660692952

1790042654,154,GET,[GET] /actuator/health,19.200000,0.000000,4,5,6,7,8,9,11,11,12,12,12,1700,0,4,4.591279058920062,2.3049000010360032,50.14140000275802,49.0

1790042654,154,GET,[GET] /api/soporte/election/status,21.100000,0.000000,4,4,5,6,7,10,16,19,22,22,22,1688,0,4,4.146601540368125,1.7956000010599382,21.558100001129787,78.0

1790042654,154,GET,[GET] /api/soporte/tickets,43.500000,0.000000,7,7,8,8,11,12,15,25,42,42,42,3325,0,6,7.187184240547345,3.8483999960590154,313.4501000022283,84567.0

1790042654,154,GET,[GET] /health,59.800000,0.000000,4,4,5,5,7,8,11,15,21,21,21,5170,0,4,4.007763230218248,1.9008000017493032,32.73070000432199,83.99651837524178

1790042654,154,,Aggregated,143.600000,0.000000,5,6,6,7,8,11,12,19,41,42,42,11883,0,4,5.000602650875517,1.7956000010599382,313.4501000022283,23717.453589160985

1790042655,155,GET,[GET] /actuator/health,18.900000,0.000000,4,5,6,7,8,9,10,11,12,12,12,1714,0,4,4.596408226458606,2.3049000010360032,50.14140000275802,49.0

1790042655,155,GET,[GET] /api/soporte/election/status,20.600000,0.000000,4,4,5,5,7,10,16,19,22,22,22,1717,0,4,4.150984857403628,1.7956000010599382,21.558100001129787,78.0

1790042655,155,GET,[GET] /api/soporte/tickets,45.200000,0.000000,6,7,8,8,10,12,16,25,42,42,42,3363,0,6,7.180534165873285,3.8483999960590154,313.4501000022283,84567.0

1790042655,155,GET,[GET] /health,59.200000,0.000000,4,5,5,5,7,8,11,15,21,21,21,5242,0,4,4.014787810045525,1.9008000017493032,32.73070000432199,83.99656619610836

1790042655,155,,Aggregated,143.900000,0.000000,5,6,6,7,8,10,12,19,41,42,42,12036,0,4,5.001590129644614,1.7956000010599382,313.4501000022283,23683.702475905615

1790042656,156,GET,[GET] /actuator/health,19.700000,0.000000,4,5,6,6,8,9,10,11,12,12,12,1735,0,4,4.591337233508054,2.3049000010360032,50.14140000275802,49.0

1790042656,156,GET,[GET] /api/soporte/election/status,21.300000,0.000000,4,4,5,6,7,10,16,19,22,22,22,1741,0,4,4.159035554377806,1.7956000010599382,21.558100001129787,78.0

1790042656,156,GET,[GET] /api/soporte/tickets,45.300000,0.000000,6,7,8,8,10,12,16,25,42,42,42,3412,0,6,7.17478833523139,3.8483999960590154,313.4501000022283,84567.0

1790042656,156,GET,[GET] /health,60.600000,0.000000,4,5,5,5,7,8,11,15,21,21,21,5303,0,4,4.01879698288966,1.9008000017493032,32.73070000432199,83.99660569488968

1790042656,156,,Aggregated,146.900000,0.000000,5,6,6,7,8,10,12,19,41,42,42,12191,0,4,5.00360177183017,1.7956000010599382,313.4501000022283,23723.144204741202

1790042657,157,GET,[GET] /actuator/health,20.200000,0.000000,4,5,6,6,8,9,10,11,12,12,12,1759,0,4,4.582621262172289,2.3049000010360032,50.14140000275802,49.0

1790042657,157,GET,[GET] /api/soporte/election/status,20.300000,0.000000,4,5,5,6,7,10,12,18,22,22,22,1764,0,4,4.166300000090354,1.7956000010599382,21.558100001129787,78.0

1790042657,157,GET,[GET] /api/soporte/tickets,45.800000,0.000000,6,7,8,9,10,12,16,25,42,42,42,3459,0,6,7.17370150327322,3.8483999960590154,313.4501000022283,84567.0

1790042657,157,GET,[GET] /health,62.500000,0.000000,4,5,5,5,7,8,10,11,21,21,21,5371,0,4,4.0172339415945775,1.9008000017493032,32.73070000432199,83.99609011357289

1790042657,157,,Aggregated,148.800000,0.000000,5,6,6,7,8,10,12,18,41,42,42,12353,0,4,5.002880352986884,1.7956000010599382,313.4501000022283,23734.49194527645

1790042658,158,GET,[GET] /actuator/health,20.400000,0.000000,4,5,6,6,8,9,10,11,12,12,12,1783,0,4,4.5801863152963,2.3049000010360032,50.14140000275802,49.0

1790042658,158,GET,[GET] /api/soporte/election/status,20.800000,0.000000,4,5,5,6,7,10,12,18,22,22,22,1777,0,4,4.163356950016798,1.7956000010599382,21.558100001129787,78.0

1790042658,158,GET,[GET] /api/soporte/tickets,45.800000,0.000000,6,7,8,9,10,12,19,25,42,42,42,3508,0,6,7.17458899653408,3.8483999960590154,313.4501000022283,84567.0

1790042658,158,GET,[GET] /health,63.600000,0.000000,4,5,5,5,7,8,10,11,21,21,21,5444,0,4,4.023042266769643,1.9008000017493032,32.73070000432199,83.99614254224835

1790042658,158,,Aggregated,150.600000,0.000000,5,6,6,7,8,10,12,19,41,42,42,12512,0,4,5.005966895819105,1.7956000010599382,313.4501000022283,23764.72858056266

1790042659,159,GET,[GET] /actuator/health,20.000000,0.000000,4,5,6,6,8,9,10,11,12,12,12,1801,0,4,4.580841588100199,2.3049000010360032,50.14140000275802,49.0

1790042659,159,GET,[GET] /api/soporte/election/status,21.700000,0.000000,4,4,5,6,7,9,11,12,18,18,18,1794,0,4,4.157279988947372,1.7956000010599382,21.558100001129787,78.0

1790042659,159,GET,[GET] /api/soporte/tickets,46.900000,0.000000,6,7,8,9,10,12,14,22,42,42,42,3551,0,6,7.164541734681499,3.8483999960590154,313.4501000022283,84567.0

1790042659,159,GET,[GET] /health,62.900000,0.000000,4,5,5,5,7,7,10,11,19,19,19,5508,0,4,4.016975671807455,1.9008000017493032,32.73070000432199,83.99618736383442

1790042659,159,,Aggregated,151.500000,0.000000,5,6,6,7,8,10,12,13,41,42,42,12654,0,4,5.000398743520587,1.7956000010599382,313.4501000022283,23786.016200410937

1790042660,160,GET,[GET] /actuator/health,20.200000,0.000000,4,5,6,6,8,9,10,11,12,12,12,1822,0,4,4.574264654329894,2.3049000010360032,50.14140000275802,49.0

1790042660,160,GET,[GET] /api/soporte/election/status,21.100000,0.000000,4,5,5,6,7,9,10,11,15,15,15,1814,0,4,4.154448897565372,1.7956000010599382,21.558100001129787,78.0

1790042660,160,GET,[GET] /api/soporte/tickets,47.900000,0.000000,6,7,8,8,10,12,14,24,42,42,42,3599,0,6,7.165828202240494,3.8483999960590154,313.4501000022283,84567.0

1790042660,160,GET,[GET] /health,64.400000,0.000000,4,5,5,5,7,7,9,10,12,12,12,5580,0,4,4.018727043067985,1.9008000017493032,32.73070000432199,83.99623655913979

1790042660,160,,Aggregated,153.600000,0.000000,5,6,6,7,8,10,12,13,41,42,42,12815,0,4,5.000764190445224,1.7956000010599382,313.4501000022283,23804.61193913383

1790042661,161,GET,[GET] /actuator/health,20.500000,0.000000,4,5,6,6,7,8,10,10,12,12,12,1843,0,4,4.568652414657531,2.3049000010360032,50.14140000275802,49.0

1790042661,161,GET,[GET] /api/soporte/election/status,20.800000,0.000000,4,4,5,6,6,7,10,10,12,12,12,1842,0,4,4.155790499573095,1.7956000010599382,21.558100001129787,78.0

1790042661,161,GET,[GET] /api/soporte/tickets,47.900000,0.000000,6,7,8,8,10,11,13,24,42,42,42,3652,0,6,7.153726998865109,3.8483999960590154,313.4501000022283,84567.0

1790042661,161,GET,[GET] /health,65.600000,0.000000,4,5,5,5,7,7,8,10,11,11,11,5645,0,4,4.017885225922764,1.9008000017493032,32.73070000432199,83.99627989371125

1790042661,161,,Aggregated,154.800000,0.000000,5,6,6,7,8,9,11,12,41,42,42,12982,0,4,4.997794299847238,1.7956000010599382,313.4501000022283,23844.30950546911

1790042662,162,GET,[GET] /actuator/health,21.000000,0.000000,4,5,6,6,7,8,10,11,12,12,12,1860,0,4,4.568825483996382,2.3049000010360032,50.14140000275802,49.0

1790042662,162,GET,[GET] /api/soporte/election/status,20.700000,0.000000,4,5,5,6,7,9,11,12,25,25,25,1867,0,4,4.181191483785632,1.7956000010599382,24.966900004073977,78.0

1790042662,162,GET,[GET] /api/soporte/tickets,46.400000,0.000000,6,7,8,8,9,11,13,16,40,40,40,3695,0,6,7.149591474925074,3.8483999960590154,313.4501000022283,84567.0

1790042662,162,GET,[GET] /health,65.700000,0.000000,4,4,5,5,6,7,8,10,44,44,44,5726,0,4,4.02582921766594,1.9008000017493032,44.313999998848885,83.99580859238561

1790042662,162,,Aggregated,153.800000,0.000000,5,6,6,7,8,9,11,12,40,44,44,13148,0,4,5.002581267163399,1.7956000010599382,313.4501000022283,23820.565181016125

1790042663,163,GET,[GET] /actuator/health,21.000000,0.000000,4,5,6,6,7,8,10,11,12,12,12,1880,0,4,4.575239042679505,2.3049000010360032,50.14140000275802,49.0

1790042663,163,GET,[GET] /api/soporte/election/status,21.200000,0.000000,4,5,5,6,7,8,11,12,25,25,25,1898,0,4,4.190198735638542,1.7956000010599382,24.966900004073977,78.0

1790042663,163,GET,[GET] /api/soporte/tickets,46.200000,0.000000,6,7,8,8,9,10,13,14,40,40,40,3745,0,6,7.156694445890627,3.8483999960590154,313.4501000022283,84567.0

1790042663,163,GET,[GET] /health,67.500000,0.000000,4,4,5,5,7,7,9,10,44,44,44,5796,0,4,4.032883989021653,1.9008000017493032,44.313999998848885,83.99585921325051

1790042663,163,,Aggregated,155.900000,0.000000,5,6,6,7,8,9,11,12,40,44,44,13319,0,4,5.010200683287734,1.7956000010599382,313.4501000022283,23832.90179442901

1790042664,164,GET,[GET] /actuator/health,20.800000,0.000000,4,5,5,6,7,8,9,11,12,12,12,1898,0,4,4.572512328896013,2.3049000010360032,50.14140000275802,49.0

1790042664,164,GET,[GET] /api/soporte/election/status,21.700000,0.000000,4,5,5,6,7,9,11,17,25,25,25,1922,0,4,4.193476118748771,1.7956000010599382,24.966900004073977,78.0

1790042664,164,GET,[GET] /api/soporte/tickets,47.000000,0.000000,6,7,8,8,9,11,17,27,40,40,40,3786,0,6,7.184219968264163,3.8483999960590154,313.4501000022283,84567.0

1790042664,164,GET,[GET] /health,66.800000,0.000000,4,4,5,5,7,8,10,11,44,44,44,5866,0,4,4.052865086996562,1.9008000017493032,44.313999998848885,83.99590862598022

1790042664,164,,Aggregated,156.300000,0.000000,5,6,6,7,8,9,11,18,40,44,44,13472,0,4,5.02613219274419,1.7956000010599382,313.4501000022283,23820.241983372922

1790042665,165,GET,[GET] /actuator/health,20.700000,0.000000,4,4,5,6,7,8,11,17,27,27,27,1926,0,4,4.596513395770185,2.3049000010360032,50.14140000275802,49.0

1790042665,165,GET,[GET] /api/soporte/election/status,22.400000,0.000000,4,5,5,6,7,9,11,17,25,25,25,1947,0,4,4.197834617479271,1.7956000010599382,24.966900004073977,78.0

1790042665,165,GET,[GET] /api/soporte/tickets,45.500000,0.000000,6,7,8,8,10,13,27,31,40,40,40,3843,0,6,7.2306912567973995,3.8483999960590154,313.4501000022283,84567.0

1790042665,165,GET,[GET] /health,68.900000,0.000000,4,4,5,5,7,8,11,21,44,44,44,5923,0,4,4.072219399009107,1.9008000017493032,44.313999998848885,83.99594799932467

1790042665,165,,Aggregated,157.500000,0.000000,5,6,6,7,8,10,17,27,40,44,44,13639,0,4,5.054136725616897,1.7956000010599382,313.4501000022283,23882.596158076107

1790042666,166,GET,[GET] /actuator/health,19.900000,0.000000,4,5,5,6,7,8,11,17,27,27,27,1950,0,4,4.592386666806235,2.3049000010360032,50.14140000275802,49.0

1790042666,166,GET,[GET] /api/soporte/election/status,22.500000,0.000000,4,4,5,5,7,8,11,17,25,25,25,1970,0,4,4.191255177782499,1.7956000010599382,24.966900004073977,78.0

1790042666,166,GET,[GET] /api/soporte/tickets,47.000000,0.000000,7,7,8,8,10,13,27,31,40,40,40,3895,0,6,7.225187984562317,3.8483999960590154,313.4501000022283,84567.0

1790042666,166,GET,[GET] /health,69.400000,0.000000,4,4,5,5,7,8,11,21,44,44,44,6002,0,4,4.070036687832499,1.9008000017493032,44.313999998848885,83.99600133288904

1790042666,166,,Aggregated,158.800000,0.000000,5,6,6,7,8,10,17,25,40,44,44,13817,0,4,5.050473626745644,1.7956000010599382,313.4501000022283,23893.885720489252

1790042667,167,GET,[GET] /actuator/health,19.900000,0.000000,4,5,5,6,7,8,11,17,27,27,27,1977,0,4,4.5920237229563625,2.3049000010360032,50.14140000275802,49.0

1790042667,167,GET,[GET] /api/soporte/election/status,23.500000,0.000000,4,4,5,5,7,8,11,17,25,25,25,1998,0,4,4.193316316436599,1.7956000010599382,24.966900004073977,78.0

1790042667,167,GET,[GET] /api/soporte/tickets,46.200000,0.000000,7,7,8,8,10,13,27,31,40,40,40,3932,0,6,7.222742929775751,3.8483999960590154,313.4501000022283,84567.0

1790042667,167,GET,[GET] /health,69.200000,0.000000,4,4,5,5,7,8,15,22,44,44,44,6071,0,4,4.0745185801969415,1.9008000017493032,44.313999998848885,83.99604677977268

1790042667,167,,Aggregated,158.800000,0.000000,5,6,6,7,8,10,17,25,40,44,44,13978,0,4,5.050286478808051,1.7956000010599382,313.4501000022283,23843.189369008443

1790042668,168,GET,[GET] /actuator/health,21.200000,0.000000,4,5,5,6,7,8,11,17,27,27,27,1999,0,4,4.587100750507017,2.2860999961267225,50.14140000275802,49.0

1790042668,168,GET,[GET] /api/soporte/election/status,22.900000,0.000000,4,4,5,5,6,7,11,17,25,25,25,2025,0,4,4.190627308760017,1.7956000010599382,24.966900004073977,78.0

1790042668,168,GET,[GET] /api/soporte/tickets,47.700000,0.000000,7,7,8,8,10,12,27,31,40,40,40,3982,0,6,7.216446132559995,3.8483999960590154,313.4501000022283,84567.0

1790042668,168,GET,[GET] /health,67.600000,0.000000,4,4,5,5,7,8,15,22,44,44,44,6140,0,4,4.076895407227871,1.9008000017493032,44.313999998848885,83.99609120521173

1790042668,168,,Aggregated,159.400000,0.000000,5,6,6,7,8,10,17,25,40,44,44,14146,0,4,5.049035840572288,1.7956000010599382,313.4501000022283,23859.56673264527

1790042670,169,GET,[GET] /actuator/health,21.400000,0.000000,4,5,5,6,7,8,11,17,27,27,27,2031,0,4,4.5901113246037175,2.2860999961267225,50.14140000275802,49.0

1790042670,169,GET,[GET] /api/soporte/election/status,22.700000,0.000000,4,5,5,5,7,8,11,17,25,25,25,2047,0,4,4.189626868698582,1.7956000010599382,24.966900004073977,78.0

1790042670,169,GET,[GET] /api/soporte/tickets,47.700000,0.000000,7,7,8,8,10,12,27,28,32,32,32,4025,0,6,7.207945664552466,3.8483999960590154,313.4501000022283,84567.0

1790042670,169,GET,[GET] /health,69.900000,0.000000,4,4,5,6,7,8,16,22,44,44,44,6216,0,4,4.074169755530182,1.9008000017493032,44.313999998848885,83.996138996139

1790042670,169,,Aggregated,161.700000,0.000000,5,6,6,7,8,10,18,27,33,44,44,14319,0,4,5.044744940337694,1.7956000010599382,313.4501000022283,23825.929184998953

1790042671,170,GET,[GET] /actuator/health,21.700000,0.000000,4,5,5,6,7,8,11,17,27,27,27,2058,0,4,4.593825364564492,2.2860999961267225,50.14140000275802,49.0

1790042671,170,GET,[GET] /api/soporte/election/status,24.700000,0.000000,4,5,5,5,6,8,11,17,25,25,25,2070,0,4,4.1895547827240645,1.7956000010599382,24.966900004073977,78.0

1790042671,170,GET,[GET] /api/soporte/tickets,46.900000,0.000000,7,7,8,8,10,14,27,31,33,33,33,4069,0,6,7.210454878308709,3.8483999960590154,313.4501000022283,84567.0

1790042671,170,GET,[GET] /health,69.100000,0.000000,4,4,5,5,7,8,16,22,44,44,44,6296,0,4,4.0737895807454265,1.9008000017493032,44.313999998848885,83.99618805590852

1790042671,170,,Aggregated,162.400000,0.000000,5,6,6,7,8,10,18,27,33,44,44,14493,0,4,5.044807224227136,1.7956000010599382,313.4501000022283,23797.299730904575

1790042672,171,GET,[GET] /actuator/health,21.700000,0.000000,4,5,5,6,8,9,11,17,27,27,27,2079,0,4,4.60642178944766,2.2860999961267225,50.14140000275802,49.0

1790042672,171,GET,[GET] /api/soporte/election/status,24.700000,0.000000,4,4,5,5,6,7,9,11,17,17,17,2094,0,4,4.186933858751198,1.7956000010599382,24.966900004073977,78.0

1790042672,171,GET,[GET] /api/soporte/tickets,46.900000,0.000000,7,7,8,9,11,15,27,31,63,63,63,4134,0,6,7.232730914322713,3.8483999960590154,313.4501000022283,84567.0

1790042672,171,GET,[GET] /health,69.100000,0.000000,4,4,5,6,7,9,15,21,33,33,33,6358,0,4,4.076512551171889,1.9008000017493032,44.313999998848885,83.99622522805913

1790042672,171,,Aggregated,162.400000,0.000000,5,6,6,7,9,11,17,27,33,63,63,14665,0,4,5.057126955379998,1.7956000010599382,313.4501000022283,23893.571701329696

1790042673,172,GET,[GET] /actuator/health,23.400000,0.000000,4,5,6,6,8,9,11,17,27,27,27,2108,0,4,4.617439563684028,2.2860999961267225,50.14140000275802,49.0

1790042673,172,GET,[GET] /api/soporte/election/status,24.800000,0.000000,4,4,5,5,6,7,10,11,17,17,17,2113,0,4,4.185134784772185,1.7956000010599382,24.966900004073977,78.0

1790042673,172,GET,[GET] /api/soporte/tickets,46.700000,0.000000,7,7,8,9,11,16,28,31,63,63,63,4178,0,6,7.243980732365662,3.8483999960590154,313.4501000022283,84567.0

1790042673,172,GET,[GET] /health,70.900000,0.000000,4,4,5,5,7,9,16,21,33,33,33,6428,0,4,4.081426073487391,1.9008000017493032,44.313999998848885,83.99626633478532

1790042673,172,,Aggregated,165.800000,0.000000,5,6,6,7,9,11,18,27,33,63,63,14827,0,4,5.063567188282879,1.7956000010599382,313.4501000022283,23884.060160517973

1790042674,173,GET,[GET] /actuator/health,23.600000,0.000000,4,5,6,6,8,10,11,17,27,27,27,2129,0,4,4.625551902419245,2.2860999961267225,50.14140000275802,49.0

1790042674,173,GET,[GET] /api/soporte/election/status,24.900000,0.000000,4,4,5,5,6,7,10,11,15,15,15,2142,0,4,4.192743931013842,1.7956000010599382,24.966900004073977,78.0

1790042674,173,GET,[GET] /api/soporte/tickets,48.000000,0.000000,7,7,8,9,11,15,24,31,63,63,63,4225,0,6,7.242147526583227,3.8483999960590154,313.4501000022283,84567.0

1790042674,173,GET,[GET] /health,71.000000,0.000000,4,4,5,5,7,9,11,18,33,33,33,6505,0,4,4.08852734824857,1.9008000017493032,44.313999998848885,83.99631053036126

1790042674,173,,Aggregated,167.500000,0.000000,5,6,6,7,9,10,15,20,33,63,63,15001,0,4,5.067835557673042,1.7956000010599382,313.4501000022283,23872.633024465034

1790042675,174,GET,[GET] /actuator/health,24.700000,0.000000,4,5,6,6,8,9,11,11,13,13,13,2161,0,4,4.628003146804709,2.2860999961267225,50.14140000275802,49.0

1790042675,174,GET,[GET] /api/soporte/election/status,24.200000,0.000000,4,4,5,5,6,8,10,11,15,15,15,2167,0,4,4.195474619390613,1.7956000010599382,24.966900004073977,78.0

1790042675,174,GET,[GET] /api/soporte/tickets,48.100000,0.000000,6,7,8,8,10,12,15,17,63,63,63,4278,0,6,7.231792379561905,3.8483999960590154,313.4501000022283,84567.0

1790042675,174,GET,[GET] /health,70.000000,0.000000,4,4,5,5,7,8,10,11,22,22,22,6577,0,4,4.086069302173045,1.9008000017493032,44.313999998848885,83.99589478485632

1790042675,174,,Aggregated,167.000000,0.000000,5,6,6,7,8,10,11,14,33,63,63,15183,0,4,5.065164585432548,1.7956000010599382,313.4501000022283,23882.30138971218

1790042676,175,GET,[GET] /actuator/health,24.600000,0.000000,4,5,6,6,8,9,11,11,13,13,13,2180,0,4,4.630326972589476,2.2860999961267225,50.14140000275802,49.0

1790042676,175,GET,[GET] /api/soporte/election/status,24.300000,0.000000,4,5,5,5,6,8,10,11,23,23,23,2192,0,4,4.206352782948272,1.7956000010599382,24.966900004073977,78.0

1790042676,175,GET,[GET] /api/soporte/tickets,47.600000,0.000000,6,7,8,8,10,12,15,17,63,63,63,4334,0,6,7.225840332197311,3.8483999960590154,313.4501000022283,84567.0

1790042676,175,GET,[GET] /health,70.300000,0.000000,4,4,5,5,7,8,10,11,22,22,22,6649,0,4,4.090101203246137,1.9008000017493032,44.313999998848885,83.99593923898331

1790042676,175,,Aggregated,166.800000,0.000000,5,6,6,7,8,10,12,15,33,63,63,15355,0,4,5.068467144291396,1.7956000010599382,313.4501000022283,23923.78137414523

1790042677,176,GET,[GET] /actuator/health,26.100000,0.000000,4,5,6,6,8,9,11,11,36,36,36,2199,0,4,4.638843610843716,2.2860999961267225,50.14140000275802,49.0

1790042677,176,GET,[GET] /api/soporte/election/status,24.300000,0.000000,4,5,5,5,6,8,10,11,23,23,23,2218,0,4,4.207123805334933,1.7956000010599382,24.966900004073977,78.0

1790042677,176,GET,[GET] /api/soporte/tickets,48.600000,0.000000,6,7,8,8,10,12,16,25,63,63,63,4385,0,6,7.2248128391628414,3.8483999960590154,313.4501000022283,84567.0

1790042677,176,GET,[GET] /health,70.600000,0.000000,4,4,5,5,7,8,10,11,18,18,18,6727,0,4,4.086625167293909,1.9008000017493032,44.313999998848885,83.99598632376988

1790042677,176,,Aggregated,169.600000,0.000000,5,6,6,7,8,10,12,15,36,63,63,15529,0,4,5.06817885894735,1.7956000010599382,313.4501000022283,23934.06471762509

1790042678,177,GET,[GET] /actuator/health,25.200000,0.000000,4,5,6,6,8,9,11,11,36,36,36,2220,0,4,4.637555495611269,2.2860999961267225,50.14140000275802,49.0

1790042678,177,GET,[GET] /api/soporte/election/status,24.300000,0.000000,4,5,5,5,6,8,10,11,23,23,23,2245,0,4,4.205609844193897,1.7956000010599382,24.966900004073977,78.0

1790042678,177,GET,[GET] /api/soporte/tickets,48.800000,0.000000,6,7,8,8,10,13,16,25,63,63,63,4433,0,6,7.223149808197239,3.8483999960590154,313.4501000022283,84567.0

1790042678,177,GET,[GET] /health,71.900000,0.000000,4,4,5,5,7,8,10,11,18,18,18,6801,0,4,4.083344772884094,1.9008000017493032,44.313999998848885,83.99602999558888

1790042678,177,,Aggregated,170.200000,0.000000,5,6,6,7,8,10,13,15,36,63,63,15699,0,4,5.06580152879772,1.7956000010599382,313.4501000022283,23934.05044907319

1790042679,178,GET,[GET] /actuator/health,24.700000,0.000000,4,5,6,6,8,10,11,13,36,36,36,2242,0,4,4.649959054536708,2.2860999961267225,50.14140000275802,49.0

1790042679,178,GET,[GET] /api/soporte/election/status,24.400000,0.000000,4,5,5,5,7,8,10,11,23,23,23,2258,0,4,4.206707706020342,1.7956000010599382,24.966900004073977,78.0

1790042679,178,GET,[GET] /api/soporte/tickets,48.700000,0.000000,6,7,8,9,10,13,16,25,63,63,63,4498,0,6,7.221598710472405,3.8483999960590154,313.4501000022283,84567.0

1790042679,178,GET,[GET] /health,71.700000,0.000000,4,4,5,5,7,8,10,11,18,18,18,6877,0,4,4.0879818816909905,1.9008000017493032,44.313999998848885,83.9960738694198

1790042679,178,,Aggregated,169.500000,0.000000,5,6,6,7,8,10,13,15,36,63,63,15875,0,4,5.07211065200372,1.7956000010599382,313.4501000022283,24015.49537007874

1790042680,179,GET,[GET] /actuator/health,24.200000,0.000000,5,5,6,6,8,10,11,13,36,36,36,2267,0,4,4.655309087030368,2.2860999961267225,50.14140000275802,49.0

1790042680,179,GET,[GET] /api/soporte/election/status,24.500000,0.000000,4,4,5,5,7,8,9,11,23,23,23,2284,0,4,4.201711208492471,1.7956000010599382,24.966900004073977,78.0

1790042680,179,GET,[GET] /api/soporte/tickets,49.400000,0.000000,6,7,8,8,10,12,15,22,63,63,63,4551,0,6,7.212699736262433,3.8483999960590154,313.4501000022283,84567.0

1790042680,179,GET,[GET] /health,72.700000,0.000000,4,4,5,5,7,8,10,11,18,18,18,6949,0,4,4.086774744623335,1.9008000017493032,44.313999998848885,83.99611454885596

1790042680,179,,Aggregated,170.700000,0.000000,5,6,6,7,8,10,13,15,36,63,63,16051,0,4,5.069733244072801,1.7956000010599382,313.4501000022283,24031.981870288455

1790042681,180,GET,[GET] /actuator/health,24.100000,0.000000,4,5,6,6,8,9,12,13,36,36,36,2295,0,4,4.660704139567311,2.2860999961267225,50.14140000275802,49.0

1790042681,180,GET,[GET] /api/soporte/election/status,23.300000,0.000000,4,4,5,5,6,8,9,11,23,23,23,2315,0,4,4.195753736577357,1.7956000010599382,24.966900004073977,78.0

1790042681,180,GET,[GET] /api/soporte/tickets,51.200000,0.000000,6,7,8,8,10,11,14,17,36,36,36,4611,0,6,7.21427380172658,3.8483999960590154,313.4501000022283,84567.0

1790042681,180,GET,[GET] /health,73.300000,0.000000,4,4,5,5,7,7,10,11,18,18,18,7015,0,4,4.085508738466437,1.9008000017493032,44.313999998848885,83.99615110477548

1790042681,180,,Aggregated,171.900000,0.000000,5,6,6,7,8,10,12,14,36,36,36,16236,0,4,5.071097942879211,1.7956000010599382,313.4501000022283,24071.242609016997

1790042682,181,GET,[GET] /actuator/health,23.500000,0.000000,4,5,6,6,8,9,12,13,36,36,36,2318,0,4,4.655875668808138,2.2860999961267225,50.14140000275802,49.0

1790042682,181,GET,[GET] /api/soporte/election/status,23.600000,0.000000,4,4,5,5,6,8,9,10,23,23,23,2344,0,4,4.194211262859864,1.7956000010599382,24.966900004073977,78.0

1790042682,181,GET,[GET] /api/soporte/tickets,52.400000,0.000000,6,7,8,8,10,11,14,16,36,36,36,4659,0,6,7.216232624972271,3.8483999960590154,313.4501000022283,84567.0

1790042682,181,GET,[GET] /health,72.800000,0.000000,4,4,5,5,7,7,10,11,14,14,14,7095,0,4,4.087714221331738,1.9008000017493032,44.313999998848885,83.99619450317125

1790042682,181,,Aggregated,172.300000,0.000000,5,6,6,7,8,10,12,14,36,36,36,16416,0,4,5.071047222254829,1.7956000010599382,313.4501000022283,24055.191276803118

1790042683,182,GET,[GET] /actuator/health,23.500000,0.000000,4,5,6,6,8,9,12,14,36,36,36,2347,0,4,4.6724877717447075,2.2860999961267225,50.14140000275802,49.0

1790042683,182,GET,[GET] /api/soporte/election/status,24.600000,0.000000,4,4,5,5,6,8,9,10,23,23,23,2372,0,4,4.202279468873309,1.7956000010599382,24.966900004073977,78.0

1790042683,182,GET,[GET] /api/soporte/tickets,53.900000,0.000000,6,7,8,8,10,11,14,16,36,36,36,4707,0,6,7.214756766466123,3.8483999960590154,313.4501000022283,84567.0

1790042683,182,GET,[GET] /health,71.900000,0.000000,4,4,5,5,7,7,8,10,12,12,12,7173,0,4,4.091780914594733,1.9008000017493032,44.313999998848885,83.99623588456713

1790042683,182,,Aggregated,173.900000,0.000000,5,6,6,7,8,9,12,13,36,36,36,16599,0,4,5.0752659979876125,1.7956000010599382,313.4501000022283,24035.14627387192

1790042684,183,GET,[GET] /actuator/health,23.700000,0.000000,4,5,6,6,8,9,12,14,36,36,36,2373,0,4,4.673765866109852,2.2860999961267225,50.14140000275802,49.0

1790042684,183,GET,[GET] /api/soporte/election/status,24.700000,0.000000,4,5,5,5,7,8,11,13,23,23,23,2399,0,4,4.217378782903073,1.7956000010599382,24.966900004073977,78.0

1790042684,183,GET,[GET] /api/soporte/tickets,52.300000,0.000000,6,7,8,8,10,12,14,21,36,36,36,4756,0,6,7.223758662694829,3.8483999960590154,313.4501000022283,84567.0

1790042684,183,GET,[GET] /health,73.100000,0.000000,4,4,5,6,7,8,10,11,15,15,15,7254,0,4,4.097215274384138,1.9008000017493032,44.313999998848885,83.99627791563276

1790042684,183,,Aggregated,173.800000,0.000000,5,6,6,7,8,10,12,14,36,36,36,16782,0,4,5.081976754893475,1.7956000010599382,313.4501000022283,24020.57919199142

1790042685,184,GET,[GET] /actuator/health,23.700000,0.000000,4,5,6,6,8,9,12,14,36,36,36,2387,0,4,4.669419229271657,2.2860999961267225,50.14140000275802,49.0

1790042685,184,GET,[GET] /api/soporte/election/status,25.700000,0.000000,4,4,5,5,6,8,10,13,13,13,13,2420,0,4,4.212179297586366,1.7956000010599382,24.966900004073977,78.0

1790042685,184,GET,[GET] /api/soporte/tickets,52.800000,0.000000,6,7,8,8,10,12,14,25,36,36,36,4812,0,6,7.225645033208378,3.8483999960590154,313.4501000022283,84567.0

1790042685,184,GET,[GET] /health,73.700000,0.000000,4,4,5,5,7,7,10,11,15,15,15,7339,0,4,4.094869042155089,1.9008000017493032,44.313999998848885,83.99632102466276

1790042685,184,,Aggregated,175.900000,0.000000,5,6,6,7,8,10,12,14,36,36,36,16958,0,4,5.080871883512523,1.7956000010599382,313.4501000022283,24051.101309116642

1790042686,185,GET,[GET] /actuator/health,24.400000,0.000000,4,5,6,6,8,9,12,13,28,28,28,2413,0,4,4.672029216856814,2.2860999961267225,50.14140000275802,49.0

1790042686,185,GET,[GET] /api/soporte/election/status,25.600000,0.000000,4,4,5,5,7,8,10,13,13,13,13,2444,0,4,4.2141053192144105,1.7956000010599382,24.966900004073977,78.0

1790042686,185,GET,[GET] /api/soporte/tickets,52.500000,0.000000,6,7,8,9,10,12,14,19,36,36,36,4865,0,6,7.219060924933613,3.8483999960590154,313.4501000022283,84567.0

1790042686,185,GET,[GET] /health,74.300000,0.000000,4,4,5,5,7,7,9,11,15,15,15,7416,0,4,4.09356341698453,1.9008000017493032,44.313999998848885,83.99635922330097

1790042686,185,,Aggregated,176.800000,0.000000,5,6,6,7,8,10,12,14,29,36,36,17138,0,4,5.079442035278026,1.7956000010599382,313.4501000022283,24060.58122301319

1790042687,186,GET,[GET] /actuator/health,22.500000,0.000000,4,5,6,6,7,9,12,13,28,28,28,2441,0,4,4.667699549477885,2.2860999961267225,50.14140000275802,49.0

1790042687,186,GET,[GET] /api/soporte/election/status,25.200000,0.000000,4,4,5,5,7,8,10,13,13,13,13,2475,0,4,4.2106604848951905,1.7956000010599382,24.966900004073977,78.0

1790042687,186,GET,[GET] /api/soporte/tickets,52.900000,0.000000,6,7,8,8,10,12,14,21,36,36,36,4920,0,6,7.221683963371476,3.8483999960590154,313.4501000022283,84567.0

1790042687,186,GET,[GET] /health,75.700000,0.000000,4,4,5,5,7,7,9,11,15,15,15,7491,0,4,4.092105513334048,1.9008000017493032,44.313999998848885,83.99639567480978

1790042687,186,,Aggregated,176.300000,0.000000,5,6,6,7,8,10,12,14,35,36,36,17327,0,4,5.078772251432108,1.7956000010599382,313.4501000022283,24067.150458821492

1790042688,187,GET,[GET] /actuator/health,23.300000,0.000000,4,5,6,6,7,8,12,12,28,28,28,2466,0,4,4.669883617315783,2.2860999961267225,50.14140000275802,49.0

1790042688,187,GET,[GET] /api/soporte/election/status,24.800000,0.000000,4,4,5,5,7,8,10,13,13,13,13,2501,0,4,4.203738784515842,1.7956000010599382,24.966900004073977,78.0

1790042688,187,GET,[GET] /api/soporte/tickets,52.500000,0.000000,6,7,8,9,10,12,14,21,36,36,36,4973,0,6,7.226234425857395,3.8483999960590154,313.4501000022283,84567.0

1790042688,187,GET,[GET] /health,76.400000,0.000000,4,4,5,5,7,8,9,11,15,15,15,7568,0,4,4.095396498468892,1.9008000017493032,44.313999998848885,83.99643234672304

1790042688,187,,Aggregated,177.000000,0.000000,5,6,6,7,8,10,12,14,35,36,36,17508,0,4,5.081077690231679,1.7956000010599382,313.4501000022283,24074.896504455108

1790042689,188,GET,[GET] /actuator/health,24.300000,0.000000,4,5,6,6,7,8,12,14,28,28,28,2497,0,4,4.674950220381925,2.2860999961267225,50.14140000275802,49.0

1790042689,188,GET,[GET] /api/soporte/election/status,25.700000,0.000000,4,4,5,5,7,8,10,13,13,13,13,2530,0,4,4.2077249407344,1.7956000010599382,24.966900004073977,78.0

1790042689,188,GET,[GET] /api/soporte/tickets,53.200000,0.000000,6,7,8,9,10,12,16,29,36,36,36,5029,0,6,7.231616186082444,3.8483999960590154,313.4501000022283,84567.0

1790042689,188,GET,[GET] /health,76.100000,0.000000,4,4,5,5,7,8,10,11,15,15,15,7640,0,4,4.098075942462965,1.9008000017493032,44.313999998848885,83.99646596858639

1790042689,188,,Aggregated,179.300000,0.000000,5,6,6,7,8,10,12,14,35,36,36,17696,0,4,5.085668670918703,1.7956000010599382,313.4501000022283,24087.300463381554

1790042690,189,GET,[GET] /actuator/health,24.400000,0.000000,4,5,6,6,7,9,12,12,28,28,28,2527,0,4,4.681059715181902,2.2860999961267225,50.14140000275802,49.0

1790042690,189,GET,[GET] /api/soporte/election/status,25.500000,0.000000,4,4,5,5,7,8,11,13,13,13,13,2560,0,4,4.20802601564958,1.7956000010599382,24.966900004073977,78.0

1790042690,189,GET,[GET] /api/soporte/tickets,54.400000,0.000000,6,7,8,9,10,12,15,21,35,35,35,5067,0,6,7.228981566971047,3.8483999960590154,313.4501000022283,84567.0

1790042690,189,GET,[GET] /health,76.000000,0.000000,4,4,5,5,7,8,9,11,15,15,15,7733,0,4,4.096917625808805,1.9008000017493032,44.313999998848885,83.99650847019268

1790042690,189,,Aggregated,180.300000,0.000000,5,6,6,7,8,10,12,14,32,35,35,17887,0,4,5.082590602143981,1.7956000010599382,313.4501000022283,24010.400682059597

1790042691,190,GET,[GET] /actuator/health,25.100000,0.000000,4,5,6,6,7,9,12,12,28,28,28,2566,0,4,4.672621707032049,2.2860999961267225,50.14140000275802,49.0

1790042691,190,GET,[GET] /api/soporte/election/status,26.800000,0.000000,4,4,5,5,7,8,11,13,13,13,13,2586,0,4,4.203786349599934,1.7956000010599382,24.966900004073977,78.0

1790042691,190,GET,[GET] /api/soporte/tickets,52.600000,0.000000,6,7,8,9,10,12,16,21,35,35,35,5110,0,6,7.22618408998875,3.8483999960590154,313.4501000022283,84567.0

1790042691,190,GET,[GET] /health,75.800000,0.000000,4,4,5,5,7,8,9,11,15,15,15,7817,0,4,4.094203991350323,1.9008000017493032,44.313999998848885,83.99654598951004

1790042691,190,,Aggregated,180.300000,0.000000,5,6,6,7,8,10,12,14,32,35,35,18079,0,4,5.077223967063314,1.7956000010599382,313.4501000022283,23957.155428950715

1790042692,191,GET,[GET] /actuator/health,25.700000,0.000000,4,5,6,6,7,8,11,12,15,15,15,2593,0,4,4.677734670367514,2.2860999961267225,50.14140000275802,49.0

1790042692,191,GET,[GET] /api/soporte/election/status,27.400000,0.000000,4,4,5,5,7,9,12,13,16,16,16,2610,0,4,4.21255754791809,1.7956000010599382,24.966900004073977,78.0

1790042692,191,GET,[GET] /api/soporte/tickets,51.600000,0.000000,6,7,8,9,10,12,16,21,35,35,35,5162,0,6,7.222832971688235,3.8483999960590154,313.4501000022283,84567.0

1790042692,191,GET,[GET] /health,77.900000,0.000000,4,4,5,5,7,8,10,12,15,15,15,7908,0,4,4.098534522054399,1.9008000017493032,44.313999998848885,83.99658573596358

1790042692,191,,Aggregated,182.600000,0.000000,4,6,6,7,8,10,12,15,32,35,35,18273,0,4,5.079604662649266,1.7956000010599382,313.4501000022283,23944.056038964594

1790042693,192,GET,[GET] /actuator/health,26.500000,0.000000,4,5,6,6,7,10,13,14,19,19,19,2618,0,4,4.695344919903913,2.2860999961267225,50.14140000275802,49.0

1790042693,192,GET,[GET] /api/soporte/election/status,26.700000,0.000000,4,4,5,5,7,8,12,12,16,16,16,2631,0,4,4.21795556824669,1.7956000010599382,24.966900004073977,78.0

1790042693,192,GET,[GET] /api/soporte/tickets,49.700000,0.000000,6,7,8,9,10,12,16,19,35,35,35,5216,0,6,7.234348216994711,3.8483999960590154,313.4501000022283,84567.0

1790042693,192,GET,[GET] /health,79.800000,0.000000,4,4,5,5,7,8,10,12,18,18,18,7992,0,4,4.108097897948789,1.9008000017493032,44.313999998848885,83.99662162162163

1790042693,192,,Aggregated,182.700000,0.000000,5,6,6,7,8,10,12,15,32,35,35,18457,0,4,5.090541951596501,1.7956000010599382,313.4501000022283,23953.311643278972

1790042694,193,GET,[GET] /actuator/health,27.600000,0.000000,4,5,6,6,8,10,14,19,22,22,22,2651,0,4,4.720431799430237,2.2860999961267225,50.14140000275802,49.0

1790042694,193,GET,[GET] /api/soporte/election/status,26.500000,0.000000,4,5,5,5,7,9,12,13,20,20,20,2653,0,4,4.231788880533946,1.7956000010599382,24.966900004073977,78.0

1790042694,193,GET,[GET] /api/soporte/tickets,50.000000,0.000000,7,8,9,9,11,13,18,22,35,35,35,5266,0,6,7.256837238861133,3.8483999960590154,313.4501000022283,84567.0

1790042694,193,GET,[GET] /health,80.100000,0.000000,4,4,5,6,7,9,12,15,39,39,39,8064,0,4,4.129973983174476,1.9008000017493032,44.313999998848885,83.99627976190476

1790042694,193,,Aggregated,184.200000,0.000000,5,6,6,7,9,11,15,18,37,39,39,18634,0,4,5.112129210073404,1.7956000010599382,313.4501000022283,23953.20387463776

1790042695,194,GET,[GET] /actuator/health,26.600000,0.000000,4,5,6,6,8,10,14,19,22,22,22,2679,0,4,4.724670063576538,2.2860999961267225,50.14140000275802,49.0

1790042695,194,GET,[GET] /api/soporte/election/status,25.800000,0.000000,4,5,5,6,7,9,12,13,20,20,20,2687,0,4,4.237541198386097,1.7956000010599382,24.966900004073977,78.0

1790042695,194,GET,[GET] /api/soporte/tickets,49.900000,0.000000,7,8,9,9,12,14,19,23,35,35,35,5312,0,6,7.260348569242392,3.8483999960590154,313.4501000022283,84567.0

1790042695,194,GET,[GET] /health,81.200000,0.000000,4,5,5,6,7,9,12,15,39,39,39,8162,0,4,4.134191791263676,1.9008000017493032,44.313999998848885,83.99632443028669

1790042695,194,,Aggregated,183.500000,0.000000,5,6,6,7,9,12,15,18,37,39,39,18840,0,4,5.114326395992288,1.7956000010599382,313.4501000022283,23898.425636942677

1790042696,195,GET,[GET] /actuator/health,27.500000,0.000000,4,5,6,7,8,10,14,19,22,22,22,2704,0,4,4.728893380287494,2.2860999961267225,50.14140000275802,49.0

1790042696,195,GET,[GET] /api/soporte/election/status,25.000000,0.000000,4,5,5,6,7,9,12,13,20,20,20,2717,0,4,4.2407778800391425,1.7956000010599382,24.966900004073977,78.0

1790042696,195,GET,[GET] /api/soporte/tickets,51.100000,0.000000,7,8,9,9,12,14,19,22,34,34,34,5361,0,6,7.266517235558225,3.8483999960590154,313.4501000022283,84567.0

1790042696,195,GET,[GET] /health,80.700000,0.000000,4,5,5,6,7,9,12,15,39,39,39,8250,0,4,4.137748606098202,1.9008000017493032,44.313999998848885,83.99636363636364

1790042696,195,,Aggregated,184.300000,0.000000,5,6,6,7,9,12,15,18,37,39,39,19032,0,4,5.117767239412649,1.7956000010599382,313.4501000022283,23875.6346679277

1790042697,196,GET,[GET] /actuator/health,28.700000,0.000000,4,5,6,6,8,12,14,19,22,22,22,2733,0,4,4.731499487852679,2.2860999961267225,50.14140000275802,49.0

1790042697,196,GET,[GET] /api/soporte/election/status,26.600000,0.000000,4,5,5,6,7,9,12,13,20,20,20,2740,0,4,4.241448795639278,1.7956000010599382,24.966900004073977,78.0

1790042697,196,GET,[GET] /api/soporte/tickets,50.100000,0.000000,7,7,9,9,12,14,18,22,34,34,34,5416,0,6,7.26421203837278,3.8483999960590154,313.4501000022283,84567.0

1790042697,196,GET,[GET] /health,80.800000,0.000000,4,4,5,6,7,9,12,15,39,39,39,8345,0,4,4.1379281965629415,1.9008000017493032,44.313999998848885,83.99640503295386

1790042697,196,,Aggregated,186.200000,0.000000,5,6,6,7,9,12,15,18,37,39,39,19234,0,4,5.117330820448045,1.7956000010599382,313.4501000022283,23867.29016325257

1790042698,197,GET,[GET] /actuator/health,28.600000,0.000000,4,5,6,7,9,11,13,19,22,22,22,2761,0,4,4.7391168418389,2.2860999961267225,50.14140000275802,49.0

1790042698,197,GET,[GET] /api/soporte/election/status,27.400000,0.000000,4,5,5,6,7,10,12,13,20,20,20,2761,0,4,4.242325135838648,1.7956000010599382,24.966900004073977,78.0

1790042698,197,GET,[GET] /api/soporte/tickets,49.600000,0.000000,7,7,9,9,12,14,18,21,34,34,34,5472,0,6,7.270606122046584,3.8483999960590154,313.4501000022283,84567.0

1790042698,197,GET,[GET] /health,82.500000,0.000000,4,5,5,6,7,9,12,15,39,39,39,8436,0,4,4.140711249446574,1.9008000017493032,44.313999998848885,83.99644381223328

1790042698,197,,Aggregated,188.100000,0.000000,5,6,6,7,9,12,14,18,37,39,39,19430,0,4,5.121644781293768,1.7956000010599382,313.4501000022283,23870.811374163666

1790042699,198,GET,[GET] /actuator/health,28.800000,0.000000,4,5,6,6,8,10,13,19,22,22,22,2791,0,4,4.73888276615216,2.2860999961267225,50.14140000275802,49.0

1790042699,198,GET,[GET] /api/soporte/election/status,26.400000,0.000000,4,5,5,6,7,9,12,13,20,20,20,2794,0,4,4.242393092354125,1.7956000010599382,24.966900004073977,78.0

1790042699,198,GET,[GET] /api/soporte/tickets,49.100000,0.000000,7,7,9,9,12,14,18,21,34,34,34,5532,0,6,7.2628165220250684,3.8483999960590154,313.4501000022283,84567.0

1790042699,198,GET,[GET] /health,83.600000,0.000000,4,5,5,6,7,9,12,15,39,39,39,8509,0,4,4.141001292791927,1.9008000017493032,44.313999998848885,83.99647432130685

1790042699,198,,Aggregated,187.900000,0.000000,5,6,6,7,9,12,14,18,37,39,39,19626,0,4,5.120409105297935,1.7956000010599382,313.4501000022283,23891.473606440435

1790042700,199,GET,[GET] /actuator/health,29.200000,0.000000,4,5,6,7,8,11,13,19,22,22,22,2816,0,4,4.74224577426567,2.2860999961267225,50.14140000275802,49.0

1790042700,199,GET,[GET] /api/soporte/election/status,25.800000,0.000000,4,5,5,6,7,9,12,13,20,20,20,2816,0,4,4.243671022733637,1.7956000010599382,24.966900004073977,78.0

1790042700,199,GET,[GET] /api/soporte/tickets,49.400000,0.000000,7,7,9,9,12,13,18,21,34,34,34,5586,0,6,7.257952273516829,3.8483999960590154,313.4501000022283,84567.0

1790042700,199,GET,[GET] /health,85.700000,0.000000,4,5,5,6,7,9,12,15,39,39,39,8605,0,4,4.141165566572014,1.9008000017493032,44.313999998848885,83.9958163858222

1790042700,199,,Aggregated,190.100000,0.000000,5,6,6,7,9,12,14,18,37,39,39,19823,0,4,5.119406386549324,1.7956000010599382,313.4501000022283,23884.96584775261

1790042701,200,GET,[GET] /actuator/health,29.400000,0.000000,5,5,6,7,8,11,13,19,22,22,22,2848,0,4,4.741588097025097,2.2860999961267225,50.14140000275802,49.0

1790042701,200,GET,[GET] /api/soporte/election/status,26.100000,0.000000,4,5,5,6,7,8,12,13,20,20,20,2848,0,4,4.240726193831016,1.7956000010599382,24.966900004073977,78.0

1790042701,200,GET,[GET] /api/soporte/tickets,49.400000,0.000000,7,7,9,9,12,13,17,21,34,34,34,5643,0,6,7.250309285820762,3.8483999960590154,313.4501000022283,84567.0

1790042701,200,GET,[GET] /health,86.100000,0.000000,4,5,5,6,7,9,12,14,39,39,39,8682,0,4,4.14010456120148,1.9008000017493032,44.313999998848885,83.99585348997927

1790042701,200,,Aggregated,191.000000,0.000000,5,6,6,7,9,11,13,17,37,39,39,20021,0,4,5.116603276589382,1.7956000010599382,313.4501000022283,23890.0419059987

1790042702,200,GET,[GET] /actuator/health,28.400000,0.000000,4,5,6,7,8,11,13,19,22,22,22,2874,0,4,4.740500696015062,2.2860999961267225,50.14140000275802,49.0

1790042702,200,GET,[GET] /api/soporte/election/status,25.000000,0.000000,4,5,5,6,7,9,10,13,20,20,20,2878,0,4,4.2463214385058965,1.7956000010599382,24.966900004073977,78.0

1790042702,200,GET,[GET] /api/soporte/tickets,50.900000,0.000000,6,7,8,9,12,13,17,21,34,34,34,5697,0,6,7.246905388782384,3.8483999960590154,313.4501000022283,84567.0

1790042702,200,GET,[GET] /health,86.400000,0.000000,4,5,5,6,7,9,12,14,39,39,39,8769,0,4,4.141196305203421,1.9008000017493032,44.313999998848885,83.99589462880603

1790042702,200,,Aggregated,190.700000,0.000000,5,6,6,7,9,11,14,18,37,39,39,20218,0,4,5.116474552408215,1.7956000010599382,313.4501000022283,23883.671431397765

1790042703,200,GET,[GET] /actuator/health,28.600000,0.000000,5,5,6,7,8,10,11,11,12,12,12,2915,0,4,4.755420411793566,2.2860999961267225,50.14140000275802,49.0

1790042703,200,GET,[GET] /api/soporte/election/status,26.300000,0.000000,4,5,5,6,7,8,10,10,13,13,13,2899,0,4,4.248822076583582,1.7956000010599382,24.966900004073977,78.0

1790042703,200,GET,[GET] /api/soporte/tickets,53.100000,0.000000,6,7,8,9,11,13,15,17,34,34,34,5753,0,6,7.253892264891416,3.8483999960590154,313.4501000022283,84567.0

1790042703,200,GET,[GET] /health,85.200000,0.000000,4,5,5,6,7,8,9,10,13,13,13,8854,0,4,4.147647865408318,1.9008000017493032,44.313999998848885,83.99559521120398

1790042703,200,,Aggregated,193.200000,0.000000,5,6,6,7,8,10,12,13,20,34,34,20421,0,4,5.12385789631456,1.7956000010599382,313.4501000022283,23878.683952793694

1790042704,200,GET,[GET] /actuator/health,27.800000,0.000000,5,5,6,7,8,9,11,11,12,12,12,2939,0,4,4.75728737678407,2.2860999961267225,50.14140000275802,49.0

1790042704,200,GET,[GET] /api/soporte/election/status,27.100000,0.000000,4,5,5,6,7,8,9,10,13,13,13,2930,0,4,4.254417576795919,1.7956000010599382,24.966900004073977,78.0

1790042704,200,GET,[GET] /api/soporte/tickets,52.700000,0.000000,6,7,8,9,10,12,14,17,20,20,20,5818,0,6,7.247209212780444,3.8483999960590154,313.4501000022283,84567.0

1790042704,200,GET,[GET] /health,86.100000,0.000000,4,5,5,6,7,8,9,10,13,13,13,8929,0,4,4.148150039235978,1.9008000017493032,44.313999998848885,83.99563220965393

1790042704,200,,Aggregated,193.700000,0.000000,5,6,6,7,8,10,12,13,18,20,20,20616,0,4,5.124670450168563,1.7956000010599382,313.4501000022283,23919.933740783858

1790042705,200,GET,[GET] /actuator/health,29.800000,0.000000,5,5,6,7,8,10,11,12,13,13,13,2968,0,4,4.7592004381284045,2.2860999961267225,50.14140000275802,49.0

1790042705,200,GET,[GET] /api/soporte/election/status,26.900000,0.000000,4,5,5,6,7,8,9,10,13,13,13,2959,0,4,4.256258938836597,1.7956000010599382,24.966900004073977,78.0

1790042705,200,GET,[GET] /api/soporte/tickets,53.600000,0.000000,6,7,8,9,10,12,13,17,20,20,20,5878,0,6,7.247911126223875,3.8483999960590154,313.4501000022283,84567.0

1790042705,200,GET,[GET] /health,86.100000,0.000000,4,5,5,6,7,8,9,9,13,13,13,9014,0,4,4.1516940315489705,1.9008000017493032,44.313999998848885,83.9956733969381

1790042705,200,,Aggregated,196.400000,0.000000,5,6,6,7,8,10,11,13,18,20,20,20819,0,4,5.127343710106583,1.7956000010599382,313.4501000022283,23930.93794130362

1790042706,200,GET,[GET] /actuator/health,29.000000,0.000000,5,5,6,7,8,10,11,13,23,23,23,2998,0,4,4.7738213143360175,2.2860999961267225,50.14140000275802,49.0

1790042706,200,GET,[GET] /api/soporte/election/status,27.700000,0.000000,4,5,6,6,7,9,10,11,13,13,13,2982,0,4,4.2639084171703,1.7956000010599382,24.966900004073977,78.0

1790042706,200,GET,[GET] /api/soporte/tickets,54.600000,0.000000,6,7,8,9,10,12,14,17,28,28,28,5939,0,6,7.2501134029161,3.8483999960590154,313.4501000022283,84567.0

1790042706,200,GET,[GET] /health,85.100000,0.000000,4,5,5,6,7,8,9,10,17,17,17,9104,0,4,4.1566255712190765,1.9008000017493032,44.313999998848885,83.99571616871705

1790042706,200,,Aggregated,196.400000,0.000000,5,6,7,7,8,10,12,13,23,28,28,21023,0,4,5.133769390699634,1.7956000010599382,313.4501000022283,23944.613423393424

1790042707,200,GET,[GET] /actuator/health,28.800000,0.000000,5,5,6,7,8,9,12,13,23,23,23,3037,0,4,4.779487388995721,2.2860999961267225,50.14140000275802,49.0

1790042707,200,GET,[GET] /api/soporte/election/status,26.700000,0.000000,4,5,6,6,7,9,9,10,12,12,12,3004,0,4,4.267751597874155,1.7956000010599382,24.966900004073977,78.0

1790042707,200,GET,[GET] /api/soporte/tickets,55.900000,0.000000,6,7,8,8,10,11,13,17,28,28,28,5993,0,6,7.246769831458631,3.8483999960590154,313.4501000022283,84567.0

1790042707,200,GET,[GET] /health,85.200000,0.000000,4,5,5,6,7,8,9,9,17,17,17,9175,0,4,4.159527989141662,1.9008000017493032,44.313999998848885,83.99574931880109

1790042707,200,,Aggregated,196.600000,0.000000,5,6,6,7,8,9,11,13,23,28,28,21209,0,5,5.135988962266033,1.7956000010599382,313.4501000022283,23950.389787354427

1790042708,200,GET,[GET] /actuator/health,29.700000,0.000000,4,5,6,7,8,10,12,13,23,23,23,3062,0,4,4.776911201953861,2.2860999961267225,50.14140000275802,49.0

1790042708,200,GET,[GET] /api/soporte/election/status,26.100000,0.000000,4,5,6,6,7,9,9,10,12,12,12,3034,0,4,4.270208767312249,1.7956000010599382,24.966900004073977,78.0

1790042708,200,GET,[GET] /api/soporte/tickets,56.800000,0.000000,6,7,8,9,10,11,13,17,28,28,28,6043,0,6,7.242197550872198,3.8483999960590154,313.4501000022283,84567.0

1790042708,200,GET,[GET] /health,84.900000,0.000000,4,5,5,6,7,8,9,10,17,17,17,9264,0,4,4.158745196499363,1.9008000017493032,44.313999998848885,83.99579015544042

1790042708,200,,Aggregated,197.500000,0.000000,5,6,6,7,8,9,11,13,23,28,28,21403,0,5,5.133576171597387,1.7956000010599382,313.4501000022283,23931.374480213053

1790042709,200,GET,[GET] /actuator/health,30.100000,0.000000,4,5,6,7,8,10,12,13,23,23,23,3087,0,4,4.78340813100591,2.2860999961267225,50.14140000275802,49.0

1790042709,200,GET,[GET] /api/soporte/election/status,26.300000,0.000000,4,5,6,6,7,9,9,10,12,12,12,3059,0,4,4.27389101013851,1.7956000010599382,24.966900004073977,78.0

1790042709,200,GET,[GET] /api/soporte/tickets,57.600000,0.000000,6,7,8,9,10,11,13,17,34,34,34,6101,0,6,7.24598828060238,3.8483999960590154,313.4501000022283,84567.0

1790042709,200,GET,[GET] /health,83.800000,0.000000,4,5,5,6,7,8,9,10,17,17,17,9360,0,4,4.1594923611570325,1.9008000017493032,44.313999998848885,83.99583333333334

1790042709,200,,Aggregated,197.800000,0.000000,5,6,7,7,8,10,11,13,28,34,34,21607,0,5,5.136337136150964,1.7956000010599382,313.4501000022283,23932.953811264866

1790042710,200,GET,[GET] /actuator/health,30.300000,0.000000,4,5,6,7,8,10,12,13,23,23,23,3121,0,4,4.7755570331390995,2.2581000011996366,50.14140000275802,49.0

1790042710,200,GET,[GET] /api/soporte/election/status,26.900000,0.000000,4,5,6,6,7,9,9,10,12,12,12,3085,0,4,4.271103533234287,1.7956000010599382,24.966900004073977,78.0

1790042710,200,GET,[GET] /api/soporte/tickets,56.400000,0.000000,6,7,8,9,10,11,13,17,34,34,34,6156,0,6,7.23557358673644,3.8483999960590154,313.4501000022283,84567.0

1790042710,200,GET,[GET] /health,83.500000,0.000000,4,5,5,6,7,8,9,10,17,17,17,9452,0,4,4.156240901440148,1.9008000017493032,44.313999998848885,83.99555649597968

1790042710,200,,Aggregated,197.100000,0.000000,5,6,6,7,8,10,11,13,28,34,34,21814,0,5,5.13009296327206,1.7956000010599382,313.4501000022283,23919.59003392317

1790042711,200,GET,[GET] /actuator/health,29.300000,0.000000,4,5,6,7,8,10,12,13,23,23,23,3147,0,4,4.77129068967608,2.2581000011996366,50.14140000275802,49.0

1790042711,200,GET,[GET] /api/soporte/election/status,26.500000,0.000000,4,5,5,6,7,9,9,11,15,15,15,3114,0,4,4.2704395311495595,1.7956000010599382,24.966900004073977,78.0

1790042711,200,GET,[GET] /api/soporte/tickets,56.600000,0.000000,6,7,8,9,10,11,14,17,34,34,34,6213,0,6,7.234447513273193,3.8483999960590154,313.4501000022283,84567.0

1790042711,200,GET,[GET] /health,84.300000,0.000000,4,5,5,6,7,8,9,10,17,17,17,9536,0,4,4.1598656355305845,1.9008000017493032,44.313999998848885,83.99559563758389

1790042711,200,,Aggregated,196.700000,0.000000,5,6,6,7,8,10,12,13,28,34,34,22010,0,5,5.130826969595473,1.7956000010599382,313.4501000022283,23926.07214902317

1790042712,200,GET,[GET] /actuator/health,30.700000,0.000000,4,5,6,6,8,10,12,13,23,23,23,3180,0,4,4.767177735975451,2.2581000011996366,50.14140000275802,49.0

1790042712,200,GET,[GET] /api/soporte/election/status,26.900000,0.000000,4,5,6,6,7,9,10,12,15,15,15,3144,0,4,4.275563963099317,1.7956000010599382,24.966900004073977,78.0

1790042712,200,GET,[GET] /api/soporte/tickets,56.700000,0.000000,6,7,8,9,10,12,16,18,34,34,34,6262,0,6,7.240401916316312,3.8483999960590154,313.4501000022283,84567.0

1790042712,200,GET,[GET] /health,83.400000,0.000000,4,5,5,6,7,8,10,10,17,17,17,9633,0,4,4.162950358188999,1.9008000017493032,44.313999998848885,83.99563998754282

1790042712,200,,Aggregated,197.700000,0.000000,5,6,7,7,9,10,12,14,28,34,34,22219,0,5,5.132683554651135,1.7956000010599382,313.4501000022283,23888.056888248797

1790042713,200,GET,[GET] /actuator/health,30.000000,0.000000,4,5,6,6,7,9,12,13,23,23,23,3212,0,4,4.764823318937023,2.2581000011996366,50.14140000275802,49.0

1790042713,200,GET,[GET] /api/soporte/election/status,26.100000,0.000000,4,5,5,6,7,8,11,12,15,15,15,3167,0,4,4.278596495096958,1.7956000010599382,24.966900004073977,78.0

1790042713,200,GET,[GET] /api/soporte/tickets,55.800000,0.000000,6,7,8,9,10,12,16,18,34,34,34,6315,0,6,7.24625224069334,3.7642000024789013,313.4501000022283,84567.0

1790042713,200,GET,[GET] /health,84.600000,0.000000,4,5,5,6,7,8,10,12,17,17,17,9725,0,4,4.165472051457641,1.9008000017493032,44.313999998848885,83.99568123393315

1790042713,200,,Aggregated,196.500000,0.000000,5,6,6,7,9,10,12,14,28,34,34,22419,0,5,5.135118702921709,1.7956000010599382,313.4501000022283,23875.36808064588

1790042714,200,GET,[GET] /actuator/health,29.800000,0.000000,4,5,6,6,7,9,12,13,23,23,23,3238,0,4,4.767050432491453,2.2581000011996366,50.14140000275802,49.0

1790042714,200,GET,[GET] /api/soporte/election/status,25.700000,0.000000,4,5,5,6,7,8,11,12,15,15,15,3192,0,4,4.277356328305161,1.7956000010599382,24.966900004073977,78.0

1790042714,200,GET,[GET] /api/soporte/tickets,56.500000,0.000000,7,8,9,9,10,13,17,21,36,36,36,6382,0,6,7.265365465368328,3.7642000024789013,313.4501000022283,84567.0

1790042714,200,GET,[GET] /health,85.200000,0.000000,4,5,5,6,7,8,10,13,36,36,36,9811,0,4,4.170744603043868,1.9008000017493032,44.313999998848885,83.99571909081644

1790042714,200,,Aggregated,197.200000,0.000000,5,6,6,7,9,10,13,16,36,36,36,22623,0,5,5.144135101480859,1.7956000010599382,313.4501000022283,23910.989435530213

1790042715,200,GET,[GET] /actuator/health,29.900000,0.000000,4,5,6,6,7,9,12,13,19,19,19,3266,0,4,4.778680649242283,2.2581000011996366,50.14140000275802,49.0

1790042715,200,GET,[GET] /api/soporte/election/status,26.500000,0.000000,4,5,5,6,7,8,10,12,15,15,15,3218,0,4,4.283918272202211,1.7956000010599382,24.966900004073977,78.0

1790042715,200,GET,[GET] /api/soporte/tickets,55.700000,0.000000,7,8,9,9,11,13,18,20,36,36,36,6431,0,6,7.272896392471876,3.7642000024789013,313.4501000022283,84567.0

1790042715,200,GET,[GET] /health,86.900000,0.000000,4,5,5,6,7,8,10,13,36,36,36,9910,0,4,4.180232835564702,1.9008000017493032,44.313999998848885,83.99576185671039

1790042715,200,,Aggregated,199.000000,0.000000,5,6,7,7,9,10,13,17,36,36,36,22825,0,5,5.1518477152597955,1.7956000010599382,313.4501000022283,23881.437590361445

1790042716,200,GET,[GET] /actuator/health,29.500000,0.000000,4,5,6,7,8,9,12,12,19,19,19,3294,0,4,4.7842764117816206,2.2581000011996366,50.14140000275802,49.0

1790042716,200,GET,[GET] /api/soporte/election/status,26.200000,0.000000,4,5,5,6,7,9,10,12,15,15,15,3239,0,4,4.2833861685594306,1.7956000010599382,24.966900004073977,78.0

1790042716,200,GET,[GET] /api/soporte/tickets,56.100000,0.000000,7,8,9,9,11,13,18,20,36,36,36,6490,0,6,7.270084268104105,3.7642000024789013,313.4501000022283,84567.0

1790042716,200,GET,[GET] /health,88.400000,0.000000,4,5,5,6,7,9,11,13,36,36,36,9992,0,4,4.185854473627064,1.9008000017493032,44.313999998848885,83.99579663730985

1790042716,200,,Aggregated,200.200000,0.000000,5,6,7,7,9,10,13,17,36,36,36,23015,0,5,5.15495107976754,1.7956000010599382,313.4501000022283,23901.50614816424

1790042717,200,GET,[GET] /actuator/health,29.700000,0.000000,4,5,6,6,7,9,11,12,19,19,19,3324,0,4,4.78117358616102,2.2581000011996366,50.14140000275802,49.0

1790042717,200,GET,[GET] /api/soporte/election/status,25.700000,0.000000,4,5,5,6,7,8,11,12,15,15,15,3271,0,4,4.2880169367031185,1.7956000010599382,24.966900004073977,78.0

1790042717,200,GET,[GET] /api/soporte/tickets,54.200000,0.000000,7,8,9,9,11,13,18,20,36,36,36,6545,0,6,7.268504675325799,3.7642000024789013,313.4501000022283,84567.0

1790042717,200,GET,[GET] /health,88.700000,0.000000,4,5,5,6,7,9,11,13,36,36,36,10091,0,4,4.185048280692381,1.9008000017493032,44.313999998848885,83.99583787533446

1790042717,200,,Aggregated,198.300000,0.000000,5,6,7,7,9,10,13,17,36,36,36,23231,0,5,5.153562468289325,1.7956000010599382,313.4501000022283,23880.015109121432

1790042718,200,GET,[GET] /actuator/health,28.900000,0.000000,4,5,6,6,7,9,12,13,19,19,19,3353,0,4,4.781664390210031,2.2581000011996366,50.14140000275802,49.0

1790042718,200,GET,[GET] /api/soporte/election/status,25.900000,0.000000,4,5,5,6,7,9,11,12,15,15,15,3299,0,4,4.287699120927028,1.7956000010599382,24.966900004073977,78.0

1790042718,200,GET,[GET] /api/soporte/tickets,54.600000,0.000000,7,7,9,9,11,13,17,19,36,36,36,6600,0,6,7.2654997121208,3.7642000024789013,313.4501000022283,84567.0

1790042718,200,GET,[GET] /health,88.300000,0.000000,4,5,5,6,7,9,11,13,36,36,36,10173,0,4,4.182467335141145,1.9008000017493032,44.313999998848885,83.99557652609849

1790042718,200,,Aggregated,197.700000,0.000000,5,6,6,7,9,10,13,17,36,36,36,23425,0,5,5.151700251897573,1.7956000010599382,313.4501000022283,23881.251056563502

1790042719,200,GET,[GET] /actuator/health,28.200000,0.000000,4,5,6,6,7,9,12,13,19,19,19,3384,0,4,4.772733894910948,2.2581000011996366,50.14140000275802,49.0

1790042719,200,GET,[GET] /api/soporte/election/status,26.500000,0.000000,4,5,5,6,7,9,10,12,15,15,15,3334,0,4,4.284424745028538,1.7956000010599382,24.966900004073977,78.0

1790042719,200,GET,[GET] /api/soporte/tickets,54.500000,0.000000,7,7,9,9,11,13,17,19,36,36,36,6657,0,6,7.257102583746791,3.7642000024789013,313.4501000022283,84567.0

1790042719,200,GET,[GET] /health,89.800000,0.000000,4,5,5,6,7,9,11,13,36,36,36,10254,0,4,4.18022590212622,1.9008000017493032,44.313999998848885,83.99531889994148

1790042719,200,,Aggregated,199.000000,0.000000,5,6,6,7,9,10,13,17,36,36,36,23629,0,5,5.1466321850568555,1.7956000010599382,313.4501000022283,23879.541030090142

1790042720,200,GET,[GET] /actuator/health,28.500000,0.000000,4,5,6,6,8,9,12,13,19,19,19,3412,0,4,4.773557913366349,2.2581000011996366,50.14140000275802,49.0

1790042720,200,GET,[GET] /api/soporte/election/status,26.200000,0.000000,4,5,5,6,7,9,11,12,20,20,20,3370,0,4,4.286155163188094,1.7956000010599382,24.966900004073977,78.0

1790042720,200,GET,[GET] /api/soporte/tickets,55.700000,0.000000,7,7,9,9,11,13,17,19,36,36,36,6706,0,6,7.25338398448871,3.7642000024789013,313.4501000022283,84567.0

1790042720,200,GET,[GET] /health,89.200000,0.000000,4,5,5,6,7,9,11,13,36,36,36,10346,0,4,4.181481577462377,1.9008000017493032,44.313999998848885,83.99536052580707

1790042720,200,,Aggregated,199.600000,0.000000,5,6,7,7,9,10,13,17,36,36,36,23834,0,5,5.145360573162579,1.7956000010599382,313.4501000022283,23848.50910464043

1790042721,200,GET,[GET] /actuator/health,29.300000,0.000000,4,5,6,6,8,9,12,14,19,19,19,3438,0,4,4.779302937875981,2.2581000011996366,50.14140000275802,49.0

1790042721,200,GET,[GET] /api/soporte/election/status,27.100000,0.000000,4,5,5,6,7,8,10,11,20,20,20,3398,0,4,4.289016421412573,1.7956000010599382,24.966900004073977,78.0

1790042721,200,GET,[GET] /api/soporte/tickets,56.000000,0.000000,7,7,9,9,11,12,15,19,36,36,36,6761,0,6,7.259318444013891,3.7642000024789013,313.4501000022283,84567.0

1790042721,200,GET,[GET] /health,88.700000,0.000000,4,5,5,6,7,8,10,13,36,36,36,10435,0,4,4.183195333056401,1.9008000017493032,44.313999998848885,83.9951126018208

1790042721,200,,Aggregated,201.100000,0.000000,5,6,7,7,9,10,13,15,36,36,36,24032,0,5,5.148852222070531,1.7956000010599382,313.4501000022283,23846.017060585884

1790042722,200,GET,[GET] /actuator/health,28.500000,0.000000,4,5,6,6,8,9,12,14,19,19,19,3459,0,4,4.776076091479078,2.2581000011996366,50.14140000275802,49.0

1790042722,200,GET,[GET] /api/soporte/election/status,28.200000,0.000000,4,5,5,6,7,8,10,11,20,20,20,3422,0,4,4.290332144921523,1.7956000010599382,24.966900004073977,78.0

1790042722,200,GET,[GET] /api/soporte/tickets,55.000000,0.000000,7,8,9,9,11,12,15,19,36,36,36,6817,0,6,7.257934208593018,3.7642000024789013,313.4501000022283,84567.0

1790042722,200,GET,[GET] /health,88.900000,0.000000,4,5,5,6,7,9,11,13,36,36,36,10536,0,4,4.187839274906496,1.9008000017493032,44.313999998848885,83.99515945330296

1790042722,200,,Aggregated,200.600000,0.000000,5,6,7,7,9,11,13,16,36,36,36,24234,0,5,5.149887591843733,1.7956000010599382,313.4501000022283,23843.138524387225

1790042723,200,GET,[GET] /actuator/health,28.600000,0.000000,4,5,6,7,8,10,12,14,19,19,19,3486,0,4,4.780997102820507,2.2581000011996366,50.14140000275802,49.0

1790042723,200,GET,[GET] /api/soporte/election/status,28.000000,0.000000,4,5,5,6,7,9,10,11,20,20,20,3451,0,4,4.298036105462361,1.7956000010599382,24.966900004073977,78.0

1790042723,200,GET,[GET] /api/soporte/tickets,55.200000,0.000000,7,7,8,9,11,12,14,19,36,36,36,6877,0,6,7.2624819834210514,3.7642000024789013,313.4501000022283,84567.0

1790042723,200,GET,[GET] /health,89.000000,0.000000,4,5,5,6,7,9,11,14,36,36,36,10625,0,4,4.195649637687294,1.9008000017493032,44.313999998848885,83.9952

1790042723,200,,Aggregated,200.800000,0.000000,5,6,6,7,9,11,12,15,36,36,36,24439,0,5,5.156591697728915,1.7956000010599382,313.4501000022283,23851.209132943248

1790042724,200,GET,[GET] /actuator/health,28.400000,0.000000,4,5,6,6,8,9,11,14,19,19,19,3505,0,4,4.779141112818607,2.2581000011996366,50.14140000275802,49.0

1790042724,200,GET,[GET] /api/soporte/election/status,27.700000,0.000000,4,5,5,6,7,8,10,11,20,20,20,3473,0,4,4.300819694771095,1.7956000010599382,24.966900004073977,78.0

1790042724,200,GET,[GET] /api/soporte/tickets,54.800000,0.000000,6,7,8,9,11,12,13,16,23,23,23,6936,0,6,7.260333362168367,3.7642000024789013,313.4501000022283,84567.0

1790042724,200,GET,[GET] /health,89.600000,0.000000,4,5,5,6,7,9,11,13,30,30,30,10715,0,4,4.195400457340461,1.9008000017493032,44.313999998848885,83.99524031731218

1790042724,200,,Aggregated,200.500000,0.000000,5,6,6,7,9,10,12,14,24,30,30,24629,0,5,5.156483190579076,1.7956000010599382,313.4501000022283,23870.20829103902

1790042725,200,GET,[GET] /actuator/health,27.100000,0.000000,4,5,6,6,8,10,13,16,19,19,19,3535,0,4,4.789465629534211,2.2581000011996366,50.14140000275802,49.0

1790042725,200,GET,[GET] /api/soporte/election/status,27.800000,0.000000,4,5,5,6,7,8,10,11,20,20,20,3504,0,4,4.300598230573701,1.7956000010599382,24.966900004073977,78.0

1790042725,200,GET,[GET] /api/soporte/tickets,55.600000,0.000000,7,7,8,9,11,12,13,15,21,21,21,6995,0,6,7.271190421725715,3.7642000024789013,313.4501000022283,84567.0

1790042725,200,GET,[GET] /health,88.300000,0.000000,4,5,5,6,7,8,11,14,30,30,30,10815,0,4,4.202669533092037,1.8599999966681935,44.313999998848885,83.99528432732316

1790042725,200,,Aggregated,198.800000,0.000000,5,6,6,7,9,10,12,15,24,30,30,24849,0,5,5.163745229212259,1.7956000010599382,313.4501000022283,23860.15940279287

1790042726,200,GET,[GET] /actuator/health,26.800000,0.000000,4,5,5,6,7,10,12,16,19,19,19,3568,0,4,4.789318918275331,2.2581000011996366,50.14140000275802,49.0

1790042726,200,GET,[GET] /api/soporte/election/status,27.600000,0.000000,4,5,5,6,7,8,10,11,20,20,20,3536,0,4,4.305535435503779,1.7956000010599382,24.966900004073977,78.0

1790042726,200,GET,[GET] /api/soporte/tickets,54.700000,0.000000,7,8,8,9,11,12,14,16,21,21,21,7050,0,6,7.274996368792436,3.7642000024789013,313.4501000022283,84567.0

1790042726,200,GET,[GET] /health,89.800000,0.000000,4,5,5,5,7,8,11,14,30,30,30,10894,0,4,4.2038110336348495,1.8599999966681935,44.313999998848885,83.99531852395815

1790042726,200,,Aggregated,198.900000,0.000000,5,6,6,7,9,11,13,15,24,30,30,25048,0,5,5.165989500189735,1.7956000010599382,313.4501000022283,23856.71650431172

1790042727,200,GET,[GET] /actuator/health,26.600000,0.000000,4,5,5,6,8,10,12,16,19,19,19,3595,0,4,4.794108456299658,2.2581000011996366,50.14140000275802,49.0

1790042727,200,GET,[GET] /api/soporte/election/status,28.400000,0.000000,4,5,5,6,7,8,11,11,20,20,20,3574,0,4,4.305937325109488,1.7956000010599382,24.966900004073977,78.0

1790042727,200,GET,[GET] /api/soporte/tickets,55.700000,0.000000,7,8,8,9,11,13,15,16,21,21,21,7108,0,6,7.2762927405737825,3.7642000024789013,313.4501000022283,84567.0

1790042727,200,GET,[GET] /health,89.400000,0.000000,4,5,5,6,7,9,11,14,30,30,30,10977,0,4,4.209700145797578,1.8599999966681935,44.313999998848885,83.99535392183657

1790042727,200,,Aggregated,200.100000,0.000000,5,6,6,7,9,11,13,15,24,30,30,25254,0,5,5.169636778362123,1.7956000010599382,313.4501000022283,23856.78229191415

1790042728,200,GET,[GET] /actuator/health,26.700000,0.000000,4,5,6,7,9,11,13,16,19,19,19,3625,0,4,4.808095613901969,2.2581000011996366,50.14140000275802,49.0

1790042728,200,GET,[GET] /api/soporte/election/status,28.700000,0.000000,4,5,5,6,7,8,11,11,20,20,20,3600,0,4,4.3039437222068955,1.7956000010599382,24.966900004073977,78.0

1790042728,200,GET,[GET] /api/soporte/tickets,55.600000,0.000000,7,8,9,9,12,13,16,17,23,23,23,7166,0,6,7.286175537260278,3.7642000024789013,313.4501000022283,84567.0

1790042728,200,GET,[GET] /health,89.400000,0.000000,4,5,5,6,7,9,12,14,30,30,30,11053,0,4,4.213712611999571,1.8599999966681935,44.313999998848885,83.99538586809011

1790042728,200,,Aggregated,200.400000,0.000000,5,6,7,7,9,11,14,16,24,30,30,25444,0,5,5.176483391006833,1.7956000010599382,313.4501000022283,23871.794843578053

1790042729,200,GET,[GET] /actuator/health,27.400000,0.000000,4,5,6,7,10,12,14,17,19,19,19,3649,0,4,4.8222070979452125,2.2581000011996366,50.14140000275802,49.0

1790042729,200,GET,[GET] /api/soporte/election/status,29.800000,0.000000,4,5,5,6,7,9,11,11,16,16,16,3626,0,4,4.310445421939769,1.7956000010599382,24.966900004073977,78.0

1790042729,200,GET,[GET] /api/soporte/tickets,55.200000,0.000000,7,8,9,10,12,14,17,17,23,23,23,7224,0,6,7.2965204180532925,3.7642000024789013,313.4501000022283,84567.0

1790042729,200,GET,[GET] /health,88.400000,0.000000,4,5,6,6,8,10,12,16,30,30,30,11146,0,4,4.2249625785388085,1.8599999966681935,44.313999998848885,83.9954243674861

1790042729,200,,Aggregated,200.800000,0.000000,5,6,7,7,10,12,15,17,24,30,30,25645,0,5,5.187264776789481,1.7956000010599382,313.4501000022283,23876.383310586858

1790042730,200,GET,[GET] /actuator/health,27.100000,0.000000,4,5,6,7,10,12,13,16,19,19,19,3679,0,4,4.826426746514956,2.2581000011996366,50.14140000275802,49.0

1790042730,200,GET,[GET] /api/soporte/election/status,29.900000,0.000000,4,5,5,6,7,9,10,11,16,16,16,3655,0,4,4.312320218864088,1.7956000010599382,24.966900004073977,78.0

1790042730,200,GET,[GET] /api/soporte/tickets,55.900000,0.000000,7,8,9,10,12,14,17,17,23,23,23,7274,0,6,7.294599780041724,3.7642000024789013,313.4501000022283,84567.0

1790042730,200,GET,[GET] /health,87.600000,0.000000,4,5,6,6,8,10,12,16,30,30,30,11232,0,4,4.227268643193839,1.8599999966681935,44.313999998848885,83.9954594017094

1790042730,200,,Aggregated,200.500000,0.000000,5,6,7,7,10,12,14,16,24,30,30,25840,0,5,5.1880632585430915,1.7956000010599382,313.4501000022283,23860.26145510836

1790042731,200,GET,[GET] /actuator/health,27.000000,0.000000,5,5,7,7,10,12,13,16,19,19,19,3703,0,4,4.8287321902299745,2.2581000011996366,50.14140000275802,49.0

1790042731,200,GET,[GET] /api/soporte/election/status,29.700000,0.000000,4,5,6,6,7,9,11,12,16,16,16,3685,0,4,4.319450583434038,1.7956000010599382,24.966900004073977,78.0

1790042731,200,GET,[GET] /api/soporte/tickets,55.900000,0.000000,7,8,9,9,12,14,17,18,42,42,42,7346,0,6,7.291715818140372,3.7642000024789013,313.4501000022283,84567.0

1790042731,200,GET,[GET] /health,87.500000,0.000000,4,5,6,6,8,10,14,16,40,40,40,11314,0,4,4.232661879123239,1.8599999966681935,44.313999998848885,83.99549231041188

1790042731,200,,Aggregated,200.100000,0.000000,5,6,7,7,10,12,15,17,40,42,42,26048,0,5,5.1923852733736,1.7956000010599382,313.4501000022283,23903.88452088452

1790042732,200,GET,[GET] /actuator/health,26.800000,0.000000,5,5,6,7,10,12,13,16,19,19,19,3723,0,4,4.823681251792937,2.2581000011996366,50.14140000275802,49.0

1790042732,200,GET,[GET] /api/soporte/election/status,28.500000,0.000000,4,5,6,6,7,9,11,12,16,16,16,3718,0,4,4.317234938124574,1.7956000010599382,24.966900004073977,78.0

1790042732,200,GET,[GET] /api/soporte/tickets,56.500000,0.000000,7,8,8,9,12,14,17,18,42,42,42,7407,0,6,7.286935250445649,3.7642000024789013,313.4501000022283,84567.0

1790042732,200,GET,[GET] /health,88.400000,0.000000,4,5,6,6,8,10,13,16,40,40,40,11394,0,4,4.235144971074867,1.8599999966681935,44.313999998848885,83.99552395997894

1790042732,200,,Aggregated,200.200000,0.000000,5,6,7,7,9,12,15,17,40,42,42,26242,0,5,5.191662830609337,1.7956000010599382,313.4501000022283,23924.13859461931

1790042733,200,GET,[GET] /actuator/health,26.300000,0.000000,5,6,7,7,10,12,13,16,19,19,19,3753,0,4,4.829157527423305,2.2581000011996366,50.14140000275802,49.0

1790042733,200,GET,[GET] /api/soporte/election/status,28.500000,0.000000,4,5,6,6,7,9,11,12,16,16,16,3748,0,4,4.325173132319047,1.7956000010599382,24.966900004073977,78.0

1790042733,200,GET,[GET] /api/soporte/tickets,56.600000,0.000000,7,8,8,9,12,14,16,17,42,42,42,7460,0,6,7.287319477214457,3.7642000024789013,313.4501000022283,84567.0

1790042733,200,GET,[GET] /health,87.700000,0.000000,4,5,6,6,8,10,12,16,40,40,40,11475,0,4,4.237603799602035,1.8599999966681935,44.313999998848885,83.99555555555555

1790042733,200,,Aggregated,199.100000,0.000000,5,6,7,7,9,12,15,16,40,42,42,26436,0,5,5.194601452595123,1.7956000010599382,313.4501000022283,23918.516795279163

1790042734,200,GET,[GET] /actuator/health,25.900000,0.000000,4,5,6,7,9,12,13,13,18,18,18,3777,0,4,4.824793672332347,2.2581000011996366,50.14140000275802,49.0

1790042734,200,GET,[GET] /api/soporte/election/status,29.300000,0.000000,4,5,6,6,7,10,11,12,16,16,16,3772,0,4,4.327035551413249,1.7956000010599382,24.966900004073977,78.0

1790042734,200,GET,[GET] /api/soporte/tickets,57.600000,0.000000,7,8,8,9,12,14,16,17,42,42,42,7522,0,6,7.2922836878506345,3.7642000024789013,313.4501000022283,84567.0

1790042734,200,GET,[GET] /health,86.300000,0.000000,4,5,6,6,8,10,12,14,40,40,40,11565,0,4,4.24308199744567,1.8599999966681935,44.313999998848885,83.99559014267186

1790042734,200,,Aggregated,199.100000,0.000000,5,6,7,7,9,11,14,16,40,42,42,26636,0,5,5.198551772067941,1.7956000010599382,313.4501000022283,23936.164288932272

1790042735,200,GET,[GET] /actuator/health,25.900000,0.000000,4,5,6,7,9,12,13,13,18,18,18,3808,0,4,4.823539023215492,2.2581000011996366,50.14140000275802,49.0

1790042735,200,GET,[GET] /api/soporte/election/status,29.400000,0.000000,4,5,6,6,7,9,10,12,16,16,16,3799,0,4,4.328159515636969,1.7956000010599382,24.966900004073977,78.0

1790042735,200,GET,[GET] /api/soporte/tickets,58.000000,0.000000,6,8,8,9,11,14,16,17,42,42,42,7576,0,6,7.291013344773037,3.7642000024789013,313.4501000022283,84567.0

1790042735,200,GET,[GET] /health,85.500000,0.000000,4,5,6,6,8,10,12,14,40,40,40,11651,0,4,4.2438786885655535,1.8599999966681935,44.313999998848885,83.99562269333104

1790042735,200,,Aggregated,198.800000,0.000000,5,6,7,7,9,11,14,16,40,42,42,26834,0,5,5.198362610896148,1.7956000010599382,313.4501000022283,23930.131139599016

1790042736,200,GET,[GET] /actuator/health,26.500000,0.000000,5,5,6,7,9,12,13,13,18,18,18,3836,0,4,4.822698905213983,2.2581000011996366,50.14140000275802,49.0

1790042736,200,GET,[GET] /api/soporte/election/status,30.000000,0.000000,4,5,6,6,7,9,10,12,16,16,16,3838,0,4,4.326703126598673,1.7956000010599382,24.966900004073977,78.0

1790042736,200,GET,[GET] /api/soporte/tickets,58.000000,0.000000,7,8,8,9,11,13,16,17,42,42,42,7628,0,6,7.286485487673691,3.7642000024789013,313.4501000022283,84567.0

1790042736,200,GET,[GET] /health,83.500000,0.000000,4,5,6,6,8,10,12,15,40,40,40,11730,0,4,4.2449295737833035,1.8599999966681935,44.313999998848885,83.99565217391304

1790042736,200,,Aggregated,198.000000,0.000000,5,6,7,7,9,11,14,16,40,42,42,27032,0,5,5.19680729508507,1.7956000010599382,313.4501000022283,23917.93700059189

1790042737,200,GET,[GET] /actuator/health,26.700000,0.000000,4,5,6,7,8,10,13,13,18,18,18,3861,0,4,4.823011706915819,2.2581000011996366,50.14140000275802,49.0

1790042737,200,GET,[GET] /api/soporte/election/status,29.100000,0.000000,4,5,6,6,7,9,10,12,16,16,16,3862,0,4,4.326953676816182,1.7956000010599382,24.966900004073977,78.0

1790042737,200,GET,[GET] /api/soporte/tickets,58.800000,0.000000,6,7,8,9,11,12,15,17,42,42,42,7697,0,6,7.283822411326633,3.7642000024789013,313.4501000022283,84567.0

1790042737,200,GET,[GET] /health,84.900000,0.000000,4,5,6,6,7,9,12,16,40,40,40,11817,0,4,4.243961546961098,1.8599999966681935,44.313999998848885,83.995684183803

1790042737,200,,Aggregated,199.500000,0.000000,5,6,7,7,9,11,13,16,40,42,42,27237,0,5,5.196857877177607,1.7956000010599382,313.4501000022283,23952.53519110034

1790042738,200,GET,[GET] /actuator/health,27.100000,0.000000,4,5,6,6,8,9,10,12,13,13,13,3887,0,4,4.822792204888475,2.2581000011996366,50.14140000275802,49.0

1790042738,200,GET,[GET] /api/soporte/election/status,30.300000,0.000000,4,5,6,6,7,9,10,10,12,12,12,3887,0,4,4.327437046530945,1.7956000010599382,24.966900004073977,78.0

1790042738,200,GET,[GET] /api/soporte/tickets,58.300000,0.000000,6,7,8,8,10,11,13,15,42,42,42,7757,0,6,7.27944134329785,3.7642000024789013,313.4501000022283,84567.0

1790042738,200,GET,[GET] /health,83.300000,0.000000,4,5,5,6,7,8,10,12,40,40,40,11899,0,4,4.24483557445785,1.8599999966681935,44.313999998848885,83.99571392553996

1790042738,200,,Aggregated,199.000000,0.000000,5,6,6,7,8,10,11,13,40,42,42,27430,0,5,5.196604670094884,1.7956000010599382,313.4501000022283,23969.35227852716

1790042739,200,GET,[GET] /actuator/health,25.900000,0.000000,4,5,6,6,8,9,12,13,16,16,16,3915,0,4,4.826702017981308,2.2581000011996366,50.14140000275802,49.0

1790042739,200,GET,[GET] /api/soporte/election/status,29.200000,0.000000,4,5,6,6,8,9,10,10,12,12,12,3916,0,4,4.330983733364894,1.7956000010599382,24.966900004073977,78.0

1790042739,200,GET,[GET] /api/soporte/tickets,58.800000,0.000000,6,7,8,9,10,12,14,18,42,42,42,7829,0,6,7.29027753224493,3.7642000024789013,313.4501000022283,84567.0

1790042739,200,GET,[GET] /health,83.800000,0.000000,4,5,5,6,7,8,10,12,40,40,40,11978,0,4,4.246870913382768,1.8599999966681935,44.313999998848885,83.99549173484722

1790042739,200,,Aggregated,197.700000,0.000000,5,6,7,7,9,10,12,14,40,42,42,27638,0,5,5.203027473069618,1.7956000010599382,313.4501000022283,24009.63977132933

1790042740,200,GET,[GET] /actuator/health,25.800000,0.000000,4,5,5,6,7,9,10,13,16,16,16,3940,0,4,4.8242654061921595,2.2581000011996366,50.14140000275802,49.0

1790042740,200,GET,[GET] /api/soporte/election/status,28.500000,0.000000,4,5,6,6,7,8,9,10,12,12,12,3939,0,4,4.327416120806025,1.7956000010599382,24.966900004073977,78.0

1790042740,200,GET,[GET] /api/soporte/tickets,58.800000,0.000000,6,7,8,8,10,11,13,15,35,35,35,7888,0,6,7.281772578596079,3.7642000024789013,313.4501000022283,84567.0

1790042740,200,GET,[GET] /health,84.000000,0.000000,4,5,5,6,7,8,10,11,29,29,29,12067,0,4,4.245432974267254,1.8599999966681935,44.313999998848885,83.99552498549764

1790042740,200,,Aggregated,197.100000,0.000000,5,6,6,7,8,10,12,13,34,35,35,27834,0,5,5.199452453858621,1.7956000010599382,313.4501000022283,24020.204498095853

1790042741,200,GET,[GET] /actuator/health,25.900000,0.000000,4,5,5,6,7,9,10,13,16,16,16,3960,0,4,4.819494065760418,2.2581000011996366,50.14140000275802,49.0

1790042741,200,GET,[GET] /api/soporte/election/status,28.100000,0.000000,4,5,5,6,7,8,9,10,12,12,12,3969,0,4,4.3255955152004795,1.7956000010599382,24.966900004073977,78.0

1790042741,200,GET,[GET] /api/soporte/tickets,59.600000,0.000000,6,7,8,8,10,11,13,15,35,35,35,7946,0,6,7.272910042786622,3.7642000024789013,313.4501000022283,84567.0

1790042741,200,GET,[GET] /health,84.300000,0.000000,4,5,5,6,7,8,10,11,29,29,29,12148,0,4,4.244607120556331,1.8599999966681935,44.313999998848885,83.99555482383931

1790042741,200,,Aggregated,197.900000,0.000000,5,6,6,7,8,10,12,13,34,35,35,28023,0,5,5.196000271232301,1.7956000010599382,313.4501000022283,24033.59319130714

1790042742,200,GET,[GET] /actuator/health,25.800000,0.000000,4,5,5,6,7,9,10,13,16,16,16,3995,0,4,4.815843729765253,2.2581000011996366,50.14140000275802,49.0

1790042742,200,GET,[GET] /api/soporte/election/status,28.200000,0.000000,4,5,5,6,7,8,9,10,12,12,12,3995,0,4,4.328512540633484,1.7956000010599382,24.966900004073977,78.0

1790042742,200,GET,[GET] /api/soporte/tickets,60.100000,0.000000,6,7,8,8,10,11,13,15,35,35,35,8000,0,6,7.26990437499262,3.7642000024789013,313.4501000022283,84567.0

1790042742,200,GET,[GET] /health,82.800000,0.000000,4,5,5,6,7,8,10,10,29,29,29,12245,0,4,4.2443945365863796,1.8599999966681935,44.313999998848885,83.99559003674969

1790042742,200,,Aggregated,196.900000,0.000000,5,6,6,7,8,9,11,13,34,35,35,28235,0,5,5.19438814948412,1.7956000010599382,313.4501000022283,24015.29629891978

1790042743,200,GET,[GET] /actuator/health,25.800000,0.000000,4,5,5,6,7,9,10,14,16,16,16,4020,0,4,4.816215696621327,2.2581000011996366,50.14140000275802,49.0

1790042743,200,GET,[GET] /api/soporte/election/status,28.000000,0.000000,4,5,5,6,7,8,9,9,9,9,9,4026,0,4,4.331246348688686,1.7956000010599382,24.966900004073977,78.0

1790042743,200,GET,[GET] /api/soporte/tickets,60.400000,0.000000,6,7,8,8,10,11,13,17,35,35,35,8032,0,6,7.273206511446727,3.7642000024789013,313.4501000022283,84567.0

1790042743,200,GET,[GET] /health,83.400000,0.000000,4,5,5,6,6,8,9,10,29,29,29,12338,0,4,4.246358494122902,1.8599999966681935,44.313999998848885,83.99562327767872

1790042743,200,,Aggregated,197.600000,0.000000,5,6,6,7,8,9,11,13,34,35,35,28416,0,5,5.1945647065268465,1.7956000010599382,313.4501000022283,23957.963471283783

1790042744,200,GET,[GET] /actuator/health,26.600000,0.000000,4,5,5,6,7,9,10,15,16,16,16,4055,0,4,4.816767521678489,2.2581000011996366,50.14140000275802,49.0

1790042744,200,GET,[GET] /api/soporte/election/status,27.700000,0.000000,4,5,5,6,7,8,9,13,15,15,15,4054,0,4,4.3393904784937885,1.7956000010599382,24.966900004073977,78.0

1790042744,200,GET,[GET] /api/soporte/tickets,60.500000,0.000000,6,7,8,8,10,11,16,20,36,36,36,8095,0,6,7.2798856948681046,3.7642000024789013,313.4501000022283,84567.0

1790042744,200,GET,[GET] /health,83.500000,0.000000,4,4,5,5,6,8,9,10,29,29,29,12424,0,4,4.246597537065765,1.8599999966681935,44.313999998848885,83.99565357372826

1790042744,200,,Aggregated,198.300000,0.000000,5,6,6,7,8,9,12,15,35,36,36,28628,0,5,5.198207482209112,1.7956000010599382,313.4501000022283,23967.036956825486

1790042745,200,GET,[GET] /actuator/health,26.600000,0.000000,4,5,5,6,7,9,10,15,16,16,16,4080,0,4,4.81746980401701,2.2581000011996366,50.14140000275802,49.0

1790042745,200,GET,[GET] /api/soporte/election/status,27.900000,0.000000,4,5,6,6,7,8,13,15,21,21,21,4087,0,4,4.352366430100426,1.7956000010599382,24.966900004073977,78.0

1790042745,200,GET,[GET] /api/soporte/tickets,58.100000,0.000000,6,7,8,8,10,11,16,20,36,36,36,8150,0,6,7.276540036805859,3.7642000024789013,313.4501000022283,84567.0

1790042745,200,GET,[GET] /health,84.400000,0.000000,4,4,5,6,7,8,9,11,32,32,32,12503,0,4,4.252182868149766,1.8599999966681935,44.313999998848885,83.99568103655123

1790042745,200,,Aggregated,197.000000,0.000000,5,6,6,7,8,9,12,17,35,36,36,28820,0,5,5.201673910501531,1.7956000010599382,313.4501000022283,23969.11707147814

1790042746,200,GET,[GET] /actuator/health,27.400000,0.000000,4,5,5,6,7,9,10,15,16,16,16,4111,0,4,4.815844076954232,2.2581000011996366,50.14140000275802,49.0

1790042746,200,GET,[GET] /api/soporte/election/status,27.500000,0.000000,4,5,6,6,8,9,13,15,21,21,21,4108,0,4,4.352974732186997,1.7956000010599382,24.966900004073977,78.0

1790042746,200,GET,[GET] /api/soporte/tickets,57.100000,0.000000,7,8,8,9,10,11,16,20,36,36,36,8208,0,6,7.280828813351678,3.7642000024789013,313.4501000022283,84567.0

1790042746,200,GET,[GET] /health,86.900000,0.000000,4,5,5,6,7,8,10,13,32,32,32,12600,0,4,4.254840373054437,1.8599999966681935,44.313999998848885,83.99571428571429

1790042746,200,,Aggregated,198.900000,0.000000,5,6,6,7,8,10,13,17,35,36,36,29027,0,5,5.203844241590915,1.7956000010599382,313.4501000022283,23967.552451166157

1790042747,200,GET,[GET] /actuator/health,27.200000,0.000000,4,5,5,6,7,9,10,15,16,16,16,4144,0,4,4.815417157422059,2.2581000011996366,50.14140000275802,49.0

1790042747,200,GET,[GET] /api/soporte/election/status,29.100000,0.000000,4,5,6,6,8,9,13,15,21,21,21,4135,0,4,4.353629238168009,1.7956000010599382,24.966900004073977,78.0

1790042747,200,GET,[GET] /api/soporte/tickets,57.400000,0.000000,7,8,8,9,10,11,17,20,36,36,36,8258,0,6,7.281677900220849,3.7642000024789013,313.4501000022283,84567.0

1790042747,200,GET,[GET] /health,83.300000,0.000000,4,5,5,6,7,8,10,11,32,32,32,12690,0,4,4.255237202561069,1.8599999966681935,44.313999998848885,83.99574468085106

1790042747,200,,Aggregated,197.000000,0.000000,5,6,6,7,8,10,12,17,35,36,36,29227,0,5,5.2036952749411665,1.7956000010599382,313.4501000022283,23948.60156704417

1790042748,200,GET,[GET] /actuator/health,27.200000,0.000000,4,5,5,6,7,8,10,11,15,15,15,4174,0,4,4.815400599036156,2.2581000011996366,50.14140000275802,49.0

1790042748,200,GET,[GET] /api/soporte/election/status,26.900000,0.000000,4,5,6,6,7,9,13,15,21,21,21,4166,0,4,4.35709788761608,1.7956000010599382,24.966900004073977,78.0

1790042748,200,GET,[GET] /api/soporte/tickets,56.900000,0.000000,7,8,8,9,10,11,16,20,36,36,36,8324,0,6,7.281011196538446,3.7642000024789013,313.4501000022283,84567.0

1790042748,200,GET,[GET] /health,85.700000,0.000000,4,5,5,6,6,8,10,11,32,32,32,12773,0,4,4.256028301925097,1.8599999966681935,44.313999998848885,83.99577233226337

1790042748,200,,Aggregated,196.700000,0.000000,5,6,6,7,8,10,12,16,35,36,36,29437,0,5,5.205032394627876,1.7956000010599382,313.4501000022283,23967.729727893467

1790042749,200,GET,[GET] /actuator/health,28.300000,0.000000,4,5,6,6,7,8,9,11,15,15,15,4200,0,4,4.816166238186789,2.2581000011996366,50.14140000275802,49.0

1790042749,200,GET,[GET] /api/soporte/election/status,26.600000,0.000000,4,5,6,6,7,9,13,15,21,21,21,4190,0,4,4.358852147924194,1.7956000010599382,24.966900004073977,78.0

1790042749,200,GET,[GET] /api/soporte/tickets,56.300000,0.000000,7,7,8,9,10,11,15,18,36,36,36,8373,0,6,7.277929547356511,3.7642000024789013,313.4501000022283,84567.0

1790042749,200,GET,[GET] /health,85.900000,0.000000,4,5,5,6,6,8,10,11,32,32,32,12870,0,4,4.256513084733685,1.8599999966681935,44.313999998848885,83.9958041958042

1790042749,200,,Aggregated,197.100000,0.000000,5,6,6,7,8,9,11,15,32,36,36,29633,0,5,5.204026463764231,1.7956000010599382,313.4501000022283,23949.41912732427

1790042750,200,GET,[GET] /actuator/health,28.700000,0.000000,4,5,6,6,7,8,10,12,15,15,15,4228,0,4,4.813646192143202,2.2581000011996366,50.14140000275802,49.0

1790042750,200,GET,[GET] /api/soporte/election/status,27.400000,0.000000,4,5,6,6,8,9,13,15,21,21,21,4217,0,4,4.359354019394281,1.7956000010599382,24.966900004073977,78.0

1790042750,200,GET,[GET] /api/soporte/tickets,55.700000,0.000000,7,8,8,9,10,11,15,18,36,36,36,8427,0,6,7.27759578735349,3.7642000024789013,313.4501000022283,84567.0

1790042750,200,GET,[GET] /health,86.500000,0.000000,4,5,5,6,7,8,10,12,32,32,32,12956,0,4,4.257927091734979,1.8599999966681935,44.313999998848885,83.99583204692806

1790042750,200,,Aggregated,198.300000,0.000000,5,6,6,7,8,10,12,15,32,36,36,29828,0,5,5.204153650955927,1.7956000010599382,313.4501000022283,23946.307395735552

1790042751,200,GET,[GET] /actuator/health,28.200000,0.000000,4,5,5,6,7,8,10,12,15,15,15,4262,0,4,4.808415368459234,2.2581000011996366,50.14140000275802,49.0

1790042751,200,GET,[GET] /api/soporte/election/status,27.600000,0.000000,4,5,6,6,7,9,13,15,21,21,21,4243,0,4,4.357270940320315,1.7956000010599382,24.966900004073977,78.0

1790042751,200,GET,[GET] /api/soporte/tickets,54.800000,0.000000,7,7,8,9,10,11,15,20,36,36,36,8491,0,6,7.2754684371733465,3.7642000024789013,313.4501000022283,84567.0

1790042751,200,GET,[GET] /health,87.000000,0.000000,4,5,5,5,7,8,10,12,32,32,32,13027,0,4,4.255539564025298,1.8599999966681935,44.313999998848885,83.99585476318416

1790042751,200,,Aggregated,197.600000,0.000000,5,6,6,7,8,10,12,15,35,36,36,30023,0,5,5.20248753624717,1.7956000010599382,313.4501000022283,23971.368717316724

1790042752,200,GET,[GET] /actuator/health,29.000000,0.000000,4,5,5,6,7,8,10,12,15,15,15,4294,0,4,4.805328062494195,2.2581000011996366,50.14140000275802,49.0

1790042752,200,GET,[GET] /api/soporte/election/status,27.700000,0.000000,4,5,5,6,7,9,13,15,21,21,21,4273,0,4,4.354824830279357,1.7956000010599382,24.966900004073977,78.0

1790042752,200,GET,[GET] /api/soporte/tickets,53.700000,0.000000,7,8,8,9,10,11,15,20,36,36,36,8552,0,6,7.2723381431306855,3.7642000024789013,313.4501000022283,84567.0

1790042752,200,GET,[GET] /health,88.000000,0.000000,4,5,5,6,7,8,10,13,32,32,32,13108,0,4,4.258732041543297,1.8599999966681935,44.313999998848885,83.99588037839487

1790042752,200,,Aggregated,198.400000,0.000000,5,6,6,7,8,10,12,15,35,36,36,30227,0,5,5.202591742506267,1.7956000010599382,313.4501000022283,23980.60350018196

1790042753,200,GET,[GET] /actuator/health,29.100000,0.000000,4,5,5,6,7,9,10,12,15,15,15,4319,0,4,4.8100532531529465,2.2581000011996366,50.14140000275802,49.0

1790042753,200,GET,[GET] /api/soporte/election/status,27.400000,0.000000,4,5,5,6,8,10,14,16,21,21,21,4299,0,4,4.362246289782706,1.7956000010599382,24.966900004073977,78.0

1790042753,200,GET,[GET] /api/soporte/tickets,53.500000,0.000000,7,8,8,9,10,11,15,20,36,36,36,8615,0,6,7.2768558096431155,3.7642000024789013,313.4501000022283,84567.0

1790042753,200,GET,[GET] /health,87.800000,0.000000,4,5,5,6,7,9,11,13,32,32,32,13202,0,4,4.265179828855035,1.8599999966681935,44.313999998848885,83.9959097106499

1790042753,200,,Aggregated,197.800000,0.000000,5,6,7,7,9,10,12,15,35,36,36,30435,0,5,5.20870490227577,1.7956000010599382,313.4501000022283,23992.133136191886

1790042754,200,GET,[GET] /actuator/health,29.700000,0.000000,4,5,5,6,7,9,10,12,15,15,15,4349,0,4,4.808721499278707,2.2581000011996366,50.14140000275802,49.0

1790042754,200,GET,[GET] /api/soporte/election/status,27.500000,0.000000,4,5,5,6,8,9,14,16,21,21,21,4319,0,4,4.362238249546144,1.7956000010599382,24.966900004073977,78.0

1790042754,200,GET,[GET] /api/soporte/tickets,53.900000,0.000000,7,7,8,9,10,11,15,18,35,35,35,8678,0,6,7.281668264589063,3.7642000024789013,313.4501000022283,84567.0

1790042754,200,GET,[GET] /health,87.000000,0.000000,4,5,5,6,7,9,11,13,32,32,32,13287,0,4,4.265501979419915,1.8389999968349002,44.313999998848885,83.99593587717318

1790042754,200,,Aggregated,198.100000,0.000000,5,6,7,7,9,10,12,15,32,35,35,30633,0,5,5.2107099794603595,1.7956000010599382,313.4501000022283,24011.310123069892

1790042755,200,GET,[GET] /actuator/health,30.100000,0.000000,4,5,6,6,7,8,10,12,15,15,15,4384,0,4,4.813717427094055,2.2581000011996366,50.14140000275802,49.0

1790042755,200,GET,[GET] /api/soporte/election/status,27.000000,0.000000,4,5,5,6,7,9,10,11,16,16,16,4345,0,4,4.36023698499397,1.7956000010599382,24.966900004073977,78.0

1790042755,200,GET,[GET] /api/soporte/tickets,55.800000,0.000000,7,7,8,9,10,11,15,18,35,35,35,8722,0,6,7.278496273805093,3.7642000024789013,313.4501000022283,84567.0

1790042755,200,GET,[GET] /health,85.000000,0.000000,4,5,5,6,7,9,10,12,30,30,30,13378,0,4,4.265597062384204,1.8389999968349002,44.313999998848885,83.99596352220063

1790042755,200,,Aggregated,197.900000,0.000000,5,6,6,7,8,10,11,14,32,35,35,30829,0,5,5.209275970705603,1.7956000010599382,313.4501000022283,23979.72032826235

1790042756,200,GET,[GET] /actuator/health,29.100000,0.000000,4,5,5,6,7,8,10,12,15,15,15,4409,0,4,4.809976026399217,2.2581000011996366,50.14140000275802,49.0

1790042756,200,GET,[GET] /api/soporte/election/status,26.700000,0.000000,4,5,5,6,7,8,9,11,16,16,16,4378,0,4,4.358261009546314,1.7956000010599382,24.966900004073977,78.0

1790042756,200,GET,[GET] /api/soporte/tickets,58.000000,0.000000,7,7,8,9,10,11,15,18,35,35,35,8777,0,6,7.277692457575694,3.7642000024789013,313.4501000022283,84567.0

1790042756,200,GET,[GET] /health,84.700000,0.000000,4,5,5,6,7,8,10,11,30,30,30,13461,0,4,4.265423304403396,1.8389999968349002,44.313999998848885,83.99598841096501

1790042756,200,,Aggregated,198.500000,0.000000,5,6,6,7,8,10,11,14,32,35,35,31025,0,5,5.208084473840577,1.7956000010599382,313.4501000022283,23978.493279613216

1790042757,200,GET,[GET] /actuator/health,29.800000,0.000000,4,5,6,6,7,8,10,12,15,15,15,4441,0,4,4.810931231793698,2.2581000011996366,50.14140000275802,49.0

1790042757,200,GET,[GET] /api/soporte/election/status,25.800000,0.000000,4,5,5,6,7,9,10,11,16,16,16,4403,0,4,4.359181921376142,1.7956000010599382,24.966900004073977,78.0

1790042757,200,GET,[GET] /api/soporte/tickets,56.200000,0.000000,7,7,8,9,10,11,15,16,35,35,35,8833,0,6,7.279246575355674,3.7642000024789013,313.4501000022283,84567.0

1790042757,200,GET,[GET] /health,86.800000,0.000000,4,5,5,6,7,9,10,11,30,30,30,13550,0,4,4.2672455719966615,1.8389999968349002,44.313999998848885,83.9960147601476

1790042757,200,,Aggregated,198.600000,0.000000,5,6,6,7,8,10,12,14,32,35,35,31227,0,5,5.209516959710712,1.7956000010599382,313.4501000022283,23975.3898869568

1790042758,200,GET,[GET] /actuator/health,29.800000,0.000000,4,5,5,6,7,8,10,12,15,15,15,4469,0,4,4.808687491695566,2.2581000011996366,50.14140000275802,49.0

1790042758,200,GET,[GET] /api/soporte/election/status,26.500000,0.000000,4,4,5,6,7,8,10,11,16,16,16,4441,0,4,4.356242220177622,1.7956000010599382,24.966900004073977,78.0

1790042758,200,GET,[GET] /api/soporte/tickets,57.200000,0.000000,6,7,8,8,10,11,15,16,35,35,35,8889,0,6,7.2722794240218365,3.7642000024789013,313.4501000022283,84567.0

1790042758,200,GET,[GET] /health,86.200000,0.000000,4,5,5,6,7,8,10,11,30,30,30,13621,0,4,4.264804632595665,1.8389999968349002,44.313999998848885,83.99603553336759

1790042758,200,,Aggregated,199.700000,0.000000,5,6,6,7,8,10,12,14,32,35,35,31420,0,5,5.205929083415403,1.7956000010599382,313.4501000022283,23979.17097390197

1790042759,200,GET,[GET] /actuator/health,29.200000,0.000000,4,5,5,6,7,8,10,12,15,15,15,4494,0,4,4.809346061499776,2.2581000011996366,50.14140000275802,49.0

1790042759,200,GET,[GET] /api/soporte/election/status,27.000000,0.000000,4,4,5,6,7,8,10,11,16,16,16,4476,0,4,4.354860232302628,1.7956000010599382,24.966900004073977,78.0

1790042759,200,GET,[GET] /api/soporte/tickets,57.300000,0.000000,7,7,8,9,10,12,14,16,35,35,35,8946,0,6,7.272718935853029,3.7642000024789013,313.4501000022283,84567.0

1790042759,200,GET,[GET] /health,86.300000,0.000000,4,5,5,6,7,9,10,11,30,30,30,13708,0,4,4.268461117633972,1.8389999968349002,44.313999998848885,83.99606069448497

1790042759,200,,Aggregated,199.800000,0.000000,5,6,6,7,8,10,12,14,32,35,35,31624,0,5,5.207417284367387,1.7956000010599382,313.4501000022283,23977.268340500887

1790042760,200,GET,[GET] /actuator/health,29.000000,0.000000,4,5,6,6,7,8,10,11,15,15,15,4524,0,4,4.809043700345922,2.2581000011996366,50.14140000275802,49.0

1790042760,200,GET,[GET] /api/soporte/election/status,27.200000,0.000000,4,5,5,6,7,8,10,11,16,16,16,4505,0,4,4.355675915599703,1.7956000010599382,24.966900004073977,78.0

1790042760,200,GET,[GET] /api/soporte/tickets,57.100000,0.000000,6,7,8,9,10,11,14,16,32,32,32,9001,0,6,7.267931152112132,3.7642000024789013,313.4501000022283,84567.0

1790042760,200,GET,[GET] /health,85.600000,0.000000,4,5,5,6,7,8,10,11,30,30,30,13803,0,4,4.266144628015919,1.8389999968349002,44.313999998848885,83.99608780699847

1790042760,200,,Aggregated,198.900000,0.000000,5,6,6,7,8,10,11,13,32,32,32,31833,0,5,5.20474590207667,1.7956000010599382,313.4501000022283,23966.325228536425

1790042761,200,GET,[GET] /actuator/health,29.500000,0.000000,4,5,6,6,8,8,10,11,15,15,15,4554,0,4,4.812517237670999,2.2581000011996366,50.14140000275802,49.0

1790042761,200,GET,[GET] /api/soporte/election/status,27.900000,0.000000,4,5,5,6,7,7,10,11,16,16,16,4538,0,4,4.352803702016665,1.7956000010599382,24.966900004073977,78.0

1790042761,200,GET,[GET] /api/soporte/tickets,56.200000,0.000000,6,7,8,9,10,11,14,16,32,32,32,9056,0,6,7.261963504875354,3.7642000024789013,313.4501000022283,84567.0

1790042761,200,GET,[GET] /health,83.900000,0.000000,4,5,5,6,7,8,10,11,30,30,30,13881,0,4,4.2678727613653775,1.8389999968349002,44.313999998848885,83.99610979036092

1790042761,200,,Aggregated,197.500000,0.000000,5,6,6,7,8,10,11,13,32,32,32,32029,0,5,5.203906147577801,1.7956000010599382,313.4501000022283,23965.213150582284

1790042762,200,GET,[GET] /actuator/health,29.100000,0.000000,4,5,6,6,8,9,10,13,15,15,15,4585,0,4,4.811599672921286,2.2581000011996366,50.14140000275802,49.0

1790042762,200,GET,[GET] /api/soporte/election/status,28.400000,0.000000,4,5,5,6,7,8,10,11,16,16,16,4571,0,4,4.350642703954573,1.7956000010599382,24.966900004073977,78.0

1790042762,200,GET,[GET] /api/soporte/tickets,57.500000,0.000000,6,7,8,9,10,12,14,16,32,32,32,9115,0,6,7.264075194747085,3.7642000024789013,313.4501000022283,84567.0

1790042762,200,GET,[GET] /health,83.900000,0.000000,4,5,5,6,7,8,10,11,15,15,15,13963,0,4,4.2682621500028155,1.8389999968349002,44.313999998848885,83.99613263625295

1790042762,200,,Aggregated,198.900000,0.000000,5,6,6,7,8,10,12,13,32,32,32,32234,0,5,5.204373087445847,1.7956000010599382,313.4501000022283,23967.92970155736

1790042763,200,GET,[GET] /actuator/health,29.400000,0.000000,5,5,6,6,8,9,10,13,13,13,13,4615,0,4,4.821115969742367,2.2581000011996366,50.14140000275802,49.0

1790042763,200,GET,[GET] /api/soporte/election/status,29.100000,0.000000,4,5,5,6,7,7,8,9,10,10,10,4594,0,4,4.3539507835789975,1.7956000010599382,24.966900004073977,78.0

1790042763,200,GET,[GET] /api/soporte/tickets,56.900000,0.000000,6,7,8,9,10,11,13,13,21,21,21,9169,0,6,7.267496586333752,3.7642000024789013,313.4501000022283,84567.0

1790042763,200,GET,[GET] /health,83.900000,0.000000,4,5,5,6,7,8,10,11,15,15,15,14052,0,4,4.271956305186451,1.8389999968349002,44.313999998848885,83.99615713065755

1790042763,200,,Aggregated,199.300000,0.000000,5,6,6,7,8,9,11,12,17,21,21,32430,0,5,5.20865576012017,1.7956000010599382,313.4501000022283,23964.21843971631

1790042764,200,GET,[GET] /actuator/health,29.600000,0.000000,5,5,6,7,8,9,11,13,13,13,13,4639,0,4,4.822947251642191,2.2581000011996366,50.14140000275802,49.0

1790042764,200,GET,[GET] /api/soporte/election/status,29.200000,0.000000,4,5,5,5,6,7,9,9,10,10,10,4625,0,4,4.351796194542879,1.7956000010599382,24.966900004073977,78.0

1790042764,200,GET,[GET] /api/soporte/tickets,56.300000,0.000000,6,7,8,9,10,11,13,13,21,21,21,9229,0,6,7.264609415984636,3.7642000024789013,313.4501000022283,84567.0

1790042764,200,GET,[GET] /health,83.800000,0.000000,4,5,5,6,7,9,10,11,15,15,15,14140,0,4,4.273691357881276,1.8389999968349002,44.313999998848885,83.9961810466761

1790042764,200,,Aggregated,198.900000,0.000000,5,6,6,7,8,10,11,12,17,21,21,32633,0,5,5.208708540455747,1.7956000010599382,313.4501000022283,23970.968344926914

1790042765,200,GET,[GET] /actuator/health,29.100000,0.000000,4,5,6,6,8,9,11,13,13,13,13,4669,0,4,4.822354358616142,2.2581000011996366,50.14140000275802,49.0

1790042765,200,GET,[GET] /api/soporte/election/status,29.500000,0.000000,4,5,5,5,6,7,9,9,10,10,10,4652,0,4,4.351457846041349,1.7956000010599382,24.966900004073977,78.0

1790042765,200,GET,[GET] /api/soporte/tickets,55.500000,0.000000,7,7,8,9,10,11,13,13,21,21,21,9286,0,6,7.263251163052415,3.7642000024789013,313.4501000022283,84567.0

1790042765,200,GET,[GET] /health,85.300000,0.000000,4,5,5,6,7,8,10,11,15,15,15,14228,0,4,4.273424388560745,1.8389999968349002,44.313999998848885,83.99620466685408

1790042765,200,,Aggregated,199.400000,0.000000,5,6,6,7,8,10,11,12,17,21,21,32835,0,5,5.2080824394917045,1.7956000010599382,313.4501000022283,23970.63794731232

1790042766,200,GET,[GET] /actuator/health,29.800000,0.000000,5,5,6,7,8,9,11,13,13,13,13,4692,0,4,4.82399164543506,2.2581000011996366,50.14140000275802,49.0

1790042766,200,GET,[GET] /api/soporte/election/status,30.100000,0.000000,4,5,5,5,6,7,8,9,10,10,10,4688,0,4,4.35343208186845,1.7956000010599382,24.966900004073977,78.0

1790042766,200,GET,[GET] /api/soporte/tickets,54.100000,0.000000,6,7,8,8,10,11,13,14,21,21,21,9336,0,6,7.261896722378888,3.7642000024789013,313.4501000022283,84567.0

1790042766,200,GET,[GET] /health,84.100000,0.000000,4,5,5,6,7,8,10,11,15,15,15,14318,0,4,4.272323376199459,1.8389999968349002,44.313999998848885,83.9962285235368

1790042766,200,,Aggregated,198.100000,0.000000,5,6,6,7,8,9,11,13,17,21,21,33034,0,5,5.207097302801167,1.7956000010599382,313.4501000022283,23954.584428164922

1790042767,200,GET,[GET] /actuator/health,28.600000,0.000000,4,5,6,7,8,10,12,13,13,13,13,4723,0,4,4.828082341812697,2.2581000011996366,50.14140000275802,49.0

1790042767,200,GET,[GET] /api/soporte/election/status,30.000000,0.000000,4,5,5,5,6,7,9,10,15,15,15,4716,0,4,4.353588040668989,1.7956000010599382,24.966900004073977,78.0

1790042767,200,GET,[GET] /api/soporte/tickets,55.800000,0.000000,6,7,8,9,10,12,14,16,42,42,42,9388,0,6,7.266221910962839,3.7642000024789013,313.4501000022283,84567.0

1790042767,200,GET,[GET] /health,84.900000,0.000000,4,4,5,6,7,9,10,11,16,16,16,14413,0,4,4.270761222537453,1.8389999968349002,44.313999998848885,83.99625338236315

1790042767,200,,Aggregated,199.300000,0.000000,5,6,6,7,8,10,12,13,37,42,42,33240,0,5,5.207711398938861,1.7956000010599382,313.4501000022283,23938.775842358606

1790042768,200,GET,[GET] /actuator/health,28.200000,0.000000,5,5,6,7,9,10,12,13,13,13,13,4746,0,4,4.832425410949432,2.2581000011996366,50.14140000275802,49.0

1790042768,200,GET,[GET] /api/soporte/election/status,30.300000,0.000000,4,5,5,5,7,7,9,10,15,15,15,4746,0,4,4.354326696122484,1.7956000010599382,24.966900004073977,78.0

1790042768,200,GET,[GET] /api/soporte/tickets,55.600000,0.000000,6,7,8,9,10,12,14,16,42,42,42,9446,0,6,7.265239127685982,3.7642000024789013,313.4501000022283,84567.0

1790042768,200,GET,[GET] /health,84.100000,0.000000,4,4,5,6,7,9,10,11,16,16,16,14499,0,4,4.2720035175145945,1.8389999968349002,44.313999998848885,83.99627560521415

1790042768,200,,Aggregated,198.200000,0.000000,5,6,6,7,8,10,12,13,37,42,42,33437,0,5,5.208827146595962,1.7956000010599382,313.4501000022283,23944.746418638035

1790042769,200,GET,[GET] /actuator/health,28.400000,0.000000,5,5,6,7,9,10,12,13,13,13,13,4774,0,4,4.831050356173056,2.2581000011996366,50.14140000275802,49.0

1790042769,200,GET,[GET] /api/soporte/election/status,30.200000,0.000000,4,5,5,5,7,8,9,10,15,15,15,4781,0,4,4.353348860031479,1.7956000010599382,24.966900004073977,78.0

1790042769,200,GET,[GET] /api/soporte/tickets,54.800000,0.000000,6,7,8,8,10,12,14,16,42,42,42,9500,0,6,7.263538568434581,3.7642000024789013,313.4501000022283,84567.0

1790042769,200,GET,[GET] /health,85.000000,0.000000,4,4,5,6,7,9,11,11,16,16,16,14588,0,4,4.271895201566457,1.8389999968349002,44.313999998848885,83.99629832739238

1790042769,200,,Aggregated,198.400000,0.000000,5,6,6,7,8,10,12,13,37,42,42,33643,0,5,5.20758609222604,1.7956000010599382,313.4501000022283,23934.211633920873

1790042770,200,GET,[GET] /actuator/health,27.800000,0.000000,5,5,6,7,8,10,12,13,13,13,13,4799,0,4,4.828691602497939,2.2581000011996366,50.14140000275802,49.0

1790042770,200,GET,[GET] /api/soporte/election/status,30.700000,0.000000,4,5,5,5,7,8,9,10,15,15,15,4807,0,4,4.3505142084115445,1.7956000010599382,24.966900004073977,78.0

1790042770,200,GET,[GET] /api/soporte/tickets,54.500000,0.000000,6,7,8,9,10,12,14,16,42,42,42,9552,0,6,7.2609425879548795,3.7642000024789013,313.4501000022283,84567.0

1790042770,200,GET,[GET] /health,86.200000,0.000000,4,4,5,5,7,8,11,12,16,16,16,14676,0,4,4.269139152387445,1.8389999968349002,44.313999998848885,83.99632052330335

1790042770,200,,Aggregated,199.200000,0.000000,5,6,6,7,8,10,12,13,37,42,42,33834,0,5,5.204711905207929,1.7956000010599382,313.4501000022283,23929.384967783884

1790042771,200,GET,[GET] /actuator/health,27.600000,0.000000,5,5,6,7,8,10,12,13,16,16,16,4823,0,4,4.828960232300292,2.2581000011996366,50.14140000275802,49.0

1790042771,200,GET,[GET] /api/soporte/election/status,30.100000,0.000000,4,5,5,6,7,8,9,11,15,15,15,4836,0,4,4.3533101529838785,1.7956000010599382,24.966900004073977,78.0

1790042771,200,GET,[GET] /api/soporte/tickets,55.600000,0.000000,7,7,8,9,11,12,16,19,42,42,42,9605,0,6,7.266331754303444,3.7642000024789013,313.4501000022283,84567.0

1790042771,200,GET,[GET] /health,87.200000,0.000000,4,4,5,6,7,8,10,12,16,16,16,14767,0,4,4.270391792541378,1.8389999968349002,44.313999998848885,83.99614004198551

1790042771,200,,Aggregated,200.500000,0.000000,5,6,6,7,8,10,12,14,37,42,42,34031,0,5,5.206919432304589,1.7956000010599382,313.4501000022283,23922.89209838089

1790042772,200,GET,[GET] /actuator/health,27.400000,0.000000,5,5,6,7,9,10,12,13,16,16,16,4855,0,4,4.830980885765924,2.2581000011996366,50.14140000275802,49.0

1790042772,200,GET,[GET] /api/soporte/election/status,30.200000,0.000000,4,5,5,6,7,8,9,11,15,15,15,4859,0,4,4.353856534231622,1.7956000010599382,24.966900004073977,78.0

1790042772,200,GET,[GET] /api/soporte/tickets,54.200000,0.000000,6,7,8,9,11,12,15,17,42,42,42,9650,0,6,7.264238849747172,3.7642000024789013,313.4501000022283,84567.0

1790042772,200,GET,[GET] /health,87.700000,0.000000,4,4,5,5,7,8,10,12,16,16,16,14862,0,4,4.268152106071185,1.8389999968349002,44.313999998848885,83.99616471538151

1790042772,200,,Aggregated,199.500000,0.000000,5,6,6,7,8,10,12,13,37,42,42,34226,0,5,5.2049021971809495,1.7956000010599382,313.4501000022283,23898.11248758254

1790042773,200,GET,[GET] /actuator/health,27.100000,0.000000,5,5,6,7,8,10,13,14,19,19,19,4881,0,4,4.841995554266976,2.2581000011996366,50.14140000275802,49.0

1790042773,200,GET,[GET] /api/soporte/election/status,29.900000,0.000000,4,5,5,6,7,9,13,18,22,22,22,4887,0,4,4.374097994647782,1.7956000010599382,24.966900004073977,78.0

1790042773,200,GET,[GET] /api/soporte/tickets,54.700000,0.000000,6,7,8,9,11,13,17,25,50,50,50,9699,0,6,7.279314290140791,3.7642000024789013,313.4501000022283,84567.0

1790042773,200,GET,[GET] /health,87.700000,0.000000,4,4,5,6,7,8,12,15,21,21,21,14967,0,4,4.283107870680242,1.8389999968349002,44.313999998848885,83.99619162156745

1790042773,200,,Aggregated,199.400000,0.000000,5,6,6,7,8,11,14,17,42,50,50,34434,0,5,5.219182842561641,1.7956000010599382,313.4501000022283,23874.451385258755

1790042774,200,GET,[GET] /actuator/health,26.000000,0.000000,5,6,6,7,8,10,13,14,19,19,19,4911,0,4,4.846276298183669,2.2581000011996366,50.14140000275802,49.0

1790042774,200,GET,[GET] /api/soporte/election/status,29.700000,0.000000,4,5,5,6,8,9,13,18,22,22,22,4918,0,4,4.376540321240467,1.7956000010599382,24.966900004073977,78.0

1790042774,200,GET,[GET] /api/soporte/tickets,54.300000,0.000000,7,7,8,9,11,13,17,25,50,50,50,9758,0,6,7.277992037307107,3.7642000024789013,313.4501000022283,84567.0

1790042774,200,GET,[GET] /health,89.600000,0.000000,4,4,5,6,7,9,12,15,21,21,21,15049,0,4,4.283866064222642,1.8389999968349002,44.313999998848885,83.99621237291514

1790042774,200,,Aggregated,199.600000,0.000000,5,6,7,7,9,11,14,17,42,50,50,34636,0,5,5.2203035829994775,1.7956000010599382,313.4501000022283,23879.578704238364

1790042775,200,GET,[GET] /actuator/health,26.700000,0.000000,5,6,7,7,9,11,13,14,19,19,19,4948,0,4,4.853389854563204,2.2581000011996366,50.14140000275802,49.0

1790042775,200,GET,[GET] /api/soporte/election/status,28.900000,0.000000,4,5,5,6,8,10,13,18,22,22,22,4936,0,4,4.379510311963901,1.7956000010599382,24.966900004073977,78.0

1790042775,200,GET,[GET] /api/soporte/tickets,53.400000,0.000000,7,8,8,9,11,14,17,25,50,50,50,9809,0,6,7.283440656539793,3.7642000024789013,313.4501000022283,84567.0

1790042775,200,GET,[GET] /health,90.100000,0.000000,4,5,5,6,7,10,13,15,21,21,21,15138,0,4,4.290220755748508,1.8389999968349002,44.313999998848885,83.99623464130003

1790042775,200,,Aggregated,199.100000,0.000000,5,6,7,7,9,11,15,17,42,50,50,34831,0,5,5.225818009840438,1.7956000010599382,313.4501000022283,23870.020900921594

1790042776,200,GET,[GET] /actuator/health,26.200000,0.000000,5,6,7,7,9,10,13,14,19,19,19,4980,0,4,4.854346726984571,2.2581000011996366,50.14140000275802,49.0

1790042776,200,GET,[GET] /api/soporte/election/status,28.700000,0.000000,4,5,6,6,8,9,13,18,22,22,22,4956,0,4,4.3808087772134625,1.7956000010599382,24.966900004073977,78.0

1790042776,200,GET,[GET] /api/soporte/tickets,52.300000,0.000000,7,8,8,9,11,14,17,25,50,50,50,9860,0,6,7.282321582150784,3.7642000024789013,313.4501000022283,84567.0

1790042776,200,GET,[GET] /health,91.000000,0.000000,4,5,5,6,8,9,13,15,21,21,21,15235,0,4,4.290237683005339,1.8389999968349002,44.313999998848885,83.99625861503118

1790042776,200,,Aggregated,198.200000,0.000000,5,6,7,7,9,11,14,17,42,50,50,35031,0,5,5.225411689670468,1.7956000010599382,313.4501000022283,23857.18052581999

1790042777,200,GET,[GET] /actuator/health,27.200000,0.000000,5,6,6,7,8,10,13,14,19,19,19,5009,0,4,4.8500901577881,2.2581000011996366,50.14140000275802,49.0

1790042777,200,GET,[GET] /api/soporte/election/status,28.900000,0.000000,4,5,6,6,8,9,13,18,22,22,22,4993,0,4,4.374732064864668,1.7956000010599382,24.966900004073977,78.0

1790042777,200,GET,[GET] /api/soporte/tickets,52.100000,0.000000,7,8,8,9,11,13,16,19,50,50,50,9911,0,6,7.277646170917334,3.7642000024789013,313.4501000022283,84567.0

1790042777,200,GET,[GET] /health,89.800000,0.000000,4,5,5,6,8,9,13,15,21,21,21,15314,0,4,4.288594312432141,1.8389999968349002,44.313999998848885,83.99627791563276

1790042777,200,,Aggregated,198.000000,0.000000,5,6,7,7,9,11,14,17,32,50,50,35227,0,5,5.221603409338785,1.7956000010599382,313.4501000022283,23847.184006585856

1790042778,200,GET,[GET] /actuator/health,27.800000,0.000000,5,5,6,7,8,10,13,14,19,19,19,5033,0,4,4.850968786082537,2.2581000011996366,50.14140000275802,49.0

1790042778,200,GET,[GET] /api/soporte/election/status,28.000000,0.000000,4,5,5,6,8,9,13,18,22,22,22,5026,0,4,4.3727697970321895,1.7956000010599382,24.966900004073977,78.0

1790042778,200,GET,[GET] /api/soporte/tickets,51.700000,0.000000,7,8,8,9,11,13,16,19,50,50,50,9970,0,6,7.276468224677343,3.7642000024789013,313.4501000022283,84567.0

1790042778,200,GET,[GET] /health,90.900000,0.000000,4,5,5,6,7,9,13,15,21,21,21,15405,0,4,4.288205076310558,1.8389999968349002,44.313999998848885,83.99629990262902

1790042778,200,,Aggregated,198.400000,0.000000,5,6,7,7,9,11,14,17,32,50,50,35434,0,5,5.22093622794024,1.7956000010599382,313.4501000022283,23849.00372523565

1790042779,200,GET,[GET] /actuator/health,28.200000,0.000000,5,5,6,7,8,10,13,14,19,19,19,5063,0,4,4.846973908818259,2.2581000011996366,50.14140000275802,49.0

1790042779,200,GET,[GET] /api/soporte/election/status,27.000000,0.000000,4,5,5,6,7,9,13,18,22,22,22,5050,0,4,4.3692462772101,1.7956000010599382,24.966900004073977,78.0

1790042779,200,GET,[GET] /api/soporte/tickets,52.300000,0.000000,7,7,8,9,11,13,16,19,50,50,50,10031,0,6,7.270723975678098,3.7642000024789013,313.4501000022283,84567.0

1790042779,200,GET,[GET] /health,90.000000,0.000000,4,5,5,6,7,9,13,15,21,21,21,15486,0,4,4.285077101934093,1.8389999968349002,44.313999998848885,83.99631925610228

1790042779,200,,Aggregated,197.500000,0.000000,5,6,7,7,9,11,14,17,32,50,50,35630,0,5,5.217408330082408,1.7956000010599382,313.4501000022283,23862.87765927589

1790042780,200,GET,[GET] /actuator/health,28.800000,0.000000,5,6,6,7,8,10,13,14,19,19,19,5089,0,4,4.850880821445032,2.2581000011996366,50.14140000275802,49.0

1790042780,200,GET,[GET] /api/soporte/election/status,27.500000,0.000000,4,5,5,6,8,10,13,18,22,22,22,5083,0,4,4.3689463899090155,1.7956000010599382,24.966900004073977,78.0

1790042780,200,GET,[GET] /api/soporte/tickets,51.700000,0.000000,7,7,8,9,11,13,16,17,50,50,50,10094,0,6,7.27033300970492,3.7642000024789013,313.4501000022283,84567.0

1790042780,200,GET,[GET] /health,89.000000,0.000000,4,5,6,6,7,9,13,15,21,21,21,15569,0,4,4.286765167994558,1.8389999968349002,44.313999998848885,83.99633887854068

1790042780,200,,Aggregated,197.000000,0.000000,5,6,7,7,9,11,14,16,26,50,50,35835,0,5,5.2189444760906945,1.7956000010599382,313.4501000022283,23875.341760848332

1790042781,200,GET,[GET] /actuator/health,28.200000,0.000000,4,5,6,7,8,10,13,14,19,19,19,5130,0,4,4.844751617996093,2.2581000011996366,50.14140000275802,49.0

1790042781,200,GET,[GET] /api/soporte/election/status,27.700000,0.000000,4,5,5,6,7,9,13,18,22,22,22,5115,0,4,4.364805434973759,1.7956000010599382,24.966900004073977,78.0

1790042781,200,GET,[GET] /api/soporte/tickets,51.400000,0.000000,7,7,8,9,10,12,15,17,50,50,50,10140,0,6,7.26643495068763,3.7642000024789013,313.4501000022283,84567.0

1790042781,200,GET,[GET] /health,89.600000,0.000000,4,5,5,6,7,9,13,15,21,21,21,15642,0,4,4.285167868589385,1.8389999968349002,44.313999998848885,83.99635596471039

1790042781,200,,Aggregated,196.900000,0.000000,5,6,6,7,9,10,14,15,26,50,50,36027,0,5,5.215249723836524,1.7956000010599382,313.4501000022283,23856.37413606462

1790042782,200,GET,[GET] /actuator/health,28.600000,0.000000,4,5,6,7,8,10,13,14,19,19,19,5161,0,4,4.843894458501106,2.2581000011996366,50.14140000275802,49.0

1790042782,200,GET,[GET] /api/soporte/election/status,27.000000,0.000000,4,5,5,6,7,9,13,18,22,22,22,5145,0,4,4.362526122427797,1.7956000010599382,24.966900004073977,78.0

1790042782,200,GET,[GET] /api/soporte/tickets,52.500000,0.000000,7,7,8,9,10,12,16,17,50,50,50,10199,0,6,7.267084194531793,3.7642000024789013,313.4501000022283,84567.0

1790042782,200,GET,[GET] /health,87.800000,0.000000,4,5,6,6,8,10,13,15,21,21,21,15721,0,4,4.285583022741302,1.8389999968349002,44.313999998848885,83.99637427644552

1790042782,200,,Aggregated,195.900000,0.000000,5,6,7,7,9,10,14,16,31,50,50,36226,0,5,5.215457919747171,1.7956000010599382,313.4501000022283,23863.345083641583

1790042783,200,GET,[GET] /actuator/health,29.100000,0.000000,4,5,6,6,8,9,11,13,14,14,14,5198,0,4,4.846748711110325,2.2581000011996366,50.14140000275802,49.0

1790042783,200,GET,[GET] /api/soporte/election/status,27.200000,0.000000,4,4,5,5,7,8,9,10,12,12,12,5172,0,4,4.363512161622371,1.7956000010599382,24.966900004073977,78.0

1790042783,200,GET,[GET] /api/soporte/tickets,53.600000,0.000000,6,7,8,9,10,11,16,19,31,31,31,10244,0,6,7.275131433040291,3.7642000024789013,313.4501000022283,84567.0

1790042783,200,GET,[GET] /health,88.000000,0.000000,4,5,5,6,7,8,10,10,14,14,14,15812,0,4,4.2892368581141795,1.8389999968349002,44.313999998848885,83.99639514292942

1790042783,200,,Aggregated,197.900000,0.000000,5,6,6,7,8,10,11,13,23,31,31,36426,0,5,5.219056286741024,1.7956000010599382,313.4501000022283,23837.111321583485

1790042784,200,GET,[GET] /actuator/health,30.600000,0.000000,4,5,6,6,8,10,11,13,14,14,14,5225,0,4,4.847383138823377,2.2581000011996366,50.14140000275802,49.0

1790042784,200,GET,[GET] /api/soporte/election/status,27.100000,0.000000,4,4,5,5,7,8,9,10,12,12,12,5201,0,4,4.363490751760056,1.7956000010599382,24.966900004073977,78.0

1790042784,200,GET,[GET] /api/soporte/tickets,53.300000,0.000000,6,7,8,9,10,12,16,19,31,31,31,10308,0,6,7.272135651926356,3.7642000024789013,313.4501000022283,84567.0

1790042784,200,GET,[GET] /health,85.400000,0.000000,4,5,5,6,7,9,10,11,17,17,17,15891,0,4,4.291317846609699,1.8389999968349002,44.313999998848885,83.99641306399849

1790042784,200,,Aggregated,196.400000,0.000000,5,6,6,7,8,10,12,14,23,31,31,36625,0,5,5.219838866915708,1.7956000010599382,313.4501000022283,23855.64849146758

1790042785,200,GET,[GET] /actuator/health,30.500000,0.000000,4,5,6,6,8,9,10,11,12,12,12,5247,0,4,4.848933219049366,2.2581000011996366,50.14140000275802,49.0

1790042785,200,GET,[GET] /api/soporte/election/status,28.400000,0.000000,4,4,5,5,6,7,8,10,12,12,12,5230,0,4,4.362335869962366,1.7956000010599382,24.966900004073977,78.0

1790042785,200,GET,[GET] /api/soporte/tickets,54.300000,0.000000,6,7,8,9,10,11,14,17,31,31,31,10368,0,6,7.271991213355233,3.7642000024789013,313.4501000022283,84567.0

1790042785,200,GET,[GET] /health,84.800000,0.000000,4,5,5,6,7,8,10,10,17,17,17,15979,0,4,4.292322492049927,1.8389999968349002,44.313999998848885,83.99624507165655

1790042785,200,,Aggregated,198.000000,0.000000,5,6,6,7,8,10,11,12,23,31,31,36824,0,5,5.220519096262982,1.7956000010599382,313.4501000022283,23864.81302954595

1790042786,200,GET,[GET] /actuator/health,31.500000,0.000000,4,5,6,6,8,9,10,11,12,12,12,5279,0,4,4.846857321527528,2.2581000011996366,50.14140000275802,49.0

1790042786,200,GET,[GET] /api/soporte/election/status,28.700000,0.000000,4,4,5,5,6,7,9,10,12,12,12,5260,0,4,4.364259011389248,1.7956000010599382,24.966900004073977,78.0

1790042786,200,GET,[GET] /api/soporte/tickets,54.600000,0.000000,6,7,8,9,10,11,14,20,31,31,31,10428,0,6,7.269677196018723,3.7642000024789013,313.4501000022283,84567.0

1790042786,200,GET,[GET] /health,84.500000,0.000000,4,5,5,6,7,8,10,10,17,17,17,16063,0,4,4.293186353760651,1.8389999968349002,44.313999998848885,83.99626470771338

1790042786,200,,Aggregated,199.300000,0.000000,5,6,6,7,8,10,11,12,23,31,31,37030,0,5,5.220421506907693,1.7956000010599382,313.4501000022283,23869.37237375101

1790042787,200,GET,[GET] /actuator/health,30.800000,0.000000,4,5,5,6,8,9,10,11,12,12,12,5304,0,4,4.843407880917968,2.2581000011996366,50.14140000275802,49.0

1790042787,200,GET,[GET] /api/soporte/election/status,28.500000,0.000000,4,5,5,5,7,8,9,10,12,12,12,5282,0,4,4.364175804602045,1.7956000010599382,24.966900004073977,78.0

1790042787,200,GET,[GET] /api/soporte/tickets,55.000000,0.000000,7,8,8,9,10,12,16,21,32,32,32,10505,0,6,7.276881275587474,3.7642000024789013,313.4501000022283,84567.0

1790042787,200,GET,[GET] /health,83.500000,0.000000,4,5,5,6,7,8,10,10,17,17,17,16140,0,4,4.293112342037227,1.8389999968349002,44.313999998848885,83.99628252788104

1790042787,200,,Aggregated,197.800000,0.000000,5,6,6,7,9,10,12,14,31,32,32,37231,0,5,5.223482662319684,1.7956000010599382,313.4501000022283,23915.659719051328

1790042788,200,GET,[GET] /actuator/health,29.800000,0.000000,4,5,5,6,8,9,10,11,12,12,12,5329,0,4,4.841180052615078,2.2581000011996366,50.14140000275802,49.0

1790042788,200,GET,[GET] /api/soporte/election/status,29.400000,0.000000,4,4,5,5,7,8,9,11,12,12,12,5311,0,4,4.366298663134373,1.7956000010599382,24.966900004073977,78.0

1790042788,200,GET,[GET] /api/soporte/tickets,56.300000,0.000000,6,7,8,9,10,13,17,21,32,32,32,10565,0,6,7.275417103647044,3.7642000024789013,313.4501000022283,84567.0

1790042788,200,GET,[GET] /health,83.300000,0.000000,4,5,5,6,7,9,10,11,17,17,17,16227,0,4,4.294210870798437,1.8389999968349002,44.313999998848885,83.99630245886486

1790042788,200,,Aggregated,198.800000,0.000000,5,6,6,7,9,10,12,14,31,32,32,37432,0,5,5.223739105598677,1.7956000010599382,313.4501000022283,23923.08030562086

1790042789,200,GET,[GET] /actuator/health,29.600000,0.000000,4,5,5,6,8,9,10,11,12,12,12,5358,0,4,4.8395995521425075,2.2581000011996366,50.14140000275802,49.0

1790042789,200,GET,[GET] /api/soporte/election/status,29.900000,0.000000,4,5,5,6,7,8,9,11,12,12,12,5334,0,4,4.366069966235095,1.7956000010599382,24.966900004073977,78.0

1790042789,200,GET,[GET] /api/soporte/tickets,56.600000,0.000000,6,7,8,9,11,13,17,21,32,32,32,10632,0,6,7.274563939057753,3.7642000024789013,313.4501000022283,84567.0

1790042789,200,GET,[GET] /health,82.500000,0.000000,4,5,6,6,7,9,10,11,17,17,17,16310,0,4,4.294821060727764,1.8389999968349002,44.313999998848885,83.99632127529124

1790042789,200,,Aggregated,198.600000,0.000000,5,6,6,7,9,10,12,14,31,32,32,37634,0,5,5.224288858500542,1.7956000010599382,313.4501000022283,23945.499229420206

1790042790,200,GET,[GET] /actuator/health,29.100000,0.000000,4,5,5,6,7,9,10,12,12,12,12,5390,0,4,4.837671781147433,2.2581000011996366,50.14140000275802,49.0

1790042790,200,GET,[GET] /api/soporte/election/status,28.800000,0.000000,4,5,5,6,7,8,9,10,12,12,12,5358,0,4,4.368068868960009,1.7956000010599382,24.966900004073977,78.0

1790042790,200,GET,[GET] /api/soporte/tickets,58.800000,0.000000,6,7,8,9,11,13,17,21,32,32,32,10684,0,6,7.275575308880961,3.7642000024789013,313.4501000022283,84567.0

1790042790,200,GET,[GET] /health,82.000000,0.000000,4,5,5,6,7,9,10,11,17,17,17,16397,0,4,4.296366317035674,1.8389999968349002,44.313999998848885,83.9963407940477

1790042790,200,,Aggregated,198.700000,0.000000,5,6,6,7,9,10,12,15,31,32,32,37829,0,5,5.225063549149873,1.7956000010599382,313.4501000022283,23938.596050648972

1790042791,200,GET,[GET] /actuator/health,29.600000,0.000000,4,5,5,6,7,9,10,12,12,12,12,5414,0,4,4.833630070261164,2.2581000011996366,50.14140000275802,49.0

1790042791,200,GET,[GET] /api/soporte/election/status,27.900000,0.000000,4,5,5,6,7,8,9,10,12,12,12,5381,0,4,4.368046329655091,1.7956000010599382,24.966900004073977,78.0

1790042791,200,GET,[GET] /api/soporte/tickets,59.200000,0.000000,6,7,8,9,11,13,17,21,32,32,32,10750,0,6,7.273181413960924,3.7642000024789013,313.4501000022283,84567.0

1790042791,200,GET,[GET] /health,81.600000,0.000000,4,5,6,6,7,9,10,11,17,17,17,16481,0,4,4.296355027025686,1.8389999968349002,44.313999998848885,83.99635944420848

1790042791,200,,Aggregated,198.300000,0.000000,5,6,7,7,9,10,12,15,31,32,32,38026,0,5,5.224547885677122,1.7956000010599382,313.4501000022283,23961.62094356493

1790042792,200,GET,[GET] /actuator/health,29.200000,0.000000,4,5,5,6,7,9,10,12,12,12,12,5442,0,4,4.833084932085547,2.2581000011996366,50.14140000275802,49.0

1790042792,200,GET,[GET] /api/soporte/election/status,27.900000,0.000000,4,5,5,6,7,8,9,10,12,12,12,5411,0,4,4.368210885212284,1.7956000010599382,24.966900004073977,78.0

1790042792,200,GET,[GET] /api/soporte/tickets,59.900000,0.000000,7,8,8,9,11,13,16,21,32,32,32,10801,0,6,7.27602642348448,3.7642000024789013,313.4501000022283,84567.0

1790042792,200,GET,[GET] /health,82.700000,0.000000,4,5,5,6,7,9,10,11,17,17,17,16578,0,4,4.294855513357095,1.8389999968349002,44.313999998848885,83.99619978284474

1790042792,200,,Aggregated,199.700000,0.000000,5,6,7,7,9,10,13,15,27,32,32,38232,0,5,5.224066577756409,1.7956000010599382,313.4501000022283,23945.631198995605

1790042793,200,GET,[GET] /actuator/health,29.400000,0.000000,4,5,5,6,7,8,10,12,12,12,12,5469,0,4,4.834936496688516,2.2581000011996366,50.14140000275802,49.0

1790042793,200,GET,[GET] /api/soporte/election/status,27.400000,0.000000,4,5,6,6,7,9,9,11,19,19,19,5437,0,4,4.374535423931365,1.7956000010599382,24.966900004073977,78.0

1790042793,200,GET,[GET] /api/soporte/tickets,58.900000,0.000000,7,8,8,9,11,13,15,20,32,32,32,10848,0,6,7.281053152659147,3.7642000024789013,313.4501000022283,84567.0

1790042793,200,GET,[GET] /health,82.300000,0.000000,4,5,5,6,7,8,10,11,17,17,17,16666,0,4,4.298464772617411,1.8389999968349002,44.313999998848885,83.99621984879396

1790042793,200,,Aggregated,198.000000,0.000000,5,6,7,7,9,10,13,14,27,32,32,38420,0,5,5.227738034898295,1.7956000010599382,313.4501000022283,23932.19062988027

1790042794,200,GET,[GET] /actuator/health,28.400000,0.000000,4,5,5,6,7,8,10,12,12,12,12,5494,0,4,4.83567005831508,2.2581000011996366,50.14140000275802,49.0

1790042794,200,GET,[GET] /api/soporte/election/status,27.000000,0.000000,4,5,5,6,7,8,9,11,19,19,19,5467,0,4,4.373532504105535,1.7956000010599382,24.966900004073977,78.0

1790042794,200,GET,[GET] /api/soporte/tickets,60.300000,0.000000,7,7,8,9,11,13,15,20,32,32,32,10908,0,6,7.277964833152746,3.7642000024789013,313.4501000022283,84567.0

1790042794,200,GET,[GET] /health,83.200000,0.000000,4,5,5,6,7,8,10,11,17,17,17,16755,0,4,4.298223885434758,1.8389999968349002,44.313999998848885,83.99606087735005

1790042794,200,,Aggregated,198.900000,0.000000,5,6,7,7,9,10,12,14,27,32,32,38624,0,5,5.226855196272202,1.7956000010599382,313.4501000022283,23937.443610190556

1790042795,200,GET,[GET] /actuator/health,27.500000,0.000000,4,5,5,6,7,8,10,12,12,12,12,5524,0,4,4.834540930558994,2.2581000011996366,50.14140000275802,49.0

1790042795,200,GET,[GET] /api/soporte/election/status,26.500000,0.000000,4,5,5,6,7,9,9,11,19,19,19,5492,0,4,4.374518008000068,1.7956000010599382,24.966900004073977,78.0

1790042795,200,GET,[GET] /api/soporte/tickets,60.000000,0.000000,7,7,8,9,11,13,15,20,32,32,32,10960,0,6,7.277429251826106,3.7642000024789013,313.4501000022283,84567.0

1790042795,200,GET,[GET] /health,84.300000,0.000000,4,5,5,6,7,8,10,11,17,17,17,16848,0,4,4.297771551547241,1.8389999968349002,44.313999998848885,83.99608262108262

1790042795,200,,Aggregated,198.300000,0.000000,5,6,7,7,8,10,12,14,27,32,32,38824,0,5,5.226157446446175,1.7956000010599382,313.4501000022283,23927.687461364105

1790042796,200,GET,[GET] /actuator/health,26.800000,0.000000,4,5,5,6,7,8,10,12,12,12,12,5558,0,4,4.832224181432009,2.2581000011996366,50.14140000275802,49.0

1790042796,200,GET,[GET] /api/soporte/election/status,26.200000,0.000000,4,5,5,6,7,8,9,11,19,19,19,5514,0,4,4.3726381574052064,1.7956000010599382,24.966900004073977,78.0

1790042796,200,GET,[GET] /api/soporte/tickets,59.900000,0.000000,7,7,8,9,11,13,15,16,27,27,27,11009,0,6,7.273717894449462,3.7642000024789013,313.4501000022283,84567.0

1790042796,200,GET,[GET] /health,83.800000,0.000000,4,5,5,6,7,8,10,11,17,17,17,16942,0,4,4.2949264313836375,1.8389999968349002,44.313999998848885,83.99610435603824

1790042796,200,,Aggregated,196.700000,0.000000,5,6,6,7,8,10,12,14,26,27,27,39023,0,5,5.22279765012498,1.7956000010599382,313.4501000022283,23912.144094508367

1790042797,200,GET,[GET] /actuator/health,26.800000,0.000000,4,5,6,6,7,8,10,12,12,12,12,5578,0,4,4.83264738264544,2.2581000011996366,50.14140000275802,49.0

1790042797,200,GET,[GET] /api/soporte/election/status,26.400000,0.000000,4,5,5,6,7,9,11,13,19,19,19,5545,0,4,4.378527610447954,1.7956000010599382,24.966900004073977,78.0

1790042797,200,GET,[GET] /api/soporte/tickets,60.100000,0.000000,7,7,8,9,11,12,15,16,28,28,28,11071,0,6,7.276624071902024,3.7642000024789013,313.4501000022283,84567.0

1790042797,200,GET,[GET] /health,85.800000,0.000000,4,5,5,6,7,8,10,12,18,18,18,17037,0,4,4.300627751395435,1.8389999968349002,44.313999998848885,83.99612607853496

1790042797,200,,Aggregated,199.100000,0.000000,5,6,6,7,8,10,12,15,27,28,28,39231,0,5,5.227109755063126,1.7956000010599382,313.4501000022283,23919.301853126355

1790042798,200,GET,[GET] /actuator/health,27.500000,0.000000,4,5,6,6,7,8,10,12,12,12,12,5596,0,4,4.834932201641753,2.2581000011996366,50.14140000275802,49.0

1790042798,200,GET,[GET] /api/soporte/election/status,26.000000,0.000000,4,5,5,6,8,9,11,13,19,19,19,5570,0,4,4.381585152591625,1.7956000010599382,24.966900004073977,78.0

1790042798,200,GET,[GET] /api/soporte/tickets,57.900000,0.000000,7,7,8,9,10,12,14,16,28,28,28,11130,0,6,7.274367699912189,3.7642000024789013,313.4501000022283,84567.0

1790042798,200,GET,[GET] /health,85.400000,0.000000,4,5,5,6,7,8,10,12,18,18,18,17118,0,4,4.299292236271836,1.8389999968349002,44.313999998848885,83.99614440939362

1790042798,200,,Aggregated,196.800000,0.000000,5,6,7,7,8,10,12,13,27,28,28,39414,0,5,5.22709460853622,1.7956000010599382,313.4501000022283,23935.079413406405

1790042799,200,GET,[GET] /actuator/health,27.800000,0.000000,4,5,6,6,7,8,10,12,12,12,12,5620,0,4,4.8315871530919345,2.2581000011996366,50.14140000275802,49.0

1790042799,200,GET,[GET] /api/soporte/election/status,25.400000,0.000000,4,5,5,6,8,9,11,13,19,19,19,5599,0,4,4.379416878003772,1.7956000010599382,24.966900004073977,78.0

1790042799,200,GET,[GET] /api/soporte/tickets,57.300000,0.000000,7,7,8,9,10,12,14,16,28,28,28,11177,0,6,7.271065742151632,3.7642000024789013,313.4501000022283,84567.0

1790042799,200,GET,[GET] /health,87.200000,0.000000,4,5,5,6,7,8,10,12,18,18,18,17217,0,4,4.297024725592104,1.8389999968349002,44.313999998848885,83.99616657954347

1790042799,200,,Aggregated,197.700000,0.000000,5,6,6,7,8,10,12,13,27,28,28,39613,0,5,5.223650099736648,1.7956000010599382,313.4501000022283,23915.472774089314

1790042800,200,GET,[GET] /actuator/health,27.500000,0.000000,4,5,6,6,7,8,10,12,12,12,12,5650,0,4,4.832855592984283,2.2581000011996366,50.14140000275802,49.0

1790042800,200,GET,[GET] /api/soporte/election/status,25.700000,0.000000,4,5,5,6,8,9,11,13,19,19,19,5631,0,4,4.380513301358696,1.7956000010599382,24.966900004073977,78.0

1790042800,200,GET,[GET] /api/soporte/tickets,56.700000,0.000000,7,7,8,8,10,12,14,15,28,28,28,11234,0,6,7.26848567741061,3.7642000024789013,313.4501000022283,84567.0

1790042800,200,GET,[GET] /health,88.700000,0.000000,4,5,5,6,7,8,10,12,18,18,18,17298,0,4,4.298605630738925,1.8389999968349002,44.313999998848885,83.99601109954908

1790042800,200,,Aggregated,198.600000,0.000000,5,6,6,7,8,10,12,13,21,28,28,39813,0,5,5.224016095266992,1.7956000010599382,313.4501000022283,23916.678195564262

1790042801,200,GET,[GET] /actuator/health,26.400000,0.000000,4,5,6,6,7,8,10,12,12,12,12,5681,0,4,4.831751258643091,2.2581000011996366,50.14140000275802,49.0

1790042801,200,GET,[GET] /api/soporte/election/status,25.700000,0.000000,4,5,5,6,8,9,11,13,19,19,19,5664,0,4,4.3794755296554895,1.7956000010599382,24.966900004073977,78.0

1790042801,200,GET,[GET] /api/soporte/tickets,56.300000,0.000000,7,7,8,9,11,12,15,16,28,28,28,11296,0,6,7.271708206449522,3.7642000024789013,313.4501000022283,84567.0

1790042801,200,GET,[GET] /health,88.500000,0.000000,4,5,5,6,7,8,10,12,18,18,18,17379,0,4,4.298435307008766,1.8389999968349002,44.313999998848885,83.99602969100638

1790042801,200,,Aggregated,196.900000,0.000000,5,6,6,7,8,10,12,14,22,28,28,40020,0,5,5.2248438630904355,1.7956000010599382,313.4501000022283,23924.25687156422

1790042802,200,GET,[GET] /actuator/health,26.300000,0.000000,4,5,6,6,7,8,10,12,12,12,12,5707,0,4,4.8270848607556625,2.2581000011996366,50.14140000275802,49.0

1790042802,200,GET,[GET] /api/soporte/election/status,26.200000,0.000000,4,5,5,6,8,9,11,13,19,19,19,5691,0,4,4.377470690558776,1.7956000010599382,24.966900004073977,78.0

1790042802,200,GET,[GET] /api/soporte/tickets,54.400000,0.000000,6,7,8,8,10,11,13,16,28,28,28,11351,0,6,7.264681939924199,3.7642000024789013,313.4501000022283,84567.0

1790042802,200,GET,[GET] /health,89.900000,0.000000,4,5,5,6,7,8,10,12,18,18,18,17471,0,4,4.296300789910361,1.8389999968349002,44.313999998848885,83.99605059813405

1790042802,200,,Aggregated,196.800000,0.000000,5,6,6,7,8,10,12,13,22,28,28,40220,0,5,5.2208462158355555,1.7956000010599382,313.4501000022283,23921.20967180507

1790042803,200,GET,[GET] /actuator/health,25.900000,0.000000,4,5,5,6,7,8,10,12,13,13,13,5732,0,4,4.826453838156948,2.2581000011996366,50.14140000275802,49.0

1790042803,200,GET,[GET] /api/soporte/election/status,27.100000,0.000000,4,5,5,6,7,8,11,12,20,20,20,5712,0,4,4.379725682767702,1.7956000010599382,24.966900004073977,78.0

1790042803,200,GET,[GET] /api/soporte/tickets,54.400000,0.000000,6,7,8,8,10,12,13,16,28,28,28,11412,0,6,7.26845963022534,3.7642000024789013,313.4501000022283,84567.0

1790042803,200,GET,[GET] /health,89.900000,0.000000,4,5,5,6,7,8,10,12,21,21,21,17558,0,4,4.2998565782281055,1.8389999968349002,44.313999998848885,83.99607016744504

1790042803,200,,Aggregated,197.300000,0.000000,5,6,6,7,8,10,12,13,22,28,28,40414,0,5,5.224099807020968,1.7956000010599382,313.4501000022283,23934.275523333497

1790042804,200,GET,[GET] /actuator/health,26.300000,0.000000,4,5,5,6,7,8,10,12,13,13,13,5760,0,4,4.823770052137712,2.2581000011996366,50.14140000275802,49.0

1790042804,200,GET,[GET] /api/soporte/election/status,27.900000,0.000000,4,5,5,6,7,8,11,12,20,20,20,5743,0,4,4.38173390213445,1.7956000010599382,24.966900004073977,78.0

1790042804,200,GET,[GET] /api/soporte/tickets,54.000000,0.000000,6,7,8,9,10,12,14,16,40,40,40,11484,0,6,7.272473624182981,3.7642000024789013,313.4501000022283,84567.0

1790042804,200,GET,[GET] /health,89.400000,0.000000,4,5,5,6,7,8,10,12,21,21,21,17640,0,4,4.300051519304462,1.8389999968349002,44.313999998848885,83.99608843537415

1790042804,200,,Aggregated,197.600000,0.000000,5,6,6,7,8,10,12,13,35,40,40,40627,0,5,5.226061712676778,1.7956000010599382,313.4501000022283,23958.926649764933

1790042805,200,GET,[GET] /actuator/health,26.400000,0.000000,4,5,5,6,7,8,10,12,13,13,13,5786,0,4,4.825724853149322,2.2581000011996366,50.14140000275802,49.0

1790042805,200,GET,[GET] /api/soporte/election/status,27.700000,0.000000,4,5,5,6,7,9,11,12,20,20,20,5764,0,4,4.384228695344215,1.7956000010599382,24.966900004073977,78.0

1790042805,200,GET,[GET] /api/soporte/tickets,54.700000,0.000000,6,7,8,9,11,12,14,16,40,40,40,11552,0,6,7.273663140590782,3.7642000024789013,313.4501000022283,84567.0

1790042805,200,GET,[GET] /health,89.100000,0.000000,4,5,5,6,7,8,10,12,21,21,21,17723,0,4,4.30125610791341,1.8389999968349002,44.313999998848885,83.99610675393556

1790042805,200,,Aggregated,197.900000,0.000000,5,6,6,7,8,10,12,14,35,40,40,40825,0,5,5.228385959606617,1.7956000010599382,313.4501000022283,23983.827385180648

1790042806,200,GET,[GET] /actuator/health,26.100000,0.000000,4,5,5,6,7,8,10,12,13,13,13,5804,0,4,4.822448225417564,2.2581000011996366,50.14140000275802,49.0

1790042806,200,GET,[GET] /api/soporte/election/status,27.100000,0.000000,4,5,5,6,7,9,11,12,20,20,20,5791,0,4,4.382077741314214,1.7956000010599382,24.966900004073977,78.0

1790042806,200,GET,[GET] /api/soporte/tickets,56.100000,0.000000,6,7,8,9,11,12,15,17,40,40,40,11612,0,6,7.27015787978831,3.7642000024789013,313.4501000022283,84567.0

1790042806,200,GET,[GET] /health,89.300000,0.000000,4,5,5,6,7,8,11,12,21,21,21,17816,0,4,4.298024214220054,1.8389999968349002,44.313999998848885,83.99612707678492

1790042806,200,,Aggregated,198.600000,0.000000,5,6,6,7,8,10,13,14,35,40,40,41023,0,5,5.225380259876666,1.7956000010599382,313.4501000022283,23992.018453062916

1790042807,200,GET,[GET] /actuator/health,26.500000,0.000000,4,5,5,6,8,9,10,11,13,13,13,5829,0,4,4.8259864985946495,2.2581000011996366,50.14140000275802,49.0

1790042807,200,GET,[GET] /api/soporte/election/status,27.300000,0.000000,4,5,5,6,7,8,10,11,20,20,20,5817,0,4,4.382991163823843,1.7956000010599382,24.966900004073977,78.0

1790042807,200,GET,[GET] /api/soporte/tickets,56.700000,0.000000,6,7,8,9,10,12,14,16,40,40,40,11677,0,6,7.267497036918407,3.7642000024789013,313.4501000022283,84567.0

1790042807,200,GET,[GET] /health,87.900000,0.000000,4,4,5,6,7,8,10,11,21,21,21,17899,0,4,4.2972461310993255,1.8389999968349002,44.313999998848885,83.99614503603553

1790042807,200,,Aggregated,198.400000,0.000000,5,6,6,7,8,10,12,13,35,40,40,41222,0,5,5.225498673060855,1.7956000010599382,313.4501000022283,24009.792174081802

1790042809,200,GET,[GET] /actuator/health,26.000000,0.000000,4,5,6,6,8,9,10,11,13,13,13,5854,0,4,4.824962589734173,2.2581000011996366,50.14140000275802,49.0

1790042809,200,GET,[GET] /api/soporte/election/status,26.900000,0.000000,4,5,6,6,7,8,10,12,20,20,20,5847,0,4,4.385580981692386,1.7956000010599382,24.966900004073977,78.0

1790042809,200,GET,[GET] /api/soporte/tickets,59.200000,0.000000,6,7,8,9,10,12,14,16,40,40,40,11735,0,6,7.265066672354482,3.7642000024789013,313.4501000022283,84567.0

1790042809,200,GET,[GET] /health,87.300000,0.000000,4,4,5,6,7,8,10,11,21,21,21,17973,0,4,4.29592344074387,1.8389999968349002,44.313999998848885,83.99616090802871

1790042809,200,,Aggregated,199.400000,0.000000,5,6,6,7,8,10,12,14,35,40,40,41409,0,5,5.224806501022209,1.7956000010599382,313.4501000022283,24020.051679586562

1790042810,200,GET,[GET] /actuator/health,24.800000,0.000000,4,4,5,6,8,9,10,11,13,13,13,5878,0,4,4.821262572354426,2.2581000011996366,50.14140000275802,49.0

1790042810,200,GET,[GET] /api/soporte/election/status,27.100000,0.000000,4,5,5,6,7,8,9,12,20,20,20,5869,0,4,4.38362830123799,1.7956000010599382,24.966900004073977,78.0

1790042810,200,GET,[GET] /api/soporte/tickets,60.000000,0.000000,6,7,8,9,10,12,14,16,40,40,40,11799,0,6,7.260378150698944,3.7642000024789013,313.4501000022283,84567.0

1790042810,200,GET,[GET] /health,85.900000,0.000000,4,4,5,5,7,8,10,11,21,21,21,18051,0,4,4.295586671126019,1.8389999968349002,44.313999998848885,83.99617749709158

1790042810,200,,Aggregated,197.800000,0.000000,5,6,6,7,8,10,12,13,35,40,40,41597,0,5,5.223254866958138,1.7956000010599382,313.4501000022283,24041.83118974926

1790042811,200,GET,[GET] /actuator/health,24.800000,0.000000,4,4,5,6,8,9,11,12,13,13,13,5903,0,4,4.821725698848781,2.2581000011996366,50.14140000275802,49.0

1790042811,200,GET,[GET] /api/soporte/election/status,27.100000,0.000000,4,5,5,6,7,8,10,12,20,20,20,5898,0,4,4.384499186158469,1.7956000010599382,24.966900004073977,78.0

1790042811,200,GET,[GET] /api/soporte/tickets,60.000000,0.000000,6,7,8,9,10,12,14,18,40,40,40,11848,0,6,7.2650212947413575,3.7642000024789013,313.4501000022283,84567.0

1790042811,200,GET,[GET] /health,85.900000,0.000000,4,4,5,5,7,8,10,11,21,21,21,18140,0,4,4.2962774366318035,1.8389999968349002,44.313999998848885,83.99619625137817

1790042811,200,,Aggregated,197.800000,0.000000,5,6,6,7,8,10,12,14,35,40,40,41789,0,5,5.224649261788115,1.7956000010599382,313.4501000022283,24030.79274450214

1790042812,200,GET,[GET] /actuator/health,25.700000,0.000000,4,5,5,6,8,9,11,12,13,13,13,5935,0,4,4.81795386694491,2.2581000011996366,50.14140000275802,49.0

1790042812,200,GET,[GET] /api/soporte/election/status,27.000000,0.000000,4,5,5,6,7,8,10,12,20,20,20,5924,0,4,4.382472721130144,1.7956000010599382,24.966900004073977,78.0

1790042812,200,GET,[GET] /api/soporte/tickets,61.900000,0.000000,6,8,8,9,10,12,14,18,40,40,40,11914,0,6,7.2623999244679025,3.7642000024789013,313.4501000022283,84567.0

1790042812,200,GET,[GET] /health,82.700000,0.000000,4,4,5,5,7,8,10,11,21,21,21,18223,0,4,4.2960044504466515,1.8389999968349002,44.313999998848885,83.9962135762498

1790042812,200,,Aggregated,197.300000,0.000000,5,6,6,7,9,10,12,14,35,40,40,41996,0,5,5.223512867913443,1.7956000010599382,313.4501000022283,24045.499285646252

1790042813,200,GET,[GET] /actuator/health,25.200000,0.000000,4,5,5,6,8,9,11,13,14,14,14,5965,0,4,4.822393881025256,2.2581000011996366,50.14140000275802,49.0

1790042813,200,GET,[GET] /api/soporte/election/status,26.600000,0.000000,4,5,5,6,7,8,9,10,12,12,12,5957,0,4,4.381327631356151,1.7956000010599382,24.966900004073977,78.0

1790042813,200,GET,[GET] /api/soporte/tickets,61.200000,0.000000,6,7,8,9,10,13,14,24,40,40,40,11970,0,6,7.269038947378094,3.7642000024789013,313.4501000022283,84567.0

1790042813,200,GET,[GET] /health,83.300000,0.000000,4,4,5,5,7,8,10,11,17,17,17,18302,0,4,4.2980820129194885,1.8389999968349002,44.313999998848885,83.9962299202273

1790042813,200,,Aggregated,196.300000,0.000000,5,6,6,7,8,10,12,14,35,40,40,42194,0,5,5.226786780131595,1.7956000010599382,313.4501000022283,24045.15381333839

1790042814,200,GET,[GET] /actuator/health,25.200000,0.000000,4,5,5,6,8,10,11,13,14,14,14,5985,0,4,4.822235572318974,2.2581000011996366,50.14140000275802,49.0

1790042814,200,GET,[GET] /api/soporte/election/status,25.900000,0.000000,4,5,5,6,7,8,10,12,12,12,12,5990,0,4,4.384407312182172,1.7956000010599382,24.966900004073977,78.0

1790042814,200,GET,[GET] /api/soporte/tickets,61.200000,0.000000,6,7,8,9,10,12,14,19,33,33,33,12024,0,6,7.268132776122185,3.7642000024789013,313.4501000022283,84567.0

1790042814,200,GET,[GET] /health,83.800000,0.000000,4,5,5,5,7,9,10,11,17,17,17,18381,0,4,4.299944616748197,1.8389999968349002,44.313999998848885,83.99624612371471

1790042814,200,,Aggregated,196.100000,0.000000,5,6,6,7,9,10,12,14,33,33,33,42380,0,5,5.227772302992969,1.7956000010599382,313.4501000022283,24047.61746106654

1790042815,200,GET,[GET] /actuator/health,25.800000,0.000000,4,5,5,6,8,9,11,12,14,14,14,6011,0,4,4.818738296510605,2.2581000011996366,50.14140000275802,49.0

1790042815,200,GET,[GET] /api/soporte/election/status,26.200000,0.000000,4,5,5,6,7,8,9,11,12,12,12,6018,0,4,4.382715420402839,1.7956000010599382,24.966900004073977,78.0

1790042815,200,GET,[GET] /api/soporte/tickets,61.700000,0.000000,6,7,8,8,10,11,14,23,33,33,33,12086,0,6,7.2644839566519845,3.7642000024789013,313.4501000022283,84567.0

1790042815,200,GET,[GET] /health,82.600000,0.000000,4,4,5,5,6,8,10,11,17,17,17,18465,0,4,4.2973998808796585,1.8389999968349002,44.313999998848885,83.99626320064988

1790042815,200,,Aggregated,196.300000,0.000000,5,6,6,7,8,10,11,14,33,33,33,42580,0,5,5.225238590907663,1.7956000010599382,313.4501000022283,24058.048285580084

1790042816,200,GET,[GET] /actuator/health,25.200000,0.000000,4,5,6,6,8,10,11,12,14,14,14,6038,0,4,4.819923931817492,2.2581000011996366,50.14140000275802,49.0

1790042816,200,GET,[GET] /api/soporte/election/status,27.800000,0.000000,4,5,5,6,7,8,10,11,12,12,12,6040,0,4,4.385956026488575,1.7956000010599382,24.966900004073977,78.0

1790042816,200,GET,[GET] /api/soporte/tickets,60.500000,0.000000,6,7,8,8,10,11,14,23,33,33,33,12151,0,6,7.262698683245276,3.7642000024789013,313.4501000022283,84567.0

1790042816,200,GET,[GET] /health,81.600000,0.000000,4,5,5,5,7,8,10,10,13,13,13,18551,0,4,4.29760946581771,1.8389999968349002,44.313999998848885,83.99628052396098

1790042816,200,,Aggregated,195.100000,0.000000,5,6,6,7,8,10,11,13,33,33,33,42780,0,5,5.225990649855135,1.7956000010599382,313.4501000022283,24074.306077606358

1790042817,200,GET,[GET] /actuator/health,25.100000,0.000000,4,5,5,6,7,9,11,12,14,14,14,6063,0,4,4.816874830995714,2.2581000011996366,50.14140000275802,49.0

1790042817,200,GET,[GET] /api/soporte/election/status,27.300000,0.000000,4,5,5,6,7,8,9,11,12,12,12,6068,0,4,4.384495105467909,1.7956000010599382,24.966900004073977,78.0

1790042817,200,GET,[GET] /api/soporte/tickets,59.700000,0.000000,6,7,8,8,10,11,14,23,33,33,33,12213,0,6,7.259569827242918,3.7642000024789013,313.4501000022283,84567.0

1790042817,200,GET,[GET] /health,81.800000,0.000000,4,5,5,5,6,8,10,11,13,13,13,18643,0,4,4.296214713315921,1.8389999968349002,44.313999998848885,83.99629887893579

1790042817,200,,Aggregated,193.900000,0.000000,5,6,6,7,8,9,11,13,33,33,33,42987,0,5,5.224027859603432,1.7956000010599382,313.4501000022283,24080.608207132387

1790042818,200,GET,[GET] /actuator/health,25.200000,0.000000,4,5,5,6,7,9,11,12,14,14,14,6092,0,4,4.8148369993931945,2.2581000011996366,50.14140000275802,49.0

1790042818,200,GET,[GET] /api/soporte/election/status,27.500000,0.000000,4,5,5,6,7,8,9,10,12,12,12,6096,0,4,4.383262040681891,1.7956000010599382,24.966900004073977,78.0

1790042818,200,GET,[GET] /api/soporte/tickets,59.700000,0.000000,6,7,8,8,10,11,14,23,33,33,33,12276,0,6,7.254672434023592,3.7642000024789013,313.4501000022283,84567.0

1790042818,200,GET,[GET] /health,82.800000,0.000000,4,5,5,5,7,8,9,11,13,13,13,18726,0,4,4.29461973728265,1.8389999968349002,44.313999998848885,83.99631528356296

1790042818,200,,Aggregated,195.200000,0.000000,5,6,6,7,8,9,11,13,33,33,33,43190,0,5,5.2218513637584785,1.7956000010599382,313.4501000022283,24091.02576985413

1790042819,200,GET,[GET] /actuator/health,25.800000,0.000000,4,5,6,6,7,8,11,12,14,14,14,6124,0,4,4.814091394561784,2.2581000011996366,50.14140000275802,49.0

1790042819,200,GET,[GET] /api/soporte/election/status,27.700000,0.000000,4,5,5,6,7,8,9,10,12,12,12,6121,0,4,4.38259826825769,1.7956000010599382,24.966900004073977,78.0

1790042819,200,GET,[GET] /api/soporte/tickets,59.800000,0.000000,6,7,8,8,10,12,16,24,35,35,35,12329,0,6,7.253681255582091,3.7642000024789013,313.4501000022283,84567.0

1790042819,200,GET,[GET] /health,82.100000,0.000000,4,5,5,5,6,8,9,11,13,13,13,18810,0,4,4.293530435955975,1.8389999968349002,44.313999998848885,83.99633173843701

1790042819,200,,Aggregated,195.400000,0.000000,5,6,6,7,8,9,12,13,33,35,35,43384,0,5,5.220803139422487,1.7956000010599382,313.4501000022283,24086.852941176472

1790042820,200,GET,[GET] /actuator/health,26.100000,0.000000,4,5,5,6,7,8,10,11,14,14,14,6162,0,4,4.811461149029733,2.2581000011996366,50.14140000275802,49.0

1790042820,200,GET,[GET] /api/soporte/election/status,27.800000,0.000000,4,5,5,6,7,8,9,10,12,12,12,6149,0,4,4.382032818347208,1.7956000010599382,24.966900004073977,78.0

1790042820,200,GET,[GET] /api/soporte/tickets,59.600000,0.000000,6,7,8,8,10,11,13,17,35,35,35,12382,0,6,7.251396357620273,3.7642000024789013,313.4501000022283,84567.0

1790042820,200,GET,[GET] /health,81.900000,0.000000,4,5,5,5,7,8,10,11,13,13,13,18895,0,4,4.295113532697349,1.8389999968349002,44.313999998848885,83.99634824027521

1790042820,200,,Aggregated,195.400000,0.000000,5,6,6,7,8,9,11,13,33,35,35,43588,0,5,5.220159293858604,1.7956000010599382,313.4501000022283,24077.206226484355

1790042821,200,GET,[GET] /actuator/health,27.000000,0.000000,4,5,6,6,7,8,10,11,14,14,14,6198,0,4,4.809213746418487,2.2581000011996366,50.14140000275802,49.0

1790042821,200,GET,[GET] /api/soporte/election/status,27.300000,0.000000,4,5,5,6,7,8,9,10,12,12,12,6176,0,4,4.380179630835333,1.7956000010599382,24.966900004073977,78.0

1790042821,200,GET,[GET] /api/soporte/tickets,59.100000,0.000000,6,7,8,8,9,11,13,17,35,35,35,12437,0,6,7.247946586799676,3.7642000024789013,313.4501000022283,84567.0

1790042821,200,GET,[GET] /health,83.400000,0.000000,4,5,5,5,7,8,10,11,13,13,13,18980,0,4,4.2933700895843,1.8389999968349002,44.313999998848885,83.9963645943098

1790042821,200,,Aggregated,196.800000,0.000000,5,6,6,7,8,9,11,13,33,35,35,43791,0,5,5.217747304256089,1.7956000010599382,313.4501000022283,24072.0572720422

1790042822,200,GET,[GET] /actuator/health,28.300000,0.000000,4,5,5,6,7,7,9,10,11,11,11,6225,0,4,4.807343823339904,2.2581000011996366,50.14140000275802,49.0

1790042822,200,GET,[GET] /api/soporte/election/status,27.500000,0.000000,4,5,5,6,7,8,9,11,12,12,12,6215,0,4,4.379720836697768,1.7956000010599382,24.966900004073977,78.0

1790042822,200,GET,[GET] /api/soporte/tickets,58.000000,0.000000,6,7,7,8,9,11,12,14,35,35,35,12496,0,6,7.2440036011537075,3.7642000024789013,313.4501000022283,84567.0

1790042822,200,GET,[GET] /health,83.900000,0.000000,4,4,5,5,6,8,9,10,13,13,13,19058,0,4,4.291473543933765,1.8389999968349002,44.313999998848885,83.99637947318712

1790042822,200,,Aggregated,197.700000,0.000000,5,5,6,6,8,9,11,12,33,35,35,43994,0,5,5.215566943234848,1.7956000010599382,313.4501000022283,24074.642678547076

1790042823,200,GET,[GET] /actuator/health,29.200000,0.000000,4,5,6,6,7,7,9,10,11,11,11,6252,0,4,4.806796225256398,2.2581000011996366,50.14140000275802,49.0

1790042823,200,GET,[GET] /api/soporte/election/status,27.400000,0.000000,4,5,5,6,7,7,8,9,11,11,11,6247,0,4,4.3784439250951435,1.7956000010599382,24.966900004073977,78.0

1790042823,200,GET,[GET] /api/soporte/tickets,58.600000,0.000000,6,7,7,8,9,11,12,14,35,35,35,12550,0,6,7.242050780879358,3.7642000024789013,313.4501000022283,84567.0

1790042823,200,GET,[GET] /health,83.200000,0.000000,4,4,5,5,6,7,9,10,13,13,13,19146,0,4,4.290848516675964,1.8389999968349002,44.313999998848885,83.99639611407082

1790042823,200,,Aggregated,198.400000,0.000000,5,5,6,6,8,9,10,12,32,35,35,44195,0,5,5.214267500864041,1.7956000010599382,313.4501000022283,24068.73309197873

1790042824,200,GET,[GET] /actuator/health,28.900000,0.000000,4,5,6,6,7,9,10,11,11,11,11,6281,0,4,4.809702006096333,2.2581000011996366,50.14140000275802,49.0

1790042824,200,GET,[GET] /api/soporte/election/status,28.900000,0.000000,4,5,5,6,7,8,9,10,13,13,13,6274,0,4,4.380471453625701,1.7956000010599382,24.966900004073977,78.0

1790042824,200,GET,[GET] /api/soporte/tickets,58.100000,0.000000,6,7,8,8,9,11,13,14,35,35,35,12605,0,6,7.244626545027351,3.7642000024789013,313.4501000022283,84567.0

1790042824,200,GET,[GET] /health,83.100000,0.000000,4,4,5,5,7,8,9,11,14,14,14,19228,0,4,4.2939549667294425,1.8389999968349002,44.313999998848885,83.9964114832536

1790042824,200,,Aggregated,199.000000,0.000000,5,6,6,7,8,9,11,12,17,35,35,44388,0,5,5.217074432294363,1.7956000010599382,313.4501000022283,24069.101085879065

1790042825,200,GET,[GET] /actuator/health,28.300000,0.000000,4,5,6,6,7,9,10,11,11,11,11,6304,0,4,4.809600206264001,2.2581000011996366,50.14140000275802,49.0

1790042825,200,GET,[GET] /api/soporte/election/status,29.200000,0.000000,4,5,5,6,7,8,9,10,13,13,13,6304,0,4,4.3846745558483065,1.7956000010599382,24.966900004073977,78.0

1790042825,200,GET,[GET] /api/soporte/tickets,57.800000,0.000000,6,7,8,8,10,11,13,15,35,35,35,12663,0,6,7.2452005527957954,3.7642000024789013,313.4501000022283,84567.0

1790042825,200,GET,[GET] /health,83.600000,0.000000,4,4,5,5,7,8,10,11,14,14,14,19315,0,4,4.293968076638458,1.8389999968349002,44.313999998848885,83.99642764690655

1790042825,200,,Aggregated,198.900000,0.000000,5,5,6,7,8,9,11,12,35,35,35,44586,0,5,5.217886244576346,1.7956000010599382,313.4501000022283,24072.464899295745

1790042826,200,GET,[GET] /actuator/health,29.400000,0.000000,4,5,6,6,7,9,10,11,11,11,11,6334,0,4,4.809647331903959,2.2581000011996366,50.14140000275802,49.0

1790042826,200,GET,[GET] /api/soporte/election/status,27.800000,0.000000,4,5,5,6,7,8,9,10,13,13,13,6344,0,4,4.38528883985789,1.7956000010599382,24.966900004073977,78.0

1790042826,200,GET,[GET] /api/soporte/tickets,58.200000,0.000000,6,7,8,8,10,11,13,15,35,35,35,12715,0,6,7.244113952031012,3.7642000024789013,313.4501000022283,84567.0

1790042826,200,GET,[GET] /health,84.100000,0.000000,4,4,5,5,7,8,9,11,14,14,14,19398,0,4,4.294134946916676,1.8389999968349002,44.313999998848885,83.99644293226106

1790042826,200,,Aggregated,199.500000,0.000000,5,6,6,7,8,9,11,12,35,35,35,44791,0,5,5.2173677122793,1.7956000010599382,313.4501000022283,24060.725726150344

1790042827,200,GET,[GET] /actuator/health,29.200000,0.000000,4,5,6,6,7,9,10,11,11,11,11,6367,0,4,4.809670001614826,2.2581000011996366,50.14140000275802,49.0

1790042827,200,GET,[GET] /api/soporte/election/status,28.500000,0.000000,4,5,5,6,7,8,9,10,13,13,13,6371,0,4,4.385135316287467,1.7956000010599382,24.966900004073977,78.0

1790042827,200,GET,[GET] /api/soporte/tickets,57.500000,0.000000,6,7,8,8,10,11,13,15,35,35,35,12777,0,6,7.240410996326416,3.7642000024789013,313.4501000022283,84567.0

1790042827,200,GET,[GET] /health,84.700000,0.000000,4,5,5,6,7,8,9,11,14,14,14,19484,0,4,4.294502350661088,1.8389999968349002,44.313999998848885,83.99645863272428

1790042827,200,,Aggregated,199.900000,0.000000,5,6,6,7,8,9,11,12,35,35,35,44999,0,5,5.216686617495774,1.7956000010599382,313.4501000022283,24066.26962821396

1790042828,200,GET,[GET] /actuator/health,29.200000,0.000000,4,5,6,6,8,9,10,11,11,11,11,6393,0,4,4.810158611024616,2.2581000011996366,50.14140000275802,49.0

1790042828,200,GET,[GET] /api/soporte/election/status,30.200000,0.000000,4,5,5,6,7,8,9,10,13,13,13,6398,0,4,4.383154095037818,1.7956000010599382,24.966900004073977,78.0

1790042828,200,GET,[GET] /api/soporte/tickets,55.900000,0.000000,6,7,8,8,10,11,13,15,35,35,35,12822,0,6,7.237747527691789,3.7642000024789013,313.4501000022283,84567.0

1790042828,200,GET,[GET] /health,83.500000,0.000000,4,4,5,5,7,8,9,11,14,14,14,19573,0,4,4.292271169482624,1.8389999968349002,44.313999998848885,83.99647473560518

1790042828,200,,Aggregated,198.800000,0.000000,5,6,6,7,8,9,11,12,34,35,35,45186,0,5,5.2142209157854165,1.7956000010599382,313.4501000022283,24051.131722214846

1790042829,200,GET,[GET] /actuator/health,30.000000,0.000000,4,5,6,6,8,9,11,11,12,12,12,6428,0,4,4.809434567559709,2.2581000011996366,50.14140000275802,49.0

1790042829,200,GET,[GET] /api/soporte/election/status,30.100000,0.000000,4,5,5,6,7,8,10,11,13,13,13,6429,0,4,4.386417856591918,1.7956000010599382,24.966900004073977,78.0

1790042829,200,GET,[GET] /api/soporte/tickets,55.700000,0.000000,6,7,8,8,10,12,13,15,35,35,35,12878,0,6,7.237967098934235,3.7642000024789013,313.4501000022283,84567.0

1790042829,200,GET,[GET] /health,82.800000,0.000000,4,5,5,6,7,8,10,11,14,14,14,19662,0,4,4.295519586016215,1.8389999968349002,44.313999998848885,83.99649069270674

1790042829,200,,Aggregated,198.600000,0.000000,5,6,6,7,8,10,11,13,34,35,35,45397,0,5,5.215859466498428,1.7956000010599382,313.4501000022283,24043.919179681478

1790042830,200,GET,[GET] /actuator/health,29.800000,0.000000,4,5,6,6,8,9,11,11,12,12,12,6457,0,4,4.80780734091183,2.2581000011996366,50.14140000275802,49.0

1790042830,200,GET,[GET] /api/soporte/election/status,30.100000,0.000000,4,5,6,6,7,9,10,11,13,13,13,6455,0,4,4.3867736018618,1.7956000010599382,24.966900004073977,78.0

1790042830,200,GET,[GET] /api/soporte/tickets,54.600000,0.000000,6,7,8,8,10,11,13,15,35,35,35,12928,0,6,7.233412291155912,3.7642000024789013,313.4501000022283,84567.0

1790042830,200,GET,[GET] /health,84.700000,0.000000,4,4,5,6,7,9,10,11,14,14,14,19764,0,4,4.294047702906144,1.8389999968349002,44.313999998848885,83.99635701275045

1790042830,200,,Aggregated,199.200000,0.000000,5,6,6,7,8,10,11,13,34,35,35,45604,0,5,5.213177539263798,1.7956000010599382,313.4501000022283,24027.764296991492

1790042831,200,GET,[GET] /actuator/health,30.000000,0.000000,4,5,6,6,8,9,10,11,12,12,12,6490,0,4,4.806330385247275,2.2581000011996366,50.14140000275802,49.0

1790042831,200,GET,[GET] /api/soporte/election/status,30.300000,0.000000,4,5,5,6,8,9,10,10,13,13,13,6480,0,4,4.385276311727972,1.7956000010599382,24.966900004073977,78.0

1790042831,200,GET,[GET] /api/soporte/tickets,54.600000,0.000000,6,7,8,8,10,12,14,16,35,35,35,12985,0,6,7.236073315367832,3.7642000024789013,313.4501000022283,84567.0

1790042831,200,GET,[GET] /health,84.100000,0.000000,4,5,5,6,7,8,10,11,14,14,14,19852,0,4,4.292159782401697,1.8389999968349002,44.313999998848885,83.99637316139432

1790042831,200,,Aggregated,199.000000,0.000000,5,6,6,7,8,10,12,13,34,35,35,45807,0,5,5.212697681588881,1.7956000010599382,313.4501000022283,24026.752264937673

1790042832,200,GET,[GET] /actuator/health,29.400000,0.000000,4,5,6,6,8,10,11,12,13,13,13,6521,0,4,4.810951924590541,2.2581000011996366,50.14140000275802,49.0

1790042832,200,GET,[GET] /api/soporte/election/status,30.700000,0.000000,4,5,5,6,8,9,10,10,13,13,13,6514,0,4,4.382450199567333,1.7956000010599382,24.966900004073977,78.0

1790042832,200,GET,[GET] /api/soporte/tickets,54.200000,0.000000,6,7,8,9,10,12,15,17,35,35,35,13047,0,6,7.237875818201454,3.7642000024789013,313.4501000022283,84567.0

1790042832,200,GET,[GET] /health,86.000000,0.000000,4,5,5,6,7,9,10,11,14,14,14,19930,0,4,4.293843291532638,1.8389999968349002,44.313999998848885,83.99638735574511

1790042832,200,,Aggregated,200.300000,0.000000,5,6,6,7,9,10,12,13,34,35,35,46012,0,5,5.214473630804059,1.7956000010599382,313.4501000022283,24033.889376684343

1790042833,200,GET,[GET] /actuator/health,29.200000,0.000000,4,5,6,6,8,9,10,12,13,13,13,6554,0,4,4.8087116723039935,2.2581000011996366,50.14140000275802,49.0

1790042833,200,GET,[GET] /api/soporte/election/status,30.400000,0.000000,4,5,5,6,7,8,9,10,13,13,13,6544,0,4,4.38058448960758,1.7956000010599382,24.966900004073977,78.0

1790042833,200,GET,[GET] /api/soporte/tickets,54.100000,0.000000,6,7,8,8,10,12,15,21,35,35,35,13093,0,6,7.236600947077133,3.7642000024789013,313.4501000022283,84567.0

1790042833,200,GET,[GET] /health,86.800000,0.000000,4,4,5,6,7,8,10,11,13,13,13,20018,0,4,4.29361065042671,1.8389999968349002,44.313999998848885,83.99640323708662

1790042833,200,,Aggregated,200.500000,0.000000,5,6,6,7,8,10,11,13,34,35,35,46209,0,5,5.212862329862044,1.7956000010599382,313.4501000022283,24015.857278885065

1790042834,200,GET,[GET] /actuator/health,29.100000,0.000000,4,5,6,6,7,8,10,12,13,13,13,6584,0,4,4.808360996396573,2.2581000011996366,50.14140000275802,49.0

1790042834,200,GET,[GET] /api/soporte/election/status,29.400000,0.000000,4,5,5,6,7,8,9,10,13,13,13,6570,0,4,4.380808021306043,1.7956000010599382,24.966900004073977,78.0

1790042834,200,GET,[GET] /api/soporte/tickets,54.300000,0.000000,6,7,8,8,10,12,15,20,33,33,33,13154,0,6,7.237914162999174,3.7642000024789013,313.4501000022283,84567.0

1790042834,200,GET,[GET] /health,86.100000,0.000000,4,5,5,6,7,9,10,11,17,17,17,20104,0,4,4.2950226024794285,1.8389999968349002,44.313999998848885,83.99641862315957

1790042834,200,,Aggregated,198.900000,0.000000,5,6,6,7,8,10,11,13,31,33,33,46412,0,5,5.214057028367519,1.7956000010599382,313.4501000022283,24022.193786089803

1790042835,200,GET,[GET] /actuator/health,29.900000,0.000000,4,5,6,6,7,8,10,12,13,13,13,6619,0,4,4.805186281958136,2.2581000011996366,50.14140000275802,49.0

1790042835,200,GET,[GET] /api/soporte/election/status,29.700000,0.000000,4,4,5,5,7,8,10,10,13,13,13,6600,0,4,4.379788757572841,1.7956000010599382,24.966900004073977,78.0

1790042835,200,GET,[GET] /api/soporte/tickets,54.000000,0.000000,6,7,8,8,10,11,15,21,33,33,33,13206,0,6,7.237529978804832,3.7642000024789013,313.4501000022283,84567.0

1790042835,200,GET,[GET] /health,86.600000,0.000000,4,4,5,5,7,8,10,11,17,17,17,20195,0,4,4.293044753664918,1.8389999968349002,44.313999998848885,83.99643476107947

1790042835,200,,Aggregated,200.200000,0.000000,5,5,6,7,8,10,11,13,31,33,33,46620,0,5,5.212119122707449,1.7956000010599382,313.4501000022283,24009.593329043328

1790042836,200,GET,[GET] /actuator/health,29.900000,0.000000,4,5,6,6,7,8,10,12,13,13,13,6644,0,4,4.806079861575012,2.2581000011996366,50.14140000275802,49.0

1790042836,200,GET,[GET] /api/soporte/election/status,29.600000,0.000000,4,5,5,5,7,8,10,11,14,14,14,6631,0,4,4.381689187142652,1.7956000010599382,24.966900004073977,78.0

1790042836,200,GET,[GET] /api/soporte/tickets,54.000000,0.000000,6,7,8,8,10,12,15,21,33,33,33,13263,0,6,7.235125944363541,3.7642000024789013,313.4501000022283,84567.0

1790042836,200,GET,[GET] /health,87.000000,0.000000,4,4,5,5,7,8,10,11,17,17,17,20287,0,4,4.29306836398957,1.8389999968349002,44.313999998848885,83.99645092916646

1790042836,200,,Aggregated,200.500000,0.000000,5,6,6,7,8,10,12,14,31,33,33,46825,0,5,5.211735801400905,1.7956000010599382,313.4501000022283,24007.665371062467

1790042837,200,GET,[GET] /actuator/health,30.600000,0.000000,4,5,6,6,7,8,11,12,13,13,13,6675,0,4,4.807438651731583,2.2581000011996366,50.14140000275802,49.0

1790042837,200,GET,[GET] /api/soporte/election/status,29.200000,0.000000,4,5,5,5,7,8,10,11,14,14,14,6663,0,4,4.381055515523156,1.7956000010599382,24.966900004073977,78.0

1790042837,200,GET,[GET] /api/soporte/tickets,54.200000,0.000000,6,7,8,8,10,12,16,21,33,33,33,13312,0,6,7.234617179993126,3.7642000024789013,313.4501000022283,84567.0

1790042837,200,GET,[GET] /health,87.500000,0.000000,4,4,5,5,7,8,10,11,17,17,17,20381,0,4,4.2929674549920955,1.8389999968349002,44.313999998848885,83.99646729797361

1790042837,200,,Aggregated,201.500000,0.000000,5,6,6,7,8,10,12,14,31,33,33,47031,0,5,5.211090971922807,1.7956000010599382,313.4501000022283,23990.870383364163

1790042838,200,GET,[GET] /actuator/health,30.500000,0.000000,4,5,6,6,7,8,11,12,13,13,13,6706,0,4,4.806297524648904,2.2581000011996366,50.14140000275802,49.0

1790042838,200,GET,[GET] /api/soporte/election/status,28.300000,0.000000,4,4,5,5,7,8,9,10,14,14,14,6679,0,4,4.380271807144679,1.7956000010599382,24.966900004073977,78.0

1790042838,200,GET,[GET] /api/soporte/tickets,54.400000,0.000000,6,7,8,8,10,12,15,21,33,33,33,13372,0,6,7.2308095946836985,3.7642000024789013,313.4501000022283,84567.0

1790042838,200,GET,[GET] /health,88.800000,0.000000,4,4,5,5,7,8,9,11,17,17,17,20467,0,4,4.29126477257049,1.8389999968349002,44.313999998848885,83.99648214198466

1790042838,200,,Aggregated,202.000000,0.000000,5,5,6,7,8,9,12,14,31,33,33,47224,0,5,5.209354747597101,1.7956000010599382,313.4501000022283,24000.479332542775

1790042839,200,GET,[GET] /actuator/health,30.900000,0.000000,4,5,6,6,7,8,11,13,22,22,22,6740,0,4,4.809594762654955,2.2581000011996366,50.14140000275802,49.0

1790042839,200,GET,[GET] /api/soporte/election/status,28.300000,0.000000,4,4,5,5,7,8,9,10,14,14,14,6716,0,4,4.377659008333695,1.7956000010599382,24.966900004073977,78.0

1790042839,200,GET,[GET] /api/soporte/tickets,53.500000,0.000000,6,7,8,8,10,12,15,20,33,33,33,13427,0,6,7.230570358243136,3.7642000024789013,313.4501000022283,84567.0

1790042839,200,GET,[GET] /health,89.700000,0.000000,4,4,5,5,7,8,9,11,17,17,17,20551,0,4,4.291228334398544,1.8389999968349002,44.313999998848885,83.99649652085057

1790042839,200,,Aggregated,202.400000,0.000000,5,6,6,7,8,9,12,14,31,33,33,47434,0,5,5.2091522599953315,1.7956000010599382,313.4501000022283,23992.52496099844

1790042840,200,GET,[GET] /actuator/health,31.200000,0.000000,4,5,6,6,8,8,11,13,22,22,22,6763,0,4,4.811364498048708,2.2581000011996366,50.14140000275802,49.0

1790042840,200,GET,[GET] /api/soporte/election/status,28.000000,0.000000,4,4,5,5,7,8,9,11,14,14,14,6740,0,4,4.377728367950593,1.7956000010599382,24.966900004073977,78.0

1790042840,200,GET,[GET] /api/soporte/tickets,54.400000,0.000000,6,7,8,8,10,12,14,17,31,31,31,13478,0,6,7.228459170507705,3.7642000024789013,313.4501000022283,84567.0

1790042840,200,GET,[GET] /health,88.000000,0.000000,4,4,5,5,7,8,9,11,17,17,17,20643,0,4,4.289701506575246,1.8389999968349002,44.313999998848885,83.99651213486412

1790042840,200,,Aggregated,201.600000,0.000000,5,6,6,7,8,9,12,13,27,31,31,47624,0,5,5.207933567122167,1.7956000010599382,313.4501000022283,23987.591823450362

1790042841,200,GET,[GET] /actuator/health,30.500000,0.000000,4,5,6,6,7,9,11,13,32,32,32,6789,0,4,4.814948210386835,2.2581000011996366,50.14140000275802,49.0

1790042841,200,GET,[GET] /api/soporte/election/status,28.400000,0.000000,4,4,5,5,7,8,10,11,14,14,14,6770,0,4,4.37731884785629,1.7956000010599382,24.966900004073977,78.0

1790042841,200,GET,[GET] /api/soporte/tickets,53.700000,0.000000,6,7,8,8,10,12,15,17,31,31,31,13540,0,6,7.231393064999091,3.7642000024789013,313.4501000022283,84567.0

1790042841,200,GET,[GET] /health,88.800000,0.000000,4,4,5,5,7,8,9,11,17,17,17,20742,0,4,4.2896840227657425,1.8389999968349002,44.313999998848885,83.99652878218109

1790042841,200,,Aggregated,201.400000,0.000000,5,6,6,7,8,9,12,14,31,32,32,47841,0,5,5.209189191291947,1.7956000010599382,313.4501000022283,23988.632281933908

1790042842,200,GET,[GET] /actuator/health,30.100000,0.000000,4,5,6,6,8,10,12,13,32,32,32,6811,0,4,4.819897665582926,2.2581000011996366,50.14140000275802,49.0

1790042842,200,GET,[GET] /api/soporte/election/status,27.900000,0.000000,4,5,5,6,7,9,10,11,14,14,14,6801,0,4,4.3822962946598505,1.7956000010599382,24.966900004073977,78.0

1790042842,200,GET,[GET] /api/soporte/tickets,54.700000,0.000000,6,7,8,8,11,13,16,20,31,31,31,13608,0,6,7.237319826578022,3.7642000024789013,313.4501000022283,84567.0

1790042842,200,GET,[GET] /health,87.600000,0.000000,4,4,5,5,7,8,9,11,17,17,17,20813,0,4,4.289031408265675,1.8389999968349002,44.313999998848885,83.99654062364868

1790042842,200,,Aggregated,200.300000,0.000000,5,6,6,7,8,10,13,15,31,32,32,48033,0,5,5.212778277446218,1.7956000010599382,313.4501000022283,24012.661566006704

1790042843,200,GET,[GET] /actuator/health,29.300000,0.000000,4,5,6,6,8,11,12,13,32,32,32,6843,0,4,4.82304451268432,2.2581000011996366,50.14140000275802,49.0

1790042843,200,GET,[GET] /api/soporte/election/status,28.800000,0.000000,4,5,5,5,7,9,10,13,14,14,14,6822,0,4,4.383451729692402,1.7956000010599382,24.966900004073977,78.0

1790042843,200,GET,[GET] /api/soporte/tickets,54.600000,0.000000,6,7,8,8,11,13,15,17,31,31,31,13657,0,6,7.2368917624687406,3.7642000024789013,313.4501000022283,84567.0

1790042843,200,GET,[GET] /health,87.500000,0.000000,4,4,5,5,7,8,9,10,13,13,13,20909,0,4,4.290025218816535,1.8389999968349002,44.313999998848885,83.99655650676742

1790042843,200,,Aggregated,200.200000,0.000000,5,6,6,7,8,10,13,14,31,32,32,48231,0,5,5.21329371981777,1.7956000010599382,313.4501000022283,24000.2327548672

1790042844,200,GET,[GET] /actuator/health,29.100000,0.000000,5,5,6,6,9,11,12,13,32,32,32,6871,0,4,4.824378984179085,2.2581000011996366,50.14140000275802,49.0

1790042844,200,GET,[GET] /api/soporte/election/status,28.400000,0.000000,4,5,5,6,8,9,11,13,14,14,14,6841,0,4,4.386041075860053,1.7956000010599382,24.966900004073977,78.0

1790042844,200,GET,[GET] /api/soporte/tickets,55.600000,0.000000,6,7,8,8,11,13,15,17,31,31,31,13721,0,6,7.238745033163392,3.7642000024789013,313.4501000022283,84567.0

1790042844,200,GET,[GET] /health,87.700000,0.000000,4,4,5,6,7,8,10,11,15,15,15,21010,0,4,4.292683379355816,1.8389999968349002,44.313999998848885,83.9965730604474

1790042844,200,,Aggregated,200.800000,0.000000,5,6,6,7,8,10,13,14,31,32,32,48443,0,5,5.215723910586745,1.7956000010599382,313.4501000022283,24007.16000247714

1790042845,200,GET,[GET] /actuator/health,28.700000,0.000000,5,5,6,7,9,11,12,13,32,32,32,6909,0,4,4.826049298055863,2.2581000011996366,50.14140000275802,49.0

1790042845,200,GET,[GET] /api/soporte/election/status,27.500000,0.000000,4,5,5,6,8,9,11,13,14,14,14,6870,0,4,4.384749723424925,1.7956000010599382,24.966900004073977,78.0

1790042845,200,GET,[GET] /api/soporte/tickets,55.900000,0.000000,6,7,8,9,11,13,15,17,31,31,31,13770,0,6,7.2374333841705685,3.7642000024789013,313.4501000022283,84567.0

1790042845,200,GET,[GET] /health,88.500000,0.000000,4,5,5,6,7,8,9,11,15,15,15,21089,0,4,4.29294457301214,1.8389999968349002,44.313999998848885,83.99658589786145

1790042845,200,,Aggregated,200.600000,0.000000,5,6,6,7,9,10,13,14,31,32,32,48638,0,5,5.2152590772745375,1.7956000010599382,313.4501000022283,23996.327871211808

1790042846,200,GET,[GET] /actuator/health,28.400000,0.000000,5,5,6,6,9,11,12,13,32,32,32,6941,0,4,4.824562743161081,2.2581000011996366,50.14140000275802,49.0

1790042846,200,GET,[GET] /api/soporte/election/status,27.300000,0.000000,4,5,5,5,7,9,11,13,14,14,14,6899,0,4,4.381572068405959,1.7956000010599382,24.966900004073977,78.0

1790042846,200,GET,[GET] /api/soporte/tickets,56.500000,0.000000,6,7,8,9,11,13,15,17,32,32,32,13825,0,6,7.238082169982159,3.7642000024789013,313.4501000022283,84567.0

1790042846,200,GET,[GET] /health,89.400000,0.000000,4,5,5,6,7,8,10,11,15,15,15,21180,0,4,4.292692606247515,1.8389999968349002,44.313999998848885,83.99660056657224

1790042846,200,,Aggregated,201.600000,0.000000,5,6,6,7,9,11,13,14,32,32,32,48845,0,5,5.214484002467796,1.7956000010599382,313.4501000022283,23990.092210052208

1790042847,200,GET,[GET] /actuator/health,29.100000,0.000000,5,5,6,7,9,10,12,13,32,32,32,6976,0,4,4.829519251759206,2.2581000011996366,50.14140000275802,49.0

1790042847,200,GET,[GET] /api/soporte/election/status,26.800000,0.000000,4,5,5,6,8,9,10,13,14,14,14,6931,0,4,4.381672861051516,1.7956000010599382,24.966900004073977,78.0

1790042847,200,GET,[GET] /api/soporte/tickets,55.900000,0.000000,7,7,8,9,11,13,15,17,32,32,32,13877,0,6,7.237253304032762,3.7642000024789013,313.4501000022283,84567.0

1790042847,200,GET,[GET] /health,89.000000,0.000000,4,5,5,6,7,8,10,11,15,15,15,21264,0,4,4.292600517323884,1.8389999968349002,44.313999998848885,83.99661399548533

1790042847,200,,Aggregated,200.800000,0.000000,5,6,6,7,9,10,13,14,32,32,32,49048,0,5,5.214673837886519,1.7956000010599382,313.4501000022283,23980.688407274505

1790042848,200,GET,[GET] /actuator/health,29.700000,0.000000,5,5,6,7,9,10,12,12,32,32,32,7004,0,4,4.828993717914634,2.2581000011996366,50.14140000275802,49.0

1790042848,200,GET,[GET] /api/soporte/election/status,26.800000,0.000000,4,5,5,6,8,10,11,13,14,14,14,6960,0,4,4.380760402294062,1.7956000010599382,24.966900004073977,78.0

1790042848,200,GET,[GET] /api/soporte/tickets,55.800000,0.000000,7,7,8,9,11,13,15,17,32,32,32,13931,0,6,7.238315591135666,3.7642000024789013,313.4501000022283,84567.0

1790042848,200,GET,[GET] /health,87.900000,0.000000,4,5,5,6,7,9,10,11,15,15,15,21345,0,4,4.292780951059633,1.8389999968349002,44.313999998848885,83.99648629655657

1790042848,200,,Aggregated,200.200000,0.000000,5,6,7,7,9,11,13,14,32,32,32,49240,0,5,5.2148405422566935,1.7956000010599382,313.4501000022283,23980.135215272137

1790042849,200,GET,[GET] /actuator/health,29.400000,0.000000,5,5,6,7,9,10,12,12,32,32,32,7036,0,4,4.830804135903802,2.2581000011996366,50.14140000275802,49.0

1790042849,200,GET,[GET] /api/soporte/election/status,27.100000,0.000000,4,5,5,6,7,9,11,13,14,14,14,6995,0,4,4.377876011435634,1.7956000010599382,24.966900004073977,78.0

1790042849,200,GET,[GET] /api/soporte/tickets,56.200000,0.000000,7,8,9,10,12,13,15,17,32,32,32,13979,0,6,7.240051977973909,3.7642000024789013,313.4501000022283,84567.0

1790042849,200,GET,[GET] /health,88.100000,0.000000,4,5,5,6,7,9,10,12,15,15,15,21436,0,4,4.293046622521297,1.8389999968349002,44.313999998848885,83.99650121291286

1790042849,200,,Aggregated,200.800000,0.000000,5,6,7,7,9,11,13,14,32,32,32,49446,0,5,5.214723427591215,1.7956000010599382,313.4501000022283,23962.565546252477

1790042850,200,GET,[GET] /actuator/health,29.400000,0.000000,5,6,6,7,9,10,12,12,13,13,13,7061,0,4,4.833994009377097,2.2581000011996366,50.14140000275802,49.0

1790042850,200,GET,[GET] /api/soporte/election/status,27.900000,0.000000,4,5,5,5,7,9,10,13,14,14,14,7034,0,4,4.377977210691049,1.7956000010599382,24.966900004073977,78.0

1790042850,200,GET,[GET] /api/soporte/tickets,55.500000,0.000000,7,8,9,9,11,13,14,15,32,32,32,14032,0,6,7.238456157361121,3.7642000024789013,313.4501000022283,84567.0

1790042850,200,GET,[GET] /health,88.200000,0.000000,4,5,5,6,7,8,10,12,15,15,15,21520,0,4,4.29347907064932,1.8389999968349002,44.313999998848885,83.99637546468402

1790042850,200,,Aggregated,201.000000,0.000000,5,6,7,7,9,10,13,14,31,32,32,49647,0,5,5.214679835653254,1.7956000010599382,313.4501000022283,23956.057505992307

1790042851,200,GET,[GET] /actuator/health,29.900000,0.000000,5,5,6,7,8,10,12,12,13,13,13,7083,0,4,4.83367218695581,2.2581000011996366,50.14140000275802,49.0

1790042851,200,GET,[GET] /api/soporte/election/status,27.900000,0.000000,4,5,5,5,7,8,10,13,14,14,14,7057,0,4,4.37870185631228,1.7956000010599382,24.966900004073977,78.0

1790042851,200,GET,[GET] /api/soporte/tickets,56.000000,0.000000,7,7,8,9,10,12,14,15,32,32,32,14087,0,6,7.236569106275107,3.7642000024789013,313.4501000022283,84567.0

1790042851,200,GET,[GET] /health,87.100000,0.000000,4,5,5,6,7,8,10,12,15,15,15,21607,0,4,4.292809788512214,1.8389999968349002,44.313999998848885,83.99639005877725

1790042851,200,,Aggregated,200.900000,0.000000,5,6,6,7,9,10,12,13,31,32,32,49834,0,5,5.213984211596191,1.7956000010599382,313.4501000022283,23959.701248143836

1790042852,200,GET,[GET] /actuator/health,29.400000,0.000000,5,5,6,7,9,10,12,12,13,13,13,7115,0,4,4.837359255118406,2.2581000011996366,50.14140000275802,49.0

1790042852,200,GET,[GET] /api/soporte/election/status,29.300000,0.000000,4,5,5,5,7,9,11,13,14,14,14,7091,0,4,4.381114483145715,1.7956000010599382,24.966900004073977,78.0

1790042852,200,GET,[GET] /api/soporte/tickets,54.700000,0.000000,7,7,8,9,11,12,14,15,32,32,32,14155,0,6,7.237738735431914,3.7642000024789013,313.4501000022283,84567.0

1790042852,200,GET,[GET] /health,87.500000,0.000000,4,5,5,6,7,8,11,13,15,15,15,21675,0,4,4.2914784129357475,1.8389999968349002,44.313999998848885,83.99640138408304

1790042852,200,,Aggregated,200.900000,0.000000,5,6,7,7,9,10,12,13,27,32,32,50036,0,5,5.215290596781813,1.7956000010599382,313.4501000022283,23978.100567591333

1790042853,200,GET,[GET] /actuator/health,29.700000,0.000000,5,6,6,7,9,10,12,12,12,12,12,7143,0,4,4.838329035437173,2.2581000011996366,50.14140000275802,49.0

1790042853,200,GET,[GET] /api/soporte/election/status,28.900000,0.000000,4,5,5,6,7,8,11,13,19,19,19,7125,0,4,4.387467115785592,1.7956000010599382,24.966900004073977,78.0

1790042853,200,GET,[GET] /api/soporte/tickets,55.100000,0.000000,7,7,9,9,11,13,15,20,32,32,32,14218,0,6,7.2441916584591,3.7642000024789013,313.4501000022283,84567.0

1790042853,200,GET,[GET] /health,86.900000,0.000000,4,5,5,6,7,8,11,12,20,20,20,21759,0,4,4.2932390275448915,1.8389999968349002,44.313999998848885,83.99641527643733

1790042853,200,,Aggregated,200.600000,0.000000,5,6,7,7,9,11,12,14,27,32,32,50245,0,5,5.219134092952948,1.7956000010599382,313.4501000022283,23984.616200616976

1790042854,200,GET,[GET] /actuator/health,30.100000,0.000000,4,5,6,7,9,10,12,12,12,12,12,7166,0,4,4.837172969595835,2.2581000011996366,50.14140000275802,49.0

1790042854,200,GET,[GET] /api/soporte/election/status,28.800000,0.000000,4,5,5,6,7,8,11,13,19,19,19,7151,0,4,4.387093805059412,1.7956000010599382,24.966900004073977,78.0

1790042854,200,GET,[GET] /api/soporte/tickets,55.100000,0.000000,7,7,8,9,11,12,14,16,32,32,32,14281,0,6,7.240489454516237,3.7642000024789013,313.4501000022283,84567.0

1790042854,200,GET,[GET] /health,86.300000,0.000000,4,4,5,5,7,8,11,12,20,20,20,21852,0,4,4.2918239429052845,1.8389999968349002,44.313999998848885,83.99643053267435

1790042854,200,,Aggregated,200.300000,0.000000,5,6,6,7,9,10,12,14,27,32,32,50450,0,5,5.217475837471086,1.7956000010599382,313.4501000022283,23992.977779980178

1790042855,200,GET,[GET] /actuator/health,30.600000,0.000000,4,5,6,7,9,10,12,12,15,15,15,7181,0,4,4.838126208065495,2.2581000011996366,50.14140000275802,49.0

1790042855,200,GET,[GET] /api/soporte/election/status,29.800000,0.000000,4,5,5,6,7,8,12,16,19,19,19,7179,0,4,4.387966889535689,1.7956000010599382,24.966900004073977,78.0

1790042855,200,GET,[GET] /api/soporte/tickets,55.400000,0.000000,7,7,8,9,11,13,16,20,29,29,29,14349,0,6,7.243391985499836,3.7642000024789013,313.4501000022283,84567.0

1790042855,200,GET,[GET] /health,83.800000,0.000000,4,4,5,5,7,8,11,13,20,20,20,21944,0,4,4.293279967203875,1.8389999968349002,44.313999998848885,83.99644549763033

1790042855,200,,Aggregated,199.600000,0.000000,5,6,6,7,9,11,13,16,27,29,29,50653,0,5,5.219650678150436,1.7956000010599382,313.4501000022283,24010.560717035518

1790042856,200,GET,[GET] /actuator/health,29.500000,0.000000,4,6,6,7,9,10,12,12,15,15,15,7211,0,4,4.837515226750572,2.2581000011996366,50.14140000275802,49.0

1790042856,200,GET,[GET] /api/soporte/election/status,30.700000,0.000000,4,5,5,6,7,8,12,16,19,19,19,7215,0,4,4.387609313923808,1.7956000010599382,24.966900004073977,78.0

1790042856,200,GET,[GET] /api/soporte/tickets,55.200000,0.000000,6,7,8,9,11,13,16,20,29,29,29,14408,0,6,7.240754407272377,3.7642000024789013,313.4501000022283,84567.0

1790042856,200,GET,[GET] /health,83.500000,0.000000,4,4,5,6,7,8,11,13,20,20,20,22023,0,4,4.292672705822512,1.813999995647464,44.313999998848885,83.99645824819507

1790042856,200,,Aggregated,198.900000,0.000000,5,6,6,7,9,11,13,16,27,29,29,50857,0,5,5.2185981084288935,1.7956000010599382,313.4501000022283,24012.57052126551

1790042857,200,GET,[GET] /actuator/health,27.900000,0.000000,4,5,6,7,9,9,12,12,15,15,15,7240,0,4,4.837068011063077,2.2581000011996366,50.14140000275802,49.0

1790042857,200,GET,[GET] /api/soporte/election/status,31.000000,0.000000,4,5,5,6,7,8,12,16,19,19,19,7243,0,4,4.38759418748439,1.7956000010599382,24.966900004073977,78.0

1790042857,200,GET,[GET] /api/soporte/tickets,56.400000,0.000000,6,7,8,9,10,12,18,20,29,29,29,14462,0,6,7.239745871940991,3.7642000024789013,313.4501000022283,84567.0

1790042857,200,GET,[GET] /health,84.500000,0.000000,4,4,5,5,7,8,11,13,20,20,20,22104,0,4,4.290492521729618,1.813999995647464,44.313999998848885,83.99647122692726

1790042857,200,,Aggregated,199.800000,0.000000,5,6,6,7,8,10,13,16,27,29,29,51049,0,5,5.217300409417779,1.7956000010599382,313.4501000022283,24011.916511586907

1790042858,200,GET,[GET] /actuator/health,26.500000,0.000000,4,5,6,7,9,9,12,12,15,15,15,7273,0,4,4.83804670701322,2.2581000011996366,50.14140000275802,49.0

1790042858,200,GET,[GET] /api/soporte/election/status,31.100000,0.000000,4,5,5,6,7,8,12,16,19,19,19,7265,0,4,4.387157591187516,1.7956000010599382,24.966900004073977,78.0

1790042858,200,GET,[GET] /api/soporte/tickets,57.700000,0.000000,6,7,8,8,10,12,18,20,29,29,29,14513,0,6,7.236864845310152,3.7642000024789013,313.4501000022283,84567.0

1790042858,200,GET,[GET] /health,83.600000,0.000000,4,4,5,5,6,8,11,13,20,20,20,22193,0,4,4.289538854608233,1.813999995647464,44.313999998848885,83.99648537827242

1790042858,200,,Aggregated,198.900000,0.000000,5,6,6,7,8,10,12,16,27,29,29,51244,0,5,5.215950528850035,1.7956000010599382,313.4501000022283,24004.918663648426

1790042859,200,GET,[GET] /actuator/health,26.200000,0.000000,4,5,6,7,9,9,12,12,15,15,15,7297,0,4,4.8358722488824375,2.2581000011996366,50.14140000275802,49.0

1790042859,200,GET,[GET] /api/soporte/election/status,31.000000,0.000000,4,5,5,6,7,8,12,16,19,19,19,7293,0,4,4.385122240501946,1.7956000010599382,24.966900004073977,78.0

1790042859,200,GET,[GET] /api/soporte/tickets,57.300000,0.000000,6,7,8,8,10,11,18,20,29,29,29,14558,0,6,7.235421781840514,3.7642000024789013,313.4501000022283,84567.0

1790042859,200,GET,[GET] /health,83.300000,0.000000,4,4,5,5,6,7,10,13,20,20,20,22276,0,4,4.287947180834624,1.813999995647464,44.313999998848885,83.99649847369366

1790042859,200,,Aggregated,197.800000,0.000000,5,6,6,7,8,10,12,16,27,29,29,51424,0,5,5.2139008634175115,1.7956000010599382,313.4501000022283,23995.09760034225

1790042860,200,GET,[GET] /actuator/health,26.900000,0.000000,4,5,6,6,8,9,11,12,15,15,15,7331,0,4,4.832881666904747,2.2581000011996366,50.14140000275802,49.0

1790042860,200,GET,[GET] /api/soporte/election/status,30.100000,0.000000,4,5,6,6,7,8,12,16,19,19,19,7324,0,4,4.386393828510529,1.7956000010599382,24.966900004073977,78.0

1790042860,200,GET,[GET] /api/soporte/tickets,57.600000,0.000000,6,7,8,8,10,12,18,20,29,29,29,14604,0,6,7.233555395784512,3.7642000024789013,313.4501000022283,84567.0

1790042860,200,GET,[GET] /health,83.600000,0.000000,4,4,5,5,6,7,10,13,20,20,20,22363,0,4,4.286663600599324,1.813999995647464,44.313999998848885,83.99651209587265

1790042860,200,,Aggregated,198.200000,0.000000,5,6,6,7,8,10,13,16,27,29,29,51622,0,5,5.212066657632977,1.7956000010599382,313.4501000022283,23978.6403665104

1790042861,200,GET,[GET] /actuator/health,26.300000,0.000000,4,5,6,6,8,9,10,10,15,15,15,7356,0,4,4.833043597074548,2.2581000011996366,50.14140000275802,49.0

1790042861,200,GET,[GET] /api/soporte/election/status,29.700000,0.000000,4,5,5,6,7,8,9,16,19,19,19,7348,0,4,4.387894447469425,1.7956000010599382,24.966900004073977,78.0

1790042861,200,GET,[GET] /api/soporte/tickets,57.200000,0.000000,6,7,8,8,10,12,18,20,29,29,29,14663,0,6,7.232966718957267,3.7642000024789013,313.4501000022283,84567.0

1790042861,200,GET,[GET] /health,83.900000,0.000000,4,4,5,5,6,7,9,12,20,20,20,22454,0,4,4.287121385952233,1.813999995647464,44.313999998848885,83.99652623140643

1790042861,200,,Aggregated,197.100000,0.000000,5,6,6,7,8,9,12,16,29,29,29,51821,0,5,5.212445373503552,1.7956000010599382,313.4501000022283,23983.048706123

1790042862,200,GET,[GET] /actuator/health,26.700000,0.000000,4,5,6,6,8,8,10,10,15,15,15,7382,0,4,4.8327634381029965,2.2581000011996366,50.14140000275802,49.0

1790042862,200,GET,[GET] /api/soporte/election/status,29.100000,0.000000,4,5,5,6,7,8,9,13,19,19,19,7384,0,4,4.386862716684653,1.7956000010599382,24.966900004073977,78.0

1790042862,200,GET,[GET] /api/soporte/tickets,57.600000,0.000000,6,7,8,8,9,11,16,19,29,29,29,14719,0,6,7.2319220395440516,3.7642000024789013,313.4501000022283,84567.0

1790042862,200,GET,[GET] /health,83.400000,0.000000,4,4,5,5,6,7,9,12,20,20,20,22529,0,4,4.28766361579388,1.813999995647464,44.313999998848885,83.99653779572995

1790042862,200,,Aggregated,196.800000,0.000000,5,6,6,7,8,9,11,14,29,29,29,52014,0,5,5.212279157541143,1.7956000010599382,313.4501000022283,23985.305898411967

1790042863,200,GET,[GET] /actuator/health,27.300000,0.000000,4,5,6,6,8,9,10,11,15,15,15,7404,0,4,4.833734170729236,2.2581000011996366,50.14140000275802,49.0

1790042863,200,GET,[GET] /api/soporte/election/status,28.300000,0.000000,4,5,5,6,7,8,9,13,18,18,18,7412,0,4,4.389636063140552,1.7956000010599382,24.966900004073977,78.0

1790042863,200,GET,[GET] /api/soporte/tickets,57.200000,0.000000,6,7,8,8,10,11,16,19,29,29,29,14777,0,6,7.234282493063926,3.7642000024789013,313.4501000022283,84567.0

1790042863,200,GET,[GET] /health,83.800000,0.000000,4,4,5,6,6,7,9,11,19,19,19,22615,0,4,4.289869095742781,1.813999995647464,44.313999998848885,83.99655096175105

1790042863,200,,Aggregated,196.600000,0.000000,5,6,6,7,8,9,11,14,29,29,29,52208,0,5,5.214552028430617,1.7956000010599382,313.4501000022283,23990.328551179897

1790042864,200,GET,[GET] /actuator/health,26.700000,0.000000,4,5,5,6,8,8,10,11,15,15,15,7432,0,4,4.832354682469313,2.2581000011996366,50.14140000275802,49.0

1790042864,200,GET,[GET] /api/soporte/election/status,29.400000,0.000000,4,5,5,6,7,8,9,13,18,18,18,7441,0,4,4.3914487300081895,1.7956000010599382,24.966900004073977,78.0

1790042864,200,GET,[GET] /api/soporte/tickets,55.200000,0.000000,6,7,8,8,10,11,14,19,29,29,29,14830,0,6,7.232988395146428,3.7642000024789013,313.4501000022283,84567.0

1790042864,200,GET,[GET] /health,84.700000,0.000000,4,5,5,6,7,7,9,12,19,19,19,22702,0,4,4.29145440931138,1.813999995647464,44.313999998848885,83.99656417936745

1790042864,200,,Aggregated,196.000000,0.000000,5,6,6,7,8,9,11,14,29,29,29,52405,0,5,5.2147819082208065,1.7956000010599382,313.4501000022283,23985.880469420856

1790042865,200,GET,[GET] /actuator/health,25.700000,0.000000,4,5,5,6,7,8,10,10,14,14,14,7464,0,4,4.829941706876327,2.2581000011996366,50.14140000275802,49.0

1790042865,200,GET,[GET] /api/soporte/election/status,28.300000,0.000000,4,5,6,6,7,8,9,10,14,14,14,7468,0,4,4.391136569362586,1.7956000010599382,24.966900004073977,78.0

1790042865,200,GET,[GET] /api/soporte/tickets,55.400000,0.000000,6,7,8,8,9,10,12,14,29,29,29,14898,0,6,7.23008571620375,3.7642000024789013,313.4501000022283,84567.0

1790042865,200,GET,[GET] /health,86.700000,0.000000,4,5,5,6,6,7,9,10,14,14,14,22790,0,4,4.291393519095184,1.813999995647464,44.313999998848885,83.99657744624835

1790042865,200,,Aggregated,196.100000,0.000000,5,6,6,7,8,9,10,12,20,29,29,52620,0,5,5.213956064239974,1.7956000010599382,313.4501000022283,23997.37149372862

1790042866,200,GET,[GET] /actuator/health,26.600000,0.000000,4,5,5,6,7,8,10,10,14,14,14,7498,0,4,4.829662830101232,2.2581000011996366,50.14140000275802,49.0

1790042866,200,GET,[GET] /api/soporte/election/status,28.200000,0.000000,4,5,5,6,7,8,9,10,14,14,14,7497,0,4,4.392142350273561,1.7956000010599382,24.966900004073977,78.0

1790042866,200,GET,[GET] /api/soporte/tickets,55.300000,0.000000,6,7,8,8,10,11,12,14,29,29,29,14952,0,6,7.229497665863688,3.7642000024789013,313.4501000022283,84567.0

1790042866,200,GET,[GET] /health,84.800000,0.000000,4,5,5,6,7,8,9,10,14,14,14,22869,0,4,4.291954549836448,1.813999995647464,44.313999998848885,83.99658926931654

1790042866,200,,Aggregated,194.900000,0.000000,5,6,6,7,8,9,10,12,17,29,29,52816,0,5,5.2141180854344045,1.7956000010599382,313.4501000022283,23994.980119660708

1790042867,200,GET,[GET] /actuator/health,26.900000,0.000000,4,5,5,6,7,8,10,14,14,14,14,7522,0,4,4.832943392729411,2.2581000011996366,50.14140000275802,49.0

1790042867,200,GET,[GET] /api/soporte/election/status,29.100000,0.000000,4,5,5,6,7,8,9,10,14,14,14,7525,0,4,4.389849076410322,1.7956000010599382,24.966900004073977,78.0

1790042867,200,GET,[GET] /api/soporte/tickets,55.300000,0.000000,6,7,8,8,10,11,12,15,29,29,29,15011,0,6,7.227765112251091,3.7642000024789013,313.4501000022283,84567.0

1790042867,200,GET,[GET] /health,83.400000,0.000000,4,5,5,6,7,8,9,11,14,14,14,22961,0,4,4.29050756501154,1.813999995647464,44.313999998848885,83.99660293541223

1790042867,200,,Aggregated,194.700000,0.000000,5,6,6,7,8,9,11,12,17,29,29,53019,0,5,5.21317529188271,1.7956000010599382,313.4501000022283,23997.423772609818

1790042868,200,GET,[GET] /actuator/health,28.200000,0.000000,4,5,6,6,7,8,10,14,14,14,14,7550,0,4,4.830862410609003,2.2581000011996366,50.14140000275802,49.0

1790042868,200,GET,[GET] /api/soporte/election/status,28.100000,0.000000,4,5,6,6,7,8,9,10,14,14,14,7545,0,4,4.391389662023833,1.7956000010599382,24.966900004073977,78.0

1790042868,200,GET,[GET] /api/soporte/tickets,53.900000,0.000000,7,7,8,8,10,11,13,15,29,29,29,15062,0,6,7.229935041826785,3.7642000024789013,313.4501000022283,84567.0

1790042868,200,GET,[GET] /health,84.900000,0.000000,4,5,5,6,7,8,9,11,16,16,16,23049,0,4,4.291563191470449,1.813999995647464,44.313999998848885,83.99661590524535

1790042868,200,,Aggregated,195.100000,0.000000,5,6,6,7,8,9,11,13,20,29,29,53206,0,5,5.214065477582701,1.7956000010599382,313.4501000022283,23994.33620268391

1790042869,200,GET,[GET] /actuator/health,28.500000,0.000000,4,5,6,6,7,8,10,14,14,14,14,7575,0,4,4.830866297039399,2.2581000011996366,50.14140000275802,49.0

1790042869,200,GET,[GET] /api/soporte/election/status,27.600000,0.000000,4,5,6,6,7,8,9,10,14,14,14,7574,0,4,4.390691853705639,1.7956000010599382,24.966900004073977,78.0

1790042869,200,GET,[GET] /api/soporte/tickets,54.800000,0.000000,7,7,8,8,10,11,13,15,29,29,29,15122,0,6,7.229281206189536,3.7642000024789013,313.4501000022283,84567.0

1790042869,200,GET,[GET] /health,84.700000,0.000000,4,5,5,6,7,8,10,11,16,16,16,23137,0,4,4.291623213909368,1.813999995647464,44.313999998848885,83.99662877641872

1790042869,200,,Aggregated,195.600000,0.000000,5,6,6,7,8,10,11,13,20,29,29,53408,0,5,5.213926546589634,1.7956000010599382,313.4501000022283,23998.79327067106

1790042870,200,GET,[GET] /actuator/health,27.900000,0.000000,4,5,6,6,7,8,11,14,14,14,14,7597,0,4,4.830029709105115,2.2581000011996366,50.14140000275802,49.0

1790042870,200,GET,[GET] /api/soporte/election/status,27.900000,0.000000,4,5,5,6,7,8,9,9,14,14,14,7607,0,4,4.390358669640013,1.7956000010599382,24.966900004073977,78.0

1790042870,200,GET,[GET] /api/soporte/tickets,55.100000,0.000000,7,7,8,8,10,11,12,15,20,20,20,15167,0,6,7.226978380693368,3.7642000024789013,313.4501000022283,84567.0

1790042870,200,GET,[GET] /health,84.500000,0.000000,4,5,5,6,7,8,10,11,16,16,16,23227,0,4,4.290870387918533,1.813999995647464,44.313999998848885,83.99664183923882

1790042870,200,,Aggregated,195.400000,0.000000,5,6,6,7,8,10,11,12,19,20,20,53598,0,5,5.212262056423434,1.7956000010599382,313.4501000022283,23984.92999738796

1790042871,200,GET,[GET] /actuator/health,27.500000,0.000000,4,5,6,6,7,8,11,14,14,14,14,7624,0,4,4.828989729806048,2.2581000011996366,50.14140000275802,49.0

1790042871,200,GET,[GET] /api/soporte/election/status,27.800000,0.000000,4,5,5,6,7,8,9,10,14,14,14,7642,0,4,4.3880650876680845,1.7956000010599382,24.966900004073977,78.0

1790042871,200,GET,[GET] /api/soporte/tickets,55.800000,0.000000,7,7,8,9,10,11,13,15,20,20,20,15228,0,6,7.226323732596067,3.7642000024789013,313.4501000022283,84567.0

1790042871,200,GET,[GET] /health,85.100000,0.000000,4,5,5,6,7,8,10,11,16,16,16,23311,0,4,4.289312972423788,1.813999995647464,44.313999998848885,83.9966539401999

1790042871,200,,Aggregated,196.200000,0.000000,5,6,6,7,8,10,11,13,19,20,20,53805,0,5,5.211048110773063,1.7956000010599382,313.4501000022283,23988.73662299043

1790042872,200,GET,[GET] /actuator/health,27.100000,0.000000,4,5,6,6,7,8,11,14,14,14,14,7666,0,4,4.8281200887053455,2.2581000011996366,50.14140000275802,49.0

1790042872,200,GET,[GET] /api/soporte/election/status,28.300000,0.000000,4,5,5,6,7,8,9,11,14,14,14,7667,0,4,4.389721846867347,1.7956000010599382,24.966900004073977,78.0

1790042872,200,GET,[GET] /api/soporte/tickets,55.900000,0.000000,7,7,8,8,10,11,14,15,22,22,22,15288,0,6,7.2263362375692655,3.7642000024789013,313.4501000022283,84567.0

1790042872,200,GET,[GET] /health,86.300000,0.000000,4,4,5,6,6,8,10,11,16,16,16,23384,0,4,4.288606397546694,1.813999995647464,44.313999998848885,83.9966643859049

1790042872,200,,Aggregated,197.600000,0.000000,5,6,6,7,8,10,11,13,20,22,22,54005,0,5,5.2111724173713165,1.7956000010599382,313.4501000022283,23994.040070363855

1790042873,200,GET,[GET] /actuator/health,26.400000,0.000000,4,5,6,6,7,9,11,14,14,14,14,7696,0,4,4.830035628898965,2.2581000011996366,50.14140000275802,49.0

1790042873,200,GET,[GET] /api/soporte/election/status,29.200000,0.000000,4,5,5,6,7,8,9,11,11,11,11,7696,0,4,4.390983939701075,1.7956000010599382,24.966900004073977,78.0

1790042873,200,GET,[GET] /api/soporte/tickets,56.200000,0.000000,6,7,8,8,10,11,14,15,22,22,22,15331,0,6,7.225437538319413,3.7642000024789013,313.4501000022283,84567.0

1790042873,200,GET,[GET] /health,85.900000,0.000000,4,4,5,5,7,8,10,11,16,16,16,23476,0,4,4.288825566545326,1.813999995647464,44.313999998848885,83.99667745782928

1790042873,200,,Aggregated,197.700000,0.000000,5,6,6,7,8,9,11,13,20,22,22,54199,0,5,5.210845559883742,1.7956000010599382,313.4501000022283,23975.46034059669

1790042874,200,GET,[GET] /actuator/health,27.500000,0.000000,4,5,6,6,7,9,11,14,14,14,14,7731,0,4,4.829699443801249,2.2581000011996366,50.14140000275802,49.0

1790042874,200,GET,[GET] /api/soporte/election/status,28.100000,0.000000,4,5,5,6,7,8,9,11,11,11,11,7723,0,4,4.393680460952888,1.7956000010599382,24.966900004073977,78.0

1790042874,200,GET,[GET] /api/soporte/tickets,56.500000,0.000000,6,7,8,8,10,11,14,15,22,22,22,15395,0,6,7.2222674374773215,3.7642000024789013,313.4501000022283,84567.0

1790042874,200,GET,[GET] /health,85.500000,0.000000,4,4,5,5,7,8,10,11,16,16,16,23553,0,4,4.289628009177984,1.813999995647464,44.313999998848885,83.99668831995925

1790042874,200,,Aggregated,197.600000,0.000000,5,6,6,7,8,10,11,13,20,22,22,54402,0,5,5.211044011251407,1.7956000010599382,313.4501000022283,23985.67243851329

1790042875,200,GET,[GET] /actuator/health,28.500000,0.000000,4,5,6,6,7,9,11,14,14,14,14,7755,0,4,4.82895503546593,2.2581000011996366,50.14140000275802,49.0

1790042875,200,GET,[GET] /api/soporte/election/status,27.900000,0.000000,4,5,5,6,7,8,9,11,11,11,11,7751,0,4,4.392994142676754,1.7956000010599382,24.966900004073977,78.0

1790042875,200,GET,[GET] /api/soporte/tickets,56.400000,0.000000,6,7,8,8,10,11,14,15,22,22,22,15449,0,6,7.219437445783093,3.7642000024789013,313.4501000022283,84567.0

1790042875,200,GET,[GET] /health,84.600000,0.000000,4,4,5,5,7,8,10,11,16,16,16,23647,0,4,4.2885878673910245,1.813999995647464,44.313999998848885,83.99670148433205

1790042875,200,,Aggregated,197.400000,0.000000,5,6,6,7,8,10,11,13,20,22,22,54602,0,5,5.20940570491968,1.7956000010599382,313.4501000022283,23981.656825757298

1790042876,200,GET,[GET] /actuator/health,29.400000,0.000000,4,5,5,6,7,9,11,14,14,14,14,7783,0,4,4.826734266997441,2.2581000011996366,50.14140000275802,49.0

1790042876,200,GET,[GET] /api/soporte/election/status,28.600000,0.000000,4,5,5,6,7,8,9,11,11,11,11,7779,0,4,4.390005501981461,1.7956000010599382,24.966900004073977,78.0

1790042876,200,GET,[GET] /api/soporte/tickets,55.600000,0.000000,6,7,8,8,10,11,13,15,22,22,22,15507,0,6,7.217033700903351,3.7642000024789013,313.4501000022283,84567.0

1790042876,200,GET,[GET] /health,84.900000,0.000000,4,4,5,5,7,8,10,11,16,16,16,23726,0,4,4.286545637704256,1.813999995647464,44.313999998848885,83.99671246733541

1790042876,200,,Aggregated,198.500000,0.000000,5,5,6,7,8,10,11,12,20,22,22,54795,0,5,5.207289880464172,1.7956000010599382,313.4501000022283,23986.887562733828

1790042877,200,GET,[GET] /actuator/health,29.800000,0.000000,4,5,6,6,7,9,10,12,16,16,16,7812,0,4,4.829407808502713,2.2581000011996366,50.14140000275802,49.0

1790042877,200,GET,[GET] /api/soporte/election/status,27.500000,0.000000,4,5,5,6,7,8,9,11,11,11,11,7805,0,4,4.388711646368033,1.7956000010599382,24.966900004073977,78.0

1790042877,200,GET,[GET] /api/soporte/tickets,55.100000,0.000000,6,7,8,8,10,11,13,15,22,22,22,15574,0,6,7.217038750478375,3.7642000024789013,313.4501000022283,84567.0

1790042877,200,GET,[GET] /health,85.600000,0.000000,4,4,5,5,7,8,9,11,13,13,13,23810,0,4,4.287770163802904,1.813999995647464,44.313999998848885,83.99672406551869

1790042877,200,,Aggregated,198.000000,0.000000,5,6,6,7,8,9,11,12,20,22,22,55001,0,5,5.208472524136344,1.7956000010599382,313.4501000022283,24000.254504463555

1790042878,200,GET,[GET] /actuator/health,29.300000,0.000000,4,5,5,6,7,9,11,14,28,28,28,7833,0,4,4.830373688245083,2.2581000011996366,50.14140000275802,49.0

1790042878,200,GET,[GET] /api/soporte/election/status,28.000000,0.000000,4,5,5,6,7,8,9,11,11,11,11,7838,0,4,4.386028055611548,1.7956000010599382,24.966900004073977,78.0

1790042878,200,GET,[GET] /api/soporte/tickets,55.500000,0.000000,6,7,8,8,10,11,13,15,30,30,30,15632,0,6,7.216491159158953,3.7642000024789013,313.4501000022283,84567.0

1790042878,200,GET,[GET] /health,85.600000,0.000000,4,4,5,5,7,8,9,10,13,13,13,23885,0,4,4.285592438773816,1.813999995647464,44.313999998848885,83.99673435210383

1790042878,200,,Aggregated,198.400000,0.000000,5,5,6,7,8,9,11,12,28,30,30,55188,0,5,5.207356131767638,1.7956000010599382,313.4501000022283,24007.987008045227

1790042879,200,GET,[GET] /actuator/health,28.200000,0.000000,4,5,6,6,8,9,11,14,28,28,28,7862,0,4,4.831573060289982,2.2581000011996366,50.14140000275802,49.0

1790042879,200,GET,[GET] /api/soporte/election/status,28.600000,0.000000,4,5,5,6,7,8,10,11,11,11,11,7861,0,4,4.389139778639008,1.7956000010599382,24.966900004073977,78.0

1790042879,200,GET,[GET] /api/soporte/tickets,55.700000,0.000000,6,7,8,8,10,12,13,15,30,30,30,15687,0,6,7.2186658315774626,3.7642000024789013,313.4501000022283,84567.0

1790042879,200,GET,[GET] /health,84.200000,0.000000,4,4,5,5,7,8,9,10,13,13,13,23970,0,4,4.286625769716762,1.813999995647464,44.313999998848885,83.99674593241552

1790042879,200,,Aggregated,196.700000,0.000000,5,6,6,7,8,10,11,13,30,30,30,55380,0,5,5.2090734163948635,1.7956000010599382,313.4501000022283,24008.926092452148

1790042880,200,GET,[GET] /actuator/health,28.000000,0.000000,4,5,6,6,8,9,11,14,28,28,28,7894,0,4,4.8297542563966696,2.2581000011996366,50.14140000275802,49.0

1790042880,200,GET,[GET] /api/soporte/election/status,29.000000,0.000000,4,5,5,6,7,8,10,11,11,11,11,7894,0,4,4.387355193803807,1.7956000010599382,24.966900004073977,78.0

1790042880,200,GET,[GET] /api/soporte/tickets,56.000000,0.000000,6,7,8,8,10,12,13,15,30,30,30,15735,0,6,7.216781334599943,3.7642000024789013,313.4501000022283,84567.0

1790042880,200,GET,[GET] /health,83.800000,0.000000,4,4,5,5,7,8,9,10,13,13,13,24066,0,4,4.284896817090689,1.813999995647464,44.313999998848885,83.99675891298928

1790042880,200,,Aggregated,196.800000,0.000000,5,6,6,7,8,10,12,13,30,30,30,55589,0,5,5.206717931603684,1.7956000010599382,313.4501000022283,23991.900357984494

1790042881,200,GET,[GET] /actuator/health,28.300000,0.000000,4,5,6,6,8,9,11,14,28,28,28,7926,0,4,4.82962904365277,2.2581000011996366,50.14140000275802,49.0

1790042881,200,GET,[GET] /api/soporte/election/status,29.200000,0.000000,4,5,5,6,7,8,9,11,11,11,11,7922,0,4,4.3870316081655245,1.7956000010599382,24.966900004073977,78.0

1790042881,200,GET,[GET] /api/soporte/tickets,56.100000,0.000000,6,7,8,8,10,12,13,15,30,30,30,15787,0,6,7.21406601633771,3.7642000024789013,313.4501000022283,84567.0

1790042881,200,GET,[GET] /health,84.300000,0.000000,4,4,5,5,7,8,9,10,12,12,12,24158,0,4,4.285382453023826,1.813999995647464,44.313999998848885,83.99677125589866

1790042881,200,,Aggregated,197.900000,0.000000,5,6,6,7,8,10,11,12,30,30,30,55793,0,5,5.205822122846095,1.7956000010599382,313.4501000022283,23983.200634488196

1790042882,200,GET,[GET] /actuator/health,28.900000,0.000000,4,5,6,6,8,9,10,12,28,28,28,7944,0,4,4.827888494461939,2.2581000011996366,50.14140000275802,49.0

1790042882,200,GET,[GET] /api/soporte/election/status,28.000000,0.000000,4,5,5,6,7,8,9,10,11,11,11,7951,0,4,4.3849942648588724,1.7956000010599382,24.966900004073977,78.0

1790042882,200,GET,[GET] /api/soporte/tickets,56.100000,0.000000,6,7,7,8,10,12,13,13,30,30,30,15846,0,6,7.2106098321297925,3.7642000024789013,313.4501000022283,84567.0

1790042882,200,GET,[GET] /health,82.800000,0.000000,4,4,5,5,7,8,9,10,12,12,12,24235,0,4,4.282929407888201,1.813999995647464,44.313999998848885,83.99678151433876

1790042882,200,,Aggregated,195.800000,0.000000,5,5,6,7,8,9,11,12,30,30,30,55976,0,5,5.203550686008249,1.7956000010599382,313.4501000022283,23994.10065027869

1790042883,200,GET,[GET] /actuator/health,29.900000,0.000000,4,5,6,6,7,9,11,16,28,28,28,7973,0,4,4.830652941177679,2.2581000011996366,50.14140000275802,49.0

1790042883,200,GET,[GET] /api/soporte/election/status,27.800000,0.000000,4,4,5,5,7,8,9,9,15,15,15,7982,0,4,4.385035542456598,1.7956000010599382,24.966900004073977,78.0

1790042883,200,GET,[GET] /api/soporte/tickets,56.100000,0.000000,6,7,8,8,10,12,13,14,30,30,30,15903,0,6,7.2118179211420745,3.7642000024789013,313.4501000022283,84567.0

1790042883,200,GET,[GET] /health,82.900000,0.000000,4,4,5,5,7,8,10,11,15,15,15,24329,0,4,4.283880685608491,1.813999995647464,44.313999998848885,83.99679394960746

1790042883,200,,Aggregated,196.700000,0.000000,5,5,6,7,8,9,12,13,30,30,30,56187,0,5,5.204553067435342,1.7956000010599382,313.4501000022283,23989.994696282058

1790042884,200,GET,[GET] /actuator/health,28.800000,0.000000,4,5,6,6,8,8,11,16,28,28,28,8000,0,4,4.83146940000006,2.2581000011996366,50.14140000275802,49.0

1790042884,200,GET,[GET] /api/soporte/election/status,28.200000,0.000000,4,4,5,5,7,8,9,9,15,15,15,8016,0,4,4.384278118749591,1.7956000010599382,24.966900004073977,78.0

1790042884,200,GET,[GET] /api/soporte/tickets,56.400000,0.000000,6,7,8,8,10,12,13,14,30,30,30,15948,0,6,7.212479759212463,3.7642000024789013,313.4501000022283,84567.0

1790042884,200,GET,[GET] /health,84.400000,0.000000,4,4,5,5,6,8,9,11,15,15,15,24414,0,4,4.282655672982965,1.813999995647464,44.313999998848885,83.99680511182109

1790042884,200,,Aggregated,197.800000,0.000000,4,5,6,7,8,9,12,13,30,30,30,56378,0,5,5.203758760509838,1.7956000010599382,313.4501000022283,23976.41743233176

1790042885,200,GET,[GET] /actuator/health,27.900000,0.000000,4,5,6,6,8,8,12,17,28,28,28,8035,0,4,4.834905600496871,2.2581000011996366,50.14140000275802,49.0

1790042885,200,GET,[GET] /api/soporte/election/status,29.100000,0.000000,4,4,5,6,7,8,9,11,16,16,16,8041,0,4,4.387892252195637,1.7956000010599382,24.966900004073977,78.0

1790042885,200,GET,[GET] /api/soporte/tickets,56.000000,0.000000,6,7,8,9,11,12,15,19,33,33,33,16014,0,6,7.217369245653022,3.7642000024789013,313.4501000022283,84567.0

1790042885,200,GET,[GET] /health,84.600000,0.000000,4,4,5,5,7,8,10,12,16,16,16,24502,0,4,4.283479234354746,1.813999995647464,44.313999998848885,83.99681658640111

1790042885,200,,Aggregated,197.600000,0.000000,5,6,6,7,8,10,12,15,30,33,33,56592,0,5,5.206818408961425,1.7956000010599382,313.4501000022283,23984.572748798415

1790042886,200,GET,[GET] /actuator/health,27.200000,0.000000,4,5,6,6,8,9,12,17,28,28,28,8063,0,4,4.833637219395755,2.2581000011996366,50.14140000275802,49.0

1790042886,200,GET,[GET] /api/soporte/election/status,28.900000,0.000000,4,4,5,6,7,8,9,11,16,16,16,8069,0,4,4.385633882751956,1.7956000010599382,24.966900004073977,78.0

1790042886,200,GET,[GET] /api/soporte/tickets,55.800000,0.000000,6,7,8,9,11,12,14,19,33,33,33,16064,0,6,7.214882787593524,3.7642000024789013,313.4501000022283,84567.0

1790042886,200,GET,[GET] /health,86.000000,0.000000,4,4,5,5,7,8,10,12,16,16,16,24596,0,4,4.28320332575272,1.813999995647464,44.313999998848885,83.9968287526427

1790042886,200,,Aggregated,197.900000,0.000000,5,6,6,7,8,10,12,15,30,33,33,56792,0,5,5.205149366108427,1.7956000010599382,313.4501000022283,23974.76304761234

1790042887,200,GET,[GET] /actuator/health,26.800000,0.000000,4,5,6,6,7,8,10,16,20,20,20,8092,0,4,4.832045563517696,2.2581000011996366,50.14140000275802,49.0

1790042887,200,GET,[GET] /api/soporte/election/status,29.400000,0.000000,4,5,5,6,7,8,9,11,16,16,16,8098,0,4,4.38650658186189,1.7956000010599382,24.966900004073977,78.0

1790042887,200,GET,[GET] /api/soporte/tickets,56.100000,0.000000,6,7,8,8,10,12,14,18,33,33,33,16117,0,6,7.213569690384645,3.7642000024789013,313.4501000022283,84567.0

1790042887,200,GET,[GET] /health,85.500000,0.000000,4,4,5,5,7,8,10,12,16,16,16,24684,0,4,4.281381712858949,1.813999995647464,44.313999998848885,83.99684005833738

1790042887,200,,Aggregated,197.800000,0.000000,4,5,6,7,8,10,12,14,33,33,33,56991,0,5,5.203726411188476,1.7956000010599382,313.4501000022283,23969.887684020283

1790042888,200,GET,[GET] /actuator/health,27.300000,0.000000,4,5,6,6,8,8,10,16,20,20,20,8119,0,4,4.831730200759089,2.2581000011996366,50.14140000275802,49.0

1790042888,200,GET,[GET] /api/soporte/election/status,29.000000,0.000000,4,5,5,6,7,8,9,11,16,16,16,8127,0,4,4.385182884202289,1.7956000010599382,24.966900004073977,78.0

1790042888,200,GET,[GET] /api/soporte/tickets,55.700000,0.000000,6,7,8,8,10,12,14,18,33,33,33,16171,0,6,7.212993494523206,3.7642000024789013,313.4501000022283,84567.0

1790042888,200,GET,[GET] /health,85.700000,0.000000,4,4,5,5,7,8,9,12,16,16,16,24778,0,4,4.280501343942134,1.813999995647464,44.313999998848885,83.99685204616999

1790042888,200,,Aggregated,197.700000,0.000000,4,5,6,7,8,10,12,14,33,33,33,57195,0,5,5.2027411294695,1.7956000010599382,313.4501000022283,23964.436891336656

1790042889,200,GET,[GET] /actuator/health,28.100000,0.000000,4,5,6,6,7,8,10,16,20,20,20,8153,0,4,4.8300673617050265,2.2581000011996366,50.14140000275802,49.0

1790042889,200,GET,[GET] /api/soporte/election/status,29.100000,0.000000,4,4,5,6,7,8,9,11,16,16,16,8160,0,4,4.382347879890421,1.7956000010599382,24.966900004073977,78.0

1790042889,200,GET,[GET] /api/soporte/tickets,55.000000,0.000000,6,7,8,8,10,12,14,18,33,33,33,16224,0,6,7.212375283526667,3.7642000024789013,313.4501000022283,84567.0

1790042889,200,GET,[GET] /health,87.000000,0.000000,4,4,5,5,7,8,10,12,16,16,16,24859,0,4,4.279681519780824,1.813999995647464,44.313999998848885,83.99686230339113

1790042889,200,,Aggregated,199.200000,0.000000,4,5,6,7,8,10,12,14,33,33,33,57396,0,5,5.201436988641283,1.7956000010599382,313.4501000022283,23958.796135619206

1790042890,200,GET,[GET] /actuator/health,28.300000,0.000000,4,5,6,6,7,8,10,16,20,20,20,8181,0,4,4.8281332966585895,2.2581000011996366,50.14140000275802,49.0

1790042890,200,GET,[GET] /api/soporte/election/status,28.900000,0.000000,4,4,5,6,7,8,9,11,16,16,16,8180,0,4,4.381279193143765,1.7956000010599382,24.966900004073977,78.0

1790042890,200,GET,[GET] /api/soporte/tickets,54.400000,0.000000,6,7,8,9,10,12,15,20,33,33,33,16285,0,6,7.212413386547924,3.7642000024789013,313.4501000022283,84567.0

1790042890,200,GET,[GET] /health,87.900000,0.000000,4,4,5,5,6,8,9,12,16,16,16,24944,0,4,4.27751478512702,1.813999995647464,44.313999998848885,83.99687299550995

1790042890,200,,Aggregated,199.500000,0.000000,4,5,6,7,8,10,12,14,33,33,33,57590,0,5,5.200387273832632,1.7956000010599382,313.4501000022283,23967.83681194652

1790042891,200,GET,[GET] /actuator/health,27.800000,0.000000,4,5,6,6,7,8,10,16,20,20,20,8210,0,4,4.828102058464547,2.2581000011996366,50.14140000275802,49.0

1790042891,200,GET,[GET] /api/soporte/election/status,28.500000,0.000000,4,4,5,5,7,8,9,11,16,16,16,8197,0,4,4.380841722567136,1.7956000010599382,24.966900004073977,78.0

1790042891,200,GET,[GET] /api/soporte/tickets,53.900000,0.000000,6,7,8,9,10,12,15,20,33,33,33,16351,0,6,7.210429894191717,3.7642000024789013,313.4501000022283,84567.0

1790042891,200,GET,[GET] /health,87.300000,0.000000,4,4,5,5,6,7,9,12,16,16,16,25024,0,4,4.277060517911614,1.813999995647464,44.313999998848885,83.99688299232737

1790042891,200,,Aggregated,197.500000,0.000000,4,5,6,7,8,10,12,14,33,33,33,57782,0,5,5.200155396144574,1.7956000010599382,313.4501000022283,23984.953982208994

1790042892,200,GET,[GET] /actuator/health,29.000000,0.000000,4,5,6,6,8,9,10,16,20,20,20,8238,0,4,4.831086040300862,2.2581000011996366,50.14140000275802,49.0

1790042892,200,GET,[GET] /api/soporte/election/status,28.900000,0.000000,4,5,5,6,7,8,9,11,16,16,16,8229,0,4,4.382858524715383,1.7956000010599382,24.966900004073977,78.0

1790042892,200,GET,[GET] /api/soporte/tickets,53.700000,0.000000,6,7,8,9,10,13,15,20,33,33,33,16410,0,6,7.209676751977038,3.7642000024789013,313.4501000022283,84567.0

1790042892,200,GET,[GET] /health,87.800000,0.000000,4,4,5,5,7,8,10,12,16,16,16,25110,0,4,4.280389263250013,1.813999995647464,44.313999998848885,83.99689366786141

1790042892,200,,Aggregated,199.400000,0.000000,5,6,6,7,8,10,12,14,33,33,33,57987,0,5,5.202138401711287,1.7956000010599382,313.4501000022283,23986.396192249988

1790042893,200,GET,[GET] /actuator/health,28.400000,0.000000,4,5,6,6,8,9,10,14,17,17,17,8266,0,4,4.83467945802106,2.2581000011996366,50.14140000275802,49.0

1790042893,200,GET,[GET] /api/soporte/election/status,28.300000,0.000000,4,5,5,6,7,8,10,11,16,16,16,8248,0,4,4.385236554298899,1.7956000010599382,24.966900004073977,78.0

1790042893,200,GET,[GET] /api/soporte/tickets,54.900000,0.000000,6,7,8,9,10,12,16,19,33,33,33,16476,0,6,7.211829806990635,3.7642000024789013,313.4501000022283,84567.0

1790042893,200,GET,[GET] /health,86.900000,0.000000,4,4,5,6,7,8,10,11,16,16,16,25197,0,4,4.282949509870444,1.813999995647464,44.313999998848885,83.99690439338016

1790042893,200,,Aggregated,198.500000,0.000000,5,6,6,7,8,10,12,14,33,33,33,58187,0,5,5.205157134755919,1.7956000010599382,313.4501000022283,24000.047089556087

1790042894,200,GET,[GET] /actuator/health,28.300000,0.000000,4,5,6,6,8,9,10,14,17,17,17,8289,0,4,4.833509796116461,2.2581000011996366,50.14140000275802,49.0

1790042894,200,GET,[GET] /api/soporte/election/status,27.900000,0.000000,4,5,5,6,7,8,10,11,16,16,16,8274,0,4,4.384786415260716,1.7956000010599382,24.966900004073977,78.0

1790042894,200,GET,[GET] /api/soporte/tickets,55.700000,0.000000,6,7,8,9,10,12,14,18,33,33,33,16543,0,6,7.210286399079397,3.7642000024789013,313.4501000022283,84567.0

1790042894,200,GET,[GET] /health,86.500000,0.000000,4,4,5,6,7,8,10,11,16,16,16,25273,0,4,4.2826432240022045,1.813999995647464,44.313999998848885,83.99691370237012

1790042894,200,,Aggregated,198.400000,0.000000,5,6,6,7,8,10,12,14,33,33,33,58379,0,5,5.204948621936907,1.7956000010599382,313.4501000022283,24018.333099230887

1790042895,200,GET,[GET] /actuator/health,28.900000,0.000000,4,5,6,6,8,8,10,10,14,14,14,8321,0,4,4.834649345030265,2.2581000011996366,50.14140000275802,49.0

1790042895,200,GET,[GET] /api/soporte/election/status,27.300000,0.000000,4,5,5,5,6,8,10,11,12,12,12,8309,0,4,4.385352039939379,1.7956000010599382,24.966900004073977,78.0

1790042895,200,GET,[GET] /api/soporte/tickets,55.700000,0.000000,6,7,8,9,10,11,13,17,33,33,33,16603,0,6,7.211926687947428,3.7642000024789013,313.4501000022283,84567.0

1790042895,200,GET,[GET] /health,87.000000,0.000000,4,4,5,6,7,8,10,11,12,12,12,25349,0,4,4.282534936297926,1.813999995647464,44.313999998848885,83.99692295554065

1790042895,200,,Aggregated,198.900000,0.000000,5,6,6,7,8,10,11,13,32,33,33,58582,0,5,5.205773176061937,1.7956000010599382,313.4501000022283,24021.900413096173

1790042896,200,GET,[GET] /actuator/health,28.800000,0.000000,4,5,6,6,8,8,10,10,14,14,14,8355,0,4,4.833967731896177,2.2581000011996366,50.14140000275802,49.0

1790042896,200,GET,[GET] /api/soporte/election/status,25.900000,0.000000,4,5,5,5,7,8,10,11,25,25,25,8334,0,4,4.386493076534621,1.7956000010599382,24.966900004073977,78.0

1790042896,200,GET,[GET] /api/soporte/tickets,58.000000,0.000000,6,8,8,9,10,12,13,17,33,33,33,16663,0,6,7.2113225829666,3.7642000024789013,313.4501000022283,84567.0

1790042896,200,GET,[GET] /health,85.700000,0.000000,4,4,5,6,7,8,10,11,25,25,25,25439,0,4,4.283918699643419,1.813999995647464,44.313999998848885,83.99693384173906

1790042896,200,,Aggregated,198.400000,0.000000,5,6,6,7,8,10,11,13,32,33,33,58791,0,5,5.206336168801917,1.7956000010599382,313.4501000022283,24022.999540746034

1790042897,200,GET,[GET] /actuator/health,29.500000,0.000000,4,5,6,6,8,8,10,10,14,14,14,8391,0,4,4.8331632344188025,2.2581000011996366,50.14140000275802,49.0

1790042897,200,GET,[GET] /api/soporte/election/status,26.100000,0.000000,4,5,5,5,6,8,10,11,25,25,25,8364,0,4,4.385594344789205,1.7956000010599382,24.966900004073977,78.0

1790042897,200,GET,[GET] /api/soporte/tickets,58.800000,0.000000,6,7,8,9,10,11,13,14,32,32,32,16715,0,6,7.208056027519992,3.7642000024789013,313.4501000022283,84567.0

1790042897,200,GET,[GET] /health,84.500000,0.000000,4,5,5,6,7,8,10,11,25,25,25,25514,0,4,4.2834047856180115,1.813999995647464,44.313999998848885,83.9969428549032

1790042897,200,,Aggregated,198.900000,0.000000,5,6,6,7,8,10,11,12,32,32,32,58984,0,5,5.204896751662819,1.7956000010599382,313.4501000022283,24019.12474569375

1790042898,200,GET,[GET] /actuator/health,28.700000,0.000000,4,5,6,6,8,9,10,11,14,14,14,8416,0,4,4.835322207700889,2.2581000011996366,50.14140000275802,49.0

1790042898,200,GET,[GET] /api/soporte/election/status,26.500000,0.000000,4,5,5,6,7,8,10,11,25,25,25,8392,0,4,4.386765455173051,1.7956000010599382,24.966900004073977,78.0

1790042898,200,GET,[GET] /api/soporte/tickets,58.600000,0.000000,6,7,8,9,10,11,14,17,32,32,32,16785,0,6,7.208709353589567,3.7642000024789013,313.4501000022283,84567.0

1790042898,200,GET,[GET] /health,83.700000,0.000000,4,5,5,6,7,8,10,11,25,25,25,25583,0,4,4.2841398936905595,1.813999995647464,44.313999998848885,83.99695110034007

1790042898,200,,Aggregated,197.500000,0.000000,5,6,6,7,8,10,11,13,32,32,32,59176,0,5,5.206623374342797,1.7956000010599382,313.4501000022283,24041.384159118563

1790042899,200,GET,[GET] /actuator/health,30.200000,0.000000,4,5,6,7,8,9,10,11,14,14,14,8445,0,4,4.833804736532101,2.2581000011996366,50.14140000275802,49.0

1790042899,200,GET,[GET] /api/soporte/election/status,25.700000,0.000000,4,5,5,6,6,8,10,11,25,25,25,8420,0,4,4.386454821829751,1.7956000010599382,24.966900004073977,78.0

1790042899,200,GET,[GET] /api/soporte/tickets,59.200000,0.000000,6,7,8,9,10,11,14,17,32,32,32,16847,0,6,7.209256858788481,3.7642000024789013,313.4501000022283,84567.0

1790042899,200,GET,[GET] /health,83.400000,0.000000,4,5,6,6,7,8,10,11,25,25,25,25672,0,4,4.285365063114048,1.813999995647464,44.313999998848885,83.99696167030227

1790042899,200,,Aggregated,198.500000,0.000000,5,6,7,7,8,10,11,13,31,32,32,59384,0,5,5.207188347031077,1.7956000010599382,313.4501000022283,24045.655125959853

1790042900,200,GET,[GET] /actuator/health,29.700000,0.000000,4,5,6,7,8,9,10,11,14,14,14,8475,0,4,4.834275268439607,2.2581000011996366,50.14140000275802,49.0

1790042900,200,GET,[GET] /api/soporte/election/status,26.400000,0.000000,4,5,5,6,7,8,10,11,25,25,25,8441,0,4,4.388151782940338,1.7956000010599382,24.966900004073977,78.0

1790042900,200,GET,[GET] /api/soporte/tickets,59.600000,0.000000,6,8,8,9,10,11,14,16,32,32,32,16911,0,6,7.20734767311216,3.7642000024789013,313.4501000022283,84567.0

1790042900,200,GET,[GET] /health,81.900000,0.000000,4,5,6,6,7,8,10,11,25,25,25,25760,0,4,4.2849653338620985,1.813999995647464,44.313999998848885,83.99697204968945

1790042900,200,,Aggregated,197.600000,0.000000,5,6,7,7,9,10,11,13,31,32,32,59587,0,5,5.207092748420166,1.7956000010599382,313.4501000022283,24054.743014415897

1790042901,200,GET,[GET] /actuator/health,30.000000,0.000000,5,5,6,7,8,8,10,11,14,14,14,8501,0,4,4.834662969065917,2.2581000011996366,50.14140000275802,49.0

1790042901,200,GET,[GET] /api/soporte/election/status,26.700000,0.000000,4,5,5,6,7,8,10,10,25,25,25,8467,0,4,4.387893551413214,1.7956000010599382,24.966900004073977,78.0

1790042901,200,GET,[GET] /api/soporte/tickets,61.300000,0.000000,6,7,8,9,10,11,14,16,32,32,32,16967,0,6,7.204936865679285,3.7642000024789013,313.4501000022283,84567.0

1790042901,200,GET,[GET] /health,81.100000,0.000000,4,5,5,6,7,8,9,10,25,25,25,25851,0,4,4.284916726635829,1.813999995647464,44.313999998848885,83.99698270859928

1790042901,200,,Aggregated,199.100000,0.000000,5,6,7,7,8,10,11,12,31,32,32,59786,0,5,5.206357854683175,1.7956000010599382,313.4501000022283,24054.070685444753

1790042902,200,GET,[GET] /actuator/health,29.100000,0.000000,4,5,6,6,8,8,10,11,14,14,14,8527,0,4,4.834210050433317,2.2581000011996366,50.14140000275802,49.0

1790042902,200,GET,[GET] /api/soporte/election/status,25.800000,0.000000,4,5,5,6,7,8,10,10,25,25,25,8498,0,4,4.3869419274893735,1.7956000010599382,24.966900004073977,78.0

1790042902,200,GET,[GET] /api/soporte/tickets,62.300000,0.000000,6,7,8,9,10,11,14,16,32,32,32,17026,0,6,7.206474908963349,3.7642000024789013,313.4501000022283,84567.0

1790042902,200,GET,[GET] /health,80.900000,0.000000,4,5,5,6,7,8,9,10,25,25,25,25920,0,4,4.285617507727053,1.813999995647464,44.313999998848885,83.996875

1790042902,200,,Aggregated,198.100000,0.000000,5,6,7,7,8,10,11,13,31,32,32,59971,0,5,5.2072199763243034,1.7956000010599382,313.4501000022283,24063.22402494539

1790042903,200,GET,[GET] /actuator/health,29.000000,0.000000,4,5,6,6,8,8,9,10,14,14,14,8563,0,4,4.834287562774894,2.2581000011996366,50.14140000275802,49.0

1790042903,200,GET,[GET] /api/soporte/election/status,26.100000,0.000000,4,5,5,6,7,8,9,10,25,25,25,8527,0,4,4.387278702920659,1.7956000010599382,24.966900004073977,78.0

1790042903,200,GET,[GET] /api/soporte/tickets,61.800000,0.000000,6,7,8,9,10,11,13,16,32,32,32,17075,0,6,7.207877628109707,3.7642000024789013,313.4501000022283,84567.0

1790042903,200,GET,[GET] /health,81.800000,0.000000,4,5,5,6,7,8,9,10,25,25,25,26008,0,4,4.2851123000730045,1.813999995647464,44.313999998848885,83.99688557366964

1790042903,200,,Aggregated,198.700000,0.000000,5,6,6,7,8,10,11,12,31,32,32,60173,0,5,5.207120155221077,1.7956000010599382,313.4501000022283,24051.4983298157

1790042904,200,GET,[GET] /actuator/health,29.600000,0.000000,4,5,6,6,8,8,10,10,14,14,14,8583,0,4,4.834827053487073,2.2581000011996366,50.14140000275802,49.0

1790042904,200,GET,[GET] /api/soporte/election/status,26.800000,0.000000,4,5,5,6,7,8,9,10,25,25,25,8554,0,4,4.388219102150306,1.7956000010599382,24.966900004073977,78.0

1790042904,200,GET,[GET] /api/soporte/tickets,60.900000,0.000000,6,7,8,9,10,11,13,16,32,32,32,17145,0,6,7.205626095068858,3.7642000024789013,313.4501000022283,84567.0

1790042904,200,GET,[GET] /health,81.800000,0.000000,4,5,5,6,7,8,9,9,25,25,25,26088,0,4,4.285691770175592,1.813999995647464,44.313999998848885,83.99689512419504

1790042904,200,,Aggregated,199.100000,0.000000,5,6,6,7,8,9,11,12,31,32,32,60370,0,5,5.2075489995058755,1.7956000010599382,313.4501000022283,24071.23248302137

1790042905,200,GET,[GET] /actuator/health,29.200000,0.000000,4,5,6,6,8,9,10,13,14,14,14,8608,0,4,4.837226777425168,2.2581000011996366,50.14140000275802,49.0

1790042905,200,GET,[GET] /api/soporte/election/status,26.400000,0.000000,4,5,5,6,7,8,9,10,11,11,11,8581,0,4,4.389086982844611,1.7956000010599382,24.966900004073977,78.0

1790042905,200,GET,[GET] /api/soporte/tickets,61.000000,0.000000,6,7,8,9,10,11,14,16,31,31,31,17203,0,6,7.2046904551522255,3.7642000024789013,313.4501000022283,84567.0

1790042905,200,GET,[GET] /health,80.100000,0.000000,4,5,5,6,7,8,9,11,15,15,15,26178,0,4,4.2880023225716135,1.7883999971672893,44.313999998848885,83.99690579876231

1790042905,200,,Aggregated,196.700000,0.000000,5,6,6,7,8,10,11,13,21,31,31,60570,0,5,5.208770318641719,1.7883999971672893,313.4501000022283,24072.90873369655

1790042906,200,GET,[GET] /actuator/health,29.300000,0.000000,4,6,6,7,8,9,10,13,14,14,14,8637,0,4,4.838654671769006,2.2581000011996366,50.14140000275802,49.0

1790042906,200,GET,[GET] /api/soporte/election/status,28.000000,0.000000,4,5,6,6,7,8,9,10,19,19,19,8607,0,4,4.391251295432602,1.7956000010599382,24.966900004073977,78.0

1790042906,200,GET,[GET] /api/soporte/tickets,59.500000,0.000000,6,7,8,9,10,12,16,17,31,31,31,17269,0,6,7.205197145173852,3.7642000024789013,313.4501000022283,84567.0

1790042906,200,GET,[GET] /health,81.000000,0.000000,4,5,5,6,7,8,9,11,18,18,18,26263,0,4,4.287908810884867,1.7883999971672893,44.313999998848885,83.99691581312112

1790042906,200,,Aggregated,197.800000,0.000000,5,6,7,7,8,10,12,14,21,31,31,60776,0,5,5.209735074702741,1.7883999971672893,313.4501000022283,24083.32389430038

1790042907,200,GET,[GET] /actuator/health,28.400000,0.000000,4,5,6,6,8,8,10,12,13,13,13,8671,0,4,4.838575158583546,2.2581000011996366,50.14140000275802,49.0

1790042907,200,GET,[GET] /api/soporte/election/status,27.300000,0.000000,4,5,5,6,7,8,9,10,19,19,19,8643,0,4,4.390104442879801,1.7956000010599382,24.966900004073977,78.0

1790042907,200,GET,[GET] /api/soporte/tickets,59.100000,0.000000,6,7,8,9,10,12,16,17,31,31,31,17321,0,6,7.205574701231329,3.7642000024789013,313.4501000022283,84567.0

1790042907,200,GET,[GET] /health,81.700000,0.000000,4,5,5,6,7,8,9,11,18,18,18,26348,0,4,4.28880092607686,1.7883999971672893,44.313999998848885,83.99681190223167

1790042907,200,,Aggregated,196.500000,0.000000,5,6,7,7,8,10,12,14,21,31,31,60983,0,5,5.209780497846761,1.7883999971672893,313.4501000022283,24073.876129413115

1790042908,200,GET,[GET] /actuator/health,28.600000,0.000000,4,5,6,6,8,9,10,12,13,13,13,8697,0,4,4.839194653340823,2.2581000011996366,50.14140000275802,49.0

1790042908,200,GET,[GET] /api/soporte/election/status,27.400000,0.000000,4,5,6,6,7,8,9,11,19,19,19,8676,0,4,4.3925478446064865,1.7956000010599382,24.966900004073977,78.0

1790042908,200,GET,[GET] /api/soporte/tickets,60.600000,0.000000,6,7,8,8,10,12,14,16,21,21,21,17380,0,6,7.205359971231503,3.7642000024789013,313.4501000022283,84567.0

1790042908,200,GET,[GET] /health,82.400000,0.000000,4,5,5,6,7,8,10,11,18,18,18,26435,0,4,4.289210758472141,1.7883999971672893,44.313999998848885,83.99682239455268

1790042908,200,,Aggregated,199.000000,0.000000,5,6,7,7,8,10,12,13,21,21,21,61188,0,5,5.210346206774623,1.7883999971672893,313.4501000022283,24074.94601882722

1790042909,200,GET,[GET] /actuator/health,27.200000,0.000000,4,5,6,6,8,9,10,12,13,13,13,8736,0,4,4.8370100847185,2.2581000011996366,50.14140000275802,49.0

1790042909,200,GET,[GET] /api/soporte/election/status,27.600000,0.000000,4,5,6,6,7,8,9,11,19,19,19,8707,0,4,4.39111913400702,1.7956000010599382,24.966900004073977,78.0

1790042909,200,GET,[GET] /api/soporte/tickets,60.500000,0.000000,6,7,8,8,10,12,14,16,21,21,21,17422,0,6,7.20467194926027,3.7642000024789013,313.4501000022283,84567.0

1790042909,200,GET,[GET] /health,82.300000,0.000000,4,5,5,6,7,8,10,11,18,18,18,26514,0,4,4.2895798446199525,1.7883999971672893,44.313999998848885,83.99683186241231

1790042909,200,,Aggregated,197.600000,0.000000,5,6,6,7,8,10,12,13,21,21,21,61379,0,5,5.2093274426133656,1.7883999971672893,313.4501000022283,24058.074846445852

1790042910,200,GET,[GET] /actuator/health,27.600000,0.000000,4,5,6,6,8,9,10,12,13,13,13,8763,0,4,4.837644813432992,2.2581000011996366,50.14140000275802,49.0

1790042910,200,GET,[GET] /api/soporte/election/status,27.400000,0.000000,4,5,5,6,7,8,9,11,19,19,19,8730,0,4,4.389907789208517,1.7956000010599382,24.966900004073977,78.0

1790042910,200,GET,[GET] /api/soporte/tickets,59.100000,0.000000,6,7,8,9,10,12,16,20,32,32,32,17488,0,6,7.206487094010111,3.7642000024789013,313.4501000022283,84567.0

1790042910,200,GET,[GET] /health,83.900000,0.000000,4,5,5,6,7,8,10,11,18,18,18,26597,0,4,4.2894981313772576,1.7883999971672893,44.313999998848885,83.99684174906945

1790042910,200,,Aggregated,198.000000,0.000000,5,6,7,7,8,10,12,14,25,32,32,61578,0,5,5.210156299330823,1.7883999971672893,313.4501000022283,24071.130712267368

1790042911,200,GET,[GET] /actuator/health,28.300000,0.000000,4,5,6,6,8,9,10,12,13,13,13,8798,0,4,4.83737433508836,2.2581000011996366,50.14140000275802,49.0

1790042911,200,GET,[GET] /api/soporte/election/status,28.500000,0.000000,4,5,5,6,7,8,9,11,19,19,19,8757,0,4,4.389541384012069,1.7956000010599382,24.966900004073977,78.0

1790042911,200,GET,[GET] /api/soporte/tickets,58.500000,0.000000,6,7,8,9,10,12,16,20,32,32,32,17550,0,6,7.204002005700155,3.7642000024789013,313.4501000022283,84567.0

1790042911,200,GET,[GET] /health,83.700000,0.000000,4,5,5,6,7,8,10,11,18,18,18,26681,0,4,4.288259075754258,1.7883999971672893,44.313999998848885,83.99685169221543

1790042911,200,,Aggregated,199.000000,0.000000,5,6,6,7,8,10,12,14,25,32,32,61786,0,5,5.209007038813617,1.7883999971672893,313.4501000022283,24075.132198232608

1790042912,200,GET,[GET] /actuator/health,28.600000,0.000000,4,5,6,6,8,9,10,12,13,13,13,8820,0,4,4.834827120192836,2.2581000011996366,50.14140000275802,49.0

1790042912,200,GET,[GET] /api/soporte/election/status,29.400000,0.000000,4,5,6,6,7,8,9,11,19,19,19,8792,0,4,4.39132796858496,1.7956000010599382,24.966900004073977,78.0

1790042912,200,GET,[GET] /api/soporte/tickets,58.000000,0.000000,6,7,8,8,10,12,16,20,32,32,32,17614,0,6,7.203884756445396,3.7642000024789013,313.4501000022283,84567.0

1790042912,200,GET,[GET] /health,83.500000,0.000000,4,5,5,6,7,8,10,11,18,18,18,26748,0,4,4.28755965680367,1.7883999971672893,44.313999998848885,83.99685957828623

1790042912,200,,Aggregated,199.500000,0.000000,5,6,6,7,8,9,12,13,25,32,32,61974,0,5,5.209032860556258,1.7883999971672893,313.4501000022283,24089.583405944428

1790042913,200,GET,[GET] /actuator/health,28.700000,0.000000,4,5,6,7,8,9,12,14,16,16,16,8852,0,4,4.839833359701775,2.2581000011996366,50.14140000275802,49.0

1790042913,200,GET,[GET] /api/soporte/election/status,28.900000,0.000000,4,5,5,6,7,8,10,11,19,19,19,8817,0,4,4.391838232936687,1.7956000010599382,24.966900004073977,78.0

1790042913,200,GET,[GET] /api/soporte/tickets,57.600000,0.000000,6,7,8,8,10,12,16,20,32,32,32,17675,0,6,7.206318217822512,3.7642000024789013,313.4501000022283,84567.0

1790042913,200,GET,[GET] /health,83.200000,0.000000,4,5,5,6,7,8,10,12,18,18,18,26836,0,4,4.289596761820138,1.7883999971672893,44.313999998848885,83.99686987628559

1790042913,200,,Aggregated,198.400000,0.000000,5,6,7,7,8,10,12,15,25,32,32,62180,0,5,5.211520357029608,1.7883999971672893,313.4501000022283,24092.913139273078

1790042914,200,GET,[GET] /actuator/health,28.700000,0.000000,4,5,6,6,8,9,10,14,16,16,16,8873,0,4,4.840440944447523,2.2581000011996366,50.14140000275802,49.0

1790042914,200,GET,[GET] /api/soporte/election/status,28.400000,0.000000,4,5,5,6,7,8,9,11,19,19,19,8851,0,4,4.392987063589297,1.7956000010599382,24.966900004073977,78.0

1790042914,200,GET,[GET] /api/soporte/tickets,58.800000,0.000000,6,7,8,9,10,12,16,21,32,32,32,17734,0,6,7.208041107477701,3.7642000024789013,313.4501000022283,84567.0

1790042914,200,GET,[GET] /health,82.100000,0.000000,4,5,5,6,7,8,10,11,32,32,32,26920,0,4,4.292816348448336,1.7883999971672893,44.313999998848885,83.99687964338781

1790042914,200,,Aggregated,198.000000,0.000000,5,6,7,7,8,10,12,15,32,32,32,62378,0,5,5.213722435797084,1.7883999971672893,313.4501000022283,24096.597021385744

1790042915,200,GET,[GET] /actuator/health,28.900000,0.000000,4,5,6,6,8,9,13,16,25,25,25,8896,0,4,4.844004013048859,2.2581000011996366,50.14140000275802,49.0

1790042915,200,GET,[GET] /api/soporte/election/status,29.200000,0.000000,4,5,5,6,7,8,10,11,19,19,19,8878,0,4,4.393654910995398,1.7956000010599382,24.966900004073977,78.0

1790042915,200,GET,[GET] /api/soporte/tickets,58.600000,0.000000,6,7,8,9,10,13,18,21,32,32,32,17793,0,6,7.208991710222696,3.7642000024789013,313.4501000022283,84567.0

1790042915,200,GET,[GET] /health,82.900000,0.000000,4,5,5,6,7,8,10,12,32,32,32,27009,0,4,4.293690062580301,1.7883999971672893,44.313999998848885,83.99688992558036

1790042915,200,,Aggregated,199.600000,0.000000,5,6,7,7,8,10,13,18,32,32,32,62576,0,5,5.2150503771433705,1.7883999971672893,313.4501000022283,24100.25714331373

1790042916,200,GET,[GET] /actuator/health,28.500000,0.000000,4,5,6,6,8,9,13,16,25,25,25,8932,0,4,4.844445891188983,2.2581000011996366,50.14140000275802,49.0

1790042916,200,GET,[GET] /api/soporte/election/status,28.400000,0.000000,4,5,5,6,7,8,9,11,11,11,11,8908,0,4,4.393141591804661,1.7956000010599382,24.966900004073977,78.0

1790042916,200,GET,[GET] /api/soporte/tickets,59.000000,0.000000,6,7,8,9,10,13,17,22,33,33,33,17846,0,6,7.210127070491233,3.7642000024789013,313.4501000022283,84567.0

1790042916,200,GET,[GET] /health,82.700000,0.000000,4,5,5,6,7,8,10,12,32,32,32,27092,0,4,4.295152484137799,1.7883999971672893,44.313999998848885,83.99689945371327

1790042916,200,,Aggregated,198.600000,0.000000,5,6,7,7,8,10,13,16,32,33,33,62778,0,5,5.215854197332565,1.7883999971672893,313.4501000022283,24094.281722896558

1790042917,200,GET,[GET] /actuator/health,28.500000,0.000000,4,5,6,6,8,10,13,16,25,25,25,8963,0,4,4.8445244337936995,2.2581000011996366,50.14140000275802,49.0

1790042917,200,GET,[GET] /api/soporte/election/status,29.400000,0.000000,4,5,5,6,7,8,9,11,11,11,11,8941,0,4,4.393378425206858,1.7956000010599382,24.966900004073977,78.0

1790042917,200,GET,[GET] /api/soporte/tickets,59.100000,0.000000,6,7,8,9,10,12,18,22,33,33,33,17885,0,6,7.209296494267933,3.7642000024789013,313.4501000022283,84567.0

1790042917,200,GET,[GET] /health,82.000000,0.000000,4,5,5,6,7,8,10,12,32,32,32,27183,0,4,4.294634940965839,1.7883999971672893,44.313999998848885,83.99690983335172

1790042917,200,,Aggregated,199.000000,0.000000,5,6,7,7,8,10,12,16,32,33,33,62972,0,5,5.214730330942702,1.7883999971672893,313.4501000022283,24072.614304770374

1790042918,200,GET,[GET] /actuator/health,29.100000,0.000000,4,5,6,7,8,10,13,16,25,25,25,8985,0,4,4.844677462448068,2.2581000011996366,50.14140000275802,49.0

1790042918,200,GET,[GET] /api/soporte/election/status,28.900000,0.000000,4,5,5,6,7,8,9,11,11,11,11,8973,0,4,4.392008993620658,1.7956000010599382,24.966900004073977,78.0

1790042918,200,GET,[GET] /api/soporte/tickets,58.000000,0.000000,6,7,8,9,10,13,17,22,33,33,33,17955,0,6,7.208127173489138,3.7397999985842034,313.4501000022283,84567.0

1790042918,200,GET,[GET] /health,81.800000,0.000000,4,5,5,6,7,8,10,12,32,32,32,27271,0,4,4.2946110520455765,1.7883999971672893,44.313999998848885,83.99691980492098

1790042918,200,,Aggregated,197.800000,0.000000,5,6,6,7,8,10,13,16,32,33,33,63184,0,5,5.214598396748962,1.7883999971672893,313.4501000022283,24085.707204355534

1790042919,200,GET,[GET] /actuator/health,29.600000,0.000000,4,5,6,6,8,10,13,16,25,25,25,9017,0,4,4.843788599323129,2.2581000011996366,50.14140000275802,49.0

1790042919,200,GET,[GET] /api/soporte/election/status,29.700000,0.000000,4,5,6,6,7,8,9,11,11,11,11,9006,0,4,4.39397926934896,1.7956000010599382,24.966900004073977,78.0

1790042919,200,GET,[GET] /api/soporte/tickets,56.800000,0.000000,6,7,8,9,10,12,16,22,33,33,33,18006,0,6,7.209423336665606,3.7397999985842034,313.4501000022283,84567.0

1790042919,200,GET,[GET] /health,82.900000,0.000000,4,5,5,6,7,8,10,12,32,32,32,27363,0,4,4.296428352167698,1.7883999971672893,44.313999998848885,83.99693016116655

1790042919,200,,Aggregated,199.000000,0.000000,5,6,7,7,8,10,12,16,32,33,33,63392,0,5,5.215558188733894,1.7883999971672893,313.4501000022283,24074.90079189803

1790042920,200,GET,[GET] /actuator/health,29.000000,0.000000,4,5,6,6,8,10,13,16,25,25,25,9039,0,4,4.8440114614561125,2.2581000011996366,50.14140000275802,49.0

1790042920,200,GET,[GET] /api/soporte/election/status,30.000000,0.000000,4,5,6,6,7,8,9,11,11,11,11,9029,0,4,4.392725894311457,1.7956000010599382,24.966900004073977,78.0

1790042920,200,GET,[GET] /api/soporte/tickets,56.700000,0.000000,6,7,8,9,10,12,15,20,33,33,33,18073,0,6,7.20792826868826,3.7397999985842034,313.4501000022283,84567.0

1790042920,200,GET,[GET] /health,83.300000,0.000000,4,5,5,6,7,8,11,12,32,32,32,27444,0,4,4.295979117490071,1.7883999971672893,44.313999998848885,83.9969392216878

1790042920,200,,Aggregated,199.000000,0.000000,5,6,7,7,8,10,12,15,32,33,33,63585,0,5,5.21529732169915,1.7883999971672893,313.4501000022283,24091.08714319415

1790042921,200,GET,[GET] /actuator/health,28.300000,0.000000,4,5,6,7,8,10,13,16,25,25,25,9066,0,4,4.844783035528696,2.2581000011996366,50.14140000275802,49.0

1790042921,200,GET,[GET] /api/soporte/election/status,29.100000,0.000000,4,5,5,6,7,8,9,11,11,11,11,9055,0,4,4.391569221397224,1.7956000010599382,24.966900004073977,78.0

1790042921,200,GET,[GET] /api/soporte/tickets,57.100000,0.000000,6,7,8,9,11,13,18,22,34,34,34,18131,0,6,7.21228315040573,3.7397999985842034,313.4501000022283,84567.0

1790042921,200,GET,[GET] /health,83.200000,0.000000,4,5,5,6,7,8,11,13,32,32,32,27531,0,4,4.296634557421538,1.7883999971672893,44.313999998848885,83.99694889397406

1790042921,200,,Aggregated,197.700000,0.000000,5,6,7,7,9,10,13,17,33,34,34,63783,0,5,5.216829156675504,1.7883999971672893,313.4501000022283,24093.36846808711

1790042922,200,GET,[GET] /actuator/health,28.000000,0.000000,4,5,6,7,8,10,13,16,25,25,25,9088,0,4,4.8442994498329845,2.2581000011996366,50.14140000275802,49.0

1790042922,200,GET,[GET] /api/soporte/election/status,29.600000,0.000000,4,5,5,6,7,8,9,11,11,11,11,9090,0,4,4.388419592931422,1.7956000010599382,24.966900004073977,78.0

1790042922,200,GET,[GET] /api/soporte/tickets,57.000000,0.000000,6,7,8,9,11,13,18,24,34,34,34,18187,0,6,7.211588574254259,3.7397999985842034,313.4501000022283,84567.0

1790042922,200,GET,[GET] /health,83.900000,0.000000,4,5,5,6,7,8,11,13,32,32,32,27611,0,4,4.295667368089917,1.7883999971672893,44.313999998848885,83.99695773423636

1790042922,200,,Aggregated,198.500000,0.000000,5,6,7,7,8,10,13,17,33,34,34,63976,0,5,5.215714652371541,1.7883999971672893,313.4501000022283,24094.873093034887

1790042923,200,GET,[GET] /actuator/health,27.300000,0.000000,4,5,6,7,8,9,11,13,25,25,25,9118,0,4,4.848553399875866,2.2581000011996366,50.14140000275802,49.0

1790042923,200,GET,[GET] /api/soporte/election/status,30.000000,0.000000,4,5,6,6,7,8,10,11,11,11,11,9124,0,4,4.3931412866899615,1.7956000010599382,24.966900004073977,78.0

1790042923,200,GET,[GET] /api/soporte/tickets,57.700000,0.000000,6,8,8,9,11,13,21,28,34,34,34,18246,0,6,7.215056034196251,3.7397999985842034,313.4501000022283,84567.0

1790042923,200,GET,[GET] /health,84.000000,0.000000,4,5,6,6,7,8,11,12,32,32,32,27702,0,4,4.298053335509651,1.7883999971672893,44.313999998848885,83.99696772796187

1790042923,200,,Aggregated,199.000000,0.000000,5,6,7,7,9,10,13,17,33,34,34,64190,0,5,5.218923771616459,1.7883999971672893,313.4501000022283,24092.45708054214

1790042924,200,GET,[GET] /actuator/health,27.000000,0.000000,4,5,6,7,8,9,11,13,25,25,25,9153,0,4,4.847420102706359,2.2581000011996366,50.14140000275802,49.0

1790042924,200,GET,[GET] /api/soporte/election/status,29.600000,0.000000,4,5,5,6,7,8,10,11,11,11,11,9144,0,4,4.39303815614324,1.7956000010599382,24.966900004073977,78.0

1790042924,200,GET,[GET] /api/soporte/tickets,56.700000,0.000000,6,8,8,9,11,13,17,24,34,34,34,18309,0,6,7.215028171935833,3.7397999985842034,313.4501000022283,84567.0

1790042924,200,GET,[GET] /health,85.600000,0.000000,4,5,6,6,7,8,11,12,25,25,25,27785,0,4,4.298591520614491,1.7883999971672893,44.313999998848885,83.99697678603563

1790042924,200,,Aggregated,198.900000,0.000000,5,6,7,7,8,10,13,15,33,34,34,64391,0,5,5.219280540760229,1.7883999971672893,313.4501000022283,24100.150455809042

1790042925,200,GET,[GET] /actuator/health,26.400000,0.000000,4,5,6,7,8,9,10,11,11,11,11,9175,0,4,4.847452773850402,2.2581000011996366,50.14140000275802,49.0

1790042925,200,GET,[GET] /api/soporte/election/status,30.200000,0.000000,4,5,5,6,7,8,10,11,21,21,21,9169,0,4,4.393990478764973,1.7956000010599382,24.966900004073977,78.0

1790042925,200,GET,[GET] /api/soporte/tickets,57.500000,0.000000,7,8,8,9,11,13,19,24,36,36,36,18381,0,6,7.217184037864607,3.7397999985842034,313.4501000022283,84567.0

1790042925,200,GET,[GET] /health,84.700000,0.000000,4,5,5,6,7,8,10,11,19,19,19,27865,0,4,4.299058115926453,1.7883999971672893,44.313999998848885,83.99698546563789

1790042925,200,,Aggregated,198.800000,0.000000,5,6,7,7,8,10,13,15,34,36,36,64590,0,5,5.220873077878207,1.7883999971672893,313.4501000022283,24120.31831552872

1790042926,200,GET,[GET] /actuator/health,27.500000,0.000000,4,5,6,7,8,9,10,11,11,11,11,9209,0,4,4.848417396035897,2.2581000011996366,50.14140000275802,49.0

1790042926,200,GET,[GET] /api/soporte/election/status,30.400000,0.000000,4,5,5,6,7,8,10,11,21,21,21,9198,0,4,4.3951607631869845,1.7956000010599382,24.966900004073977,78.0

1790042926,200,GET,[GET] /api/soporte/tickets,56.500000,0.000000,7,8,8,9,10,13,17,21,36,36,36,18437,0,6,7.2158176709868505,3.7397999985842034,313.4501000022283,84567.0

1790042926,200,GET,[GET] /health,84.600000,0.000000,4,5,6,6,7,8,10,11,19,19,19,27943,0,4,4.2998906989316295,1.7883999971672893,44.313999998848885,83.99699388039939

1790042926,200,,Aggregated,199.000000,0.000000,5,6,7,7,8,10,12,15,34,36,36,64787,0,5,5.221196238444743,1.7883999971672893,313.4501000022283,24120.233874079677

1790042927,200,GET,[GET] /actuator/health,28.600000,0.000000,4,5,6,7,8,9,10,11,11,11,11,9248,0,4,4.847066900965477,2.2581000011996366,50.14140000275802,49.0

1790042927,200,GET,[GET] /api/soporte/election/status,29.000000,0.000000,4,5,5,6,7,8,9,11,21,21,21,9231,0,4,4.39292755928859,1.7956000010599382,24.966900004073977,78.0

1790042927,200,GET,[GET] /api/soporte/tickets,57.100000,0.000000,6,7,8,9,10,13,17,21,36,36,36,18500,0,6,7.212386740539915,3.7397999985842034,313.4501000022283,84567.0

1790042927,200,GET,[GET] /health,85.600000,0.000000,4,5,5,6,7,8,10,11,19,19,19,28017,0,4,4.298831306000482,1.7883999971672893,44.313999998848885,83.99700182032338

1790042927,200,,Aggregated,200.300000,0.000000,5,6,7,7,8,10,12,15,34,36,36,64996,0,5,5.219495052005133,1.7883999971672893,313.4501000022283,24124.807895870515

1790042928,200,GET,[GET] /actuator/health,27.400000,0.000000,4,5,6,7,8,9,10,10,11,11,11,9263,0,4,4.847215405390493,2.2581000011996366,50.14140000275802,49.0

1790042928,200,GET,[GET] /api/soporte/election/status,29.200000,0.000000,4,5,5,6,7,8,9,11,21,21,21,9253,0,4,4.393387160898912,1.7956000010599382,24.966900004073977,78.0

1790042928,200,GET,[GET] /api/soporte/tickets,58.300000,0.000000,6,7,8,9,10,12,17,21,36,36,36,18561,0,6,7.209073767576809,3.7397999985842034,313.4501000022283,84567.0

1790042928,200,GET,[GET] /health,85.800000,0.000000,4,5,5,6,7,8,10,11,19,19,19,28105,0,4,4.298333161367581,1.7883999971672893,44.313999998848885,83.99701120797012

1790042928,200,,Aggregated,200.700000,0.000000,5,6,7,7,8,10,12,15,34,36,36,65182,0,5,5.218680608145789,1.7883999971672893,313.4501000022283,24135.258875149582

1790042929,200,GET,[GET] /actuator/health,27.600000,0.000000,4,5,6,7,8,9,10,11,11,11,11,9291,0,4,4.848123786477652,2.2581000011996366,50.14140000275802,49.0

1790042929,200,GET,[GET] /api/soporte/election/status,29.400000,0.000000,4,4,5,5,7,8,10,11,21,21,21,9281,0,4,4.393597942010112,1.7956000010599382,24.966900004073977,78.0

1790042929,200,GET,[GET] /api/soporte/tickets,59.300000,0.000000,6,7,8,9,10,13,18,21,36,36,36,18626,0,6,7.211735359175668,3.7397999985842034,313.4501000022283,84567.0

1790042929,200,GET,[GET] /health,83.800000,0.000000,4,4,5,6,7,8,10,11,19,19,19,28189,0,4,4.298923353089971,1.7883999971672893,44.313999998848885,83.99702011422896

1790042929,200,,Aggregated,200.100000,0.000000,5,6,7,7,8,10,13,16,34,36,36,65387,0,5,5.220136017866226,1.7883999971672893,313.4501000022283,24143.819276002876

1790042930,200,GET,[GET] /actuator/health,28.400000,0.000000,4,5,6,7,8,9,10,11,11,11,11,9315,0,4,4.849683456805401,2.2581000011996366,50.14140000275802,49.0

1790042930,200,GET,[GET] /api/soporte/election/status,28.500000,0.000000,4,5,5,6,7,8,10,11,21,21,21,9308,0,4,4.3937771808974,1.7956000010599382,24.966900004073977,78.0

1790042930,200,GET,[GET] /api/soporte/tickets,61.200000,0.000000,6,7,8,9,10,13,17,21,36,36,36,18699,0,6,7.210690764213458,3.7397999985842034,313.4501000022283,84567.0

1790042930,200,GET,[GET] /health,82.100000,0.000000,4,4,5,6,7,8,10,11,19,19,19,28267,0,4,4.29808720417018,1.7883999971672893,44.313999998848885,83.99702833692999

1790042930,200,,Aggregated,200.200000,0.000000,5,6,7,7,8,10,13,15,31,36,36,65589,0,5,5.220369528430701,1.7883999971672893,313.4501000022283,24163.733796825687

1790042931,200,GET,[GET] /actuator/health,27.500000,0.000000,4,5,6,7,8,9,10,11,11,11,11,9333,0,4,4.849641980085044,2.2581000011996366,50.14140000275802,49.0

1790042931,200,GET,[GET] /api/soporte/election/status,27.600000,0.000000,4,5,5,6,7,8,10,13,21,21,21,9334,0,4,4.392551885557767,1.7956000010599382,24.966900004073977,78.0

1790042931,200,GET,[GET] /api/soporte/tickets,61.300000,0.000000,6,7,8,8,10,13,15,18,36,36,36,18764,0,6,7.210780510553851,3.7397999985842034,313.4501000022283,84567.0

1790042931,200,GET,[GET] /health,83.100000,0.000000,4,4,5,6,7,8,10,11,19,19,19,28356,0,4,4.298235629152966,1.7883999971672893,44.313999998848885,83.99703766398646

1790042931,200,,Aggregated,199.500000,0.000000,5,6,7,7,8,10,13,15,31,36,36,65787,0,5,5.220570065517867,1.7883999971672893,313.4501000022283,24174.721099913357

1790042932,200,GET,[GET] /actuator/health,27.300000,0.000000,4,5,6,7,8,8,10,10,11,11,11,9365,0,4,4.84872292580159,2.2581000011996366,50.14140000275802,49.0

1790042932,200,GET,[GET] /api/soporte/election/status,27.000000,0.000000,4,5,5,6,7,8,9,13,21,21,21,9364,0,4,4.392651505743528,1.7956000010599382,24.966900004073977,78.0

1790042932,200,GET,[GET] /api/soporte/tickets,62.600000,0.000000,6,7,8,8,10,12,15,18,36,36,36,18827,0,6,7.208137191269429,3.7397999985842034,313.4501000022283,84567.0

1790042932,200,GET,[GET] /health,82.300000,0.000000,4,5,5,6,7,8,10,11,19,19,19,28430,0,4,4.298482507923605,1.7883999971672893,44.313999998848885,83.9970453746043

1790042932,200,,Aggregated,199.200000,0.000000,5,6,7,7,8,10,12,15,31,36,36,65986,0,5,5.220115410847937,1.7883999971672893,313.4501000022283,24182.708786712334

1790042933,200,GET,[GET] /actuator/health,27.300000,0.000000,4,5,6,6,7,8,9,10,11,11,11,9393,0,4,4.846243862465418,2.2581000011996366,50.14140000275802,49.0

1790042933,200,GET,[GET] /api/soporte/election/status,27.600000,0.000000,4,5,5,5,7,8,10,14,21,21,21,9391,0,4,4.392774145436161,1.7956000010599382,24.966900004073977,78.0

1790042933,200,GET,[GET] /api/soporte/tickets,62.400000,0.000000,6,7,8,8,10,12,16,18,36,36,36,18885,0,6,7.209581789783198,3.7397999985842034,313.4501000022283,84567.0

1790042933,200,GET,[GET] /health,81.500000,0.000000,4,4,5,6,7,8,10,11,19,19,19,28514,0,4,4.297716679536183,1.7883999971672893,44.313999998848885,83.99705407869818

1790042933,200,,Aggregated,198.800000,0.000000,5,6,6,7,8,10,12,15,22,36,36,66183,0,5,5.219941013557547,1.7883999971672893,313.4501000022283,24184.996781650876

1790042934,200,GET,[GET] /actuator/health,26.900000,0.000000,4,5,6,6,7,8,9,10,11,11,11,9416,0,4,4.845924309704033,2.2581000011996366,50.14140000275802,49.0

1790042934,200,GET,[GET] /api/soporte/election/status,27.500000,0.000000,4,5,5,5,7,8,10,14,21,21,21,9418,0,4,4.391970036079576,1.7956000010599382,24.966900004073977,78.0

1790042934,200,GET,[GET] /api/soporte/tickets,63.400000,0.000000,6,7,8,8,10,12,16,18,36,36,36,18949,0,6,7.209774183339518,3.7397999985842034,313.4501000022283,84567.0

1790042934,200,GET,[GET] /health,81.400000,0.000000,4,4,5,6,7,8,10,11,19,19,19,28601,0,4,4.298026904664449,1.7883999971672893,44.313999998848885,83.99706303975385

1790042934,200,,Aggregated,199.200000,0.000000,5,6,6,7,8,10,12,15,22,36,36,66384,0,5,5.220213840690213,1.7883999971672893,313.4501000022283,24193.45732405399

1790042935,200,GET,[GET] /actuator/health,27.600000,0.000000,4,5,6,6,7,8,9,10,11,11,11,9450,0,4,4.846262465628873,2.2581000011996366,50.14140000275802,49.0

1790042935,200,GET,[GET] /api/soporte/election/status,27.300000,0.000000,4,5,5,5,7,8,10,13,15,15,15,9444,0,4,4.393472606925405,1.7956000010599382,24.966900004073977,78.0

1790042935,200,GET,[GET] /api/soporte/tickets,63.000000,0.000000,6,7,8,8,10,11,15,16,22,22,22,19010,0,6,7.20727845345267,3.7397999985842034,313.4501000022283,84567.0

1790042935,200,GET,[GET] /health,82.200000,0.000000,4,4,5,6,7,8,10,11,13,13,13,28690,0,4,4.297448731277477,1.7883999971672893,44.313999998848885,83.99707215057511

1790042935,200,,Aggregated,200.100000,0.000000,5,6,6,7,8,9,11,14,19,22,22,66594,0,5,5.219588898406499,1.7883999971672893,313.4501000022283,24194.795747364627

1790042936,200,GET,[GET] /actuator/health,26.800000,0.000000,4,5,6,6,7,8,9,10,11,11,11,9482,0,4,4.8449106306901095,2.2581000011996366,50.14140000275802,49.0

1790042936,200,GET,[GET] /api/soporte/election/status,26.600000,0.000000,4,4,5,5,7,8,10,13,15,15,15,9477,0,4,4.392207628976904,1.7956000010599382,24.966900004073977,78.0

1790042936,200,GET,[GET] /api/soporte/tickets,63.700000,0.000000,6,7,8,8,10,12,15,18,32,32,32,19051,0,6,7.2078539866740865,3.7397999985842034,313.4501000022283,84567.0

1790042936,200,GET,[GET] /health,82.000000,0.000000,4,4,5,5,7,8,10,11,13,13,13,28777,0,4,4.296801251011598,1.7883999971672893,44.313999998848885,83.99708100218925

1790042936,200,,Aggregated,199.100000,0.000000,5,6,6,7,8,9,12,14,22,32,32,66787,0,5,5.218534598058103,1.7883999971672893,313.4501000022283,24176.96445416024

1790042937,200,GET,[GET] /actuator/health,25.800000,0.000000,4,5,6,6,7,8,9,11,14,14,14,9511,0,4,4.846698454440967,2.2581000011996366,50.14140000275802,49.0

1790042937,200,GET,[GET] /api/soporte/election/status,27.400000,0.000000,4,5,5,5,7,8,10,14,16,16,16,9504,0,4,4.392486100568196,1.7956000010599382,24.966900004073977,78.0

1790042937,200,GET,[GET] /api/soporte/tickets,63.100000,0.000000,6,7,8,8,10,12,16,18,32,32,32,19110,0,6,7.208328246995459,3.7397999985842034,313.4501000022283,84567.0

1790042937,200,GET,[GET] /health,82.100000,0.000000,4,4,5,6,7,8,10,11,13,13,13,28860,0,4,4.297747290380302,1.7883999971672893,44.313999998848885,83.99698544698545

1790042937,200,,Aggregated,198.400000,0.000000,5,6,6,7,8,10,12,15,22,32,32,66985,0,5,5.219486101372649,1.7883999971672893,313.4501000022283,24180.142927521087

1790042938,200,GET,[GET] /actuator/health,27.100000,0.000000,4,5,6,6,7,8,9,11,26,26,26,9536,0,4,4.848962741210248,2.2581000011996366,50.14140000275802,49.0

1790042938,200,GET,[GET] /api/soporte/election/status,27.600000,0.000000,4,4,5,5,7,8,10,14,16,16,16,9521,0,4,4.392554406027425,1.7956000010599382,24.966900004073977,78.0

1790042938,200,GET,[GET] /api/soporte/tickets,62.700000,0.000000,6,7,8,8,10,12,15,18,32,32,32,19179,0,6,7.20732466239405,3.7397999985842034,313.4501000022283,84567.0

1790042938,200,GET,[GET] /health,81.800000,0.000000,4,4,5,6,7,8,10,11,13,13,13,28946,0,4,4.297604574047389,1.7883999971672893,44.313999998848885,83.9969944033718

1790042938,200,,Aggregated,199.200000,0.000000,5,6,6,7,8,10,12,14,27,32,32,67182,0,5,5.219983937667816,1.7883999971672893,313.4501000022283,24196.239647524635

1790042939,200,GET,[GET] /actuator/health,26.500000,0.000000,4,5,6,6,7,8,9,10,26,26,26,9566,0,4,4.8492585929530225,2.2581000011996366,50.14140000275802,49.0

1790042939,200,GET,[GET] /api/soporte/election/status,27.400000,0.000000,4,5,5,5,7,8,10,13,16,16,16,9550,0,4,4.393842146576184,1.7956000010599382,24.966900004073977,78.0

1790042939,200,GET,[GET] /api/soporte/tickets,61.200000,0.000000,6,7,8,8,10,12,15,18,32,32,32,19242,0,6,7.208830984308529,3.7397999985842034,313.4501000022283,84567.0

1790042939,200,GET,[GET] /health,82.500000,0.000000,4,5,5,6,7,8,10,11,13,13,13,29034,0,4,4.298910732258163,1.7883999971672893,44.313999998848885,83.99700351312255

1790042939,200,,Aggregated,197.600000,0.000000,5,6,6,7,8,10,12,14,27,32,32,67392,0,5,5.221333395661791,1.7883999971672893,313.4501000022283,24200.062574192783

1790042940,200,GET,[GET] /actuator/health,26.600000,0.000000,4,5,6,6,7,8,9,10,26,26,26,9598,0,4,4.847260210477444,2.2581000011996366,50.14140000275802,49.0

1790042940,200,GET,[GET] /api/soporte/election/status,26.900000,0.000000,4,5,5,6,7,8,10,13,16,16,16,9581,0,4,4.393170535413761,1.7956000010599382,24.966900004073977,78.0

1790042940,200,GET,[GET] /api/soporte/tickets,61.100000,0.000000,6,7,8,8,10,12,15,18,32,32,32,19296,0,6,7.206535737981039,3.7397999985842034,313.4501000022283,84567.0

1790042940,200,GET,[GET] /health,83.500000,0.000000,4,5,5,6,7,8,10,11,13,13,13,29110,0,4,4.297779134330836,1.7883999971672893,44.313999998848885,83.99701133631055

1790042940,200,,Aggregated,198.100000,0.000000,5,6,6,7,8,9,12,14,27,32,32,67585,0,5,5.219806681962188,1.7883999971672893,313.4501000022283,24198.677295257825

1790042941,200,GET,[GET] /actuator/health,27.000000,0.000000,4,5,6,6,7,8,9,10,26,26,26,9623,0,4,4.848388517111893,2.2581000011996366,50.14140000275802,49.0

1790042941,200,GET,[GET] /api/soporte/election/status,27.100000,0.000000,4,5,5,6,7,9,11,11,16,16,16,9605,0,4,4.395013722000662,1.7956000010599382,24.966900004073977,78.0

1790042941,200,GET,[GET] /api/soporte/tickets,61.000000,0.000000,6,7,8,9,10,12,14,18,32,32,32,19359,0,6,7.209469590375678,3.7397999985842034,313.4501000022283,84567.0

1790042941,200,GET,[GET] /health,83.700000,0.000000,4,5,5,6,7,8,10,11,15,15,15,29205,0,4,4.300360421172193,1.7883999971672893,44.313999998848885,83.997021058038

1790042941,200,,Aggregated,198.800000,0.000000,5,6,6,7,8,10,12,14,32,32,32,67792,0,5,5.222302003192128,1.7883999971672893,313.4501000022283,24203.54028498938

1790042942,200,GET,[GET] /actuator/health,27.300000,0.000000,4,5,6,6,7,8,10,10,26,26,26,9652,0,4,4.846013551613296,2.2581000011996366,50.14140000275802,49.0

1790042942,200,GET,[GET] /api/soporte/election/status,26.900000,0.000000,4,5,5,6,8,9,11,11,16,16,16,9631,0,4,4.395194029677061,1.7956000010599382,24.966900004073977,78.0

1790042942,200,GET,[GET] /api/soporte/tickets,60.400000,0.000000,7,7,8,9,10,12,14,18,32,32,32,19416,0,6,7.208939230535177,3.7397999985842034,313.4501000022283,84567.0

1790042942,200,GET,[GET] /health,83.500000,0.000000,4,5,5,6,7,9,10,11,15,15,15,29300,0,4,4.300946580215199,1.7883999971672893,44.313999998848885,83.99703071672354

1790042942,200,,Aggregated,198.100000,0.000000,5,6,7,7,8,10,12,14,32,32,32,67999,0,5,5.221993491086158,1.7883999971672893,313.4501000022283,24200.916939955

1790042943,200,GET,[GET] /actuator/health,28.200000,0.000000,4,5,6,6,7,8,10,10,26,26,26,9684,0,4,4.846927468010505,2.2581000011996366,50.14140000275802,49.0

1790042943,200,GET,[GET] /api/soporte/election/status,26.800000,0.000000,4,5,5,6,7,9,10,11,16,16,16,9665,0,4,4.395834961181115,1.7956000010599382,24.966900004073977,78.0

1790042943,200,GET,[GET] /api/soporte/tickets,59.700000,0.000000,7,8,8,9,10,12,14,18,32,32,32,19471,0,6,7.210872163735779,3.7397999985842034,313.4501000022283,84567.0

1790042943,200,GET,[GET] /health,83.500000,0.000000,4,5,5,6,7,9,11,12,15,15,15,29378,0,4,4.302402147875163,1.7883999971672893,44.313999998848885,83.99703860031316

1790042943,200,,Aggregated,198.200000,0.000000,5,6,7,7,9,10,12,13,32,32,32,68198,0,5,5.223353363740947,1.7883999971672893,313.4501000022283,24198.658435731253

1790042944,200,GET,[GET] /actuator/health,28.300000,0.000000,4,5,6,6,7,8,10,10,26,26,26,9714,0,4,4.846305281062094,2.2581000011996366,50.14140000275802,49.0

1790042944,200,GET,[GET] /api/soporte/election/status,27.200000,0.000000,4,5,5,6,7,9,11,11,16,16,16,9697,0,4,4.396412364629272,1.7956000010599382,24.966900004073977,78.0

1790042944,200,GET,[GET] /api/soporte/tickets,59.100000,0.000000,7,7,8,9,10,12,14,18,32,32,32,19536,0,6,7.210639695951358,3.7397999985842034,313.4501000022283,84567.0

1790042944,200,GET,[GET] /health,84.200000,0.000000,4,5,5,6,7,9,11,12,15,15,15,29451,0,4,4.301326325090841,1.7883999971672893,44.313999998848885,83.99704594071508

1790042944,200,,Aggregated,198.800000,0.000000,5,6,6,7,8,10,12,14,32,32,32,68398,0,5,5.223170836872471,1.7883999971672893,313.4501000022283,24208.41341852101

1790042945,200,GET,[GET] /actuator/health,28.700000,0.000000,4,5,6,6,7,9,10,12,26,26,26,9743,0,4,4.847625372087909,2.2581000011996366,50.14140000275802,49.0

1790042945,200,GET,[GET] /api/soporte/election/status,26.200000,0.000000,4,5,5,6,7,9,11,12,16,16,16,9722,0,4,4.396566210634085,1.7956000010599382,24.966900004073977,78.0

1790042945,200,GET,[GET] /api/soporte/tickets,58.600000,0.000000,7,7,8,9,10,12,14,17,32,32,32,19589,0,6,7.210814074231492,3.7397999985842034,313.4501000022283,84567.0

1790042945,200,GET,[GET] /health,85.700000,0.000000,4,5,5,6,7,9,11,13,17,17,17,29544,0,4,4.302908059175369,1.7883999971672893,44.313999998848885,83.99695369618196

1790042945,200,,Aggregated,199.200000,0.000000,5,6,6,7,9,10,12,14,31,32,32,68598,0,5,5.223936314476149,1.7883999971672893,313.4501000022283,24203.333799819236

1790042946,200,GET,[GET] /actuator/health,29.200000,0.000000,4,5,6,6,7,9,10,12,26,26,26,9768,0,4,4.846539670377142,2.2581000011996366,50.14140000275802,49.0

1790042946,200,GET,[GET] /api/soporte/election/status,27.500000,0.000000,4,5,6,6,7,9,11,12,16,16,16,9740,0,4,4.396442607778088,1.7956000010599382,24.966900004073977,78.0

1790042946,200,GET,[GET] /api/soporte/tickets,58.400000,0.000000,7,7,8,9,10,12,14,17,32,32,32,19634,0,6,7.2092566313598265,3.7397999985842034,313.4501000022283,84567.0

1790042946,200,GET,[GET] /health,84.800000,0.000000,4,5,5,6,7,9,11,13,17,17,17,29650,0,4,4.301053032050159,1.7883999971672893,44.313999998848885,83.99696458684654

1790042946,200,,Aggregated,199.900000,0.000000,5,6,6,7,9,10,12,14,31,32,32,68792,0,5,5.222047877666132,1.7883999971672893,313.4501000022283,24190.564891266426

1790042947,200,GET,[GET] /actuator/health,29.500000,0.000000,4,5,6,6,8,9,10,10,12,12,12,9794,0,4,4.847768613459711,2.2581000011996366,50.14140000275802,49.0

1790042947,200,GET,[GET] /api/soporte/election/status,27.600000,0.000000,4,5,6,6,7,9,11,11,13,13,13,9765,0,4,4.397136262134342,1.7956000010599382,24.966900004073977,78.0

1790042947,200,GET,[GET] /api/soporte/tickets,58.200000,0.000000,7,7,8,9,10,12,13,15,32,32,32,19691,0,6,7.207325646240024,3.7397999985842034,313.4501000022283,84567.0

1790042947,200,GET,[GET] /health,84.400000,0.000000,4,5,5,6,7,9,11,13,17,17,17,29750,0,4,4.301208870596949,1.7883999971672893,44.313999998848885,83.99697478991597

1790042947,200,,Aggregated,199.700000,0.000000,5,6,6,7,8,10,12,13,31,32,32,69000,0,5,5.221702820294751,1.7883999971672893,313.4501000022283,24187.670768115942

1790042948,200,GET,[GET] /actuator/health,29.300000,0.000000,4,5,6,6,7,8,10,10,12,12,12,9821,0,4,4.846184624805464,2.2581000011996366,50.14140000275802,49.0

1790042948,200,GET,[GET] /api/soporte/election/status,27.500000,0.000000,4,5,5,6,7,8,11,11,13,13,13,9801,0,4,4.395528405236442,1.7956000010599382,24.966900004073977,78.0

1790042948,200,GET,[GET] /api/soporte/tickets,56.900000,0.000000,6,7,8,9,10,12,13,15,32,32,32,19738,0,6,7.205975276123804,3.7397999985842034,313.4501000022283,84567.0

1790042948,200,GET,[GET] /health,84.500000,0.000000,4,5,5,6,7,8,10,13,17,17,17,29841,0,4,4.299804644624749,1.7883999971672893,44.313999998848885,83.99698401528099

1790042948,200,,Aggregated,198.200000,0.000000,5,6,6,7,8,10,12,13,31,32,32,69201,0,5,5.219822885511996,1.7883999971672893,313.4501000022283,24175.022138408403

1790042949,200,GET,[GET] /actuator/health,28.900000,0.000000,4,5,6,6,8,9,10,10,12,12,12,9857,0,4,4.847030699018008,2.2581000011996366,50.14140000275802,49.0

1790042949,200,GET,[GET] /api/soporte/election/status,25.700000,0.000000,4,5,5,6,7,8,11,11,13,13,13,9827,0,4,4.396377022461184,1.7956000010599382,24.966900004073977,78.0

1790042949,200,GET,[GET] /api/soporte/tickets,57.600000,0.000000,7,7,8,8,10,12,13,15,32,32,32,19801,0,6,7.2066408767303525,3.7397999985842034,313.4501000022283,84567.0

1790042949,200,GET,[GET] /health,87.500000,0.000000,4,5,5,6,7,8,10,13,17,17,17,29921,0,4,4.300515851751772,1.7883999971672893,44.313999998848885,83.99699207914173

1790042949,200,,Aggregated,199.700000,0.000000,5,6,6,7,8,10,12,13,31,32,32,69406,0,5,5.22079948996267,1.7883999971672893,313.4501000022283,24180.531078004784

1790042950,200,GET,[GET] /actuator/health,28.000000,0.000000,4,5,6,6,8,9,10,10,12,12,12,9888,0,4,4.845996945816508,2.2581000011996366,50.14140000275802,49.0

1790042950,200,GET,[GET] /api/soporte/election/status,26.000000,0.000000,4,5,5,6,7,8,11,11,13,13,13,9862,0,4,4.3940501926299715,1.7956000010599382,24.966900004073977,78.0

1790042950,200,GET,[GET] /api/soporte/tickets,56.700000,0.000000,6,7,8,8,10,12,13,16,32,32,32,19863,0,6,7.204192337518067,3.7397999985842034,313.4501000022283,84567.0

1790042950,200,GET,[GET] /health,88.900000,0.000000,4,5,5,6,7,8,10,13,17,17,17,29984,0,4,4.300161649556444,1.7883999971672893,44.313999998848885,83.99699839914621

1790042950,200,,Aggregated,199.600000,0.000000,5,6,6,7,8,10,12,13,31,32,32,69597,0,5,5.219826430742305,1.7883999971672893,313.4501000022283,24189.643734643734

1790042951,200,GET,[GET] /actuator/health,28.300000,0.000000,4,5,6,6,8,9,11,36,56,56,56,9922,0,4,4.857459675492212,2.2581000011996366,56.072999999742024,49.0

1790042951,200,GET,[GET] /api/soporte/election/status,27.500000,0.000000,4,5,5,6,7,8,10,12,13,13,13,9893,0,4,4.394047225281956,1.7956000010599382,24.966900004073977,78.0

1790042951,200,GET,[GET] /api/soporte/tickets,55.100000,0.000000,6,7,8,8,10,12,16,25,45,45,45,19919,0,6,7.2099308499474875,3.7397999985842034,313.4501000022283,84567.0

1790042951,200,GET,[GET] /health,88.500000,0.000000,4,4,5,6,7,9,11,14,56,56,56,30070,0,4,4.304597988036999,1.7883999971672893,56.43460000283085,83.9970069837047

1790042951,200,,Aggregated,199.400000,0.000000,5,6,6,7,8,10,12,16,56,56,56,69804,0,5,5.224914019258562,1.7883999971672893,313.4501000022283,24185.916208240214

1790042952,200,GET,[GET] /actuator/health,28.900000,0.000000,4,5,6,6,8,9,11,36,56,56,56,9950,0,4,4.8572646130894865,2.2581000011996366,56.072999999742024,49.0

1790042952,200,GET,[GET] /api/soporte/election/status,27.800000,0.000000,4,5,5,6,7,8,10,12,13,13,13,9923,0,4,4.392450740674483,1.7956000010599382,24.966900004073977,78.0

1790042952,200,GET,[GET] /api/soporte/tickets,55.400000,0.000000,6,7,8,8,10,12,16,25,45,45,45,19970,0,6,7.207520105162059,3.7397999985842034,313.4501000022283,84567.0

1790042952,200,GET,[GET] /health,88.100000,0.000000,4,4,5,6,7,9,11,14,56,56,56,30154,0,4,4.305106453547967,1.7883999971672893,56.43460000283085,83.9970153213504

1790042952,200,,Aggregated,200.200000,0.000000,5,6,6,7,8,10,13,16,56,56,56,69997,0,5,5.224030002719045,1.7883999971672893,313.4501000022283,24180.998899952854

1790042953,200,GET,[GET] /actuator/health,28.700000,0.000000,4,5,6,6,8,9,11,36,56,56,56,9982,0,4,4.857766169127673,2.2581000011996366,56.072999999742024,49.0

1790042953,200,GET,[GET] /api/soporte/election/status,28.100000,0.000000,4,5,5,6,7,8,11,12,13,13,13,9943,0,4,4.395064417148599,1.7956000010599382,24.966900004073977,78.0

1790042953,200,GET,[GET] /api/soporte/tickets,55.900000,0.000000,6,7,8,8,9,12,15,25,45,45,45,20033,0,6,7.20633670943517,3.7397999985842034,313.4501000022283,84567.0

1790042953,200,GET,[GET] /health,87.100000,0.000000,4,4,5,6,7,9,11,14,56,56,56,30256,0,4,4.3059236283802065,1.7883999971672893,56.43460000283085,83.99702538339503

1790042953,200,,Aggregated,199.800000,0.000000,5,6,6,7,8,10,13,15,56,56,56,70214,0,5,5.224526675596422,1.7883999971672893,313.4501000022283,24182.311177258096

1790042954,200,GET,[GET] /actuator/health,29.900000,0.000000,4,5,6,6,8,9,11,36,56,56,56,10007,0,4,4.858752673149837,2.2581000011996366,56.072999999742024,49.0

1790042954,200,GET,[GET] /api/soporte/election/status,28.400000,0.000000,4,5,5,6,7,8,10,12,13,13,13,9976,0,4,4.393760435016074,1.7956000010599382,24.966900004073977,78.0

1790042954,200,GET,[GET] /api/soporte/tickets,55.200000,0.000000,6,7,8,8,9,12,14,23,45,45,45,20095,0,6,7.207310380697983,3.7397999985842034,313.4501000022283,84567.0

1790042954,200,GET,[GET] /health,86.200000,0.000000,4,5,5,6,7,9,11,14,56,56,56,30340,0,4,4.3064472676426915,1.7883999971672893,56.43460000283085,83.99703361898484

1790042954,200,,Aggregated,199.700000,0.000000,5,6,6,7,8,10,13,15,56,56,56,70418,0,5,5.2251157985221965,1.7883999971672893,313.4501000022283,24186.867079439915

1790042955,200,GET,[GET] /actuator/health,29.500000,0.000000,4,5,6,6,8,9,11,36,56,56,56,10034,0,4,4.8576469503869015,2.2581000011996366,56.072999999742024,49.0

1790042955,200,GET,[GET] /api/soporte/election/status,28.900000,0.000000,4,5,5,5,7,8,10,10,13,13,13,10011,0,4,4.393299630377901,1.7956000010599382,24.966900004073977,78.0

1790042955,200,GET,[GET] /api/soporte/tickets,55.100000,0.000000,6,7,8,8,10,12,14,23,45,45,45,20146,0,6,7.206438176319625,3.7397999985842034,313.4501000022283,84567.0

1790042955,200,GET,[GET] /health,85.500000,0.000000,4,4,5,6,7,8,10,12,56,56,56,30428,0,4,4.3054576114189045,1.7883999971672893,56.43460000283085,83.99704219797555

1790042955,200,,Aggregated,199.000000,0.000000,5,6,6,7,8,9,12,14,45,56,56,70619,0,5,5.223952757760446,1.7883999971672893,313.4501000022283,24179.2600858126

1790042956,200,GET,[GET] /actuator/health,29.200000,0.000000,4,5,6,6,8,9,11,36,56,56,56,10067,0,4,4.856787811681789,2.2581000011996366,56.072999999742024,49.0

1790042956,200,GET,[GET] /api/soporte/election/status,27.400000,0.000000,4,5,5,5,7,8,10,12,27,27,27,10040,0,4,4.394139890410658,1.7956000010599382,27.25980000104755,78.0

1790042956,200,GET,[GET] /api/soporte/tickets,55.700000,0.000000,6,7,8,8,10,11,14,23,45,45,45,20199,0,6,7.204917738508931,3.7397999985842034,313.4501000022283,84567.0

1790042956,200,GET,[GET] /health,88.100000,0.000000,4,5,5,6,7,8,10,12,56,56,56,30514,0,4,4.304650416208704,1.7883999971672893,56.43460000283085,83.99705053418103

1790042956,200,,Aggregated,200.400000,0.000000,5,6,6,7,8,9,12,14,45,56,56,70820,0,5,5.223025749791836,1.7883999971672893,313.4501000022283,24174.0796667608

1790042957,200,GET,[GET] /actuator/health,29.000000,0.000000,4,5,6,6,8,9,11,36,56,56,56,10090,0,4,4.855681744321239,2.208099998824764,56.072999999742024,49.0

1790042957,200,GET,[GET] /api/soporte/election/status,27.900000,0.000000,4,5,5,5,7,8,10,12,27,27,27,10066,0,4,4.394118627031243,1.7956000010599382,27.25980000104755,78.0

1790042957,200,GET,[GET] /api/soporte/tickets,55.600000,0.000000,6,7,8,8,9,11,14,23,45,45,45,20259,0,6,7.2021514240660105,3.7397999985842034,313.4501000022283,84567.0

1790042957,200,GET,[GET] /health,87.700000,0.000000,4,4,5,5,7,8,10,12,56,56,56,30596,0,4,4.303498424637808,1.7883999971672893,56.43460000283085,83.99705843901164

1790042957,200,,Aggregated,200.200000,0.000000,5,6,6,7,8,9,12,15,56,56,56,71011,0,5,5.221771984625896,1.7883999971672893,313.4501000022283,24180.653490304318

1790042958,200,GET,[GET] /actuator/health,28.700000,0.000000,4,5,6,6,8,9,11,36,56,56,56,10116,0,4,4.856941666687408,2.208099998824764,56.072999999742024,49.0

1790042958,200,GET,[GET] /api/soporte/election/status,28.700000,0.000000,4,5,5,5,7,8,10,12,27,27,27,10090,0,4,4.39411885031463,1.7956000010599382,27.25980000104755,78.0

1790042958,200,GET,[GET] /api/soporte/tickets,55.800000,0.000000,6,7,8,8,10,11,14,23,45,45,45,20316,0,6,7.201675659585872,3.7397999985842034,313.4501000022283,84567.0

1790042958,200,GET,[GET] /health,88.300000,0.000000,4,5,5,5,7,8,10,12,56,56,56,30693,0,4,4.3031257452915535,1.7883999971672893,56.43460000283085,83.99706773531425

1790042958,200,,Aggregated,201.500000,0.000000,5,6,6,7,8,9,12,14,45,56,56,71215,0,5,5.221576385596639,1.7883999971672893,313.4501000022283,24179.231875307167

1790042959,200,GET,[GET] /actuator/health,29.300000,0.000000,4,5,6,6,8,8,11,36,56,56,56,10143,0,4,4.856623050400901,2.208099998824764,56.072999999742024,49.0

1790042959,200,GET,[GET] /api/soporte/election/status,30.000000,0.000000,4,5,5,5,7,7,10,12,27,27,27,10121,0,4,4.395227457726706,1.7956000010599382,27.25980000104755,78.0

1790042959,200,GET,[GET] /api/soporte/tickets,56.000000,0.000000,6,7,8,8,9,10,14,23,45,45,45,20368,0,6,7.199922206409117,3.7397999985842034,313.4501000022283,84567.0

1790042959,200,GET,[GET] /health,85.300000,0.000000,4,4,5,5,6,8,10,12,56,56,56,30783,0,4,4.302448198689246,1.7883999971672893,56.43460000283085,83.997076308352

1790042959,200,,Aggregated,200.600000,0.000000,5,6,6,7,8,9,11,14,56,56,56,71415,0,5,5.220683373244561,1.7883999971672893,313.4501000022283,24173.251879857173

1790042960,200,GET,[GET] /actuator/health,29.200000,0.000000,4,5,6,6,8,8,11,36,56,56,56,10172,0,4,4.856094740483256,2.208099998824764,56.072999999742024,49.0

1790042960,200,GET,[GET] /api/soporte/election/status,30.000000,0.000000,4,5,5,5,7,7,10,12,27,27,27,10146,0,4,4.393547575364227,1.7956000010599382,27.25980000104755,78.0

1790042960,200,GET,[GET] /api/soporte/tickets,56.800000,0.000000,6,7,7,8,9,11,13,23,45,45,45,20423,0,6,7.196995617690677,3.7397999985842034,313.4501000022283,84567.0

1790042960,200,GET,[GET] /health,83.800000,0.000000,4,4,5,5,6,8,10,12,56,56,56,30867,0,4,4.301289234464208,1.7883999971672893,56.43460000283085,83.99708426474876

1790042960,200,,Aggregated,199.800000,0.000000,5,6,6,7,8,9,11,14,56,56,56,71608,0,5,5.219043482573798,1.7883999971672893,313.4501000022283,24173.198455479836

1790042961,200,GET,[GET] /actuator/health,29.500000,0.000000,4,5,6,6,8,8,9,11,11,11,11,10200,0,4,4.854583205901601,2.208099998824764,56.072999999742024,49.0

1790042961,200,GET,[GET] /api/soporte/election/status,28.800000,0.000000,4,5,5,5,6,7,8,10,27,27,27,10179,0,4,4.393069024426019,1.7956000010599382,27.25980000104755,78.0

1790042961,200,GET,[GET] /api/soporte/tickets,57.400000,0.000000,6,7,8,8,9,10,12,13,23,23,23,20477,0,6,7.195848195541293,3.7397999985842034,313.4501000022283,84567.0

1790042961,200,GET,[GET] /health,84.900000,0.000000,4,4,5,5,6,7,9,9,25,25,25,30952,0,4,4.300299512154391,1.7883999971672893,56.43460000283085,83.99709227190489

1790042961,200,,Aggregated,200.600000,0.000000,5,6,6,6,8,9,10,11,25,27,27,71808,0,5,5.217887314785686,1.7883999971672893,313.4501000022283,24169.62036263369

1790042962,200,GET,[GET] /actuator/health,28.400000,0.000000,4,5,6,6,8,8,8,9,11,11,11,10228,0,4,4.853005113431985,2.208099998824764,56.072999999742024,49.0

1790042962,200,GET,[GET] /api/soporte/election/status,29.000000,0.000000,4,5,5,5,6,7,10,13,27,27,27,10210,0,4,4.393764671855437,1.7956000010599382,27.25980000104755,78.0

1790042962,200,GET,[GET] /api/soporte/tickets,56.500000,0.000000,6,7,8,8,9,10,12,14,26,26,26,20538,0,6,7.19666647191118,3.7397999985842034,313.4501000022283,84567.0

1790042962,200,GET,[GET] /health,85.900000,0.000000,4,4,5,5,6,7,8,9,25,25,25,31025,0,4,4.298498291707253,1.7883999971672893,56.43460000283085,83.99709911361805

1790042962,200,,Aggregated,199.800000,0.000000,5,5,6,6,8,9,10,11,26,27,27,72001,0,5,5.217468078223298,1.7883999971672893,313.4501000022283,24176.617102540244

1790042963,200,GET,[GET] /actuator/health,28.300000,0.000000,4,5,6,6,8,8,9,11,30,30,30,10249,0,4,4.857009483870768,2.208099998824764,56.072999999742024,49.0

1790042963,200,GET,[GET] /api/soporte/election/status,28.300000,0.000000,4,5,5,5,6,7,15,19,27,27,27,10242,0,4,4.399486760364853,1.7956000010599382,27.25980000104755,78.0

1790042963,200,GET,[GET] /api/soporte/tickets,55.700000,0.000000,6,7,8,8,9,10,12,14,26,26,26,20596,0,6,7.198442105269389,3.7397999985842034,313.4501000022283,84567.0

1790042963,200,GET,[GET] /health,87.800000,0.000000,4,4,5,5,6,7,8,9,31,31,31,31120,0,4,4.3005956716009965,1.7883999971672893,56.43460000283085,83.99710796915167

1790042963,200,,Aggregated,200.100000,0.000000,5,6,6,7,8,9,11,13,30,31,31,72207,0,5,5.220168190067441,1.7883999971672893,313.4501000022283,24175.73087096819

1790042965,200,GET,[GET] /actuator/health,27.600000,0.000000,4,5,6,6,8,8,11,11,30,30,30,10279,0,4,4.857118221637369,2.208099998824764,56.072999999742024,49.0

1790042965,200,GET,[GET] /api/soporte/election/status,28.600000,0.000000,4,5,5,5,6,7,15,19,27,27,27,10279,0,4,4.3987359470433125,1.7956000010599382,27.25980000104755,78.0

1790042965,200,GET,[GET] /api/soporte/tickets,55.800000,0.000000,6,7,8,8,9,10,12,14,26,26,26,20638,0,6,7.197036985179716,3.7397999985842034,313.4501000022283,84567.0

1790042965,200,GET,[GET] /health,88.100000,0.000000,4,4,5,5,6,7,8,11,31,31,31,31205,0,4,4.300909722808893,1.7883999971672893,56.43460000283085,83.99711584681943

1790042965,200,,Aggregated,200.100000,0.000000,5,6,6,6,8,9,11,13,30,31,31,72401,0,5,5.2193099846723,1.7883999971672893,313.4501000022283,24160.167801549702

1790042966,200,GET,[GET] /actuator/health,26.700000,0.000000,4,5,6,6,8,9,11,16,30,30,30,10307,0,4,4.858596458740756,2.208099998824764,56.072999999742024,49.0

1790042966,200,GET,[GET] /api/soporte/election/status,29.900000,0.000000,4,5,5,5,6,7,12,16,25,25,25,10311,0,4,4.3969236543150325,1.7956000010599382,27.25980000104755,78.0

1790042966,200,GET,[GET] /api/soporte/tickets,56.100000,0.000000,6,7,8,8,9,11,13,14,26,26,26,20688,0,6,7.197078398113184,3.7397999985842034,313.4501000022283,84567.0

1790042966,200,GET,[GET] /health,85.400000,0.000000,4,4,5,5,6,7,9,13,31,31,31,31288,0,4,4.300455382263225,1.7883999971672893,56.43460000283085,83.99712349782665

1790042966,200,,Aggregated,198.100000,0.000000,5,5,6,7,8,9,11,14,30,31,31,72594,0,5,5.218889156132747,1.7883999971672893,313.4501000022283,24154.330922665784

1790042967,200,GET,[GET] /actuator/health,27.200000,0.000000,4,5,6,6,8,9,11,16,30,30,30,10333,0,4,4.8590966418497405,2.208099998824764,56.072999999742024,49.0

1790042967,200,GET,[GET] /api/soporte/election/status,30.100000,0.000000,4,5,5,5,6,7,12,16,25,25,25,10338,0,4,4.396116753688635,1.7956000010599382,27.25980000104755,78.0

1790042967,200,GET,[GET] /api/soporte/tickets,54.100000,0.000000,6,7,8,8,10,11,13,14,26,26,26,20754,0,6,7.196063684119897,3.7397999985842034,313.4501000022283,84567.0

1790042967,200,GET,[GET] /health,86.200000,0.000000,4,4,5,5,6,7,9,13,31,31,31,31381,0,4,4.300767783060409,1.7883999971672893,56.43460000283085,83.99713202256142

1790042967,200,,Aggregated,197.600000,0.000000,5,6,6,7,8,9,12,14,30,31,31,72806,0,5,5.218877566413613,1.7883999971672893,313.4501000022283,24160.812474246628

1790042968,200,GET,[GET] /actuator/health,27.300000,0.000000,4,5,6,6,8,9,11,16,30,30,30,10365,0,4,4.860241196357078,2.208099998824764,56.072999999742024,49.0

1790042968,200,GET,[GET] /api/soporte/election/status,29.900000,0.000000,4,5,5,5,6,7,12,16,25,25,25,10359,0,4,4.394305154901849,1.7956000010599382,27.25980000104755,78.0

1790042968,200,GET,[GET] /api/soporte/tickets,53.900000,0.000000,6,7,8,8,10,11,13,13,26,26,26,20822,0,6,7.194860388062991,3.7397999985842034,313.4501000022283,84567.0

1790042968,200,GET,[GET] /health,85.300000,0.000000,4,4,5,5,7,8,9,13,31,31,31,31467,0,4,4.3009938030394474,1.7883999971672893,56.43460000283085,83.99713986080656

1790042968,200,,Aggregated,196.400000,0.000000,5,6,6,7,8,9,12,14,30,31,31,73013,0,5,5.218902963860672,1.7883999971672893,313.4501000022283,24171.21744072973

1790042969,200,GET,[GET] /actuator/health,26.500000,0.000000,4,5,6,6,8,9,11,16,30,30,30,10396,0,4,4.858154578705867,2.208099998824764,56.072999999742024,49.0

1790042969,200,GET,[GET] /api/soporte/election/status,29.700000,0.000000,4,5,5,5,6,7,12,16,25,25,25,10385,0,4,4.3949679730025775,1.7956000010599382,27.25980000104755,78.0

1790042969,200,GET,[GET] /api/soporte/tickets,55.500000,0.000000,6,7,8,8,10,11,13,13,26,26,26,20877,0,6,7.19429608182476,3.7397999985842034,313.4501000022283,84567.0

1790042969,200,GET,[GET] /health,86.600000,0.000000,4,4,5,5,7,8,9,13,31,31,31,31563,0,4,4.30107702056936,1.7883999971672893,56.43460000283085,83.99714856002281

1790042969,200,,Aggregated,198.300000,0.000000,5,6,6,7,8,9,12,13,30,31,31,73221,0,5,5.218411803995359,1.7883999971672893,313.4501000022283,24166.235028202293

1790042970,200,GET,[GET] /actuator/health,27.200000,0.000000,4,5,6,6,8,9,11,16,30,30,30,10420,0,4,4.857168013457658,2.208099998824764,56.072999999742024,49.0

1790042970,200,GET,[GET] /api/soporte/election/status,29.200000,0.000000,4,5,5,5,6,7,12,16,25,25,25,10415,0,4,4.393047690795473,1.7956000010599382,27.25980000104755,78.0

1790042970,200,GET,[GET] /api/soporte/tickets,55.900000,0.000000,6,7,8,9,10,11,13,13,26,26,26,20935,0,6,7.193050351098929,3.7397999985842034,313.4501000022283,84567.0

1790042970,200,GET,[GET] /health,86.100000,0.000000,4,4,5,5,7,8,9,13,31,31,31,31649,0,4,4.300234184341922,1.7883999971672893,56.43460000283085,83.9970615185314

1790042970,200,,Aggregated,198.400000,0.000000,5,6,6,7,8,9,12,13,30,31,31,73419,0,5,5.217313000726749,1.7883999971672893,313.4501000022283,24168.015336629483

1790042971,200,GET,[GET] /actuator/health,28.000000,0.000000,4,5,6,6,8,9,11,16,30,30,30,10452,0,4,4.854800612344072,2.208099998824764,56.072999999742024,49.0

1790042971,200,GET,[GET] /api/soporte/election/status,29.300000,0.000000,4,4,5,5,6,8,12,16,25,25,25,10450,0,4,4.391741999964599,1.7956000010599382,27.25980000104755,78.0

1790042971,200,GET,[GET] /api/soporte/tickets,55.500000,0.000000,6,7,8,8,10,11,13,13,26,26,26,20986,0,6,7.191595325465275,3.7397999985842034,313.4501000022283,84567.0

1790042971,200,GET,[GET] /health,86.300000,0.000000,4,4,5,5,7,8,9,13,31,31,31,31729,0,4,4.299041756758914,1.7883999971672893,56.43460000283085,83.99706892747959

1790042971,200,,Aggregated,199.100000,0.000000,5,6,6,7,8,10,12,13,30,31,31,73617,0,5,5.2156865302887665,1.7883999971672893,313.4501000022283,24161.748685765517

1790042972,200,GET,[GET] /actuator/health,27.600000,0.000000,4,5,6,6,8,9,11,16,30,30,30,10476,0,4,4.854058619722959,2.208099998824764,56.072999999742024,49.0

1790042972,200,GET,[GET] /api/soporte/election/status,29.300000,0.000000,4,4,5,5,6,8,10,16,25,25,25,10477,0,4,4.392156666950063,1.7956000010599382,27.25980000104755,78.0

1790042972,200,GET,[GET] /api/soporte/tickets,56.500000,0.000000,6,7,8,8,10,11,12,13,26,26,26,21057,0,6,7.190259063503725,3.7397999985842034,313.4501000022283,84567.0

1790042972,200,GET,[GET] /health,86.100000,0.000000,4,5,5,6,7,8,10,13,31,31,31,31808,0,4,4.299394155564745,1.7883999971672893,56.43460000283085,83.99707620724347

1790042972,200,,Aggregated,199.500000,0.000000,5,6,6,7,8,9,11,13,30,31,31,73818,0,5,5.215911537839753,1.7883999971672893,313.4501000022283,24177.431358205315

1790042973,200,GET,[GET] /actuator/health,27.900000,0.000000,4,5,6,6,7,9,11,12,16,16,16,10509,0,4,4.8541473594255065,2.208099998824764,56.072999999742024,49.0

1790042973,200,GET,[GET] /api/soporte/election/status,30.200000,0.000000,4,4,5,5,6,8,9,9,10,10,10,10509,0,4,4.391511009577236,1.7956000010599382,27.25980000104755,78.0

1790042973,200,GET,[GET] /api/soporte/tickets,56.000000,0.000000,6,7,8,8,9,11,12,13,14,14,14,21121,0,6,7.188564551876033,3.7397999985842034,313.4501000022283,84567.0

1790042973,200,GET,[GET] /health,85.700000,0.000000,4,5,5,6,7,8,10,12,15,15,15,31886,0,4,4.300009947946091,1.7883999971672893,56.43460000283085,83.9970833594681

1790042973,200,,Aggregated,199.800000,0.000000,5,6,6,7,8,9,11,12,15,16,16,74025,0,5,5.215838066872443,1.7883999971672893,313.4501000022283,24183.081134751774

1790042974,200,GET,[GET] /actuator/health,27.200000,0.000000,4,5,6,6,8,9,12,12,16,16,16,10543,0,4,4.855709522925579,2.208099998824764,56.072999999742024,49.0

1790042974,200,GET,[GET] /api/soporte/election/status,29.500000,0.000000,4,4,5,5,7,9,9,10,14,14,14,10534,0,4,4.394575574295262,1.7956000010599382,27.25980000104755,78.0

1790042974,200,GET,[GET] /api/soporte/tickets,57.400000,0.000000,6,7,8,8,10,11,13,14,18,18,18,21172,0,6,7.191610943707058,3.7397999985842034,313.4501000022283,84567.0

1790042974,200,GET,[GET] /health,84.800000,0.000000,4,5,5,6,7,9,10,13,15,15,15,31979,0,4,4.303596247543509,1.7883999971672893,56.43460000283085,83.997091841521

1790042974,200,,Aggregated,198.900000,0.000000,5,6,6,7,8,10,12,13,16,18,18,74228,0,5,5.218673491137985,1.7883999971672893,313.4501000022283,24175.202430349735

1790042975,200,GET,[GET] /actuator/health,28.000000,0.000000,4,5,6,6,7,9,11,12,12,12,12,10566,0,4,4.855462511848555,2.208099998824764,56.072999999742024,49.0

1790042975,200,GET,[GET] /api/soporte/election/status,29.600000,0.000000,4,4,5,5,7,9,10,12,28,28,28,10555,0,4,4.396870137341592,1.7956000010599382,28.096100002585445,78.0

1790042975,200,GET,[GET] /api/soporte/tickets,57.700000,0.000000,6,7,8,8,10,11,13,14,18,18,18,21222,0,6,7.191285260586075,3.7397999985842034,313.4501000022283,84567.0

1790042975,200,GET,[GET] /health,85.600000,0.000000,4,5,5,6,7,8,10,12,19,19,19,32085,0,4,4.304280205709925,1.7883999971672893,56.43460000283085,83.99710144927536

1790042975,200,,Aggregated,200.900000,0.000000,5,6,6,7,8,10,11,13,19,28,28,74428,0,5,5.218843276726406,1.7883999971672893,313.4501000022283,24167.207838447895

1790042976,200,GET,[GET] /actuator/health,28.800000,0.000000,4,5,6,6,7,9,10,12,12,12,12,10593,0,4,4.855729500633092,2.208099998824764,56.072999999742024,49.0

1790042976,200,GET,[GET] /api/soporte/election/status,28.900000,0.000000,4,4,5,5,7,9,10,12,28,28,28,10585,0,4,4.396694879513261,1.7956000010599382,28.096100002585445,78.0

1790042976,200,GET,[GET] /api/soporte/tickets,57.400000,0.000000,6,7,8,8,10,11,13,16,32,32,32,21276,0,6,7.191460062990109,3.7397999985842034,313.4501000022283,84567.0

1790042976,200,GET,[GET] /health,84.800000,0.000000,4,5,5,6,7,8,10,12,19,19,19,32171,0,4,4.3039975070777645,1.7883999971672893,56.43460000283085,83.99710919772465

1790042976,200,,Aggregated,199.900000,0.000000,5,6,6,7,8,10,11,13,28,32,32,74625,0,5,5.218695691795384,1.7883999971672893,313.4501000022283,24164.749748743718

1790042977,200,GET,[GET] /actuator/health,28.600000,0.000000,4,5,6,6,7,8,10,12,12,12,12,10618,0,4,4.854537775495679,2.208099998824764,56.072999999742024,49.0

1790042977,200,GET,[GET] /api/soporte/election/status,27.000000,0.000000,4,4,5,6,7,9,10,12,28,28,28,10615,0,4,4.395934988190611,1.7956000010599382,28.096100002585445,78.0

1790042977,200,GET,[GET] /api/soporte/tickets,58.000000,0.000000,6,7,8,8,10,11,14,16,34,34,34,21336,0,6,7.191237026630247,3.7397999985842034,313.4501000022283,84567.0

1790042977,200,GET,[GET] /health,86.900000,0.000000,4,5,5,6,7,8,10,12,19,19,19,32253,0,4,4.302825272073559,1.7883999971672893,56.43460000283085,83.99711654729792

1790042977,200,,Aggregated,200.500000,0.000000,5,6,6,7,8,9,11,13,32,34,34,74822,0,5,5.217978518353264,1.7883999971672893,313.4501000022283,24169.08025714362

1790042978,200,GET,[GET] /actuator/health,28.100000,0.000000,4,5,6,6,7,9,12,12,12,12,12,10644,0,4,4.8544593292194484,2.208099998824764,56.072999999742024,49.0

1790042978,200,GET,[GET] /api/soporte/election/status,27.200000,0.000000,4,4,5,6,7,9,10,12,28,28,28,10641,0,4,4.396310628666359,1.7956000010599382,28.096100002585445,78.0

1790042978,200,GET,[GET] /api/soporte/tickets,58.200000,0.000000,6,7,8,8,10,11,14,17,34,34,34,21408,0,6,7.190267904530406,3.7397999985842034,313.4501000022283,84567.0

1790042978,200,GET,[GET] /health,87.500000,0.000000,4,5,5,6,7,8,10,12,19,19,19,32334,0,4,4.302362649229053,1.7883999971672893,56.43460000283085,83.99703098905177

1790042978,200,,Aggregated,201.000000,0.000000,5,6,6,7,8,10,12,14,32,34,34,75027,0,5,5.218039581753365,1.7883999971672893,313.4501000022283,24184.33164060938

1790042979,200,GET,[GET] /actuator/health,28.100000,0.000000,4,5,6,6,7,9,10,12,12,12,12,10676,0,4,4.8548479112232235,2.208099998824764,56.072999999742024,49.0

1790042979,200,GET,[GET] /api/soporte/election/status,27.600000,0.000000,4,5,5,6,8,9,10,12,28,28,28,10670,0,4,4.398077956855153,1.7956000010599382,28.096100002585445,78.0

1790042979,200,GET,[GET] /api/soporte/tickets,57.600000,0.000000,6,7,8,8,10,11,14,17,34,34,34,21454,0,6,7.1892416053033825,3.7397999985842034,313.4501000022283,84567.0

1790042979,200,GET,[GET] /health,86.600000,0.000000,4,5,5,6,7,8,10,12,19,19,19,32421,0,4,4.301810194015079,1.7883999971672893,56.43460000283085,83.99703895623207

1790042979,200,,Aggregated,199.900000,0.000000,5,6,6,7,8,10,12,14,32,34,34,75221,0,5,5.217490139724349,1.7883999971672893,313.4501000022283,24173.822070964226

1790042980,200,GET,[GET] /actuator/health,27.900000,0.000000,4,5,6,6,8,10,12,12,14,14,14,10705,0,4,4.858755077084267,2.208099998824764,56.072999999742024,49.0

1790042980,200,GET,[GET] /api/soporte/election/status,27.900000,0.000000,4,5,5,6,8,9,11,12,28,28,28,10699,0,4,4.398629544779733,1.7956000010599382,28.096100002585445,78.0

1790042980,200,GET,[GET] /api/soporte/tickets,58.000000,0.000000,6,7,8,8,10,12,16,17,34,34,34,21519,0,6,7.190652158565951,3.7397999985842034,313.4501000022283,84567.0

1790042980,200,GET,[GET] /health,86.700000,0.000000,4,5,5,6,7,8,11,13,19,19,19,32510,0,4,4.302365862816718,1.7883999971672893,56.43460000283085,83.99704706244232

1790042980,200,,Aggregated,200.500000,0.000000,5,6,6,7,8,10,12,14,32,34,34,75433,0,5,5.218928964778514,1.7883999971672893,313.4501000022283,24178.90159479273

1790042981,200,GET,[GET] /actuator/health,27.800000,0.000000,4,5,6,6,8,10,12,12,14,14,14,10736,0,4,4.857375856945523,2.208099998824764,56.072999999742024,49.0

1790042981,200,GET,[GET] /api/soporte/election/status,28.300000,0.000000,4,5,5,6,7,9,10,12,28,28,28,10732,0,4,4.397545890755549,1.7956000010599382,28.096100002585445,78.0

1790042981,200,GET,[GET] /api/soporte/tickets,57.800000,0.000000,6,7,8,8,10,12,16,18,34,34,34,21582,0,6,7.190404795672371,3.7277000010362826,313.4501000022283,84567.0

1790042981,200,GET,[GET] /health,85.300000,0.000000,4,5,5,6,7,8,11,13,19,19,19,32593,0,4,4.301654873750683,1.7883999971672893,56.43460000283085,83.99705458227227

1790042981,200,,Aggregated,199.200000,0.000000,5,6,6,7,8,10,12,14,32,34,34,75643,0,5,5.218333531194067,1.7883999971672893,313.4501000022283,24182.354877516755

1790042982,200,GET,[GET] /actuator/health,28.600000,0.000000,4,5,6,6,8,10,12,12,14,14,14,10763,0,4,4.857933531559306,2.208099998824764,56.072999999742024,49.0

1790042982,200,GET,[GET] /api/soporte/election/status,28.100000,0.000000,4,5,5,6,7,9,10,12,28,28,28,10761,0,4,4.397747049494424,1.7956000010599382,28.096100002585445,78.0

1790042982,200,GET,[GET] /api/soporte/tickets,58.100000,0.000000,6,7,8,8,10,12,16,18,34,34,34,21637,0,6,7.18835858946324,3.7277000010362826,313.4501000022283,84567.0

1790042982,200,GET,[GET] /health,85.000000,0.000000,4,5,5,6,7,8,10,13,19,19,19,32674,0,4,4.300597634210113,1.7883999971672893,56.43460000283085,83.99706188406684

1790042982,200,,Aggregated,199.800000,0.000000,5,6,6,7,8,10,12,14,32,34,34,75835,0,5,5.217410648119993,1.7883999971672893,313.4501000022283,24182.59964396387

1790042983,200,GET,[GET] /actuator/health,27.700000,0.000000,4,5,6,6,8,9,11,12,14,14,14,10788,0,4,4.8586966815173565,2.208099998824764,56.072999999742024,49.0

1790042983,200,GET,[GET] /api/soporte/election/status,28.000000,0.000000,4,5,5,6,7,8,9,11,28,28,28,10782,0,4,4.397517816695431,1.7956000010599382,28.096100002585445,78.0

1790042983,200,GET,[GET] /api/soporte/tickets,58.900000,0.000000,6,7,8,8,10,12,15,19,34,34,34,21692,0,6,7.189311515776706,3.7277000010362826,313.4501000022283,84567.0

1790042983,200,GET,[GET] /health,85.700000,0.000000,4,4,5,5,7,8,9,11,19,19,19,32776,0,4,4.300480461319535,1.7883999971672893,56.43460000283085,83.99707102758116

1790042983,200,,Aggregated,200.300000,0.000000,5,6,6,7,8,10,12,14,32,34,34,76038,0,5,5.217558982354307,1.7883999971672893,313.4501000022283,24179.35847865541

1790042984,200,GET,[GET] /actuator/health,28.700000,0.000000,4,6,6,7,8,10,12,14,14,14,14,10817,0,4,4.860823657224309,2.208099998824764,56.072999999742024,49.0

1790042984,200,GET,[GET] /api/soporte/election/status,27.600000,0.000000,4,5,5,6,7,8,9,10,12,12,12,10810,0,4,4.397852035114227,1.7956000010599382,28.096100002585445,78.0

1790042984,200,GET,[GET] /api/soporte/tickets,57.700000,0.000000,6,7,8,8,10,12,16,25,37,37,37,21745,0,6,7.193395488628301,3.7277000010362826,313.4501000022283,84567.0

1790042984,200,GET,[GET] /health,85.200000,0.000000,4,4,5,5,7,8,10,12,18,18,18,32853,0,4,4.3024361702176925,1.7883999971672893,56.43460000283085,83.99707789242991

1790042984,200,,Aggregated,199.200000,0.000000,5,6,6,7,8,10,12,14,34,37,37,76225,0,5,5.219922996394416,1.7883999971672893,313.4501000022283,24178.9725680551

1790042985,200,GET,[GET] /actuator/health,27.000000,0.000000,4,6,6,7,8,10,12,14,14,14,14,10853,0,4,4.862069363328529,2.208099998824764,56.072999999742024,49.0

1790042985,200,GET,[GET] /api/soporte/election/status,26.900000,0.000000,4,5,5,6,7,8,8,10,12,12,12,10845,0,4,4.397070816004709,1.7956000010599382,28.096100002585445,78.0

1790042985,200,GET,[GET] /api/soporte/tickets,57.300000,0.000000,6,7,8,8,10,12,16,25,37,37,37,21794,0,6,7.191185959450382,3.7277000010362826,313.4501000022283,84567.0

1790042985,200,GET,[GET] /health,87.200000,0.000000,4,4,5,5,7,8,10,12,18,18,18,32938,0,4,4.302182634043998,1.7883999971672893,56.43460000283085,83.99708543323821

1790042985,200,,Aggregated,198.400000,0.000000,5,6,6,7,8,10,12,14,34,37,37,76430,0,5,5.218948975535502,1.7883999971672893,313.4501000022283,24168.488826377077

1790042986,200,GET,[GET] /actuator/health,27.300000,0.000000,4,6,6,7,8,10,12,14,14,14,14,10880,0,4,4.861595762884677,2.208099998824764,56.072999999742024,49.0

1790042986,200,GET,[GET] /api/soporte/election/status,27.500000,0.000000,4,5,5,6,7,8,9,12,15,15,15,10872,0,4,4.39808630422895,1.7956000010599382,28.096100002585445,78.0

1790042986,200,GET,[GET] /api/soporte/tickets,56.800000,0.000000,6,7,8,8,10,12,16,23,37,37,37,21849,0,6,7.190605208488517,3.7277000010362826,313.4501000022283,84567.0

1790042986,200,GET,[GET] /health,86.700000,0.000000,4,4,5,5,7,8,10,12,18,18,18,33026,0,4,4.3012233240521995,1.7883999971672893,56.43460000283085,83.99709319929752

1790042986,200,,Aggregated,198.300000,0.000000,5,6,6,7,8,10,12,14,32,37,37,76627,0,5,5.218394180904589,1.7883999971672893,313.4501000022283,24167.194422331555

1790042987,200,GET,[GET] /actuator/health,28.100000,0.000000,4,6,6,7,8,9,12,14,14,14,14,10914,0,4,4.860201328584526,2.208099998824764,56.072999999742024,49.0

1790042987,200,GET,[GET] /api/soporte/election/status,29.000000,0.000000,4,5,5,6,7,8,9,12,15,15,15,10895,0,4,4.396442781053596,1.7956000010599382,28.096100002585445,78.0

1790042987,200,GET,[GET] /api/soporte/tickets,56.700000,0.000000,6,7,8,8,10,12,16,26,310,310,310,21897,0,6,7.20220846235899,3.7277000010362826,313.4501000022283,84567.0

1790042987,200,GET,[GET] /health,84.800000,0.000000,4,4,5,5,7,8,10,12,18,18,18,33123,0,4,4.2993031669882225,1.7883999971672893,56.43460000283085,83.99701114029526

1790042987,200,,Aggregated,198.600000,0.000000,5,6,6,7,8,10,12,14,37,310,310,76829,0,5,5.220112963857087,1.7883999971672893,313.4501000022283,24156.63913366047

1790042988,200,GET,[GET] /actuator/health,28.800000,0.000000,4,6,6,7,8,9,12,14,14,14,14,10943,0,4,4.8606399799103475,2.208099998824764,56.072999999742024,49.0

1790042988,200,GET,[GET] /api/soporte/election/status,28.600000,0.000000,4,5,5,5,7,8,9,12,15,15,15,10920,0,4,4.39556295783711,1.7956000010599382,28.096100002585445,78.0

1790042988,200,GET,[GET] /api/soporte/tickets,57.400000,0.000000,6,7,8,8,10,12,16,28,310,310,310,21954,0,6,7.204157861905637,3.7277000010362826,313.4501000022283,84567.0

1790042988,200,GET,[GET] /health,84.700000,0.000000,4,4,5,5,7,8,10,12,18,18,18,33197,0,4,4.299199870475329,1.7883999971672893,56.43460000283085,83.9970178028135

1790042988,200,,Aggregated,199.500000,0.000000,5,6,6,7,8,10,12,14,40,310,310,77014,0,5,5.2207410418909035,1.7883999971672893,313.4501000022283,24161.3256550757

1790042989,200,GET,[GET] /actuator/health,29.500000,0.000000,4,5,6,6,7,8,10,12,14,14,14,10973,0,4,4.859256611697636,2.208099998824764,56.072999999742024,49.0

1790042989,200,GET,[GET] /api/soporte/election/status,27.500000,0.000000,4,4,5,5,6,7,8,9,15,15,15,10951,0,4,4.393395425037363,1.7956000010599382,28.096100002585445,78.0

1790042989,200,GET,[GET] /api/soporte/tickets,55.900000,0.000000,6,7,8,8,10,12,19,34,310,310,310,22007,0,6,7.2062587722222755,3.7277000010362826,313.4501000022283,84567.0

1790042989,200,GET,[GET] /health,85.800000,0.000000,4,4,5,5,6,8,10,11,18,18,18,33286,0,4,4.299075998923712,1.7883999971672893,56.43460000283085,83.99702577660278

1790042989,200,,Aggregated,198.700000,0.000000,5,5,6,7,8,9,12,14,40,310,310,77217,0,5,5.220610443298918,1.7883999971672893,313.4501000022283,24155.998666096842

1790042990,200,GET,[GET] /actuator/health,29.700000,0.000000,5,5,6,6,8,9,12,12,14,14,14,10997,0,4,4.861409157056078,2.208099998824764,56.072999999742024,49.0

1790042990,200,GET,[GET] /api/soporte/election/status,27.700000,0.000000,4,4,5,5,6,7,8,11,15,15,15,10983,0,4,4.3933614130571055,1.7956000010599382,28.096100002585445,78.0

1790042990,200,GET,[GET] /api/soporte/tickets,54.500000,0.000000,6,7,8,8,10,12,18,34,310,310,310,22067,0,6,7.206775841766786,3.7277000010362826,313.4501000022283,84567.0

1790042990,200,GET,[GET] /health,85.500000,0.000000,4,4,5,5,7,9,11,12,18,18,18,33381,0,4,4.300166861393922,1.7883999971672893,56.43460000283085,83.99703424103532

1790042990,200,,Aggregated,197.400000,0.000000,5,6,6,7,8,10,12,14,40,310,310,77428,0,5,5.221483150800874,1.7883999971672893,313.4501000022283,24155.853450947976

1790042991,200,GET,[GET] /actuator/health,29.200000,0.000000,4,5,6,6,8,9,12,12,14,14,14,11030,0,4,4.86146776066749,2.208099998824764,56.072999999742024,49.0

1790042991,200,GET,[GET] /api/soporte/election/status,27.600000,0.000000,4,4,5,5,6,7,8,11,15,15,15,11013,0,4,4.392203541232541,1.7956000010599382,28.096100002585445,78.0

1790042991,200,GET,[GET] /api/soporte/tickets,54.500000,0.000000,6,7,8,9,10,12,18,34,310,310,310,22123,0,6,7.20576904580073,3.7277000010362826,313.4501000022283,84567.0

1790042991,200,GET,[GET] /health,86.000000,0.000000,4,4,5,5,7,9,11,11,18,18,18,33466,0,4,4.299614154669546,1.7883999971672893,56.43460000283085,83.9970417737405

1790042991,200,,Aggregated,197.300000,0.000000,5,6,6,7,8,10,12,14,40,310,310,77632,0,5,5.220752304464357,1.7883999971672893,313.4501000022283,24153.522645300905

1790042992,200,GET,[GET] /actuator/health,28.600000,0.000000,5,5,6,6,8,9,12,14,15,15,15,11070,0,4,4.861936919618991,2.208099998824764,56.072999999742024,49.0

1790042992,200,GET,[GET] /api/soporte/election/status,28.100000,0.000000,4,4,5,5,6,7,8,11,15,15,15,11030,0,4,4.391718966417679,1.7956000010599382,28.096100002585445,78.0

1790042992,200,GET,[GET] /api/soporte/tickets,53.600000,0.000000,6,7,8,9,10,13,16,34,310,310,310,22177,0,6,7.206397492911153,3.7277000010362826,313.4501000022283,84567.0

1790042992,200,GET,[GET] /health,86.500000,0.000000,4,5,5,6,7,9,11,12,18,18,18,33554,0,4,4.299863980454813,1.7883999971672893,56.43460000283085,83.99704953209752

1790042992,200,,Aggregated,196.800000,0.000000,5,6,6,7,8,10,12,14,40,310,310,77831,0,5,5.221007247757843,1.7883999971672893,313.4501000022283,24150.57709652966

1790042993,200,GET,[GET] /actuator/health,29.500000,0.000000,4,5,6,6,7,9,11,12,15,15,15,11112,0,4,4.860715262795875,2.208099998824764,56.072999999742024,49.0

1790042993,200,GET,[GET] /api/soporte/election/status,27.900000,0.000000,4,4,5,5,6,7,9,13,15,15,15,11059,0,4,4.392212713588946,1.7956000010599382,28.096100002585445,78.0

1790042993,200,GET,[GET] /api/soporte/tickets,53.700000,0.000000,6,7,8,8,10,13,18,34,310,310,310,22229,0,6,7.207549687359758,3.7277000010362826,313.4501000022283,84567.0

1790042993,200,GET,[GET] /health,86.500000,0.000000,4,4,5,5,7,8,10,11,13,13,13,33631,0,4,4.298943263662254,1.7883999971672893,56.43460000283085,83.99705628735393

1790042993,200,,Aggregated,197.600000,0.000000,5,5,6,7,8,10,13,14,40,310,310,78031,0,5,5.220747283775848,1.7883999971672893,313.4501000022283,24145.17099614256

1790042994,200,GET,[GET] /actuator/health,30.300000,0.000000,4,5,6,6,7,9,12,13,15,15,15,11140,0,4,4.8602000448994485,2.208099998824764,56.072999999742024,49.0

1790042994,200,GET,[GET] /api/soporte/election/status,27.500000,0.000000,4,4,5,5,6,8,11,13,15,15,15,11087,0,4,4.393451952700079,1.7956000010599382,28.096100002585445,78.0

1790042994,200,GET,[GET] /api/soporte/tickets,53.300000,0.000000,6,7,8,9,10,13,15,28,310,310,310,22302,0,6,7.2085742489605735,3.7277000010362826,313.4501000022283,84567.0

1790042994,200,GET,[GET] /health,87.600000,0.000000,4,4,5,5,7,8,10,11,13,13,13,33711,0,4,4.299184257370811,1.7883999971672893,56.43460000283085,83.9970632731156

1790042994,200,,Aggregated,198.700000,0.000000,5,6,6,7,8,10,13,14,40,310,310,78240,0,5,5.221731258950815,1.7883999971672893,313.4501000022283,24159.707374744376

1790042995,200,GET,[GET] /actuator/health,32.800000,0.000000,4,5,6,6,7,9,10,12,15,15,15,11179,0,4,4.859800017906849,2.208099998824764,56.072999999742024,49.0

1790042995,200,GET,[GET] /api/soporte/election/status,27.500000,0.000000,4,4,5,5,7,8,9,11,13,13,13,11118,0,4,4.394033549165533,1.7956000010599382,28.096100002585445,78.0

1790042995,200,GET,[GET] /api/soporte/tickets,52.900000,0.000000,6,7,8,9,10,13,15,21,310,310,310,22356,0,6,7.207084974964504,3.7277000010362826,313.4501000022283,84567.0

1790042995,200,GET,[GET] /health,85.600000,0.000000,4,4,5,5,7,8,10,11,13,13,13,33795,0,4,4.298901411459134,1.7883999971672893,56.43460000283085,83.99707057256991

1790042995,200,,Aggregated,198.800000,0.000000,5,6,6,7,8,10,12,14,40,310,310,78448,0,5,5.221083192692879,1.7883999971672893,313.4501000022283,24154.00657760555

1790042996,200,GET,[GET] /actuator/health,32.100000,0.000000,4,5,6,6,7,9,12,13,15,15,15,11198,0,4,4.858732970189161,2.208099998824764,56.072999999742024,49.0

1790042996,200,GET,[GET] /api/soporte/election/status,27.300000,0.000000,4,4,5,5,7,8,10,11,13,13,13,11143,0,4,4.395063026079977,1.7956000010599382,28.096100002585445,78.0

1790042996,200,GET,[GET] /api/soporte/tickets,54.800000,0.000000,6,7,8,9,10,12,15,21,310,310,310,22414,0,6,7.219787235669156,3.7277000010362826,313.4501000022283,84567.0

1790042996,200,GET,[GET] /health,85.500000,0.000000,4,5,5,6,7,9,11,11,13,13,13,33888,0,4,4.299514574487776,1.7883999971672893,56.43460000283085,83.99707861189802

1790042996,200,,Aggregated,199.700000,0.000000,5,6,6,7,8,10,12,14,40,310,310,78643,0,5,5.224985568967583,1.7883999971672893,313.4501000022283,24156.620258637133

1790042997,200,GET,[GET] /actuator/health,31.900000,0.000000,4,5,6,6,7,9,12,13,15,15,15,11219,0,4,4.85812679385017,2.208099998824764,56.072999999742024,49.0

1790042997,200,GET,[GET] /api/soporte/election/status,27.200000,0.000000,4,5,5,5,7,8,11,11,13,13,13,11163,0,4,4.394545829937735,1.7956000010599382,28.096100002585445,78.0

1790042997,200,GET,[GET] /api/soporte/tickets,56.200000,0.000000,6,7,8,9,10,12,15,18,310,310,310,22472,0,6,7.217691585097962,3.7277000010362826,313.4501000022283,84567.0

1790042997,200,GET,[GET] /health,84.500000,0.000000,4,5,5,6,7,8,10,11,13,13,13,33977,0,4,4.298850334057062,1.7883999971672893,56.43460000283085,83.99708626423757

1790042997,200,,Aggregated,199.800000,0.000000,5,6,6,7,8,10,12,13,35,310,310,78831,0,5,5.224057067655848,1.7883999971672893,313.4501000022283,24161.358323502176

1790042998,200,GET,[GET] /actuator/health,31.700000,0.000000,4,5,6,6,7,9,10,13,15,15,15,11244,0,4,4.8565340181597545,2.208099998824764,56.072999999742024,49.0

1790042998,200,GET,[GET] /api/soporte/election/status,26.700000,0.000000,4,5,5,6,7,8,11,11,13,13,13,11180,0,4,4.394678327332448,1.7956000010599382,28.096100002585445,78.0

1790042998,200,GET,[GET] /api/soporte/tickets,55.500000,0.000000,6,7,8,9,10,12,15,18,310,310,310,22535,0,6,7.215552544945811,3.7277000010362826,313.4501000022283,84567.0

1790042998,200,GET,[GET] /health,85.500000,0.000000,4,5,5,6,7,8,9,11,13,13,13,34078,0,4,4.297434517877986,1.7883999971672893,56.43460000283085,83.99709489993545

1790042998,200,,Aggregated,199.400000,0.000000,5,6,6,7,8,10,12,13,35,310,310,79037,0,5,5.222741529920985,1.7883999971672893,313.4501000022283,24165.932335488444

1790042999,200,GET,[GET] /actuator/health,30.700000,0.000000,4,5,5,6,7,9,10,12,15,15,15,11269,0,4,4.8551459047110015,2.208099998824764,56.072999999742024,49.0

1790042999,200,GET,[GET] /api/soporte/election/status,26.900000,0.000000,4,5,5,5,7,8,11,13,22,22,22,11214,0,4,4.396556179735119,1.7956000010599382,28.096100002585445,78.0

1790042999,200,GET,[GET] /api/soporte/tickets,56.800000,0.000000,6,7,8,8,10,12,15,19,310,310,310,22594,0,6,7.217898990897777,3.7277000010362826,313.4501000022283,84567.0

1790042999,200,GET,[GET] /health,84.800000,0.000000,4,5,5,5,7,8,9,10,15,15,15,34159,0,4,4.297771644377236,1.7883999971672893,56.43460000283085,83.99710178869405

1790042999,200,,Aggregated,199.200000,0.000000,5,6,6,7,8,9,12,14,33,310,310,79236,0,5,5.22369139785406,1.7883999971672893,313.4501000022283,24168.344287949923

1790043000,200,GET,[GET] /actuator/health,30.000000,0.000000,4,5,6,6,7,8,10,12,15,15,15,11291,0,4,4.855709370312966,2.208099998824764,56.072999999742024,49.0

1790043000,200,GET,[GET] /api/soporte/election/status,26.100000,0.000000,4,5,5,6,8,9,11,13,22,22,22,11244,0,4,4.396049261788209,1.7956000010599382,28.096100002585445,78.0

1790043000,200,GET,[GET] /api/soporte/tickets,57.300000,0.000000,6,7,8,9,10,12,16,19,310,310,310,22658,0,6,7.217931737151727,3.7277000010362826,313.4501000022283,84567.0

1790043000,200,GET,[GET] /health,87.000000,0.000000,4,5,5,6,7,8,9,10,15,15,15,34256,0,4,4.298115541811403,1.7883999971672893,56.43460000283085,83.99710999532928

1790043000,200,,Aggregated,200.400000,0.000000,5,6,6,7,8,10,12,15,33,310,310,79449,0,5,5.223918937940384,1.7883999971672893,313.4501000022283,24171.818172664225

1790043001,200,GET,[GET] /actuator/health,29.900000,0.000000,4,5,5,6,7,9,10,12,15,15,15,11321,0,4,4.854534246110938,2.208099998824764,56.072999999742024,49.0

1790043001,200,GET,[GET] /api/soporte/election/status,26.500000,0.000000,4,5,5,6,8,9,11,13,22,22,22,11269,0,4,4.395453607200852,1.7956000010599382,28.096100002585445,78.0

1790043001,200,GET,[GET] /api/soporte/tickets,58.300000,0.000000,6,7,8,9,10,12,15,19,310,310,310,22723,0,6,7.216481648566634,3.7277000010362826,313.4501000022283,84567.0

1790043001,200,GET,[GET] /health,86.500000,0.000000,4,4,5,6,7,8,9,11,15,15,15,34326,0,4,4.297403763918295,1.7883999971672893,56.43460000283085,83.99711588883062

1790043001,200,,Aggregated,201.200000,0.000000,5,6,6,7,8,10,12,15,33,310,310,79639,0,5,5.223362209475349,1.7883999971672893,313.4501000022283,24183.28880322455

1790043002,200,GET,[GET] /actuator/health,29.400000,0.000000,4,5,6,6,8,9,12,23,30,30,30,11353,0,4,4.86351206731298,2.208099998824764,56.072999999742024,49.0

1790043002,200,GET,[GET] /api/soporte/election/status,26.200000,0.000000,4,5,5,6,8,9,11,15,23,23,23,11294,0,4,4.3979460421070335,1.7956000010599382,28.096100002585445,78.0

1790043002,200,GET,[GET] /api/soporte/tickets,58.600000,0.000000,6,8,8,9,10,13,18,25,310,310,310,22780,0,6,7.224893766477314,3.7277000010362826,313.4501000022283,84567.0

1790043002,200,GET,[GET] /health,87.200000,0.000000,4,5,5,6,7,8,10,14,25,25,25,34417,0,4,4.302119902962835,1.7883999971672893,56.43460000283085,83.99712351454224

1790043002,200,,Aggregated,201.400000,0.000000,5,6,7,7,8,10,14,20,39,310,310,79844,0,5,5.229384747762966,1.7883999971672893,313.4501000022283,24181.709558639348

1790043003,200,GET,[GET] /actuator/health,29.500000,0.000000,4,5,6,6,8,9,12,23,30,30,30,11379,0,4,4.862973688391645,2.208099998824764,56.072999999742024,49.0

1790043003,200,GET,[GET] /api/soporte/election/status,25.400000,0.000000,4,5,5,6,7,8,10,15,23,23,23,11317,0,4,4.397834876694701,1.7956000010599382,28.096100002585445,78.0

1790043003,200,GET,[GET] /api/soporte/tickets,59.600000,0.000000,6,7,8,9,10,12,17,25,310,310,310,22845,0,6,7.224077894523089,3.7277000010362826,313.4501000022283,84567.0

1790043003,200,GET,[GET] /health,86.300000,0.000000,4,5,5,6,7,8,9,14,25,25,25,34505,0,4,4.303874073330863,1.7883999971672893,56.43460000283085,83.99713085060137

1790043003,200,,Aggregated,200.800000,0.000000,5,6,7,7,8,10,13,20,39,310,310,80046,0,5,5.2300590822829855,1.7883999971672893,313.4501000022283,24189.487707068434

1790043004,200,GET,[GET] /actuator/health,28.700000,0.000000,4,5,6,6,8,10,12,23,30,30,30,11403,0,4,4.864009287048075,2.208099998824764,56.072999999742024,49.0

1790043004,200,GET,[GET] /api/soporte/election/status,26.000000,0.000000,4,5,5,6,8,9,11,15,23,23,23,11347,0,4,4.400277306738107,1.7956000010599382,28.096100002585445,78.0

1790043004,200,GET,[GET] /api/soporte/tickets,60.600000,0.000000,7,8,8,9,10,12,17,25,310,310,310,22911,0,6,7.224051224320818,3.7277000010362826,313.4501000022283,84567.0

1790043004,200,GET,[GET] /health,85.700000,0.000000,4,5,6,6,7,8,11,14,25,25,25,34592,0,4,4.305988254517296,1.7883999971672893,56.43460000283085,83.99713806660499

1790043004,200,,Aggregated,201.000000,0.000000,5,6,7,7,8,10,13,20,39,310,310,80253,0,5,5.231670190527994,1.7883999971672893,313.4501000022283,24196.777428881163

1790043005,200,GET,[GET] /actuator/health,26.400000,0.000000,4,5,6,6,8,10,12,23,30,30,30,11431,0,4,4.863437695759959,2.208099998824764,56.072999999742024,49.0

1790043005,200,GET,[GET] /api/soporte/election/status,25.900000,0.000000,4,5,5,6,7,9,10,15,23,23,23,11387,0,4,4.400052489643892,1.7956000010599382,28.096100002585445,78.0

1790043005,200,GET,[GET] /api/soporte/tickets,60.700000,0.000000,6,7,8,8,10,12,17,22,39,39,39,22957,0,6,7.222384545035947,3.7277000010362826,313.4501000022283,84567.0

1790043005,200,GET,[GET] /health,86.900000,0.000000,4,5,6,6,7,8,10,14,25,25,25,34668,0,4,4.3052571478098525,1.7883999971672893,56.43460000283085,83.99714434060229

1790043005,200,,Aggregated,199.900000,0.000000,5,6,7,7,8,10,13,19,33,39,39,80443,0,5,5.230489797750821,1.7883999971672893,313.4501000022283,24188.119998011014

1790043006,200,GET,[GET] /actuator/health,26.400000,0.000000,4,5,6,7,8,10,13,23,30,30,30,11456,0,4,4.865271630605698,2.208099998824764,56.072999999742024,49.0

1790043006,200,GET,[GET] /api/soporte/election/status,26.300000,0.000000,4,5,5,6,8,9,10,15,23,23,23,11410,0,4,4.401214697598758,1.7956000010599382,28.096100002585445,78.0

1790043006,200,GET,[GET] /api/soporte/tickets,60.000000,0.000000,7,8,8,9,11,13,17,25,39,39,39,23025,0,6,7.224947509247012,3.7277000010362826,313.4501000022283,84567.0

1790043006,200,GET,[GET] /health,87.800000,0.000000,4,5,6,6,7,8,11,14,25,25,25,34763,0,4,4.305641719653163,1.7883999971672893,56.43460000283085,83.99715214452148

1790043006,200,,Aggregated,200.500000,0.000000,5,6,7,7,9,10,14,20,33,39,39,80654,0,5,5.2320511196039385,1.7883999971672893,313.4501000022283,24196.27658888586

1790043007,200,GET,[GET] /actuator/health,25.600000,0.000000,4,5,6,7,8,10,13,23,30,30,30,11479,0,4,4.8636782908089495,2.208099998824764,56.072999999742024,49.0

1790043007,200,GET,[GET] /api/soporte/election/status,26.500000,0.000000,4,5,5,6,8,9,10,22,34,34,34,11426,0,4,4.402409303308763,1.7956000010599382,33.8460999992094,78.0

1790043007,200,GET,[GET] /api/soporte/tickets,60.100000,0.000000,7,7,8,9,11,13,21,28,39,39,39,23094,0,6,7.224976794857093,3.7277000010362826,313.4501000022283,84567.0

1790043007,200,GET,[GET] /health,88.600000,0.000000,4,5,6,6,7,8,12,15,25,25,25,34847,0,4,4.304293195979739,1.7883999971672893,56.43460000283085,83.99715900938388

1790043007,200,,Aggregated,200.800000,0.000000,5,6,7,7,9,11,15,22,34,39,39,80846,0,5,5.231890395326145,1.7883999971672893,313.4501000022283,24211.105632931747

1790043008,200,GET,[GET] /actuator/health,25.200000,0.000000,4,5,6,7,8,10,13,23,30,30,30,11509,0,4,4.863108071958995,2.208099998824764,56.072999999742024,49.0

1790043008,200,GET,[GET] /api/soporte/election/status,26.700000,0.000000,4,5,5,6,7,9,10,22,34,34,34,11451,0,4,4.400393432853761,1.7956000010599382,33.8460999992094,78.0

1790043008,200,GET,[GET] /api/soporte/tickets,60.200000,0.000000,7,8,8,9,11,13,20,28,39,39,39,23159,0,6,7.225504037325131,3.7277000010362826,313.4501000022283,84567.0

1790043008,200,GET,[GET] /health,86.700000,0.000000,4,5,5,6,7,8,11,14,25,25,25,34929,0,4,4.304366509213582,1.7883999971672893,56.43460000283085,83.99716567894872

1790043008,200,,Aggregated,198.800000,0.000000,5,6,7,7,9,11,14,21,34,39,39,81048,0,5,5.2319746545321095,1.7883999971672893,313.4501000022283,24218.712479024776

1790043009,200,GET,[GET] /actuator/health,25.200000,0.000000,4,5,6,6,8,10,12,23,30,30,30,11541,0,4,4.861383640947885,2.208099998824764,56.072999999742024,49.0

1790043009,200,GET,[GET] /api/soporte/election/status,26.400000,0.000000,4,5,5,6,7,8,10,11,34,34,34,11480,0,4,4.399728475574393,1.7956000010599382,33.8460999992094,78.0

1790043009,200,GET,[GET] /api/soporte/tickets,61.500000,0.000000,6,7,8,9,11,13,20,28,39,39,39,23221,0,6,7.223667576779971,3.7277000010362826,313.4501000022283,84567.0

1790043009,200,GET,[GET] /health,86.700000,0.000000,4,5,5,6,7,8,11,14,25,25,25,35008,0,4,4.3027415819327555,1.7883999971672893,56.43460000283085,83.99717207495429

1790043009,200,,Aggregated,199.800000,0.000000,5,6,7,7,9,11,14,20,34,39,39,81250,0,5,5.230587982775178,1.7883999971672893,313.4501000022283,24223.16097230769

1790043010,200,GET,[GET] /actuator/health,26.200000,0.000000,4,5,6,6,8,10,12,23,30,30,30,11569,0,4,4.860903466176004,2.208099998824764,56.072999999742024,49.0

1790043010,200,GET,[GET] /api/soporte/election/status,26.600000,0.000000,4,5,5,6,7,9,10,11,34,34,34,11515,0,4,4.40144334342906,1.7956000010599382,33.8460999992094,78.0

1790043010,200,GET,[GET] /api/soporte/tickets,61.800000,0.000000,6,7,8,9,11,13,20,28,39,39,39,23269,0,6,7.2243217070087615,3.7277000010362826,313.4501000022283,84567.0

1790043010,200,GET,[GET] /health,84.500000,0.000000,4,5,5,6,7,8,11,14,25,25,25,35101,0,4,4.302095718078296,1.7883999971672893,56.43460000283085,83.99717956753369

1790043010,200,,Aggregated,199.100000,0.000000,5,6,7,7,9,11,14,20,34,39,39,81454,0,5,5.230301960621073,1.7883999971672893,313.4501000022283,24212.47524983426

1790043011,200,GET,[GET] /actuator/health,26.700000,0.000000,4,5,5,6,8,9,11,12,15,15,15,11597,0,4,4.859372699853648,2.208099998824764,56.072999999742024,49.0

1790043011,200,GET,[GET] /api/soporte/election/status,26.200000,0.000000,4,5,5,6,7,9,10,11,34,34,34,11538,0,4,4.401024189597177,1.7956000010599382,33.8460999992094,78.0

1790043011,200,GET,[GET] /api/soporte/tickets,62.600000,0.000000,6,7,8,8,10,12,15,20,33,33,33,23315,0,6,7.223099365231818,3.7277000010362826,313.4501000022283,84567.0

1790043011,200,GET,[GET] /health,84.100000,0.000000,4,4,5,6,7,8,9,11,18,18,18,35189,0,4,4.300650637990673,1.7883999971672893,56.43460000283085,83.99710136690443

1790043011,200,,Aggregated,199.600000,0.000000,5,6,6,7,8,10,12,13,33,34,34,81639,0,5,5.2288161209765995,1.7883999971672893,313.4501000022283,24205.387082154364

1790043012,200,GET,[GET] /actuator/health,27.600000,0.000000,4,5,5,6,8,8,11,12,15,15,15,11626,0,4,4.858343772596599,2.208099998824764,56.072999999742024,49.0

1790043012,200,GET,[GET] /api/soporte/election/status,25.900000,0.000000,4,4,5,6,7,9,10,11,34,34,34,11563,0,4,4.399137075115818,1.7956000010599382,33.8460999992094,78.0

1790043012,200,GET,[GET] /api/soporte/tickets,61.300000,0.000000,6,7,8,8,10,11,15,20,33,33,33,23367,0,6,7.220535147873474,3.7277000010362826,313.4501000022283,84567.0

1790043012,200,GET,[GET] /health,83.500000,0.000000,4,4,5,5,7,8,9,11,18,18,18,35284,0,4,4.2998159619155265,1.7883999971672893,56.43460000283085,83.99710917129578

1790043012,200,,Aggregated,198.300000,0.000000,5,6,6,7,8,10,12,13,33,34,34,81840,0,5,5.227117276397351,1.7883999971672893,313.4501000022283,24199.8097629521

1790043013,200,GET,[GET] /actuator/health,26.600000,0.000000,4,5,5,6,8,9,11,12,16,16,16,11648,0,4,4.86054292584218,2.208099998824764,56.072999999742024,49.0

1790043013,200,GET,[GET] /api/soporte/election/status,26.700000,0.000000,4,4,5,5,7,8,10,10,34,34,34,11592,0,4,4.398492546546119,1.7956000010599382,33.8460999992094,78.0

1790043013,200,GET,[GET] /api/soporte/tickets,59.000000,0.000000,6,7,8,8,10,12,16,20,33,33,33,23427,0,6,7.222105984564876,3.7277000010362826,313.4501000022283,84567.0

1790043013,200,GET,[GET] /health,84.200000,0.000000,4,4,5,5,6,8,9,11,18,18,18,35374,0,4,4.3017233476635575,1.7883999971672893,56.43460000283085,83.99711652626223

1790043013,200,,Aggregated,196.500000,0.000000,5,6,6,7,8,10,12,14,33,34,34,82041,0,5,5.228658453705152,1.7883999971672893,313.4501000022283,24202.50059116783

1790043014,200,GET,[GET] /actuator/health,27.000000,0.000000,4,5,5,6,8,10,12,13,21,21,21,11673,0,4,4.863413921032136,2.208099998824764,56.072999999742024,49.0

1790043014,200,GET,[GET] /api/soporte/election/status,27.200000,0.000000,4,4,5,5,7,8,10,10,34,34,34,11618,0,4,4.399363341331325,1.7956000010599382,33.8460999992094,78.0

1790043014,200,GET,[GET] /api/soporte/tickets,57.800000,0.000000,6,7,8,9,10,12,16,20,33,33,33,23487,0,6,7.22201723508197,3.7277000010362826,313.4501000022283,84567.0

1790043014,200,GET,[GET] /health,85.500000,0.000000,4,4,5,5,7,8,10,11,18,18,18,35465,0,4,4.302295934026553,1.7883999971672893,56.43460000283085,83.99712392499647

1790043014,200,,Aggregated,197.500000,0.000000,5,6,6,7,8,10,12,14,33,34,34,82243,0,5,5.229464855372705,1.7883999971672893,313.4501000022283,24204.883917172283

1790043015,200,GET,[GET] /actuator/health,27.100000,0.000000,4,5,5,6,8,10,12,12,21,21,21,11707,0,4,4.862660638953472,2.208099998824764,56.072999999742024,49.0

1790043015,200,GET,[GET] /api/soporte/election/status,27.000000,0.000000,4,4,5,5,7,8,10,10,34,34,34,11651,0,4,4.398708565755508,1.7956000010599382,33.8460999992094,78.0

1790043015,200,GET,[GET] /api/soporte/tickets,57.700000,0.000000,6,7,8,9,10,11,14,20,33,33,33,23548,0,6,7.220820876523592,3.7277000010362826,313.4501000022283,84567.0

1790043015,200,GET,[GET] /health,86.700000,0.000000,4,4,5,5,6,8,10,11,18,18,18,35546,0,4,4.301616370344853,1.7883999971672893,56.43460000283085,83.99713047881619

1790043015,200,,Aggregated,198.500000,0.000000,5,6,6,7,8,10,12,13,33,34,34,82452,0,5,5.228710851167969,1.7883999971672893,313.4501000022283,24206.227853781595

1790043016,200,GET,[GET] /actuator/health,26.700000,0.000000,4,5,5,6,8,9,11,12,21,21,21,11733,0,4,4.863657257325463,2.208099998824764,56.072999999742024,49.0

1790043016,200,GET,[GET] /api/soporte/election/status,26.800000,0.000000,4,5,5,5,6,8,10,10,34,34,34,11680,0,4,4.398883681473657,1.7956000010599382,33.8460999992094,78.0

1790043016,200,GET,[GET] /api/soporte/tickets,57.400000,0.000000,6,7,8,9,10,11,14,20,33,33,33,23608,0,6,7.221235835325017,3.7277000010362826,313.4501000022283,84567.0

1790043016,200,GET,[GET] /health,86.200000,0.000000,4,4,5,5,6,8,10,11,18,18,18,35619,0,4,4.30150587327702,1.7883999971672893,56.43460000283085,83.99713635980797

1790043016,200,,Aggregated,197.100000,0.000000,5,6,6,7,8,10,11,13,33,34,34,82640,0,5,5.229168989598489,1.7883999971672893,313.4501000022283,24212.676512584705

1790043017,200,GET,[GET] /actuator/health,27.400000,0.000000,4,5,6,6,8,10,11,12,21,21,21,11752,0,4,4.863797149436273,2.208099998824764,56.072999999742024,49.0

1790043017,200,GET,[GET] /api/soporte/election/status,26.500000,0.000000,4,5,5,6,6,8,10,10,11,11,11,11705,0,4,4.398375753917533,1.7956000010599382,33.8460999992094,78.0

1790043017,200,GET,[GET] /api/soporte/tickets,57.100000,0.000000,6,7,8,9,10,11,13,14,20,20,20,23664,0,6,7.219769552920776,3.7277000010362826,313.4501000022283,84567.0

1790043017,200,GET,[GET] /health,85.700000,0.000000,4,5,5,5,7,8,10,10,16,16,16,35717,0,4,4.3018486855072755,1.7883999971672893,56.43460000283085,83.9971442170395

1790043017,200,,Aggregated,196.700000,0.000000,5,6,6,7,8,9,11,12,20,21,21,82838,0,5,5.228760816296391,1.7883999971672893,313.4501000022283,24212.10618315266

1790043018,200,GET,[GET] /actuator/health,27.600000,0.000000,4,5,6,6,8,10,11,12,21,21,21,11783,0,4,4.863361529336986,2.208099998824764,56.072999999742024,49.0

1790043018,200,GET,[GET] /api/soporte/election/status,26.500000,0.000000,4,5,5,5,6,8,10,10,11,11,11,11726,0,4,4.397689894219562,1.7956000010599382,33.8460999992094,78.0

1790043018,200,GET,[GET] /api/soporte/tickets,58.500000,0.000000,6,7,8,8,10,11,12,13,19,19,19,23726,0,6,7.2176494352319605,3.7277000010362826,313.4501000022283,84567.0

1790043018,200,GET,[GET] /health,86.200000,0.000000,4,5,5,5,7,8,9,10,16,16,16,35801,0,4,4.30150314796417,1.7883999971672893,56.43460000283085,83.99715091757213

1790043018,200,,Aggregated,198.800000,0.000000,5,6,6,7,8,9,11,12,19,21,21,83036,0,5,5.228050066240848,1.7883999971672893,313.4501000022283,24217.638361674453

1790043019,200,GET,[GET] /actuator/health,27.400000,0.000000,4,5,6,6,8,10,11,12,21,21,21,11813,0,4,4.862619732512373,2.208099998824764,56.072999999742024,49.0

1790043019,200,GET,[GET] /api/soporte/election/status,27.400000,0.000000,4,5,5,6,7,8,10,10,15,15,15,11772,0,4,4.3978792643224915,1.7956000010599382,33.8460999992094,78.0

1790043019,200,GET,[GET] /api/soporte/tickets,57.200000,0.000000,6,7,8,9,10,11,13,14,19,19,19,23779,0,6,7.2185797846981075,3.7277000010362826,313.4501000022283,84567.0

1790043019,200,GET,[GET] /health,86.200000,0.000000,4,5,5,6,7,8,10,11,20,20,20,35882,0,4,4.301518028545157,1.7883999971672893,56.43460000283085,83.99715734908868

1790043019,200,,Aggregated,198.200000,0.000000,5,6,6,7,8,10,11,13,20,21,21,83246,0,5,5.228018645945351,1.7883999971672893,313.4501000022283,24210.529418830934

1790043020,200,GET,[GET] /actuator/health,27.100000,0.000000,4,5,6,6,8,9,11,12,21,21,21,11840,0,4,4.861718606432348,2.208099998824764,56.072999999742024,49.0

1790043020,200,GET,[GET] /api/soporte/election/status,27.400000,0.000000,4,5,5,5,6,7,9,10,15,15,15,11795,0,4,4.397547884665277,1.7956000010599382,33.8460999992094,78.0

1790043020,200,GET,[GET] /api/soporte/tickets,57.200000,0.000000,6,7,8,9,10,11,13,14,21,21,21,23837,0,6,7.218149322497342,3.7277000010362826,313.4501000022283,84567.0

1790043020,200,GET,[GET] /health,87.600000,0.000000,4,5,5,6,7,8,9,10,20,20,20,35976,0,4,4.300057040811107,1.7883999971672893,56.43460000283085,83.99716477651768

1790043020,200,,Aggregated,199.300000,0.000000,5,6,6,7,8,10,11,13,21,21,21,83448,0,5,5.22708396966225,1.7883999971672893,313.4501000022283,24210.83346515195

1790043021,200,GET,[GET] /actuator/health,26.500000,0.000000,4,5,6,7,8,10,11,12,21,21,21,11862,0,4,4.862356213131252,2.208099998824764,56.072999999742024,49.0

1790043021,200,GET,[GET] /api/soporte/election/status,28.400000,0.000000,4,5,5,6,6,8,10,11,15,15,15,11829,0,4,4.397200278943367,1.7956000010599382,33.8460999992094,78.0

1790043021,200,GET,[GET] /api/soporte/tickets,55.500000,0.000000,7,7,8,9,10,11,14,16,35,35,35,23880,0,6,7.219701398675996,3.7277000010362826,313.4501000022283,84567.0

1790043021,200,GET,[GET] /health,87.600000,0.000000,4,5,5,6,7,8,10,11,20,20,20,36067,0,4,4.300079698898438,1.7883999971672893,56.43460000283085,83.99717193001914

1790043021,200,,Aggregated,198.000000,0.000000,5,6,6,7,8,10,11,13,21,35,35,83638,0,5,5.227159848398297,1.7883999971672893,313.4501000022283,24199.447452115066

1790043022,200,GET,[GET] /actuator/health,26.300000,0.000000,4,5,6,7,8,10,11,12,21,21,21,11893,0,4,4.861212023893512,2.208099998824764,56.072999999742024,49.0

1790043022,200,GET,[GET] /api/soporte/election/status,28.300000,0.000000,4,5,5,6,7,7,10,11,15,15,15,11856,0,4,4.3968602226420215,1.7956000010599382,33.8460999992094,78.0

1790043022,200,GET,[GET] /api/soporte/tickets,55.600000,0.000000,7,7,8,9,10,11,14,16,35,35,35,23929,0,6,7.218074503757158,3.7277000010362826,313.4501000022283,84567.0

1790043022,200,GET,[GET] /health,87.800000,0.000000,4,5,5,6,7,8,10,11,20,20,20,36152,0,4,4.299455958181373,1.7883999971672893,56.43460000283085,83.99717857933172

1790043022,200,,Aggregated,198.000000,0.000000,5,6,6,7,8,10,11,13,21,35,35,83830,0,5,5.226038482648066,1.7883999971672893,313.4501000022283,24193.5814624836

1790043023,200,GET,[GET] /actuator/health,26.400000,0.000000,4,5,6,6,8,10,11,16,18,18,18,11918,0,4,4.8635952676762,2.208099998824764,56.072999999742024,49.0

1790043023,200,GET,[GET] /api/soporte/election/status,28.400000,0.000000,4,5,5,6,7,7,10,12,15,15,15,11876,0,4,4.397516453320541,1.7956000010599382,33.8460999992094,78.0

1790043023,200,GET,[GET] /api/soporte/tickets,56.100000,0.000000,6,7,8,9,10,11,13,16,35,35,35,23976,0,6,7.218185573090272,3.7277000010362826,313.4501000022283,84567.0

1790043023,200,GET,[GET] /health,87.100000,0.000000,4,5,5,6,7,8,10,12,20,20,20,36253,0,4,4.300799150419915,1.7883999971672893,56.43460000283085,83.99718643974292

1790043023,200,,Aggregated,198.000000,0.000000,5,6,6,7,8,10,12,14,21,35,35,84023,0,5,5.2267750818274195,1.7883999971672893,313.4501000022283,24185.4474608143

1790043024,200,GET,[GET] /actuator/health,26.500000,0.000000,4,5,6,7,8,9,11,16,18,18,18,11954,0,4,4.864618395530261,2.208099998824764,56.072999999742024,49.0

1790043024,200,GET,[GET] /api/soporte/election/status,28.500000,0.000000,4,5,5,6,7,8,10,12,15,15,15,11904,0,4,4.3987542254400385,1.7956000010599382,33.8460999992094,78.0

1790043024,200,GET,[GET] /api/soporte/tickets,56.200000,0.000000,6,7,8,9,10,11,13,16,35,35,35,24035,0,6,7.217665779089776,3.7277000010362826,313.4501000022283,84567.0

1790043024,200,GET,[GET] /health,86.500000,0.000000,4,4,5,6,7,8,10,11,20,20,20,36327,0,4,4.299979640492079,1.7883999971672893,56.43460000283085,83.9971921711124

1790043024,200,,Aggregated,197.700000,0.000000,5,6,6,7,8,10,11,13,21,35,35,84220,0,5,5.226743956309493,1.7883999971672893,313.4501000022283,24188.238767513656

1790043025,200,GET,[GET] /actuator/health,27.000000,0.000000,4,6,6,7,8,9,10,16,18,18,18,11975,0,4,4.86567620043147,2.208099998824764,56.072999999742024,49.0

1790043025,200,GET,[GET] /api/soporte/election/status,28.700000,0.000000,4,5,5,6,7,7,11,14,15,15,15,11937,0,4,4.399149568538392,1.7956000010599382,33.8460999992094,78.0

1790043025,200,GET,[GET] /api/soporte/tickets,55.700000,0.000000,6,7,8,9,10,12,15,19,46,46,46,24114,0,6,7.223001629776498,3.7277000010362826,313.4501000022283,84567.0

1790043025,200,GET,[GET] /health,86.000000,0.000000,4,4,5,6,7,8,10,11,46,46,46,36407,0,4,4.301658727722223,1.7883999971672893,56.43460000283085,83.99719834097839

1790043025,200,,Aggregated,197.400000,0.000000,5,6,6,7,8,10,12,15,46,46,46,84433,0,5,5.229768828543615,1.7883999971672893,313.4501000022283,24206.46648822143

1790043026,200,GET,[GET] /actuator/health,27.700000,0.000000,5,6,6,7,8,9,11,16,18,18,18,11998,0,4,4.868045115863641,2.208099998824764,56.072999999742024,49.0

1790043026,200,GET,[GET] /api/soporte/election/status,28.400000,0.000000,4,5,5,6,7,8,11,14,15,15,15,11965,0,4,4.39955492683964,1.7956000010599382,33.8460999992094,78.0

1790043026,200,GET,[GET] /api/soporte/tickets,55.000000,0.000000,6,7,8,9,10,12,16,19,46,46,46,24179,0,6,7.222471074091126,3.7277000010362826,313.4501000022283,84567.0

1790043026,200,GET,[GET] /health,87.400000,0.000000,4,5,5,6,7,8,11,11,46,46,46,36489,0,4,4.302767132565414,1.7883999971672893,56.43460000283085,83.9972046370139

1790043026,200,,Aggregated,198.500000,0.000000,5,6,6,7,8,10,12,15,46,46,46,84631,0,5,5.230746156850291,1.7883999971672893,313.4501000022283,24214.905164774136

1790043027,200,GET,[GET] /actuator/health,27.000000,0.000000,5,6,6,7,8,9,11,16,18,18,18,12032,0,4,4.868914802204201,2.208099998824764,56.072999999742024,49.0

1790043027,200,GET,[GET] /api/soporte/election/status,27.900000,0.000000,4,5,5,6,7,8,11,14,15,15,15,11993,0,4,4.400526823948811,1.7956000010599382,33.8460999992094,78.0

1790043027,200,GET,[GET] /api/soporte/tickets,55.700000,0.000000,6,7,8,9,10,12,16,19,46,46,46,24236,0,6,7.220711474685128,3.7277000010362826,313.4501000022283,84567.0

1790043027,200,GET,[GET] /health,85.800000,0.000000,4,5,5,6,7,8,11,11,46,46,46,36576,0,4,4.302537281283411,1.7883999971672893,56.43460000283085,83.99721128608924

1790043027,200,,Aggregated,196.400000,0.000000,5,6,6,7,8,10,12,15,46,46,46,84837,0,5,5.230371983927176,1.7883999971672893,313.4501000022283,24213.056991642796

1790043028,200,GET,[GET] /actuator/health,26.800000,0.000000,5,6,6,6,8,9,11,16,18,18,18,12068,0,4,4.867618901235696,2.208099998824764,56.072999999742024,49.0

1790043028,200,GET,[GET] /api/soporte/election/status,28.200000,0.000000,4,5,5,6,7,8,11,12,15,15,15,12026,0,4,4.400609121870681,1.7956000010599382,33.8460999992094,78.0

1790043028,200,GET,[GET] /api/soporte/tickets,55.700000,0.000000,6,7,8,9,10,12,15,19,46,46,46,24284,0,6,7.22053836684434,3.7277000010362826,313.4501000022283,84567.0

1790043028,200,GET,[GET] /health,85.400000,0.000000,4,4,5,6,7,8,10,11,46,46,46,36657,0,4,4.301193553762713,1.7883999971672893,56.43460000283085,83.99721744823636

1790043028,200,,Aggregated,196.100000,0.000000,5,6,6,7,8,10,12,15,46,46,46,85035,0,5,5.229335638271969,1.7883999971672893,313.4501000022283,24204.544881519374

1790043029,200,GET,[GET] /actuator/health,26.500000,0.000000,5,6,6,7,8,10,12,16,18,18,18,12090,0,4,4.868652977676708,2.208099998824764,56.072999999742024,49.0

1790043029,200,GET,[GET] /api/soporte/election/status,28.500000,0.000000,4,5,6,6,7,8,11,12,15,15,15,12055,0,4,4.402137685574432,1.7956000010599382,33.8460999992094,78.0

1790043029,200,GET,[GET] /api/soporte/tickets,56.600000,0.000000,6,7,8,9,10,12,14,18,46,46,46,24351,0,6,7.221283466816275,3.7277000010362826,313.4501000022283,84567.0

1790043029,200,GET,[GET] /health,86.100000,0.000000,4,5,5,6,7,8,11,11,46,46,46,36758,0,4,4.302186275104099,1.7883999971672893,56.43460000283085,83.99714347897057

1790043029,200,,Aggregated,197.700000,0.000000,5,6,6,7,8,10,12,14,46,46,46,85254,0,5,5.230429318277509,1.7883999971672893,313.4501000022283,24208.967133506932

1790043030,200,GET,[GET] /actuator/health,27.900000,0.000000,5,5,6,7,8,10,12,16,18,18,18,12123,0,4,4.866780796841972,2.208099998824764,56.072999999742024,49.0

1790043030,200,GET,[GET] /api/soporte/election/status,29.500000,0.000000,4,5,6,6,7,8,11,12,15,15,15,12084,0,4,4.400971367064049,1.7956000010599382,33.8460999992094,78.0

1790043030,200,GET,[GET] /api/soporte/tickets,55.800000,0.000000,6,7,8,9,10,12,14,18,46,46,46,24404,0,6,7.220088145404672,3.7277000010362826,313.4501000022283,84567.0

1790043030,200,GET,[GET] /health,85.200000,0.000000,4,5,5,6,7,8,11,11,46,46,46,36841,0,4,4.301129046449961,1.7883999971672893,56.43460000283085,83.99706848348308

1790043030,200,,Aggregated,198.400000,0.000000,5,6,6,7,8,10,12,14,46,46,46,85452,0,5,5.229113980953469,1.7883999971672893,313.4501000022283,24205.450814492346

1790043031,200,GET,[GET] /actuator/health,28.300000,0.000000,5,5,6,7,8,10,12,16,18,18,18,12148,0,4,4.86722333718593,2.208099998824764,56.072999999742024,49.0

1790043031,200,GET,[GET] /api/soporte/election/status,29.000000,0.000000,4,5,5,6,7,8,9,12,15,15,15,12115,0,4,4.4002116879579605,1.7956000010599382,33.8460999992094,78.0

1790043031,200,GET,[GET] /api/soporte/tickets,55.900000,0.000000,6,7,8,9,10,12,13,16,46,46,46,24465,0,6,7.219662611914185,3.7277000010362826,313.4501000022283,84567.0

1790043031,200,GET,[GET] /health,85.400000,0.000000,4,5,5,6,7,8,11,11,46,46,46,36926,0,4,4.301453076431473,1.7883999971672893,56.43460000283085,83.99707523154417

1790043031,200,,Aggregated,198.600000,0.000000,5,6,6,7,8,10,12,14,46,46,46,85654,0,5,5.229178973550966,1.7883999971672893,313.4501000022283,24208.718250169284

1790043032,200,GET,[GET] /actuator/health,27.900000,0.000000,5,5,6,7,8,9,12,16,18,18,18,12182,0,4,4.8660036201065004,2.208099998824764,56.072999999742024,49.0

1790043032,200,GET,[GET] /api/soporte/election/status,29.100000,0.000000,4,5,6,6,7,8,9,12,15,15,15,12139,0,4,4.399515965039394,1.7956000010599382,33.8460999992094,78.0

1790043032,200,GET,[GET] /api/soporte/tickets,57.200000,0.000000,7,7,8,9,10,11,13,16,46,46,46,24514,0,6,7.217940809353116,3.7277000010362826,313.4501000022283,84567.0

1790043032,200,GET,[GET] /health,85.500000,0.000000,4,5,5,6,7,8,11,11,46,46,46,37021,0,4,4.300485116564587,1.7883999971672893,56.43460000283085,83.99708273682505

1790043032,200,,Aggregated,199.700000,0.000000,5,6,6,7,8,10,12,14,46,46,46,85856,0,5,5.227732958681635,1.7883999971672893,313.4501000022283,24200.1590337309

1790043033,200,GET,[GET] /actuator/health,28.700000,0.000000,5,5,6,7,8,9,11,12,17,17,17,12208,0,4,4.868017111742478,2.208099998824764,56.072999999742024,49.0

1790043033,200,GET,[GET] /api/soporte/election/status,28.900000,0.000000,4,5,6,6,7,8,11,13,22,22,22,12171,0,4,4.4049439733464055,1.7956000010599382,33.8460999992094,78.0

1790043033,200,GET,[GET] /api/soporte/tickets,57.100000,0.000000,7,8,8,9,10,11,14,18,46,46,46,24563,0,6,7.219940658735721,3.7277000010362826,313.4501000022283,84567.0

1790043033,200,GET,[GET] /health,86.800000,0.000000,4,5,5,6,7,8,11,12,46,46,46,37105,0,4,4.3037720522939305,1.7883999971672893,56.43460000283085,83.99708934105915

1790043033,200,,Aggregated,201.500000,0.000000,5,6,7,7,8,10,12,14,46,46,46,86047,0,5,5.23058549863032,1.7883999971672893,313.4501000022283,24194.72454588771

1790043034,200,GET,[GET] /actuator/health,27.900000,0.000000,4,5,6,6,8,9,11,12,17,17,17,12231,0,4,4.867542956436221,2.208099998824764,56.072999999742024,49.0

1790043034,200,GET,[GET] /api/soporte/election/status,28.400000,0.000000,4,5,6,6,7,8,10,12,22,22,22,12202,0,4,4.404487247960202,1.7956000010599382,33.8460999992094,78.0

1790043034,200,GET,[GET] /api/soporte/tickets,57.900000,0.000000,7,7,8,8,10,11,13,14,26,26,26,24616,0,6,7.218499366287044,3.7277000010362826,313.4501000022283,84567.0

1790043034,200,GET,[GET] /health,86.300000,0.000000,4,5,5,6,7,8,10,11,18,18,18,37189,0,4,4.3035113931642925,1.7883999971672893,56.43460000283085,83.99709591545887

1790043034,200,,Aggregated,200.500000,0.000000,5,6,6,7,8,10,11,13,23,26,26,86238,0,5,5.229856175939732,1.7883999971672893,313.4501000022283,24193.234015167327

1790043035,200,GET,[GET] /actuator/health,28.100000,0.000000,4,5,6,6,8,10,11,12,17,17,17,12260,0,4,4.866368980438102,2.208099998824764,56.072999999742024,49.0

1790043035,200,GET,[GET] /api/soporte/election/status,28.300000,0.000000,4,5,6,6,7,8,10,12,22,22,22,12233,0,4,4.402109490690877,1.7956000010599382,33.8460999992094,78.0

1790043035,200,GET,[GET] /api/soporte/tickets,58.600000,0.000000,6,7,8,8,9,11,13,14,26,26,26,24675,0,6,7.215878419474753,3.7277000010362826,313.4501000022283,84567.0

1790043035,200,GET,[GET] /health,85.000000,0.000000,4,5,5,5,7,8,10,11,18,18,18,37266,0,4,4.302461146900868,1.7883999971672893,56.43460000283085,83.99710191595557

1790043035,200,,Aggregated,200.000000,0.000000,5,6,6,7,8,9,11,13,23,26,26,86434,0,5,5.228266726065436,1.7883999971672893,313.4501000022283,24196.217634264292

1790043036,200,GET,[GET] /actuator/health,28.000000,0.000000,4,5,6,6,8,9,10,12,17,17,17,12283,0,4,4.865663070923221,2.208099998824764,56.072999999742024,49.0

1790043036,200,GET,[GET] /api/soporte/election/status,29.100000,0.000000,4,5,6,6,7,8,10,12,22,22,22,12263,0,4,4.402023371084732,1.7956000010599382,33.8460999992094,78.0

1790043036,200,GET,[GET] /api/soporte/tickets,57.800000,0.000000,6,7,8,8,9,11,13,14,26,26,26,24724,0,6,7.215612550579729,3.7277000010362826,313.4501000022283,84567.0

1790043036,200,GET,[GET] /health,84.600000,0.000000,4,4,5,5,7,8,9,11,18,18,18,37359,0,4,4.302398546546389,1.7883999971672893,56.43460000283085,83.99710913033005

1790043036,200,,Aggregated,199.500000,0.000000,5,6,6,7,8,9,11,13,23,26,26,86629,0,5,5.227799744897456,1.7883999971672893,313.4501000022283,24189.71634210253

1790043037,200,GET,[GET] /actuator/health,28.300000,0.000000,4,5,5,6,8,8,10,12,17,17,17,12313,0,4,4.865839876565932,2.208099998824764,56.072999999742024,49.0

1790043037,200,GET,[GET] /api/soporte/election/status,29.500000,0.000000,4,5,5,6,7,8,10,12,22,22,22,12292,0,4,4.401530727270779,1.7956000010599382,33.8460999992094,78.0

1790043037,200,GET,[GET] /api/soporte/tickets,56.800000,0.000000,6,7,8,8,9,11,13,14,26,26,26,24782,0,6,7.214156815452418,3.7277000010362826,313.4501000022283,84567.0

1790043037,200,GET,[GET] /health,86.000000,0.000000,4,4,5,5,7,8,9,11,18,18,18,37455,0,4,4.301595362446457,1.7883999971672893,56.43460000283085,83.99703644373248

1790043037,200,,Aggregated,200.600000,0.000000,5,6,6,7,8,9,11,13,23,26,26,86842,0,5,5.22689701527766,1.7883999971672893,313.4501000022283,24187.001865456805

1790043038,200,GET,[GET] /actuator/health,28.300000,0.000000,4,5,6,6,8,8,10,10,17,17,17,12333,0,4,4.8655494445935545,2.208099998824764,56.072999999742024,49.0

1790043038,200,GET,[GET] /api/soporte/election/status,30.000000,0.000000,4,4,5,6,7,8,10,12,22,22,22,12328,0,4,4.40083381729524,1.7956000010599382,33.8460999992094,78.0

1790043038,200,GET,[GET] /api/soporte/tickets,55.600000,0.000000,6,7,8,8,9,11,13,14,26,26,26,24847,0,6,7.212206262347449,3.7277000010362826,313.4501000022283,84567.0

1790043038,200,GET,[GET] /health,87.400000,0.000000,4,4,5,5,7,8,9,11,18,18,18,37523,0,4,4.301407222248594,1.7883999971672893,56.43460000283085,83.99704181435386

1790043038,200,,Aggregated,201.300000,0.000000,5,6,6,7,8,9,11,13,23,26,26,87031,0,5,5.226456007638302,1.7883999971672893,313.4501000022283,24197.74529765256

1790043039,200,GET,[GET] /actuator/health,29.200000,0.000000,4,5,6,6,8,8,10,12,17,17,17,12358,0,4,4.866228540230266,2.208099998824764,56.072999999742024,49.0

1790043039,200,GET,[GET] /api/soporte/election/status,29.600000,0.000000,4,4,6,6,7,9,10,12,22,22,22,12355,0,4,4.402062476698066,1.7956000010599382,33.8460999992094,78.0

1790043039,200,GET,[GET] /api/soporte/tickets,54.500000,0.000000,6,7,8,8,9,11,14,14,26,26,26,24905,0,6,7.2126772094184455,3.7277000010362826,313.4501000022283,84567.0

1790043039,200,GET,[GET] /health,87.100000,0.000000,4,4,5,5,7,8,10,12,46,46,46,37610,0,4,4.3036071683187975,1.7883999971672893,56.43460000283085,83.997048657272

1790043039,200,,Aggregated,200.400000,0.000000,5,6,6,7,8,9,12,13,26,46,46,87228,0,5,5.2278480040905055,1.7883999971672893,313.4501000022283,24199.448525702755

1790043040,200,GET,[GET] /actuator/health,27.500000,0.000000,4,5,6,6,8,9,10,12,17,17,17,12386,0,4,4.867411157772415,2.208099998824764,56.072999999742024,49.0

1790043040,200,GET,[GET] /api/soporte/election/status,29.700000,0.000000,4,4,5,6,7,9,10,12,22,22,22,12379,0,4,4.401287616091473,1.7956000010599382,33.8460999992094,78.0

1790043040,200,GET,[GET] /api/soporte/tickets,54.200000,0.000000,6,7,8,8,9,11,14,14,26,26,26,24958,0,6,7.2126988060171495,3.7277000010362826,313.4501000022283,84567.0

1790043040,200,GET,[GET] /health,86.000000,0.000000,4,5,5,6,7,8,10,12,46,46,46,37701,0,4,4.304727068260138,1.7883999971672893,56.43460000283085,83.99705578101377

1790043040,200,,Aggregated,197.400000,0.000000,5,6,6,7,8,9,12,13,26,46,46,87424,0,5,5.2282936722275,1.7883999971672893,313.4501000022283,24196.587149981697

1790043041,200,GET,[GET] /actuator/health,26.800000,0.000000,4,5,6,6,8,8,10,12,17,17,17,12419,0,4,4.865780529848177,2.208099998824764,56.072999999742024,49.0

1790043041,200,GET,[GET] /api/soporte/election/status,30.000000,0.000000,4,4,5,6,7,9,10,12,22,22,22,12408,0,4,4.4005663362027425,1.7956000010599382,33.8460999992094,78.0

1790043041,200,GET,[GET] /api/soporte/tickets,55.800000,0.000000,6,7,8,8,9,11,14,14,26,26,26,25018,0,6,7.21073276043477,3.7277000010362826,313.4501000022283,84567.0

1790043041,200,GET,[GET] /health,85.700000,0.000000,4,5,5,6,7,8,10,12,46,46,46,37778,0,4,4.303354042047776,1.7883999971672893,56.43460000283085,83.99706178198952

1790043041,200,,Aggregated,198.300000,0.000000,5,6,6,7,8,9,12,13,26,46,46,87623,0,5,5.226944714296772,1.7883999971672893,313.4501000022283,24199.659929470574

1790043042,200,GET,[GET] /actuator/health,27.100000,0.000000,4,5,6,6,8,8,10,12,17,17,17,12447,0,4,4.86622328273488,2.208099998824764,56.072999999742024,49.0

1790043042,200,GET,[GET] /api/soporte/election/status,29.600000,0.000000,4,4,5,6,7,9,10,12,22,22,22,12445,0,4,4.3998506950270775,1.7956000010599382,33.8460999992094,78.0

1790043042,200,GET,[GET] /api/soporte/tickets,55.000000,0.000000,6,7,8,8,10,11,14,14,26,26,26,25077,0,6,7.209552019800915,3.7277000010362826,313.4501000022283,84567.0

1790043042,200,GET,[GET] /health,85.700000,0.000000,4,5,5,6,7,8,10,12,46,46,46,37861,0,4,4.303040508714853,1.7883999971672893,56.43460000283085,83.99706822323763

1790043042,200,,Aggregated,197.400000,0.000000,5,6,6,7,8,9,12,13,26,46,46,87830,0,5,5.226430329054009,1.7883999971672893,313.4501000022283,24199.5614824092

1790043043,200,GET,[GET] /actuator/health,26.600000,0.000000,4,5,6,7,8,9,10,10,13,13,13,12479,0,4,4.868313807211563,2.208099998824764,56.072999999742024,49.0

1790043043,200,GET,[GET] /api/soporte/election/status,29.400000,0.000000,4,4,5,6,7,8,10,10,12,12,12,12468,0,4,4.4018360121593165,1.7956000010599382,33.8460999992094,78.0

1790043043,200,GET,[GET] /api/soporte/tickets,56.400000,0.000000,6,7,8,8,10,11,13,14,20,20,20,25131,0,6,7.210670518504282,3.7277000010362826,313.4501000022283,84567.0

1790043043,200,GET,[GET] /health,85.200000,0.000000,4,5,5,6,7,8,9,10,46,46,46,37950,0,4,4.304462700934563,1.7883999971672893,56.43460000283085,83.99699604743083

1790043043,200,,Aggregated,197.600000,0.000000,5,6,6,7,8,9,11,12,20,46,46,88028,0,5,5.2278763541236115,1.7883999971672893,313.4501000022283,24197.129754169127

1790043044,200,GET,[GET] /actuator/health,27.400000,0.000000,4,5,6,7,8,9,10,11,13,13,13,12502,0,4,4.868434898430148,2.208099998824764,56.072999999742024,49.0

1790043044,200,GET,[GET] /api/soporte/election/status,29.500000,0.000000,4,4,5,6,7,8,10,11,12,12,12,12498,0,4,4.402601192156906,1.7956000010599382,33.8460999992094,78.0

1790043044,200,GET,[GET] /api/soporte/tickets,55.500000,0.000000,6,7,8,8,10,12,14,14,20,20,20,25181,0,6,7.211081966584096,3.7277000010362826,313.4501000022283,84567.0

1790043044,200,GET,[GET] /health,85.400000,0.000000,4,5,5,6,7,8,9,10,46,46,46,38036,0,4,4.305037025460909,1.7883999971672893,56.43460000283085,83.99700283941529

1790043044,200,,Aggregated,197.800000,0.000000,5,6,6,7,8,10,12,13,21,46,46,88217,0,5,5.228215945914461,1.7883999971672893,313.4501000022283,24193.341181404943

1790043045,200,GET,[GET] /actuator/health,26.700000,0.000000,4,5,6,7,8,9,10,11,13,13,13,12525,0,4,4.868816894224307,2.208099998824764,56.072999999742024,49.0

1790043045,200,GET,[GET] /api/soporte/election/status,30.200000,0.000000,4,4,6,6,7,9,10,11,12,12,12,12530,0,4,4.40290455702829,1.7956000010599382,33.8460999992094,78.0

1790043045,200,GET,[GET] /api/soporte/tickets,55.200000,0.000000,6,7,8,8,10,12,14,15,20,20,20,25231,0,6,7.211505188083719,3.7277000010362826,313.4501000022283,84567.0

1790043045,200,GET,[GET] /health,84.400000,0.000000,4,5,5,6,7,8,10,11,46,46,46,38133,0,4,4.306480617850584,1.7883999971672893,56.43460000283085,83.99701046337817

1790043045,200,,Aggregated,196.500000,0.000000,5,6,7,7,8,10,12,14,21,46,46,88419,0,5,5.228772531930474,1.7883999971672893,313.4501000022283,24186.024496997252

1790043046,200,GET,[GET] /actuator/health,27.100000,0.000000,4,5,6,7,8,10,11,13,18,18,18,12564,0,4,4.871903995554218,2.208099998824764,56.072999999742024,49.0

1790043046,200,GET,[GET] /api/soporte/election/status,29.700000,0.000000,4,4,5,6,7,10,11,11,12,12,12,12556,0,4,4.405075613217917,1.7956000010599382,33.8460999992094,78.0

1790043046,200,GET,[GET] /api/soporte/tickets,56.600000,0.000000,6,7,8,8,10,12,14,16,23,23,23,25281,0,6,7.212470752759524,3.7277000010362826,313.4501000022283,84567.0

1790043046,200,GET,[GET] /health,83.500000,0.000000,4,5,5,6,7,8,10,12,46,46,46,38217,0,4,4.307812771815983,1.7883999971672893,56.43460000283085,83.99701703430411

1790043046,200,,Aggregated,196.900000,0.000000,5,6,7,7,8,10,12,14,23,46,46,88618,0,5,5.230211525883142,1.7883999971672893,313.4501000022283,24179.55093773274

1790043047,200,GET,[GET] /actuator/health,26.300000,0.000000,5,5,6,7,8,10,12,14,18,18,18,12595,0,4,4.873428027005279,2.208099998824764,56.072999999742024,49.0

1790043047,200,GET,[GET] /api/soporte/election/status,29.800000,0.000000,4,5,6,6,8,10,11,12,12,12,12,12589,0,4,4.406086885339423,1.7956000010599382,33.8460999992094,78.0

1790043047,200,GET,[GET] /api/soporte/tickets,55.700000,0.000000,7,7,8,8,11,12,14,16,23,23,23,25331,0,6,7.2124698156616995,3.7277000010362826,313.4501000022283,84567.0

1790043047,200,GET,[GET] /health,85.100000,0.000000,4,5,5,6,7,9,11,12,46,46,46,38313,0,4,4.307981450173526,1.7883999971672893,56.43460000283085,83.99702450865242

1790043047,200,,Aggregated,196.900000,0.000000,5,6,7,7,9,10,12,14,23,46,46,88828,0,5,5.230330751572638,1.7883999971672893,313.4501000022283,24170.12599630747

1790043048,200,GET,[GET] /actuator/health,26.900000,0.000000,5,5,6,7,9,10,12,14,18,18,18,12620,0,4,4.874929421561011,2.208099998824764,56.072999999742024,49.0

1790043048,200,GET,[GET] /api/soporte/election/status,29.300000,0.000000,4,5,6,6,8,10,11,12,12,12,12,12626,0,4,4.407375471211559,1.7956000010599382,33.8460999992094,78.0

1790043048,200,GET,[GET] /api/soporte/tickets,55.300000,0.000000,7,7,8,9,11,12,14,16,23,23,23,25380,0,6,7.2117981127077595,3.7277000010362826,313.4501000022283,84567.0

1790043048,200,GET,[GET] /health,84.300000,0.000000,4,5,5,6,7,8,10,11,46,46,46,38396,0,4,4.307675677167683,1.7883999971672893,56.43460000283085,83.997030940723

1790043048,200,,Aggregated,195.800000,0.000000,5,6,7,7,9,10,12,14,23,46,46,89022,0,5,5.230191226895266,1.7883999971672893,313.4501000022283,24164.125923928917

1790043049,200,GET,[GET] /actuator/health,27.900000,0.000000,4,5,6,7,9,10,12,14,18,18,18,12654,0,4,4.875379239777052,2.208099998824764,56.072999999742024,49.0

1790043049,200,GET,[GET] /api/soporte/election/status,29.100000,0.000000,4,5,6,6,8,10,11,12,12,12,12,12649,0,4,4.4079750256560075,1.7956000010599382,33.8460999992094,78.0

1790043049,200,GET,[GET] /api/soporte/tickets,54.500000,0.000000,7,7,8,9,11,12,14,16,30,30,30,25442,0,6,7.212750290879646,3.7277000010362826,313.4501000022283,84567.0

1790043049,200,GET,[GET] /health,84.900000,0.000000,4,5,5,6,7,8,10,11,21,21,21,38477,0,4,4.307453283794118,1.7883999971672893,56.43460000283085,83.9970371910492

1790043049,200,,Aggregated,196.400000,0.000000,5,6,7,7,9,10,12,14,23,30,30,89222,0,5,5.23070764946726,1.7883999971672893,313.4501000022283,24168.839927372173

1790043050,200,GET,[GET] /actuator/health,28.400000,0.000000,4,5,6,7,9,10,12,14,18,18,18,12688,0,4,4.875593899758069,2.208099998824764,56.072999999742024,49.0

1790043050,200,GET,[GET] /api/soporte/election/status,29.500000,0.000000,4,5,6,6,8,10,11,12,12,12,12,12687,0,4,4.407352344882452,1.7956000010599382,33.8460999992094,78.0

1790043050,200,GET,[GET] /api/soporte/tickets,54.100000,0.000000,7,7,8,9,11,13,14,16,30,30,30,25490,0,6,7.2124106159493255,3.7277000010362826,313.4501000022283,84567.0

1790043050,200,GET,[GET] /health,86.000000,0.000000,4,5,5,6,7,9,10,11,21,21,21,38550,0,4,4.30748852660252,1.7883999971672893,56.43460000283085,83.99704280155642

1790043050,200,,Aggregated,198.000000,0.000000,5,6,7,7,9,10,12,14,23,30,30,89415,0,5,5.230393601752832,1.7883999971672893,313.4501000022283,24162.189945758542

1790043051,200,GET,[GET] /actuator/health,28.300000,0.000000,5,6,6,7,9,10,12,14,18,18,18,12712,0,4,4.876951046267161,2.208099998824764,56.072999999742024,49.0

1790043051,200,GET,[GET] /api/soporte/election/status,29.100000,0.000000,4,5,6,6,8,10,11,12,12,12,12,12716,0,4,4.408043173917428,1.7956000010599382,33.8460999992094,78.0

1790043051,200,GET,[GET] /api/soporte/tickets,52.900000,0.000000,7,7,8,9,11,13,14,16,33,33,33,25542,0,6,7.213864587758381,3.7277000010362826,313.4501000022283,84567.0

1790043051,200,GET,[GET] /health,86.600000,0.000000,4,5,5,6,7,9,11,11,21,21,21,38629,0,4,4.308090131779817,1.7883999971672893,56.43460000283085,83.9970488493101

1790043051,200,,Aggregated,196.900000,0.000000,5,6,7,7,9,11,12,14,30,33,33,89599,0,5,5.231333181182037,1.7883999971672893,313.4501000022283,24161.762653601043

1790043052,200,GET,[GET] /actuator/health,29.600000,0.000000,5,6,7,7,9,10,12,16,18,18,18,12743,0,4,4.877927575934948,2.208099998824764,56.072999999742024,49.0

1790043052,200,GET,[GET] /api/soporte/election/status,29.800000,0.000000,4,5,6,6,8,10,11,12,14,14,14,12733,0,4,4.409564862918256,1.7956000010599382,33.8460999992094,78.0

1790043052,200,GET,[GET] /api/soporte/tickets,53.700000,0.000000,7,8,8,9,11,13,16,18,33,33,33,25608,0,6,7.215007185273607,3.7277000010362826,313.4501000022283,84567.0

1790043052,200,GET,[GET] /health,84.200000,0.000000,4,5,5,6,7,9,11,11,21,21,21,38725,0,4,4.30901229181611,1.7883999971672893,56.43460000283085,83.99697869593285

1790043052,200,,Aggregated,197.300000,0.000000,5,6,7,7,9,11,13,15,30,33,33,89809,0,5,5.232602807076603,1.7883999971672893,313.4501000022283,24167.53443418811

1790043053,200,GET,[GET] /actuator/health,29.700000,0.000000,5,6,6,7,8,10,12,16,18,18,18,12776,0,4,4.877106363503411,2.208099998824764,56.072999999742024,49.0

1790043053,200,GET,[GET] /api/soporte/election/status,30.000000,0.000000,4,5,6,6,8,10,11,12,14,14,14,12755,0,4,4.409890615409526,1.7956000010599382,33.8460999992094,78.0

1790043053,200,GET,[GET] /api/soporte/tickets,51.400000,0.000000,7,8,9,9,11,13,15,18,33,33,33,25669,0,6,7.215825867794562,3.7277000010362826,313.4501000022283,84567.0

1790043053,200,GET,[GET] /health,84.100000,0.000000,4,5,5,6,7,9,10,12,21,21,21,38804,0,4,4.309803038361566,1.7883999971672893,56.43460000283085,83.996984846923

1790043053,200,,Aggregated,195.200000,0.000000,5,6,7,7,9,11,13,15,30,33,33,90004,0,5,5.23330848629693,1.7883999971672893,313.4501000022283,24172.599617794764

1790043054,200,GET,[GET] /actuator/health,28.900000,0.000000,5,6,6,7,9,10,12,16,18,18,18,12806,0,4,4.878642183361266,2.208099998824764,56.072999999742024,49.0

1790043054,200,GET,[GET] /api/soporte/election/status,30.300000,0.000000,4,5,6,6,8,10,11,12,14,14,14,12781,0,4,4.411222674245735,1.7956000010599382,33.8460999992094,78.0

1790043054,200,GET,[GET] /api/soporte/tickets,52.600000,0.000000,7,8,9,9,11,13,14,17,33,33,33,25723,0,6,7.2163295572217985,3.7277000010362826,313.4501000022283,84567.0

1790043054,200,GET,[GET] /health,84.500000,0.000000,4,5,5,6,7,9,11,11,19,19,19,38889,0,4,4.312185288913746,1.7883999971672893,56.43460000283085,83.99699143716732

1790043054,200,,Aggregated,196.300000,0.000000,5,6,7,7,9,11,13,14,30,33,33,90199,0,5,5.234846813164693,1.7883999971672893,313.4501000022283,24171.087395647402

1790043055,200,GET,[GET] /actuator/health,29.800000,0.000000,5,6,6,7,8,10,11,13,16,16,16,12836,0,4,4.880066344665436,2.208099998824764,56.072999999742024,49.0

1790043055,200,GET,[GET] /api/soporte/election/status,28.900000,0.000000,4,5,6,6,7,9,11,12,14,14,14,12820,0,4,4.411568198091049,1.7956000010599382,33.8460999992094,78.0

1790043055,200,GET,[GET] /api/soporte/tickets,53.900000,0.000000,7,8,8,9,10,12,14,17,33,33,33,25787,0,6,7.215129522644307,3.7277000010362826,313.4501000022283,84567.0

1790043055,200,GET,[GET] /health,85.500000,0.000000,4,5,5,6,7,8,10,11,13,13,13,38958,0,4,4.312297107155319,1.7883999971672893,56.43460000283085,83.99699676574772

1790043055,200,,Aggregated,198.100000,0.000000,5,6,7,7,9,10,12,13,30,33,33,90401,0,5,5.235028944377147,1.7883999971672893,313.4501000022283,24177.061182951515

1790043056,200,GET,[GET] /actuator/health,29.800000,0.000000,5,6,6,7,8,9,11,13,16,16,16,12863,0,4,4.880295568694628,2.208099998824764,56.072999999742024,49.0

1790043056,200,GET,[GET] /api/soporte/election/status,28.300000,0.000000,4,5,6,6,7,9,10,11,14,14,14,12844,0,4,4.411613734002426,1.7956000010599382,33.8460999992094,78.0

1790043056,200,GET,[GET] /api/soporte/tickets,54.500000,0.000000,7,7,8,9,10,12,14,17,33,33,33,25856,0,6,7.2145879795957875,3.7277000010362826,313.4501000022283,84567.0

1790043056,200,GET,[GET] /health,85.300000,0.000000,4,5,5,6,7,9,10,11,13,13,13,39037,0,4,4.311923849183639,1.7883999971672893,56.43460000283085,83.99700284345622

1790043056,200,,Aggregated,197.900000,0.000000,5,6,7,7,9,10,12,13,30,33,33,90600,0,5,5.235132083892457,1.7883999971672893,313.4501000022283,24188.470883002206

1790043057,200,GET,[GET] /actuator/health,30.600000,0.000000,5,6,6,7,8,10,11,12,16,16,16,12892,0,4,4.880662333240236,2.208099998824764,56.072999999742024,49.0

1790043057,200,GET,[GET] /api/soporte/election/status,28.300000,0.000000,4,5,6,6,8,9,10,11,18,18,18,12871,0,4,4.412134433962992,1.7956000010599382,33.8460999992094,78.0

1790043057,200,GET,[GET] /api/soporte/tickets,54.600000,0.000000,7,7,8,9,10,13,15,18,33,33,33,25916,0,6,7.214802481108957,3.7277000010362826,313.4501000022283,84567.0

1790043057,200,GET,[GET] /health,84.000000,0.000000,4,5,5,6,8,9,10,11,16,16,16,39123,0,4,4.313034307199539,1.7883999971672893,56.43460000283085,83.99700943179204

1790043057,200,,Aggregated,197.500000,0.000000,5,6,7,7,9,10,12,14,30,33,33,90802,0,5,5.235873035843462,1.7883999971672893,313.4501000022283,24190.65915948988

1790043058,200,GET,[GET] /actuator/health,30.700000,0.000000,4,6,6,7,8,9,11,12,16,16,16,12930,0,4,4.880963642702664,2.208099998824764,56.072999999742024,49.0

1790043058,200,GET,[GET] /api/soporte/election/status,28.400000,0.000000,4,5,6,6,7,8,11,12,18,18,18,12898,0,4,4.412689913126912,1.7956000010599382,33.8460999992094,78.0

1790043058,200,GET,[GET] /api/soporte/tickets,55.800000,0.000000,7,8,8,9,10,12,15,18,33,33,33,25980,0,6,7.21399610086269,3.7277000010362826,313.4501000022283,84567.0

1790043058,200,GET,[GET] /health,82.500000,0.000000,4,5,5,6,8,9,10,11,16,16,16,39189,0,4,4.312634292800054,1.7883999971672893,56.43460000283085,83.99693791625201

1790043058,200,,Aggregated,197.400000,0.000000,5,6,7,7,9,10,12,14,30,33,33,90997,0,5,5.235921826000971,1.7883999971672893,313.4501000022283,24198.402474806862

1790043059,200,GET,[GET] /actuator/health,29.300000,0.000000,4,6,6,7,8,9,11,12,16,16,16,12956,0,4,4.880704067625901,2.208099998824764,56.072999999742024,49.0

1790043059,200,GET,[GET] /api/soporte/election/status,28.100000,0.000000,4,5,6,6,7,8,11,12,18,18,18,12926,0,4,4.412491551873481,1.7956000010599382,33.8460999992094,78.0

1790043059,200,GET,[GET] /api/soporte/tickets,57.400000,0.000000,6,7,8,9,10,12,15,17,33,33,33,26042,0,6,7.212735285323459,3.7277000010362826,313.4501000022283,84567.0

1790043059,200,GET,[GET] /health,80.700000,0.000000,4,5,5,6,8,9,10,11,16,16,16,39277,0,4,4.31211462689468,1.7883999971672893,56.43460000283085,83.9969447768414

1790043059,200,,Aggregated,195.500000,0.000000,5,6,7,7,9,10,12,13,19,33,33,91201,0,5,5.235372925742192,1.7883999971672893,313.4501000022283,24201.884124077587

1790043060,200,GET,[GET] /actuator/health,28.900000,0.000000,4,6,6,7,8,9,10,12,16,16,16,12989,0,4,4.879909569648979,2.208099998824764,56.072999999742024,49.0

1790043060,200,GET,[GET] /api/soporte/election/status,27.800000,0.000000,4,5,6,6,7,9,11,12,18,18,18,12949,0,4,4.412212989381224,1.7956000010599382,33.8460999992094,78.0

1790043060,200,GET,[GET] /api/soporte/tickets,59.000000,0.000000,6,7,8,9,10,12,14,16,33,33,33,26107,0,6,7.212603523973459,3.7277000010362826,313.4501000022283,84567.0

1790043060,200,GET,[GET] /health,79.300000,0.000000,4,5,5,6,7,9,10,11,16,16,16,39356,0,4,4.31199356643295,1.7883999971672893,56.43460000283085,83.99695090964529

1790043060,200,,Aggregated,195.000000,0.000000,5,6,7,7,9,10,12,13,19,33,33,91401,0,5,5.235403883990092,1.7883999971672893,313.4501000022283,24209.176442270873

1790043061,200,GET,[GET] /actuator/health,30.800000,0.000000,4,5,6,7,8,8,10,12,40,40,40,13015,0,4,4.882173553604415,2.208099998824764,56.072999999742024,49.0

1790043061,200,GET,[GET] /api/soporte/election/status,27.300000,0.000000,4,5,5,6,7,8,11,11,18,18,18,12968,0,4,4.412703871029346,1.7956000010599382,33.8460999992094,78.0

1790043061,200,GET,[GET] /api/soporte/tickets,59.200000,0.000000,6,7,8,9,10,12,14,15,32,32,32,26154,0,6,7.213382744528713,3.7277000010362826,313.4501000022283,84567.0

1790043061,200,GET,[GET] /health,78.900000,0.000000,4,5,5,6,7,9,10,11,32,32,32,39447,0,4,4.312793201016603,1.7883999971672893,56.43460000283085,83.99695794356985

1790043061,200,,Aggregated,196.200000,0.000000,5,6,7,7,8,10,12,13,32,40,40,91584,0,5,5.236187525119845,1.7883999971672893,313.4501000022283,24204.315000436756

1790043062,200,GET,[GET] /actuator/health,29.800000,0.000000,4,5,6,7,8,9,10,12,40,40,40,13039,0,4,4.8809231229518035,2.208099998824764,56.072999999742024,49.0

1790043062,200,GET,[GET] /api/soporte/election/status,27.000000,0.000000,4,5,6,6,8,9,11,11,18,18,18,12997,0,4,4.4146702007777625,1.7956000010599382,33.8460999992094,78.0

1790043062,200,GET,[GET] /api/soporte/tickets,60.100000,0.000000,6,7,8,9,11,13,14,15,32,32,32,26212,0,6,7.213789394185591,3.7277000010362826,313.4501000022283,84567.0

1790043062,200,GET,[GET] /health,79.600000,0.000000,4,5,5,6,7,9,11,12,32,32,32,39543,0,4,4.313370401854144,1.7883999971672893,56.43460000283085,83.99696532888248

1790043062,200,,Aggregated,196.500000,0.000000,5,6,7,7,9,10,12,13,32,40,40,91791,0,5,5.236583963575822,1.7883999971672893,313.4501000022283,24203.2919676221

1790043063,200,GET,[GET] /actuator/health,29.800000,0.000000,4,5,6,7,8,9,11,12,40,40,40,13059,0,4,4.881237966166125,2.208099998824764,56.072999999742024,49.0

1790043063,200,GET,[GET] /api/soporte/election/status,25.900000,0.000000,4,5,6,6,7,8,11,11,18,18,18,13026,0,4,4.414161269728987,1.7956000010599382,33.8460999992094,78.0

1790043063,200,GET,[GET] /api/soporte/tickets,61.600000,0.000000,6,7,8,9,10,12,13,16,32,32,32,26256,0,6,7.214374341117664,3.7277000010362826,313.4501000022283,84567.0

1790043063,200,GET,[GET] /health,79.300000,0.000000,4,5,5,6,7,9,10,12,32,32,32,39637,0,4,4.314055899804635,1.7883999971672893,56.43460000283085,83.99697252567046

1790043063,200,,Aggregated,196.600000,0.000000,5,6,7,7,9,10,12,13,32,40,40,91978,0,5,5.236684834423394,1.7883999971672893,313.4501000022283,24194.660233968993

1790043064,200,GET,[GET] /actuator/health,29.900000,0.000000,4,5,6,7,8,9,10,12,40,40,40,13090,0,4,4.882687479002898,2.208099998824764,56.072999999742024,49.0

1790043064,200,GET,[GET] /api/soporte/election/status,25.200000,0.000000,4,5,6,6,7,9,10,11,18,18,18,13053,0,4,4.4147221404635335,1.7956000010599382,33.8460999992094,78.0

1790043064,200,GET,[GET] /api/soporte/tickets,60.100000,0.000000,6,7,8,9,10,12,13,16,32,32,32,26308,0,6,7.214973981314125,3.7277000010362826,313.4501000022283,84567.0

1790043064,200,GET,[GET] /health,80.400000,0.000000,4,5,5,6,7,9,10,11,32,32,32,39729,0,4,4.315384666126476,1.7883999971672893,56.43460000283085,83.9969040247678

1790043064,200,,Aggregated,195.600000,0.000000,5,6,7,7,9,10,12,13,32,40,40,92180,0,5,5.237548276204916,1.7883999971672893,313.4501000022283,24189.469440225646

1790043065,200,GET,[GET] /actuator/health,28.700000,0.000000,4,5,6,6,7,9,10,12,40,40,40,13122,0,4,4.8825823197794405,2.208099998824764,56.072999999742024,49.0

1790043065,200,GET,[GET] /api/soporte/election/status,26.700000,0.000000,4,5,6,6,7,9,11,11,18,18,18,13076,0,4,4.414442948872673,1.7956000010599382,33.8460999992094,78.0

1790043065,200,GET,[GET] /api/soporte/tickets,59.400000,0.000000,6,7,8,9,10,12,13,16,32,32,32,26360,0,6,7.2139425948550935,3.7277000010362826,313.4501000022283,84567.0

1790043065,200,GET,[GET] /health,81.500000,0.000000,4,5,5,6,7,9,10,11,32,32,32,39810,0,4,4.3160170459826555,1.7883999971672893,56.43460000283085,83.99691032403919

1790043065,200,,Aggregated,196.300000,0.000000,5,6,7,7,9,10,12,13,32,40,40,92368,0,5,5.237448754986085,1.7883999971672893,313.4501000022283,24187.95408583059

1790043066,200,GET,[GET] /actuator/health,28.600000,0.000000,4,5,6,6,7,8,10,11,40,40,40,13157,0,4,4.8827584023830415,2.208099998824764,56.072999999742024,49.0

1790043066,200,GET,[GET] /api/soporte/election/status,27.000000,0.000000,4,5,5,6,7,8,10,11,12,12,12,13110,0,4,4.414457864183486,1.7956000010599382,33.8460999992094,78.0

1790043066,200,GET,[GET] /api/soporte/tickets,57.100000,0.000000,6,7,8,9,10,12,13,14,32,32,32,26428,0,6,7.212403640093219,3.7277000010362826,313.4501000022283,84567.0

1790043066,200,GET,[GET] /health,82.600000,0.000000,4,5,5,6,7,8,10,11,32,32,32,39881,0,4,4.315898483000931,1.7883999971672893,56.43460000283085,83.99691582457812

1790043066,200,,Aggregated,195.300000,0.000000,5,6,6,7,8,10,12,13,32,40,40,92576,0,5,5.237294176682324,1.7883999971672893,313.4501000022283,24195.83725803664

1790043067,200,GET,[GET] /actuator/health,28.200000,0.000000,4,5,6,6,7,9,10,11,40,40,40,13177,0,4,4.883503976637276,2.208099998824764,56.072999999742024,49.0

1790043067,200,GET,[GET] /api/soporte/election/status,26.300000,0.000000,4,5,5,6,7,8,10,11,11,11,11,13136,0,4,4.4147851552564985,1.7956000010599382,33.8460999992094,78.0

1790043067,200,GET,[GET] /api/soporte/tickets,57.700000,0.000000,6,7,8,9,10,12,13,14,32,32,32,26496,0,6,7.212515489145803,3.7277000010362826,313.4501000022283,84567.0

1790043067,200,GET,[GET] /health,84.400000,0.000000,4,5,5,6,7,8,10,11,32,32,32,39959,0,4,4.316033829689293,1.7883999971672893,56.43460000283085,83.99684676793713

1790043067,200,,Aggregated,196.600000,0.000000,5,6,7,7,8,10,12,13,32,40,40,92768,0,5,5.237902680887379,1.7883999971672893,313.4501000022283,24207.85123102794

1790043068,200,GET,[GET] /actuator/health,28.300000,0.000000,4,5,6,7,8,9,10,11,40,40,40,13208,0,4,4.88516471836278,2.208099998824764,56.072999999742024,49.0

1790043068,200,GET,[GET] /api/soporte/election/status,26.500000,0.000000,4,5,6,6,7,9,10,11,11,11,11,13164,0,4,4.414914858665033,1.7956000010599382,33.8460999992094,78.0

1790043068,200,GET,[GET] /api/soporte/tickets,57.600000,0.000000,6,7,8,9,10,12,13,15,32,32,32,26563,0,6,7.2113465949025874,3.7277000010362826,313.4501000022283,84567.0

1790043068,200,GET,[GET] /health,84.400000,0.000000,4,5,5,6,7,9,10,11,32,32,32,40031,0,4,4.316366518462369,1.7883999971672893,56.43460000283085,83.9968524393595

1790043068,200,,Aggregated,196.800000,0.000000,5,6,7,7,8,10,12,13,32,40,40,92966,0,5,5.238309301256014,1.7883999971672893,313.4501000022283,24217.344868016266

1790043069,200,GET,[GET] /actuator/health,29.400000,0.000000,4,6,6,7,8,9,10,11,40,40,40,13235,0,4,4.886421654714803,2.208099998824764,56.072999999742024,49.0

1790043069,200,GET,[GET] /api/soporte/election/status,27.100000,0.000000,4,5,6,6,7,9,10,11,11,11,11,13185,0,4,4.415702904774956,1.7956000010599382,33.8460999992094,78.0

1790043069,200,GET,[GET] /api/soporte/tickets,57.300000,0.000000,7,7,8,9,10,12,13,15,32,32,32,26626,0,6,7.212222222654571,3.7277000010362826,313.4501000022283,84567.0

1790043069,200,GET,[GET] /health,83.600000,0.000000,4,5,5,6,7,9,10,11,32,32,32,40125,0,4,4.317640543316572,1.7883999971672893,56.43460000283085,83.99685981308411

1790043069,200,,Aggregated,197.400000,0.000000,5,6,7,7,9,10,12,13,32,40,40,93171,0,5,5.239514324205882,1.7883999971672893,313.4501000022283,24221.359231949857

1790043070,200,GET,[GET] /actuator/health,28.700000,0.000000,5,6,6,7,8,9,10,11,40,40,40,13268,0,4,4.885511305409501,2.208099998824764,56.072999999742024,49.0

1790043070,200,GET,[GET] /api/soporte/election/status,27.000000,0.000000,4,5,6,6,7,9,10,11,11,11,11,13214,0,4,4.415320917166945,1.7956000010599382,33.8460999992094,78.0

1790043070,200,GET,[GET] /api/soporte/tickets,57.700000,0.000000,6,7,8,9,10,12,13,15,32,32,32,26682,0,6,7.210382587527031,3.7277000010362826,313.4501000022283,84567.0

1790043070,200,GET,[GET] /health,84.500000,0.000000,4,5,5,6,7,9,10,11,32,32,32,40205,0,4,4.316270946415304,1.7883999971672893,56.43460000283085,83.99686606143514

1790043070,200,,Aggregated,197.900000,0.000000,5,6,7,7,9,10,12,13,32,40,40,93369,0,5,5.2382280649963135,1.7883999971672893,313.4501000022283,24220.829311655903

1790043071,200,GET,[GET] /actuator/health,27.600000,0.000000,5,6,6,7,8,9,11,11,12,12,12,13301,0,4,4.8859387264239444,2.208099998824764,56.072999999742024,49.0

1790043071,200,GET,[GET] /api/soporte/election/status,26.300000,0.000000,4,5,5,6,7,9,10,11,11,11,11,13239,0,4,4.41482977562091,1.7956000010599382,33.8460999992094,78.0

1790043071,200,GET,[GET] /api/soporte/tickets,58.800000,0.000000,6,7,8,8,10,12,14,15,27,27,27,26751,0,6,7.210391869477282,3.7277000010362826,313.4501000022283,84567.0

1790043071,200,GET,[GET] /health,83.900000,0.000000,4,5,5,6,7,9,10,11,22,22,22,40284,0,4,4.314932241104059,1.7883999971672893,56.43460000283085,83.99687220732797

1790043071,200,,Aggregated,196.600000,0.000000,5,6,7,7,9,10,11,13,22,27,27,93575,0,5,5.237977298430486,1.7883999971672893,313.4501000022283,24229.975292546085

1790043072,200,GET,[GET] /actuator/health,27.600000,0.000000,5,6,6,7,8,9,11,11,12,12,12,13327,0,4,4.884958557828194,2.208099998824764,56.072999999742024,49.0

1790043072,200,GET,[GET] /api/soporte/election/status,26.100000,0.000000,4,5,5,6,7,9,11,11,12,12,12,13275,0,4,4.417142463234567,1.7956000010599382,33.8460999992094,78.0

1790043072,200,GET,[GET] /api/soporte/tickets,57.500000,0.000000,6,7,8,8,10,13,14,16,27,27,27,26803,0,6,7.212691777052472,3.7277000010362826,313.4501000022283,84567.0

1790043072,200,GET,[GET] /health,85.400000,0.000000,4,5,5,6,7,9,10,11,22,22,22,40373,0,4,4.316017615749173,1.7883999971672893,56.43460000283085,83.9968791023704

1790043072,200,,Aggregated,196.600000,0.000000,5,6,7,7,9,10,12,14,22,27,27,93778,0,5,5.239094092437394,1.7883999971672893,313.4501000022283,24224.540723837148

1790043073,200,GET,[GET] /actuator/health,28.600000,0.000000,5,6,6,7,9,10,11,11,13,13,13,13354,0,4,4.887374839012745,2.208099998824764,56.072999999742024,49.0

1790043073,200,GET,[GET] /api/soporte/election/status,26.600000,0.000000,4,5,5,6,8,10,11,11,12,12,12,13303,0,4,4.418702630943403,1.7956000010599382,33.8460999992094,78.0

1790043073,200,GET,[GET] /api/soporte/tickets,58.600000,0.000000,7,7,8,9,11,13,15,18,27,27,27,26866,0,6,7.217189894303565,3.7277000010362826,313.4501000022283,84567.0

1790043073,200,GET,[GET] /health,84.000000,0.000000,4,5,5,6,7,9,11,11,22,22,22,40449,0,4,4.316608937198089,1.7883999971672893,56.43460000283085,83.9968849662538

1790043073,200,,Aggregated,197.800000,0.000000,5,6,7,7,9,11,13,14,22,27,27,93972,0,5,5.241428758573845,1.7883999971672893,313.4501000022283,24231.330523985867

1790043074,200,GET,[GET] /actuator/health,28.500000,0.000000,5,6,6,7,9,10,11,11,13,13,13,13379,0,4,4.889212781236557,2.208099998824764,56.072999999742024,49.0

1790043074,200,GET,[GET] /api/soporte/election/status,27.100000,0.000000,4,5,5,6,8,10,11,12,14,14,14,13333,0,4,4.4202405684723685,1.7956000010599382,33.8460999992094,78.0

1790043074,200,GET,[GET] /api/soporte/tickets,59.300000,0.000000,7,7,8,9,11,13,15,17,27,27,27,26937,0,6,7.217392901970909,3.7277000010362826,313.4501000022283,84567.0

1790043074,200,GET,[GET] /health,83.600000,0.000000,4,5,5,6,7,9,11,11,22,22,22,40534,0,4,4.316685676240275,1.7883999971672893,56.43460000283085,83.99689149849509

1790043074,200,,Aggregated,198.500000,0.000000,5,6,7,7,9,11,13,14,22,27,27,94183,0,5,5.24229739019483,1.7883999971672893,313.4501000022283,24240.909229903486

1790043075,200,GET,[GET] /actuator/health,29.200000,0.000000,5,6,6,7,9,10,11,13,21,21,21,13412,0,4,4.890831792439373,2.208099998824764,56.072999999742024,49.0

1790043075,200,GET,[GET] /api/soporte/election/status,27.500000,0.000000,4,5,5,6,8,9,11,12,14,14,14,13355,0,4,4.42020358662991,1.7956000010599382,33.8460999992094,78.0

1790043075,200,GET,[GET] /api/soporte/tickets,59.100000,0.000000,6,7,8,9,11,13,16,19,32,32,32,26984,0,6,7.218457489636872,3.7277000010362826,313.4501000022283,84567.0

1790043075,200,GET,[GET] /health,82.100000,0.000000,4,5,5,6,7,9,10,11,22,22,22,40627,0,4,4.3173222758453,1.7883999971672893,56.43460000283085,83.99689861422208

1790043075,200,,Aggregated,197.900000,0.000000,5,6,7,7,9,11,13,15,27,32,32,94378,0,5,5.2428570630948705,1.7883999971672893,313.4501000022283,24233.055881667337

1790043076,200,GET,[GET] /actuator/health,28.400000,0.000000,5,6,6,7,9,10,11,13,21,21,21,13435,0,4,4.891087212517279,2.208099998824764,56.072999999742024,49.0

1790043076,200,GET,[GET] /api/soporte/election/status,27.100000,0.000000,4,5,6,6,8,9,11,12,14,14,14,13382,0,4,4.420478074985857,1.7956000010599382,33.8460999992094,78.0

1790043076,200,GET,[GET] /api/soporte/tickets,61.300000,0.000000,7,7,8,9,12,14,16,19,32,32,32,27051,0,6,7.220756275197019,3.7277000010362826,313.4501000022283,84567.0

1790043076,200,GET,[GET] /health,80.800000,0.000000,4,5,5,6,7,9,11,11,22,22,22,40704,0,4,4.31775311273576,1.7883999971672893,56.43460000283085,83.99690448113208

1790043076,200,,Aggregated,197.600000,0.000000,5,6,7,7,9,11,14,15,30,32,32,94572,0,5,5.244100738070267,1.7883999971672893,313.4501000022283,24243.3599585501

1790043077,200,GET,[GET] /actuator/health,29.000000,0.000000,5,6,6,7,9,10,11,13,21,21,21,13459,0,4,4.8910186566758505,2.208099998824764,56.072999999742024,49.0

1790043077,200,GET,[GET] /api/soporte/election/status,27.800000,0.000000,4,5,6,6,8,10,12,14,17,17,17,13410,0,4,4.421209880646075,1.7956000010599382,33.8460999992094,78.0

1790043077,200,GET,[GET] /api/soporte/tickets,62.600000,0.000000,7,8,8,9,12,14,17,24,32,32,32,27112,0,6,7.222165502374139,3.7277000010362826,313.4501000022283,84567.0

1790043077,200,GET,[GET] /health,78.400000,0.000000,4,5,5,6,7,9,11,11,22,22,22,40786,0,4,4.317279691579267,1.7883999971672893,56.43460000283085,83.99691070465356

1790043077,200,,Aggregated,197.800000,0.000000,5,6,7,7,9,11,14,16,32,32,32,94767,0,5,5.2445320122066095,1.7883999971672893,313.4501000022283,24248.0174849895

1790043078,200,GET,[GET] /actuator/health,28.500000,0.000000,4,5,6,7,8,10,11,13,21,21,21,13485,0,4,4.891088090484756,2.208099998824764,56.072999999742024,49.0

1790043078,200,GET,[GET] /api/soporte/election/status,27.000000,0.000000,4,5,5,6,8,9,12,14,17,17,17,13442,0,4,4.419565927648498,1.7956000010599382,33.8460999992094,78.0

1790043078,200,GET,[GET] /api/soporte/tickets,61.100000,0.000000,6,7,8,9,12,14,17,24,32,32,32,27178,0,6,7.220219022754456,3.7277000010362826,313.4501000022283,84567.0

1790043078,200,GET,[GET] /health,81.100000,0.000000,4,4,5,5,7,8,10,11,22,22,22,40870,0,4,4.316161964784728,1.7883999971672893,56.43460000283085,83.99684365059946

1790043078,200,,Aggregated,197.700000,0.000000,5,6,6,7,9,11,14,15,32,32,32,94975,0,5,5.243451226120668,1.7883999971672893,313.4501000022283,24253.794345880495

1790043079,200,GET,[GET] /actuator/health,27.600000,0.000000,4,5,6,6,8,10,11,13,21,21,21,13517,0,4,4.890566124152965,2.208099998824764,56.072999999742024,49.0

1790043079,200,GET,[GET] /api/soporte/election/status,26.800000,0.000000,4,5,5,6,8,9,12,14,17,17,17,13479,0,4,4.4187134059996955,1.7956000010599382,33.8460999992094,78.0

1790043079,200,GET,[GET] /api/soporte/tickets,61.900000,0.000000,6,7,8,9,12,14,17,24,32,32,32,27224,0,6,7.219210718498914,3.7277000010362826,313.4501000022283,84567.0

1790043079,200,GET,[GET] /health,82.400000,0.000000,4,4,5,5,6,8,10,11,22,22,22,40956,0,4,4.31474564900771,1.7883999971672893,56.43460000283085,83.9968502783475

1790043079,200,,Aggregated,198.700000,0.000000,5,6,6,7,9,11,14,15,32,32,32,95176,0,5,5.242037233134611,1.7883999971672893,313.4501000022283,24243.568525678744

1790043080,200,GET,[GET] /actuator/health,27.800000,0.000000,5,6,6,7,8,10,11,13,21,21,21,13546,0,4,4.893199896661091,2.208099998824764,56.072999999742024,49.0

1790043080,200,GET,[GET] /api/soporte/election/status,26.700000,0.000000,4,5,5,6,8,9,12,14,17,17,17,13508,0,4,4.4200287384877495,1.7956000010599382,33.8460999992094,78.0

1790043080,200,GET,[GET] /api/soporte/tickets,61.100000,0.000000,7,8,8,9,11,13,16,22,32,32,32,27283,0,6,7.219483623516568,3.7277000010362826,313.4501000022283,84567.0

1790043080,200,GET,[GET] /health,82.600000,0.000000,4,4,5,6,7,9,10,11,22,22,22,41048,0,4,4.316449629720783,1.7883999971672893,56.43460000283085,83.99685733775092

1790043080,200,,Aggregated,198.200000,0.000000,5,6,7,7,9,11,13,15,32,32,32,95385,0,5,5.243380301943124,1.7883999971672893,313.4501000022283,24242.876154531634

1790043081,200,GET,[GET] /actuator/health,27.700000,0.000000,5,6,6,7,8,10,11,13,21,21,21,13576,0,4,4.892477033013044,2.208099998824764,56.072999999742024,49.0

1790043081,200,GET,[GET] /api/soporte/election/status,28.000000,0.000000,4,5,5,6,8,9,12,14,17,17,17,13535,0,4,4.419639105984692,1.7956000010599382,33.8460999992094,78.0

1790043081,200,GET,[GET] /api/soporte/tickets,61.300000,0.000000,7,8,9,9,12,14,17,22,32,32,32,27346,0,6,7.2195182220586505,3.7277000010362826,313.4501000022283,84567.0

1790043081,200,GET,[GET] /health,82.900000,0.000000,4,5,5,6,7,9,10,11,22,22,22,41126,0,4,4.316343724182835,1.7883999971672893,56.43460000283085,83.99686329815688

1790043081,200,,Aggregated,199.900000,0.000000,5,6,7,7,9,11,14,15,32,32,32,95583,0,5,5.24339036021936,1.7883999971672893,313.4501000022283,24248.50225458502

1790043082,200,GET,[GET] /actuator/health,28.000000,0.000000,5,6,6,7,8,10,11,13,21,21,21,13603,0,4,4.891710115430557,2.208099998824764,56.072999999742024,49.0

1790043082,200,GET,[GET] /api/soporte/election/status,28.800000,0.000000,4,5,5,6,7,8,11,14,17,17,17,13573,0,4,4.418661253922669,1.7956000010599382,33.8460999992094,78.0

1790043082,200,GET,[GET] /api/soporte/tickets,59.600000,0.000000,7,8,9,9,11,13,16,21,32,32,32,27394,0,6,7.218506782521767,3.7277000010362826,313.4501000022283,84567.0

1790043082,200,GET,[GET] /health,83.100000,0.000000,4,5,5,6,7,8,9,11,15,15,15,41216,0,4,4.3158080527158775,1.7883999971672893,56.43460000283085,83.99687014751552

1790043082,200,,Aggregated,199.500000,0.000000,5,6,6,7,9,10,13,15,32,32,32,95786,0,5,5.242316637095538,1.7883999971672893,313.4501000022283,24239.61386841501

1790043083,200,GET,[GET] /actuator/health,27.400000,0.000000,5,6,6,7,8,9,11,13,21,21,21,13625,0,4,4.892062715610912,2.208099998824764,56.072999999742024,49.0

1790043083,200,GET,[GET] /api/soporte/election/status,29.100000,0.000000,4,5,5,6,7,8,11,14,17,17,17,13602,0,4,4.419975135971168,1.7956000010599382,33.8460999992094,78.0

1790043083,200,GET,[GET] /api/soporte/tickets,58.200000,0.000000,6,7,8,9,11,12,15,21,32,32,32,27448,0,6,7.218939467371571,3.7277000010362826,313.4501000022283,84567.0

1790043083,200,GET,[GET] /health,84.700000,0.000000,4,5,5,5,7,8,9,10,15,15,15,41301,0,4,4.315677768110808,1.7883999971672893,56.43460000283085,83.99687658894457

1790043083,200,,Aggregated,199.400000,0.000000,5,6,6,7,8,10,12,14,32,32,32,95976,0,5,5.242582669634469,1.7883999971672893,313.4501000022283,24239.31766274902

1790043084,200,GET,[GET] /actuator/health,27.300000,0.000000,5,5,6,6,8,8,10,11,13,13,13,13655,0,4,4.8919549249499665,2.208099998824764,56.072999999742024,49.0

1790043084,200,GET,[GET] /api/soporte/election/status,29.700000,0.000000,4,5,5,6,7,8,11,11,17,17,17,13630,0,4,4.42035063826014,1.7956000010599382,33.8460999992094,78.0

1790043084,200,GET,[GET] /api/soporte/tickets,59.200000,0.000000,6,7,8,9,10,12,15,19,32,32,32,27498,0,6,7.218648312618696,3.7277000010362826,313.4501000022283,84567.0

1790043084,200,GET,[GET] /health,82.700000,0.000000,4,5,5,5,7,8,9,10,15,15,15,41391,0,4,4.315845406024216,1.7883999971672893,56.43460000283085,83.99688338044503

1790043084,200,,Aggregated,198.900000,0.000000,5,6,6,7,8,10,12,14,32,32,32,96174,0,5,5.2424207395014735,1.7883999971672893,313.4501000022283,24233.496745482145

1790043085,200,GET,[GET] /actuator/health,27.100000,0.000000,5,5,6,6,8,8,9,10,13,13,13,13686,0,4,4.891929263497101,2.208099998824764,56.072999999742024,49.0

1790043085,200,GET,[GET] /api/soporte/election/status,29.300000,0.000000,4,5,5,6,7,8,11,11,17,17,17,13659,0,4,4.419415908888511,1.7956000010599382,33.8460999992094,78.0

1790043085,200,GET,[GET] /api/soporte/tickets,58.100000,0.000000,6,7,8,9,11,13,15,17,32,32,32,27557,0,6,7.220114010972177,3.7277000010362826,313.4501000022283,84567.0

1790043085,200,GET,[GET] /health,84.100000,0.000000,4,4,5,5,7,8,9,10,15,15,15,41474,0,4,4.31666971598385,1.7883999971672893,56.43460000283085,83.99688961759175

1790043085,200,,Aggregated,198.600000,0.000000,5,6,6,7,8,10,12,14,30,32,32,96376,0,5,5.243110187191873,1.7883999971672893,313.4501000022283,24234.586639827343

1790043086,200,GET,[GET] /actuator/health,27.200000,0.000000,5,6,6,7,8,8,9,10,13,13,13,13717,0,4,4.893573157413783,2.208099998824764,56.072999999742024,49.0

1790043086,200,GET,[GET] /api/soporte/election/status,30.300000,0.000000,4,5,5,6,7,8,9,11,17,17,17,13686,0,4,4.420423410750602,1.7956000010599382,33.8460999992094,78.0

1790043086,200,GET,[GET] /api/soporte/tickets,58.100000,0.000000,6,7,8,9,11,12,15,16,32,32,32,27609,0,6,7.2214869245666575,3.7277000010362826,313.4501000022283,84567.0

1790043086,200,GET,[GET] /health,84.200000,0.000000,4,5,5,6,7,8,9,11,15,15,15,41557,0,4,4.318419371001843,1.7883999971672893,56.43460000283085,83.9968958298241

1790043086,200,,Aggregated,199.800000,0.000000,5,6,6,7,8,10,12,14,21,32,32,96569,0,5,5.24455719848877,1.7883999971672893,313.4501000022283,24231.799055597552

1790043087,200,GET,[GET] /actuator/health,27.100000,0.000000,5,6,6,7,8,8,9,10,13,13,13,13752,0,4,4.893152094258256,2.208099998824764,56.072999999742024,49.0

1790043087,200,GET,[GET] /api/soporte/election/status,30.000000,0.000000,4,5,5,6,7,8,9,11,11,11,11,13708,0,4,4.41963366643731,1.7956000010599382,33.8460999992094,78.0

1790043087,200,GET,[GET] /api/soporte/tickets,55.800000,0.000000,6,7,8,9,10,12,14,15,19,19,19,27666,0,6,7.219720339057739,3.7277000010362826,313.4501000022283,84567.0

1790043087,200,GET,[GET] /health,85.700000,0.000000,4,5,5,6,7,8,9,10,15,15,15,41640,0,4,4.318104320382181,1.7883999971672893,56.43460000283085,83.99690201729106

1790043087,200,,Aggregated,198.600000,0.000000,5,6,6,7,8,9,12,13,17,19,19,96766,0,5,5.243800639696253,1.7883999971672893,313.4501000022283,24232.38870057665

1790043088,200,GET,[GET] /actuator/health,27.400000,0.000000,5,6,6,7,8,8,9,11,14,14,14,13774,0,4,4.894091505753127,2.208099998824764,56.072999999742024,49.0

1790043088,200,GET,[GET] /api/soporte/election/status,30.400000,0.000000,4,5,5,6,7,8,9,11,15,15,15,13739,0,4,4.419709964299519,1.7956000010599382,33.8460999992094,78.0

1790043088,200,GET,[GET] /api/soporte/tickets,56.900000,0.000000,6,7,8,9,11,13,15,16,24,24,24,27723,0,6,7.22034924793053,3.7277000010362826,313.4501000022283,84567.0

1790043088,200,GET,[GET] /health,84.200000,0.000000,4,5,5,6,7,8,10,12,15,15,15,41725,0,4,4.318907515894551,1.7883999971672893,56.43460000283085,83.99690832834033

1790043088,200,,Aggregated,198.900000,0.000000,5,6,6,7,8,10,12,14,22,24,24,96961,0,5,5.244477366166118,1.7883999971672893,313.4501000022283,24233.478202576294

1790043089,200,GET,[GET] /actuator/health,28.500000,0.000000,5,6,6,7,8,8,9,11,14,14,14,13805,0,4,4.8936133067890895,2.208099998824764,56.072999999742024,49.0

1790043089,200,GET,[GET] /api/soporte/election/status,30.200000,0.000000,4,5,5,6,7,8,9,11,15,15,15,13766,0,4,4.42116944642757,1.7956000010599382,33.8460999992094,78.0

1790043089,200,GET,[GET] /api/soporte/tickets,55.100000,0.000000,6,7,8,9,11,13,15,17,34,34,34,27779,0,6,7.22087987689925,3.7277000010362826,313.4501000022283,84567.0

1790043089,200,GET,[GET] /health,84.100000,0.000000,4,5,6,6,7,9,10,12,15,15,15,41802,0,4,4.320469393826086,1.7883999971672893,56.43460000283085,83.99691402325247

1790043089,200,,Aggregated,197.900000,0.000000,5,6,7,7,9,10,13,15,24,34,34,97152,0,5,5.245504302544957,1.7883999971672893,313.4501000022283,24234.685081110012

1790043090,200,GET,[GET] /actuator/health,29.100000,0.000000,5,6,6,7,7,8,9,11,14,14,14,13832,0,4,4.892990276187591,2.208099998824764,56.072999999742024,49.0

1790043090,200,GET,[GET] /api/soporte/election/status,29.600000,0.000000,4,5,5,6,7,8,9,11,15,15,15,13788,0,4,4.421134428453876,1.7956000010599382,33.8460999992094,78.0

1790043090,200,GET,[GET] /api/soporte/tickets,54.600000,0.000000,6,7,8,9,11,13,15,17,34,34,34,27846,0,6,7.219357904200176,3.7277000010362826,313.4501000022283,84567.0

1790043090,200,GET,[GET] /health,84.300000,0.000000,4,5,6,6,7,8,10,12,15,15,15,41894,0,4,4.320771017346491,1.7883999971672893,56.43460000283085,83.99692080011458

1790043090,200,,Aggregated,197.600000,0.000000,5,6,7,7,8,10,13,15,24,34,34,97360,0,5,5.245306739942695,1.7883999971672893,313.4501000022283,24241.21693714051

1790043091,200,GET,[GET] /actuator/health,28.400000,0.000000,4,5,6,7,7,8,10,11,14,14,14,13856,0,4,4.892853904462171,2.208099998824764,56.072999999742024,49.0

1790043091,200,GET,[GET] /api/soporte/election/status,29.400000,0.000000,4,5,5,6,7,8,9,11,15,15,15,13820,0,4,4.421120434118032,1.7956000010599382,33.8460999992094,78.0

1790043091,200,GET,[GET] /api/soporte/tickets,53.600000,0.000000,6,7,8,9,10,13,16,17,34,34,34,27898,0,6,7.218426263542267,3.7277000010362826,313.4501000022283,84567.0

1790043091,200,GET,[GET] /health,84.600000,0.000000,4,5,6,6,7,8,10,12,15,15,15,41979,0,4,4.3202654613189955,1.7883999971672893,56.43460000283085,83.99692703494604

1790043091,200,,Aggregated,196.000000,0.000000,5,6,6,7,8,10,13,15,24,34,34,97553,0,5,5.244691068452547,1.7883999971672893,313.4501000022283,24238.446557256055

1790043092,200,GET,[GET] /actuator/health,28.500000,0.000000,4,5,6,7,7,8,9,11,14,14,14,13882,0,4,4.892406274327474,2.208099998824764,56.072999999742024,49.0

1790043092,200,GET,[GET] /api/soporte/election/status,28.700000,0.000000,4,5,5,6,7,8,9,11,15,15,15,13858,0,4,4.4192369244834255,1.7956000010599382,33.8460999992094,78.0

1790043092,200,GET,[GET] /api/soporte/tickets,55.000000,0.000000,6,7,8,8,10,12,15,17,34,34,34,27955,0,6,7.217071454133343,3.7277000010362826,313.4501000022283,84567.0

1790043092,200,GET,[GET] /health,83.900000,0.000000,4,5,6,6,7,8,10,12,15,15,15,42069,0,4,4.319298281411498,1.7883999971672893,56.43460000283085,83.99693360907081

1790043092,200,,Aggregated,196.100000,0.000000,5,6,6,7,8,10,12,15,24,34,34,97764,0,5,5.243442996406686,1.7883999971672893,313.4501000022283,24235.560063008877

1790043093,200,GET,[GET] /actuator/health,28.000000,0.000000,4,6,6,7,8,9,10,11,16,16,16,13898,0,4,4.894184076862112,2.208099998824764,56.072999999742024,49.0

1790043093,200,GET,[GET] /api/soporte/election/status,27.900000,0.000000,4,5,5,6,7,8,10,14,16,16,16,13899,0,4,4.419643557055313,1.7956000010599382,33.8460999992094,78.0

1790043093,200,GET,[GET] /api/soporte/tickets,56.200000,0.000000,6,7,8,9,11,14,16,17,34,34,34,28013,0,6,7.218414421885992,3.7277000010362826,313.4501000022283,84567.0

1790043093,200,GET,[GET] /health,84.200000,0.000000,4,5,6,6,7,9,12,13,15,15,15,42147,0,4,4.3207413932358625,1.7883999971672893,56.43460000283085,83.9969392839348

1790043093,200,,Aggregated,196.300000,0.000000,5,6,6,7,8,10,13,15,24,34,34,97957,0,5,5.2447882928299725,1.7883999971672893,313.4501000022283,24237.989260593935

1790043094,200,GET,[GET] /actuator/health,27.700000,0.000000,4,6,6,7,8,9,10,11,16,16,16,13924,0,4,4.895107275226402,2.208099998824764,56.072999999742024,49.0

1790043094,200,GET,[GET] /api/soporte/election/status,27.900000,0.000000,4,5,5,6,7,8,9,14,16,16,16,13930,0,4,4.419295254810665,1.7956000010599382,33.8460999992094,78.0

1790043094,200,GET,[GET] /api/soporte/tickets,54.800000,0.000000,6,7,8,9,11,14,16,18,34,34,34,28073,0,6,7.218626345609779,3.7277000010362826,313.4501000022283,84567.0

1790043094,200,GET,[GET] /health,85.400000,0.000000,4,5,6,6,7,9,12,13,15,15,15,42231,0,4,4.320722270386811,1.7883999971672893,56.43460000283085,83.99694537188321

1790043094,200,,Aggregated,195.800000,0.000000,5,6,7,7,8,10,14,15,34,34,34,98158,0,5,5.2449843741801345,1.7883999971672893,313.4501000022283,24240.158540312557

1790043095,200,GET,[GET] /actuator/health,27.600000,0.000000,4,6,6,7,8,9,10,11,16,16,16,13944,0,4,4.895930242416121,2.208099998824764,56.072999999742024,49.0

1790043095,200,GET,[GET] /api/soporte/election/status,28.600000,0.000000,4,5,5,6,7,8,10,14,16,16,16,13957,0,4,4.4208366410759306,1.7956000010599382,33.8460999992094,78.0

1790043095,200,GET,[GET] /api/soporte/tickets,55.700000,0.000000,6,7,8,8,10,13,16,18,34,34,34,28137,0,6,7.2188148772190335,3.7277000010362826,313.4501000022283,84567.0

1790043095,200,GET,[GET] /health,84.800000,0.000000,4,5,6,6,7,9,12,13,15,15,15,42320,0,4,4.321825382814774,1.7883999971672893,56.43460000283085,83.99695179584121

1790043095,200,,Aggregated,196.700000,0.000000,5,6,6,7,8,10,13,15,34,34,34,98358,0,5,5.2459984210819695,1.7883999971672893,313.4501000022283,24246.00268407247

1790043096,200,GET,[GET] /actuator/health,26.800000,0.000000,4,5,6,7,8,9,10,11,16,16,16,13974,0,4,4.895291183646805,2.208099998824764,56.072999999742024,49.0

1790043096,200,GET,[GET] /api/soporte/election/status,29.200000,0.000000,4,5,5,6,7,8,9,12,16,16,16,13993,0,4,4.421362173908148,1.7956000010599382,33.8460999992094,78.0

1790043096,200,GET,[GET] /api/soporte/tickets,55.400000,0.000000,6,7,8,8,10,13,16,18,34,34,34,28189,0,6,7.219845641929193,3.7277000010362826,313.4501000022283,84567.0

1790043096,200,GET,[GET] /health,84.300000,0.000000,4,5,6,6,7,9,11,13,15,15,15,42405,0,4,4.321853503141705,1.7883999971672893,56.43460000283085,83.99695790590732

1790043096,200,,Aggregated,195.700000,0.000000,5,6,6,7,8,10,13,15,34,34,34,98561,0,5,5.246125206733324,1.7883999971672893,313.4501000022283,24240.797414798955

1790043097,200,GET,[GET] /actuator/health,26.600000,0.000000,4,5,6,7,8,9,10,11,16,16,16,14005,0,4,4.894432752607937,2.208099998824764,56.072999999742024,49.0

1790043097,200,GET,[GET] /api/soporte/election/status,29.700000,0.000000,4,5,5,6,7,8,10,13,16,16,16,14026,0,4,4.420557307822152,1.7956000010599382,33.8460999992094,78.0

1790043097,200,GET,[GET] /api/soporte/tickets,57.000000,0.000000,6,7,8,8,10,12,15,18,34,34,34,28242,0,6,7.218047861353004,3.7277000010362826,313.4501000022283,84567.0

1790043097,200,GET,[GET] /health,83.600000,0.000000,4,5,5,6,7,8,10,12,15,15,15,42486,0,4,4.320303777732239,1.7883999971672893,56.43460000283085,83.99696370569129

1790043097,200,,Aggregated,196.900000,0.000000,5,6,6,7,8,10,13,15,34,34,34,98759,0,5,5.244623796320853,1.7883999971672893,313.4501000022283,24237.691572413652

1790043098,200,GET,[GET] /actuator/health,25.700000,0.000000,4,5,6,7,8,9,10,11,37,37,37,14038,0,4,4.896249779188558,2.208099998824764,56.072999999742024,49.0

1790043098,200,GET,[GET] /api/soporte/election/status,29.300000,0.000000,4,5,5,6,7,8,10,12,16,16,16,14046,0,4,4.419952669762961,1.7956000010599382,33.8460999992094,78.0

1790043098,200,GET,[GET] /api/soporte/tickets,57.600000,0.000000,6,7,8,8,10,13,16,18,39,39,39,28305,0,6,7.218193661909398,3.7277000010362826,313.4501000022283,84567.0

1790043098,200,GET,[GET] /health,84.400000,0.000000,4,5,5,6,7,8,10,12,15,15,15,42564,0,4,4.32067715676935,1.7883999971672893,56.43460000283085,83.99696926980548

1790043098,200,,Aggregated,197.000000,0.000000,5,6,6,7,8,10,13,15,37,39,39,98953,0,5,5.245242526258078,1.7883999971672893,313.4501000022283,24244.112174466667

1790043100,200,GET,[GET] /actuator/health,25.300000,0.000000,4,5,6,7,8,9,11,16,200,200,200,14063,0,4,4.910052670147146,2.208099998824764,198.1417999995756,49.0

1790043100,200,GET,[GET] /api/soporte/election/status,31.400000,0.000000,4,5,5,6,7,8,9,13,16,16,16,14065,0,4,4.419174454283323,1.7956000010599382,33.8460999992094,78.0

1790043100,200,GET,[GET] /api/soporte/tickets,57.600000,0.000000,6,7,8,8,10,12,16,18,39,39,39,28365,0,6,7.217620877855502,3.7277000010362826,313.4501000022283,84567.0

1790043100,200,GET,[GET] /health,83.900000,0.000000,4,5,5,6,7,8,10,12,15,15,15,42640,0,4,4.3203698710307155,1.7883999971672893,56.43460000283085,83.99697467166979

1790043100,200,,Aggregated,198.200000,0.000000,5,6,6,7,8,10,13,15,39,200,200,99133,0,5,5.247033247262721,1.7883999971672893,313.4501000022283,24251.366779982447

