Timestamp,User Count,Type,Name,Requests/s,Failures/s,50%,66%,75%,80%,90%,95%,98%,99%,99.9%,99.99%,100%,Total Request Count,Total Failure Count,Total Median Response Time,Total Average Response Time,Total Min Response Time,Total Max Response Time,Total Average Content Size
1788729319,0,,Aggregated,0.000000,0.000000,N/A,N/A,N/A,N/A,N/A,N/A,N/A,N/A,N/A,N/A,N/A,0,0,0,0.0,0,0,0
1788729320,5,,Aggregated,0.000000,0.000000,20,20,20,37,37,37,37,37,37,37,37,5,0,20,16.943500004708767,3.8650999777019024,36.561100045219064,81.6
1788729321,10,,Aggregated,0.000000,0.000000,14,18,20,20,1700,1900,1900,1900,1900,1900,1900,16,0,12,231.92819372343365,3.7589999847114086,1857.7276999130845,5386.9375
1788729322,15,,Aggregated,3.000000,0.000000,16,37,380,430,700,1700,1900,1900,1900,1900,1900,31,0,16,246.14913223101007,3.2209998462349176,1857.7276999130845,19252.548387096773
1788729323,20,,Aggregated,6.000000,0.000000,16,120,130,250,480,890,1700,1900,1900,1900,1900,52,0,15,180.40861728457878,2.9498999938368797,1857.7276999130845,22939.73076923077
1788729324,25,,Aggregated,7.333333,0.000000,23,120,130,130,380,490,1700,1900,1900,1900,1900,81,0,23,150.71941480431477,2.6626999024301767,1857.7276999130845,28383.222222222223
1788729325,30,,Aggregated,11.250000,0.000000,110,120,130,130,350,480,890,1700,1900,1900,1900,108,0,110,138.05560832325784,2.501599956303835,1857.7276999130845,29167.722222222223
1788729326,35,,Aggregated,13.000000,0.000000,27,120,130,130,250,460,890,1700,1900,1900,1900,137,0,27,118.76305911934723,2.501599956303835,1857.7276999130845,25488.832116788322
1788729327,40,,Aggregated,15.666667,0.000000,31,120,130,130,250,430,700,1700,1900,1900,1900,177,0,31,117.66469434803446,2.501599956303835,1857.7276999130845,28381.887005649718
1788729328,45,,Aggregated,18.285714,0.000000,23,120,130,130,240,370,490,890,1900,1900,1900,228,0,22,105.71679780198457,2.3165999446064234,1857.7276999130845,26519.48245614035
1788729329,50,,Aggregated,20.625000,0.000000,31,120,130,130,230,370,480,890,1900,1900,1900,276,0,30,102.85203803863809,2.3165999446064234,1857.7276999130845,27766.27536231884
1788729330,55,,Aggregated,22.777778,0.000000,21,120,130,130,220,350,460,700,1900,1900,1900,329,0,21,96.9042747669307,2.3165999446064234,1857.7276999130845,26402.61398176292
1788729331,60,,Aggregated,25.100000,0.000000,18,120,130,130,220,330,460,700,1900,1900,1900,389,0,18,91.88614035405908,2.3165999446064234,1857.7276999130845,25616.359897172235
1788729332,65,,Aggregated,30.300000,0.000000,17,120,120,130,170,250,450,490,1900,1900,1900,461,0,17,86.1019546589299,2.3165999446064234,1857.7276999130845,24943.18004338395
1788729333,70,,Aggregated,34.500000,0.000000,16,120,120,130,150,250,450,480,1900,1900,1900,525,0,16,84.03699561421361,2.3165999446064234,1857.7276999130845,25308.704761904763
1788729334,75,,Aggregated,40.200000,0.000000,15,120,120,130,140,240,440,460,1900,1900,1900,601,0,15,80.13180947859466,2.2281999699771404,1857.7276999130845,24661.3693843594
1788729335,80,,Aggregated,44.700000,0.000000,11,120,120,130,140,240,430,460,1900,1900,1900,678,0,10,77.3214601748829,2.167799975723028,1857.7276999130845,24249.190265486726
1788729336,85,,Aggregated,49.900000,0.000000,8,120,120,130,130,240,380,460,1900,1900,1900,761,0,8,75.51848435953123,2.167799975723028,1857.7276999130845,24625.69513797635
1788729337,90,,Aggregated,53.400000,0.000000,8,120,120,130,130,230,370,450,1900,1900,1900,846,0,7,73.48527009136552,2.167799975723028,1857.7276999130845,24166.557919621748
1788729338,95,,Aggregated,59.200000,0.000000,8,120,120,130,130,230,350,450,1900,1900,1900,935,0,8,72.25233293835691,2.167799975723028,1857.7276999130845,24779.910160427808
1788729339,100,,Aggregated,63.300000,0.000000,7,120,120,130,130,230,350,450,1700,1900,1900,1035,0,7,69.87593352326736,2.167799975723028,1857.7276999130845,24608.615458937198
1788729340,105,,Aggregated,67.400000,0.000000,7,120,120,130,130,230,340,450,1700,1900,1900,1135,0,7,68.91806819230023,2.167799975723028,1857.7276999130845,24691.818502202645
1788729341,110,,Aggregated,72.600000,0.000000,7,110,120,130,130,220,340,440,1700,1900,1900,1236,0,6,67.39859603395125,2.076599979773164,1857.7276999130845,24535.508090614887
1788729342,115,,Aggregated,76.700000,0.000000,7,110,120,120,130,220,340,440,1700,1900,1900,1347,0,7,66.91856139374768,2.076599979773164,1857.7276999130845,24474.221232368225
1788729343,120,,Aggregated,81.900000,0.000000,7,110,120,120,130,170,330,430,1700,1900,1900,1461,0,7,65.95305126468912,2.076599979773164,1857.7276999130845,24721.151950718686
1788729344,125,,Aggregated,86.100000,0.000000,7,110,120,120,130,160,330,390,1700,1900,1900,1587,0,7,65.58868361469159,2.076599979773164,1857.7276999130845,25172.453686200377
1788729345,130,,Aggregated,90.300000,0.000000,7,110,120,120,130,150,250,370,1700,1900,1900,1715,0,7,64.90579900676629,2.076599979773164,1857.7276999130845,25032.33469387755
1788729346,135,,Aggregated,95.800000,0.000000,7,110,120,120,130,140,250,360,1700,1900,1900,1830,0,7,64.08132447917116,2.076599979773164,1857.7276999130845,24856.184153005466
1788729347,140,,Aggregated,101.100000,0.000000,7,110,120,120,130,140,240,350,1700,1900,1900,1969,0,7,63.08697526524796,2.076599979773164,1857.7276999130845,24530.11274758761
1788729348,145,,Aggregated,103.500000,0.000000,7,110,120,120,130,140,240,350,890,1900,1900,2110,0,7,63.14336274777014,2.076599979773164,1857.7276999130845,24465.454976303317
1788729349,150,,Aggregated,109.600000,0.000000,7,110,120,120,130,140,240,350,890,1900,1900,2255,0,7,62.954776273098695,2.076599979773164,1857.7276999130845,24516.443902439023
1788729350,155,,Aggregated,114.200000,0.000000,7,110,120,120,130,140,230,340,890,1900,1900,2405,0,7,61.79314016465198,2.076599979773164,1857.7276999130845,24051.449896049897
1788729351,160,,Aggregated,118.500000,0.000000,7,110,120,120,130,140,230,340,890,1900,1900,2556,0,7,61.8761650616185,2.076599979773164,1857.7276999130845,24296.212441314554
1788729352,165,,Aggregated,123.300000,0.000000,7,110,120,120,130,150,230,340,890,1900,1900,2714,0,7,62.30437829723347,1.9781000446528196,1857.7276999130845,24325.43551952837
1788729353,170,,Aggregated,128.800000,0.000000,7,110,120,120,130,150,230,330,890,1900,1900,2891,0,7,61.649714077190495,1.9781000446528196,1857.7276999130845,24221.42234520927
1788729354,175,,Aggregated,133.200000,0.000000,7,110,120,120,130,150,230,330,700,1900,1900,3058,0,7,61.19422298798823,1.8138999585062265,1857.7276999130845,24152.504905166777
1788729355,180,,Aggregated,138.900000,0.000000,7,110,120,120,130,150,220,330,700,1900,1900,3196,0,7,60.69275969857972,1.8138999585062265,1857.7276999130845,24016.39799749687
1788729356,185,,Aggregated,142.600000,0.000000,7,110,120,120,130,150,230,330,700,1900,1900,3285,0,7,59.9321001511963,1.8138999585062265,1857.7276999130845,23445.506544901065
1788729357,190,,Aggregated,147.200000,0.000000,7,110,120,120,130,150,230,330,890,2200,2200,3335,0,7,59.80056206796268,1.8138999585062265,2232.630299869925,23095.228785607196
1788729358,195,,Aggregated,147.500000,0.000000,7,110,120,120,130,150,230,340,1700,2900,2900,3368,0,7,60.132447267509775,1.8138999585062265,2875.1530998852104,22894.959619952493
1788729359,200,,Aggregated,140.800000,0.000000,7,110,120,120,130,150,230,340,3400,4500,4500,3393,0,7,64.54144338255097,1.8138999585062265,4508.342899847776,22826.979664014147
1788729360,200,,Aggregated,132.600000,0.000000,7,110,120,130,130,160,2200,4400,5000,5100,5100,3474,5,7,144.49988223870204,1.8138999585062265,5138.421999989077,23298.58491652274
1788729361,200,,Aggregated,121.800000,0.000000,7,120,120,130,140,330,4300,4400,5100,6000,6000,3585,20,7,226.7855890921994,1.8138999585062265,5972.677099984139,23882.380753138077
1788729362,200,,Aggregated,111.100000,0.000000,8,120,120,130,150,1900,4400,4700,5700,7400,7400,3726,25,8,268.0389532459834,1.8138999585062265,7420.566900167614,24029.786902844873
1788729363,200,,Aggregated,104.300000,1.400000,8,120,120,130,170,1800,4400,4900,5700,7400,7400,3878,26,8,280.045512505368,1.8138999585062265,7420.566900167614,23988.628932439402
1788729364,200,,Aggregated,100.600000,2.400000,8,120,130,130,340,1600,4400,4800,5700,7400,7400,4041,26,8,283.8571489225327,1.8138999585062265,7420.566900167614,24179.857708487998
1788729365,200,,Aggregated,98.300000,2.500000,8,120,130,130,430,1500,4300,4700,5700,7400,7400,4220,26,8,281.09225281845266,1.8138999585062265,7420.566900167614,24304.44383886256
1788729366,200,,Aggregated,97.400000,2.600000,8,120,130,130,430,1300,4300,4700,5700,7400,7400,4389,26,8,276.9364070386101,1.8138999585062265,7420.566900167614,24396.960583276374
1788729367,200,,Aggregated,97.900000,2.600000,8,120,130,130,460,1200,4300,4700,5700,7400,7400,4549,26,8,274.7736592645226,1.8138999585062265,7420.566900167614,24269.661903715103
1788729368,200,,Aggregated,103.400000,2.600000,8,120,130,130,490,1200,4300,4600,5700,7400,7400,4699,26,8,275.102082314049,1.8138999585062265,7420.566900167614,24364.750159608426
1788729369,200,,Aggregated,110.800000,2.600000,8,120,130,140,510,1100,4200,4600,5700,7400,7400,4879,26,8,273.23072028978567,1.8138999585062265,7420.566900167614,24443.321172371387
1788729370,200,,Aggregated,123.600000,2.600000,8,120,130,140,480,1000,4100,4500,5600,7400,7400,5073,26,8,265.3174345542561,1.8138999585062265,7420.566900167614,24331.708850778632
1788729371,200,,Aggregated,135.800000,2.600000,8,120,130,140,460,1000,4100,4400,5600,7400,7400,5262,26,8,257.91149929587783,1.8138999585062265,7420.566900167614,24348.1446218168
1788729372,200,,Aggregated,151.000000,2.600000,8,120,130,140,440,980,4100,4400,5600,7400,7400,5455,26,8,250.72406496751054,1.8138999585062265,7420.566900167614,24189.929239230063
1788729373,200,,Aggregated,161.400000,1.200000,8,120,130,140,430,910,4100,4400,5600,7400,7400,5629,26,8,245.7070417831167,1.8138999585062265,7420.566900167614,24213.891810268255
1788729374,200,,Aggregated,167.600000,0.200000,8,120,130,140,400,880,4100,4400,5600,7400,7400,5817,26,8,240.3535518299491,1.8138999585062265,7420.566900167614,24280.484442152312
1788729375,200,,Aggregated,173.200000,0.100000,8,120,130,140,390,830,4100,4400,5500,7400,7400,6004,26,7,234.68264640138443,1.8138999585062265,7420.566900167614,24219.68137908061
1788729376,200,,Aggregated,175.400000,0.000000,7,120,130,140,380,790,4100,4400,5500,7400,7400,6191,26,7,229.2648596662253,1.8138999585062265,7420.566900167614,24176.258278145695
1788729377,200,,Aggregated,176.700000,0.000000,7,120,130,140,370,770,4000,4400,5500,7400,7400,6376,26,7,224.13038743644955,1.8138999585062265,7420.566900167614,24023.040621079046
1788729378,200,,Aggregated,177.500000,0.000000,7,120,130,140,360,720,3900,4400,5500,7400,7400,6567,26,7,219.36061327789986,1.8138999585062265,7420.566900167614,24011.918988883812
1788729379,200,,Aggregated,182.200000,0.000000,7,120,130,140,350,700,3900,4400,5500,7400,7400,6753,26,7,214.89893302170282,1.8138999585062265,7420.566900167614,24107.19324744558
1788729380,200,,Aggregated,183.700000,0.000000,7,120,130,140,330,700,3800,4400,5500,7400,7400,6931,26,7,211.42311429742216,1.8138999585062265,7420.566900167614,24090.364449574376
1788729381,200,,Aggregated,187.000000,0.000000,7,120,130,140,330,680,3600,4400,5400,7400,7400,7123,26,7,207.40791874139884,1.8138999585062265,7420.566900167614,24146.468622771303
1788729382,200,,Aggregated,185.700000,0.000000,7,120,130,140,310,660,3600,4400,5400,7400,7400,7298,26,7,204.052757562852,1.8138999585062265,7420.566900167614,24174.35406960811
1788729383,200,,Aggregated,184.600000,0.000000,7,120,130,140,290,640,3500,4400,5400,7400,7400,7477,26,7,201.4863298370362,1.8138999585062265,7420.566900167614,24222.06178948776
1788729384,200,,Aggregated,185.100000,0.000000,7,120,130,140,290,620,3400,4400,5400,7400,7400,7672,26,7,198.75088778558833,1.8138999585062265,7420.566900167614,24228.196558915537
1788729385,200,,Aggregated,183.100000,0.000000,7,120,130,140,280,610,3400,4400,5400,7400,7400,7856,26,7,196.2639613277037,1.8138999585062265,7420.566900167614,24300.272403258656
1788729386,200,,Aggregated,184.000000,0.000000,7,120,130,140,290,600,3300,4400,5200,7400,7400,8029,26,7,194.86795710410766,1.8138999585062265,7420.566900167614,24360.009963880933
1788729387,200,,Aggregated,184.100000,0.000000,7,120,130,140,280,590,3000,4400,5200,7400,7400,8206,26,7,192.51482459070044,1.8138999585062265,7420.566900167614,24332.91920545942
1788729388,200,,Aggregated,184.000000,0.000000,7,120,130,150,280,580,3000,4400,5200,7400,7400,8394,26,7,190.60534229137608,1.8138999585062265,7420.566900167614,24437.12211103169
1788729389,200,,Aggregated,183.200000,0.000000,7,120,130,150,280,580,2800,4300,5200,7400,7400,8590,26,7,188.9264118388768,1.8138999585062265,7420.566900167614,24434.84947613504
1788729390,200,,Aggregated,181.800000,0.000000,7,120,130,150,280,570,2700,4300,5200,7400,7400,8759,26,7,186.62789511286044,1.8138999585062265,7420.566900167614,24439.92110971572
1788729391,200,,Aggregated,181.400000,0.000000,7,120,130,150,270,560,2400,4300,5200,7400,7400,8957,26,7,183.94132517514743,1.8138999585062265,7420.566900167614,24375.364184436752
1788729392,200,,Aggregated,182.200000,0.000000,7,120,130,150,270,550,2300,4300,5200,7400,7400,9150,26,7,181.12592747490956,1.8138999585062265,7420.566900167614,24289.753661202187
1788729393,200,,Aggregated,182.500000,0.000000,7,120,130,150,260,540,2200,4300,5200,7400,7400,9335,26,7,178.69403505057844,1.8138999585062265,7420.566900167614,24282.931655061595
1788729394,200,,Aggregated,183.200000,0.000000,7,120,130,150,260,530,2000,4200,5200,7400,7400,9521,26,7,176.58533369380856,1.8138999585062265,7420.566900167614,24309.49028463397
1788729395,200,,Aggregated,184.700000,0.000000,7,120,130,150,250,510,1900,4200,5200,7400,7400,9701,26,7,174.73858096064174,1.8138999585062265,7420.566900167614,24350.048242449233
1788729396,200,,Aggregated,184.800000,0.000000,7,120,130,140,250,500,1800,4200,5200,7400,7400,9893,26,7,172.41240354792566,1.8138999585062265,7420.566900167614,24316.728697058526
1788729397,200,,Aggregated,185.000000,0.000000,7,120,130,150,250,480,1700,4200,5200,6000,7400,10086,26,7,170.44323111218816,1.8138999585062265,7420.566900167614,24341.200674201864
1788729398,200,,Aggregated,184.400000,0.000000,7,120,130,150,250,480,1600,4100,5200,6000,7400,10267,26,7,168.76649520776022,1.8138999585062265,7420.566900167614,24351.80325314113
1788729399,200,,Aggregated,185.200000,0.000000,7,120,130,150,250,460,1600,4100,5200,6000,7400,10456,26,7,167.66260674229272,1.8138999585062265,7420.566900167614,24424.66421193573
1788729400,200,,Aggregated,186.500000,0.000000,7,120,130,150,240,460,1500,4100,5200,6000,7400,10649,26,7,165.90383962792538,1.8138999585062265,7420.566900167614,24414.00093905531
1788729401,200,,Aggregated,186.300000,0.000000,7,120,130,150,240,450,1400,4100,5200,6000,7400,10827,26,7,164.14073852379533,1.8138999585062265,7420.566900167614,24413.897016717467
1788729402,200,,Aggregated,186.500000,0.000000,7,120,130,150,240,450,1300,4100,5100,6000,7400,11012,26,7,162.9487462220211,1.8138999585062265,7420.566900167614,24475.430984380677
1788729403,200,,Aggregated,187.400000,0.000000,7,120,130,150,240,440,1300,4100,5100,6000,7400,11206,26,7,161.3700163035439,1.8138999585062265,7420.566900167614,24462.235498839906
1788729404,200,,Aggregated,186.300000,0.000000,7,120,130,150,240,430,1200,4100,5100,6000,7400,11396,26,7,159.97930824850278,1.8138999585062265,7420.566900167614,24487.849333099333
1788729405,200,,Aggregated,185.800000,0.000000,7,120,130,150,230,430,1200,4100,5100,6000,7400,11582,26,7,158.3204541011895,1.8138999585062265,7420.566900167614,24491.75997237092
1788729406,200,,Aggregated,185.500000,0.000000,7,120,130,150,230,410,1200,4100,5100,6000,7400,11774,26,7,156.70303376921896,1.8138999585062265,7420.566900167614,24483.091133004928
1788729407,200,,Aggregated,186.400000,0.000000,7,120,130,150,230,410,1100,4100,5100,6000,7400,11944,26,7,155.5568043368526,1.8138999585062265,7420.566900167614,24505.390488948426
1788729408,200,,Aggregated,186.700000,0.000000,7,120,130,150,230,400,1100,4100,5100,6000,7400,12130,26,7,154.94029954653956,1.8138999585062265,7420.566900167614,24557.842291838417
1788729409,200,,Aggregated,186.500000,0.000000,7,120,130,150,230,400,1100,4100,5100,6000,7400,12317,26,7,153.87707793294766,1.8138999585062265,7420.566900167614,24579.13266217423
1788729410,200,,Aggregated,185.300000,0.000000,7,120,130,150,230,400,1000,4100,5100,6000,7400,12500,26,7,152.62327692810447,1.8138999585062265,7420.566900167614,24573.67584
1788729411,200,,Aggregated,185.300000,0.000000,7,120,130,150,230,390,1000,4100,5100,6000,7400,12698,26,7,151.238835769409,1.8138999585062265,7420.566900167614,24519.37753977004
1788729412,200,,Aggregated,185.200000,0.000000,7,120,130,150,230,380,1000,4000,5100,6000,7400,12874,26,7,150.10233141209656,1.8138999585062265,7420.566900167614,24528.20949199938
1788729413,200,,Aggregated,184.300000,0.000000,7,120,130,150,220,380,1000,4000,5100,6000,7400,13060,26,7,148.83300147008987,1.8138999585062265,7420.566900167614,24518.074349157734
1788729414,200,,Aggregated,185.700000,0.000000,7,120,130,150,220,380,1000,3900,5100,6000,7400,13256,26,7,147.6411829435335,1.8138999585062265,7420.566900167614,24489.79601689801
1788729415,200,,Aggregated,184.600000,0.000000,7,120,130,150,220,370,990,3900,5100,6000,7400,13440,26,7,146.3822459969725,1.8138999585062265,7420.566900167614,24484.128348214286
1788729416,200,,Aggregated,184.500000,0.000000,7,120,130,150,220,370,980,3900,5100,6000,7400,13624,26,7,145.26752265848612,1.8138999585062265,7420.566900167614,24466.126321197888
1788729418,200,,Aggregated,184.900000,0.000000,7,120,130,150,220,370,960,3800,5100,6000,7400,13818,26,7,144.30036134023058,1.8138999585062265,7420.566900167614,24430.963163989
1788729419,200,,Aggregated,185.200000,0.000000,7,120,130,150,220,360,950,3800,5100,6000,7400,13996,26,7,143.19136305373797,1.8138999585062265,7420.566900167614,24400.33781080309
1788729420,200,,Aggregated,184.500000,0.000000,7,120,130,150,220,360,900,3600,5100,6000,7400,14188,26,7,142.06971135479483,1.8138999585062265,7420.566900167614,24412.342895404567
1788729421,200,,Aggregated,185.800000,0.000000,7,120,130,150,210,360,890,3600,5100,6000,7400,14374,26,7,140.93655717991453,1.8138999585062265,7420.566900167614,24392.824613886183
1788729422,200,,Aggregated,186.500000,0.000000,7,120,130,150,210,350,880,3600,5100,6000,7400,14575,26,7,139.84983030559678,1.8138999585062265,7420.566900167614,24331.31807890223
1788729423,200,,Aggregated,186.400000,0.000000,7,120,130,150,210,350,860,3500,5100,6000,7400,14768,26,7,138.99572588053593,1.8138999585062265,7420.566900167614,24388.111863488622
1788729424,200,,Aggregated,186.600000,0.000000,7,120,130,150,210,340,840,3500,5100,6000,7400,14954,26,7,137.88786660446388,1.8138999585062265,7420.566900167614,24312.871472515715
1788729425,200,,Aggregated,188.100000,0.000000,7,120,130,150,210,340,820,3400,5100,6000,7400,15148,26,7,136.88774225674618,1.8138999585062265,7420.566900167614,24282.763731185634
1788729426,200,,Aggregated,188.500000,0.000000,7,120,130,150,210,330,800,3400,5100,6000,7400,15334,26,7,136.0966244297677,1.8138999585062265,7420.566900167614,24271.576627103168
1788729427,200,,Aggregated,187.500000,0.000000,7,120,130,150,210,330,790,3400,5100,6000,7400,15514,26,7,135.2411830607703,1.8138999585062265,7420.566900167614,24291.90344205234
1788729428,200,,Aggregated,188.800000,0.000000,7,120,130,150,210,330,780,3400,5100,6000,7400,15710,26,7,134.7413919736109,1.8138999585062265,7420.566900167614,24270.855760661998
1788729429,200,,Aggregated,188.000000,0.000000,7,120,130,150,210,330,780,3300,5100,6000,7400,15892,26,7,133.85282719644417,1.8138999585062265,7420.566900167614,24239.573810722377
1788729430,200,,Aggregated,188.200000,0.000000,7,120,130,150,210,330,760,3300,5100,6000,7400,16071,26,7,133.91352297340828,1.8138999585062265,7420.566900167614,24266.32505755709
1788729431,200,,Aggregated,188.800000,0.000000,7,120,130,150,210,330,750,3200,5100,6000,7400,16251,26,7,133.86072838021855,1.8138999585062265,7420.566900167614,24301.455971940188
1788729432,200,,Aggregated,187.100000,0.000000,7,120,130,150,220,330,740,3000,5100,6000,7400,16443,26,7,133.5593570337954,1.8138999585062265,7420.566900167614,24292.283950617282
1788729433,200,,Aggregated,186.400000,0.000000,7,120,130,150,220,330,720,3000,5100,6000,7400,16627,26,7,133.03232310734586,1.8138999585062265,7420.566900167614,24325.62939796716
1788729434,200,,Aggregated,185.700000,0.000000,7,120,130,150,210,330,710,2900,5100,6000,7400,16818,26,7,132.34591365835382,1.8138999585062265,7420.566900167614,24368.35497681056
1788729435,200,,Aggregated,185.200000,0.000000,7,120,130,150,210,320,700,2900,5000,6000,7400,17015,26,7,131.43568979180768,1.8138999585062265,7420.566900167614,24316.680047017337
1788729436,200,,Aggregated,185.700000,0.000000,7,120,130,150,210,320,700,2800,5000,6000,7400,17200,26,7,130.67316583177714,1.8138999585062265,7420.566900167614,24332.452906976745
1788729437,200,,Aggregated,185.900000,0.000000,7,120,130,150,210,320,700,2700,5000,6000,7400,17391,26,7,129.78952118365032,1.8138999585062265,7420.566900167614,24319.983267207175
1788729438,200,,Aggregated,185.100000,0.000000,7,120,130,150,210,310,700,2700,5000,6000,7400,17587,26,7,128.99279901088747,1.8138999585062265,7420.566900167614,24325.025757661908
1788729439,200,,Aggregated,186.100000,0.000000,7,120,130,150,210,310,690,2600,5000,6000,7400,17767,26,7,128.4478889854552,1.8138999585062265,7420.566900167614,24323.112962233354
1788729440,200,,Aggregated,185.800000,0.000000,7,120,130,150,210,310,680,2400,5000,6000,7400,17953,26,7,127.78308045486638,1.8138999585062265,7420.566900167614,24322.601793572107
1788729441,200,,Aggregated,185.600000,0.000000,7,120,130,150,210,310,680,2400,5000,6000,7400,18116,26,7,127.60249490544665,1.8138999585062265,7420.566900167614,24376.310719805697
1788729442,200,,Aggregated,186.700000,0.000000,7,120,130,150,210,310,670,2300,5000,6000,7400,18311,26,7,127.51618118102061,1.8138999585062265,7420.566900167614,24381.868057451804
1788729443,200,,Aggregated,186.200000,0.000000,7,120,130,150,210,310,650,2300,5000,6000,7400,18485,26,7,127.23878069278452,1.8138999585062265,7420.566900167614,24460.879415742493
1788729444,200,,Aggregated,185.600000,0.000000,7,120,130,150,220,310,650,2200,5000,6000,7400,18668,26,7,127.44286808470443,1.8138999585062265,7420.566900167614,24453.820655667452
1788729445,200,,Aggregated,183.900000,0.000000,7,120,130,150,220,310,640,2200,5000,6000,7400,18858,26,7,126.75671042029064,1.8138999585062265,7420.566900167614,24419.846908473857
1788729446,200,,Aggregated,182.800000,0.000000,7,120,130,150,210,310,640,2000,5000,6000,7400,19053,26,7,126.01598976572957,1.8138999585062265,7420.566900167614,24402.468220227787
1788729447,200,,Aggregated,183.200000,0.000000,7,120,130,150,210,310,630,1900,5000,6000,7400,19230,26,7,125.67852397855648,1.8138999585062265,7420.566900167614,24430.263910556423
1788729448,200,,Aggregated,183.600000,0.000000,7,120,130,150,220,310,620,1900,5000,6000,7400,19402,26,7,125.63058899118838,1.8138999585062265,7420.566900167614,24455.08112565715
1788729449,200,,Aggregated,182.600000,0.000000,7,120,130,150,220,310,620,1800,5000,6000,7400,19603,26,7,125.17723674477207,1.8138999585062265,7420.566900167614,24400.042748558895
1788729450,200,,Aggregated,181.300000,0.000000,7,120,130,150,220,310,610,1800,5000,6000,7400,19776,26,7,124.69602616340985,1.8138999585062265,7420.566900167614,24371.903367718445
1788729451,200,,Aggregated,182.100000,0.000000,7,120,130,150,220,300,610,1800,5000,6000,7400,19958,26,7,124.20897163579838,1.8138999585062265,7420.566900167614,24384.367221164444
1788729452,200,,Aggregated,180.900000,0.000000,7,120,140,150,220,300,610,1700,5000,5800,7400,20145,26,7,123.77330998787932,1.8138999585062265,7420.566900167614,24415.862447257383
1788729453,200,,Aggregated,182.100000,0.000000,7,120,140,150,220,300,600,1700,5000,5800,7400,20338,26,7,123.47038757526147,1.8138999585062265,7420.566900167614,24414.528813059296
1788729454,200,,Aggregated,183.300000,0.000000,7,120,140,150,220,300,600,1600,5000,5800,7400,20524,26,7,123.33217461535048,1.8138999585062265,7420.566900167614,24442.20912102904
1788729455,200,,Aggregated,182.900000,0.000000,7,120,140,150,220,300,600,1600,5000,5800,7400,20703,26,7,123.01305714658046,1.8138999585062265,7420.566900167614,24453.028160170023
1788729456,200,,Aggregated,184.300000,0.000000,7,120,140,150,220,300,590,1600,5000,5800,7400,20891,26,7,122.40402107633663,1.8138999585062265,7420.566900167614,24424.701067445312
1788729457,200,,Aggregated,182.900000,0.000000,7,120,140,150,220,300,590,1500,5000,5800,7400,21076,26,7,122.11506003535806,1.8138999585062265,7420.566900167614,24460.79089960144
1788729458,200,,Aggregated,182.800000,0.000000,7,120,140,150,220,300,580,1500,5000,5800,7400,21254,26,7,121.57483223434699,1.8138999585062265,7420.566900167614,24444.362425896303
1788729459,200,,Aggregated,183.800000,0.000000,7,120,140,150,220,300,580,1500,5000,5800,7400,21450,26,7,121.09616440132538,1.8138999585062265,7420.566900167614,24435.493193473194
1788729460,200,,Aggregated,183.500000,0.000000,7,120,140,150,220,300,580,1400,5000,5800,7400,21629,26,7,120.70444674306508,1.8138999585062265,7420.566900167614,24438.057053030654
1788729461,200,,Aggregated,184.200000,0.000000,7,120,140,150,220,300,580,1400,5000,5800,7400,21796,26,7,120.91325038565799,1.8138999585062265,7420.566900167614,24461.7731235089
1788729462,200,,Aggregated,185.100000,0.000000,7,120,140,160,220,300,580,1400,5000,5800,7400,21980,26,7,121.19674862179612,1.8138999585062265,7420.566900167614,24504.897770700638
1788729463,200,,Aggregated,183.000000,0.000000,7,120,140,160,220,300,580,1300,5000,5800,7400,22178,26,7,120.88477519191612,1.8138999585062265,7420.566900167614,24524.204842636846
1788729464,200,,Aggregated,181.700000,0.000000,7,120,140,160,220,300,570,1300,5000,5800,7400,22358,26,7,120.45898603660561,1.8138999585062265,7420.566900167614,24551.47043563825
1788729465,200,,Aggregated,183.300000,0.000000,7,120,140,160,220,300,570,1300,5000,5800,7400,22550,26,7,120.06032345926971,1.8138999585062265,7420.566900167614,24580.33068736142
1788729466,200,,Aggregated,182.200000,0.000000,7,120,140,160,220,300,560,1200,5000,5800,7400,22738,26,7,119.5997388823666,1.8138999585062265,7420.566900167614,24590.60515436714
1788729467,200,,Aggregated,182.900000,0.000000,8,120,140,160,220,300,560,1200,5000,5800,7400,22923,26,8,119.59493818900636,1.8138999585062265,7420.566900167614,24592.797844959212
1788729468,200,,Aggregated,184.200000,0.000000,8,120,140,160,220,300,560,1200,5000,5800,7400,23116,26,8,119.06926238565174,1.8138999585062265,7420.566900167614,24560.76734729192
1788729469,200,,Aggregated,184.000000,0.000000,8,120,140,160,220,300,560,1200,5000,5800,7400,23294,26,8,118.81134766060634,1.8138999585062265,7420.566900167614,24581.46136344123
1788729470,200,,Aggregated,184.300000,0.000000,8,120,140,160,220,300,550,1200,5000,5800,7400,23477,26,8,118.49590489017544,1.8138999585062265,7420.566900167614,24611.087745453
1788729471,200,,Aggregated,183.700000,0.000000,8,120,140,160,220,290,550,1100,5000,5800,7400,23662,26,8,118.19344227063573,1.8138999585062265,7420.566900167614,24620.232271152057
1788729472,200,,Aggregated,183.800000,0.000000,8,120,140,160,220,290,550,1100,5000,5800,7400,23847,26,8,117.81417040745656,1.8138999585062265,7420.566900167614,24614.98620371535
1788729473,200,,Aggregated,185.000000,0.000000,8,120,140,160,220,290,540,1100,5000,5800,7400,24027,26,8,117.50215316960654,1.8138999585062265,7420.566900167614,24629.070379156783
1788729474,200,,Aggregated,185.300000,0.000000,8,120,140,160,220,290,540,1100,5000,5800,7400,24219,26,8,117.1190367483406,1.8138999585062265,7420.566900167614,24637.791527313268
1788729475,200,,Aggregated,185.300000,0.000000,8,120,140,160,220,290,540,1100,5000,5800,7400,24404,26,8,116.6451225621995,1.8138999585062265,7420.566900167614,24587.30146697263
1788729476,200,,Aggregated,185.500000,0.000000,8,120,140,160,210,290,540,1100,5000,5800,7400,24601,26,8,116.15894779507187,1.8138999585062265,7420.566900167614,24560.16296085525
1788729477,200,,Aggregated,185.800000,0.000000,8,120,140,160,210,290,530,1000,5000,5800,7400,24785,26,8,115.82363676839667,1.8138999585062265,7420.566900167614,24577.126608835988
1788729478,200,,Aggregated,185.200000,0.000000,8,120,140,160,210,290,530,1000,5000,5800,7400,24963,26,8,115.43778664441159,1.8138999585062265,7420.566900167614,24562.29856187157
1788729479,200,,Aggregated,184.400000,0.000000,8,120,140,150,210,290,520,1000,5000,5800,7400,25166,26,8,114.93169940409648,1.8138999585062265,7420.566900167614,24526.75335770484
1788729480,200,,Aggregated,185.800000,0.000000,7,120,140,150,210,280,520,1000,5000,5800,7400,25359,26,7,114.48915991581976,1.8138999585062265,7420.566900167614,24518.1468117828
1788729481,200,,Aggregated,185.100000,0.000000,7,120,140,150,210,280,520,1000,5000,5800,7400,25546,26,7,114.09923152365275,1.8138999585062265,7420.566900167614,24515.415681515697
1788729482,200,,Aggregated,185.900000,0.000000,7,120,140,150,210,280,510,1000,5000,5800,7400,25726,26,7,113.73774049619203,1.8138999585062265,7420.566900167614,24509.46229495452
1788729483,200,,Aggregated,187.400000,0.000000,7,120,140,150,210,280,510,1000,5000,5800,7400,25916,26,7,113.71726454718775,1.8138999585062265,7420.566900167614,24533.487652415497
1788729484,200,,Aggregated,187.700000,0.000000,8,120,140,160,210,280,510,1000,5000,5800,7400,26081,26,8,113.88765243680523,1.8138999585062265,7420.566900167614,24593.66216786166
1788729485,200,,Aggregated,187.700000,0.000000,8,120,140,160,210,280,510,1000,5000,5800,7400,26272,26,8,113.66377635512082,1.8138999585062265,7420.566900167614,24573.792288367844
1788729486,200,,Aggregated,186.600000,0.000000,8,120,140,160,210,280,500,1000,5000,5800,7400,26462,26,8,113.35293964553972,1.8138999585062265,7420.566900167614,24584.025092585594
1788729487,200,,Aggregated,186.400000,0.000000,7,120,140,150,210,280,500,1000,5000,5800,7400,26643,26,7,113.02591358338636,1.8138999585062265,7420.566900167614,24573.71662350336
1788729488,200,,Aggregated,183.800000,0.000000,8,120,140,160,210,280,490,990,5000,5800,7400,26834,26,8,112.81563526880808,1.8138999585062265,7420.566900167614,24582.89136915853
1788729489,200,,Aggregated,186.200000,0.000000,8,120,140,160,210,280,490,980,5000,5800,7400,27011,26,8,112.54789322511198,1.8138999585062265,7420.566900167614,24610.936026063457
1788729490,200,,Aggregated,185.400000,0.000000,8,120,140,160,210,280,480,980,5000,5800,7400,27203,26,8,112.36333973841583,1.8138999585062265,7420.566900167614,24618.82292394221
1788729491,200,,Aggregated,185.000000,0.000000,8,120,140,160,210,280,480,980,5000,5800,7400,27392,26,8,112.0840048592089,1.8138999585062265,7420.566900167614,24604.492479556076
1788729492,200,,Aggregated,184.400000,0.000000,8,120,140,160,210,280,480,960,5000,5800,7400,27585,26,8,111.82742864249697,1.8138999585062265,7420.566900167614,24596.028493746602
1788729493,200,,Aggregated,183.300000,0.000000,8,120,140,160,210,280,480,950,5000,5800,7400,27766,26,8,111.61837993603062,1.8138999585062265,7420.566900167614,24592.167146870273
1788729494,200,,Aggregated,184.400000,0.000000,7,120,140,160,210,280,470,950,5000,5800,7400,27956,26,7,111.26684505654154,1.8138999585062265,7420.566900167614,24553.12508942624
1788729495,200,,Aggregated,183.800000,0.000000,7,120,140,160,210,280,470,910,5000,5800,7400,28146,26,7,110.86130374119375,1.8138999585062265,7420.566900167614,24520.651033894694
1788729496,200,,Aggregated,185.600000,0.000000,7,120,140,160,210,280,470,900,5000,5800,7400,28330,26,7,110.75793690088594,1.8138999585062265,7420.566900167614,24505.760218849275
1788729497,200,,Aggregated,186.100000,0.000000,7,120,140,160,210,280,460,890,5000,5800,7400,28512,26,7,110.50698747904624,1.8138999585062265,7420.566900167614,24504.697320426487
1788729498,200,,Aggregated,186.600000,0.000000,8,120,140,160,210,280,460,890,5000,5800,7400,28712,26,7,110.22897910292791,1.8138999585062265,7420.566900167614,24491.28813736417
1788729499,200,,Aggregated,187.000000,0.000000,7,120,140,160,210,270,460,880,5000,5800,7400,28885,26,7,109.89191833491294,1.8138999585062265,7420.566900167614,24483.242617275402
1788729500,200,,Aggregated,186.300000,0.000000,7,120,140,150,210,270,460,880,5000,5800,7400,29077,26,7,109.56860500064894,1.8138999585062265,7420.566900167614,24462.262165973105
1788729501,200,,Aggregated,186.500000,0.000000,7,120,140,150,210,270,460,870,5000,5800,7400,29275,26,7,109.32182069011287,1.8138999585062265,7420.566900167614,24445.25735269001
1788729502,200,,Aggregated,187.200000,0.000000,7,120,140,150,210,270,460,870,5000,5800,7400,29458,26,7,109.02274306820075,1.8138999585062265,7420.566900167614,24420.71152148822
1788729503,200,,Aggregated,187.400000,0.000000,7,120,140,150,210,270,450,860,5000,5800,7400,29643,26,7,108.78507868311937,1.8138999585062265,7420.566900167614,24426.340350166985
1788729504,200,,Aggregated,186.400000,0.000000,7,120,140,150,210,270,450,840,5000,5800,7400,29839,26,7,108.53784292717344,1.8138999585062265,7420.566900167614,24442.846409061967
1788729505,200,,Aggregated,187.900000,0.000000,7,120,140,150,210,270,450,830,5000,5700,7400,30023,26,7,108.32717792035527,1.8138999585062265,7420.566900167614,24449.074742697267
1788729506,200,,Aggregated,187.500000,0.000000,7,120,140,150,210,270,450,820,5000,5700,7400,30205,26,7,108.11369824544659,1.8138999585062265,7420.566900167614,24462.467074987584
1788729507,200,,Aggregated,186.200000,0.000000,7,120,140,150,210,270,450,810,5000,5700,7400,30396,26,7,107.91804546667777,1.8138999585062265,7420.566900167614,24462.88383339913
1788729508,200,,Aggregated,186.700000,0.000000,7,120,140,150,210,270,450,810,5000,5700,7400,30568,26,7,107.640494952443,1.8138999585062265,7420.566900167614,24447.90136744308
1788729509,200,,Aggregated,185.600000,0.000000,7,120,140,160,210,270,450,800,5000,5700,7400,30753,26,7,107.72485054808895,1.8138999585062265,7420.566900167614,24461.439696940135
1788729510,200,,Aggregated,186.100000,0.000000,7,120,140,160,210,270,450,790,5000,5700,7400,30936,26,7,107.68603950428736,1.8138999585062265,7420.566900167614,24470.904997414014
1788729511,200,,Aggregated,185.700000,0.000000,7,120,140,160,210,270,450,790,5000,5700,7400,31102,26,7,107.79368276653629,1.8138999585062265,7420.566900167614,24485.403575332777
1788729512,200,,Aggregated,184.500000,0.000000,7,120,140,160,210,270,450,780,5000,5700,7400,31296,26,7,107.8218647656347,1.8138999585062265,7420.566900167614,24513.184304703478
1788729513,200,,Aggregated,183.100000,0.000000,7,120,140,160,210,270,440,780,5000,5700,7400,31492,26,7,107.457839991252,1.8138999585062265,7420.566900167614,24498.62473009018
1788729514,200,,Aggregated,183.400000,0.000000,7,120,140,160,210,270,440,780,5000,5700,7400,31672,26,7,107.23085928590164,1.8138999585062265,7420.566900167614,24496.568672644607
1788729515,200,,Aggregated,183.000000,0.000000,7,120,140,160,210,270,440,780,5000,5700,7400,31865,26,7,106.99484769499554,1.8138999585062265,7420.566900167614,24513.888780793975
1788729516,200,,Aggregated,182.500000,0.000000,7,120,140,160,210,270,440,770,5000,5700,7400,32048,26,7,106.8472327041501,1.8138999585062265,7420.566900167614,24520.076603844234
1788729517,200,,Aggregated,183.000000,0.000000,7,120,140,160,210,270,430,760,5000,5700,7400,32237,26,7,106.57755558216027,1.8138999585062265,7420.566900167614,24497.938300710364
1788729518,200,,Aggregated,183.700000,0.000000,7,120,140,160,210,270,430,750,5000,5700,7400,32425,26,7,106.38750569941584,1.8138999585062265,7420.566900167614,24487.285582112567
1788729519,200,,Aggregated,182.800000,0.000000,7,120,140,160,210,270,430,750,5000,5700,7400,32611,26,7,106.1122185796205,1.8138999585062265,7420.566900167614,24462.624850510565
1788729520,200,,Aggregated,183.100000,0.000000,7,120,140,160,210,270,430,740,5000,5700,7400,32804,26,7,105.85311735763763,1.8138999585062265,7420.566900167614,24435.639403731253
1788729521,200,,Aggregated,184.800000,0.000000,7,120,140,160,210,270,430,740,5000,5700,7400,32982,26,7,105.658283054482,1.8138999585062265,7420.566900167614,24438.05472682069
1788729522,200,,Aggregated,185.000000,0.000000,7,120,140,160,210,270,430,730,5000,5700,7400,33175,26,7,105.42678855474654,1.8138999585062265,7420.566900167614,24444.795026375283
1788729523,200,,Aggregated,187.000000,0.000000,7,120,140,160,210,270,430,720,5000,5700,7400,33353,26,7,105.38313212018375,1.8138999585062265,7420.566900167614,24475.146373639553
1788729524,200,,Aggregated,186.700000,0.000000,7,120,140,160,210,270,430,710,5000,5700,7400,33548,26,7,105.20676578054804,1.8138999585062265,7420.566900167614,24472.54265529987
1788729525,200,,Aggregated,185.700000,0.000000,7,120,140,160,210,270,420,710,5000,5700,7400,33732,26,7,104.91155802215137,1.8138999585062265,7420.566900167614,24465.34539902763
1788729526,200,,Aggregated,185.200000,0.000000,7,120,140,160,210,270,420,700,5000,5700,7400,33912,26,7,104.6966381104727,1.8138999585062265,7420.566900167614,24463.605331446095
1788729527,200,,Aggregated,185.700000,0.000000,7,120,140,160,210,270,420,700,5000,5700,7400,34111,26,7,104.4514187476928,1.8138999585062265,7420.566900167614,24468.213303626395
1788729528,200,,Aggregated,185.300000,0.000000,7,120,140,160,210,270,420,700,5000,5700,7400,34300,26,7,104.2763646268598,1.8138999585062265,7420.566900167614,24445.206559766764
1788729529,200,,Aggregated,186.300000,0.000000,7,120,140,150,210,260,410,700,5000,5700,7400,34483,26,7,104.04206771460322,1.8138999585062265,7420.566900167614,24431.62349563553
1788729530,200,,Aggregated,186.000000,0.000000,7,120,140,150,210,260,410,700,5000,5700,7400,34672,26,7,103.89690990429213,1.8138999585062265,7420.566900167614,24436.011507844945
1788729531,200,,Aggregated,185.500000,0.000000,7,120,140,160,210,260,410,700,5000,5700,7400,34845,26,7,103.81568341230908,1.8138999585062265,7420.566900167614,24451.538183383556
1788729532,200,,Aggregated,184.800000,0.000000,7,120,140,160,210,260,410,700,5000,5700,7400,35019,26,7,103.91984775413177,1.8138999585062265,7420.566900167614,24475.917958822352
1788729533,200,,Aggregated,185.500000,0.000000,7,120,140,160,210,270,410,700,5000,5700,7400,35217,26,7,103.82810845321163,1.8138999585062265,7420.566900167614,24476.183206973903
1788729534,200,,Aggregated,183.500000,0.000000,7,120,140,160,210,260,410,690,5000,5700,7400,35407,26,7,103.67374478766189,1.8138999585062265,7420.566900167614,24455.57118648855
1788729535,200,,Aggregated,183.900000,0.000000,7,120,140,160,210,260,410,690,5000,5700,7400,35594,26,7,103.52317956951038,1.8138999585062265,7420.566900167614,24461.09288082261
1788729536,200,,Aggregated,183.900000,0.000000,7,120,140,160,210,260,410,690,5000,5700,7400,35782,26,7,103.37816908769138,1.8138999585062265,7420.566900167614,24477.74470404114
1788729537,200,,Aggregated,184.700000,0.000000,7,120,140,160,210,260,410,690,5000,5700,7400,35973,26,7,103.17331764086045,1.8138999585062265,7420.566900167614,24485.099769271397
1788729538,200,,Aggregated,185.800000,0.000000,7,120,140,160,210,260,400,680,5000,5700,7400,36162,26,7,102.92950813543362,1.5678000636398792,7420.566900167614,24472.59385542835
1788729539,200,,Aggregated,184.700000,0.000000,7,120,140,160,210,260,400,680,5000,5700,7400,36342,26,7,102.70683052368267,1.5678000636398792,7420.566900167614,24470.936492212866
1788729540,200,,Aggregated,184.300000,0.000000,7,120,140,160,210,260,400,680,5000,5700,7400,36536,26,7,102.49208007972017,1.5678000636398792,7420.566900167614,24462.26234398949
1788729541,200,,Aggregated,185.500000,0.000000,7,120,140,160,210,260,400,670,5000,5700,7400,36713,26,7,102.28508765809441,1.5678000636398792,7420.566900167614,24455.718709993736
1788729542,200,,Aggregated,185.700000,0.000000,7,120,140,160,200,260,400,670,5000,5700,7400,36891,26,7,102.16435190396344,1.5678000636398792,7420.566900167614,24466.98956385026
1788729543,200,,Aggregated,185.400000,0.000000,7,120,140,150,200,260,400,670,5000,5700,7400,37077,26,7,101.99915696766462,1.5678000636398792,7420.566900167614,24470.598133613832
1788729544,200,,Aggregated,186.000000,0.000000,7,120,140,160,210,260,400,660,5000,5700,7400,37258,26,7,102.03279408422686,1.5678000636398792,7420.566900167614,24482.002174029738
1788729545,200,,Aggregated,186.500000,0.000000,7,120,140,160,210,260,400,650,5000,5700,7400,37443,26,7,102.18546508266544,1.5678000636398792,7420.566900167614,24495.22263173357
1788729546,200,,Aggregated,186.500000,0.000000,7,120,140,160,210,260,400,650,5000,5700,7400,37629,26,7,102.15879913868007,1.5678000636398792,7420.566900167614,24503.15100055808
1788729547,200,,Aggregated,184.900000,0.000000,7,120,140,160,210,260,400,650,5000,5700,7400,37821,26,7,102.0877528566673,1.5678000636398792,7420.566900167614,24491.40205177018
1788729548,200,,Aggregated,183.200000,0.000000,7,120,140,160,210,260,400,650,5000,5700,7400,37999,26,7,101.94009332068389,1.5678000636398792,7420.566900167614,24484.29706044896
1788729549,200,,Aggregated,182.900000,0.000000,7,120,140,160,210,260,400,650,5000,5700,7400,38193,26,7,101.73209385729712,1.5678000636398792,7420.566900167614,24478.159846045088
1788729550,200,,Aggregated,184.300000,0.000000,7,120,140,160,210,260,400,650,5000,5700,7400,38384,26,7,101.61988309949308,1.5678000636398792,7420.566900167614,24487.26240100042
1788729551,200,,Aggregated,183.000000,0.000000,7,120,140,160,210,260,390,640,5000,5700,7400,38563,26,7,101.42969034549121,1.5678000636398792,7420.566900167614,24477.454632678993
1788729552,200,,Aggregated,183.600000,0.000000,7,120,140,160,210,260,390,640,5000,5700,7400,38751,26,7,101.36663683757352,1.5678000636398792,7420.566900167614,24477.403370235606
1788729553,200,,Aggregated,183.300000,0.000000,7,120,140,160,210,260,390,640,5000,5700,7400,38937,26,7,101.44346469666823,1.5678000636398792,7420.566900167614,24485.150987492616
1788729554,200,,Aggregated,184.800000,0.000000,7,120,140,160,210,260,390,640,4900,5700,7400,39134,26,7,101.41977699173499,1.5678000636398792,7420.566900167614,24483.79419430674
1788729555,200,,Aggregated,183.600000,0.000000,7,120,140,160,210,260,390,630,4900,5700,7400,39317,26,7,101.22314755689288,1.5678000636398792,7420.566900167614,24486.8236386296
1788729556,200,,Aggregated,183.500000,0.000000,7,120,140,160,210,260,390,630,4900,5700,7400,39503,26,7,101.0300250662849,1.5678000636398792,7420.566900167614,24492.271093334683
1788729557,200,,Aggregated,184.500000,0.000000,7,120,140,160,210,260,390,630,4900,5700,7400,39694,26,7,100.91939110178622,1.5678000636398792,7420.566900167614,24505.287348213835
1788729558,200,,Aggregated,185.800000,0.000000,7,120,140,160,210,260,390,620,4900,5700,7400,39871,26,7,100.85955528562698,1.5678000636398792,7420.566900167614,24509.71407790123
1788729559,200,,Aggregated,185.600000,0.000000,7,120,140,160,210,260,390,620,4800,5700,7400,40071,26,7,100.65005721578,1.5678000636398792,7420.566900167614,24502.203214294626
1788729560,200,,Aggregated,185.900000,0.000000,7,120,140,160,210,260,390,620,4800,5700,7400,40260,26,7,100.47293737690555,1.5678000636398792,7420.566900167614,24482.451490312968
1788729561,200,,Aggregated,185.200000,0.000000,7,120,140,160,210,260,380,620,4800,5700,7400,40438,26,7,100.39814994544471,1.5678000636398792,7420.566900167614,24488.41762698452
1788729562,200,,Aggregated,185.700000,0.000000,7,120,140,160,210,260,380,610,4800,5700,7400,40624,26,7,100.24052225269841,1.5678000636398792,7420.566900167614,24487.432872193778
1788729563,200,,Aggregated,185.500000,0.000000,7,120,140,160,210,260,380,610,4800,5700,7400,40809,26,7,100.09451962049586,1.5678000636398792,7420.566900167614,24480.814207650274
1788729564,200,,Aggregated,184.500000,0.000000,7,120,140,160,210,260,380,610,4800,5700,7400,41001,26,7,100.03891121171903,1.5678000636398792,7420.566900167614,24486.657398600033
1788729565,200,,Aggregated,185.400000,0.000000,7,120,140,160,210,260,380,610,4800,5700,7400,41184,26,7,99.94240535139177,1.5678000636398792,7420.566900167614,24495.720206876456
1788729566,200,,Aggregated,186.200000,0.000000,7,120,140,160,200,260,380,610,4800,5700,7400,41377,26,7,99.82653266288767,1.5678000636398792,7420.566900167614,24507.00959470237
1788729567,200,,Aggregated,185.800000,0.000000,7,120,140,160,200,260,380,600,4800,5700,7400,41560,26,7,99.70004069277702,1.5678000636398792,7420.566900167614,24528.16333012512
1788729568,200,,Aggregated,185.600000,0.000000,7,120,140,160,200,260,380,600,4800,5700,7400,41746,26,7,99.53542456498849,1.5678000636398792,7420.566900167614,24524.992957409093
1788729569,200,,Aggregated,186.900000,0.000000,7,120,140,160,200,260,380,600,4800,5700,7400,41943,26,7,99.38628454310522,1.5678000636398792,7420.566900167614,24505.320124931455
1788729570,200,,Aggregated,185.300000,0.000000,7,120,140,160,200,260,380,600,4700,5700,7400,42131,26,7,99.18595353753282,1.5678000636398792,7420.566900167614,24484.994232275523
1788729571,200,,Aggregated,186.100000,0.000000,7,120,140,160,200,260,380,600,4700,5700,7400,42313,26,7,98.9983292507927,1.5678000636398792,7420.566900167614,24484.369035521
1788729572,200,,Aggregated,186.800000,0.000000,7,120,140,160,200,260,380,600,4700,5700,7400,42501,26,7,98.80195075855158,1.5678000636398792,7420.566900167614,24470.31436907367
1788729573,200,,Aggregated,186.500000,0.000000,7,120,140,160,200,260,380,590,4700,5700,7400,42690,26,7,98.69830012391829,1.5678000636398792,7420.566900167614,24463.759826657297
1788729574,200,,Aggregated,187.100000,0.000000,7,120,140,160,200,260,370,590,4700,5700,7400,42884,26,7,98.50720949047076,1.5678000636398792,7420.566900167614,24448.49018281877
1788729575,200,,Aggregated,187.100000,0.000000,7,120,140,160,200,260,370,590,4700,5700,7400,43058,26,7,98.46006209039875,1.5678000636398792,7420.566900167614,24452.55650517906
1788729576,200,,Aggregated,187.600000,0.000000,7,120,140,160,200,260,370,590,4700,5700,7400,43253,26,7,98.36796190063704,1.5678000636398792,7420.566900167614,24458.4963355143
1788729577,200,,Aggregated,187.600000,0.000000,7,120,140,160,200,250,370,590,4700,5700,7400,43441,26,7,98.1392737457533,1.5678000636398792,7420.566900167614,24440.949793973436
1788729578,200,,Aggregated,186.100000,0.000000,7,120,140,160,200,250,370,580,4700,5700,7400,43627,26,7,98.00763868908862,1.5678000636398792,7420.566900167614,24424.658262085406
1788729579,200,,Aggregated,186.600000,0.000000,7,120,140,160,200,250,370,580,4700,5700,7400,43826,26,7,97.84464981947198,1.5678000636398792,7420.566900167614,24428.421895678366
1788729580,200,,Aggregated,187.200000,0.000000,7,120,140,160,200,250,370,580,4700,5700,7400,44007,26,7,97.6996944096795,1.5678000636398792,7420.566900167614,24424.749039925468
1788729582,200,,Aggregated,187.100000,0.000000,7,120,140,160,200,250,370,580,4700,5700,7400,44203,26,7,97.57245368613037,1.5678000636398792,7420.566900167614,24432.056783476233
1788729583,200,,Aggregated,186.500000,0.000000,7,120,140,160,200,250,370,580,4700,5700,7400,44389,26,7,97.40953430779285,1.5678000636398792,7420.566900167614,24429.481695915656
1788729584,200,,Aggregated,187.400000,0.000000,7,120,140,160,200,250,370,580,4700,5700,7400,44564,26,7,97.38293575281071,1.5678000636398792,7420.566900167614,24436.743806660084
1788729585,200,,Aggregated,187.100000,0.000000,7,120,140,160,200,250,370,580,4700,5700,7400,44740,26,7,97.36256761257097,1.5678000636398792,7420.566900167614,24450.998860080465
1788729586,200,,Aggregated,185.700000,0.000000,7,120,140,160,200,250,370,580,4700,5700,7400,44932,26,7,97.26364888914478,1.5678000636398792,7420.566900167614,24447.006988337933
1788729587,200,,Aggregated,184.600000,0.000000,7,120,140,160,200,250,370,570,4700,5700,7400,45117,26,7,97.12514588266468,1.5678000636398792,7420.566900167614,24439.298357603566
1788729588,200,,Aggregated,186.600000,0.000000,7,120,140,160,200,250,360,570,4700,5700,7400,45308,26,7,97.00017633725773,1.5678000636398792,7420.566900167614,24432.17879844619
1788729589,200,,Aggregated,184.400000,0.000000,7,120,140,160,200,250,360,570,4700,5700,7400,45490,26,7,96.88743644064978,1.5678000636398792,7420.566900167614,24431.80305561662
1788729590,200,,Aggregated,185.400000,0.000000,7,120,140,160,200,250,360,570,4700,5700,7400,45677,26,7,96.79060017481765,1.5678000636398792,7420.566900167614,24438.06405849771
1788729591,200,,Aggregated,184.500000,0.000000,7,120,140,160,200,250,360,570,4700,5700,7400,45880,26,7,96.65014643605544,1.5678000636398792,7420.566900167614,24420.967066259807
1788729592,200,,Aggregated,183.700000,0.000000,7,120,140,150,200,250,360,560,4600,5700,7400,46051,26,7,96.49345480197515,1.5678000636398792,7420.566900167614,24413.55034635513
1788729593,200,,Aggregated,185.700000,0.000000,7,120,140,150,200,250,360,560,4600,5700,7400,46244,26,7,96.38823512638804,1.5678000636398792,7420.566900167614,24420.31989014791
1788729594,200,,Aggregated,183.900000,0.000000,7,120,140,150,200,250,360,560,4600,5700,7400,46434,26,7,96.2828437951672,1.5678000636398792,7420.566900167614,24415.804690528494
1788729595,200,,Aggregated,184.600000,0.000000,7,120,140,150,200,250,360,560,4600,5700,7400,46636,26,7,96.10136791507288,1.5678000636398792,7420.566900167614,24395.9628398662
1788729596,200,,Aggregated,186.300000,0.000000,7,120,140,150,200,250,360,560,4600,5700,7400,46822,26,7,95.92900430111185,1.5678000636398792,7420.566900167614,24391.85231301525
1788729597,200,,Aggregated,186.800000,0.000000,7,120,140,150,200,250,360,560,4600,5700,7400,47003,26,7,95.78512909364579,1.5678000636398792,7420.566900167614,24388.55041167585
1788729598,200,,Aggregated,185.600000,0.000000,7,120,140,150,200,250,360,560,4600,5700,7400,47188,26,7,95.69891959371571,1.5678000636398792,7420.566900167614,24397.61140544206
1788729599,200,,Aggregated,186.800000,0.000000,7,120,140,150,200,250,360,550,4600,5700,7400,47390,26,7,95.65563955667344,1.5678000636398792,7420.566900167614,24406.83422663009
1788729600,200,,Aggregated,186.800000,0.000000,7,120,140,150,200,250,360,550,4600,5700,7400,47566,26,7,95.57185185827186,1.5678000636398792,7420.566900167614,24406.073476853213
1788729601,200,,Aggregated,187.900000,0.000000,7,120,140,150,200,250,360,550,4600,5700,7400,47760,26,7,95.49034190312214,1.5678000636398792,7420.566900167614,24408.5939279732
1788729602,200,,Aggregated,187.200000,0.000000,7,120,140,150,200,250,350,550,4600,5700,7400,47950,26,7,95.38100792061076,1.5678000636398792,7420.566900167614,24413.123482794577
1788729603,200,,Aggregated,186.600000,0.000000,7,120,140,150,200,250,350,550,4600,5700,7400,48140,26,7,95.2201460156693,1.5678000636398792,7420.566900167614,24412.33188616535
1788729604,200,,Aggregated,187.500000,0.000000,7,120,140,150,200,250,350,550,4600,5700,7400,48322,26,7,95.15592763535564,1.5678000636398792,7420.566900167614,24417.3223790406
1788729605,200,,Aggregated,187.600000,0.000000,7,120,140,150,200,250,350,550,4600,5700,7400,48512,26,7,95.08105316613266,1.5678000636398792,7420.566900167614,24416.513687335093
1788729606,200,,Aggregated,185.600000,0.000000,7,120,140,150,200,250,350,550,4600,5700,7400,48690,26,7,95.02925198797472,1.5678000636398792,7420.566900167614,24428.688806736496
1788729607,200,,Aggregated,186.400000,0.000000,7,120,140,150,200,250,350,550,4600,5700,7400,48881,26,7,94.89783924417361,1.5678000636398792,7420.566900167614,24425.607741249158
1788729608,200,,Aggregated,187.100000,0.000000,7,120,140,150,200,250,350,540,4500,5700,7400,49077,26,7,94.81562893191588,1.5678000636398792,7420.566900167614,24425.26226134442
1788729609,200,,Aggregated,187.800000,0.000000,7,120,140,150,200,250,350,540,4500,5700,7400,49268,26,7,94.65955544761772,1.5678000636398792,7420.566900167614,24417.049646829586
1788729610,200,,Aggregated,186.600000,0.000000,7,120,140,150,200,250,350,540,4500,5700,7400,49455,26,7,94.54284474761546,1.5678000636398792,7420.566900167614,24428.03904559701
1788729611,200,,Aggregated,186.700000,0.000000,7,120,140,150,200,250,350,540,4500,5700,7400,49653,26,7,94.39300113375647,1.5678000636398792,7420.566900167614,24414.7346585302
1788729612,200,,Aggregated,187.100000,0.000000,7,120,140,150,200,250,350,540,4500,5700,7400,49839,26,7,94.30184072102305,1.5678000636398792,7420.566900167614,24412.50352133871
1788729613,200,,Aggregated,187.800000,0.000000,7,120,140,150,200,250,350,540,4500,5600,7400,50021,26,7,94.19720241488108,1.5678000636398792,7420.566900167614,24420.724675636233
1788729614,200,,Aggregated,188.100000,0.000000,7,120,140,150,200,250,350,540,4500,5600,7400,50199,26,7,94.29987322443786,1.5678000636398792,7420.566900167614,24434.20574115022
1788729615,200,,Aggregated,187.200000,0.000000,7,120,140,150,200,250,350,540,4500,5600,7400,50385,26,7,94.18447105276569,1.5678000636398792,7420.566900167614,24426.874545995834
1788729616,200,,Aggregated,187.900000,0.000000,7,120,140,150,200,250,350,530,4500,5600,7400,50568,26,7,94.09153345383078,1.5678000636398792,7420.566900167614,24439.51728365765
1788729617,200,,Aggregated,187.200000,0.000000,7,120,140,150,200,250,350,530,4500,5600,7400,50747,26,7,94.08831697624436,1.5678000636398792,7420.566900167614,24447.284844424303
1788729618,200,,Aggregated,186.000000,0.000000,7,120,140,150,200,250,350,530,4500,5600,7400,50933,26,7,93.97044505708422,1.5678000636398792,7420.566900167614,24448.32016570789
1788729619,200,,Aggregated,185.100000,0.000000,7,120,140,150,200,250,350,530,4500,5600,7400,51118,26,7,93.84080608778977,1.5678000636398792,7420.566900167614,24443.17944755272
1788729620,200,,Aggregated,185.300000,0.000000,7,120,140,150,200,250,350,530,4500,5600,7400,51295,26,7,93.82100630849702,1.5678000636398792,7420.566900167614,24448.490340189102
1788729621,200,,Aggregated,184.800000,0.000000,7,120,140,150,200,250,350,530,4500,5600,7400,51487,26,7,93.93179598332861,1.5678000636398792,7420.566900167614,24459.863868549342
1788729622,200,,Aggregated,184.400000,0.000000,7,120,140,150,200,250,350,530,4500,5600,7400,51674,26,7,93.77238286936982,1.5678000636398792,7420.566900167614,24439.002844757517
1788729623,200,,Aggregated,183.300000,0.000000,7,120,140,150,200,250,350,530,4500,5600,7400,51864,26,7,93.68926914604786,1.5678000636398792,7420.566900167614,24438.165548357243
1788729624,200,,Aggregated,182.900000,0.000000,7,120,140,150,200,250,350,520,4400,5600,7400,52056,26,7,93.64867287710804,1.5678000636398792,7420.566900167614,24446.18804748732
1788729625,200,,Aggregated,183.100000,0.000000,7,120,140,150,200,250,350,520,4400,5600,7400,52240,26,7,93.66135332869062,1.5678000636398792,7420.566900167614,24449.754058192957
1788729626,200,,Aggregated,183.700000,0.000000,7,120,140,150,200,250,350,520,4400,5600,7400,52425,26,7,93.56729931886005,1.5678000636398792,7420.566900167614,24449.593361945637
1788729627,200,,Aggregated,184.300000,0.000000,7,120,140,150,200,250,350,520,4400,5600,7400,52619,26,7,93.4837470626828,1.5678000636398792,7420.566900167614,24437.19310515213
1788729628,200,,Aggregated,185.200000,0.000000,7,120,140,150,200,250,340,520,4400,5600,7400,52820,26,7,93.35894659205206,1.5678000636398792,7420.566900167614,24421.660867095798
1788729629,200,,Aggregated,186.500000,0.000000,7,120,140,150,200,250,340,510,4400,5600,7400,52990,26,7,93.29605459506797,1.5678000636398792,7420.566900167614,24418.87314587658
1788729630,200,,Aggregated,186.300000,0.000000,7,120,140,150,200,250,350,510,4400,5600,7400,53172,26,7,93.47524460234197,1.5678000636398792,7420.566900167614,24424.983863687656
1788729631,200,,Aggregated,186.100000,0.000000,7,120,140,150,200,250,350,510,4400,5600,7400,53353,26,7,93.45575987472722,1.5678000636398792,7420.566900167614,24418.77407081139
1788729632,200,,Aggregated,185.300000,0.000000,7,120,140,150,200,250,350,510,4400,5600,7400,53533,26,7,93.53708955030109,1.5678000636398792,7420.566900167614,24432.099882315582
1788729633,200,,Aggregated,184.900000,0.000000,7,120,140,150,200,250,350,510,4400,5600,7400,53715,26,7,93.51074583622992,1.5678000636398792,7420.566900167614,24441.26867727823
1788729634,200,,Aggregated,183.500000,0.000000,7,120,140,150,200,250,350,510,4400,5600,7400,53906,26,7,93.40337612309078,1.5678000636398792,7420.566900167614,24447.88513338033
1788729635,200,,Aggregated,184.000000,0.000000,7,120,140,150,200,250,350,510,4400,5600,7400,54098,26,7,93.30215274485147,1.5678000636398792,7420.566900167614,24438.30167473844
1788729636,200,,Aggregated,183.600000,0.000000,7,120,140,160,200,250,340,510,4400,5600,7400,54287,26,7,93.30907298607724,1.5678000636398792,7420.566900167614,24455.162046162066
1788729637,200,,Aggregated,184.200000,0.000000,7,120,140,150,200,250,340,510,4400,5600,7400,54484,26,7,93.20651516396696,1.5678000636398792,7420.566900167614,24452.738198370163
1788729638,200,,Aggregated,183.700000,0.000000,7,120,140,150,200,250,340,510,4400,5600,7400,54671,26,7,93.07389568310619,1.5678000636398792,7420.566900167614,24443.91602494924
1788729639,200,,Aggregated,183.200000,0.000000,7,120,140,150,200,250,340,510,4400,5600,7400,54860,26,7,92.93310820982603,1.5678000636398792,7420.566900167614,24437.36361647831
1788729640,200,,Aggregated,183.800000,0.000000,7,120,140,150,200,250,340,500,4400,5600,7400,55058,26,7,92.82517315535395,1.5678000636398792,7420.566900167614,24440.75778270188
1788729641,200,,Aggregated,184.100000,0.000000,7,120,140,150,200,250,340,500,4400,5600,7400,55248,26,7,92.72195172108663,1.5678000636398792,7420.566900167614,24439.967184332465
1788729642,200,,Aggregated,185.100000,0.000000,7,120,140,150,200,250,340,500,4400,5600,7400,55432,26,7,92.63492181202535,1.5678000636398792,7420.566900167614,24443.35313537307
1788729643,200,,Aggregated,185.400000,0.000000,7,120,140,150,200,250,340,500,4400,5600,7400,55624,26,7,92.52542316057844,1.5678000636398792,7420.566900167614,24443.21314540486
1788729644,200,,Aggregated,187.700000,0.000000,7,120,140,150,200,250,340,490,4400,5600,7400,55807,26,7,92.45676875812194,1.5678000636398792,7420.566900167614,24443.95504148225
1788729645,200,,Aggregated,188.300000,0.000000,7,120,140,150,200,250,340,490,4400,5600,7400,55996,26,7,92.3430995693557,1.5678000636398792,7420.566900167614,24448.155743267376
1788729646,200,,Aggregated,188.200000,0.000000,7,120,140,150,200,250,340,490,4400,5600,7400,56180,26,7,92.28078736355027,1.5678000636398792,7420.566900167614,24451.467283730864
1788729647,200,,Aggregated,187.500000,0.000000,7,120,140,150,200,250,340,490,4400,5600,7400,56367,26,7,92.24412864060513,1.5678000636398792,7420.566900167614,24462.500239501835
1788729648,200,,Aggregated,188.500000,0.000000,7,120,140,150,200,240,340,490,4400,5600,7400,56554,26,7,92.16431691456216,1.5678000636398792,7420.566900167614,24462.950843441668
1788729649,200,,Aggregated,186.600000,0.000000,7,120,140,150,200,240,340,490,4400,5600,7400,56734,26,7,92.04587305117606,1.5678000636398792,7420.566900167614,24449.940141713963
1788729650,200,,Aggregated,186.100000,0.000000,7,120,140,150,200,240,340,480,4400,5600,7400,56922,26,7,91.93554965193596,1.5678000636398792,7420.566900167614,24435.07640279681
1788729651,200,,Aggregated,187.100000,0.000000,7,120,140,150,200,240,340,480,4400,5600,7400,57113,26,7,91.84285389122515,1.5678000636398792,7420.566900167614,24426.46598847898
1788729652,200,,Aggregated,186.300000,0.000000,7,120,140,150,200,240,330,480,4400,5600,7400,57311,26,7,91.7122990470667,1.5678000636398792,7420.566900167614,24410.497426323043
1788729653,200,,Aggregated,187.100000,0.000000,7,120,140,150,200,240,330,480,4400,5600,7400,57505,26,7,91.62673244741339,1.5678000636398792,7420.566900167614,24405.193131032083
1788729654,200,,Aggregated,186.500000,0.000000,7,120,140,150,200,240,330,480,4400,5600,7400,57692,26,7,91.4859382477506,1.5678000636398792,7420.566900167614,24396.99363863274
1788729655,200,,Aggregated,186.500000,0.000000,7,120,140,150,200,240,330,480,4400,5600,7400,57884,26,7,91.4173422947277,1.5678000636398792,7420.566900167614,24389.673605832355
1788729656,200,,Aggregated,187.300000,0.000000,7,120,140,150,200,240,330,480,4400,5600,7400,58073,26,7,91.41134657048724,1.5678000636398792,7420.566900167614,24390.96810910406
1788729657,200,,Aggregated,186.600000,0.000000,7,120,140,150,200,240,330,480,4400,5600,7400,58266,26,7,91.33276440103465,1.5678000636398792,7420.566900167614,24394.962190642913
1788729658,200,,Aggregated,187.500000,0.000000,7,120,140,150,200,240,330,480,4400,5600,7400,58452,26,7,91.3260993685559,1.5678000636398792,7420.566900167614,24400.385016765893
1788729659,200,,Aggregated,189.300000,0.000000,7,120,140,150,200,240,330,480,4400,5600,7400,58637,26,7,91.27612043913882,1.5678000636398792,7420.566900167614,24397.497740334602
1788729660,200,,Aggregated,188.800000,0.000000,7,120,140,150,200,240,330,470,4400,5600,7400,58824,26,7,91.27879636521389,1.5678000636398792,7420.566900167614,24403.90886372909
1788729661,200,,Aggregated,188.500000,0.000000,7,120,140,150,200,240,330,470,4400,5600,7400,59019,26,7,91.19212631331835,1.5678000636398792,7420.566900167614,24398.3508361714
1788729662,200,,Aggregated,189.500000,0.000000,7,120,140,150,200,240,330,470,4400,5600,7400,59189,26,7,91.07132856419717,1.5678000636398792,7420.566900167614,24387.31833617733
1788729663,200,,Aggregated,188.600000,0.000000,7,120,140,150,200,240,330,470,4400,5600,7400,59370,26,7,90.99947519260617,1.5678000636398792,7420.566900167614,24373.272410308236
1788729664,200,,Aggregated,188.400000,0.000000,7,120,140,150,200,240,330,470,4400,5600,7400,59565,26,7,90.92149969754328,1.5678000636398792,7420.566900167614,24370.714513556617
1788729665,200,,Aggregated,186.800000,0.000000,7,120,140,150,200,240,330,470,4400,5600,7400,59747,26,7,90.87377912837287,1.5678000636398792,7420.566900167614,24372.03911493464
1788729666,200,,Aggregated,185.900000,0.000000,7,120,140,150,200,240,330,460,4400,5600,7400,59934,26,7,90.77828999874288,1.5678000636398792,7420.566900167614,24365.65809056629
1788729667,200,,Aggregated,186.900000,0.000000,7,120,140,150,200,240,330,460,4400,5500,7400,60126,26,7,90.71964378445783,1.5678000636398792,7420.566900167614,24364.359046003392
1788729668,200,,Aggregated,185.000000,0.000000,7,120,140,150,200,240,330,460,4400,5500,7400,60304,26,7,90.61898082854515,1.5678000636398792,7420.566900167614,24353.222107986203
1788729669,200,,Aggregated,185.400000,0.000000,7,120,140,150,200,240,330,460,4400,5500,7400,60491,26,7,90.69173082910339,1.5678000636398792,7420.566900167614,24341.34046387066
1788729670,200,,Aggregated,186.600000,0.000000,7,120,140,150,200,240,330,460,4400,5500,7400,60681,26,7,90.64908840295364,1.5678000636398792,7420.566900167614,24342.33214680048
1788729671,200,,Aggregated,184.700000,0.000000,7,120,140,150,200,240,330,460,4400,5500,7400,60866,26,7,90.53753294415,1.5678000636398792,7420.566900167614,24334.150625965234
1788729672,200,,Aggregated,183.400000,0.000000,7,120,140,150,200,240,330,460,4400,5500,7400,61059,26,7,90.44248477666196,1.5678000636398792,7420.566900167614,24328.404625034804
1788729673,200,,Aggregated,184.300000,0.000000,7,120,140,150,200,240,330,460,4400,5500,7400,61239,26,7,90.38764190592265,1.5678000636398792,7420.566900167614,24326.450676856253
1788729674,200,,Aggregated,185.200000,0.000000,7,120,140,150,200,240,330,460,4400,5500,7400,61418,26,7,90.33304479592526,1.5678000636398792,7420.566900167614,24327.669901331858
1788729675,200,,Aggregated,185.100000,0.000000,7,120,140,150,200,240,330,460,4400,5500,7400,61605,26,7,90.23120883979912,1.5678000636398792,7420.566900167614,24313.325071016963
1788729676,200,,Aggregated,184.800000,0.000000,7,120,140,150,200,240,330,460,4400,5500,7400,61795,26,7,90.15239411081465,1.5678000636398792,7420.566900167614,24311.637543490575
1788729677,200,,Aggregated,185.300000,0.000000,7,120,140,150,200,240,330,460,4400,5500,7400,61980,26,7,90.0763863710533,1.5678000636398792,7420.566900167614,24309.17316876412
1788729678,200,,Aggregated,185.000000,0.000000,7,120,140,150,200,240,330,460,4400,5500,7400,62162,26,7,90.01006027440005,1.5678000636398792,7420.566900167614,24307.891991892153
1788729679,200,,Aggregated,184.900000,0.000000,7,120,140,150,200,240,330,460,4400,5500,7400,62349,26,7,89.9844206463085,1.5678000636398792,7420.566900167614,24308.76132736692
1788729680,200,,Aggregated,183.600000,0.000000,7,120,140,150,200,240,330,460,4400,5500,7400,62537,26,7,89.91779503299362,1.5678000636398792,7420.566900167614,24310.596542846633
1788729681,200,,Aggregated,183.900000,0.000000,7,120,140,150,200,240,330,460,4400,5500,7400,62724,26,7,89.8898262256435,1.5678000636398792,7420.566900167614,24310.09683693642
1788729682,200,,Aggregated,185.500000,0.000000,7,120,140,150,200,240,330,460,4400,5500,7400,62916,26,7,89.8325797217991,1.5678000636398792,7420.566900167614,24309.02560556933
1788729683,200,,Aggregated,184.400000,0.000000,7,120,140,150,200,240,330,460,4400,5500,7400,63098,26,7,89.77455253855015,1.5678000636398792,7420.566900167614,24309.110035183367
1788729684,200,,Aggregated,183.800000,0.000000,7,120,140,150,190,240,320,450,4400,5500,7400,63280,26,7,89.67770356316986,1.5678000636398792,7420.566900167614,24306.51091972187
1788729685,200,,Aggregated,184.500000,0.000000,7,120,140,150,190,240,320,450,4400,5500,7400,63475,26,7,89.58430040767105,1.5678000636398792,7420.566900167614,24301.646490744388
1788729686,200,,Aggregated,185.400000,0.000000,7,120,140,150,190,240,320,450,4400,5500,7400,63656,26,7,89.53384020164472,1.5678000636398792,7420.566900167614,24287.45365715722
1788729687,200,,Aggregated,184.300000,0.000000,7,120,140,150,200,240,320,450,4400,5500,7400,63849,26,7,89.5417375021571,1.5678000636398792,7420.566900167614,24278.106485614495
1788729688,200,,Aggregated,186.000000,0.000000,7,120,140,150,200,240,320,450,4400,5500,7400,64020,26,7,89.50700127109867,1.5678000636398792,7420.566900167614,24275.803452046235
1788729689,200,,Aggregated,184.700000,0.000000,7,120,140,150,200,240,330,450,4400,5500,7400,64208,26,7,89.59578893093901,1.5678000636398792,7420.566900167614,24276.361419137804
1788729690,200,,Aggregated,185.900000,0.000000,7,120,140,150,200,240,320,450,4400,5500,7400,64397,26,7,89.52548604090204,1.5678000636398792,7420.566900167614,24287.09626224824
1788729691,200,,Aggregated,184.900000,0.000000,7,120,140,150,200,240,330,450,4400,5500,7400,64581,26,7,89.59097057146212,1.5678000636398792,7420.566900167614,24297.012712717362
1788729692,200,,Aggregated,185.100000,0.000000,7,120,140,150,200,240,330,450,4400,5500,7400,64770,26,7,89.63705429483277,1.5678000636398792,7420.566900167614,24293.196788636713
1788729693,200,,Aggregated,185.200000,0.000000,7,120,140,150,200,240,320,450,4400,5500,7400,64951,26,7,89.59628371351054,1.5678000636398792,7420.566900167614,24289.772043540514
1788729694,200,,Aggregated,185.900000,0.000000,7,120,140,150,200,240,330,450,4400,5500,7400,65142,26,7,89.58658726894794,1.5678000636398792,7420.566900167614,24290.4733812287
1788729695,200,,Aggregated,186.000000,0.000000,7,120,140,150,200,240,330,450,4400,5500,7400,65336,26,7,89.62189255961603,1.5678000636398792,7420.566900167614,24303.059155748746
1788729696,200,,Aggregated,185.400000,0.000000,7,120,140,150,200,240,320,450,4400,5500,7400,65521,26,7,89.56789017986613,1.5678000636398792,7420.566900167614,24311.122372979655
1788729697,200,,Aggregated,185.700000,0.000000,7,120,140,150,200,240,320,450,4400,5500,7400,65709,26,7,89.50106659171355,1.5678000636398792,7420.566900167614,24308.98452266813
1788729698,200,,Aggregated,184.900000,0.000000,7,120,140,150,200,240,320,450,4400,5500,7400,65890,26,7,89.46141530998506,1.5678000636398792,7420.566900167614,24309.431476703598
1788729699,200,,Aggregated,185.200000,0.000000,7,120,140,150,200,240,320,450,4400,5500,7400,66078,26,7,89.46211126356613,1.5678000636398792,7420.566900167614,24312.449953085747
1788729700,200,,Aggregated,184.800000,0.000000,7,120,140,150,200,240,320,450,4400,5500,7400,66273,26,7,89.3650893874135,1.5678000636398792,7420.566900167614,24301.36471866371
1788729701,200,,Aggregated,186.100000,0.000000,7,120,140,150,200,240,320,450,4400,5500,7400,66473,26,7,89.28484068676498,1.5678000636398792,7420.566900167614,24300.018458622297
1788729702,200,,Aggregated,186.400000,0.000000,7,120,140,150,200,240,320,450,4400,5500,7400,66658,26,7,89.20912262251296,1.5678000636398792,7420.566900167614,24307.95392901077
1788729703,200,,Aggregated,186.800000,0.000000,7,120,140,150,200,240,320,450,4400,5500,7400,66851,26,7,89.18262273217385,1.5678000636398792,7420.566900167614,24307.862933987526
1788729704,200,,Aggregated,187.300000,0.000000,7,120,140,150,200,240,320,450,4400,5500,7400,67034,26,7,89.11744710395163,1.5678000636398792,7420.566900167614,24296.18587582421
1788729705,200,,Aggregated,186.700000,0.000000,7,120,140,150,200,240,320,450,4400,5500,7400,67217,26,7,89.10811611299546,1.5678000636398792,7420.566900167614,24304.78497999018
1788729706,200,,Aggregated,187.100000,0.000000,7,120,140,150,200,240,320,450,4400,5500,7400,67401,26,7,89.03558182323144,1.5678000636398792,7420.566900167614,24301.638803578582
1788729707,200,,Aggregated,187.200000,0.000000,7,120,140,150,200,240,320,440,4400,5500,7400,67577,26,7,88.99563097012549,1.5678000636398792,7420.566900167614,24302.63201977004
1788729708,200,,Aggregated,188.200000,0.000000,7,120,140,150,200,240,320,440,4400,5500,7400,67749,26,7,89.04876601967783,1.5678000636398792,7420.566900167614,24308.80624068252
1788729709,200,,Aggregated,187.200000,0.000000,7,120,140,150,200,240,320,450,4400,5500,7400,67927,26,7,89.20459353961157,1.5678000636398792,7420.566900167614,24314.06106555567
1788729710,200,,Aggregated,186.000000,0.000000,7,120,140,150,200,240,320,450,4400,5500,7400,68116,26,7,89.26834079019437,1.5678000636398792,7420.566900167614,24316.621087556523
1788729711,200,,Aggregated,185.600000,0.000000,7,120,140,150,200,240,320,450,4400,5500,7400,68298,26,7,89.20414288944411,1.5678000636398792,7420.566900167614,24314.190620515976
1788729712,200,,Aggregated,183.700000,0.000000,7,120,140,150,200,240,320,450,4400,5500,7400,68495,26,7,89.14645157258948,1.5678000636398792,7420.566900167614,24312.66540623403
1788729713,200,,Aggregated,183.200000,0.000000,7,120,140,150,200,240,320,440,4400,5500,7400,68687,26,7,89.03765174439127,1.5678000636398792,7420.566900167614,24299.315678367086
1788729714,200,,Aggregated,181.400000,0.000000,7,120,140,150,200,240,320,440,4400,5500,7400,68876,26,7,88.97707879328809,1.5678000636398792,7420.566900167614,24301.89241535513
1788729715,200,,Aggregated,183.600000,0.000000,7,120,140,150,200,240,320,440,4400,5500,7400,69064,26,7,88.91796173065465,1.5678000636398792,7420.566900167614,24306.032332329432
1788729716,200,,Aggregated,183.800000,0.000000,7,120,140,150,200,240,320,440,4400,5500,7400,69245,26,7,88.82756301924329,1.5678000636398792,7420.566900167614,24299.110665029966
1788729717,200,,Aggregated,184.300000,0.000000,7,120,140,150,200,240,320,440,4400,5500,7400,69433,26,7,88.73808635469031,1.5678000636398792,7420.566900167614,24293.455734305015
1788729718,200,,Aggregated,182.800000,0.000000,7,120,140,150,200,240,320,440,4400,5500,7400,69622,26,7,88.70904823568225,1.5678000636398792,7420.566900167614,24298.456464910516
1788729719,200,,Aggregated,184.000000,0.000000,7,120,140,150,200,240,320,440,4400,5500,7400,69816,26,7,88.62285220243281,1.5678000636398792,7420.566900167614,24296.833519537067
1788729720,200,,Aggregated,185.000000,0.000000,7,120,140,150,200,240,320,440,4400,5400,7400,70005,26,7,88.57380170510805,1.5678000636398792,7420.566900167614,24305.438425826727
1788729721,200,,Aggregated,186.200000,0.000000,7,120,140,150,200,240,320,440,4400,5400,7400,70196,26,7,88.50279673435591,1.5678000636398792,7420.566900167614,24312.099450111116
1788729722,200,,Aggregated,187.500000,0.000000,7,120,140,150,200,240,320,440,4400,5400,7400,70372,26,7,88.43741011005687,1.5678000636398792,7420.566900167614,24308.200903768546
1788729723,200,,Aggregated,188.200000,0.000000,7,120,140,150,200,240,320,440,4400,5400,7400,70567,26,7,88.38492409152758,1.5678000636398792,7420.566900167614,24312.239517054713
1788729724,200,,Aggregated,189.600000,0.000000,7,120,140,150,200,240,320,440,4400,5400,7400,70758,26,7,88.30848003147388,1.5678000636398792,7420.566900167614,24306.82455694056
1788729725,200,,Aggregated,186.900000,0.000000,7,120,140,150,200,240,320,440,4400,5400,7400,70934,26,7,88.30530394544417,1.5678000636398792,7420.566900167614,24313.743846392423
1788729726,200,,Aggregated,187.700000,0.000000,7,120,140,150,200,240,320,440,4400,5400,7400,71128,26,7,88.24944087374121,1.5678000636398792,7420.566900167614,24312.108508604208
1788729727,200,,Aggregated,186.800000,0.000000,7,120,140,150,200,240,320,440,4400,5400,7400,71319,26,7,88.16656050375043,1.5678000636398792,7420.566900167614,24309.117360030286
1788729728,200,,Aggregated,186.200000,0.000000,7,120,140,150,190,240,320,440,4400,5400,7400,71508,26,7,88.11481920718215,1.5678000636398792,7420.566900167614,24315.132908206077
1788729729,200,,Aggregated,186.800000,0.000000,7,120,140,150,190,240,320,430,4400,5400,7400,71698,26,7,88.07177911190414,1.5678000636398792,7420.566900167614,24307.74797065469
1788729730,200,,Aggregated,187.700000,0.000000,7,120,140,150,190,240,320,430,4400,5400,7400,71883,26,7,88.01497984872866,1.5678000636398792,7420.566900167614,24318.63038548753
1788729731,200,,Aggregated,187.500000,0.000000,7,120,140,150,190,240,320,430,4400,5400,7400,72081,26,7,87.9516071761298,1.5678000636398792,7420.566900167614,24312.12277854081
1788729732,200,,Aggregated,187.900000,0.000000,7,120,140,150,190,240,320,430,4400,5400,7400,72260,26,7,87.90953675981412,1.5678000636398792,7420.566900167614,24314.370080265708
1788729733,200,,Aggregated,186.900000,0.000000,7,120,140,150,190,240,320,430,4400,5400,7400,72442,26,7,87.93653408056117,1.5678000636398792,7420.566900167614,24326.15344689545
1788729734,200,,Aggregated,186.700000,0.000000,7,120,140,150,190,240,320,430,4400,5400,7400,72622,26,7,87.87506390438577,1.5678000636398792,7420.566900167614,24325.683718432432
1788729735,200,,Aggregated,187.200000,0.000000,7,120,140,150,200,240,320,430,4400,5400,7400,72802,26,7,87.9316409970041,1.5678000636398792,7420.566900167614,24324.045726765748
1788729736,200,,Aggregated,186.100000,0.000000,7,120,140,150,200,240,320,430,4400,5400,7400,73003,26,7,87.93846156548449,1.5678000636398792,7420.566900167614,24315.44243387258
1788729737,200,,Aggregated,185.700000,0.000000,7,120,140,150,200,240,320,430,4400,5400,7400,73189,26,7,87.8674053732955,1.5678000636398792,7420.566900167614,24314.175408872918
1788729738,200,,Aggregated,186.100000,0.000000,7,120,140,150,190,240,320,430,4400,5400,7400,73378,26,7,87.80863547613248,1.5678000636398792,7420.566900167614,24314.238450216686
1788729739,200,,Aggregated,186.800000,0.000000,7,120,140,150,200,240,320,430,4400,5400,7400,73571,26,7,87.85629404611498,1.5678000636398792,7420.566900167614,24323.37274197714
1788729740,200,,Aggregated,185.900000,0.000000,7,120,140,150,200,240,320,430,4400,5400,7400,73755,26,7,87.829240497158,1.5678000636398792,7420.566900167614,24325.055847061216
1788729742,200,,Aggregated,186.000000,0.000000,7,120,140,150,200,240,320,430,4400,5400,7400,73945,26,7,87.76522299907502,1.5678000636398792,7420.566900167614,24320.167475826627
1788729743,200,,Aggregated,186.200000,0.000000,7,120,140,150,200,240,320,430,4400,5400,7400,74133,26,7,87.72084349568195,1.5678000636398792,7420.566900167614,24321.687804351637
1788729744,200,,Aggregated,185.800000,0.000000,7,120,140,150,200,240,320,430,4400,5400,7400,74314,26,7,87.72167674546324,1.5678000636398792,7420.566900167614,24328.91179320182
1788729745,200,,Aggregated,186.300000,0.000000,7,120,140,150,200,240,320,430,4400,5400,7400,74498,26,7,87.68052145243774,1.5678000636398792,7420.566900167614,24344.24512067438
1788729746,200,,Aggregated,186.100000,0.000000,7,120,140,150,190,240,320,430,4400,5400,7400,74699,26,7,87.62366075133008,1.5678000636398792,7420.566900167614,24334.646929677772
1788729747,200,,Aggregated,186.400000,0.000000,7,120,140,150,190,240,320,430,4400,5400,7400,74884,26,7,87.56298079112304,1.5678000636398792,7420.566900167614,24335.95436942471
1788729748,200,,Aggregated,188.600000,0.000000,7,120,140,150,190,240,320,430,4400,5400,7400,75080,26,7,87.49292221315218,1.5678000636398792,7420.566900167614,24331.43758657432
1788729749,200,,Aggregated,186.800000,0.000000,7,120,140,150,190,240,320,430,4400,5400,7400,75267,26,7,87.4139050296325,1.5678000636398792,7420.566900167614,24325.332868322108
1788729750,200,,Aggregated,187.900000,0.000000,7,120,140,150,190,240,310,430,4400,5400,7400,75457,26,7,87.38739408228423,1.5678000636398792,7420.566900167614,24326.170348675405
1788729751,200,,Aggregated,186.900000,0.000000,7,120,140,150,190,240,310,430,4400,5400,7400,75650,26,7,87.32995767835762,1.5678000636398792,7420.566900167614,24327.163727693325
1788729752,200,,Aggregated,187.200000,0.000000,7,120,140,150,190,240,310,430,4400,5400,7400,75836,26,7,87.31224546084083,1.5678000636398792,7420.566900167614,24332.630030592332
1788729753,200,,Aggregated,188.200000,0.000000,7,120,140,150,190,240,310,430,4400,5400,7400,76017,26,7,87.35498492008172,1.5678000636398792,7420.566900167614,24332.96091663707
1788729754,200,,Aggregated,187.100000,0.000000,7,120,140,150,190,240,320,430,4400,5400,7400,76199,26,7,87.35070138545369,1.5678000636398792,7420.566900167614,24324.055604404257
1788729755,200,,Aggregated,186.600000,0.000000,7,120,140,150,190,240,310,420,4400,5400,7400,76394,26,7,87.2836424113295,1.5678000636398792,7420.566900167614,24324.413108359295
1788729756,200,,Aggregated,187.400000,0.000000,7,120,140,150,190,240,310,420,4400,5400,7400,76580,26,7,87.19726735663063,1.5678000636398792,7420.566900167614,24309.873818229302
1788729757,200,,Aggregated,187.400000,0.000000,7,120,140,150,190,240,310,420,4400,5400,7400,76766,26,7,87.13899648633412,1.5678000636398792,7420.566900167614,24313.105228877368
1788729758,200,,Aggregated,186.300000,0.000000,7,120,140,150,190,240,310,420,4400,5400,7400,76955,26,7,87.06497518122973,1.5678000636398792,7420.566900167614,24301.028925995714
1788729759,200,,Aggregated,187.500000,0.000000,7,120,140,150,190,240,310,420,4400,5400,7400,77140,26,7,87.01918672118674,1.5678000636398792,7420.566900167614,24304.57857142857
1788729760,200,,Aggregated,186.200000,0.000000,7,120,140,150,190,240,310,420,4400,5400,7400,77315,26,7,86.95316665943139,1.5678000636398792,7420.566900167614,24306.856302140593
1788729761,200,,Aggregated,186.800000,0.000000,7,120,140,150,190,240,310,420,4400,5400,7400,77503,26,7,86.96517628573088,1.5678000636398792,7420.566900167614,24316.0134188354
1788729762,200,,Aggregated,184.700000,0.000000,7,120,140,150,190,240,310,420,4400,5400,7400,77682,26,7,86.92185554789432,1.5678000636398792,7420.566900167614,24321.373947632655
1788729763,200,,Aggregated,183.900000,0.000000,7,120,140,150,190,240,310,420,4400,5400,7400,77873,26,7,86.86126185291046,1.5678000636398792,7420.566900167614,24317.524456486844
1788729764,200,,Aggregated,184.800000,0.000000,7,120,140,150,190,240,310,420,4400,5400,7400,78057,26,7,86.82469932578823,1.5678000636398792,7420.566900167614,24310.421922441292
1788729765,200,,Aggregated,185.300000,0.000000,7,120,140,150,190,240,310,420,4400,5400,7400,78245,26,7,86.76392601538588,1.5678000636398792,7420.566900167614,24315.14390695891
1788729766,200,,Aggregated,185.200000,0.000000,7,120,140,150,190,240,310,420,4400,5400,7400,78435,26,7,86.69614566677008,1.5678000636398792,7420.566900167614,24315.975916363866
1788729767,200,,Aggregated,184.500000,0.000000,7,120,140,150,190,240,310,420,4400,5400,7400,78623,26,7,86.65173616080216,1.5678000636398792,7420.566900167614,24317.418846902307
1788729768,200,,Aggregated,185.000000,0.000000,7,120,140,150,190,240,310,420,4400,5400,7400,78809,26,7,86.59609086236576,1.5678000636398792,7420.566900167614,24315.158814348615
1788729769,200,,Aggregated,183.800000,0.000000,7,120,140,150,190,240,310,420,4400,5400,7400,78989,26,7,86.53162699582145,1.5678000636398792,7420.566900167614,24310.450075326946
1788729770,200,,Aggregated,184.800000,0.000000,7,120,140,150,190,240,310,410,4400,5400,7400,79189,26,7,86.5088123448065,1.5678000636398792,7420.566900167614,24313.58611675864
1788729771,200,,Aggregated,184.300000,0.000000,7,120,140,150,190,240,310,410,4400,5400,7400,79370,26,7,86.43764793466897,1.5678000636398792,7420.566900167614,24312.88117676704
1788729772,200,,Aggregated,185.500000,0.000000,7,120,140,150,190,240,310,410,4400,5400,7400,79560,26,7,86.37416154946469,1.5678000636398792,7420.566900167614,24307.300326797387
1788729773,200,,Aggregated,185.900000,0.000000,7,120,140,150,190,240,310,410,4400,5400,7400,79747,26,7,86.3606566864553,1.5678000636398792,7420.566900167614,24307.981704640926
1788729774,200,,Aggregated,185.800000,0.000000,7,120,140,150,190,240,310,410,4400,5400,7400,79933,26,7,86.3057683231777,1.5678000636398792,7420.566900167614,24303.651870941914
1788729775,200,,Aggregated,185.900000,0.000000,7,120,140,150,190,240,310,410,4400,5200,7400,80118,26,7,86.27921443590441,1.5678000636398792,7420.566900167614,24308.125764497367
1788729776,200,,Aggregated,185.200000,0.000000,7,120,140,150,190,240,310,410,4400,5200,7400,80295,26,7,86.21929531446182,1.5678000636398792,7420.566900167614,24302.299645058847
1788729777,200,,Aggregated,185.600000,0.000000,7,120,140,150,190,240,310,410,4400,5200,7400,80482,26,7,86.17792003394786,1.5678000636398792,7420.566900167614,24300.878581546185
1788729778,200,,Aggregated,185.300000,0.000000,7,120,140,150,190,230,310,410,4400,5200,7400,80666,26,7,86.14096920477618,1.5678000636398792,7420.566900167614,24302.46670220415
1788729779,200,,Aggregated,184.800000,0.000000,7,120,140,150,190,230,310,410,4400,5200,7400,80860,26,7,86.08953182998678,1.5678000636398792,7420.566900167614,24300.00311649765
1788729780,200,,Aggregated,184.500000,0.000000,7,120,140,150,190,230,310,410,4400,5200,7400,81045,26,7,86.03057075543592,1.5678000636398792,7420.566900167614,24304.43389474983
1788729781,200,,Aggregated,184.300000,0.000000,7,120,140,150,190,230,310,410,4400,5200,7400,81241,26,7,85.96504199694493,1.5678000636398792,7420.566900167614,24293.018685146664
1788729782,200,,Aggregated,185.200000,0.000000,7,120,140,150,190,230,310,410,4400,5200,7400,81427,26,7,85.92847979633257,1.5678000636398792,7420.566900167614,24299.232171147163
1788729783,200,,Aggregated,185.300000,0.000000,7,120,140,150,190,230,310,410,4400,5200,7400,81622,26,7,85.85952344806275,1.5678000636398792,7420.566900167614,24299.62573815883
1788729784,200,,Aggregated,185.700000,0.000000,7,120,140,150,190,230,310,410,4400,5200,7400,81805,26,7,85.8130349682577,1.5678000636398792,7420.566900167614,24305.646280789682
1788729785,200,,Aggregated,186.000000,0.000000,7,120,140,150,190,230,310,410,4400,5200,7400,81997,26,7,85.76954273058676,1.5678000636398792,7420.566900167614,24313.124199665843
1788729786,200,,Aggregated,186.800000,0.000000,7,120,140,150,190,230,310,410,4400,5200,7400,82180,26,7,85.71963868557853,1.5678000636398792,7420.566900167614,24304.61674373327
1788729787,200,,Aggregated,187.400000,0.000000,7,120,140,150,190,230,310,410,4400,5200,7400,82364,26,7,85.71365587368872,1.5678000636398792,7420.566900167614,24313.38345636443
1788729788,200,,Aggregated,187.000000,0.000000,7,120,140,150,190,230,310,410,4400,5200,7400,82552,26,7,85.73651875401336,1.5678000636398792,7420.566900167614,24321.964797945537
1788729789,200,,Aggregated,187.000000,0.000000,7,120,140,150,190,230,310,410,4400,5200,7400,82737,26,7,85.70558456893804,1.5678000636398792,7420.566900167614,24324.199257889457
1788729790,200,,Aggregated,187.100000,0.000000,7,120,140,150,190,230,310,410,4400,5200,7400,82922,26,7,85.70886705194245,1.5678000636398792,7420.566900167614,24332.57039145221
1788729791,200,,Aggregated,187.900000,0.000000,7,120,140,150,190,230,310,410,4400,5200,7400,83115,26,7,85.65791521602601,1.5678000636398792,7420.566900167614,24329.375395536306
1788729792,200,,Aggregated,186.700000,0.000000,7,120,140,150,190,230,310,410,4400,5200,7400,83299,26,7,85.63011598312308,1.5678000636398792,7420.566900167614,24331.869734330543
1788729793,200,,Aggregated,186.000000,0.000000,7,120,140,150,190,230,310,400,4400,5200,7400,83480,26,7,85.6507253088018,1.5678000636398792,7420.566900167614,24327.086068519406
1788729794,200,,Aggregated,185.700000,0.000000,7,120,140,150,190,230,310,400,4400,5200,7400,83667,26,7,85.6159352203425,1.5678000636398792,7420.566900167614,24326.676276190134
1788729795,200,,Aggregated,185.200000,0.000000,7,120,140,150,190,230,310,400,4400,5200,7400,83861,26,7,85.57807098033324,1.5678000636398792,7420.566900167614,24334.3737136452
1788729796,200,,Aggregated,184.400000,0.000000,7,120,140,150,190,230,310,400,4300,5200,7400,84048,26,7,85.5176814163408,1.5678000636398792,7420.566900167614,24333.951503902532
1788729797,200,,Aggregated,184.400000,0.000000,7,120,140,150,190,230,310,400,4300,5200,7400,84230,26,7,85.46560959257533,1.5678000636398792,7420.566900167614,24333.96193755194
1788729798,200,,Aggregated,185.500000,0.000000,7,120,140,150,190,230,300,400,4300,5200,7400,84421,26,7,85.40155012949374,1.5678000636398792,7420.566900167614,24338.429442911125
1788729799,200,,Aggregated,187.000000,0.000000,7,120,140,150,190,230,300,400,4300,5200,7400,84616,26,7,85.34458840150225,1.5678000636398792,7420.566900167614,24335.706663042452
1788729800,200,,Aggregated,186.100000,0.000000,7,120,140,150,190,230,300,400,4300,5200,7400,84809,26,7,85.32728836540869,1.5678000636398792,7420.566900167614,24338.575233760566
1788729801,200,,Aggregated,186.600000,0.000000,7,120,140,150,190,230,300,400,4300,5200,7400,84989,26,7,85.34205563169199,1.5678000636398792,7420.566900167614,24347.139829860334
1788729802,200,,Aggregated,186.800000,0.000000,7,120,140,150,190,230,300,400,4300,5200,7400,85177,26,7,85.29130625382446,1.5678000636398792,7420.566900167614,24338.431877149935
1788729803,200,,Aggregated,186.800000,0.000000,7,120,140,150,190,230,300,400,4300,5200,7400,85362,26,7,85.25505001032185,1.5678000636398792,7420.566900167614,24329.618612497365
1788729804,200,,Aggregated,186.100000,0.000000,7,120,140,150,190,230,300,400,4300,5200,7400,85548,26,7,85.29638686796282,1.5678000636398792,7420.566900167614,24323.53670454014
1788729805,200,,Aggregated,187.200000,0.000000,7,120,140,150,190,230,300,400,4300,5200,7400,85726,26,7,85.32834868277882,1.5678000636398792,7420.566900167614,24319.74748617689
1788729806,200,,Aggregated,187.000000,0.000000,7,120,140,150,190,230,300,400,4300,5200,7400,85922,26,7,85.32755313286016,1.5678000636398792,7420.566900167614,24321.768045436558
1788729807,200,,Aggregated,186.600000,0.000000,7,120,140,150,190,230,300,400,4300,5200,7400,86104,26,7,85.2661042876391,1.5678000636398792,7420.566900167614,24308.982544364953
1788729808,200,,Aggregated,185.900000,0.000000,7,120,140,150,190,230,300,400,4300,5200,7400,86297,26,7,85.20418950928845,1.5678000636398792,7420.566900167614,24308.909556531515
1788729809,200,,Aggregated,184.300000,0.000000,7,120,140,150,190,230,300,400,4300,5200,7400,86489,26,7,85.14840652549421,1.5678000636398792,7420.566900167614,24308.1334158101
1788729810,200,,Aggregated,186.200000,0.000000,7,120,140,150,190,230,300,400,4300,5200,7400,86682,26,7,85.13584408508981,1.5678000636398792,7420.566900167614,24310.01996954385
1788729811,200,,Aggregated,185.500000,0.000000,7,120,140,150,190,230,300,400,4300,5200,7400,86861,26,7,85.10334424522924,1.5678000636398792,7420.566900167614,24319.71701914553
1788729812,200,,Aggregated,185.500000,0.000000,7,120,140,150,190,230,300,400,4300,5200,7400,87045,26,7,85.08471484961842,1.5678000636398792,7420.566900167614,24323.099879372738
1788729813,200,,Aggregated,185.500000,0.000000,7,120,140,150,190,230,300,400,4300,5200,7400,87224,26,7,85.04837325259676,1.5678000636398792,7420.566900167614,24324.941782078327
1788729814,200,,Aggregated,186.100000,0.000000,7,120,140,150,190,230,300,400,4300,5200,7400,87412,26,7,85.05131821472683,1.5678000636398792,7420.566900167614,24336.909280190364
1788729815,200,,Aggregated,185.300000,0.000000,7,120,140,150,190,230,300,400,4300,5200,7400,87593,26,7,85.02723867982863,1.5678000636398792,7420.566900167614,24344.94791821264
1788729816,200,,Aggregated,185.100000,0.000000,7,120,140,150,190,230,300,400,4300,5200,7400,87786,26,7,84.99257145653796,1.5678000636398792,7420.566900167614,24341.894983254733
1788729817,200,,Aggregated,185.900000,0.000000,7,120,140,150,190,230,300,400,4300,5200,7400,87964,26,7,84.94519426679423,1.5678000636398792,7420.566900167614,24345.890398344778
1788729818,200,,Aggregated,183.900000,0.000000,7,120,140,150,190,230,300,400,4300,5200,7400,88153,26,7,84.88725541485034,1.5678000636398792,7420.566900167614,24342.02240422901
1788729819,200,,Aggregated,185.400000,0.000000,7,120,140,150,190,230,300,400,4300,5200,7400,88341,26,7,84.86159072668087,1.5678000636398792,7420.566900167614,24341.327684766984
1788729820,200,,Aggregated,185.200000,0.000000,7,120,140,150,190,230,300,400,4300,5200,7400,88533,26,7,84.82097438791682,1.5678000636398792,7420.566900167614,24333.783730360432
1788729821,200,,Aggregated,184.400000,0.000000,7,120,140,150,190,230,300,400,4300,5200,7400,88719,26,7,84.78851868013112,1.5678000636398792,7420.566900167614,24329.826598586547
1788729822,200,,Aggregated,184.900000,0.000000,7,120,140,150,190,230,300,400,4300,5200,7400,88909,26,7,84.74731835003261,1.5678000636398792,7420.566900167614,24334.349919580694
1788729823,200,,Aggregated,184.300000,0.000000,7,120,140,150,190,230,300,400,4300,5200,7400,89093,26,7,84.74480238495727,1.5678000636398792,7420.566900167614,24336.67104037354
1788729824,200,,Aggregated,185.700000,0.000000,7,120,140,150,190,230,300,400,4300,5200,7400,89279,26,7,84.7308693296773,1.5678000636398792,7420.566900167614,24335.585658441516
1788729825,200,,Aggregated,185.300000,0.000000,7,120,140,150,190,230,300,400,4300,5200,7400,89451,26,7,84.66709848052139,1.5678000636398792,7420.566900167614,24330.70990821791
1788729826,200,,Aggregated,184.900000,0.000000,7,120,140,150,190,230,300,400,4300,5200,7400,89640,26,7,84.60271777086449,1.5678000636398792,7420.566900167614,24330.72951807229
1788729827,200,,Aggregated,184.400000,0.000000,7,120,140,150,190,230,300,400,4300,5200,7400,89826,26,7,84.57126752700941,1.5678000636398792,7420.566900167614,24333.446830539044
1788729828,200,,Aggregated,185.400000,0.000000,7,120,140,150,190,230,300,400,4300,5200,7400,90015,26,7,84.52364623765217,1.5678000636398792,7420.566900167614,24339.118969060713
1788729829,200,,Aggregated,183.800000,0.000000,7,120,140,150,190,230,300,400,4300,5200,7400,90192,26,7,84.4528441589516,1.5678000636398792,7420.566900167614,24329.164959198155
1788729830,200,,Aggregated,183.500000,0.000000,7,120,140,150,190,230,300,400,4300,5200,7400,90377,26,7,84.38887088842127,1.5678000636398792,7420.566900167614,24332.141374464743
1788729831,200,,Aggregated,184.100000,0.000000,7,120,140,150,190,230,300,390,4300,5200,7400,90569,26,7,84.32460809309276,1.5678000636398792,7420.566900167614,24334.166635382968
1788729832,200,,Aggregated,183.900000,0.000000,7,120,140,150,190,230,300,390,4300,5200,7400,90754,26,7,84.26830668600614,1.5678000636398792,7420.566900167614,24324.015316129316
1788729833,200,,Aggregated,184.200000,0.000000,7,120,140,150,190,230,300,390,4300,5200,7400,90936,26,7,84.24785724556078,1.5678000636398792,7420.566900167614,24324.977137767222
1788729834,200,,Aggregated,183.400000,0.000000,7,120,140,150,190,230,300,390,4300,5200,7400,91128,26,7,84.22671099203747,1.5678000636398792,7420.566900167614,24328.867680625055
1788729835,200,,Aggregated,183.800000,0.000000,7,120,140,150,190,230,300,390,4300,5200,7400,91301,26,7,84.25393497316009,1.5678000636398792,7420.566900167614,24337.78665074862
1788729836,200,,Aggregated,184.100000,0.000000,7,120,140,150,190,230,300,390,4300,5200,7400,91488,26,7,84.31619759734141,1.5678000636398792,7420.566900167614,24333.67478795033
1788729837,200,,Aggregated,184.300000,0.000000,7,120,140,150,190,230,300,390,4300,5200,7400,91679,26,7,84.3045550375362,1.5678000636398792,7420.566900167614,24336.862574853567
1788729838,200,,Aggregated,184.200000,0.000000,7,120,140,150,190,230,300,390,4300,5200,7400,91861,26,7,84.27863912419463,1.5678000636398792,7420.566900167614,24333.167611935423
1788729839,200,,Aggregated,185.300000,0.000000,7,120,140,150,190,230,300,390,4300,5200,7400,92047,26,7,84.27381190789589,1.5678000636398792,7420.566900167614,24340.427031842428
1788729840,200,,Aggregated,184.700000,0.000000,7,120,140,150,190,230,300,390,4300,5200,7400,92232,26,7,84.25970857822851,1.5678000636398792,7420.566900167614,24337.79017043976
1788729841,200,,Aggregated,184.600000,0.000000,7,120,140,150,190,230,300,390,4300,5200,7400,92423,26,7,84.23967138577991,1.5678000636398792,7420.566900167614,24340.942092336325
1788729842,200,,Aggregated,184.400000,0.000000,7,120,140,150,190,230,300,390,4300,5200,7400,92616,26,7,84.19712816236581,1.5678000636398792,7420.566900167614,24336.220750194352
1788729843,200,,Aggregated,185.000000,0.000000,7,120,140,150,190,230,300,390,4300,5200,7400,92793,26,7,84.20537715977804,1.5678000636398792,7420.566900167614,24343.022361600553
1788729844,200,,Aggregated,185.100000,0.000000,7,120,140,150,190,230,300,390,4300,5200,7400,92972,26,7,84.2149526135592,1.5678000636398792,7420.566900167614,24351.103730155315
1788729845,200,,Aggregated,184.400000,0.000000,7,120,140,150,190,230,300,390,4300,5200,7400,93169,26,7,84.18346025058892,1.5678000636398792,7420.566900167614,24353.55226523844
1788729846,200,,Aggregated,184.500000,0.000000,7,120,140,150,190,230,300,390,4300,5200,7400,93362,26,7,84.12603028199261,1.5678000636398792,7420.566900167614,24349.75691394786
1788729847,200,,Aggregated,184.100000,0.000000,7,120,140,150,190,230,300,390,4300,5200,7400,93553,26,7,84.0656003579757,1.5678000636398792,7420.566900167614,24341.95437880132
1788729848,200,,Aggregated,186.300000,0.000000,7,120,140,150,190,230,300,390,4300,5200,7400,93742,26,7,84.02208830185032,1.5678000636398792,7420.566900167614,24335.605342322546
1788729849,200,,Aggregated,186.700000,0.000000,7,120,140,150,190,230,300,390,4300,5200,7400,93933,26,7,83.96512744926406,1.5678000636398792,7420.566900167614,24329.671595711836
1788729850,200,,Aggregated,187.200000,0.000000,7,120,140,150,190,230,300,390,4200,5200,7400,94119,26,7,83.94338033542883,1.5678000636398792,7420.566900167614,24329.55835697362
1788729851,200,,Aggregated,187.800000,0.000000,7,120,140,150,190,230,300,390,4200,5200,7400,94308,26,7,83.9597142712279,1.5678000636398792,7420.566900167614,24334.078243627264
1788729852,200,,Aggregated,187.700000,0.000000,7,120,140,150,190,230,300,390,4200,5200,7400,94493,26,7,83.91970005282944,1.5678000636398792,7420.566900167614,24335.11720444901
1788729853,200,,Aggregated,187.700000,0.000000,7,120,140,150,190,230,300,380,4200,5200,7400,94688,26,7,83.86046604946759,1.5678000636398792,7420.566900167614,24330.899628252788
1788729854,200,,Aggregated,188.100000,0.000000,7,120,140,150,190,230,300,380,4200,5200,7400,94870,26,7,83.83471162001818,1.5678000636398792,7420.566900167614,24340.76319173606
1788729855,200,,Aggregated,188.700000,0.000000,7,120,140,150,190,230,300,380,4200,5200,7400,95052,26,7,83.90140181995028,1.5678000636398792,7420.566900167614,24350.586510541598
1788729856,200,,Aggregated,189.200000,0.000000,7,120,140,150,190,230,300,390,4200,5200,7400,95230,26,7,84.02596344104316,1.5678000636398792,7420.566900167614,24359.608526724773
1788729857,200,,Aggregated,188.800000,0.000000,7,120,140,150,190,230,300,390,4200,5200,7400,95419,26,7,83.9749499029544,1.5678000636398792,7420.566900167614,24356.89920246492
1788729858,200,,Aggregated,185.800000,0.000000,7,120,140,150,190,230,300,390,4200,5200,7400,95614,26,7,83.94528705932615,1.5678000636398792,7420.566900167614,24357.115443345116
1788729859,200,,Aggregated,185.700000,0.000000,7,120,140,150,190,230,300,390,4200,5200,7400,95801,26,7,83.90208773279741,1.5678000636398792,7420.566900167614,24356.701245289714
1788729860,200,,Aggregated,185.800000,0.000000,7,120,140,150,190,230,300,390,4200,5200,7400,95991,26,7,83.86352973289897,1.5678000636398792,7420.566900167614,24362.60656728235
1788729861,200,,Aggregated,184.300000,0.000000,7,120,140,150,190,230,300,390,4200,5200,7400,96184,26,7,83.84545781929441,1.5678000636398792,7420.566900167614,24364.19897280213
1788729862,200,,Aggregated,185.600000,0.000000,7,120,140,150,190,230,300,380,4200,5200,7400,96371,26,7,83.81133354215672,1.5678000636398792,7420.566900167614,24365.536727853814
1788729863,200,,Aggregated,185.500000,0.000000,7,120,140,150,190,230,300,380,4200,5200,7400,96557,26,7,83.81636977113688,1.5678000636398792,7420.566900167614,24365.356784075728
1788729864,200,,Aggregated,184.200000,0.000000,7,120,140,150,190,230,300,380,4200,5200,7400,96747,26,7,83.77268973602743,1.5678000636398792,7420.566900167614,24360.665695060314
1788729865,200,,Aggregated,184.700000,0.000000,7,120,140,150,190,230,300,380,4200,5200,7400,96929,26,7,83.7824420399863,1.5678000636398792,7420.566900167614,24359.74782572811
1788729866,200,,Aggregated,185.500000,0.000000,7,120,140,150,190,230,300,380,4200,5200,7400,97119,26,7,83.82866464230352,1.5678000636398792,7420.566900167614,24366.452187522525
1788729867,200,,Aggregated,185.300000,0.000000,7,120,140,150,190,230,300,380,4200,5200,7400,97308,26,7,83.79605024354619,1.5678000636398792,7420.566900167614,24369.889649360794
1788729868,200,,Aggregated,187.100000,0.000000,7,120,140,150,190,230,300,380,4200,5200,7400,97503,26,7,83.76199587293455,1.5678000636398792,7420.566900167614,24376.17414848774
1788729869,200,,Aggregated,186.900000,0.000000,7,120,140,150,190,230,300,380,4200,5200,7400,97685,26,7,83.72947652965087,1.5678000636398792,7420.566900167614,24372.62588933818
1788729870,200,,Aggregated,186.400000,0.000000,7,120,140,150,190,230,300,380,4200,5200,7400,97885,26,7,83.71167941662686,1.5678000636398792,7420.566900167614,24370.696490779996
1788729871,200,,Aggregated,188.300000,0.000000,7,120,140,150,190,230,300,380,4200,5200,7400,98069,26,7,83.67567197377348,1.5678000636398792,7420.566900167614,24371.007739448756
1788729872,200,,Aggregated,187.300000,0.000000,7,120,140,150,190,230,300,380,4200,5200,7400,98252,26,7,83.61489541277064,1.5678000636398792,7420.566900167614,24361.19281032447
1788729873,200,,Aggregated,188.100000,0.000000,7,120,140,150,190,230,300,380,4200,5200,7400,98448,26,7,83.63117610815436,1.5678000636398792,7420.566900167614,24360.283642125793
1788729874,200,,Aggregated,188.300000,0.000000,7,120,140,150,190,230,300,380,4200,5200,7400,98633,26,7,83.61648633918924,1.5678000636398792,7420.566900167614,24366.394807011853
1788729875,200,,Aggregated,187.300000,0.000000,7,120,140,150,190,230,300,380,4200,5200,7400,98828,26,7,83.56592769351593,1.5678000636398792,7420.566900167614,24363.149026591655
1788729876,200,,Aggregated,187.300000,0.000000,7,120,140,150,190,230,300,380,4200,5200,7400,99017,26,7,83.51559477054822,1.5678000636398792,7420.566900167614,24357.958027409433
1788729877,200,,Aggregated,188.800000,0.000000,7,120,140,150,190,230,300,380,4200,5200,7400,99202,26,7,83.50237308618087,1.5678000636398792,7420.566900167614,24356.33140460878
1788729878,200,,Aggregated,188.500000,0.000000,7,120,140,150,190,230,300,380,4200,5200,7400,99409,26,7,83.45556190380893,1.5678000636398792,7420.566900167614,24357.882505608144
1788729879,200,,Aggregated,189.300000,0.000000,7,120,140,150,190,230,300,380,4200,5200,7400,99601,26,7,83.40511522568801,1.5678000636398792,7420.566900167614,24358.822742743545
1788729880,200,,Aggregated,187.800000,0.000000,7,120,140,150,190,230,300,380,4200,5200,7400,99792,26,7,83.36271631186399,1.5678000636398792,7420.566900167614,24359.149510982843
1788729881,200,,Aggregated,189.200000,0.000000,7,120,140,150,190,230,300,380,4200,5200,7400,99985,26,7,83.29930049200051,1.5678000636398792,7420.566900167614,24353.046206931038
1788729882,200,,Aggregated,189.600000,0.000000,7,120,140,150,190,230,300,380,4200,5200,7400,100177,26,7,83.25144920582184,1.5678000636398792,7420.566900167614,24350.597192968446
1788729883,200,,Aggregated,189.500000,0.000000,7,120,140,150,190,230,300,380,4200,5200,7400,100358,26,7,83.22486377359009,1.5678000636398792,7420.566900167614,24351.662787221747
1788729884,200,,Aggregated,189.900000,0.000000,7,120,140,150,190,230,300,380,4200,5200,7400,100554,26,7,83.22253120203061,1.5678000636398792,7420.566900167614,24355.86079121666
1788729885,200,,Aggregated,190.900000,0.000000,7,120,140,150,190,230,300,380,4200,5200,7400,100739,26,7,83.22778746948899,1.5678000636398792,7420.566900167614,24355.104329008627
1788729886,200,,Aggregated,189.700000,0.000000,7,120,140,150,190,230,300,380,4200,5200,7400,100917,26,7,83.23226672501363,1.5678000636398792,7420.566900167614,24362.77112874937
1788729887,200,,Aggregated,190.200000,0.000000,7,120,140,150,190,230,300,380,4100,5200,7400,101099,26,7,83.26011590309766,1.5678000636398792,7420.566900167614,24371.96678503249
1788729888,200,,Aggregated,190.000000,0.000000,7,120,140,150,190,230,300,380,4100,5200,7400,101292,26,7,83.2101759900718,1.5678000636398792,7420.566900167614,24370.947646408404
1788729889,200,,Aggregated,187.800000,0.000000,7,120,140,150,190,230,300,380,4100,5200,7400,101474,26,7,83.17213729413905,1.5678000636398792,7420.566900167614,24377.58767763171
1788729890,200,,Aggregated,188.900000,0.000000,7,120,140,150,190,230,300,380,4100,5200,7400,101666,26,7,83.16359252341672,1.5678000636398792,7420.566900167614,24374.290342887496
1788729891,200,,Aggregated,187.200000,0.000000,7,120,140,150,190,230,300,380,4100,5200,7400,101860,26,7,83.11651950015329,1.5678000636398792,7420.566900167614,24372.199352051837
1788729892,200,,Aggregated,186.500000,0.000000,7,120,140,150,190,230,300,380,4100,5200,7400,102048,26,7,83.05972019132582,1.5678000636398792,7420.566900167614,24371.546076356226
1788729893,200,,Aggregated,186.400000,0.000000,7,120,140,150,190,230,300,380,4100,5200,7400,102233,26,7,83.03065891526846,1.5678000636398792,7420.566900167614,24378.252912464664
1788729894,200,,Aggregated,186.100000,0.000000,7,120,140,150,190,230,300,380,4100,5200,7400,102424,26,7,82.99681582914718,1.5678000636398792,7420.566900167614,24378.535108958837
1788729895,200,,Aggregated,185.900000,0.000000,7,120,140,150,190,230,300,380,4100,5200,7400,102617,26,7,83.0074121596394,1.5678000636398792,7420.566900167614,24382.47984252122
1788729896,200,,Aggregated,186.100000,0.000000,7,120,140,150,190,230,300,380,4100,5200,7400,102809,26,7,82.95388312002302,1.5678000636398792,7420.566900167614,24375.084292231226
1788729898,200,,Aggregated,185.300000,0.000000,7,120,140,150,190,230,300,380,4100,5200,7400,102991,26,7,82.92410251950398,1.5678000636398792,7420.566900167614,24367.597265780507
1788729899,200,,Aggregated,188.000000,0.000000,7,120,140,150,190,230,300,380,4100,5200,7400,103177,26,7,82.91544919783833,1.5678000636398792,7420.566900167614,24371.542494935886
1788729900,200,,Aggregated,187.600000,0.000000,7,120,140,150,190,230,290,380,4100,5200,7400,103359,26,7,82.91076358017642,1.5678000636398792,7420.566900167614,24372.30406640931
1788729901,200,,Aggregated,187.200000,0.000000,7,120,140,150,190,230,290,380,4100,5200,7400,103550,26,7,82.86734175457309,1.5678000636398792,7420.566900167614,24370.133848382426
1788729902,200,,Aggregated,187.200000,0.000000,7,120,140,150,190,230,290,380,4100,5200,7400,103738,26,7,82.8620129025619,1.5678000636398792,7420.566900167614,24374.403468352964
1788729903,200,,Aggregated,186.600000,0.000000,7,120,140,150,190,230,290,380,4100,5200,7400,103922,26,7,82.82514993443186,1.5678000636398792,7420.566900167614,24374.691239583535
1788729904,200,,Aggregated,186.600000,0.000000,7,120,140,150,190,230,290,380,4100,5200,7400,104118,26,7,82.8230895232834,1.5678000636398792,7420.566900167614,24379.518968862252
1788729905,200,,Aggregated,186.000000,0.000000,7,120,140,150,190,230,290,380,4100,5200,7400,104298,26,7,82.81408245015291,1.5678000636398792,7420.566900167614,24375.8425089647
1788729906,200,,Aggregated,187.800000,0.000000,7,120,140,150,190,230,290,380,4100,5200,7400,104483,26,7,82.82170266154667,1.5678000636398792,7420.566900167614,24380.76853650833
1788729907,200,,Aggregated,186.800000,0.000000,7,120,140,150,190,230,290,380,4100,5200,7400,104662,26,7,82.83090932515033,1.5678000636398792,7420.566900167614,24387.88288968298
1788729908,200,,Aggregated,185.800000,0.000000,7,120,140,150,190,230,290,380,4100,5200,7400,104858,26,7,82.80251988585624,1.5678000636398792,7420.566900167614,24389.410841328274
1788729909,200,,Aggregated,184.100000,0.000000,7,120,140,150,190,230,290,370,4100,5200,7400,105038,26,7,82.75276946714466,1.5678000636398792,7420.566900167614,24382.508244635275
1788729910,200,,Aggregated,185.300000,0.000000,7,120,140,150,190,230,290,370,4100,5200,7400,105233,26,7,82.70137190035456,1.5678000636398792,7420.566900167614,24374.58645101822
1788729911,200,,Aggregated,184.900000,0.000000,7,120,140,150,190,230,290,370,4100,5200,7400,105422,26,7,82.64493117651071,1.5678000636398792,7420.566900167614,24368.07993587676
1788729912,200,,Aggregated,185.600000,0.000000,7,120,140,150,190,230,290,370,4100,5200,7400,105604,26,7,82.62320234263701,1.5678000636398792,7420.566900167614,24369.637276997084
1788729913,200,,Aggregated,186.100000,0.000000,7,120,140,150,190,230,290,370,4100,5200,7400,105792,26,7,82.59015379698087,1.5678000636398792,7420.566900167614,24373.02433076225
1788729914,200,,Aggregated,185.200000,0.000000,7,120,140,150,190,230,290,370,4100,5200,7400,105974,26,7,82.57008357985396,1.5678000636398792,7420.566900167614,24376.171409968483
1788729915,200,,Aggregated,185.200000,0.000000,7,120,140,150,190,230,290,370,4100,5200,7400,106168,26,7,82.5390545267096,1.5678000636398792,7420.566900167614,24372.56021588426
1788729916,200,,Aggregated,183.900000,0.000000,7,120,140,150,190,230,290,370,4100,5200,7400,106353,26,7,82.50681299908325,1.5678000636398792,7420.566900167614,24378.20530685547
1788729917,200,,Aggregated,185.600000,0.000000,7,120,140,150,190,230,290,370,4100,5200,7400,106541,26,7,82.48792401037804,1.5678000636398792,7420.566900167614,24377.566073154936
1788729918,200,,Aggregated,185.100000,0.000000,7,120,140,150,190,230,290,370,4100,5200,7400,106735,26,7,82.4494211841645,1.5678000636398792,7420.566900167614,24377.950765915586
