[2026-09-22 08:57:23,307] DESKTOP-2G72T6F/INFO/locust.main: Starting Locust 2.46.4
[2026-09-22 08:57:23,333] DESKTOP-2G72T6F/INFO/locust.main: Run time limit set to 600 seconds
Type     Name                                                                          # reqs      # fails |    Avg     Min     Max    Med |   req/s  failures/s
--------|----------------------------------------------------------------------------|-------|-------------|-------|-------|-------|-------|--------|-----------
--------|----------------------------------------------------------------------------|-------|-------------|-------|-------|-------|-------|--------|-----------
         Aggregated                                                                         0     0(0.00%) |      0       0       0      0 |    0.00        0.00

[2026-09-22 08:57:23,337] DESKTOP-2G72T6F/INFO/locust.runners: Ramping to 200 users at a rate of 1.00 per second
Type     Name                                                                          # reqs      # fails |    Avg     Min     Max    Med |   req/s  failures/s
--------|----------------------------------------------------------------------------|-------|-------------|-------|-------|-------|-------|--------|-----------
GET      [GET] /actuator/health                                                             1     0(0.00%) |      5       5       5      5 |    0.00        0.00
GET      [GET] /health                                                                      2     0(0.00%) |     13       7      19      8 |    0.00        0.00
--------|----------------------------------------------------------------------------|-------|-------------|-------|-------|-------|-------|--------|-----------
         Aggregated                                                                         3     0(0.00%) |     11       5      19      8 |    0.00        0.00

Type     Name                                                                          # reqs      # fails |    Avg     Min     Max    Med |   req/s  failures/s
--------|----------------------------------------------------------------------------|-------|-------------|-------|-------|-------|-------|--------|-----------
GET      [GET] /actuator/health                                                             2     0(0.00%) |      6       5       7      6 |    0.50        0.00
GET      [GET] /api/soporte/tickets                                                         3     0(0.00%) |      6       5       7      7 |    0.00        0.00
GET      [GET] /health                                                                      6     0(0.00%) |      7       2      19      3 |    1.00        0.00
--------|----------------------------------------------------------------------------|-------|-------------|-------|-------|-------|-------|--------|-----------
         Aggregated                                                                        11     0(0.00%) |      6       2      19      7 |    1.50        0.00

Type     Name                                                                          # reqs      # fails |    Avg     Min     Max    Med |   req/s  failures/s
--------|----------------------------------------------------------------------------|-------|-------------|-------|-------|-------|-------|--------|-----------
GET      [GET] /actuator/health                                                             5     0(0.00%) |      6       4       8      6 |    0.50        0.00
GET      [GET] /api/soporte/election/status                                                 1     0(0.00%) |      3       3       3      3 |    0.00        0.00
GET      [GET] /api/soporte/tickets                                                         6     0(0.00%) |      6       5       7      6 |    0.75        0.00
GET      [GET] /health                                                                     10     0(0.00%) |      6       2      19      4 |    1.25        0.00
--------|----------------------------------------------------------------------------|-------|-------------|-------|-------|-------|-------|--------|-----------
         Aggregated                                                                        22     0(0.00%) |      6       2      19      6 |    2.50        0.00

Type     Name                                                                          # reqs      # fails |    Avg     Min     Max    Med |   req/s  failures/s
--------|----------------------------------------------------------------------------|-------|-------------|-------|-------|-------|-------|--------|-----------
GET      [GET] /actuator/health                                                             5     0(0.00%) |      6       4       8      6 |    0.67        0.00
GET      [GET] /api/soporte/election/status                                                 2     0(0.00%) |      3       3       3      3 |    0.17        0.00
GET      [GET] /api/soporte/tickets                                                        12     0(0.00%) |      6       5      13      6 |    1.00        0.00
GET      [GET] /health                                                                     18     0(0.00%) |      5       2      19      4 |    1.67        0.00
--------|----------------------------------------------------------------------------|-------|-------------|-------|-------|-------|-------|--------|-----------
         Aggregated                                                                        37     0(0.00%) |      5       2      19      6 |    3.50        0.00

Type     Name                                                                          # reqs      # fails |    Avg     Min     Max    Med |   req/s  failures/s
--------|----------------------------------------------------------------------------|-------|-------------|-------|-------|-------|-------|--------|-----------
GET      [GET] /actuator/health                                                             7     0(0.00%) |      6       4       8      7 |    0.62        0.00
GET      [GET] /api/soporte/election/status                                                 6     0(0.00%) |      3       3       4      4 |    0.25        0.00
GET      [GET] /api/soporte/tickets                                                        17     0(0.00%) |      7       5      13      7 |    1.50        0.00
GET      [GET] /health                                                                     25     0(0.00%) |      5       2      19      4 |    2.00        0.00
--------|----------------------------------------------------------------------------|-------|-------------|-------|-------|-------|-------|--------|-----------
         Aggregated                                                                        55     0(0.00%) |      5       2      19      5 |    4.38        0.00

Type     Name                                                                          # reqs      # fails |    Avg     Min     Max    Med |   req/s  failures/s
--------|----------------------------------------------------------------------------|-------|-------------|-------|-------|-------|-------|--------|-----------
GET      [GET] /actuator/health                                                            11     0(0.00%) |      6       3       8      6 |    0.70        0.00
GET      [GET] /api/soporte/election/status                                                 6     0(0.00%) |      3       3       4      4 |    0.50        0.00
GET      [GET] /api/soporte/tickets                                                        26     0(0.00%) |      6       5      13      7 |    1.70        0.00
GET      [GET] /health                                                                     38     0(0.00%) |      4       2      19      4 |    2.40        0.00
--------|----------------------------------------------------------------------------|-------|-------------|-------|-------|-------|-------|--------|-----------
         Aggregated                                                                        81     0(0.00%) |      5       2      19      5 |    5.30        0.00

Type     Name                                                                          # reqs      # fails |    Avg     Min     Max    Med |   req/s  failures/s
--------|----------------------------------------------------------------------------|-------|-------------|-------|-------|-------|-------|--------|-----------
GET      [GET] /actuator/health                                                            14     0(0.00%) |      6       3       9      5 |    1.00        0.00
GET      [GET] /api/soporte/election/status                                                 7     0(0.00%) |      3       3       4      4 |    0.60        0.00
GET      [GET] /api/soporte/tickets                                                        33     0(0.00%) |      6       5      13      7 |    2.50        0.00
GET      [GET] /health                                                                     52     0(0.00%) |      4       2      19      4 |    3.10        0.00
--------|----------------------------------------------------------------------------|-------|-------------|-------|-------|-------|-------|--------|-----------
         Aggregated                                                                       106     0(0.00%) |      5       2      19      5 |    7.20        0.00

Type     Name                                                                          # reqs      # fails |    Avg     Min     Max    Med |   req/s  failures/s
--------|----------------------------------------------------------------------------|-------|-------------|-------|-------|-------|-------|--------|-----------
GET      [GET] /actuator/health                                                            18     0(0.00%) |      5       3       9      5 |    1.20        0.00
GET      [GET] /api/soporte/election/status                                                12     0(0.00%) |      4       3       4      4 |    0.70        0.00
GET      [GET] /api/soporte/tickets                                                        47     0(0.00%) |      7       4      13      7 |    2.90        0.00
GET      [GET] /health                                                                     65     0(0.00%) |      4       2      38      4 |    4.40        0.00
--------|----------------------------------------------------------------------------|-------|-------------|-------|-------|-------|-------|--------|-----------
         Aggregated                                                                       142     0(0.00%) |      5       2      38      5 |    9.20        0.00

Type     Name                                                                          # reqs      # fails |    Avg     Min     Max    Med |   req/s  failures/s
--------|----------------------------------------------------------------------------|-------|-------------|-------|-------|-------|-------|--------|-----------
GET      [GET] /actuator/health                                                            23     0(0.00%) |      5       3       9      5 |    1.20        0.00
GET      [GET] /api/soporte/election/status                                                16     0(0.00%) |      4       2       5      4 |    1.00        0.00
GET      [GET] /api/soporte/tickets                                                        57     0(0.00%) |      7       4      13      7 |    3.80        0.00
GET      [GET] /health                                                                     81     0(0.00%) |      4       2      38      4 |    5.40        0.00
--------|----------------------------------------------------------------------------|-------|-------------|-------|-------|-------|-------|--------|-----------
         Aggregated                                                                       177     0(0.00%) |      5       2      38      5 |   11.40        0.00

Type     Name                                                                          # reqs      # fails |    Avg     Min     Max    Med |   req/s  failures/s
--------|----------------------------------------------------------------------------|-------|-------------|-------|-------|-------|-------|--------|-----------
GET      [GET] /actuator/health                                                            27     0(0.00%) |      5       3       9      5 |    1.80        0.00
GET      [GET] /api/soporte/election/status                                                22     0(0.00%) |      4       2       6      4 |    1.30        0.00
GET      [GET] /api/soporte/tickets                                                        71     0(0.00%) |      7       4      26      7 |    4.10        0.00
GET      [GET] /health                                                                     97     0(0.00%) |      4       2      38      4 |    6.30        0.00
--------|----------------------------------------------------------------------------|-------|-------------|-------|-------|-------|-------|--------|-----------
         Aggregated                                                                       217     0(0.00%) |      5       2      38      5 |   13.50        0.00

Type     Name                                                                          # reqs      # fails |    Avg     Min     Max    Med |   req/s  failures/s
--------|----------------------------------------------------------------------------|-------|-------------|-------|-------|-------|-------|--------|-----------
GET      [GET] /actuator/health                                                            36     0(0.00%) |      5       2       9      5 |    1.80        0.00
GET      [GET] /api/soporte/election/status                                                25     0(0.00%) |      4       2       7      4 |    1.50        0.00
GET      [GET] /api/soporte/tickets                                                        83     0(0.00%) |      7       4      26      7 |    5.40        0.00
GET      [GET] /health                                                                    119     0(0.00%) |      4       2      38      4 |    6.90        0.00
--------|----------------------------------------------------------------------------|-------|-------------|-------|-------|-------|-------|--------|-----------
         Aggregated                                                                       263     0(0.00%) |      5       2      38      5 |   15.60        0.00

Type     Name                                                                          # reqs      # fails |    Avg     Min     Max    Med |   req/s  failures/s
--------|----------------------------------------------------------------------------|-------|-------------|-------|-------|-------|-------|--------|-----------
GET      [GET] /actuator/health                                                            42     0(0.00%) |      5       2       9      5 |    2.40        0.00
GET      [GET] /api/soporte/election/status                                                30     0(0.00%) |      4       2       7      4 |    1.90        0.00
GET      [GET] /api/soporte/tickets                                                        96     0(0.00%) |      7       4      26      7 |    5.30        0.00
GET      [GET] /health                                                                    140     0(0.00%) |      4       2      38      4 |    8.20        0.00
--------|----------------------------------------------------------------------------|-------|-------------|-------|-------|-------|-------|--------|-----------
         Aggregated                                                                       308     0(0.00%) |      5       2      38      5 |   17.80        0.00

Type     Name                                                                          # reqs      # fails |    Avg     Min     Max    Med |   req/s  failures/s
--------|----------------------------------------------------------------------------|-------|-------------|-------|-------|-------|-------|--------|-----------
GET      [GET] /actuator/health                                                            49     0(0.00%) |      4       2       9      4 |    2.70        0.00
GET      [GET] /api/soporte/election/status                                                36     0(0.00%) |      4       2       8      4 |    2.30        0.00
GET      [GET] /api/soporte/tickets                                                       118     0(0.00%) |      7       4      26      7 |    5.90        0.00
GET      [GET] /health                                                                    153     0(0.00%) |      4       2      38      4 |    8.60        0.00
--------|----------------------------------------------------------------------------|-------|-------------|-------|-------|-------|-------|--------|-----------
         Aggregated                                                                       356     0(0.00%) |      5       2      38      5 |   19.50        0.00

Type     Name                                                                          # reqs      # fails |    Avg     Min     Max    Med |   req/s  failures/s
--------|----------------------------------------------------------------------------|-------|-------------|-------|-------|-------|-------|--------|-----------
GET      [GET] /actuator/health                                                            58     0(0.00%) |      4       2       9      5 |    3.10        0.00
GET      [GET] /api/soporte/election/status                                                38     0(0.00%) |      4       2       8      4 |    2.40        0.00
GET      [GET] /api/soporte/tickets                                                       137     0(0.00%) |      7       4      26      7 |    7.20        0.00
GET      [GET] /health                                                                    184     0(0.00%) |      4       2      38      4 |    8.70        0.00
--------|----------------------------------------------------------------------------|-------|-------------|-------|-------|-------|-------|--------|-----------
         Aggregated                                                                       417     0(0.00%) |      5       2      38      5 |   21.40        0.00

Type     Name                                                                          # reqs      # fails |    Avg     Min     Max    Med |   req/s  failures/s
--------|----------------------------------------------------------------------------|-------|-------------|-------|-------|-------|-------|--------|-----------
GET      [GET] /actuator/health                                                            67     0(0.00%) |      4       2       9      5 |    3.40        0.00
GET      [GET] /api/soporte/election/status                                                46     0(0.00%) |      4       2       9      4 |    2.30        0.00
GET      [GET] /api/soporte/tickets                                                       152     0(0.00%) |      7       4      26      7 |    7.90        0.00
GET      [GET] /health                                                                    213     0(0.00%) |      4       2      38      4 |   10.00        0.00
--------|----------------------------------------------------------------------------|-------|-------------|-------|-------|-------|-------|--------|-----------
         Aggregated                                                                       478     0(0.00%) |      5       2      38      5 |   23.60        0.00

Type     Name                                                                          # reqs      # fails |    Avg     Min     Max    Med |   req/s  failures/s
--------|----------------------------------------------------------------------------|-------|-------------|-------|-------|-------|-------|--------|-----------
GET      [GET] /actuator/health                                                            79     0(0.00%) |      4       2       9      4 |    4.00        0.00
GET      [GET] /api/soporte/election/status                                                52     0(0.00%) |      4       2       9      4 |    2.50        0.00
GET      [GET] /api/soporte/tickets                                                       167     0(0.00%) |      7       4      26      7 |    7.80        0.00
GET      [GET] /health                                                                    239     0(0.00%) |      4       2      38      4 |   11.10        0.00
--------|----------------------------------------------------------------------------|-------|-------------|-------|-------|-------|-------|--------|-----------
         Aggregated                                                                       537     0(0.00%) |      5       2      38      4 |   25.40        0.00

Type     Name                                                                          # reqs      # fails |    Avg     Min     Max    Med |   req/s  failures/s
--------|----------------------------------------------------------------------------|-------|-------------|-------|-------|-------|-------|--------|-----------
GET      [GET] /actuator/health                                                            85     0(0.00%) |      4       2       9      4 |    4.30        0.00
GET      [GET] /api/soporte/election/status                                                64     0(0.00%) |      4       2       9      4 |    2.60        0.00
GET      [GET] /api/soporte/tickets                                                       180     0(0.00%) |      7       4      26      7 |    8.40        0.00
GET      [GET] /health                                                                    267     0(0.00%) |      4       2      38      4 |   11.80        0.00
--------|----------------------------------------------------------------------------|-------|-------------|-------|-------|-------|-------|--------|-----------
         Aggregated                                                                       596     0(0.00%) |      5       2      38      4 |   27.10        0.00

Type     Name                                                                          # reqs      # fails |    Avg     Min     Max    Med |   req/s  failures/s
--------|----------------------------------------------------------------------------|-------|-------------|-------|-------|-------|-------|--------|-----------
GET      [GET] /actuator/health                                                            96     0(0.00%) |      4       2       9      4 |    4.40        0.00
GET      [GET] /api/soporte/election/status                                                78     0(0.00%) |      4       2       9      4 |    3.20        0.00
GET      [GET] /api/soporte/tickets                                                       199     0(0.00%) |      7       4      26      7 |    8.60        0.00
GET      [GET] /health                                                                    294     0(0.00%) |      4       2      38      4 |   12.70        0.00
--------|----------------------------------------------------------------------------|-------|-------------|-------|-------|-------|-------|--------|-----------
         Aggregated                                                                       667     0(0.00%) |      5       2      38      4 |   28.90        0.00

Type     Name                                                                          # reqs      # fails |    Avg     Min     Max    Med |   req/s  failures/s
--------|----------------------------------------------------------------------------|-------|-------------|-------|-------|-------|-------|--------|-----------
GET      [GET] /actuator/health                                                           106     0(0.00%) |      4       2       9      4 |    4.90        0.00
GET      [GET] /api/soporte/election/status                                                88     0(0.00%) |      4       2       9      4 |    4.00        0.00
GET      [GET] /api/soporte/tickets                                                       218     0(0.00%) |      7       4      30      7 |    7.80        0.00
GET      [GET] /health                                                                    327     0(0.00%) |      4       2      38      4 |   13.70        0.00
--------|----------------------------------------------------------------------------|-------|-------------|-------|-------|-------|-------|--------|-----------
         Aggregated                                                                       739     0(0.00%) |      5       2      38      4 |   30.40        0.00

Type     Name                                                                          # reqs      # fails |    Avg     Min     Max    Med |   req/s  failures/s
--------|----------------------------------------------------------------------------|-------|-------------|-------|-------|-------|-------|--------|-----------
GET      [GET] /actuator/health                                                           116     0(0.00%) |      4       2       9      4 |    4.80        0.00
GET      [GET] /api/soporte/election/status                                               105     0(0.00%) |      4       2       9      4 |    4.60        0.00
GET      [GET] /api/soporte/tickets                                                       245     0(0.00%) |      7       4      30      7 |    8.30        0.00
GET      [GET] /health                                                                    355     0(0.00%) |      4       2      38      4 |   14.40        0.00
--------|----------------------------------------------------------------------------|-------|-------------|-------|-------|-------|-------|--------|-----------
         Aggregated                                                                       821     0(0.00%) |      5       2      38      4 |   32.10        0.00

Type     Name                                                                          # reqs      # fails |    Avg     Min     Max    Med |   req/s  failures/s
--------|----------------------------------------------------------------------------|-------|-------------|-------|-------|-------|-------|--------|-----------
GET      [GET] /actuator/health                                                           128     0(0.00%) |      4       2       9      4 |    4.90        0.00
GET      [GET] /api/soporte/election/status                                               115     0(0.00%) |      4       2       9      4 |    5.80        0.00
GET      [GET] /api/soporte/tickets                                                       267     0(0.00%) |      7       4      30      7 |    8.70        0.00
GET      [GET] /health                                                                    392     0(0.00%) |      4       2      38      4 |   14.50        0.00
--------|----------------------------------------------------------------------------|-------|-------------|-------|-------|-------|-------|--------|-----------
         Aggregated                                                                       902     0(0.00%) |      5       2      38      4 |   33.90        0.00

Type     Name                                                                          # reqs      # fails |    Avg     Min     Max    Med |   req/s  failures/s
--------|----------------------------------------------------------------------------|-------|-------------|-------|-------|-------|-------|--------|-----------
GET      [GET] /actuator/health                                                           150     0(0.00%) |      4       2       9      4 |    4.60        0.00
GET      [GET] /api/soporte/election/status                                               126     0(0.00%) |      4       2      10      4 |    6.40        0.00
GET      [GET] /api/soporte/tickets                                                       286     0(0.00%) |      7       4      30      7 |   10.10        0.00
GET      [GET] /health                                                                    434     0(0.00%) |      4       2      38      4 |   14.90        0.00
--------|----------------------------------------------------------------------------|-------|-------------|-------|-------|-------|-------|--------|-----------
         Aggregated                                                                       996     0(0.00%) |      5       2      38      4 |   36.00        0.00

Type     Name                                                                          # reqs      # fails |    Avg     Min     Max    Med |   req/s  failures/s
--------|----------------------------------------------------------------------------|-------|-------------|-------|-------|-------|-------|--------|-----------
GET      [GET] /actuator/health                                                           165     0(0.00%) |      4       2       9      4 |    6.10        0.00
GET      [GET] /api/soporte/election/status                                               136     0(0.00%) |      4       2      10      4 |    5.90        0.00
GET      [GET] /api/soporte/tickets                                                       304     0(0.00%) |      7       4      32      7 |   10.50        0.00
GET      [GET] /health                                                                    476     0(0.00%) |      4       2      38      4 |   15.70        0.00
--------|----------------------------------------------------------------------------|-------|-------------|-------|-------|-------|-------|--------|-----------
         Aggregated                                                                      1081     0(0.00%) |      5       2      38      4 |   38.20        0.00

Type     Name                                                                          # reqs      # fails |    Avg     Min     Max    Med |   req/s  failures/s
--------|----------------------------------------------------------------------------|-------|-------------|-------|-------|-------|-------|--------|-----------
GET      [GET] /actuator/health                                                           178     0(0.00%) |      4       2       9      4 |    6.70        0.00
GET      [GET] /api/soporte/election/status                                               146     0(0.00%) |      4       2      10      4 |    5.70        0.00
GET      [GET] /api/soporte/tickets                                                       330     0(0.00%) |      7       4      32      7 |   10.60        0.00
GET      [GET] /health                                                                    517     0(0.00%) |      4       2      38      4 |   17.70        0.00
--------|----------------------------------------------------------------------------|-------|-------------|-------|-------|-------|-------|--------|-----------
         Aggregated                                                                      1171     0(0.00%) |      5       2      38      4 |   40.70        0.00

Type     Name                                                                          # reqs      # fails |    Avg     Min     Max    Med |   req/s  failures/s
--------|----------------------------------------------------------------------------|-------|-------------|-------|-------|-------|-------|--------|-----------
GET      [GET] /actuator/health                                                           194     0(0.00%) |      4       2       9      4 |    7.00        0.00
GET      [GET] /api/soporte/election/status                                               155     0(0.00%) |      4       2      10      4 |    6.00        0.00
GET      [GET] /api/soporte/tickets                                                       360     0(0.00%) |      7       4      32      7 |   11.10        0.00
GET      [GET] /health                                                                    567     0(0.00%) |      4       2      38      4 |   18.30        0.00
--------|----------------------------------------------------------------------------|-------|-------------|-------|-------|-------|-------|--------|-----------
         Aggregated                                                                      1276     0(0.00%) |      5       2      38      4 |   42.40        0.00

Type     Name                                                                          # reqs      # fails |    Avg     Min     Max    Med |   req/s  failures/s
--------|----------------------------------------------------------------------------|-------|-------------|-------|-------|-------|-------|--------|-----------
GET      [GET] /actuator/health                                                           207     0(0.00%) |      4       2       9      4 |    7.90        0.00
GET      [GET] /api/soporte/election/status                                               168     0(0.00%) |      4       2      10      4 |    4.90        0.00
GET      [GET] /api/soporte/tickets                                                       388     0(0.00%) |      7       4      32      7 |   11.50        0.00
GET      [GET] /health                                                                    610     0(0.00%) |      4       2      38      4 |   20.30        0.00
--------|----------------------------------------------------------------------------|-------|-------------|-------|-------|-------|-------|--------|-----------
         Aggregated                                                                      1373     0(0.00%) |      5       2      38      4 |   44.60        0.00

Type     Name                                                                          # reqs      # fails |    Avg     Min     Max    Med |   req/s  failures/s
--------|----------------------------------------------------------------------------|-------|-------------|-------|-------|-------|-------|--------|-----------
GET      [GET] /actuator/health                                                           226     0(0.00%) |      4       2       9      4 |    8.00        0.00
GET      [GET] /api/soporte/election/status                                               190     0(0.00%) |      4       2      10      4 |    5.20        0.00
GET      [GET] /api/soporte/tickets                                                       408     0(0.00%) |      7       4      32      7 |   12.00        0.00
GET      [GET] /health                                                                    655     0(0.00%) |      4       2      38      4 |   21.60        0.00
--------|----------------------------------------------------------------------------|-------|-------------|-------|-------|-------|-------|--------|-----------
         Aggregated                                                                      1479     0(0.00%) |      4       2      38      4 |   46.80        0.00

Type     Name                                                                          # reqs      # fails |    Avg     Min     Max    Med |   req/s  failures/s
--------|----------------------------------------------------------------------------|-------|-------------|-------|-------|-------|-------|--------|-----------
GET      [GET] /actuator/health                                                           243     0(0.00%) |      4       2       9      4 |    7.60        0.00
GET      [GET] /api/soporte/election/status                                               208     0(0.00%) |      4       2      10      4 |    6.40        0.00
GET      [GET] /api/soporte/tickets                                                       451     0(0.00%) |      7       4      32      7 |   11.90        0.00
GET      [GET] /health                                                                    693     0(0.00%) |      3       2      38      4 |   22.50        0.00
--------|----------------------------------------------------------------------------|-------|-------------|-------|-------|-------|-------|--------|-----------
         Aggregated                                                                      1595     0(0.00%) |      5       2      38      4 |   48.40        0.00

Type     Name                                                                          # reqs      # fails |    Avg     Min     Max    Med |   req/s  failures/s
--------|----------------------------------------------------------------------------|-------|-------------|-------|-------|-------|-------|--------|-----------
GET      [GET] /actuator/health                                                           259     0(0.00%) |      4       2       9      4 |    7.50        0.00
GET      [GET] /api/soporte/election/status                                               222     0(0.00%) |      4       2      11      4 |    7.00        0.00
GET      [GET] /api/soporte/tickets                                                       482     0(0.00%) |      7       4      32      7 |   14.20        0.00
GET      [GET] /health                                                                    746     0(0.00%) |      3       2      38      4 |   21.80        0.00
--------|----------------------------------------------------------------------------|-------|-------------|-------|-------|-------|-------|--------|-----------
         Aggregated                                                                      1709     0(0.00%) |      5       2      38      4 |   50.50        0.00

Type     Name                                                                          # reqs      # fails |    Avg     Min     Max    Med |   req/s  failures/s
--------|----------------------------------------------------------------------------|-------|-------------|-------|-------|-------|-------|--------|-----------
GET      [GET] /actuator/health                                                           271     0(0.00%) |      4       2       9      4 |    8.00        0.00
GET      [GET] /api/soporte/election/status                                               238     0(0.00%) |      4       2      11      4 |    7.70        0.00
GET      [GET] /api/soporte/tickets                                                       519     0(0.00%) |      7       4      32      7 |   14.40        0.00
GET      [GET] /health                                                                    797     0(0.00%) |      3       2      38      4 |   22.70        0.00
--------|----------------------------------------------------------------------------|-------|-------------|-------|-------|-------|-------|--------|-----------
         Aggregated                                                                      1825     0(0.00%) |      5       2      38      4 |   52.80        0.00

Type     Name                                                                          # reqs      # fails |    Avg     Min     Max    Med |   req/s  failures/s
--------|----------------------------------------------------------------------------|-------|-------------|-------|-------|-------|-------|--------|-----------
GET      [GET] /actuator/health                                                           287     0(0.00%) |      4       2       9      4 |    7.40        0.00
GET      [GET] /api/soporte/election/status                                               260     0(0.00%) |      4       2      11      4 |    8.40        0.00
GET      [GET] /api/soporte/tickets                                                       555     0(0.00%) |      7       4      32      7 |   15.90        0.00
GET      [GET] /health                                                                    850     0(0.00%) |      4       2      38      4 |   22.90        0.00
--------|----------------------------------------------------------------------------|-------|-------------|-------|-------|-------|-------|--------|-----------
         Aggregated                                                                      1952     0(0.00%) |      5       2      38      4 |   54.60        0.00

Type     Name                                                                          # reqs      # fails |    Avg     Min     Max    Med |   req/s  failures/s
--------|----------------------------------------------------------------------------|-------|-------------|-------|-------|-------|-------|--------|-----------
GET      [GET] /actuator/health                                                           304     0(0.00%) |      4       2       9      4 |    7.80        0.00
GET      [GET] /api/soporte/election/status                                               275     0(0.00%) |      4       2      11      4 |    8.80        0.00
GET      [GET] /api/soporte/tickets                                                       592     0(0.00%) |      7       4      32      7 |   16.10        0.00
GET      [GET] /health                                                                    911     0(0.00%) |      4       2      38      4 |   23.90        0.00
--------|----------------------------------------------------------------------------|-------|-------------|-------|-------|-------|-------|--------|-----------
         Aggregated                                                                      2082     0(0.00%) |      5       2      38      4 |   56.60        0.00

Type     Name                                                                          # reqs      # fails |    Avg     Min     Max    Med |   req/s  failures/s
--------|----------------------------------------------------------------------------|-------|-------------|-------|-------|-------|-------|--------|-----------
GET      [GET] /actuator/health                                                           324     0(0.00%) |      4       2       9      4 |    7.70        0.00
GET      [GET] /api/soporte/election/status                                               294     0(0.00%) |      4       2      11      4 |    8.60        0.00
GET      [GET] /api/soporte/tickets                                                       634     0(0.00%) |      7       4      32      7 |   18.20        0.00
GET      [GET] /health                                                                    963     0(0.00%) |      3       2      38      4 |   24.70        0.00
--------|----------------------------------------------------------------------------|-------|-------------|-------|-------|-------|-------|--------|-----------
         Aggregated                                                                      2215     0(0.00%) |      5       2      38      4 |   59.20        0.00

Type     Name                                                                          # reqs      # fails |    Avg     Min     Max    Med |   req/s  failures/s
--------|----------------------------------------------------------------------------|-------|-------------|-------|-------|-------|-------|--------|-----------
GET      [GET] /actuator/health                                                           342     0(0.00%) |      4       2       9      4 |    8.00        0.00
GET      [GET] /api/soporte/election/status                                               313     0(0.00%) |      4       2      11      4 |    8.90        0.00
GET      [GET] /api/soporte/tickets                                                       672     0(0.00%) |      7       4      32      7 |   17.80        0.00
GET      [GET] /health                                                                   1020     0(0.00%) |      3       2      38      4 |   26.80        0.00
--------|----------------------------------------------------------------------------|-------|-------------|-------|-------|-------|-------|--------|-----------
         Aggregated                                                                      2347     0(0.00%) |      5       2      38      4 |   61.50        0.00

Type     Name                                                                          # reqs      # fails |    Avg     Min     Max    Med |   req/s  failures/s
--------|----------------------------------------------------------------------------|-------|-------------|-------|-------|-------|-------|--------|-----------
GET      [GET] /actuator/health                                                           365     0(0.00%) |      4       2       9      4 |    7.80        0.00
GET      [GET] /api/soporte/election/status                                               336     0(0.00%) |      4       2      11      4 |    8.50        0.00
GET      [GET] /api/soporte/tickets                                                       703     0(0.00%) |      7       4      32      7 |   19.20        0.00
GET      [GET] /health                                                                   1077     0(0.00%) |      4       2      38      4 |   27.40        0.00
--------|----------------------------------------------------------------------------|-------|-------------|-------|-------|-------|-------|--------|-----------
         Aggregated                                                                      2481     0(0.00%) |      5       2      38      4 |   62.90        0.00

Type     Name                                                                          # reqs      # fails |    Avg     Min     Max    Med |   req/s  failures/s
--------|----------------------------------------------------------------------------|-------|-------------|-------|-------|-------|-------|--------|-----------
GET      [GET] /actuator/health                                                           387     0(0.00%) |      4       2       9      4 |    8.90        0.00
GET      [GET] /api/soporte/election/status                                               356     0(0.00%) |      4       2      11      4 |    9.30        0.00
GET      [GET] /api/soporte/tickets                                                       746     0(0.00%) |      7       4      32      7 |   18.50        0.00
GET      [GET] /health                                                                   1133     0(0.00%) |      4       2      38      4 |   28.50        0.00
--------|----------------------------------------------------------------------------|-------|-------------|-------|-------|-------|-------|--------|-----------
         Aggregated                                                                      2622     0(0.00%) |      5       2      38      4 |   65.20        0.00

Type     Name                                                                          # reqs      # fails |    Avg     Min     Max    Med |   req/s  failures/s
--------|----------------------------------------------------------------------------|-------|-------------|-------|-------|-------|-------|--------|-----------
GET      [GET] /actuator/health                                                           412     0(0.00%) |      4       2       9      4 |    9.70        0.00
GET      [GET] /api/soporte/election/status                                               376     0(0.00%) |      4       2      11      4 |    9.40        0.00
GET      [GET] /api/soporte/tickets                                                       785     0(0.00%) |      7       4      32      7 |   19.00        0.00
GET      [GET] /health                                                                   1187     0(0.00%) |      3       1      38      4 |   27.50        0.00
--------|----------------------------------------------------------------------------|-------|-------------|-------|-------|-------|-------|--------|-----------
         Aggregated                                                                      2760     0(0.00%) |      5       1      38      4 |   65.60        0.00

Type     Name                                                                          # reqs      # fails |    Avg     Min     Max    Med |   req/s  failures/s
--------|----------------------------------------------------------------------------|-------|-------------|-------|-------|-------|-------|--------|-----------
GET      [GET] /actuator/health                                                           433     0(0.00%) |      4       2       9      4 |   10.60        0.00
GET      [GET] /api/soporte/election/status                                               395     0(0.00%) |      4       2      11      4 |    9.90        0.00
GET      [GET] /api/soporte/tickets                                                       837     0(0.00%) |      7       4      32      7 |   19.00        0.00
GET      [GET] /health                                                                   1241     0(0.00%) |      3       1      38      4 |   28.10        0.00
--------|----------------------------------------------------------------------------|-------|-------------|-------|-------|-------|-------|--------|-----------
         Aggregated                                                                      2906     0(0.00%) |      5       1      38      4 |   67.60        0.00

Type     Name                                                                          # reqs      # fails |    Avg     Min     Max    Med |   req/s  failures/s
--------|----------------------------------------------------------------------------|-------|-------------|-------|-------|-------|-------|--------|-----------
GET      [GET] /actuator/health                                                           457     0(0.00%) |      4       2       9      4 |   11.00        0.00
GET      [GET] /api/soporte/election/status                                               418     0(0.00%) |      4       2      11      4 |    9.70        0.00
GET      [GET] /api/soporte/tickets                                                       879     0(0.00%) |      7       4      32      7 |   20.20        0.00
GET      [GET] /health                                                                   1306     0(0.00%) |      3       1      38      4 |   26.90        0.00
--------|----------------------------------------------------------------------------|-------|-------------|-------|-------|-------|-------|--------|-----------
         Aggregated                                                                      3060     0(0.00%) |      4       1      38      4 |   67.80        0.00

Type     Name                                                                          # reqs      # fails |    Avg     Min     Max    Med |   req/s  failures/s
--------|----------------------------------------------------------------------------|-------|-------------|-------|-------|-------|-------|--------|-----------
GET      [GET] /actuator/health                                                           478     0(0.00%) |      4       2      11      4 |   11.90        0.00
GET      [GET] /api/soporte/election/status                                               440     0(0.00%) |      4       2      11      4 |   10.50        0.00
GET      [GET] /api/soporte/tickets                                                       921     0(0.00%) |      7       4      32      7 |   20.30        0.00
GET      [GET] /health                                                                   1372     0(0.00%) |      3       1      38      4 |   27.80        0.00
--------|----------------------------------------------------------------------------|-------|-------------|-------|-------|-------|-------|--------|-----------
         Aggregated                                                                      3211     0(0.00%) |      4       1      38      4 |   70.50        0.00

Type     Name                                                                          # reqs      # fails |    Avg     Min     Max    Med |   req/s  failures/s
--------|----------------------------------------------------------------------------|-------|-------------|-------|-------|-------|-------|--------|-----------
GET      [GET] /actuator/health                                                           503     0(0.00%) |      4       2      12      4 |   11.70        0.00
GET      [GET] /api/soporte/election/status                                               475     0(0.00%) |      4       2      11      4 |   10.50        0.00
GET      [GET] /api/soporte/tickets                                                       964     0(0.00%) |      7       4      32      7 |   21.40        0.00
GET      [GET] /health                                                                   1437     0(0.00%) |      3       1      38      4 |   28.40        0.00
--------|----------------------------------------------------------------------------|-------|-------------|-------|-------|-------|-------|--------|-----------
         Aggregated                                                                      3379     0(0.00%) |      4       1      38      4 |   72.00        0.00

Type     Name                                                                          # reqs      # fails |    Avg     Min     Max    Med |   req/s  failures/s
--------|----------------------------------------------------------------------------|-------|-------------|-------|-------|-------|-------|--------|-----------
GET      [GET] /actuator/health                                                           526     0(0.00%) |      4       2      12      4 |   11.60        0.00
GET      [GET] /api/soporte/election/status                                               508     0(0.00%) |      4       2      11      4 |   11.50        0.00
GET      [GET] /api/soporte/tickets                                                      1003     0(0.00%) |      7       4      32      7 |   21.90        0.00
GET      [GET] /health                                                                   1502     0(0.00%) |      3       1      38      4 |   30.40        0.00
--------|----------------------------------------------------------------------------|-------|-------------|-------|-------|-------|-------|--------|-----------
         Aggregated                                                                      3539     0(0.00%) |      4       1      38      4 |   75.40        0.00

Type     Name                                                                          # reqs      # fails |    Avg     Min     Max    Med |   req/s  failures/s
--------|----------------------------------------------------------------------------|-------|-------------|-------|-------|-------|-------|--------|-----------
GET      [GET] /actuator/health                                                           555     0(0.00%) |      4       2      12      4 |   11.20        0.00
GET      [GET] /api/soporte/election/status                                               535     0(0.00%) |      4       2      11      4 |   12.30        0.00
GET      [GET] /api/soporte/tickets                                                      1052     0(0.00%) |      7       4      32      7 |   21.70        0.00
GET      [GET] /health                                                                   1565     0(0.00%) |      3       1      38      4 |   30.20        0.00
--------|----------------------------------------------------------------------------|-------|-------------|-------|-------|-------|-------|--------|-----------
         Aggregated                                                                      3707     0(0.00%) |      4       1      38      4 |   75.40        0.00

Type     Name                                                                          # reqs      # fails |    Avg     Min     Max    Med |   req/s  failures/s
--------|----------------------------------------------------------------------------|-------|-------------|-------|-------|-------|-------|--------|-----------
GET      [GET] /actuator/health                                                           583     0(0.00%) |      4       2      12      4 |   11.80        0.00
GET      [GET] /api/soporte/election/status                                               552     0(0.00%) |      4       2      11      4 |   13.70        0.00
GET      [GET] /api/soporte/tickets                                                      1107     0(0.00%) |      7       4      32      7 |   21.80        0.00
GET      [GET] /health                                                                   1645     0(0.00%) |      3       1      38      4 |   32.80        0.00
--------|----------------------------------------------------------------------------|-------|-------------|-------|-------|-------|-------|--------|-----------
         Aggregated                                                                      3887     0(0.00%) |      4       1      38      4 |   80.10        0.00

Type     Name                                                                          # reqs      # fails |    Avg     Min     Max    Med |   req/s  failures/s
--------|----------------------------------------------------------------------------|-------|-------------|-------|-------|-------|-------|--------|-----------
GET      [GET] /actuator/health                                                           610     0(0.00%) |      4       2      13      4 |   11.70        0.00
GET      [GET] /api/soporte/election/status                                               578     0(0.00%) |      4       2      11      4 |   13.60        0.00
GET      [GET] /api/soporte/tickets                                                      1163     0(0.00%) |      7       3      32      7 |   22.80        0.00
GET      [GET] /health                                                                   1713     0(0.00%) |      3       1      38      4 |   33.40        0.00
--------|----------------------------------------------------------------------------|-------|-------------|-------|-------|-------|-------|--------|-----------
         Aggregated                                                                      4064     0(0.00%) |      4       1      38      4 |   81.50        0.00

Type     Name                                                                          # reqs      # fails |    Avg     Min     Max    Med |   req/s  failures/s
--------|----------------------------------------------------------------------------|-------|-------------|-------|-------|-------|-------|--------|-----------
GET      [GET] /actuator/health                                                           639     0(0.00%) |      4       2      13      4 |   12.60        0.00
GET      [GET] /api/soporte/election/status                                               609     0(0.00%) |      4       2      11      4 |   14.00        0.00
GET      [GET] /api/soporte/tickets                                                      1216     0(0.00%) |      7       3      32      6 |   24.10        0.00
GET      [GET] /health                                                                   1784     0(0.00%) |      3       1      38      4 |   33.70        0.00
--------|----------------------------------------------------------------------------|-------|-------------|-------|-------|-------|-------|--------|-----------
         Aggregated                                                                      4248     0(0.00%) |      4       1      38      4 |   84.40        0.00

Type     Name                                                                          # reqs      # fails |    Avg     Min     Max    Med |   req/s  failures/s
--------|----------------------------------------------------------------------------|-------|-------------|-------|-------|-------|-------|--------|-----------
GET      [GET] /actuator/health                                                           661     0(0.00%) |      4       2      13      4 |   13.20        0.00
GET      [GET] /api/soporte/election/status                                               635     0(0.00%) |      4       2      11      4 |   13.80        0.00
GET      [GET] /api/soporte/tickets                                                      1271     0(0.00%) |      6       3      32      6 |   24.90        0.00
GET      [GET] /health                                                                   1864     0(0.00%) |      3       1      38      4 |   34.30        0.00
--------|----------------------------------------------------------------------------|-------|-------------|-------|-------|-------|-------|--------|-----------
         Aggregated                                                                      4431     0(0.00%) |      4       1      38      4 |   86.20        0.00

Type     Name                                                                          # reqs      # fails |    Avg     Min     Max    Med |   req/s  failures/s
--------|----------------------------------------------------------------------------|-------|-------------|-------|-------|-------|-------|--------|-----------
GET      [GET] /actuator/health                                                           685     0(0.00%) |      4       2      13      4 |   14.00        0.00
GET      [GET] /api/soporte/election/status                                               666     0(0.00%) |      4       2      11      4 |   13.50        0.00
GET      [GET] /api/soporte/tickets                                                      1332     0(0.00%) |      6       3      32      6 |   26.70        0.00
GET      [GET] /health                                                                   1942     0(0.00%) |      3       1      38      4 |   35.90        0.00
--------|----------------------------------------------------------------------------|-------|-------------|-------|-------|-------|-------|--------|-----------
         Aggregated                                                                      4625     0(0.00%) |      4       1      38      4 |   90.10        0.00

Type     Name                                                                          # reqs      # fails |    Avg     Min     Max    Med |   req/s  failures/s
--------|----------------------------------------------------------------------------|-------|-------------|-------|-------|-------|-------|--------|-----------
GET      [GET] /actuator/health                                                           715     0(0.00%) |      4       2      13      4 |   13.10        0.00
GET      [GET] /api/soporte/election/status                                               702     0(0.00%) |      4       2      11      4 |   13.50        0.00
GET      [GET] /api/soporte/tickets                                                      1378     0(0.00%) |      6       3      32      6 |   27.10        0.00
GET      [GET] /health                                                                   2031     0(0.00%) |      3       1      38      4 |   36.80        0.00
--------|----------------------------------------------------------------------------|-------|-------------|-------|-------|-------|-------|--------|-----------
         Aggregated                                                                      4826     0(0.00%) |      4       1      38      4 |   90.60        0.00

Type     Name                                                                          # reqs      # fails |    Avg     Min     Max    Med |   req/s  failures/s
--------|----------------------------------------------------------------------------|-------|-------------|-------|-------|-------|-------|--------|-----------
GET      [GET] /actuator/health                                                           748     0(0.00%) |      4       2      13      4 |   13.80        0.00
GET      [GET] /api/soporte/election/status                                               729     0(0.00%) |      4       2      11      4 |   14.00        0.00
GET      [GET] /api/soporte/tickets                                                      1439     0(0.00%) |      6       3      36      6 |   26.70        0.00
GET      [GET] /health                                                                   2112     0(0.00%) |      3       1      38      4 |   38.00        0.00
--------|----------------------------------------------------------------------------|-------|-------------|-------|-------|-------|-------|--------|-----------
         Aggregated                                                                      5028     0(0.00%) |      4       1      38      4 |   92.50        0.00

Type     Name                                                                          # reqs      # fails |    Avg     Min     Max    Med |   req/s  failures/s
--------|----------------------------------------------------------------------------|-------|-------------|-------|-------|-------|-------|--------|-----------
GET      [GET] /actuator/health                                                           775     0(0.00%) |      4       2      13      4 |   13.60        0.00
GET      [GET] /api/soporte/election/status                                               757     0(0.00%) |      4       2      11      4 |   14.20        0.00
GET      [GET] /api/soporte/tickets                                                      1491     0(0.00%) |      6       3      36      6 |   26.10        0.00
GET      [GET] /health                                                                   2196     0(0.00%) |      3       1      38      4 |   40.10        0.00
--------|----------------------------------------------------------------------------|-------|-------------|-------|-------|-------|-------|--------|-----------
         Aggregated                                                                      5219     0(0.00%) |      4       1      38      4 |   94.00        0.00

Type     Name                                                                          # reqs      # fails |    Avg     Min     Max    Med |   req/s  failures/s
--------|----------------------------------------------------------------------------|-------|-------------|-------|-------|-------|-------|--------|-----------
GET      [GET] /actuator/health                                                           806     0(0.00%) |      4       2      13      4 |   13.90        0.00
GET      [GET] /api/soporte/election/status                                               787     0(0.00%) |      4       2      11      4 |   14.80        0.00
GET      [GET] /api/soporte/tickets                                                      1547     0(0.00%) |      7       3     101      6 |   27.40        0.00
GET      [GET] /health                                                                   2285     0(0.00%) |      3       1      82      4 |   40.10        0.00
--------|----------------------------------------------------------------------------|-------|-------------|-------|-------|-------|-------|--------|-----------
         Aggregated                                                                      5425     0(0.00%) |      4       1     101      4 |   96.20        0.00

Type     Name                                                                          # reqs      # fails |    Avg     Min     Max    Med |   req/s  failures/s
--------|----------------------------------------------------------------------------|-------|-------------|-------|-------|-------|-------|--------|-----------
GET      [GET] /actuator/health                                                           839     0(0.00%) |      4       2      13      4 |   13.70        0.00
GET      [GET] /api/soporte/election/status                                               819     0(0.00%) |      4       2      11      4 |   14.70        0.00
GET      [GET] /api/soporte/tickets                                                      1587     0(0.00%) |      7       3     101      6 |   27.00        0.00
GET      [GET] /health                                                                   2386     0(0.00%) |      3       1      82      4 |   42.00        0.00
--------|----------------------------------------------------------------------------|-------|-------------|-------|-------|-------|-------|--------|-----------
         Aggregated                                                                      5631     0(0.00%) |      4       1     101      4 |   97.40        0.00

Type     Name                                                                          # reqs      # fails |    Avg     Min     Max    Med |   req/s  failures/s
--------|----------------------------------------------------------------------------|-------|-------------|-------|-------|-------|-------|--------|-----------
GET      [GET] /actuator/health                                                           877     0(0.00%) |      4       2      13      4 |   15.20        0.00
GET      [GET] /api/soporte/election/status                                               847     0(0.00%) |      4       2      11      4 |   14.50        0.00
GET      [GET] /api/soporte/tickets                                                      1637     0(0.00%) |      7       3     101      6 |   26.50        0.00
GET      [GET] /health                                                                   2481     0(0.00%) |      3       1      82      4 |   43.10        0.00
--------|----------------------------------------------------------------------------|-------|-------------|-------|-------|-------|-------|--------|-----------
         Aggregated                                                                      5842     0(0.00%) |      4       1     101      4 |   99.20        0.00

Type     Name                                                                          # reqs      # fails |    Avg     Min     Max    Med |   req/s  failures/s
--------|----------------------------------------------------------------------------|-------|-------------|-------|-------|-------|-------|--------|-----------
GET      [GET] /actuator/health                                                           911     0(0.00%) |      4       2      25      4 |   15.90        0.00
GET      [GET] /api/soporte/election/status                                               881     0(0.00%) |      4       2      11      4 |   14.90        0.00
GET      [GET] /api/soporte/tickets                                                      1698     0(0.00%) |      7       3     101      6 |   26.40        0.00
GET      [GET] /health                                                                   2576     0(0.00%) |      3       1      82      4 |   44.90        0.00
--------|----------------------------------------------------------------------------|-------|-------------|-------|-------|-------|-------|--------|-----------
         Aggregated                                                                      6066     0(0.00%) |      4       1     101      4 |  102.10        0.00

Type     Name                                                                          # reqs      # fails |    Avg     Min     Max    Med |   req/s  failures/s
--------|----------------------------------------------------------------------------|-------|-------------|-------|-------|-------|-------|--------|-----------
GET      [GET] /actuator/health                                                           950     0(0.00%) |      4       2      25      4 |   17.00        0.00
GET      [GET] /api/soporte/election/status                                               905     0(0.00%) |      4       2      11      4 |   15.40        0.00
GET      [GET] /api/soporte/tickets                                                      1770     0(0.00%) |      7       3     101      6 |   26.30        0.00
GET      [GET] /health                                                                   2669     0(0.00%) |      3       1      82      4 |   45.60        0.00
--------|----------------------------------------------------------------------------|-------|-------------|-------|-------|-------|-------|--------|-----------
         Aggregated                                                                      6294     0(0.00%) |      4       1     101      4 |  104.30        0.00

Type     Name                                                                          # reqs      # fails |    Avg     Min     Max    Med |   req/s  failures/s
--------|----------------------------------------------------------------------------|-------|-------------|-------|-------|-------|-------|--------|-----------
GET      [GET] /actuator/health                                                           985     0(0.00%) |      4       2      25      4 |   17.10        0.00
GET      [GET] /api/soporte/election/status                                               931     0(0.00%) |      4       2      11      4 |   14.70        0.00
GET      [GET] /api/soporte/tickets                                                      1843     0(0.00%) |      7       3     101      6 |   26.50        0.00
GET      [GET] /health                                                                   2763     0(0.00%) |      3       1      82      4 |   48.20        0.00
--------|----------------------------------------------------------------------------|-------|-------------|-------|-------|-------|-------|--------|-----------
         Aggregated                                                                      6522     0(0.00%) |      4       1     101      4 |  106.50        0.00

Type     Name                                                                          # reqs      # fails |    Avg     Min     Max    Med |   req/s  failures/s
--------|----------------------------------------------------------------------------|-------|-------------|-------|-------|-------|-------|--------|-----------
GET      [GET] /actuator/health                                                          1023     0(0.00%) |      4       2      25      4 |   17.90        0.00
GET      [GET] /api/soporte/election/status                                               963     0(0.00%) |      4       2      11      4 |   14.70        0.00
GET      [GET] /api/soporte/tickets                                                      1906     0(0.00%) |      7       3     101      6 |   28.80        0.00
GET      [GET] /health                                                                   2857     0(0.00%) |      3       1      82      4 |   47.70        0.00
--------|----------------------------------------------------------------------------|-------|-------------|-------|-------|-------|-------|--------|-----------
         Aggregated                                                                      6749     0(0.00%) |      4       1     101      4 |  109.10        0.00

Type     Name                                                                          # reqs      # fails |    Avg     Min     Max    Med |   req/s  failures/s
--------|----------------------------------------------------------------------------|-------|-------------|-------|-------|-------|-------|--------|-----------
GET      [GET] /actuator/health                                                          1053     0(0.00%) |      4       2      32      4 |   18.00        0.00
GET      [GET] /api/soporte/election/status                                               999     0(0.00%) |      4       2      11      4 |   14.80        0.00
GET      [GET] /api/soporte/tickets                                                      1969     0(0.00%) |      7       3     101      6 |   30.60        0.00
GET      [GET] /health                                                                   2962     0(0.00%) |      3       1      82      4 |   47.50        0.00
--------|----------------------------------------------------------------------------|-------|-------------|-------|-------|-------|-------|--------|-----------
         Aggregated                                                                      6983     0(0.00%) |      4       1     101      4 |  110.90        0.00

Type     Name                                                                          # reqs      # fails |    Avg     Min     Max    Med |   req/s  failures/s
--------|----------------------------------------------------------------------------|-------|-------------|-------|-------|-------|-------|--------|-----------
GET      [GET] /actuator/health                                                          1087     0(0.00%) |      4       2      32      4 |   17.80        0.00
GET      [GET] /api/soporte/election/status                                              1029     0(0.00%) |      4       2      34      4 |   15.20        0.00
GET      [GET] /api/soporte/tickets                                                      2045     0(0.00%) |      7       3     101      6 |   32.80        0.00
GET      [GET] /health                                                                   3065     0(0.00%) |      3       1      82      4 |   46.80        0.00
--------|----------------------------------------------------------------------------|-------|-------------|-------|-------|-------|-------|--------|-----------
         Aggregated                                                                      7226     0(0.00%) |      4       1     101      4 |  112.60        0.00

Type     Name                                                                          # reqs      # fails |    Avg     Min     Max    Med |   req/s  failures/s
--------|----------------------------------------------------------------------------|-------|-------------|-------|-------|-------|-------|--------|-----------
GET      [GET] /actuator/health                                                          1115     0(0.00%) |      4       2      32      4 |   16.80        0.00
GET      [GET] /api/soporte/election/status                                              1052     0(0.00%) |      4       2      34      4 |   15.00        0.00
GET      [GET] /api/soporte/tickets                                                      2125     0(0.00%) |      7       3     101      6 |   33.70        0.00
GET      [GET] /health                                                                   3181     0(0.00%) |      4       1      82      4 |   48.00        0.00
--------|----------------------------------------------------------------------------|-------|-------------|-------|-------|-------|-------|--------|-----------
         Aggregated                                                                      7473     0(0.00%) |      5       1     101      4 |  113.50        0.00

Type     Name                                                                          # reqs      # fails |    Avg     Min     Max    Med |   req/s  failures/s
--------|----------------------------------------------------------------------------|-------|-------------|-------|-------|-------|-------|--------|-----------
GET      [GET] /actuator/health                                                          1156     0(0.00%) |      4       2      32      4 |   16.90        0.00
GET      [GET] /api/soporte/election/status                                              1088     0(0.00%) |      4       2      34      4 |   14.80        0.00
GET      [GET] /api/soporte/tickets                                                      2196     0(0.00%) |      7       3     101      6 |   35.40        0.00
GET      [GET] /health                                                                   3274     0(0.00%) |      4       1      82      4 |   49.50        0.00
--------|----------------------------------------------------------------------------|-------|-------------|-------|-------|-------|-------|--------|-----------
         Aggregated                                                                      7714     0(0.00%) |      5       1     101      4 |  116.60        0.00

Type     Name                                                                          # reqs      # fails |    Avg     Min     Max    Med |   req/s  failures/s
--------|----------------------------------------------------------------------------|-------|-------------|-------|-------|-------|-------|--------|-----------
GET      [GET] /actuator/health                                                          1188     0(0.00%) |      4       2      32      4 |   16.60        0.00
GET      [GET] /api/soporte/election/status                                              1126     0(0.00%) |      4       2      34      4 |   15.50        0.00
GET      [GET] /api/soporte/tickets                                                      2269     0(0.00%) |      7       3     101      6 |   35.70        0.00
GET      [GET] /health                                                                   3382     0(0.00%) |      4       1      82      4 |   51.40        0.00
--------|----------------------------------------------------------------------------|-------|-------------|-------|-------|-------|-------|--------|-----------
         Aggregated                                                                      7965     0(0.00%) |      5       1     101      4 |  119.20        0.00

Type     Name                                                                          # reqs      # fails |    Avg     Min     Max    Med |   req/s  failures/s
--------|----------------------------------------------------------------------------|-------|-------------|-------|-------|-------|-------|--------|-----------
GET      [GET] /actuator/health                                                          1220     0(0.00%) |      4       2      32      4 |   16.90        0.00
GET      [GET] /api/soporte/election/status                                              1168     0(0.00%) |      4       2      34      4 |   15.40        0.00
GET      [GET] /api/soporte/tickets                                                      2331     0(0.00%) |      7       3     101      6 |   36.50        0.00
GET      [GET] /health                                                                   3490     0(0.00%) |      4       1      82      4 |   51.20        0.00
--------|----------------------------------------------------------------------------|-------|-------------|-------|-------|-------|-------|--------|-----------
         Aggregated                                                                      8209     0(0.00%) |      5       1     101      4 |  120.00        0.00

Type     Name                                                                          # reqs      # fails |    Avg     Min     Max    Med |   req/s  failures/s
--------|----------------------------------------------------------------------------|-------|-------------|-------|-------|-------|-------|--------|-----------
GET      [GET] /actuator/health                                                          1262     0(0.00%) |      4       2      32      4 |   16.20        0.00
GET      [GET] /api/soporte/election/status                                              1200     0(0.00%) |      4       2      34      4 |   16.80        0.00
GET      [GET] /api/soporte/tickets                                                      2407     0(0.00%) |      7       3     101      6 |   35.90        0.00
GET      [GET] /health                                                                   3604     0(0.00%) |      4       1      82      4 |   53.60        0.00
--------|----------------------------------------------------------------------------|-------|-------------|-------|-------|-------|-------|--------|-----------
         Aggregated                                                                      8473     0(0.00%) |      5       1     101      4 |  122.50        0.00

Type     Name                                                                          # reqs      # fails |    Avg     Min     Max    Med |   req/s  failures/s
--------|----------------------------------------------------------------------------|-------|-------------|-------|-------|-------|-------|--------|-----------
GET      [GET] /actuator/health                                                          1309     0(0.00%) |      4       2      32      4 |   17.60        0.00
GET      [GET] /api/soporte/election/status                                              1225     0(0.00%) |      4       2      34      4 |   16.80        0.00
GET      [GET] /api/soporte/tickets                                                      2492     0(0.00%) |      7       3     101      6 |   36.20        0.00
GET      [GET] /health                                                                   3715     0(0.00%) |      4       1      82      4 |   54.00        0.00
--------|----------------------------------------------------------------------------|-------|-------------|-------|-------|-------|-------|--------|-----------
         Aggregated                                                                      8741     0(0.00%) |      5       1     101      4 |  124.60        0.00

Type     Name                                                                          # reqs      # fails |    Avg     Min     Max    Med |   req/s  failures/s
--------|----------------------------------------------------------------------------|-------|-------------|-------|-------|-------|-------|--------|-----------
GET      [GET] /actuator/health                                                          1349     0(0.00%) |      4       2      32      4 |   18.70        0.00
GET      [GET] /api/soporte/election/status                                              1269     0(0.00%) |      4       2      34      4 |   17.20        0.00
GET      [GET] /api/soporte/tickets                                                      2566     0(0.00%) |      7       3     101      6 |   36.20        0.00
GET      [GET] /health                                                                   3823     0(0.00%) |      4       1      82      4 |   53.10        0.00
--------|----------------------------------------------------------------------------|-------|-------------|-------|-------|-------|-------|--------|-----------
         Aggregated                                                                      9007     0(0.00%) |      5       1     101      4 |  125.20        0.00

Type     Name                                                                          # reqs      # fails |    Avg     Min     Max    Med |   req/s  failures/s
--------|----------------------------------------------------------------------------|-------|-------------|-------|-------|-------|-------|--------|-----------
GET      [GET] /actuator/health                                                          1379     0(0.00%) |      4       2      32      4 |   19.00        0.00
GET      [GET] /api/soporte/election/status                                              1303     0(0.00%) |      4       2      34      4 |   17.30        0.00
GET      [GET] /api/soporte/tickets                                                      2643     0(0.00%) |      7       3     101      6 |   36.60        0.00
GET      [GET] /health                                                                   3951     0(0.00%) |      4       1      82      4 |   53.90        0.00
--------|----------------------------------------------------------------------------|-------|-------------|-------|-------|-------|-------|--------|-----------
         Aggregated                                                                      9276     0(0.00%) |      5       1     101      4 |  126.80        0.00

Type     Name                                                                          # reqs      # fails |    Avg     Min     Max    Med |   req/s  failures/s
--------|----------------------------------------------------------------------------|-------|-------------|-------|-------|-------|-------|--------|-----------
GET      [GET] /actuator/health                                                          1416     0(0.00%) |      4       2      32      4 |   18.90        0.00
GET      [GET] /api/soporte/election/status                                              1337     0(0.00%) |      4       2      34      4 |   18.30        0.00
GET      [GET] /api/soporte/tickets                                                      2728     0(0.00%) |      7       3     101      6 |   36.80        0.00
GET      [GET] /health                                                                   4061     0(0.00%) |      4       1      82      4 |   56.30        0.00
--------|----------------------------------------------------------------------------|-------|-------------|-------|-------|-------|-------|--------|-----------
         Aggregated                                                                      9542     0(0.00%) |      5       1     101      4 |  130.30        0.00

Type     Name                                                                          # reqs      # fails |    Avg     Min     Max    Med |   req/s  failures/s
--------|----------------------------------------------------------------------------|-------|-------------|-------|-------|-------|-------|--------|-----------
GET      [GET] /actuator/health                                                          1458     0(0.00%) |      4       2      32      4 |   20.00        0.00
GET      [GET] /api/soporte/election/status                                              1378     0(0.00%) |      4       2      34      4 |   16.60        0.00
GET      [GET] /api/soporte/tickets                                                      2808     0(0.00%) |      7       3     101      6 |   37.60        0.00
GET      [GET] /health                                                                   4180     0(0.00%) |      4       1      82      4 |   56.80        0.00
--------|----------------------------------------------------------------------------|-------|-------------|-------|-------|-------|-------|--------|-----------
         Aggregated                                                                      9824     0(0.00%) |      5       1     101      4 |  131.00        0.00

Type     Name                                                                          # reqs      # fails |    Avg     Min     Max    Med |   req/s  failures/s
--------|----------------------------------------------------------------------------|-------|-------------|-------|-------|-------|-------|--------|-----------
GET      [GET] /actuator/health                                                          1499     0(0.00%) |      4       2      32      4 |   19.50        0.00
GET      [GET] /api/soporte/election/status                                              1408     0(0.00%) |      4       2      34      4 |   17.10        0.00
GET      [GET] /api/soporte/tickets                                                      2885     0(0.00%) |      7       3     101      6 |   40.90        0.00
GET      [GET] /health                                                                   4320     0(0.00%) |      4       1      82      4 |   56.70        0.00
--------|----------------------------------------------------------------------------|-------|-------------|-------|-------|-------|-------|--------|-----------
         Aggregated                                                                     10112     0(0.00%) |      5       1     101      4 |  134.20        0.00

Type     Name                                                                          # reqs      # fails |    Avg     Min     Max    Med |   req/s  failures/s
--------|----------------------------------------------------------------------------|-------|-------------|-------|-------|-------|-------|--------|-----------
GET      [GET] /actuator/health                                                          1541     0(0.00%) |      4       2      32      4 |   19.10        0.00
GET      [GET] /api/soporte/election/status                                              1441     0(0.00%) |      4       2      34      4 |   18.10        0.00
GET      [GET] /api/soporte/tickets                                                      2970     0(0.00%) |      7       3     101      6 |   40.20        0.00
GET      [GET] /health                                                                   4447     0(0.00%) |      4       1      82      4 |   59.60        0.00
--------|----------------------------------------------------------------------------|-------|-------------|-------|-------|-------|-------|--------|-----------
         Aggregated                                                                     10399     0(0.00%) |      5       1     101      4 |  137.00        0.00

Type     Name                                                                          # reqs      # fails |    Avg     Min     Max    Med |   req/s  failures/s
--------|----------------------------------------------------------------------------|-------|-------------|-------|-------|-------|-------|--------|-----------
GET      [GET] /actuator/health                                                          1587     0(0.00%) |      4       2      32      4 |   19.40        0.00
GET      [GET] /api/soporte/election/status                                              1475     0(0.00%) |      4       2      34      4 |   17.30        0.00
GET      [GET] /api/soporte/tickets                                                      3061     0(0.00%) |      7       3     101      6 |   40.20        0.00
GET      [GET] /health                                                                   4582     0(0.00%) |      4       1      82      4 |   61.70        0.00
--------|----------------------------------------------------------------------------|-------|-------------|-------|-------|-------|-------|--------|-----------
         Aggregated                                                                     10705     0(0.00%) |      5       1     101      4 |  138.60        0.00

Type     Name                                                                          # reqs      # fails |    Avg     Min     Max    Med |   req/s  failures/s
--------|----------------------------------------------------------------------------|-------|-------------|-------|-------|-------|-------|--------|-----------
GET      [GET] /actuator/health                                                          1627     0(0.00%) |      4       2      32      4 |   20.10        0.00
GET      [GET] /api/soporte/election/status                                              1514     0(0.00%) |      4       2      34      4 |   17.50        0.00
GET      [GET] /api/soporte/tickets                                                      3160     0(0.00%) |      7       3     101      6 |   40.70        0.00
GET      [GET] /health                                                                   4693     0(0.00%) |      4       1      82      4 |   62.70        0.00
--------|----------------------------------------------------------------------------|-------|-------------|-------|-------|-------|-------|--------|-----------
         Aggregated                                                                     10994     0(0.00%) |      5       1     101      4 |  141.00        0.00

Type     Name                                                                          # reqs      # fails |    Avg     Min     Max    Med |   req/s  failures/s
--------|----------------------------------------------------------------------------|-------|-------------|-------|-------|-------|-------|--------|-----------
GET      [GET] /actuator/health                                                          1674     0(0.00%) |      4       2      32      4 |   20.40        0.00
GET      [GET] /api/soporte/election/status                                              1564     0(0.00%) |      4       2      34      4 |   17.60        0.00
GET      [GET] /api/soporte/tickets                                                      3244     0(0.00%) |      7       3     101      6 |   42.50        0.00
GET      [GET] /health                                                                   4813     0(0.00%) |      4       1      82      4 |   63.20        0.00
--------|----------------------------------------------------------------------------|-------|-------------|-------|-------|-------|-------|--------|-----------
         Aggregated                                                                     11295     0(0.00%) |      5       1     101      4 |  143.70        0.00

Type     Name                                                                          # reqs      # fails |    Avg     Min     Max    Med |   req/s  failures/s
--------|----------------------------------------------------------------------------|-------|-------------|-------|-------|-------|-------|--------|-----------
GET      [GET] /actuator/health                                                          1722     0(0.00%) |      4       2      32      4 |   20.70        0.00
GET      [GET] /api/soporte/election/status                                              1610     0(0.00%) |      4       2      34      4 |   18.70        0.00
GET      [GET] /api/soporte/tickets                                                      3330     0(0.00%) |      7       3     101      6 |   43.10        0.00
GET      [GET] /health                                                                   4938     0(0.00%) |      4       1      82      4 |   63.40        0.00
--------|----------------------------------------------------------------------------|-------|-------------|-------|-------|-------|-------|--------|-----------
         Aggregated                                                                     11600     0(0.00%) |      5       1     101      4 |  145.90        0.00

Type     Name                                                                          # reqs      # fails |    Avg     Min     Max    Med |   req/s  failures/s
--------|----------------------------------------------------------------------------|-------|-------------|-------|-------|-------|-------|--------|-----------
GET      [GET] /actuator/health                                                          1767     0(0.00%) |      4       2      32      4 |   21.60        0.00
GET      [GET] /api/soporte/election/status                                              1644     0(0.00%) |      4       2      34      4 |   19.70        0.00
GET      [GET] /api/soporte/tickets                                                      3409     0(0.00%) |      7       3     101      6 |   43.60        0.00
GET      [GET] /health                                                                   5073     0(0.00%) |      4       1      82      4 |   61.00        0.00
--------|----------------------------------------------------------------------------|-------|-------------|-------|-------|-------|-------|--------|-----------
         Aggregated                                                                     11893     0(0.00%) |      5       1     101      4 |  145.90        0.00

Type     Name                                                                          # reqs      # fails |    Avg     Min     Max    Med |   req/s  failures/s
--------|----------------------------------------------------------------------------|-------|-------------|-------|-------|-------|-------|--------|-----------
GET      [GET] /actuator/health                                                          1810     0(0.00%) |      4       2      32      4 |   22.30        0.00
GET      [GET] /api/soporte/election/status                                              1692     0(0.00%) |      4       2      34      4 |   20.60        0.00
GET      [GET] /api/soporte/tickets                                                      3506     0(0.00%) |      7       3     101      6 |   44.00        0.00
GET      [GET] /health                                                                   5209     0(0.00%) |      4       1      82      4 |   61.50        0.00
--------|----------------------------------------------------------------------------|-------|-------------|-------|-------|-------|-------|--------|-----------
         Aggregated                                                                     12217     0(0.00%) |      5       1     101      4 |  148.40        0.00

Type     Name                                                                          # reqs      # fails |    Avg     Min     Max    Med |   req/s  failures/s
--------|----------------------------------------------------------------------------|-------|-------------|-------|-------|-------|-------|--------|-----------
GET      [GET] /actuator/health                                                          1848     0(0.00%) |      4       2      32      4 |   22.30        0.00
GET      [GET] /api/soporte/election/status                                              1738     0(0.00%) |      4       2      34      4 |   21.10        0.00
GET      [GET] /api/soporte/tickets                                                      3606     0(0.00%) |      7       3     101      6 |   44.10        0.00
GET      [GET] /health                                                                   5331     0(0.00%) |      4       1      82      4 |   62.50        0.00
--------|----------------------------------------------------------------------------|-------|-------------|-------|-------|-------|-------|--------|-----------
         Aggregated                                                                     12523     0(0.00%) |      5       1     101      4 |  150.00        0.00

Type     Name                                                                          # reqs      # fails |    Avg     Min     Max    Med |   req/s  failures/s
--------|----------------------------------------------------------------------------|-------|-------------|-------|-------|-------|-------|--------|-----------
GET      [GET] /actuator/health                                                          1888     0(0.00%) |      4       2      32      4 |   22.10        0.00
GET      [GET] /api/soporte/election/status                                              1784     0(0.00%) |      4       2      34      4 |   22.20        0.00
GET      [GET] /api/soporte/tickets                                                      3702     0(0.00%) |      7       3     101      6 |   44.90        0.00
GET      [GET] /health                                                                   5481     0(0.00%) |      4       1      82      4 |   62.60        0.00
--------|----------------------------------------------------------------------------|-------|-------------|-------|-------|-------|-------|--------|-----------
         Aggregated                                                                     12855     0(0.00%) |      5       1     101      5 |  151.80        0.00

Type     Name                                                                          # reqs      # fails |    Avg     Min     Max    Med |   req/s  failures/s
--------|----------------------------------------------------------------------------|-------|-------------|-------|-------|-------|-------|--------|-----------
GET      [GET] /actuator/health                                                          1929     0(0.00%) |      4       2      54      4 |   22.20        0.00
GET      [GET] /api/soporte/election/status                                              1838     0(0.00%) |      4       2      47      4 |   21.70        0.00
GET      [GET] /api/soporte/tickets                                                      3789     0(0.00%) |      7       3     101      6 |   45.20        0.00
GET      [GET] /health                                                                   5614     0(0.00%) |      4       1      82      4 |   63.90        0.00
--------|----------------------------------------------------------------------------|-------|-------------|-------|-------|-------|-------|--------|-----------
         Aggregated                                                                     13170     0(0.00%) |      5       1     101      5 |  153.00        0.00

Type     Name                                                                          # reqs      # fails |    Avg     Min     Max    Med |   req/s  failures/s
--------|----------------------------------------------------------------------------|-------|-------------|-------|-------|-------|-------|--------|-----------
GET      [GET] /actuator/health                                                          1991     0(0.00%) |      4       2      54      4 |   20.90        0.00
GET      [GET] /api/soporte/election/status                                              1889     0(0.00%) |      4       2      47      4 |   21.60        0.00
GET      [GET] /api/soporte/tickets                                                      3882     0(0.00%) |      7       3     101      6 |   45.70        0.00
GET      [GET] /health                                                                   5743     0(0.00%) |      4       1      82      4 |   68.20        0.00
--------|----------------------------------------------------------------------------|-------|-------------|-------|-------|-------|-------|--------|-----------
         Aggregated                                                                     13505     0(0.00%) |      5       1     101      5 |  156.40        0.00

Type     Name                                                                          # reqs      # fails |    Avg     Min     Max    Med |   req/s  failures/s
--------|----------------------------------------------------------------------------|-------|-------------|-------|-------|-------|-------|--------|-----------
GET      [GET] /actuator/health                                                          2039     0(0.00%) |      4       2      54      4 |   21.30        0.00
GET      [GET] /api/soporte/election/status                                              1937     0(0.00%) |      4       2      47      4 |   24.20        0.00
GET      [GET] /api/soporte/tickets                                                      3960     0(0.00%) |      7       3     101      6 |   45.90        0.00
GET      [GET] /health                                                                   5889     0(0.00%) |      4       1      82      4 |   67.30        0.00
--------|----------------------------------------------------------------------------|-------|-------------|-------|-------|-------|-------|--------|-----------
         Aggregated                                                                     13825     0(0.00%) |      5       1     101      5 |  158.70        0.00

Type     Name                                                                          # reqs      # fails |    Avg     Min     Max    Med |   req/s  failures/s
--------|----------------------------------------------------------------------------|-------|-------------|-------|-------|-------|-------|--------|-----------
GET      [GET] /actuator/health                                                          2090     0(0.00%) |      4       2      54      4 |   22.70        0.00
GET      [GET] /api/soporte/election/status                                              1991     0(0.00%) |      4       2      47      4 |   24.00        0.00
GET      [GET] /api/soporte/tickets                                                      4040     0(0.00%) |      7       3     101      6 |   45.80        0.00
GET      [GET] /health                                                                   6031     0(0.00%) |      4       1      82      4 |   67.50        0.00
--------|----------------------------------------------------------------------------|-------|-------------|-------|-------|-------|-------|--------|-----------
         Aggregated                                                                     14152     0(0.00%) |      5       1     101      5 |  160.00        0.00

Type     Name                                                                          # reqs      # fails |    Avg     Min     Max    Med |   req/s  failures/s
--------|----------------------------------------------------------------------------|-------|-------------|-------|-------|-------|-------|--------|-----------
GET      [GET] /actuator/health                                                          2132     0(0.00%) |      4       2      54      4 |   23.70        0.00
GET      [GET] /api/soporte/election/status                                              2042     0(0.00%) |      4       2      47      4 |   23.90        0.00
GET      [GET] /api/soporte/tickets                                                      4138     0(0.00%) |      7       3     101      6 |   45.20        0.00
GET      [GET] /health                                                                   6176     0(0.00%) |      4       1      82      4 |   69.20        0.00
--------|----------------------------------------------------------------------------|-------|-------------|-------|-------|-------|-------|--------|-----------
         Aggregated                                                                     14488     0(0.00%) |      5       1     101      5 |  162.00        0.00

Type     Name                                                                          # reqs      # fails |    Avg     Min     Max    Med |   req/s  failures/s
--------|----------------------------------------------------------------------------|-------|-------------|-------|-------|-------|-------|--------|-----------
GET      [GET] /actuator/health                                                          2182     0(0.00%) |      4       2      54      4 |   23.10        0.00
GET      [GET] /api/soporte/election/status                                              2088     0(0.00%) |      4       2      47      4 |   26.00        0.00
GET      [GET] /api/soporte/tickets                                                      4223     0(0.00%) |      7       3     101      6 |   43.30        0.00
GET      [GET] /health                                                                   6340     0(0.00%) |      4       1      82      4 |   70.40        0.00
--------|----------------------------------------------------------------------------|-------|-------------|-------|-------|-------|-------|--------|-----------
         Aggregated                                                                     14833     0(0.00%) |      5       1     101      5 |  162.80        0.00

Type     Name                                                                          # reqs      # fails |    Avg     Min     Max    Med |   req/s  failures/s
--------|----------------------------------------------------------------------------|-------|-------------|-------|-------|-------|-------|--------|-----------
GET      [GET] /actuator/health                                                          2241     0(0.00%) |      4       2      54      4 |   24.50        0.00
GET      [GET] /api/soporte/election/status                                              2138     0(0.00%) |      4       2      47      4 |   25.30        0.00
GET      [GET] /api/soporte/tickets                                                      4315     0(0.00%) |      7       3     101      6 |   43.00        0.00
GET      [GET] /health                                                                   6472     0(0.00%) |      4       1      82      4 |   71.60        0.00
--------|----------------------------------------------------------------------------|-------|-------------|-------|-------|-------|-------|--------|-----------
         Aggregated                                                                     15166     0(0.00%) |      5       1     101      5 |  164.40        0.00

Type     Name                                                                          # reqs      # fails |    Avg     Min     Max    Med |   req/s  failures/s
--------|----------------------------------------------------------------------------|-------|-------------|-------|-------|-------|-------|--------|-----------
GET      [GET] /actuator/health                                                          2290     0(0.00%) |      4       2      54      4 |   25.40        0.00
GET      [GET] /api/soporte/election/status                                              2182     0(0.00%) |      4       2      47      4 |   24.90        0.00
GET      [GET] /api/soporte/tickets                                                      4422     0(0.00%) |      7       3     101      6 |   43.40        0.00
GET      [GET] /health                                                                   6619     0(0.00%) |      4       1      82      4 |   71.10        0.00
--------|----------------------------------------------------------------------------|-------|-------------|-------|-------|-------|-------|--------|-----------
         Aggregated                                                                     15513     0(0.00%) |      5       1     101      5 |  164.80        0.00

Type     Name                                                                          # reqs      # fails |    Avg     Min     Max    Med |   req/s  failures/s
--------|----------------------------------------------------------------------------|-------|-------------|-------|-------|-------|-------|--------|-----------
GET      [GET] /actuator/health                                                          2332     0(0.00%) |      4       2      54      4 |   25.10        0.00
GET      [GET] /api/soporte/election/status                                              2229     0(0.00%) |      4       2      47      4 |   24.30        0.00
GET      [GET] /api/soporte/tickets                                                      4532     0(0.00%) |      7       3     101      6 |   45.10        0.00
GET      [GET] /health                                                                   6768     0(0.00%) |      4       1      82      4 |   72.80        0.00
--------|----------------------------------------------------------------------------|-------|-------------|-------|-------|-------|-------|--------|-----------
         Aggregated                                                                     15861     0(0.00%) |      5       1     101      5 |  167.30        0.00

Type     Name                                                                          # reqs      # fails |    Avg     Min     Max    Med |   req/s  failures/s
--------|----------------------------------------------------------------------------|-------|-------------|-------|-------|-------|-------|--------|-----------
GET      [GET] /actuator/health                                                          2373     0(0.00%) |      4       2      54      4 |   24.40        0.00
GET      [GET] /api/soporte/election/status                                              2278     0(0.00%) |      4       2      47      4 |   25.50        0.00
GET      [GET] /api/soporte/tickets                                                      4646     0(0.00%) |      7       3     101      6 |   46.20        0.00
GET      [GET] /health                                                                   6922     0(0.00%) |      4       1      82      4 |   73.00        0.00
--------|----------------------------------------------------------------------------|-------|-------------|-------|-------|-------|-------|--------|-----------
         Aggregated                                                                     16219     0(0.00%) |      5       1     101      5 |  169.10        0.00

Type     Name                                                                          # reqs      # fails |    Avg     Min     Max    Med |   req/s  failures/s
--------|----------------------------------------------------------------------------|-------|-------------|-------|-------|-------|-------|--------|-----------
GET      [GET] /actuator/health                                                          2425     0(0.00%) |      4       2      54      4 |   24.80        0.00
GET      [GET] /api/soporte/election/status                                              2321     0(0.00%) |      4       2      47      4 |   23.10        0.00
GET      [GET] /api/soporte/tickets                                                      4754     0(0.00%) |      7       3     101      6 |   49.80        0.00
GET      [GET] /health                                                                   7077     0(0.00%) |      4       1      82      4 |   73.10        0.00
--------|----------------------------------------------------------------------------|-------|-------------|-------|-------|-------|-------|--------|-----------
         Aggregated                                                                     16577     0(0.00%) |      5       1     101      5 |  170.80        0.00

Type     Name                                                                          # reqs      # fails |    Avg     Min     Max    Med |   req/s  failures/s
--------|----------------------------------------------------------------------------|-------|-------------|-------|-------|-------|-------|--------|-----------
GET      [GET] /actuator/health                                                          2477     0(0.00%) |      4       2      54      4 |   24.60        0.00
GET      [GET] /api/soporte/election/status                                              2366     0(0.00%) |      4       2      47      4 |   23.50        0.00
GET      [GET] /api/soporte/tickets                                                      4855     0(0.00%) |      7       3     101      6 |   53.10        0.00
GET      [GET] /health                                                                   7240     0(0.00%) |      4       1      82      4 |   72.90        0.00
--------|----------------------------------------------------------------------------|-------|-------------|-------|-------|-------|-------|--------|-----------
         Aggregated                                                                     16938     0(0.00%) |      5       1     101      5 |  174.10        0.00

Type     Name                                                                          # reqs      # fails |    Avg     Min     Max    Med |   req/s  failures/s
--------|----------------------------------------------------------------------------|-------|-------------|-------|-------|-------|-------|--------|-----------
GET      [GET] /actuator/health                                                          2530     0(0.00%) |      4       2      54      4 |   23.80        0.00
GET      [GET] /api/soporte/election/status                                              2424     0(0.00%) |      4       2      47      4 |   22.20        0.00
GET      [GET] /api/soporte/tickets                                                      4950     0(0.00%) |      7       3     101      6 |   53.80        0.00
GET      [GET] /health                                                                   7393     0(0.00%) |      4       1      82      4 |   76.80        0.00
--------|----------------------------------------------------------------------------|-------|-------------|-------|-------|-------|-------|--------|-----------
         Aggregated                                                                     17297     0(0.00%) |      5       1     101      5 |  176.60        0.00

Type     Name                                                                          # reqs      # fails |    Avg     Min     Max    Med |   req/s  failures/s
--------|----------------------------------------------------------------------------|-------|-------------|-------|-------|-------|-------|--------|-----------
GET      [GET] /actuator/health                                                          2583     0(0.00%) |      4       2      54      4 |   24.00        0.00
GET      [GET] /api/soporte/election/status                                              2478     0(0.00%) |      4       2      47      4 |   22.50        0.00
GET      [GET] /api/soporte/tickets                                                      5055     0(0.00%) |      7       3     101      6 |   53.40        0.00
GET      [GET] /health                                                                   7548     0(0.00%) |      4       1      82      4 |   77.30        0.00
--------|----------------------------------------------------------------------------|-------|-------------|-------|-------|-------|-------|--------|-----------
         Aggregated                                                                     17664     0(0.00%) |      5       1     101      5 |  177.20        0.00

Type     Name                                                                          # reqs      # fails |    Avg     Min     Max    Med |   req/s  failures/s
--------|----------------------------------------------------------------------------|-------|-------------|-------|-------|-------|-------|--------|-----------
GET      [GET] /actuator/health                                                          2625     0(0.00%) |      4       2      54      4 |   24.70        0.00
GET      [GET] /api/soporte/election/status                                              2528     0(0.00%) |      4       2      47      4 |   24.10        0.00
GET      [GET] /api/soporte/tickets                                                      5151     0(0.00%) |      7       3     101      6 |   53.70        0.00
GET      [GET] /health                                                                   7728     0(0.00%) |      4       1      82      4 |   77.70        0.00
--------|----------------------------------------------------------------------------|-------|-------------|-------|-------|-------|-------|--------|-----------
         Aggregated                                                                     18032     0(0.00%) |      5       1     101      5 |  180.20        0.00

Type     Name                                                                          # reqs      # fails |    Avg     Min     Max    Med |   req/s  failures/s
--------|----------------------------------------------------------------------------|-------|-------------|-------|-------|-------|-------|--------|-----------
GET      [GET] /actuator/health                                                          2682     0(0.00%) |      4       2      54      4 |   24.40        0.00
GET      [GET] /api/soporte/election/status                                              2582     0(0.00%) |      4       1      47      4 |   25.10        0.00
GET      [GET] /api/soporte/tickets                                                      5256     0(0.00%) |      7       3     101      6 |   50.60        0.00
GET      [GET] /health                                                                   7887     0(0.00%) |      4       1      82      4 |   80.70        0.00
--------|----------------------------------------------------------------------------|-------|-------------|-------|-------|-------|-------|--------|-----------
         Aggregated                                                                     18407     0(0.00%) |      5       1     101      5 |  180.80        0.00

Type     Name                                                                          # reqs      # fails |    Avg     Min     Max    Med |   req/s  failures/s
--------|----------------------------------------------------------------------------|-------|-------------|-------|-------|-------|-------|--------|-----------
GET      [GET] /actuator/health                                                          2744     0(0.00%) |      4       2      54      4 |   25.80        0.00
GET      [GET] /api/soporte/election/status                                              2648     0(0.00%) |      4       1      47      4 |   25.60        0.00
GET      [GET] /api/soporte/tickets                                                      5377     0(0.00%) |      7       3     101      6 |   49.50        0.00
GET      [GET] /health                                                                   8042     0(0.00%) |      4       1      82      4 |   81.70        0.00
--------|----------------------------------------------------------------------------|-------|-------------|-------|-------|-------|-------|--------|-----------
         Aggregated                                                                     18811     0(0.00%) |      5       1     101      5 |  182.60        0.00

Type     Name                                                                          # reqs      # fails |    Avg     Min     Max    Med |   req/s  failures/s
--------|----------------------------------------------------------------------------|-------|-------------|-------|-------|-------|-------|--------|-----------
GET      [GET] /actuator/health                                                          2816     0(0.00%) |      4       2      54      4 |   26.30        0.00
GET      [GET] /api/soporte/election/status                                              2697     0(0.00%) |      4       1      47      4 |   27.10        0.00
GET      [GET] /api/soporte/tickets                                                      5482     0(0.00%) |      7       3     101      6 |   51.80        0.00
GET      [GET] /health                                                                   8210     0(0.00%) |      4       1      82      4 |   79.60        0.00
--------|----------------------------------------------------------------------------|-------|-------------|-------|-------|-------|-------|--------|-----------
         Aggregated                                                                     19205     0(0.00%) |      5       1     101      5 |  184.80        0.00

Type     Name                                                                          # reqs      # fails |    Avg     Min     Max    Med |   req/s  failures/s
--------|----------------------------------------------------------------------------|-------|-------------|-------|-------|-------|-------|--------|-----------
GET      [GET] /actuator/health                                                          2878     0(0.00%) |      4       2      54      4 |   26.90        0.00
GET      [GET] /api/soporte/election/status                                              2745     0(0.00%) |      4       1      47      4 |   28.50        0.00
GET      [GET] /api/soporte/tickets                                                      5603     0(0.00%) |      7       3     101      6 |   53.50        0.00
GET      [GET] /health                                                                   8361     0(0.00%) |      4       1      82      4 |   79.00        0.00
--------|----------------------------------------------------------------------------|-------|-------------|-------|-------|-------|-------|--------|-----------
         Aggregated                                                                     19587     0(0.00%) |      5       1     101      5 |  187.90        0.00

[2026-09-22 09:00:43,349] DESKTOP-2G72T6F/INFO/locust.runners: All users spawned: {"SoporteUser": 200} (200 total users)
Type     Name                                                                          # reqs      # fails |    Avg     Min     Max    Med |   req/s  failures/s
--------|----------------------------------------------------------------------------|-------|-------------|-------|-------|-------|-------|--------|-----------
GET      [GET] /actuator/health                                                          2951     0(0.00%) |      4       2      54      4 |   29.40        0.00
GET      [GET] /api/soporte/election/status                                              2805     0(0.00%) |      4       1      47      4 |   26.50        0.00
GET      [GET] /api/soporte/tickets                                                      5697     0(0.00%) |      7       3     101      6 |   53.80        0.00
GET      [GET] /health                                                                   8529     0(0.00%) |      4       1      82      4 |   80.50        0.00
--------|----------------------------------------------------------------------------|-------|-------------|-------|-------|-------|-------|--------|-----------
         Aggregated                                                                     19982     0(0.00%) |      5       1     101      5 |  190.20        0.00

Type     Name                                                                          # reqs      # fails |    Avg     Min     Max    Med |   req/s  failures/s
--------|----------------------------------------------------------------------------|-------|-------------|-------|-------|-------|-------|--------|-----------
GET      [GET] /actuator/health                                                          3009     0(0.00%) |      4       2      54      4 |   31.80        0.00
GET      [GET] /api/soporte/election/status                                              2850     0(0.00%) |      4       1      47      4 |   26.70        0.00
GET      [GET] /api/soporte/tickets                                                      5806     0(0.00%) |      7       3     101      6 |   55.70        0.00
GET      [GET] /health                                                                   8709     0(0.00%) |      4       1      82      4 |   80.00        0.00
--------|----------------------------------------------------------------------------|-------|-------------|-------|-------|-------|-------|--------|-----------
         Aggregated                                                                     20374     0(0.00%) |      5       1     101      5 |  194.20        0.00

Type     Name                                                                          # reqs      # fails |    Avg     Min     Max    Med |   req/s  failures/s
--------|----------------------------------------------------------------------------|-------|-------------|-------|-------|-------|-------|--------|-----------
GET      [GET] /actuator/health                                                          3075     0(0.00%) |      4       2      54      4 |   32.20        0.00
GET      [GET] /api/soporte/election/status                                              2909     0(0.00%) |      4       1      47      4 |   27.70        0.00
GET      [GET] /api/soporte/tickets                                                      5905     0(0.00%) |      7       3     101      6 |   55.60        0.00
GET      [GET] /health                                                                   8897     0(0.00%) |      4       1      82      4 |   79.50        0.00
--------|----------------------------------------------------------------------------|-------|-------------|-------|-------|-------|-------|--------|-----------
         Aggregated                                                                     20786     0(0.00%) |      5       1     101      5 |  195.00        0.00

Type     Name                                                                          # reqs      # fails |    Avg     Min     Max    Med |   req/s  failures/s
--------|----------------------------------------------------------------------------|-------|-------------|-------|-------|-------|-------|--------|-----------
GET      [GET] /actuator/health                                                          3139     0(0.00%) |      4       2      54      4 |   33.60        0.00
GET      [GET] /api/soporte/election/status                                              2958     0(0.00%) |      4       1      47      4 |   26.70        0.00
GET      [GET] /api/soporte/tickets                                                      6014     0(0.00%) |      7       3     101      6 |   53.10        0.00
GET      [GET] /health                                                                   9074     0(0.00%) |      4       1      82      4 |   84.10        0.00
--------|----------------------------------------------------------------------------|-------|-------------|-------|-------|-------|-------|--------|-----------
         Aggregated                                                                     21185     0(0.00%) |      5       1     101      5 |  197.50        0.00

Type     Name                                                                          # reqs      # fails |    Avg     Min     Max    Med |   req/s  failures/s
--------|----------------------------------------------------------------------------|-------|-------------|-------|-------|-------|-------|--------|-----------
GET      [GET] /actuator/health                                                          3202     0(0.00%) |      4       2      54      4 |   33.00        0.00
GET      [GET] /api/soporte/election/status                                              3019     0(0.00%) |      4       1      47      4 |   26.30        0.00
GET      [GET] /api/soporte/tickets                                                      6125     0(0.00%) |      7       3     101      6 |   52.30        0.00
GET      [GET] /health                                                                   9247     0(0.00%) |      4       1      82      4 |   87.70        0.00
--------|----------------------------------------------------------------------------|-------|-------------|-------|-------|-------|-------|--------|-----------
         Aggregated                                                                     21593     0(0.00%) |      5       1     101      5 |  199.30        0.00

Type     Name                                                                          # reqs      # fails |    Avg     Min     Max    Med |   req/s  failures/s
--------|----------------------------------------------------------------------------|-------|-------------|-------|-------|-------|-------|--------|-----------
GET      [GET] /actuator/health                                                          3251     0(0.00%) |      4       2      54      4 |   32.30        0.00
GET      [GET] /api/soporte/election/status                                              3083     0(0.00%) |      4       1      47      4 |   26.20        0.00
GET      [GET] /api/soporte/tickets                                                      6257     0(0.00%) |      7       3     101      6 |   51.30        0.00
GET      [GET] /health                                                                   9404     0(0.00%) |      4       1      82      4 |   88.90        0.00
--------|----------------------------------------------------------------------------|-------|-------------|-------|-------|-------|-------|--------|-----------
         Aggregated                                                                     21995     0(0.00%) |      5       1     101      5 |  198.70        0.00

Type     Name                                                                          # reqs      # fails |    Avg     Min     Max    Med |   req/s  failures/s
--------|----------------------------------------------------------------------------|-------|-------------|-------|-------|-------|-------|--------|-----------
GET      [GET] /actuator/health                                                          3301     0(0.00%) |      4       2      54      4 |   30.00        0.00
GET      [GET] /api/soporte/election/status                                              3143     0(0.00%) |      4       1      47      4 |   27.80        0.00
GET      [GET] /api/soporte/tickets                                                      6386     0(0.00%) |      7       3     101      7 |   55.60        0.00
GET      [GET] /health                                                                   9577     0(0.00%) |      4       1      82      4 |   87.30        0.00
--------|----------------------------------------------------------------------------|-------|-------------|-------|-------|-------|-------|--------|-----------
         Aggregated                                                                     22407     0(0.00%) |      5       1     101      5 |  200.70        0.00

Type     Name                                                                          # reqs      # fails |    Avg     Min     Max    Med |   req/s  failures/s
--------|----------------------------------------------------------------------------|-------|-------------|-------|-------|-------|-------|--------|-----------
GET      [GET] /actuator/health                                                          3356     0(0.00%) |      4       2      54      4 |   29.00        0.00
GET      [GET] /api/soporte/election/status                                              3186     0(0.00%) |      4       1      47      4 |   28.50        0.00
GET      [GET] /api/soporte/tickets                                                      6493     0(0.00%) |      7       3     101      7 |   54.80        0.00
GET      [GET] /health                                                                   9749     0(0.00%) |      4       1      82      4 |   88.20        0.00
--------|----------------------------------------------------------------------------|-------|-------------|-------|-------|-------|-------|--------|-----------
         Aggregated                                                                     22784     0(0.00%) |      5       1     101      5 |  200.50        0.00

Type     Name                                                                          # reqs      # fails |    Avg     Min     Max    Med |   req/s  failures/s
--------|----------------------------------------------------------------------------|-------|-------------|-------|-------|-------|-------|--------|-----------
GET      [GET] /actuator/health                                                          3411     0(0.00%) |      4       2      54      4 |   27.90        0.00
GET      [GET] /api/soporte/election/status                                              3249     0(0.00%) |      4       1      47      4 |   28.90        0.00
GET      [GET] /api/soporte/tickets                                                      6614     0(0.00%) |      7       3     101      7 |   58.00        0.00
GET      [GET] /health                                                                   9925     0(0.00%) |      4       1      82      4 |   85.80        0.00
--------|----------------------------------------------------------------------------|-------|-------------|-------|-------|-------|-------|--------|-----------
         Aggregated                                                                     23199     0(0.00%) |      5       1     101      5 |  200.60        0.00

Type     Name                                                                          # reqs      # fails |    Avg     Min     Max    Med |   req/s  failures/s
--------|----------------------------------------------------------------------------|-------|-------------|-------|-------|-------|-------|--------|-----------
GET      [GET] /actuator/health                                                          3483     0(0.00%) |      4       2      54      4 |   27.20        0.00
GET      [GET] /api/soporte/election/status                                              3301     0(0.00%) |      4       1      47      4 |   29.10        0.00
GET      [GET] /api/soporte/tickets                                                      6727     0(0.00%) |      7       3     101      7 |   60.00        0.00
GET      [GET] /health                                                                  10086     0(0.00%) |      4       1      82      4 |   85.10        0.00
--------|----------------------------------------------------------------------------|-------|-------------|-------|-------|-------|-------|--------|-----------
         Aggregated                                                                     23597     0(0.00%) |      5       1     101      5 |  201.40        0.00

Type     Name                                                                          # reqs      # fails |    Avg     Min     Max    Med |   req/s  failures/s
--------|----------------------------------------------------------------------------|-------|-------------|-------|-------|-------|-------|--------|-----------
GET      [GET] /actuator/health                                                          3538     0(0.00%) |      4       2      54      4 |   28.00        0.00
GET      [GET] /api/soporte/election/status                                              3352     0(0.00%) |      4       1      47      4 |   28.20        0.00
GET      [GET] /api/soporte/tickets                                                      6838     0(0.00%) |      7       3     101      7 |   60.20        0.00
GET      [GET] /health                                                                  10270     0(0.00%) |      4       1      82      4 |   83.70        0.00
--------|----------------------------------------------------------------------------|-------|-------------|-------|-------|-------|-------|--------|-----------
         Aggregated                                                                     23998     0(0.00%) |      5       1     101      5 |  200.10        0.00

Type     Name                                                                          # reqs      # fails |    Avg     Min     Max    Med |   req/s  failures/s
--------|----------------------------------------------------------------------------|-------|-------------|-------|-------|-------|-------|--------|-----------
GET      [GET] /actuator/health                                                          3597     0(0.00%) |      4       2      54      4 |   28.40        0.00
GET      [GET] /api/soporte/election/status                                              3409     0(0.00%) |      4       1      47      4 |   26.90        0.00
GET      [GET] /api/soporte/tickets                                                      6949     0(0.00%) |      7       3     101      7 |   58.00        0.00
GET      [GET] /health                                                                  10446     0(0.00%) |      4       1      82      4 |   86.60        0.00
--------|----------------------------------------------------------------------------|-------|-------------|-------|-------|-------|-------|--------|-----------
         Aggregated                                                                     24401     0(0.00%) |      5       1     101      5 |  199.90        0.00

Type     Name                                                                          # reqs      # fails |    Avg     Min     Max    Med |   req/s  failures/s
--------|----------------------------------------------------------------------------|-------|-------------|-------|-------|-------|-------|--------|-----------
GET      [GET] /actuator/health                                                          3649     0(0.00%) |      4       2      54      4 |   29.50        0.00
GET      [GET] /api/soporte/election/status                                              3475     0(0.00%) |      4       1      47      4 |   26.40        0.00
GET      [GET] /api/soporte/tickets                                                      7060     0(0.00%) |      7       3     101      7 |   56.20        0.00
GET      [GET] /health                                                                  10609     0(0.00%) |      4       1      82      4 |   86.40        0.00
--------|----------------------------------------------------------------------------|-------|-------------|-------|-------|-------|-------|--------|-----------
         Aggregated                                                                     24793     0(0.00%) |      5       1     101      5 |  198.50        0.00

Type     Name                                                                          # reqs      # fails |    Avg     Min     Max    Med |   req/s  failures/s
--------|----------------------------------------------------------------------------|-------|-------------|-------|-------|-------|-------|--------|-----------
GET      [GET] /actuator/health                                                          3711     0(0.00%) |      4       2      54      4 |   29.20        0.00
GET      [GET] /api/soporte/election/status                                              3529     0(0.00%) |      4       1      47      4 |   28.80        0.00
GET      [GET] /api/soporte/tickets                                                      7186     0(0.00%) |      7       3     101      7 |   56.50        0.00
GET      [GET] /health                                                                  10754     0(0.00%) |      4       1      82      4 |   85.80        0.00
--------|----------------------------------------------------------------------------|-------|-------------|-------|-------|-------|-------|--------|-----------
         Aggregated                                                                     25180     0(0.00%) |      5       1     101      5 |  200.30        0.00

Type     Name                                                                          # reqs      # fails |    Avg     Min     Max    Med |   req/s  failures/s
--------|----------------------------------------------------------------------------|-------|-------------|-------|-------|-------|-------|--------|-----------
GET      [GET] /actuator/health                                                          3768     0(0.00%) |      4       2      54      4 |   29.80        0.00
GET      [GET] /api/soporte/election/status                                              3591     0(0.00%) |      4       1      47      4 |   27.80        0.00
GET      [GET] /api/soporte/tickets                                                      7309     0(0.00%) |      7       3     101      7 |   56.80        0.00
GET      [GET] /health                                                                  10920     0(0.00%) |      4       1      82      4 |   82.80        0.00
--------|----------------------------------------------------------------------------|-------|-------------|-------|-------|-------|-------|--------|-----------
         Aggregated                                                                     25588     0(0.00%) |      5       1     101      5 |  197.20        0.00

Type     Name                                                                          # reqs      # fails |    Avg     Min     Max    Med |   req/s  failures/s
--------|----------------------------------------------------------------------------|-------|-------------|-------|-------|-------|-------|--------|-----------
GET      [GET] /actuator/health                                                          3816     0(0.00%) |      4       2      54      4 |   28.60        0.00
GET      [GET] /api/soporte/election/status                                              3644     0(0.00%) |      4       1      47      4 |   28.80        0.00
GET      [GET] /api/soporte/tickets                                                      7420     0(0.00%) |      7       3     101      7 |   57.90        0.00
GET      [GET] /health                                                                  11095     0(0.00%) |      4       1      82      4 |   82.90        0.00
--------|----------------------------------------------------------------------------|-------|-------------|-------|-------|-------|-------|--------|-----------
         Aggregated                                                                     25975     0(0.00%) |      5       1     101      5 |  198.20        0.00

Type     Name                                                                          # reqs      # fails |    Avg     Min     Max    Med |   req/s  failures/s
--------|----------------------------------------------------------------------------|-------|-------------|-------|-------|-------|-------|--------|-----------
GET      [GET] /actuator/health                                                          3853     0(0.00%) |      4       2      54      4 |   27.90        0.00
GET      [GET] /api/soporte/election/status                                              3702     0(0.00%) |      4       1      47      4 |   29.00        0.00
GET      [GET] /api/soporte/tickets                                                      7545     0(0.00%) |      7       3     101      7 |   57.90        0.00
GET      [GET] /health                                                                  11269     0(0.00%) |      4       1      82      4 |   82.00        0.00
--------|----------------------------------------------------------------------------|-------|-------------|-------|-------|-------|-------|--------|-----------
         Aggregated                                                                     26369     0(0.00%) |      5       1     101      5 |  196.80        0.00

Type     Name                                                                          # reqs      # fails |    Avg     Min     Max    Med |   req/s  failures/s
--------|----------------------------------------------------------------------------|-------|-------------|-------|-------|-------|-------|--------|-----------
GET      [GET] /actuator/health                                                          3911     0(0.00%) |      4       2      54      4 |   25.70        0.00
GET      [GET] /api/soporte/election/status                                              3761     0(0.00%) |      4       1      47      4 |   29.20        0.00
GET      [GET] /api/soporte/tickets                                                      7644     0(0.00%) |      7       3     101      7 |   59.60        0.00
GET      [GET] /health                                                                  11442     0(0.00%) |      4       1      82      4 |   82.00        0.00
--------|----------------------------------------------------------------------------|-------|-------------|-------|-------|-------|-------|--------|-----------
         Aggregated                                                                     26758     0(0.00%) |      5       1     101      5 |  196.50        0.00

Type     Name                                                                          # reqs      # fails |    Avg     Min     Max    Med |   req/s  failures/s
--------|----------------------------------------------------------------------------|-------|-------------|-------|-------|-------|-------|--------|-----------
GET      [GET] /actuator/health                                                          3971     0(0.00%) |      4       2      54      4 |   26.10        0.00
GET      [GET] /api/soporte/election/status                                              3814     0(0.00%) |      4       1      47      4 |   28.30        0.00
GET      [GET] /api/soporte/tickets                                                      7754     0(0.00%) |      7       3     101      7 |   58.30        0.00
GET      [GET] /health                                                                  11618     0(0.00%) |      4       1      82      4 |   82.70        0.00
--------|----------------------------------------------------------------------------|-------|-------------|-------|-------|-------|-------|--------|-----------
         Aggregated                                                                     27157     0(0.00%) |      5       1     101      5 |  195.40        0.00

Type     Name                                                                          # reqs      # fails |    Avg     Min     Max    Med |   req/s  failures/s
--------|----------------------------------------------------------------------------|-------|-------------|-------|-------|-------|-------|--------|-----------
GET      [GET] /actuator/health                                                          4045     0(0.00%) |      4       2      54      4 |   25.90        0.00
GET      [GET] /api/soporte/election/status                                              3858     0(0.00%) |      4       1      47      4 |   28.50        0.00
GET      [GET] /api/soporte/tickets                                                      7865     0(0.00%) |      7       3     101      7 |   56.70        0.00
GET      [GET] /health                                                                  11782     0(0.00%) |      4       1      82      4 |   86.10        0.00
--------|----------------------------------------------------------------------------|-------|-------------|-------|-------|-------|-------|--------|-----------
         Aggregated                                                                     27550     0(0.00%) |      5       1     101      5 |  197.20        0.00

Type     Name                                                                          # reqs      # fails |    Avg     Min     Max    Med |   req/s  failures/s
--------|----------------------------------------------------------------------------|-------|-------------|-------|-------|-------|-------|--------|-----------
GET      [GET] /actuator/health                                                          4103     0(0.00%) |      4       2      54      4 |   27.50        0.00
GET      [GET] /api/soporte/election/status                                              3910     0(0.00%) |      4       1      47      4 |   26.70        0.00
GET      [GET] /api/soporte/tickets                                                      7990     0(0.00%) |      7       3     101      7 |   55.40        0.00
GET      [GET] /health                                                                  11950     0(0.00%) |      4       1      82      4 |   86.40        0.00
--------|----------------------------------------------------------------------------|-------|-------------|-------|-------|-------|-------|--------|-----------
         Aggregated                                                                     27953     0(0.00%) |      5       1     101      5 |  196.00        0.00

Type     Name                                                                          # reqs      # fails |    Avg     Min     Max    Med |   req/s  failures/s
--------|----------------------------------------------------------------------------|-------|-------------|-------|-------|-------|-------|--------|-----------
GET      [GET] /actuator/health                                                          4164     0(0.00%) |      4       2      54      4 |   28.80        0.00
GET      [GET] /api/soporte/election/status                                              3970     0(0.00%) |      4       1      47      4 |   26.60        0.00
GET      [GET] /api/soporte/tickets                                                      8099     0(0.00%) |      7       3     101      7 |   56.70        0.00
GET      [GET] /health                                                                  12110     0(0.00%) |      4       1      82      4 |   85.80        0.00
--------|----------------------------------------------------------------------------|-------|-------------|-------|-------|-------|-------|--------|-----------
         Aggregated                                                                     28343     0(0.00%) |      5       1     101      5 |  197.90        0.00

Type     Name                                                                          # reqs      # fails |    Avg     Min     Max    Med |   req/s  failures/s
--------|----------------------------------------------------------------------------|-------|-------------|-------|-------|-------|-------|--------|-----------
GET      [GET] /actuator/health                                                          4217     0(0.00%) |      4       2      54      4 |   30.80        0.00
GET      [GET] /api/soporte/election/status                                              4037     0(0.00%) |      4       1      49      4 |   27.00        0.00
GET      [GET] /api/soporte/tickets                                                      8201     0(0.00%) |      7       3     101      7 |   55.50        0.00
GET      [GET] /health                                                                  12294     0(0.00%) |      4       1      82      4 |   84.50        0.00
--------|----------------------------------------------------------------------------|-------|-------------|-------|-------|-------|-------|--------|-----------
         Aggregated                                                                     28749     0(0.00%) |      5       1     101      5 |  197.80        0.00

Type     Name                                                                          # reqs      # fails |    Avg     Min     Max    Med |   req/s  failures/s
--------|----------------------------------------------------------------------------|-------|-------------|-------|-------|-------|-------|--------|-----------
GET      [GET] /actuator/health                                                          4272     0(0.00%) |      4       2      54      4 |   30.80        0.00
GET      [GET] /api/soporte/election/status                                              4085     0(0.00%) |      4       1      49      4 |   27.90        0.00
GET      [GET] /api/soporte/tickets                                                      8313     0(0.00%) |      7       3     101      7 |   55.20        0.00
GET      [GET] /health                                                                  12464     0(0.00%) |      4       1      82      4 |   84.80        0.00
--------|----------------------------------------------------------------------------|-------|-------------|-------|-------|-------|-------|--------|-----------
         Aggregated                                                                     29134     0(0.00%) |      5       1     101      5 |  198.70        0.00

Type     Name                                                                          # reqs      # fails |    Avg     Min     Max    Med |   req/s  failures/s
--------|----------------------------------------------------------------------------|-------|-------------|-------|-------|-------|-------|--------|-----------
GET      [GET] /actuator/health                                                          4340     0(0.00%) |      4       2      54      4 |   30.00        0.00
GET      [GET] /api/soporte/election/status                                              4156     0(0.00%) |      4       1      49      4 |   27.10        0.00
GET      [GET] /api/soporte/tickets                                                      8408     0(0.00%) |      7       3     101      7 |   56.10        0.00
GET      [GET] /health                                                                  12638     0(0.00%) |      4       1      82      4 |   84.40        0.00
--------|----------------------------------------------------------------------------|-------|-------------|-------|-------|-------|-------|--------|-----------
         Aggregated                                                                     29542     0(0.00%) |      5       1     101      5 |  197.60        0.00

Type     Name                                                                          # reqs      # fails |    Avg     Min     Max    Med |   req/s  failures/s
--------|----------------------------------------------------------------------------|-------|-------------|-------|-------|-------|-------|--------|-----------
GET      [GET] /actuator/health                                                          4403     0(0.00%) |      4       2      54      4 |   29.40        0.00
GET      [GET] /api/soporte/election/status                                              4204     0(0.00%) |      4       1      49      4 |   29.60        0.00
GET      [GET] /api/soporte/tickets                                                      8508     0(0.00%) |      7       3     101      7 |   54.10        0.00
GET      [GET] /health                                                                  12821     0(0.00%) |      4       1      82      4 |   84.80        0.00
--------|----------------------------------------------------------------------------|-------|-------------|-------|-------|-------|-------|--------|-----------
         Aggregated                                                                     29936     0(0.00%) |      5       1     101      5 |  197.90        0.00

Type     Name                                                                          # reqs      # fails |    Avg     Min     Max    Med |   req/s  failures/s
--------|----------------------------------------------------------------------------|-------|-------------|-------|-------|-------|-------|--------|-----------
GET      [GET] /actuator/health                                                          4460     0(0.00%) |      4       2      54      4 |   29.90        0.00
GET      [GET] /api/soporte/election/status                                              4257     0(0.00%) |      4       1      49      4 |   29.40        0.00
GET      [GET] /api/soporte/tickets                                                      8603     0(0.00%) |      7       3     101      7 |   52.00        0.00
GET      [GET] /health                                                                  13008     0(0.00%) |      4       1      82      4 |   86.60        0.00
--------|----------------------------------------------------------------------------|-------|-------------|-------|-------|-------|-------|--------|-----------
         Aggregated                                                                     30328     0(0.00%) |      5       1     101      5 |  197.90        0.00

Type     Name                                                                          # reqs      # fails |    Avg     Min     Max    Med |   req/s  failures/s
--------|----------------------------------------------------------------------------|-------|-------------|-------|-------|-------|-------|--------|-----------
GET      [GET] /actuator/health                                                          4513     0(0.00%) |      4       2      54      4 |   29.90        0.00
GET      [GET] /api/soporte/election/status                                              4302     0(0.00%) |      4       1      49      4 |   28.60        0.00
GET      [GET] /api/soporte/tickets                                                      8729     0(0.00%) |      7       3     101      7 |   50.10        0.00
GET      [GET] /health                                                                  13179     0(0.00%) |      4       1      82      4 |   89.60        0.00
--------|----------------------------------------------------------------------------|-------|-------------|-------|-------|-------|-------|--------|-----------
         Aggregated                                                                     30723     0(0.00%) |      5       1     101      5 |  198.20        0.00

Type     Name                                                                          # reqs      # fails |    Avg     Min     Max    Med |   req/s  failures/s
--------|----------------------------------------------------------------------------|-------|-------------|-------|-------|-------|-------|--------|-----------
GET      [GET] /actuator/health                                                          4561     0(0.00%) |      4       2      54      4 |   29.00        0.00
GET      [GET] /api/soporte/election/status                                              4364     0(0.00%) |      4       1      49      4 |   26.50        0.00
GET      [GET] /api/soporte/tickets                                                      8856     0(0.00%) |      7       3     101      7 |   53.10        0.00
GET      [GET] /health                                                                  13339     0(0.00%) |      4       1      82      4 |   88.80        0.00
--------|----------------------------------------------------------------------------|-------|-------------|-------|-------|-------|-------|--------|-----------
         Aggregated                                                                     31120     0(0.00%) |      5       1     101      5 |  197.40        0.00

Type     Name                                                                          # reqs      # fails |    Avg     Min     Max    Med |   req/s  failures/s
--------|----------------------------------------------------------------------------|-------|-------------|-------|-------|-------|-------|--------|-----------
GET      [GET] /actuator/health                                                          4611     0(0.00%) |      4       2      54      4 |   29.00        0.00
GET      [GET] /api/soporte/election/status                                              4419     0(0.00%) |      4       1      49      4 |   27.70        0.00
GET      [GET] /api/soporte/tickets                                                      8962     0(0.00%) |      7       3     101      7 |   54.00        0.00
GET      [GET] /health                                                                  13519     0(0.00%) |      4       1      82      4 |   87.20        0.00
--------|----------------------------------------------------------------------------|-------|-------------|-------|-------|-------|-------|--------|-----------
         Aggregated                                                                     31511     0(0.00%) |      5       1     101      5 |  197.90        0.00

Type     Name                                                                          # reqs      # fails |    Avg     Min     Max    Med |   req/s  failures/s
--------|----------------------------------------------------------------------------|-------|-------------|-------|-------|-------|-------|--------|-----------
GET      [GET] /actuator/health                                                          4664     0(0.00%) |      4       2      54      4 |   27.10        0.00
GET      [GET] /api/soporte/election/status                                              4482     0(0.00%) |      4       1      49      4 |   26.60        0.00
GET      [GET] /api/soporte/tickets                                                      9069     0(0.00%) |      7       3     101      7 |   55.80        0.00
GET      [GET] /health                                                                  13691     0(0.00%) |      4       1      82      4 |   88.10        0.00
--------|----------------------------------------------------------------------------|-------|-------------|-------|-------|-------|-------|--------|-----------
         Aggregated                                                                     31906     0(0.00%) |      5       1     101      5 |  197.60        0.00

Type     Name                                                                          # reqs      # fails |    Avg     Min     Max    Med |   req/s  failures/s
--------|----------------------------------------------------------------------------|-------|-------------|-------|-------|-------|-------|--------|-----------
GET      [GET] /actuator/health                                                          4731     0(0.00%) |      4       2      54      4 |   26.10        0.00
GET      [GET] /api/soporte/election/status                                              4535     0(0.00%) |      4       1      49      4 |   27.50        0.00
GET      [GET] /api/soporte/tickets                                                      9184     0(0.00%) |      7       3     101      7 |   56.20        0.00
GET      [GET] /health                                                                  13853     0(0.00%) |      4       1      82      4 |   86.10        0.00
--------|----------------------------------------------------------------------------|-------|-------------|-------|-------|-------|-------|--------|-----------
         Aggregated                                                                     32303     0(0.00%) |      5       1     101      5 |  195.90        0.00

Type     Name                                                                          # reqs      # fails |    Avg     Min     Max    Med |   req/s  failures/s
--------|----------------------------------------------------------------------------|-------|-------------|-------|-------|-------|-------|--------|-----------
GET      [GET] /actuator/health                                                          4780     0(0.00%) |      4       2      54      4 |   26.70        0.00
GET      [GET] /api/soporte/election/status                                              4598     0(0.00%) |      4       1      49      4 |   27.30        0.00
GET      [GET] /api/soporte/tickets                                                      9305     0(0.00%) |      7       3     101      7 |   57.70        0.00
GET      [GET] /health                                                                  14022     0(0.00%) |      4       1      82      4 |   83.80        0.00
--------|----------------------------------------------------------------------------|-------|-------------|-------|-------|-------|-------|--------|-----------
         Aggregated                                                                     32705     0(0.00%) |      5       1     101      5 |  195.50        0.00

Type     Name                                                                          # reqs      # fails |    Avg     Min     Max    Med |   req/s  failures/s
--------|----------------------------------------------------------------------------|-------|-------------|-------|-------|-------|-------|--------|-----------
GET      [GET] /actuator/health                                                          4843     0(0.00%) |      4       2      54      4 |   27.00        0.00
GET      [GET] /api/soporte/election/status                                              4657     0(0.00%) |      4       1      49      4 |   29.30        0.00
GET      [GET] /api/soporte/tickets                                                      9406     0(0.00%) |      7       3     101      7 |   57.40        0.00
GET      [GET] /health                                                                  14188     0(0.00%) |      4       1      82      4 |   83.70        0.00
--------|----------------------------------------------------------------------------|-------|-------------|-------|-------|-------|-------|--------|-----------
         Aggregated                                                                     33094     0(0.00%) |      5       1     101      5 |  197.40        0.00

Type     Name                                                                          # reqs      # fails |    Avg     Min     Max    Med |   req/s  failures/s
--------|----------------------------------------------------------------------------|-------|-------------|-------|-------|-------|-------|--------|-----------
GET      [GET] /actuator/health                                                          4908     0(0.00%) |      4       2      54      4 |   28.40        0.00
GET      [GET] /api/soporte/election/status                                              4713     0(0.00%) |      4       1      49      4 |   29.10        0.00
GET      [GET] /api/soporte/tickets                                                      9515     0(0.00%) |      7       3     101      7 |   55.50        0.00
GET      [GET] /health                                                                  14360     0(0.00%) |      4       1      82      4 |   85.10        0.00
--------|----------------------------------------------------------------------------|-------|-------------|-------|-------|-------|-------|--------|-----------
         Aggregated                                                                     33496     0(0.00%) |      5       1     101      5 |  198.10        0.00

Type     Name                                                                          # reqs      # fails |    Avg     Min     Max    Med |   req/s  failures/s
--------|----------------------------------------------------------------------------|-------|-------------|-------|-------|-------|-------|--------|-----------
GET      [GET] /actuator/health                                                          4951     0(0.00%) |      4       2      54      4 |   29.80        0.00
GET      [GET] /api/soporte/election/status                                              4780     0(0.00%) |      4       1      49      4 |   29.30        0.00
GET      [GET] /api/soporte/tickets                                                      9646     0(0.00%) |      7       3     101      7 |   55.10        0.00
GET      [GET] /health                                                                  14512     0(0.00%) |      4       1      82      4 |   84.70        0.00
--------|----------------------------------------------------------------------------|-------|-------------|-------|-------|-------|-------|--------|-----------
         Aggregated                                                                     33889     0(0.00%) |      5       1     101      5 |  198.90        0.00

Type     Name                                                                          # reqs      # fails |    Avg     Min     Max    Med |   req/s  failures/s
--------|----------------------------------------------------------------------------|-------|-------------|-------|-------|-------|-------|--------|-----------
GET      [GET] /actuator/health                                                          5004     0(0.00%) |      4       2      54      4 |   28.50        0.00
GET      [GET] /api/soporte/election/status                                              4835     0(0.00%) |      4       1      49      4 |   29.60        0.00
GET      [GET] /api/soporte/tickets                                                      9768     0(0.00%) |      7       3     101      7 |   57.30        0.00
GET      [GET] /health                                                                  14695     0(0.00%) |      4       1      82      4 |   83.20        0.00
--------|----------------------------------------------------------------------------|-------|-------------|-------|-------|-------|-------|--------|-----------
         Aggregated                                                                     34302     0(0.00%) |      5       1     101      5 |  198.60        0.00

Type     Name                                                                          # reqs      # fails |    Avg     Min     Max    Med |   req/s  failures/s
--------|----------------------------------------------------------------------------|-------|-------------|-------|-------|-------|-------|--------|-----------
GET      [GET] /actuator/health                                                          5056     0(0.00%) |      4       2      54      4 |   27.40        0.00
GET      [GET] /api/soporte/election/status                                              4899     0(0.00%) |      4       1      49      4 |   30.00        0.00
GET      [GET] /api/soporte/tickets                                                      9877     0(0.00%) |      7       3     101      7 |   58.00        0.00
GET      [GET] /health                                                                  14863     0(0.00%) |      4       1      82      4 |   84.10        0.00
--------|----------------------------------------------------------------------------|-------|-------------|-------|-------|-------|-------|--------|-----------
         Aggregated                                                                     34695     0(0.00%) |      5       1     101      5 |  199.50        0.00

Type     Name                                                                          # reqs      # fails |    Avg     Min     Max    Med |   req/s  failures/s
--------|----------------------------------------------------------------------------|-------|-------------|-------|-------|-------|-------|--------|-----------
GET      [GET] /actuator/health                                                          5107     0(0.00%) |      4       2      54      4 |   27.50        0.00
GET      [GET] /api/soporte/election/status                                              4942     0(0.00%) |      4       1      49      4 |   29.70        0.00
GET      [GET] /api/soporte/tickets                                                      9983     0(0.00%) |      7       3     101      7 |   56.80        0.00
GET      [GET] /health                                                                  15049     0(0.00%) |      4       1      82      4 |   84.20        0.00
--------|----------------------------------------------------------------------------|-------|-------------|-------|-------|-------|-------|--------|-----------
         Aggregated                                                                     35081     0(0.00%) |      5       1     101      5 |  198.20        0.00

Type     Name                                                                          # reqs      # fails |    Avg     Min     Max    Med |   req/s  failures/s
--------|----------------------------------------------------------------------------|-------|-------------|-------|-------|-------|-------|--------|-----------
GET      [GET] /actuator/health                                                          5162     0(0.00%) |      4       2      54      4 |   26.50        0.00
GET      [GET] /api/soporte/election/status                                              4989     0(0.00%) |      4       1      49      4 |   29.00        0.00
GET      [GET] /api/soporte/tickets                                                     10107     0(0.00%) |      7       3     101      7 |   57.00        0.00
GET      [GET] /health                                                                  15224     0(0.00%) |      4       1      82      4 |   85.80        0.00
--------|----------------------------------------------------------------------------|-------|-------------|-------|-------|-------|-------|--------|-----------
         Aggregated                                                                     35482     0(0.00%) |      5       1     101      5 |  198.30        0.00

Type     Name                                                                          # reqs      # fails |    Avg     Min     Max    Med |   req/s  failures/s
--------|----------------------------------------------------------------------------|-------|-------------|-------|-------|-------|-------|--------|-----------
GET      [GET] /actuator/health                                                          5225     0(0.00%) |      4       2      54      4 |   25.30        0.00
GET      [GET] /api/soporte/election/status                                              5060     0(0.00%) |      4       1      49      4 |   27.40        0.00
GET      [GET] /api/soporte/tickets                                                     10223     0(0.00%) |      7       3     101      7 |   58.70        0.00
GET      [GET] /health                                                                  15384     0(0.00%) |      4       1      82      4 |   86.20        0.00
--------|----------------------------------------------------------------------------|-------|-------------|-------|-------|-------|-------|--------|-----------
         Aggregated                                                                     35892     0(0.00%) |      5       1     101      5 |  197.60        0.00

Type     Name                                                                          # reqs      # fails |    Avg     Min     Max    Med |   req/s  failures/s
--------|----------------------------------------------------------------------------|-------|-------------|-------|-------|-------|-------|--------|-----------
GET      [GET] /actuator/health                                                          5288     0(0.00%) |      4       2      54      4 |   27.10        0.00
GET      [GET] /api/soporte/election/status                                              5123     0(0.00%) |      4       1      49      4 |   28.30        0.00
GET      [GET] /api/soporte/tickets                                                     10317     0(0.00%) |      7       3     101      7 |   57.30        0.00
GET      [GET] /health                                                                  15547     0(0.00%) |      4       1      82      4 |   86.70        0.00
--------|----------------------------------------------------------------------------|-------|-------------|-------|-------|-------|-------|--------|-----------
         Aggregated                                                                     36275     0(0.00%) |      5       1     101      5 |  199.40        0.00

Type     Name                                                                          # reqs      # fails |    Avg     Min     Max    Med |   req/s  failures/s
--------|----------------------------------------------------------------------------|-------|-------------|-------|-------|-------|-------|--------|-----------
GET      [GET] /actuator/health                                                          5336     0(0.00%) |      4       2      54      4 |   28.30        0.00
GET      [GET] /api/soporte/election/status                                              5186     0(0.00%) |      4       1      49      4 |   29.10        0.00
GET      [GET] /api/soporte/tickets                                                     10436     0(0.00%) |      7       3     101      7 |   55.30        0.00
GET      [GET] /health                                                                  15713     0(0.00%) |      4       1      82      4 |   85.00        0.00
--------|----------------------------------------------------------------------------|-------|-------------|-------|-------|-------|-------|--------|-----------
         Aggregated                                                                     36671     0(0.00%) |      5       1     101      5 |  197.70        0.00

Type     Name                                                                          # reqs      # fails |    Avg     Min     Max    Med |   req/s  failures/s
--------|----------------------------------------------------------------------------|-------|-------------|-------|-------|-------|-------|--------|-----------
GET      [GET] /actuator/health                                                          5396     0(0.00%) |      4       2      54      4 |   28.10        0.00
GET      [GET] /api/soporte/election/status                                              5247     0(0.00%) |      4       1      49      4 |   29.10        0.00
GET      [GET] /api/soporte/tickets                                                     10564     0(0.00%) |      7       3     101      7 |   55.50        0.00
GET      [GET] /health                                                                  15878     0(0.00%) |      4       1      82      4 |   84.90        0.00
--------|----------------------------------------------------------------------------|-------|-------------|-------|-------|-------|-------|--------|-----------
         Aggregated                                                                     37085     0(0.00%) |      5       1     101      5 |  197.60        0.00

Type     Name                                                                          # reqs      # fails |    Avg     Min     Max    Med |   req/s  failures/s
--------|----------------------------------------------------------------------------|-------|-------------|-------|-------|-------|-------|--------|-----------
GET      [GET] /actuator/health                                                          5454     0(0.00%) |      4       2      54      4 |   28.30        0.00
GET      [GET] /api/soporte/election/status                                              5308     0(0.00%) |      4       1      49      4 |   29.60        0.00
GET      [GET] /api/soporte/tickets                                                     10681     0(0.00%) |      7       3     101      7 |   57.70        0.00
GET      [GET] /health                                                                  16031     0(0.00%) |      4       1      82      4 |   83.00        0.00
--------|----------------------------------------------------------------------------|-------|-------------|-------|-------|-------|-------|--------|-----------
         Aggregated                                                                     37474     0(0.00%) |      5       1     101      5 |  198.60        0.00

Type     Name                                                                          # reqs      # fails |    Avg     Min     Max    Med |   req/s  failures/s
--------|----------------------------------------------------------------------------|-------|-------------|-------|-------|-------|-------|--------|-----------
GET      [GET] /actuator/health                                                          5514     0(0.00%) |      4       2      54      4 |   28.80        0.00
GET      [GET] /api/soporte/election/status                                              5374     0(0.00%) |      4       1      49      4 |   31.60        0.00
GET      [GET] /api/soporte/tickets                                                     10793     0(0.00%) |      7       3     101      7 |   57.10        0.00
GET      [GET] /health                                                                  16198     0(0.00%) |      4       1      82      4 |   80.60        0.00
--------|----------------------------------------------------------------------------|-------|-------------|-------|-------|-------|-------|--------|-----------
         Aggregated                                                                     37879     0(0.00%) |      5       1     101      5 |  198.10        0.00

Type     Name                                                                          # reqs      # fails |    Avg     Min     Max    Med |   req/s  failures/s
--------|----------------------------------------------------------------------------|-------|-------------|-------|-------|-------|-------|--------|-----------
GET      [GET] /actuator/health                                                          5575     0(0.00%) |      4       2      54      4 |   29.20        0.00
GET      [GET] /api/soporte/election/status                                              5433     0(0.00%) |      4       1      49      4 |   31.00        0.00
GET      [GET] /api/soporte/tickets                                                     10904     0(0.00%) |      7       3     101      7 |   57.00        0.00
GET      [GET] /health                                                                  16373     0(0.00%) |      4       1      82      4 |   81.80        0.00
--------|----------------------------------------------------------------------------|-------|-------------|-------|-------|-------|-------|--------|-----------
         Aggregated                                                                     38285     0(0.00%) |      5       1     101      5 |  199.00        0.00

Type     Name                                                                          # reqs      # fails |    Avg     Min     Max    Med |   req/s  failures/s
--------|----------------------------------------------------------------------------|-------|-------------|-------|-------|-------|-------|--------|-----------
GET      [GET] /actuator/health                                                          5628     0(0.00%) |      4       2      54      4 |   28.50        0.00
GET      [GET] /api/soporte/election/status                                              5498     0(0.00%) |      4       1      49      4 |   31.00        0.00
GET      [GET] /api/soporte/tickets                                                     10999     0(0.00%) |      7       3     101      7 |   58.90        0.00
GET      [GET] /health                                                                  16552     0(0.00%) |      4       1      82      4 |   82.20        0.00
--------|----------------------------------------------------------------------------|-------|-------------|-------|-------|-------|-------|--------|-----------
         Aggregated                                                                     38677     0(0.00%) |      5       1     101      5 |  200.60        0.00

Type     Name                                                                          # reqs      # fails |    Avg     Min     Max    Med |   req/s  failures/s
--------|----------------------------------------------------------------------------|-------|-------------|-------|-------|-------|-------|--------|-----------
GET      [GET] /actuator/health                                                          5693     0(0.00%) |      5       2      54      4 |   29.10        0.00
GET      [GET] /api/soporte/election/status                                              5545     0(0.00%) |      4       1      49      4 |   31.00        0.00
GET      [GET] /api/soporte/tickets                                                     11113     0(0.00%) |      7       3     101      7 |   56.90        0.00
GET      [GET] /health                                                                  16717     0(0.00%) |      4       1      82      4 |   83.80        0.00
--------|----------------------------------------------------------------------------|-------|-------------|-------|-------|-------|-------|--------|-----------
         Aggregated                                                                     39068     0(0.00%) |      5       1     101      5 |  200.80        0.00

Type     Name                                                                          # reqs      # fails |    Avg     Min     Max    Med |   req/s  failures/s
--------|----------------------------------------------------------------------------|-------|-------------|-------|-------|-------|-------|--------|-----------
GET      [GET] /actuator/health                                                          5759     0(0.00%) |      5       2      54      4 |   29.90        0.00
GET      [GET] /api/soporte/election/status                                              5604     0(0.00%) |      4       1      49      4 |   30.20        0.00
GET      [GET] /api/soporte/tickets                                                     11232     0(0.00%) |      7       3     101      7 |   54.80        0.00
GET      [GET] /health                                                                  16875     0(0.00%) |      4       1      82      4 |   82.70        0.00
--------|----------------------------------------------------------------------------|-------|-------------|-------|-------|-------|-------|--------|-----------
         Aggregated                                                                     39470     0(0.00%) |      5       1     101      5 |  197.60        0.00

Type     Name                                                                          # reqs      # fails |    Avg     Min     Max    Med |   req/s  failures/s
--------|----------------------------------------------------------------------------|-------|-------------|-------|-------|-------|-------|--------|-----------
GET      [GET] /actuator/health                                                          5813     0(0.00%) |      5       2      54      4 |   30.40        0.00
GET      [GET] /api/soporte/election/status                                              5660     0(0.00%) |      4       1      49      4 |   29.80        0.00
GET      [GET] /api/soporte/tickets                                                     11347     0(0.00%) |      7       3     101      7 |   55.60        0.00
GET      [GET] /health                                                                  17029     0(0.00%) |      4       1      82      4 |   83.70        0.00
--------|----------------------------------------------------------------------------|-------|-------------|-------|-------|-------|-------|--------|-----------
         Aggregated                                                                     39849     0(0.00%) |      5       1     101      5 |  199.50        0.00

Type     Name                                                                          # reqs      # fails |    Avg     Min     Max    Med |   req/s  failures/s
--------|----------------------------------------------------------------------------|-------|-------------|-------|-------|-------|-------|--------|-----------
GET      [GET] /actuator/health                                                          5874     0(0.00%) |      5       2      54      4 |   29.80        0.00
GET      [GET] /api/soporte/election/status                                              5726     0(0.00%) |      4       1      49      4 |   28.50        0.00
GET      [GET] /api/soporte/tickets                                                     11447     0(0.00%) |      7       3     101      7 |   55.50        0.00
GET      [GET] /health                                                                  17198     0(0.00%) |      4       1      82      4 |   81.80        0.00
--------|----------------------------------------------------------------------------|-------|-------------|-------|-------|-------|-------|--------|-----------
         Aggregated                                                                     40245     0(0.00%) |      5       1     101      5 |  195.60        0.00

Type     Name                                                                          # reqs      # fails |    Avg     Min     Max    Med |   req/s  failures/s
--------|----------------------------------------------------------------------------|-------|-------------|-------|-------|-------|-------|--------|-----------
GET      [GET] /actuator/health                                                          5934     0(0.00%) |      5       2      54      4 |   30.00        0.00
GET      [GET] /api/soporte/election/status                                              5781     0(0.00%) |      4       1      49      4 |   29.00        0.00
GET      [GET] /api/soporte/tickets                                                     11575     0(0.00%) |      7       3     101      7 |   54.10        0.00
GET      [GET] /health                                                                  17362     0(0.00%) |      4       1      82      4 |   82.90        0.00
--------|----------------------------------------------------------------------------|-------|-------------|-------|-------|-------|-------|--------|-----------
         Aggregated                                                                     40652     0(0.00%) |      5       1     101      5 |  196.00        0.00

Type     Name                                                                          # reqs      # fails |    Avg     Min     Max    Med |   req/s  failures/s
--------|----------------------------------------------------------------------------|-------|-------------|-------|-------|-------|-------|--------|-----------
GET      [GET] /actuator/health                                                          5995     0(0.00%) |      5       2      54      4 |   30.30        0.00
GET      [GET] /api/soporte/election/status                                              5835     0(0.00%) |      4       1      49      4 |   28.60        0.00
GET      [GET] /api/soporte/tickets                                                     11689     0(0.00%) |      7       3     101      7 |   57.00        0.00
GET      [GET] /health                                                                  17540     0(0.00%) |      4       1      82      4 |   80.20        0.00
--------|----------------------------------------------------------------------------|-------|-------------|-------|-------|-------|-------|--------|-----------
         Aggregated                                                                     41059     0(0.00%) |      5       1     101      5 |  196.10        0.00

Type     Name                                                                          # reqs      # fails |    Avg     Min     Max    Med |   req/s  failures/s
--------|----------------------------------------------------------------------------|-------|-------------|-------|-------|-------|-------|--------|-----------
GET      [GET] /actuator/health                                                          6060     0(0.00%) |      5       2      54      4 |   29.70        0.00
GET      [GET] /api/soporte/election/status                                              5879     0(0.00%) |      4       1      49      4 |   28.70        0.00
GET      [GET] /api/soporte/tickets                                                     11804     0(0.00%) |      7       3     101      7 |   57.30        0.00
GET      [GET] /health                                                                  17702     0(0.00%) |      4       1      82      4 |   82.10        0.00
--------|----------------------------------------------------------------------------|-------|-------------|-------|-------|-------|-------|--------|-----------
         Aggregated                                                                     41445     0(0.00%) |      5       1     101      5 |  197.80        0.00

Type     Name                                                                          # reqs      # fails |    Avg     Min     Max    Med |   req/s  failures/s
--------|----------------------------------------------------------------------------|-------|-------------|-------|-------|-------|-------|--------|-----------
GET      [GET] /actuator/health                                                          6115     0(0.00%) |      5       2      54      4 |   30.00        0.00
GET      [GET] /api/soporte/election/status                                              5939     0(0.00%) |      4       1      49      4 |   27.60        0.00
GET      [GET] /api/soporte/tickets                                                     11910     0(0.00%) |      7       3     101      7 |   56.70        0.00
GET      [GET] /health                                                                  17884     0(0.00%) |      4       1      82      4 |   82.30        0.00
--------|----------------------------------------------------------------------------|-------|-------------|-------|-------|-------|-------|--------|-----------
         Aggregated                                                                     41848     0(0.00%) |      5       1     101      5 |  196.60        0.00

Type     Name                                                                          # reqs      # fails |    Avg     Min     Max    Med |   req/s  failures/s
--------|----------------------------------------------------------------------------|-------|-------------|-------|-------|-------|-------|--------|-----------
GET      [GET] /actuator/health                                                          6175     0(0.00%) |      5       2      54      4 |   30.10        0.00
GET      [GET] /api/soporte/election/status                                              6007     0(0.00%) |      4       1      49      4 |   28.20        0.00
GET      [GET] /api/soporte/tickets                                                     12009     0(0.00%) |      7       3     101      7 |   56.30        0.00
GET      [GET] /health                                                                  18047     0(0.00%) |      4       1      82      4 |   84.40        0.00
--------|----------------------------------------------------------------------------|-------|-------------|-------|-------|-------|-------|--------|-----------
         Aggregated                                                                     42238     0(0.00%) |      5       1     101      5 |  199.00        0.00

Type     Name                                                                          # reqs      # fails |    Avg     Min     Max    Med |   req/s  failures/s
--------|----------------------------------------------------------------------------|-------|-------------|-------|-------|-------|-------|--------|-----------
GET      [GET] /actuator/health                                                          6223     0(0.00%) |      5       2      54      4 |   30.00        0.00
GET      [GET] /api/soporte/election/status                                              6067     0(0.00%) |      4       1      49      4 |   28.10        0.00
GET      [GET] /api/soporte/tickets                                                     12121     0(0.00%) |      7       3     101      7 |   56.00        0.00
GET      [GET] /health                                                                  18231     0(0.00%) |      4       1      82      4 |   84.10        0.00
--------|----------------------------------------------------------------------------|-------|-------------|-------|-------|-------|-------|--------|-----------
         Aggregated                                                                     42642     0(0.00%) |      5       1     101      5 |  198.20        0.00

Type     Name                                                                          # reqs      # fails |    Avg     Min     Max    Med |   req/s  failures/s
--------|----------------------------------------------------------------------------|-------|-------------|-------|-------|-------|-------|--------|-----------
GET      [GET] /actuator/health                                                          6279     0(0.00%) |      5       2      54      4 |   29.10        0.00
GET      [GET] /api/soporte/election/status                                              6115     0(0.00%) |      4       1      49      4 |   28.00        0.00
GET      [GET] /api/soporte/tickets                                                     12232     0(0.00%) |      7       3     101      7 |   54.30        0.00
GET      [GET] /health                                                                  18412     0(0.00%) |      4       1      82      4 |   88.00        0.00
--------|----------------------------------------------------------------------------|-------|-------------|-------|-------|-------|-------|--------|-----------
         Aggregated                                                                     43038     0(0.00%) |      5       1     101      5 |  199.40        0.00

Type     Name                                                                          # reqs      # fails |    Avg     Min     Max    Med |   req/s  failures/s
--------|----------------------------------------------------------------------------|-------|-------------|-------|-------|-------|-------|--------|-----------
GET      [GET] /actuator/health                                                          6324     0(0.00%) |      5       2      54      4 |   28.70        0.00
GET      [GET] /api/soporte/election/status                                              6178     0(0.00%) |      4       1      49      4 |   28.00        0.00
GET      [GET] /api/soporte/tickets                                                     12350     0(0.00%) |      7       3     101      7 |   54.40        0.00
GET      [GET] /health                                                                  18583     0(0.00%) |      4       1      82      4 |   86.90        0.00
--------|----------------------------------------------------------------------------|-------|-------------|-------|-------|-------|-------|--------|-----------
         Aggregated                                                                     43435     0(0.00%) |      5       1     101      5 |  198.00        0.00

Type     Name                                                                          # reqs      # fails |    Avg     Min     Max    Med |   req/s  failures/s
--------|----------------------------------------------------------------------------|-------|-------------|-------|-------|-------|-------|--------|-----------
GET      [GET] /actuator/health                                                          6384     0(0.00%) |      5       2      54      4 |   26.90        0.00
GET      [GET] /api/soporte/election/status                                              6230     0(0.00%) |      4       1      49      4 |   29.60        0.00
GET      [GET] /api/soporte/tickets                                                     12458     0(0.00%) |      7       3     101      7 |   54.30        0.00
GET      [GET] /health                                                                  18754     0(0.00%) |      4       1      82      4 |   87.60        0.00
--------|----------------------------------------------------------------------------|-------|-------------|-------|-------|-------|-------|--------|-----------
         Aggregated                                                                     43826     0(0.00%) |      5       1     101      5 |  198.40        0.00

Type     Name                                                                          # reqs      # fails |    Avg     Min     Max    Med |   req/s  failures/s
--------|----------------------------------------------------------------------------|-------|-------------|-------|-------|-------|-------|--------|-----------
GET      [GET] /actuator/health                                                          6442     0(0.00%) |      5       2      54      4 |   26.90        0.00
GET      [GET] /api/soporte/election/status                                              6282     0(0.00%) |      4       1      49      4 |   29.20        0.00
GET      [GET] /api/soporte/tickets                                                     12586     0(0.00%) |      7       3     101      7 |   54.40        0.00
GET      [GET] /health                                                                  18905     0(0.00%) |      4       1      82      4 |   87.70        0.00
--------|----------------------------------------------------------------------------|-------|-------------|-------|-------|-------|-------|--------|-----------
         Aggregated                                                                     44215     0(0.00%) |      5       1     101      5 |  198.20        0.00

Type     Name                                                                          # reqs      # fails |    Avg     Min     Max    Med |   req/s  failures/s
--------|----------------------------------------------------------------------------|-------|-------------|-------|-------|-------|-------|--------|-----------
GET      [GET] /actuator/health                                                          6503     0(0.00%) |      5       2      54      4 |   26.00        0.00
GET      [GET] /api/soporte/election/status                                              6349     0(0.00%) |      4       1      49      4 |   27.20        0.00
GET      [GET] /api/soporte/tickets                                                     12693     0(0.00%) |      7       3     101      7 |   56.90        0.00
GET      [GET] /health                                                                  19071     0(0.00%) |      4       1      82      4 |   86.20        0.00
--------|----------------------------------------------------------------------------|-------|-------------|-------|-------|-------|-------|--------|-----------
         Aggregated                                                                     44616     0(0.00%) |      5       1     101      5 |  196.30        0.00

Type     Name                                                                          # reqs      # fails |    Avg     Min     Max    Med |   req/s  failures/s
--------|----------------------------------------------------------------------------|-------|-------------|-------|-------|-------|-------|--------|-----------
GET      [GET] /actuator/health                                                          6562     0(0.00%) |      5       2      54      4 |   27.60        0.00
GET      [GET] /api/soporte/election/status                                              6402     0(0.00%) |      4       1      49      4 |   28.20        0.00
GET      [GET] /api/soporte/tickets                                                     12821     0(0.00%) |      7       3     101      7 |   57.80        0.00
GET      [GET] /health                                                                  19237     0(0.00%) |      4       1      82      4 |   83.10        0.00
--------|----------------------------------------------------------------------------|-------|-------------|-------|-------|-------|-------|--------|-----------
         Aggregated                                                                     45022     0(0.00%) |      5       1     101      5 |  196.70        0.00

Type     Name                                                                          # reqs      # fails |    Avg     Min     Max    Med |   req/s  failures/s
--------|----------------------------------------------------------------------------|-------|-------------|-------|-------|-------|-------|--------|-----------
GET      [GET] /actuator/health                                                          6612     0(0.00%) |      5       2      54      4 |   28.00        0.00
GET      [GET] /api/soporte/election/status                                              6466     0(0.00%) |      4       1      49      4 |   28.60        0.00
GET      [GET] /api/soporte/tickets                                                     12921     0(0.00%) |      7       3     101      7 |   58.30        0.00
GET      [GET] /health                                                                  19407     0(0.00%) |      4       1      82      4 |   83.50        0.00
--------|----------------------------------------------------------------------------|-------|-------------|-------|-------|-------|-------|--------|-----------
         Aggregated                                                                     45406     0(0.00%) |      5       1     101      5 |  198.40        0.00

Type     Name                                                                          # reqs      # fails |    Avg     Min     Max    Med |   req/s  failures/s
--------|----------------------------------------------------------------------------|-------|-------------|-------|-------|-------|-------|--------|-----------
GET      [GET] /actuator/health                                                          6670     0(0.00%) |      5       2      54      4 |   28.40        0.00
GET      [GET] /api/soporte/election/status                                              6523     0(0.00%) |      4       1      49      4 |   28.50        0.00
GET      [GET] /api/soporte/tickets                                                     13034     0(0.00%) |      7       3     101      7 |   57.10        0.00
GET      [GET] /health                                                                  19589     0(0.00%) |      4       1      82      4 |   83.40        0.00
--------|----------------------------------------------------------------------------|-------|-------------|-------|-------|-------|-------|--------|-----------
         Aggregated                                                                     45816     0(0.00%) |      5       1     101      5 |  197.40        0.00

Type     Name                                                                          # reqs      # fails |    Avg     Min     Max    Med |   req/s  failures/s
--------|----------------------------------------------------------------------------|-------|-------------|-------|-------|-------|-------|--------|-----------
GET      [GET] /actuator/health                                                          6731     0(0.00%) |      5       2      54      4 |   28.60        0.00
GET      [GET] /api/soporte/election/status                                              6580     0(0.00%) |      4       1      49      4 |   29.00        0.00
GET      [GET] /api/soporte/tickets                                                     13146     0(0.00%) |      7       3     101      7 |   57.30        0.00
GET      [GET] /health                                                                  19754     0(0.00%) |      4       1      82      4 |   83.00        0.00
--------|----------------------------------------------------------------------------|-------|-------------|-------|-------|-------|-------|--------|-----------
         Aggregated                                                                     46211     0(0.00%) |      5       1     101      5 |  197.90        0.00

Type     Name                                                                          # reqs      # fails |    Avg     Min     Max    Med |   req/s  failures/s
--------|----------------------------------------------------------------------------|-------|-------------|-------|-------|-------|-------|--------|-----------
GET      [GET] /actuator/health                                                          6784     0(0.00%) |      5       2      54      4 |   29.10        0.00
GET      [GET] /api/soporte/election/status                                              6640     0(0.00%) |      4       1      49      4 |   30.00        0.00
GET      [GET] /api/soporte/tickets                                                     13258     0(0.00%) |      7       3     101      7 |   56.30        0.00
GET      [GET] /health                                                                  19916     0(0.00%) |      4       1      82      4 |   85.10        0.00
--------|----------------------------------------------------------------------------|-------|-------------|-------|-------|-------|-------|--------|-----------
         Aggregated                                                                     46598     0(0.00%) |      5       1     101      5 |  200.50        0.00

Type     Name                                                                          # reqs      # fails |    Avg     Min     Max    Med |   req/s  failures/s
--------|----------------------------------------------------------------------------|-------|-------------|-------|-------|-------|-------|--------|-----------
GET      [GET] /actuator/health                                                          6850     0(0.00%) |      5       2      63      4 |   28.50        0.00
GET      [GET] /api/soporte/election/status                                              6702     0(0.00%) |      4       1      49      4 |   29.00        0.00
GET      [GET] /api/soporte/tickets                                                     13369     0(0.00%) |      7       3     101      7 |   56.10        0.00
GET      [GET] /health                                                                  20081     0(0.00%) |      4       1      82      4 |   85.10        0.00
--------|----------------------------------------------------------------------------|-------|-------------|-------|-------|-------|-------|--------|-----------
         Aggregated                                                                     47002     0(0.00%) |      5       1     101      5 |  198.70        0.00

Type     Name                                                                          # reqs      # fails |    Avg     Min     Max    Med |   req/s  failures/s
--------|----------------------------------------------------------------------------|-------|-------------|-------|-------|-------|-------|--------|-----------
GET      [GET] /actuator/health                                                          6909     0(0.00%) |      5       2      63      4 |   28.60        0.00
GET      [GET] /api/soporte/election/status                                              6760     0(0.00%) |      4       1      49      4 |   30.40        0.00
GET      [GET] /api/soporte/tickets                                                     13470     0(0.00%) |      7       3     101      7 |   55.40        0.00
GET      [GET] /health                                                                  20259     0(0.00%) |      4       1      82      4 |   83.50        0.00
--------|----------------------------------------------------------------------------|-------|-------------|-------|-------|-------|-------|--------|-----------
         Aggregated                                                                     47398     0(0.00%) |      5       1     101      5 |  197.90        0.00

Type     Name                                                                          # reqs      # fails |    Avg     Min     Max    Med |   req/s  failures/s
--------|----------------------------------------------------------------------------|-------|-------------|-------|-------|-------|-------|--------|-----------
GET      [GET] /actuator/health                                                          6966     0(0.00%) |      5       2      63      4 |   29.60        0.00
GET      [GET] /api/soporte/election/status                                              6829     0(0.00%) |      4       1      49      4 |   29.40        0.00
GET      [GET] /api/soporte/tickets                                                     13587     0(0.00%) |      7       3     101      7 |   54.50        0.00
GET      [GET] /health                                                                  20415     0(0.00%) |      4       1      82      4 |   84.80        0.00
--------|----------------------------------------------------------------------------|-------|-------------|-------|-------|-------|-------|--------|-----------
         Aggregated                                                                     47797     0(0.00%) |      5       1     101      5 |  198.30        0.00

Type     Name                                                                          # reqs      # fails |    Avg     Min     Max    Med |   req/s  failures/s
--------|----------------------------------------------------------------------------|-------|-------------|-------|-------|-------|-------|--------|-----------
GET      [GET] /actuator/health                                                          7022     0(0.00%) |      5       2      63      4 |   29.30        0.00
GET      [GET] /api/soporte/election/status                                              6876     0(0.00%) |      4       1      49      4 |   30.60        0.00
GET      [GET] /api/soporte/tickets                                                     13718     0(0.00%) |      7       3     101      7 |   55.40        0.00
GET      [GET] /health                                                                  20573     0(0.00%) |      4       1      82      4 |   83.80        0.00
--------|----------------------------------------------------------------------------|-------|-------------|-------|-------|-------|-------|--------|-----------
         Aggregated                                                                     48189     0(0.00%) |      5       1     101      5 |  199.10        0.00

Type     Name                                                                          # reqs      # fails |    Avg     Min     Max    Med |   req/s  failures/s
--------|----------------------------------------------------------------------------|-------|-------------|-------|-------|-------|-------|--------|-----------
GET      [GET] /actuator/health                                                          7087     0(0.00%) |      5       2      63      4 |   29.30        0.00
GET      [GET] /api/soporte/election/status                                              6932     0(0.00%) |      4       1      49      4 |   29.40        0.00
GET      [GET] /api/soporte/tickets                                                     13826     0(0.00%) |      7       3     101      7 |   56.80        0.00
GET      [GET] /health                                                                  20742     0(0.00%) |      4       1      82      4 |   81.50        0.00
--------|----------------------------------------------------------------------------|-------|-------------|-------|-------|-------|-------|--------|-----------
         Aggregated                                                                     48587     0(0.00%) |      5       1     101      5 |  197.00        0.00

Type     Name                                                                          # reqs      # fails |    Avg     Min     Max    Med |   req/s  failures/s
--------|----------------------------------------------------------------------------|-------|-------------|-------|-------|-------|-------|--------|-----------
GET      [GET] /actuator/health                                                          7137     0(0.00%) |      5       2      63      4 |   29.90        0.00
GET      [GET] /api/soporte/election/status                                              6987     0(0.00%) |      4       1      49      4 |   29.10        0.00
GET      [GET] /api/soporte/tickets                                                     13945     0(0.00%) |      7       3     101      7 |   56.60        0.00
GET      [GET] /health                                                                  20917     0(0.00%) |      4       1      82      4 |   81.30        0.00
--------|----------------------------------------------------------------------------|-------|-------------|-------|-------|-------|-------|--------|-----------
         Aggregated                                                                     48986     0(0.00%) |      5       1     101      5 |  196.90        0.00

Type     Name                                                                          # reqs      # fails |    Avg     Min     Max    Med |   req/s  failures/s
--------|----------------------------------------------------------------------------|-------|-------------|-------|-------|-------|-------|--------|-----------
GET      [GET] /actuator/health                                                          7191     0(0.00%) |      5       2      63      4 |   28.90        0.00
GET      [GET] /api/soporte/election/status                                              7044     0(0.00%) |      4       1      49      4 |   28.40        0.00
GET      [GET] /api/soporte/tickets                                                     14064     0(0.00%) |      7       3     101      7 |   57.10        0.00
GET      [GET] /health                                                                  21090     0(0.00%) |      4       1      82      4 |   83.70        0.00
--------|----------------------------------------------------------------------------|-------|-------------|-------|-------|-------|-------|--------|-----------
         Aggregated                                                                     49389     0(0.00%) |      5       1     101      5 |  198.10        0.00

Type     Name                                                                          # reqs      # fails |    Avg     Min     Max    Med |   req/s  failures/s
--------|----------------------------------------------------------------------------|-------|-------------|-------|-------|-------|-------|--------|-----------
GET      [GET] /actuator/health                                                          7244     0(0.00%) |      5       2      63      4 |   28.10        0.00
GET      [GET] /api/soporte/election/status                                              7105     0(0.00%) |      4       1      49      4 |   28.10        0.00
GET      [GET] /api/soporte/tickets                                                     14173     0(0.00%) |      7       3     101      7 |   59.10        0.00
GET      [GET] /health                                                                  21263     0(0.00%) |      4       1      82      4 |   81.30        0.00
--------|----------------------------------------------------------------------------|-------|-------------|-------|-------|-------|-------|--------|-----------
         Aggregated                                                                     49785     0(0.00%) |      5       1     101      5 |  196.60        0.00

Type     Name                                                                          # reqs      # fails |    Avg     Min     Max    Med |   req/s  failures/s
--------|----------------------------------------------------------------------------|-------|-------------|-------|-------|-------|-------|--------|-----------
GET      [GET] /actuator/health                                                          7299     0(0.00%) |      5       2      63      4 |   27.50        0.00
GET      [GET] /api/soporte/election/status                                              7166     0(0.00%) |      4       1      49      4 |   26.90        0.00
GET      [GET] /api/soporte/tickets                                                     14266     0(0.00%) |      7       3     101      7 |   58.70        0.00
GET      [GET] /health                                                                  21449     0(0.00%) |      4       1      82      4 |   82.70        0.00
--------|----------------------------------------------------------------------------|-------|-------------|-------|-------|-------|-------|--------|-----------
         Aggregated                                                                     50180     0(0.00%) |      5       1     101      5 |  195.80        0.00

Type     Name                                                                          # reqs      # fails |    Avg     Min     Max    Med |   req/s  failures/s
--------|----------------------------------------------------------------------------|-------|-------------|-------|-------|-------|-------|--------|-----------
GET      [GET] /actuator/health                                                          7362     0(0.00%) |      5       2      63      4 |   27.70        0.00
GET      [GET] /api/soporte/election/status                                              7223     0(0.00%) |      4       1      49      4 |   28.90        0.00
GET      [GET] /api/soporte/tickets                                                     14371     0(0.00%) |      7       3     101      7 |   54.80        0.00
GET      [GET] /health                                                                  21614     0(0.00%) |      4       1      82      4 |   85.90        0.00
--------|----------------------------------------------------------------------------|-------|-------------|-------|-------|-------|-------|--------|-----------
         Aggregated                                                                     50570     0(0.00%) |      5       1     101      5 |  197.30        0.00

Type     Name                                                                          # reqs      # fails |    Avg     Min     Max    Med |   req/s  failures/s
--------|----------------------------------------------------------------------------|-------|-------------|-------|-------|-------|-------|--------|-----------
GET      [GET] /actuator/health                                                          7425     0(0.00%) |      5       2      63      4 |   27.10        0.00
GET      [GET] /api/soporte/election/status                                              7276     0(0.00%) |      4       1      49      4 |   29.40        0.00
GET      [GET] /api/soporte/tickets                                                     14464     0(0.00%) |      7       3     101      7 |   54.40        0.00
GET      [GET] /health                                                                  21791     0(0.00%) |      4       1      82      4 |   86.70        0.00
--------|----------------------------------------------------------------------------|-------|-------------|-------|-------|-------|-------|--------|-----------
         Aggregated                                                                     50956     0(0.00%) |      5       1     101      5 |  197.60        0.00

Type     Name                                                                          # reqs      # fails |    Avg     Min     Max    Med |   req/s  failures/s
--------|----------------------------------------------------------------------------|-------|-------------|-------|-------|-------|-------|--------|-----------
GET      [GET] /actuator/health                                                          7478     0(0.00%) |      5       2      63      4 |   28.40        0.00
GET      [GET] /api/soporte/election/status                                              7329     0(0.00%) |      4       1      49      4 |   28.70        0.00
GET      [GET] /api/soporte/tickets                                                     14584     0(0.00%) |      7       3     101      7 |   52.30        0.00
GET      [GET] /health                                                                  21965     0(0.00%) |      4       1      82      4 |   86.50        0.00
--------|----------------------------------------------------------------------------|-------|-------------|-------|-------|-------|-------|--------|-----------
         Aggregated                                                                     51356     0(0.00%) |      5       1     101      5 |  195.90        0.00

Type     Name                                                                          # reqs      # fails |    Avg     Min     Max    Med |   req/s  failures/s
--------|----------------------------------------------------------------------------|-------|-------------|-------|-------|-------|-------|--------|-----------
GET      [GET] /actuator/health                                                          7546     0(0.00%) |      5       2      63      4 |   28.70        0.00
GET      [GET] /api/soporte/election/status                                              7389     0(0.00%) |      4       1      49      4 |   29.10        0.00
GET      [GET] /api/soporte/tickets                                                     14698     0(0.00%) |      7       3     101      7 |   51.70        0.00
GET      [GET] /health                                                                  22115     0(0.00%) |      4       1      82      4 |   87.20        0.00
--------|----------------------------------------------------------------------------|-------|-------------|-------|-------|-------|-------|--------|-----------
         Aggregated                                                                     51748     0(0.00%) |      5       1     101      5 |  196.70        0.00

Type     Name                                                                          # reqs      # fails |    Avg     Min     Max    Med |   req/s  failures/s
--------|----------------------------------------------------------------------------|-------|-------------|-------|-------|-------|-------|--------|-----------
GET      [GET] /actuator/health                                                          7606     0(0.00%) |      5       2      63      4 |   29.80        0.00
GET      [GET] /api/soporte/election/status                                              7442     0(0.00%) |      4       1      49      4 |   28.70        0.00
GET      [GET] /api/soporte/tickets                                                     14809     0(0.00%) |      7       3     101      7 |   52.00        0.00
GET      [GET] /health                                                                  22281     0(0.00%) |      4       1      82      4 |   85.70        0.00
--------|----------------------------------------------------------------------------|-------|-------------|-------|-------|-------|-------|--------|-----------
         Aggregated                                                                     52138     0(0.00%) |      5       1     101      5 |  196.20        0.00

Type     Name                                                                          # reqs      # fails |    Avg     Min     Max    Med |   req/s  failures/s
--------|----------------------------------------------------------------------------|-------|-------------|-------|-------|-------|-------|--------|-----------
GET      [GET] /actuator/health                                                          7657     0(0.00%) |      5       2      63      4 |   30.60        0.00
GET      [GET] /api/soporte/election/status                                              7494     0(0.00%) |      4       1      49      4 |   27.30        0.00
GET      [GET] /api/soporte/tickets                                                     14914     0(0.00%) |      7       3     101      7 |   53.90        0.00
GET      [GET] /health                                                                  22446     0(0.00%) |      4       1      82      4 |   83.70        0.00
--------|----------------------------------------------------------------------------|-------|-------------|-------|-------|-------|-------|--------|-----------
         Aggregated                                                                     52511     0(0.00%) |      5       1     101      5 |  195.50        0.00

Type     Name                                                                          # reqs      # fails |    Avg     Min     Max    Med |   req/s  failures/s
--------|----------------------------------------------------------------------------|-------|-------------|-------|-------|-------|-------|--------|-----------
GET      [GET] /actuator/health                                                          7720     0(0.00%) |      5       2      63      4 |   29.60        0.00
GET      [GET] /api/soporte/election/status                                              7539     0(0.00%) |      4       1      49      4 |   26.40        0.00
GET      [GET] /api/soporte/tickets                                                     15029     0(0.00%) |      7       3     101      7 |   54.10        0.00
GET      [GET] /health                                                                  22629     0(0.00%) |      4       1      82      4 |   84.20        0.00
--------|----------------------------------------------------------------------------|-------|-------------|-------|-------|-------|-------|--------|-----------
         Aggregated                                                                     52917     0(0.00%) |      5       1     101      5 |  194.30        0.00

Type     Name                                                                          # reqs      # fails |    Avg     Min     Max    Med |   req/s  failures/s
--------|----------------------------------------------------------------------------|-------|-------------|-------|-------|-------|-------|--------|-----------
GET      [GET] /actuator/health                                                          7771     0(0.00%) |      5       2      63      4 |   29.80        0.00
GET      [GET] /api/soporte/election/status                                              7599     0(0.00%) |      4       1      49      4 |   26.40        0.00
GET      [GET] /api/soporte/tickets                                                     15143     0(0.00%) |      7       3     101      7 |   55.00        0.00
GET      [GET] /health                                                                  22799     0(0.00%) |      4       1      82      4 |   83.30        0.00
--------|----------------------------------------------------------------------------|-------|-------------|-------|-------|-------|-------|--------|-----------
         Aggregated                                                                     53312     0(0.00%) |      5       1     101      5 |  194.50        0.00

Type     Name                                                                          # reqs      # fails |    Avg     Min     Max    Med |   req/s  failures/s
--------|----------------------------------------------------------------------------|-------|-------------|-------|-------|-------|-------|--------|-----------
GET      [GET] /actuator/health                                                          7831     0(0.00%) |      5       2      63      4 |   28.90        0.00
GET      [GET] /api/soporte/election/status                                              7643     0(0.00%) |      4       1      49      4 |   25.80        0.00
GET      [GET] /api/soporte/tickets                                                     15250     0(0.00%) |      7       3     101      7 |   55.60        0.00
GET      [GET] /health                                                                  22989     0(0.00%) |      4       1      82      4 |   84.40        0.00
--------|----------------------------------------------------------------------------|-------|-------------|-------|-------|-------|-------|--------|-----------
         Aggregated                                                                     53713     0(0.00%) |      5       1     101      5 |  194.70        0.00

Type     Name                                                                          # reqs      # fails |    Avg     Min     Max    Med |   req/s  failures/s
--------|----------------------------------------------------------------------------|-------|-------------|-------|-------|-------|-------|--------|-----------
GET      [GET] /actuator/health                                                          7895     0(0.00%) |      5       2      63      4 |   28.80        0.00
GET      [GET] /api/soporte/election/status                                              7696     0(0.00%) |      4       1      49      4 |   26.10        0.00
GET      [GET] /api/soporte/tickets                                                     15379     0(0.00%) |      7       3     101      7 |   55.40        0.00
GET      [GET] /health                                                                  23146     0(0.00%) |      4       1      82      4 |   86.00        0.00
--------|----------------------------------------------------------------------------|-------|-------------|-------|-------|-------|-------|--------|-----------
         Aggregated                                                                     54116     0(0.00%) |      5       1     101      5 |  196.30        0.00

Type     Name                                                                          # reqs      # fails |    Avg     Min     Max    Med |   req/s  failures/s
--------|----------------------------------------------------------------------------|-------|-------------|-------|-------|-------|-------|--------|-----------
GET      [GET] /actuator/health                                                          7937     0(0.00%) |      5       2      63      4 |   27.70        0.00
GET      [GET] /api/soporte/election/status                                              7744     0(0.00%) |      4       1      49      4 |   25.50        0.00
GET      [GET] /api/soporte/tickets                                                     15489     0(0.00%) |      7       3     101      7 |   57.30        0.00
GET      [GET] /health                                                                  23336     0(0.00%) |      4       1      82      4 |   86.70        0.00
--------|----------------------------------------------------------------------------|-------|-------------|-------|-------|-------|-------|--------|-----------
         Aggregated                                                                     54506     0(0.00%) |      5       1     101      5 |  197.20        0.00

Type     Name                                                                          # reqs      # fails |    Avg     Min     Max    Med |   req/s  failures/s
--------|----------------------------------------------------------------------------|-------|-------------|-------|-------|-------|-------|--------|-----------
GET      [GET] /actuator/health                                                          7985     0(0.00%) |      5       2      63      4 |   28.30        0.00
GET      [GET] /api/soporte/election/status                                              7808     0(0.00%) |      4       1      49      4 |   25.60        0.00
GET      [GET] /api/soporte/tickets                                                     15603     0(0.00%) |      7       3     101      7 |   57.20        0.00
GET      [GET] /health                                                                  23505     0(0.00%) |      4       1      82      4 |   87.50        0.00
--------|----------------------------------------------------------------------------|-------|-------------|-------|-------|-------|-------|--------|-----------
         Aggregated                                                                     54901     0(0.00%) |      5       1     101      5 |  198.60        0.00

Type     Name                                                                          # reqs      # fails |    Avg     Min     Max    Med |   req/s  failures/s
--------|----------------------------------------------------------------------------|-------|-------------|-------|-------|-------|-------|--------|-----------
GET      [GET] /actuator/health                                                          8040     0(0.00%) |      5       2      63      4 |   26.60        0.00
GET      [GET] /api/soporte/election/status                                              7864     0(0.00%) |      4       1      49      4 |   26.20        0.00
GET      [GET] /api/soporte/tickets                                                     15728     0(0.00%) |      7       3     101      7 |   58.40        0.00
GET      [GET] /health                                                                  23673     0(0.00%) |      4       1      82      4 |   88.10        0.00
--------|----------------------------------------------------------------------------|-------|-------------|-------|-------|-------|-------|--------|-----------
         Aggregated                                                                     55305     0(0.00%) |      5       1     101      5 |  199.30        0.00

Type     Name                                                                          # reqs      # fails |    Avg     Min     Max    Med |   req/s  failures/s
--------|----------------------------------------------------------------------------|-------|-------------|-------|-------|-------|-------|--------|-----------
GET      [GET] /actuator/health                                                          8100     0(0.00%) |      5       2      63      4 |   26.70        0.00
GET      [GET] /api/soporte/election/status                                              7921     0(0.00%) |      4       1      49      4 |   26.60        0.00
GET      [GET] /api/soporte/tickets                                                     15829     0(0.00%) |      7       3     101      7 |   58.50        0.00
GET      [GET] /health                                                                  23845     0(0.00%) |      4       1      82      4 |   87.10        0.00
--------|----------------------------------------------------------------------------|-------|-------------|-------|-------|-------|-------|--------|-----------
         Aggregated                                                                     55695     0(0.00%) |      5       1     101      5 |  198.90        0.00

Type     Name                                                                          # reqs      # fails |    Avg     Min     Max    Med |   req/s  failures/s
--------|----------------------------------------------------------------------------|-------|-------------|-------|-------|-------|-------|--------|-----------
GET      [GET] /actuator/health                                                          8150     0(0.00%) |      5       2      63      4 |   26.40        0.00
GET      [GET] /api/soporte/election/status                                              7984     0(0.00%) |      4       1      49      4 |   27.00        0.00
GET      [GET] /api/soporte/tickets                                                     15940     0(0.00%) |      7       3     101      7 |   57.80        0.00
GET      [GET] /health                                                                  24018     0(0.00%) |      4       1      82      4 |   85.80        0.00
--------|----------------------------------------------------------------------------|-------|-------------|-------|-------|-------|-------|--------|-----------
         Aggregated                                                                     56092     0(0.00%) |      5       1     101      5 |  197.00        0.00

Type     Name                                                                          # reqs      # fails |    Avg     Min     Max    Med |   req/s  failures/s
--------|----------------------------------------------------------------------------|-------|-------------|-------|-------|-------|-------|--------|-----------
GET      [GET] /actuator/health                                                          8207     0(0.00%) |      5       2      63      4 |   26.70        0.00
GET      [GET] /api/soporte/election/status                                              8042     0(0.00%) |      4       1      49      4 |   28.80        0.00
GET      [GET] /api/soporte/tickets                                                     16061     0(0.00%) |      7       3     101      7 |   55.50        0.00
GET      [GET] /health                                                                  24186     0(0.00%) |      4       1      82      4 |   86.40        0.00
--------|----------------------------------------------------------------------------|-------|-------------|-------|-------|-------|-------|--------|-----------
         Aggregated                                                                     56496     0(0.00%) |      5       1     101      5 |  197.40        0.00

Type     Name                                                                          # reqs      # fails |    Avg     Min     Max    Med |   req/s  failures/s
--------|----------------------------------------------------------------------------|-------|-------------|-------|-------|-------|-------|--------|-----------
GET      [GET] /actuator/health                                                          8263     0(0.00%) |      5       2      63      4 |   26.50        0.00
GET      [GET] /api/soporte/election/status                                              8098     0(0.00%) |      4       1      49      4 |   29.40        0.00
GET      [GET] /api/soporte/tickets                                                     16185     0(0.00%) |      7       3     101      7 |   57.40        0.00
GET      [GET] /health                                                                  24348     0(0.00%) |      4       1      82      4 |   84.70        0.00
--------|----------------------------------------------------------------------------|-------|-------------|-------|-------|-------|-------|--------|-----------
         Aggregated                                                                     56894     0(0.00%) |      5       1     101      5 |  198.00        0.00

Type     Name                                                                          # reqs      # fails |    Avg     Min     Max    Med |   req/s  failures/s
--------|----------------------------------------------------------------------------|-------|-------------|-------|-------|-------|-------|--------|-----------
GET      [GET] /actuator/health                                                          8338     0(0.00%) |      5       2      63      4 |   27.10        0.00
GET      [GET] /api/soporte/election/status                                              8139     0(0.00%) |      4       1      49      4 |   29.20        0.00
GET      [GET] /api/soporte/tickets                                                     16294     0(0.00%) |      7       3     101      7 |   58.40        0.00
GET      [GET] /health                                                                  24505     0(0.00%) |      4       1      82      4 |   83.50        0.00
--------|----------------------------------------------------------------------------|-------|-------------|-------|-------|-------|-------|--------|-----------
         Aggregated                                                                     57276     0(0.00%) |      5       1     101      5 |  198.20        0.00

Type     Name                                                                          # reqs      # fails |    Avg     Min     Max    Med |   req/s  failures/s
--------|----------------------------------------------------------------------------|-------|-------------|-------|-------|-------|-------|--------|-----------
GET      [GET] /actuator/health                                                          8386     0(0.00%) |      5       2      63      4 |   29.40        0.00
GET      [GET] /api/soporte/election/status                                              8205     0(0.00%) |      4       1      49      4 |   28.10        0.00
GET      [GET] /api/soporte/tickets                                                     16420     0(0.00%) |      7       3     101      7 |   57.30        0.00
GET      [GET] /health                                                                  24673     0(0.00%) |      4       1      82      4 |   83.70        0.00
--------|----------------------------------------------------------------------------|-------|-------------|-------|-------|-------|-------|--------|-----------
         Aggregated                                                                     57684     0(0.00%) |      5       1     101      5 |  198.50        0.00

Type     Name                                                                          # reqs      # fails |    Avg     Min     Max    Med |   req/s  failures/s
--------|----------------------------------------------------------------------------|-------|-------------|-------|-------|-------|-------|--------|-----------
GET      [GET] /actuator/health                                                          8445     0(0.00%) |      5       2      63      4 |   29.10        0.00
GET      [GET] /api/soporte/election/status                                              8258     0(0.00%) |      4       1      49      4 |   27.90        0.00
GET      [GET] /api/soporte/tickets                                                     16522     0(0.00%) |      7       3     101      7 |   58.00        0.00
GET      [GET] /health                                                                  24856     0(0.00%) |      4       1      82      4 |   83.00        0.00
--------|----------------------------------------------------------------------------|-------|-------------|-------|-------|-------|-------|--------|-----------
         Aggregated                                                                     58081     0(0.00%) |      5       1     101      5 |  198.00        0.00

Type     Name                                                                          # reqs      # fails |    Avg     Min     Max    Med |   req/s  failures/s
--------|----------------------------------------------------------------------------|-------|-------------|-------|-------|-------|-------|--------|-----------
GET      [GET] /actuator/health                                                          8505     0(0.00%) |      5       2      63      4 |   29.40        0.00
GET      [GET] /api/soporte/election/status                                              8305     0(0.00%) |      4       1      49      4 |   27.40        0.00
GET      [GET] /api/soporte/tickets                                                     16655     0(0.00%) |      7       3     101      7 |   57.70        0.00
GET      [GET] /health                                                                  25016     0(0.00%) |      4       1      82      4 |   83.80        0.00
--------|----------------------------------------------------------------------------|-------|-------------|-------|-------|-------|-------|--------|-----------
         Aggregated                                                                     58481     0(0.00%) |      5       1     101      5 |  198.30        0.00

Type     Name                                                                          # reqs      # fails |    Avg     Min     Max    Med |   req/s  failures/s
--------|----------------------------------------------------------------------------|-------|-------------|-------|-------|-------|-------|--------|-----------
GET      [GET] /actuator/health                                                          8551     0(0.00%) |      5       2      63      4 |   30.00        0.00
GET      [GET] /api/soporte/election/status                                              8366     0(0.00%) |      4       1      49      4 |   26.30        0.00
GET      [GET] /api/soporte/tickets                                                     16780     0(0.00%) |      7       3     101      7 |   58.10        0.00
GET      [GET] /health                                                                  25188     0(0.00%) |      4       1      82      4 |   83.10        0.00
--------|----------------------------------------------------------------------------|-------|-------------|-------|-------|-------|-------|--------|-----------
         Aggregated                                                                     58885     0(0.00%) |      5       1     101      5 |  197.50        0.00

Type     Name                                                                          # reqs      # fails |    Avg     Min     Max    Med |   req/s  failures/s
--------|----------------------------------------------------------------------------|-------|-------------|-------|-------|-------|-------|--------|-----------
GET      [GET] /actuator/health                                                          8603     0(0.00%) |      5       2      63      4 |   29.50        0.00
GET      [GET] /api/soporte/election/status                                              8426     0(0.00%) |      4       1      49      4 |   26.40        0.00
GET      [GET] /api/soporte/tickets                                                     16897     0(0.00%) |      7       3     101      7 |   58.50        0.00
GET      [GET] /health                                                                  25345     0(0.00%) |      4       1      82      4 |   83.30        0.00
--------|----------------------------------------------------------------------------|-------|-------------|-------|-------|-------|-------|--------|-----------
         Aggregated                                                                     59271     0(0.00%) |      5       1     101      5 |  197.70        0.00

Type     Name                                                                          # reqs      # fails |    Avg     Min     Max    Med |   req/s  failures/s
--------|----------------------------------------------------------------------------|-------|-------------|-------|-------|-------|-------|--------|-----------
GET      [GET] /actuator/health                                                          8652     0(0.00%) |      5       2      63      4 |   27.50        0.00
GET      [GET] /api/soporte/election/status                                              8480     0(0.00%) |      4       1      49      4 |   28.80        0.00
GET      [GET] /api/soporte/tickets                                                     17023     0(0.00%) |      7       3     101      7 |   60.00        0.00
GET      [GET] /health                                                                  25523     0(0.00%) |      4       1      82      4 |   83.10        0.00
--------|----------------------------------------------------------------------------|-------|-------------|-------|-------|-------|-------|--------|-----------
         Aggregated                                                                     59678     0(0.00%) |      5       1     101      5 |  199.40        0.00

Type     Name                                                                          # reqs      # fails |    Avg     Min     Max    Med |   req/s  failures/s
--------|----------------------------------------------------------------------------|-------|-------------|-------|-------|-------|-------|--------|-----------
GET      [GET] /actuator/health                                                          8699     0(0.00%) |      5       2      63      4 |   26.60        0.00
GET      [GET] /api/soporte/election/status                                              8530     0(0.00%) |      4       1      49      4 |   28.30        0.00
GET      [GET] /api/soporte/tickets                                                     17141     0(0.00%) |      7       3     101      7 |   59.50        0.00
GET      [GET] /health                                                                  25699     0(0.00%) |      4       1      82      4 |   84.20        0.00
--------|----------------------------------------------------------------------------|-------|-------------|-------|-------|-------|-------|--------|-----------
         Aggregated                                                                     60069     0(0.00%) |      5       1     101      5 |  198.60        0.00

Type     Name                                                                          # reqs      # fails |    Avg     Min     Max    Med |   req/s  failures/s
--------|----------------------------------------------------------------------------|-------|-------------|-------|-------|-------|-------|--------|-----------
GET      [GET] /actuator/health                                                          8754     0(0.00%) |      5       2      63      4 |   25.40        0.00
GET      [GET] /api/soporte/election/status                                              8594     0(0.00%) |      4       1      49      4 |   27.20        0.00
GET      [GET] /api/soporte/tickets                                                     17251     0(0.00%) |      7       3     101      7 |   61.60        0.00
GET      [GET] /health                                                                  25875     0(0.00%) |      4       1      82      4 |   83.90        0.00
--------|----------------------------------------------------------------------------|-------|-------------|-------|-------|-------|-------|--------|-----------
         Aggregated                                                                     60474     0(0.00%) |      5       1     101      5 |  198.10        0.00

Type     Name                                                                          # reqs      # fails |    Avg     Min     Max    Med |   req/s  failures/s
--------|----------------------------------------------------------------------------|-------|-------------|-------|-------|-------|-------|--------|-----------
GET      [GET] /actuator/health                                                          8810     0(0.00%) |      5       2      63      4 |   24.90        0.00
GET      [GET] /api/soporte/election/status                                              8659     0(0.00%) |      4       1      49      4 |   28.50        0.00
GET      [GET] /api/soporte/tickets                                                     17365     0(0.00%) |      7       3     101      7 |   61.30        0.00
GET      [GET] /health                                                                  26041     0(0.00%) |      4       1      82      4 |   84.70        0.00
--------|----------------------------------------------------------------------------|-------|-------------|-------|-------|-------|-------|--------|-----------
         Aggregated                                                                     60875     0(0.00%) |      5       1     101      5 |  199.40        0.00

Type     Name                                                                          # reqs      # fails |    Avg     Min     Max    Med |   req/s  failures/s
--------|----------------------------------------------------------------------------|-------|-------------|-------|-------|-------|-------|--------|-----------
GET      [GET] /actuator/health                                                          8868     0(0.00%) |      5       2      63      4 |   25.70        0.00
GET      [GET] /api/soporte/election/status                                              8705     0(0.00%) |      4       1      49      4 |   29.70        0.00
GET      [GET] /api/soporte/tickets                                                     17477     0(0.00%) |      7       3     101      7 |   58.10        0.00
GET      [GET] /health                                                                  26228     0(0.00%) |      4       1      82      4 |   86.40        0.00
--------|----------------------------------------------------------------------------|-------|-------------|-------|-------|-------|-------|--------|-----------
         Aggregated                                                                     61278     0(0.00%) |      5       1     101      5 |  199.90        0.00

Type     Name                                                                          # reqs      # fails |    Avg     Min     Max    Med |   req/s  failures/s
--------|----------------------------------------------------------------------------|-------|-------------|-------|-------|-------|-------|--------|-----------
GET      [GET] /actuator/health                                                          8932     0(0.00%) |      5       2      63      4 |   25.30        0.00
GET      [GET] /api/soporte/election/status                                              8771     0(0.00%) |      4       1      49      4 |   28.10        0.00
GET      [GET] /api/soporte/tickets                                                     17587     0(0.00%) |      7       3     101      7 |   57.60        0.00
GET      [GET] /health                                                                  26398     0(0.00%) |      4       1      82      4 |   87.80        0.00
--------|----------------------------------------------------------------------------|-------|-------------|-------|-------|-------|-------|--------|-----------
         Aggregated                                                                     61688     0(0.00%) |      5       1     101      5 |  198.80        0.00

Type     Name                                                                          # reqs      # fails |    Avg     Min     Max    Med |   req/s  failures/s
--------|----------------------------------------------------------------------------|-------|-------------|-------|-------|-------|-------|--------|-----------
GET      [GET] /actuator/health                                                          8996     0(0.00%) |      5       2      63      4 |   27.60        0.00
GET      [GET] /api/soporte/election/status                                              8825     0(0.00%) |      4       1      49      4 |   28.70        0.00
GET      [GET] /api/soporte/tickets                                                     17713     0(0.00%) |      7       3     101      7 |   57.60        0.00
GET      [GET] /health                                                                  26565     0(0.00%) |      4       1      82      4 |   88.00        0.00
--------|----------------------------------------------------------------------------|-------|-------------|-------|-------|-------|-------|--------|-----------
         Aggregated                                                                     62099     0(0.00%) |      5       1     101      5 |  201.90        0.00

Type     Name                                                                          # reqs      # fails |    Avg     Min     Max    Med |   req/s  failures/s
--------|----------------------------------------------------------------------------|-------|-------------|-------|-------|-------|-------|--------|-----------
GET      [GET] /actuator/health                                                          9060     0(0.00%) |      5       2      63      4 |   29.00        0.00
GET      [GET] /api/soporte/election/status                                              8867     0(0.00%) |      4       1      49      4 |   29.60        0.00
GET      [GET] /api/soporte/tickets                                                     17818     0(0.00%) |      7       3     101      7 |   56.30        0.00
GET      [GET] /health                                                                  26743     0(0.00%) |      4       1      82      4 |   86.60        0.00
--------|----------------------------------------------------------------------------|-------|-------------|-------|-------|-------|-------|--------|-----------
         Aggregated                                                                     62488     0(0.00%) |      5       1     101      5 |  201.50        0.00

Type     Name                                                                          # reqs      # fails |    Avg     Min     Max    Med |   req/s  failures/s
--------|----------------------------------------------------------------------------|-------|-------------|-------|-------|-------|-------|--------|-----------
GET      [GET] /actuator/health                                                          9115     0(0.00%) |      5       2      63      4 |   29.80        0.00
GET      [GET] /api/soporte/election/status                                              8916     0(0.00%) |      4       1      49      4 |   28.30        0.00
GET      [GET] /api/soporte/tickets                                                     17927     0(0.00%) |      7       3     311      7 |   55.90        0.00
GET      [GET] /health                                                                  26916     0(0.00%) |      4       1      82      4 |   85.80        0.00
--------|----------------------------------------------------------------------------|-------|-------------|-------|-------|-------|-------|--------|-----------
         Aggregated                                                                     62874     0(0.00%) |      5       1     311      5 |  199.80        0.00

Type     Name                                                                          # reqs      # fails |    Avg     Min     Max    Med |   req/s  failures/s
--------|----------------------------------------------------------------------------|-------|-------------|-------|-------|-------|-------|--------|-----------
GET      [GET] /actuator/health                                                          9188     0(0.00%) |      5       2      63      4 |   29.60        0.00
GET      [GET] /api/soporte/election/status                                              8964     0(0.00%) |      4       1      49      4 |   25.40        0.00
GET      [GET] /api/soporte/tickets                                                     18050     0(0.00%) |      7       3     311      7 |   56.80        0.00
GET      [GET] /health                                                                  27076     0(0.00%) |      4       1      82      4 |   87.50        0.00
--------|----------------------------------------------------------------------------|-------|-------------|-------|-------|-------|-------|--------|-----------
         Aggregated                                                                     63278     0(0.00%) |      5       1     311      5 |  199.30        0.00

Type     Name                                                                          # reqs      # fails |    Avg     Min     Max    Med |   req/s  failures/s
--------|----------------------------------------------------------------------------|-------|-------------|-------|-------|-------|-------|--------|-----------
GET      [GET] /actuator/health                                                          9239     0(0.00%) |      5       2      63      4 |   32.70        0.00
GET      [GET] /api/soporte/election/status                                              9023     0(0.00%) |      4       1      49      4 |   25.20        0.00
GET      [GET] /api/soporte/tickets                                                     18178     0(0.00%) |      7       3     311      7 |   56.60        0.00
GET      [GET] /health                                                                  27233     0(0.00%) |      4       1      82      4 |   84.60        0.00
--------|----------------------------------------------------------------------------|-------|-------------|-------|-------|-------|-------|--------|-----------
         Aggregated                                                                     63673     0(0.00%) |      5       1     311      5 |  199.10        0.00

Type     Name                                                                          # reqs      # fails |    Avg     Min     Max    Med |   req/s  failures/s
--------|----------------------------------------------------------------------------|-------|-------------|-------|-------|-------|-------|--------|-----------
GET      [GET] /actuator/health                                                          9291     0(0.00%) |      5       2      63      4 |   31.00        0.00
GET      [GET] /api/soporte/election/status                                              9083     0(0.00%) |      4       1      49      4 |   24.60        0.00
GET      [GET] /api/soporte/tickets                                                     18300     0(0.00%) |      7       3     311      7 |   57.70        0.00
GET      [GET] /health                                                                  27379     0(0.00%) |      4       1      82      4 |   84.60        0.00
--------|----------------------------------------------------------------------------|-------|-------------|-------|-------|-------|-------|--------|-----------
         Aggregated                                                                     64053     0(0.00%) |      5       1     311      5 |  197.90        0.00

Type     Name                                                                          # reqs      # fails |    Avg     Min     Max    Med |   req/s  failures/s
--------|----------------------------------------------------------------------------|-------|-------------|-------|-------|-------|-------|--------|-----------
GET      [GET] /actuator/health                                                          9346     0(0.00%) |      5       2      63      4 |   29.90        0.00
GET      [GET] /api/soporte/election/status                                              9139     0(0.00%) |      4       1      49      4 |   25.50        0.00
GET      [GET] /api/soporte/tickets                                                     18406     0(0.00%) |      7       3     311      7 |   60.10        0.00
GET      [GET] /health                                                                  27574     0(0.00%) |      4       1      82      4 |   81.60        0.00
--------|----------------------------------------------------------------------------|-------|-------------|-------|-------|-------|-------|--------|-----------
         Aggregated                                                                     64465     0(0.00%) |      5       1     311      5 |  197.10        0.00

Type     Name                                                                          # reqs      # fails |    Avg     Min     Max    Med |   req/s  failures/s
--------|----------------------------------------------------------------------------|-------|-------------|-------|-------|-------|-------|--------|-----------
GET      [GET] /actuator/health                                                          9413     0(0.00%) |      5       2      63      4 |   29.30        0.00
GET      [GET] /api/soporte/election/status                                              9187     0(0.00%) |      4       1      49      4 |   26.50        0.00
GET      [GET] /api/soporte/tickets                                                     18515     0(0.00%) |      7       3     311      7 |   58.90        0.00
GET      [GET] /health                                                                  27742     0(0.00%) |      4       1      82      4 |   83.20        0.00
--------|----------------------------------------------------------------------------|-------|-------------|-------|-------|-------|-------|--------|-----------
         Aggregated                                                                     64857     0(0.00%) |      5       1     311      5 |  197.90        0.00

Type     Name                                                                          # reqs      # fails |    Avg     Min     Max    Med |   req/s  failures/s
--------|----------------------------------------------------------------------------|-------|-------------|-------|-------|-------|-------|--------|-----------
GET      [GET] /actuator/health                                                          9465     0(0.00%) |      5       2      63      4 |   29.10        0.00
GET      [GET] /api/soporte/election/status                                              9244     0(0.00%) |      4       1      49      4 |   27.60        0.00
GET      [GET] /api/soporte/tickets                                                     18619     0(0.00%) |      7       3     311      7 |   58.00        0.00
GET      [GET] /health                                                                  27928     0(0.00%) |      4       1      82      4 |   82.20        0.00
--------|----------------------------------------------------------------------------|-------|-------------|-------|-------|-------|-------|--------|-----------
         Aggregated                                                                     65256     0(0.00%) |      5       1     311      5 |  196.90        0.00

Type     Name                                                                          # reqs      # fails |    Avg     Min     Max    Med |   req/s  failures/s
--------|----------------------------------------------------------------------------|-------|-------------|-------|-------|-------|-------|--------|-----------
GET      [GET] /actuator/health                                                          9529     0(0.00%) |      5       2      63      4 |   28.00        0.00
GET      [GET] /api/soporte/election/status                                              9297     0(0.00%) |      4       1      49      4 |   27.80        0.00
GET      [GET] /api/soporte/tickets                                                     18721     0(0.00%) |      7       3     311      7 |   58.00        0.00
GET      [GET] /health                                                                  28123     0(0.00%) |      4       1      82      4 |   83.90        0.00
--------|----------------------------------------------------------------------------|-------|-------------|-------|-------|-------|-------|--------|-----------
         Aggregated                                                                     65670     0(0.00%) |      5       1     311      5 |  197.70        0.00

Type     Name                                                                          # reqs      # fails |    Avg     Min     Max    Med |   req/s  failures/s
--------|----------------------------------------------------------------------------|-------|-------------|-------|-------|-------|-------|--------|-----------
GET      [GET] /actuator/health                                                          9582     0(0.00%) |      5       2      63      4 |   28.30        0.00
GET      [GET] /api/soporte/election/status                                              9346     0(0.00%) |      4       1      49      4 |   28.10        0.00
GET      [GET] /api/soporte/tickets                                                     18837     0(0.00%) |      7       3     311      7 |   55.50        0.00
GET      [GET] /health                                                                  28307     0(0.00%) |      4       1      82      4 |   87.00        0.00
--------|----------------------------------------------------------------------------|-------|-------------|-------|-------|-------|-------|--------|-----------
         Aggregated                                                                     66072     0(0.00%) |      5       1     311      5 |  198.90        0.00

Type     Name                                                                          # reqs      # fails |    Avg     Min     Max    Med |   req/s  failures/s
--------|----------------------------------------------------------------------------|-------|-------------|-------|-------|-------|-------|--------|-----------
GET      [GET] /actuator/health                                                          9642     0(0.00%) |      5       2      63      4 |   28.90        0.00
GET      [GET] /api/soporte/election/status                                              9404     0(0.00%) |      4       1      49      4 |   26.60        0.00
GET      [GET] /api/soporte/tickets                                                     18942     0(0.00%) |      7       3     311      7 |   52.40        0.00
GET      [GET] /health                                                                  28473     0(0.00%) |      4       1      82      4 |   91.90        0.00
--------|----------------------------------------------------------------------------|-------|-------------|-------|-------|-------|-------|--------|-----------
         Aggregated                                                                     66461     0(0.00%) |      5       1     311      5 |  199.80        0.00

Type     Name                                                                          # reqs      # fails |    Avg     Min     Max    Med |   req/s  failures/s
--------|----------------------------------------------------------------------------|-------|-------------|-------|-------|-------|-------|--------|-----------
GET      [GET] /actuator/health                                                          9693     0(0.00%) |      5       2      63      4 |   29.00        0.00
GET      [GET] /api/soporte/election/status                                              9453     0(0.00%) |      4       1      49      4 |   26.20        0.00
GET      [GET] /api/soporte/tickets                                                     19060     0(0.00%) |      7       3     311      7 |   53.10        0.00
GET      [GET] /health                                                                  28650     0(0.00%) |      4       1      82      4 |   91.50        0.00
--------|----------------------------------------------------------------------------|-------|-------------|-------|-------|-------|-------|--------|-----------
         Aggregated                                                                     66856     0(0.00%) |      5       1     311      5 |  199.80        0.00

Type     Name                                                                          # reqs      # fails |    Avg     Min     Max    Med |   req/s  failures/s
--------|----------------------------------------------------------------------------|-------|-------------|-------|-------|-------|-------|--------|-----------
GET      [GET] /actuator/health                                                          9742     0(0.00%) |      5       2      63      4 |   28.80        0.00
GET      [GET] /api/soporte/election/status                                              9516     0(0.00%) |      4       1      49      4 |   26.70        0.00
GET      [GET] /api/soporte/tickets                                                     19165     0(0.00%) |      7       3     311      7 |   54.50        0.00
GET      [GET] /health                                                                  28821     0(0.00%) |      4       1      82      4 |   89.60        0.00
--------|----------------------------------------------------------------------------|-------|-------------|-------|-------|-------|-------|--------|-----------
         Aggregated                                                                     67244     0(0.00%) |      5       1     311      5 |  199.60        0.00

Type     Name                                                                          # reqs      # fails |    Avg     Min     Max    Med |   req/s  failures/s
--------|----------------------------------------------------------------------------|-------|-------------|-------|-------|-------|-------|--------|-----------
GET      [GET] /actuator/health                                                          9806     0(0.00%) |      5       2      63      4 |   27.40        0.00
GET      [GET] /api/soporte/election/status                                              9567     0(0.00%) |      4       1      49      4 |   27.30        0.00
GET      [GET] /api/soporte/tickets                                                     19287     0(0.00%) |      7       3     311      7 |   53.90        0.00
GET      [GET] /health                                                                  29001     0(0.00%) |      4       1      82      4 |   90.40        0.00
--------|----------------------------------------------------------------------------|-------|-------------|-------|-------|-------|-------|--------|-----------
         Aggregated                                                                     67661     0(0.00%) |      5       1     311      5 |  199.00        0.00

Type     Name                                                                          # reqs      # fails |    Avg     Min     Max    Med |   req/s  failures/s
--------|----------------------------------------------------------------------------|-------|-------------|-------|-------|-------|-------|--------|-----------
GET      [GET] /actuator/health                                                          9858     0(0.00%) |      5       2      63      4 |   28.00        0.00
GET      [GET] /api/soporte/election/status                                              9616     0(0.00%) |      4       1      50      4 |   26.40        0.00
GET      [GET] /api/soporte/tickets                                                     19418     0(0.00%) |      7       3     311      7 |   55.50        0.00
GET      [GET] /health                                                                  29154     0(0.00%) |      4       1      82      4 |   88.20        0.00
--------|----------------------------------------------------------------------------|-------|-------------|-------|-------|-------|-------|--------|-----------
         Aggregated                                                                     68046     0(0.00%) |      5       1     311      5 |  198.10        0.00

Type     Name                                                                          # reqs      # fails |    Avg     Min     Max    Med |   req/s  failures/s
--------|----------------------------------------------------------------------------|-------|-------------|-------|-------|-------|-------|--------|-----------
GET      [GET] /actuator/health                                                          9923     0(0.00%) |      5       2      63      4 |   28.40        0.00
GET      [GET] /api/soporte/election/status                                              9670     0(0.00%) |      4       1      50      4 |   26.30        0.00
GET      [GET] /api/soporte/tickets                                                     19523     0(0.00%) |      7       3     311      7 |   58.70        0.00
GET      [GET] /health                                                                  29328     0(0.00%) |      4       1      82      4 |   85.40        0.00
--------|----------------------------------------------------------------------------|-------|-------------|-------|-------|-------|-------|--------|-----------
         Aggregated                                                                     68444     0(0.00%) |      5       1     311      5 |  198.80        0.00

Type     Name                                                                          # reqs      # fails |    Avg     Min     Max    Med |   req/s  failures/s
--------|----------------------------------------------------------------------------|-------|-------------|-------|-------|-------|-------|--------|-----------
GET      [GET] /actuator/health                                                          9981     0(0.00%) |      5       2      63      4 |   28.10        0.00
GET      [GET] /api/soporte/election/status                                              9720     0(0.00%) |      4       1      50      4 |   27.20        0.00
GET      [GET] /api/soporte/tickets                                                     19645     0(0.00%) |      7       3     311      7 |   57.60        0.00
GET      [GET] /health                                                                  29501     0(0.00%) |      4       1      82      4 |   84.50        0.00
--------|----------------------------------------------------------------------------|-------|-------------|-------|-------|-------|-------|--------|-----------
         Aggregated                                                                     68847     0(0.00%) |      5       1     311      5 |  197.40        0.00

Type     Name                                                                          # reqs      # fails |    Avg     Min     Max    Med |   req/s  failures/s
--------|----------------------------------------------------------------------------|-------|-------------|-------|-------|-------|-------|--------|-----------
GET      [GET] /actuator/health                                                         10035     0(0.00%) |      5       2      63      4 |   28.60        0.00
GET      [GET] /api/soporte/election/status                                              9767     0(0.00%) |      4       1      50      4 |   26.10        0.00
GET      [GET] /api/soporte/tickets                                                     19763     0(0.00%) |      7       3     311      7 |   59.00        0.00
GET      [GET] /health                                                                  29674     0(0.00%) |      4       1      82      4 |   84.80        0.00
--------|----------------------------------------------------------------------------|-------|-------------|-------|-------|-------|-------|--------|-----------
         Aggregated                                                                     69239     0(0.00%) |      5       1     311      5 |  198.50        0.00

Type     Name                                                                          # reqs      # fails |    Avg     Min     Max    Med |   req/s  failures/s
--------|----------------------------------------------------------------------------|-------|-------------|-------|-------|-------|-------|--------|-----------
GET      [GET] /actuator/health                                                         10088     0(0.00%) |      5       2      63      4 |   29.40        0.00
GET      [GET] /api/soporte/election/status                                              9827     0(0.00%) |      4       1      50      4 |   25.20        0.00
GET      [GET] /api/soporte/tickets                                                     19874     0(0.00%) |      7       3     311      7 |   58.60        0.00
GET      [GET] /health                                                                  29846     0(0.00%) |      4       1      82      4 |   84.50        0.00
--------|----------------------------------------------------------------------------|-------|-------------|-------|-------|-------|-------|--------|-----------
         Aggregated                                                                     69635     0(0.00%) |      5       1     311      5 |  197.70        0.00

Type     Name                                                                          # reqs      # fails |    Avg     Min     Max    Med |   req/s  failures/s
--------|----------------------------------------------------------------------------|-------|-------------|-------|-------|-------|-------|--------|-----------
GET      [GET] /actuator/health                                                         10157     0(0.00%) |      5       2      63      4 |   28.20        0.00
GET      [GET] /api/soporte/election/status                                              9876     0(0.00%) |      4       1      50      4 |   25.20        0.00
GET      [GET] /api/soporte/tickets                                                     19979     0(0.00%) |      7       3     311      7 |   59.30        0.00
GET      [GET] /health                                                                  30024     0(0.00%) |      4       1      82      4 |   83.80        0.00
--------|----------------------------------------------------------------------------|-------|-------------|-------|-------|-------|-------|--------|-----------
         Aggregated                                                                     70036     0(0.00%) |      5       1     311      5 |  196.50        0.00

Type     Name                                                                          # reqs      # fails |    Avg     Min     Max    Med |   req/s  failures/s
--------|----------------------------------------------------------------------------|-------|-------------|-------|-------|-------|-------|--------|-----------
GET      [GET] /actuator/health                                                         10215     0(0.00%) |      5       2      63      4 |   29.10        0.00
GET      [GET] /api/soporte/election/status                                              9927     0(0.00%) |      4       1      50      4 |   26.20        0.00
GET      [GET] /api/soporte/tickets                                                     20095     0(0.00%) |      7       3     311      7 |   55.60        0.00
GET      [GET] /health                                                                  30197     0(0.00%) |      4       1      82      4 |   85.70        0.00
--------|----------------------------------------------------------------------------|-------|-------------|-------|-------|-------|-------|--------|-----------
         Aggregated                                                                     70434     0(0.00%) |      5       1     311      5 |  196.60        0.00

Type     Name                                                                          # reqs      # fails |    Avg     Min     Max    Med |   req/s  failures/s
--------|----------------------------------------------------------------------------|-------|-------------|-------|-------|-------|-------|--------|-----------
GET      [GET] /actuator/health                                                         10275     0(0.00%) |      5       2      63      4 |   29.30        0.00
GET      [GET] /api/soporte/election/status                                              9986     0(0.00%) |      4       1      50      4 |   25.10        0.00
GET      [GET] /api/soporte/tickets                                                     20203     0(0.00%) |      7       3     311      7 |   57.10        0.00
GET      [GET] /health                                                                  30366     0(0.00%) |      4       1      82      4 |   87.30        0.00
--------|----------------------------------------------------------------------------|-------|-------------|-------|-------|-------|-------|--------|-----------
         Aggregated                                                                     70830     0(0.00%) |      5       1     311      5 |  198.80        0.00

Type     Name                                                                          # reqs      # fails |    Avg     Min     Max    Med |   req/s  failures/s
--------|----------------------------------------------------------------------------|-------|-------------|-------|-------|-------|-------|--------|-----------
GET      [GET] /actuator/health                                                         10332     0(0.00%) |      5       2      63      4 |   29.30        0.00
GET      [GET] /api/soporte/election/status                                             10060     0(0.00%) |      4       1      50      4 |   26.00        0.00
GET      [GET] /api/soporte/tickets                                                     20310     0(0.00%) |      7       3     311      7 |   56.00        0.00
GET      [GET] /health                                                                  30521     0(0.00%) |      4       1      82      4 |   85.80        0.00
--------|----------------------------------------------------------------------------|-------|-------------|-------|-------|-------|-------|--------|-----------
         Aggregated                                                                     71223     0(0.00%) |      5       1     311      5 |  197.10        0.00

Type     Name                                                                          # reqs      # fails |    Avg     Min     Max    Med |   req/s  failures/s
--------|----------------------------------------------------------------------------|-------|-------------|-------|-------|-------|-------|--------|-----------
GET      [GET] /actuator/health                                                         10390     0(0.00%) |      5       2      63      4 |   29.60        0.00
GET      [GET] /api/soporte/election/status                                             10117     0(0.00%) |      4       1      50      4 |   28.80        0.00
GET      [GET] /api/soporte/tickets                                                     20412     0(0.00%) |      7       3     311      7 |   55.20        0.00
GET      [GET] /health                                                                  30701     0(0.00%) |      4       1      82      4 |   85.00        0.00
--------|----------------------------------------------------------------------------|-------|-------------|-------|-------|-------|-------|--------|-----------
         Aggregated                                                                     71620     0(0.00%) |      5       1     311      5 |  198.60        0.00

Type     Name                                                                          # reqs      # fails |    Avg     Min     Max    Med |   req/s  failures/s
--------|----------------------------------------------------------------------------|-------|-------------|-------|-------|-------|-------|--------|-----------
GET      [GET] /actuator/health                                                         10435     0(0.00%) |      5       2      63      4 |   30.70        0.00
GET      [GET] /api/soporte/election/status                                             10173     0(0.00%) |      4       1      50      4 |   29.30        0.00
GET      [GET] /api/soporte/tickets                                                     20537     0(0.00%) |      7       3     311      7 |   54.20        0.00
GET      [GET] /health                                                                  30860     0(0.00%) |      4       1      82      4 |   84.80        0.00
--------|----------------------------------------------------------------------------|-------|-------------|-------|-------|-------|-------|--------|-----------
         Aggregated                                                                     72005     0(0.00%) |      5       1     311      5 |  199.00        0.00

Type     Name                                                                          # reqs      # fails |    Avg     Min     Max    Med |   req/s  failures/s
--------|----------------------------------------------------------------------------|-------|-------------|-------|-------|-------|-------|--------|-----------
GET      [GET] /actuator/health                                                         10489     0(0.00%) |      5       2      63      4 |   28.10        0.00
GET      [GET] /api/soporte/election/status                                             10222     0(0.00%) |      4       1      50      4 |   29.60        0.00
GET      [GET] /api/soporte/tickets                                                     20652     0(0.00%) |      7       3     311      7 |   55.40        0.00
GET      [GET] /health                                                                  31041     0(0.00%) |      4       1      82      4 |   84.40        0.00
--------|----------------------------------------------------------------------------|-------|-------------|-------|-------|-------|-------|--------|-----------
         Aggregated                                                                     72404     0(0.00%) |      5       1     311      5 |  197.50        0.00

Type     Name                                                                          # reqs      # fails |    Avg     Min     Max    Med |   req/s  failures/s
--------|----------------------------------------------------------------------------|-------|-------------|-------|-------|-------|-------|--------|-----------
GET      [GET] /actuator/health                                                         10553     0(0.00%) |      5       2      63      4 |   27.30        0.00
GET      [GET] /api/soporte/election/status                                             10276     0(0.00%) |      4       1      50      4 |   29.70        0.00
GET      [GET] /api/soporte/tickets                                                     20765     0(0.00%) |      7       3     311      7 |   54.80        0.00
GET      [GET] /health                                                                  31202     0(0.00%) |      4       1      82      4 |   83.80        0.00
--------|----------------------------------------------------------------------------|-------|-------------|-------|-------|-------|-------|--------|-----------
         Aggregated                                                                     72796     0(0.00%) |      5       1     311      5 |  195.60        0.00

Type     Name                                                                          # reqs      # fails |    Avg     Min     Max    Med |   req/s  failures/s
--------|----------------------------------------------------------------------------|-------|-------------|-------|-------|-------|-------|--------|-----------
GET      [GET] /actuator/health                                                         10617     0(0.00%) |      5       2      63      4 |   27.60        0.00
GET      [GET] /api/soporte/election/status                                             10331     0(0.00%) |      4       1      50      4 |   29.60        0.00
GET      [GET] /api/soporte/tickets                                                     20873     0(0.00%) |      7       3     311      7 |   55.10        0.00
GET      [GET] /health                                                                  31362     0(0.00%) |      4       1      82      4 |   83.80        0.00
--------|----------------------------------------------------------------------------|-------|-------------|-------|-------|-------|-------|--------|-----------
         Aggregated                                                                     73183     0(0.00%) |      5       1     311      5 |  196.10        0.00

Type     Name                                                                          # reqs      # fails |    Avg     Min     Max    Med |   req/s  failures/s
--------|----------------------------------------------------------------------------|-------|-------------|-------|-------|-------|-------|--------|-----------
GET      [GET] /actuator/health                                                         10684     0(0.00%) |      5       2      63      4 |   27.40        0.00
GET      [GET] /api/soporte/election/status                                             10390     0(0.00%) |      4       1      50      4 |   26.70        0.00
GET      [GET] /api/soporte/tickets                                                     20951     0(0.00%) |      7       3     311      7 |   57.20        0.00
GET      [GET] /health                                                                  31547     0(0.00%) |      4       1      82      4 |   84.30        0.00
--------|----------------------------------------------------------------------------|-------|-------------|-------|-------|-------|-------|--------|-----------
         Aggregated                                                                     73572     0(0.00%) |      5       1     311      5 |  195.60        0.00

Type     Name                                                                          # reqs      # fails |    Avg     Min     Max    Med |   req/s  failures/s
--------|----------------------------------------------------------------------------|-------|-------------|-------|-------|-------|-------|--------|-----------
GET      [GET] /actuator/health                                                         10743     0(0.00%) |      5       2      63      4 |   28.10        0.00
GET      [GET] /api/soporte/election/status                                             10437     0(0.00%) |      4       1      50      4 |   27.30        0.00
GET      [GET] /api/soporte/tickets                                                     21060     0(0.00%) |      7       3     311      7 |   53.90        0.00
GET      [GET] /health                                                                  31721     0(0.00%) |      4       1      82      4 |   85.50        0.00
--------|----------------------------------------------------------------------------|-------|-------------|-------|-------|-------|-------|--------|-----------
         Aggregated                                                                     73961     0(0.00%) |      5       1     311      5 |  194.80        0.00

Type     Name                                                                          # reqs      # fails |    Avg     Min     Max    Med |   req/s  failures/s
--------|----------------------------------------------------------------------------|-------|-------------|-------|-------|-------|-------|--------|-----------
GET      [GET] /actuator/health                                                         10799     0(0.00%) |      5       2      63      4 |   29.80        0.00
GET      [GET] /api/soporte/election/status                                             10482     0(0.00%) |      4       1      50      4 |   27.00        0.00
GET      [GET] /api/soporte/tickets                                                     21184     0(0.00%) |      7       3     311      7 |   53.00        0.00
GET      [GET] /health                                                                  31882     0(0.00%) |      4       1      82      4 |   84.50        0.00
--------|----------------------------------------------------------------------------|-------|-------------|-------|-------|-------|-------|--------|-----------
         Aggregated                                                                     74347     0(0.00%) |      5       1     311      5 |  194.30        0.00

Type     Name                                                                          # reqs      # fails |    Avg     Min     Max    Med |   req/s  failures/s
--------|----------------------------------------------------------------------------|-------|-------------|-------|-------|-------|-------|--------|-----------
GET      [GET] /actuator/health                                                         10850     0(0.00%) |      5       2      63      4 |   31.20        0.00
GET      [GET] /api/soporte/election/status                                             10541     0(0.00%) |      4       1      50      4 |   26.30        0.00
GET      [GET] /api/soporte/tickets                                                     21293     0(0.00%) |      7       3     311      7 |   53.50        0.00
GET      [GET] /health                                                                  32065     0(0.00%) |      4       1      82      4 |   83.50        0.00
--------|----------------------------------------------------------------------------|-------|-------------|-------|-------|-------|-------|--------|-----------
         Aggregated                                                                     74749     0(0.00%) |      5       1     311      5 |  194.50        0.00

Type     Name                                                                          # reqs      # fails |    Avg     Min     Max    Med |   req/s  failures/s
--------|----------------------------------------------------------------------------|-------|-------------|-------|-------|-------|-------|--------|-----------
GET      [GET] /actuator/health                                                         10906     0(0.00%) |      5       2      63      4 |   30.40        0.00
GET      [GET] /api/soporte/election/status                                             10597     0(0.00%) |      4       1      50      4 |   26.10        0.00
GET      [GET] /api/soporte/tickets                                                     21408     0(0.00%) |      7       3     311      7 |   53.40        0.00
GET      [GET] /health                                                                  32233     0(0.00%) |      4       1      82      4 |   86.50        0.00
--------|----------------------------------------------------------------------------|-------|-------------|-------|-------|-------|-------|--------|-----------
         Aggregated                                                                     75144     0(0.00%) |      5       1     311      5 |  196.40        0.00

Type     Name                                                                          # reqs      # fails |    Avg     Min     Max    Med |   req/s  failures/s
--------|----------------------------------------------------------------------------|-------|-------------|-------|-------|-------|-------|--------|-----------
GET      [GET] /actuator/health                                                         10968     0(0.00%) |      5       2      63      4 |   29.80        0.00
GET      [GET] /api/soporte/election/status                                             10646     0(0.00%) |      4       1      50      4 |   27.00        0.00
GET      [GET] /api/soporte/tickets                                                     21523     0(0.00%) |      7       3     311      7 |   52.50        0.00
GET      [GET] /health                                                                  32395     0(0.00%) |      4       1      82      4 |   87.10        0.00
--------|----------------------------------------------------------------------------|-------|-------------|-------|-------|-------|-------|--------|-----------
         Aggregated                                                                     75532     0(0.00%) |      5       1     311      5 |  196.40        0.00

Type     Name                                                                          # reqs      # fails |    Avg     Min     Max    Med |   req/s  failures/s
--------|----------------------------------------------------------------------------|-------|-------------|-------|-------|-------|-------|--------|-----------
GET      [GET] /actuator/health                                                         11036     0(0.00%) |      5       2      63      4 |   28.80        0.00
GET      [GET] /api/soporte/election/status                                             10693     0(0.00%) |      4       1      50      4 |   26.40        0.00
GET      [GET] /api/soporte/tickets                                                     21629     0(0.00%) |      7       3     311      7 |   54.70        0.00
GET      [GET] /health                                                                  32569     0(0.00%) |      4       1      82      4 |   85.00        0.00
--------|----------------------------------------------------------------------------|-------|-------------|-------|-------|-------|-------|--------|-----------
         Aggregated                                                                     75927     0(0.00%) |      5       1     311      5 |  194.90        0.00

Type     Name                                                                          # reqs      # fails |    Avg     Min     Max    Med |   req/s  failures/s
--------|----------------------------------------------------------------------------|-------|-------------|-------|-------|-------|-------|--------|-----------
GET      [GET] /actuator/health                                                         11098     0(0.00%) |      5       2      63      4 |   29.70        0.00
GET      [GET] /api/soporte/election/status                                             10736     0(0.00%) |      4       1      50      4 |   24.90        0.00
GET      [GET] /api/soporte/tickets                                                     21744     0(0.00%) |      7       3     311      7 |   57.90        0.00
GET      [GET] /health                                                                  32749     0(0.00%) |      4       1      82      4 |   84.00        0.00
--------|----------------------------------------------------------------------------|-------|-------------|-------|-------|-------|-------|--------|-----------
         Aggregated                                                                     76327     0(0.00%) |      5       1     311      5 |  196.50        0.00

Type     Name                                                                          # reqs      # fails |    Avg     Min     Max    Med |   req/s  failures/s
--------|----------------------------------------------------------------------------|-------|-------------|-------|-------|-------|-------|--------|-----------
GET      [GET] /actuator/health                                                         11148     0(0.00%) |      5       2      63      4 |   29.70        0.00
GET      [GET] /api/soporte/election/status                                             10797     0(0.00%) |      4       1      50      4 |   25.40        0.00
GET      [GET] /api/soporte/tickets                                                     21870     0(0.00%) |      7       3     311      7 |   56.20        0.00
GET      [GET] /health                                                                  32916     0(0.00%) |      4       1      82      4 |   86.90        0.00
--------|----------------------------------------------------------------------------|-------|-------------|-------|-------|-------|-------|--------|-----------
         Aggregated                                                                     76731     0(0.00%) |      5       1     311      5 |  198.20        0.00

Type     Name                                                                          # reqs      # fails |    Avg     Min     Max    Med |   req/s  failures/s
--------|----------------------------------------------------------------------------|-------|-------------|-------|-------|-------|-------|--------|-----------
GET      [GET] /actuator/health                                                         11214     0(0.00%) |      5       2      63      4 |   30.30        0.00
GET      [GET] /api/soporte/election/status                                             10847     0(0.00%) |      4       1      50      4 |   25.50        0.00
GET      [GET] /api/soporte/tickets                                                     21983     0(0.00%) |      7       3     311      7 |   56.60        0.00
GET      [GET] /health                                                                  33076     0(0.00%) |      4       1      82      4 |   84.80        0.00
--------|----------------------------------------------------------------------------|-------|-------------|-------|-------|-------|-------|--------|-----------
         Aggregated                                                                     77120     0(0.00%) |      5       1     311      5 |  197.20        0.00

Type     Name                                                                          # reqs      # fails |    Avg     Min     Max    Med |   req/s  failures/s
--------|----------------------------------------------------------------------------|-------|-------------|-------|-------|-------|-------|--------|-----------
GET      [GET] /actuator/health                                                         11264     0(0.00%) |      5       2      63      4 |   30.00        0.00
GET      [GET] /api/soporte/election/status                                             10911     0(0.00%) |      4       1      50      4 |   25.10        0.00
GET      [GET] /api/soporte/tickets                                                     22102     0(0.00%) |      7       3     311      7 |   57.40        0.00
GET      [GET] /health                                                                  33235     0(0.00%) |      4       1      82      4 |   83.60        0.00
--------|----------------------------------------------------------------------------|-------|-------------|-------|-------|-------|-------|--------|-----------
         Aggregated                                                                     77512     0(0.00%) |      5       1     311      5 |  196.10        0.00

Type     Name                                                                          # reqs      # fails |    Avg     Min     Max    Med |   req/s  failures/s
--------|----------------------------------------------------------------------------|-------|-------------|-------|-------|-------|-------|--------|-----------
GET      [GET] /actuator/health                                                         11323     0(0.00%) |      5       2      63      4 |   29.70        0.00
GET      [GET] /api/soporte/election/status                                             10961     0(0.00%) |      4       1      50      4 |   26.10        0.00
GET      [GET] /api/soporte/tickets                                                     22226     0(0.00%) |      7       3     311      7 |   58.70        0.00
GET      [GET] /health                                                                  33403     0(0.00%) |      4       1      82      4 |   82.10        0.00
--------|----------------------------------------------------------------------------|-------|-------------|-------|-------|-------|-------|--------|-----------
         Aggregated                                                                     77913     0(0.00%) |      5       1     311      5 |  196.60        0.00

Type     Name                                                                          # reqs      # fails |    Avg     Min     Max    Med |   req/s  failures/s
--------|----------------------------------------------------------------------------|-------|-------------|-------|-------|-------|-------|--------|-----------
GET      [GET] /actuator/health                                                         11375     0(0.00%) |      5       2      63      4 |   28.50        0.00
GET      [GET] /api/soporte/election/status                                             11030     0(0.00%) |      4       1      50      4 |   26.40        0.00
GET      [GET] /api/soporte/tickets                                                     22327     0(0.00%) |      7       3     311      7 |   58.50        0.00
GET      [GET] /health                                                                  33571     0(0.00%) |      4       1      82      4 |   83.90        0.00
--------|----------------------------------------------------------------------------|-------|-------------|-------|-------|-------|-------|--------|-----------
         Aggregated                                                                     78303     0(0.00%) |      5       1     311      5 |  197.30        0.00

Type     Name                                                                          # reqs      # fails |    Avg     Min     Max    Med |   req/s  failures/s
--------|----------------------------------------------------------------------------|-------|-------------|-------|-------|-------|-------|--------|-----------
GET      [GET] /actuator/health                                                         11438     0(0.00%) |      5       2      63      4 |   27.60        0.00
GET      [GET] /api/soporte/election/status                                             11095     0(0.00%) |      4       1      50      4 |   27.70        0.00
GET      [GET] /api/soporte/tickets                                                     22429     0(0.00%) |      7       3     311      7 |   58.40        0.00
GET      [GET] /health                                                                  33736     0(0.00%) |      4       1      82      4 |   81.80        0.00
--------|----------------------------------------------------------------------------|-------|-------------|-------|-------|-------|-------|--------|-----------
         Aggregated                                                                     78698     0(0.00%) |      5       1     311      5 |  195.50        0.00

Type     Name                                                                          # reqs      # fails |    Avg     Min     Max    Med |   req/s  failures/s
--------|----------------------------------------------------------------------------|-------|-------------|-------|-------|-------|-------|--------|-----------
GET      [GET] /actuator/health                                                         11499     0(0.00%) |      5       2      63      4 |   27.70        0.00
GET      [GET] /api/soporte/election/status                                             11147     0(0.00%) |      4       1      50      4 |   29.40        0.00
GET      [GET] /api/soporte/tickets                                                     22551     0(0.00%) |      7       3     311      7 |   57.00        0.00
GET      [GET] /health                                                                  33895     0(0.00%) |      4       1      82      4 |   81.30        0.00
--------|----------------------------------------------------------------------------|-------|-------------|-------|-------|-------|-------|--------|-----------
         Aggregated                                                                     79092     0(0.00%) |      5       1     311      5 |  195.40        0.00

Type     Name                                                                          # reqs      # fails |    Avg     Min     Max    Med |   req/s  failures/s
--------|----------------------------------------------------------------------------|-------|-------------|-------|-------|-------|-------|--------|-----------
GET      [GET] /actuator/health                                                         11551     0(0.00%) |      5       2      63      4 |   28.60        0.00
GET      [GET] /api/soporte/election/status                                             11203     0(0.00%) |      4       1      50      4 |   30.20        0.00
GET      [GET] /api/soporte/tickets                                                     22672     0(0.00%) |      7       3     311      7 |   56.20        0.00
GET      [GET] /health                                                                  34052     0(0.00%) |      4       1      82      4 |   81.10        0.00
--------|----------------------------------------------------------------------------|-------|-------------|-------|-------|-------|-------|--------|-----------
         Aggregated                                                                     79478     0(0.00%) |      5       1     311      5 |  196.10        0.00

Type     Name                                                                          # reqs      # fails |    Avg     Min     Max    Med |   req/s  failures/s
--------|----------------------------------------------------------------------------|-------|-------------|-------|-------|-------|-------|--------|-----------
GET      [GET] /actuator/health                                                         11605     0(0.00%) |      5       2      63      4 |   28.90        0.00
GET      [GET] /api/soporte/election/status                                             11265     0(0.00%) |      4       1      50      4 |   29.10        0.00
GET      [GET] /api/soporte/tickets                                                     22777     0(0.00%) |      7       3     311      7 |   57.10        0.00
GET      [GET] /health                                                                  34228     0(0.00%) |      4       1      82      4 |   82.60        0.00
--------|----------------------------------------------------------------------------|-------|-------------|-------|-------|-------|-------|--------|-----------
         Aggregated                                                                     79875     0(0.00%) |      5       1     311      5 |  197.70        0.00

Type     Name                                                                          # reqs      # fails |    Avg     Min     Max    Med |   req/s  failures/s
--------|----------------------------------------------------------------------------|-------|-------------|-------|-------|-------|-------|--------|-----------
GET      [GET] /actuator/health                                                         11649     0(0.00%) |      5       2      63      4 |   27.90        0.00
GET      [GET] /api/soporte/election/status                                             11317     0(0.00%) |      4       1      50      4 |   30.00        0.00
GET      [GET] /api/soporte/tickets                                                     22896     0(0.00%) |      7       3     311      7 |   55.20        0.00
GET      [GET] /health                                                                  34402     0(0.00%) |      4       1      82      4 |   82.80        0.00
--------|----------------------------------------------------------------------------|-------|-------------|-------|-------|-------|-------|--------|-----------
         Aggregated                                                                     80264     0(0.00%) |      5       1     311      5 |  196.00        0.00

Type     Name                                                                          # reqs      # fails |    Avg     Min     Max    Med |   req/s  failures/s
--------|----------------------------------------------------------------------------|-------|-------------|-------|-------|-------|-------|--------|-----------
GET      [GET] /actuator/health                                                         11717     0(0.00%) |      5       2      63      4 |   27.70        0.00
GET      [GET] /api/soporte/election/status                                             11371     0(0.00%) |      4       1      50      4 |   29.50        0.00
GET      [GET] /api/soporte/tickets                                                     23001     0(0.00%) |      7       3     311      7 |   55.00        0.00
GET      [GET] /health                                                                  34566     0(0.00%) |      4       1      82      4 |   83.30        0.00
--------|----------------------------------------------------------------------------|-------|-------------|-------|-------|-------|-------|--------|-----------
         Aggregated                                                                     80655     0(0.00%) |      5       1     311      5 |  195.50        0.00

Type     Name                                                                          # reqs      # fails |    Avg     Min     Max    Med |   req/s  failures/s
--------|----------------------------------------------------------------------------|-------|-------------|-------|-------|-------|-------|--------|-----------
GET      [GET] /actuator/health                                                         11773     0(0.00%) |      5       2      63      4 |   27.90        0.00
GET      [GET] /api/soporte/election/status                                             11436     0(0.00%) |      4       1      50      4 |   28.10        0.00
GET      [GET] /api/soporte/tickets                                                     23121     0(0.00%) |      7       3     311      7 |   55.70        0.00
GET      [GET] /health                                                                  34717     0(0.00%) |      4       1      82      4 |   82.20        0.00
--------|----------------------------------------------------------------------------|-------|-------------|-------|-------|-------|-------|--------|-----------
         Aggregated                                                                     81047     0(0.00%) |      5       1     311      5 |  193.90        0.00

Type     Name                                                                          # reqs      # fails |    Avg     Min     Max    Med |   req/s  failures/s
--------|----------------------------------------------------------------------------|-------|-------------|-------|-------|-------|-------|--------|-----------
GET      [GET] /actuator/health                                                         11842     0(0.00%) |      5       2      63      4 |   27.30        0.00
GET      [GET] /api/soporte/election/status                                             11487     0(0.00%) |      4       1      50      4 |   27.90        0.00
GET      [GET] /api/soporte/tickets                                                     23237     0(0.00%) |      7       3     311      7 |   57.20        0.00
GET      [GET] /health                                                                  34868     0(0.00%) |      4       1      82      4 |   82.80        0.00
--------|----------------------------------------------------------------------------|-------|-------------|-------|-------|-------|-------|--------|-----------
         Aggregated                                                                     81434     0(0.00%) |      5       1     311      5 |  195.20        0.00

Type     Name                                                                          # reqs      # fails |    Avg     Min     Max    Med |   req/s  failures/s
--------|----------------------------------------------------------------------------|-------|-------------|-------|-------|-------|-------|--------|-----------
GET      [GET] /actuator/health                                                         11899     0(0.00%) |      5       2      63      4 |   28.10        0.00
GET      [GET] /api/soporte/election/status                                             11554     0(0.00%) |      4       1      50      4 |   28.20        0.00
GET      [GET] /api/soporte/tickets                                                     23359     0(0.00%) |      7       3     311      7 |   56.20        0.00
GET      [GET] /health                                                                  35037     0(0.00%) |      4       1      82      4 |   82.80        0.00
--------|----------------------------------------------------------------------------|-------|-------------|-------|-------|-------|-------|--------|-----------
         Aggregated                                                                     81849     0(0.00%) |      5       1     311      5 |  195.30        0.00

Type     Name                                                                          # reqs      # fails |    Avg     Min     Max    Med |   req/s  failures/s
--------|----------------------------------------------------------------------------|-------|-------------|-------|-------|-------|-------|--------|-----------
GET      [GET] /actuator/health                                                         11957     0(0.00%) |      5       2      63      4 |   29.90        0.00
GET      [GET] /api/soporte/election/status                                             11616     0(0.00%) |      4       1      50      4 |   28.40        0.00
GET      [GET] /api/soporte/tickets                                                     23481     0(0.00%) |      7       3     311      7 |   56.80        0.00
GET      [GET] /health                                                                  35188     0(0.00%) |      4       1      82      4 |   81.00        0.00
--------|----------------------------------------------------------------------------|-------|-------------|-------|-------|-------|-------|--------|-----------
         Aggregated                                                                     82242     0(0.00%) |      5       1     311      5 |  196.00        0.00

Type     Name                                                                          # reqs      # fails |    Avg     Min     Max    Med |   req/s  failures/s
--------|----------------------------------------------------------------------------|-------|-------------|-------|-------|-------|-------|--------|-----------
GET      [GET] /actuator/health                                                         12022     0(0.00%) |      5       2      63      4 |   29.70        0.00
GET      [GET] /api/soporte/election/status                                             11669     0(0.00%) |      4       1      50      4 |   30.10        0.00
GET      [GET] /api/soporte/tickets                                                     23579     0(0.00%) |      7       3     311      7 |   58.70        0.00
GET      [GET] /health                                                                  35366     0(0.00%) |      4       1      82      4 |   78.20        0.00
--------|----------------------------------------------------------------------------|-------|-------------|-------|-------|-------|-------|--------|-----------
         Aggregated                                                                     82636     0(0.00%) |      5       1     311      5 |  196.70        0.00

Type     Name                                                                          # reqs      # fails |    Avg     Min     Max    Med |   req/s  failures/s
--------|----------------------------------------------------------------------------|-------|-------------|-------|-------|-------|-------|--------|-----------
GET      [GET] /actuator/health                                                         12085     0(0.00%) |      5       2      63      4 |   30.10        0.00
GET      [GET] /api/soporte/election/status                                             11723     0(0.00%) |      4       1      50      4 |   29.50        0.00
GET      [GET] /api/soporte/tickets                                                     23683     0(0.00%) |      7       3     311      7 |   58.50        0.00
GET      [GET] /health                                                                  35546     0(0.00%) |      4       1      82      4 |   80.70        0.00
--------|----------------------------------------------------------------------------|-------|-------------|-------|-------|-------|-------|--------|-----------
         Aggregated                                                                     83037     0(0.00%) |      5       1     311      5 |  198.80        0.00

Type     Name                                                                          # reqs      # fails |    Avg     Min     Max    Med |   req/s  failures/s
--------|----------------------------------------------------------------------------|-------|-------------|-------|-------|-------|-------|--------|-----------
GET      [GET] /actuator/health                                                         12144     0(0.00%) |      5       2      63      4 |   30.70        0.00
GET      [GET] /api/soporte/election/status                                             11768     0(0.00%) |      4       1      50      4 |   29.30        0.00
GET      [GET] /api/soporte/tickets                                                     23778     0(0.00%) |      7       3     311      7 |   56.40        0.00
GET      [GET] /health                                                                  35731     0(0.00%) |      4       1      82      4 |   82.00        0.00
--------|----------------------------------------------------------------------------|-------|-------------|-------|-------|-------|-------|--------|-----------
         Aggregated                                                                     83421     0(0.00%) |      5       1     311      5 |  198.40        0.00

Type     Name                                                                          # reqs      # fails |    Avg     Min     Max    Med |   req/s  failures/s
--------|----------------------------------------------------------------------------|-------|-------------|-------|-------|-------|-------|--------|-----------
GET      [GET] /actuator/health                                                         12205     0(0.00%) |      5       2      63      4 |   31.20        0.00
GET      [GET] /api/soporte/election/status                                             11832     0(0.00%) |      4       1      50      4 |   28.90        0.00
GET      [GET] /api/soporte/tickets                                                     23892     0(0.00%) |      7       3     311      7 |   54.90        0.00
GET      [GET] /health                                                                  35898     0(0.00%) |      4       1      82      4 |   83.40        0.00
--------|----------------------------------------------------------------------------|-------|-------------|-------|-------|-------|-------|--------|-----------
         Aggregated                                                                     83827     0(0.00%) |      5       1     311      5 |  198.40        0.00

Type     Name                                                                          # reqs      # fails |    Avg     Min     Max    Med |   req/s  failures/s
--------|----------------------------------------------------------------------------|-------|-------------|-------|-------|-------|-------|--------|-----------
GET      [GET] /actuator/health                                                         12267     0(0.00%) |      5       2      63      4 |   29.50        0.00
GET      [GET] /api/soporte/election/status                                             11888     0(0.00%) |      4       1      50      4 |   28.70        0.00
GET      [GET] /api/soporte/tickets                                                     23999     0(0.00%) |      7       3     311      7 |   54.20        0.00
GET      [GET] /health                                                                  36067     0(0.00%) |      4       1      82      4 |   85.50        0.00
--------|----------------------------------------------------------------------------|-------|-------------|-------|-------|-------|-------|--------|-----------
         Aggregated                                                                     84221     0(0.00%) |      5       1     311      5 |  197.90        0.00

Type     Name                                                                          # reqs      # fails |    Avg     Min     Max    Med |   req/s  failures/s
--------|----------------------------------------------------------------------------|-------|-------------|-------|-------|-------|-------|--------|-----------
GET      [GET] /actuator/health                                                         12324     0(0.00%) |      5       2      63      4 |   30.50        0.00
GET      [GET] /api/soporte/election/status                                             11938     0(0.00%) |      4       1      50      4 |   26.70        0.00
GET      [GET] /api/soporte/tickets                                                     24099     0(0.00%) |      7       3     311      7 |   53.40        0.00
GET      [GET] /health                                                                  36244     0(0.00%) |      4       1      82      4 |   86.80        0.00
--------|----------------------------------------------------------------------------|-------|-------------|-------|-------|-------|-------|--------|-----------
         Aggregated                                                                     84605     0(0.00%) |      5       1     311      5 |  197.40        0.00

Type     Name                                                                          # reqs      # fails |    Avg     Min     Max    Med |   req/s  failures/s
--------|----------------------------------------------------------------------------|-------|-------------|-------|-------|-------|-------|--------|-----------
GET      [GET] /actuator/health                                                         12369     0(0.00%) |      5       2      63      4 |   30.70        0.00
GET      [GET] /api/soporte/election/status                                             11997     0(0.00%) |      4       1      50      4 |   27.40        0.00
GET      [GET] /api/soporte/tickets                                                     24211     0(0.00%) |      7       3     311      7 |   51.80        0.00
GET      [GET] /health                                                                  36418     0(0.00%) |      4       1      82      4 |   87.10        0.00
--------|----------------------------------------------------------------------------|-------|-------------|-------|-------|-------|-------|--------|-----------
         Aggregated                                                                     84995     0(0.00%) |      5       1     311      5 |  197.00        0.00

Type     Name                                                                          # reqs      # fails |    Avg     Min     Max    Med |   req/s  failures/s
--------|----------------------------------------------------------------------------|-------|-------------|-------|-------|-------|-------|--------|-----------
GET      [GET] /actuator/health                                                         12432     0(0.00%) |      5       2      63      4 |   29.50        0.00
GET      [GET] /api/soporte/election/status                                             12058     0(0.00%) |      4       1      50      4 |   27.60        0.00
GET      [GET] /api/soporte/tickets                                                     24331     0(0.00%) |      7       3     311      7 |   51.80        0.00
GET      [GET] /health                                                                  36578     0(0.00%) |      4       1      82      4 |   87.50        0.00
--------|----------------------------------------------------------------------------|-------|-------------|-------|-------|-------|-------|--------|-----------
         Aggregated                                                                     85399     0(0.00%) |      5       1     311      5 |  196.40        0.00

Type     Name                                                                          # reqs      # fails |    Avg     Min     Max    Med |   req/s  failures/s
--------|----------------------------------------------------------------------------|-------|-------------|-------|-------|-------|-------|--------|-----------
GET      [GET] /actuator/health                                                         12488     0(0.00%) |      5       2      63      4 |   27.80        0.00
GET      [GET] /api/soporte/election/status                                             12117     0(0.00%) |      4       1      50      4 |   27.40        0.00
GET      [GET] /api/soporte/tickets                                                     24427     0(0.00%) |      7       3     311      7 |   54.10        0.00
GET      [GET] /health                                                                  36772     0(0.00%) |      4       1      82      4 |   86.80        0.00
--------|----------------------------------------------------------------------------|-------|-------------|-------|-------|-------|-------|--------|-----------
         Aggregated                                                                     85804     0(0.00%) |      5       1     311      5 |  196.10        0.00

Type     Name                                                                          # reqs      # fails |    Avg     Min     Max    Med |   req/s  failures/s
--------|----------------------------------------------------------------------------|-------|-------------|-------|-------|-------|-------|--------|-----------
GET      [GET] /actuator/health                                                         12536     0(0.00%) |      5       2      63      4 |   28.80        0.00
GET      [GET] /api/soporte/election/status                                             12174     0(0.00%) |      4       1      50      4 |   28.30        0.00
GET      [GET] /api/soporte/tickets                                                     24555     0(0.00%) |      7       3     311      7 |   53.90        0.00
GET      [GET] /health                                                                  36939     0(0.00%) |      4       1      82      4 |   86.30        0.00
--------|----------------------------------------------------------------------------|-------|-------------|-------|-------|-------|-------|--------|-----------
         Aggregated                                                                     86204     0(0.00%) |      5       1     311      5 |  197.30        0.00

Type     Name                                                                          # reqs      # fails |    Avg     Min     Max    Med |   req/s  failures/s
--------|----------------------------------------------------------------------------|-------|-------------|-------|-------|-------|-------|--------|-----------
GET      [GET] /actuator/health                                                         12586     0(0.00%) |      5       2      63      4 |   28.10        0.00
GET      [GET] /api/soporte/election/status                                             12234     0(0.00%) |      4       1      50      4 |   28.90        0.00
GET      [GET] /api/soporte/tickets                                                     24666     0(0.00%) |      7       3     311      7 |   53.20        0.00
GET      [GET] /health                                                                  37107     0(0.00%) |      4       1      82      4 |   87.60        0.00
--------|----------------------------------------------------------------------------|-------|-------------|-------|-------|-------|-------|--------|-----------
         Aggregated                                                                     86593     0(0.00%) |      5       1     311      5 |  197.80        0.00

Type     Name                                                                          # reqs      # fails |    Avg     Min     Max    Med |   req/s  failures/s
--------|----------------------------------------------------------------------------|-------|-------------|-------|-------|-------|-------|--------|-----------
GET      [GET] /actuator/health                                                         12649     0(0.00%) |      5       2      63      4 |   26.60        0.00
GET      [GET] /api/soporte/election/status                                             12284     0(0.00%) |      4       1      50      4 |   28.90        0.00
GET      [GET] /api/soporte/tickets                                                     24770     0(0.00%) |      7       3     311      7 |   55.80        0.00
GET      [GET] /health                                                                  37286     0(0.00%) |      4       1      82      4 |   87.20        0.00
--------|----------------------------------------------------------------------------|-------|-------------|-------|-------|-------|-------|--------|-----------
         Aggregated                                                                     86989     0(0.00%) |      5       1     311      5 |  198.50        0.00

Type     Name                                                                          # reqs      # fails |    Avg     Min     Max    Med |   req/s  failures/s
--------|----------------------------------------------------------------------------|-------|-------------|-------|-------|-------|-------|--------|-----------
GET      [GET] /actuator/health                                                         12712     0(0.00%) |      5       2      63      4 |   27.50        0.00
GET      [GET] /api/soporte/election/status                                             12347     0(0.00%) |      4       1      50      4 |   28.70        0.00
GET      [GET] /api/soporte/tickets                                                     24882     0(0.00%) |      7       3     311      7 |   57.20        0.00
GET      [GET] /health                                                                  37459     0(0.00%) |      4       1      82      4 |   84.90        0.00
--------|----------------------------------------------------------------------------|-------|-------------|-------|-------|-------|-------|--------|-----------
         Aggregated                                                                     87400     0(0.00%) |      5       1     311      5 |  198.30        0.00

Type     Name                                                                          # reqs      # fails |    Avg     Min     Max    Med |   req/s  failures/s
--------|----------------------------------------------------------------------------|-------|-------------|-------|-------|-------|-------|--------|-----------
GET      [GET] /actuator/health                                                         12777     0(0.00%) |      5       2      63      4 |   28.60        0.00
GET      [GET] /api/soporte/election/status                                             12390     0(0.00%) |      4       1      50      4 |   29.60        0.00
GET      [GET] /api/soporte/tickets                                                     24986     0(0.00%) |      7       3     311      7 |   55.30        0.00
GET      [GET] /health                                                                  37627     0(0.00%) |      4       1      82      4 |   86.20        0.00
--------|----------------------------------------------------------------------------|-------|-------------|-------|-------|-------|-------|--------|-----------
         Aggregated                                                                     87780     0(0.00%) |      5       1     311      5 |  199.70        0.00

Type     Name                                                                          # reqs      # fails |    Avg     Min     Max    Med |   req/s  failures/s
--------|----------------------------------------------------------------------------|-------|-------------|-------|-------|-------|-------|--------|-----------
GET      [GET] /actuator/health                                                         12837     0(0.00%) |      5       2      63      4 |   28.60        0.00
GET      [GET] /api/soporte/election/status                                             12450     0(0.00%) |      4       1      50      4 |   27.50        0.00
GET      [GET] /api/soporte/tickets                                                     25099     0(0.00%) |      7       3     311      7 |   54.90        0.00
GET      [GET] /health                                                                  37802     0(0.00%) |      4       1      82      4 |   86.90        0.00
--------|----------------------------------------------------------------------------|-------|-------------|-------|-------|-------|-------|--------|-----------
         Aggregated                                                                     88188     0(0.00%) |      5       1     311      5 |  197.90        0.00

Type     Name                                                                          # reqs      # fails |    Avg     Min     Max    Med |   req/s  failures/s
--------|----------------------------------------------------------------------------|-------|-------------|-------|-------|-------|-------|--------|-----------
GET      [GET] /actuator/health                                                         12884     0(0.00%) |      5       2      63      4 |   29.50        0.00
GET      [GET] /api/soporte/election/status                                             12509     0(0.00%) |      4       1      50      4 |   26.80        0.00
GET      [GET] /api/soporte/tickets                                                     25206     0(0.00%) |      7       3     311      7 |   55.70        0.00
GET      [GET] /health                                                                  37977     0(0.00%) |      4       1      82      4 |   85.90        0.00
--------|----------------------------------------------------------------------------|-------|-------------|-------|-------|-------|-------|--------|-----------
         Aggregated                                                                     88576     0(0.00%) |      5       1     311      5 |  197.90        0.00

Type     Name                                                                          # reqs      # fails |    Avg     Min     Max    Med |   req/s  failures/s
--------|----------------------------------------------------------------------------|-------|-------------|-------|-------|-------|-------|--------|-----------
GET      [GET] /actuator/health                                                         12949     0(0.00%) |      5       2      63      4 |   29.30        0.00
GET      [GET] /api/soporte/election/status                                             12564     0(0.00%) |      4       1      50      4 |   27.50        0.00
GET      [GET] /api/soporte/tickets                                                     25317     0(0.00%) |      7       3     311      7 |   54.70        0.00
GET      [GET] /health                                                                  38142     0(0.00%) |      4       1      82      4 |   85.80        0.00
--------|----------------------------------------------------------------------------|-------|-------------|-------|-------|-------|-------|--------|-----------
         Aggregated                                                                     88972     0(0.00%) |      5       1     311      5 |  197.30        0.00

Type     Name                                                                          # reqs      # fails |    Avg     Min     Max    Med |   req/s  failures/s
--------|----------------------------------------------------------------------------|-------|-------------|-------|-------|-------|-------|--------|-----------
GET      [GET] /actuator/health                                                         13013     0(0.00%) |      5       2      63      4 |   30.20        0.00
GET      [GET] /api/soporte/election/status                                             12632     0(0.00%) |      4       1      50      4 |   27.30        0.00
GET      [GET] /api/soporte/tickets                                                     25422     0(0.00%) |      7       3     311      7 |   53.60        0.00
GET      [GET] /health                                                                  38308     0(0.00%) |      4       1      82      4 |   87.00        0.00
--------|----------------------------------------------------------------------------|-------|-------------|-------|-------|-------|-------|--------|-----------
         Aggregated                                                                     89375     0(0.00%) |      5       1     311      5 |  198.10        0.00

Type     Name                                                                          # reqs      # fails |    Avg     Min     Max    Med |   req/s  failures/s
--------|----------------------------------------------------------------------------|-------|-------------|-------|-------|-------|-------|--------|-----------
GET      [GET] /actuator/health                                                         13064     0(0.00%) |      5       2      63      4 |   29.60        0.00
GET      [GET] /api/soporte/election/status                                             12691     0(0.00%) |      4       1      50      4 |   28.00        0.00
GET      [GET] /api/soporte/tickets                                                     25538     0(0.00%) |      7       3     311      7 |   53.70        0.00
GET      [GET] /health                                                                  38472     0(0.00%) |      4       1      82      4 |   86.10        0.00
--------|----------------------------------------------------------------------------|-------|-------------|-------|-------|-------|-------|--------|-----------
         Aggregated                                                                     89765     0(0.00%) |      5       1     311      5 |  197.40        0.00

Type     Name                                                                          # reqs      # fails |    Avg     Min     Max    Med |   req/s  failures/s
--------|----------------------------------------------------------------------------|-------|-------------|-------|-------|-------|-------|--------|-----------
GET      [GET] /actuator/health                                                         13128     0(0.00%) |      5       2      63      4 |   29.50        0.00
GET      [GET] /api/soporte/election/status                                             12757     0(0.00%) |      4       1      50      4 |   29.70        0.00
GET      [GET] /api/soporte/tickets                                                     25638     0(0.00%) |      7       3     311      7 |   54.70        0.00
GET      [GET] /health                                                                  38642     0(0.00%) |      4       1      82      4 |   84.00        0.00
--------|----------------------------------------------------------------------------|-------|-------------|-------|-------|-------|-------|--------|-----------
         Aggregated                                                                     90165     0(0.00%) |      5       1     311      5 |  197.90        0.00

Type     Name                                                                          # reqs      # fails |    Avg     Min     Max    Med |   req/s  failures/s
--------|----------------------------------------------------------------------------|-------|-------------|-------|-------|-------|-------|--------|-----------
GET      [GET] /actuator/health                                                         13190     0(0.00%) |      5       2      63      4 |   28.80        0.00
GET      [GET] /api/soporte/election/status                                             12807     0(0.00%) |      4       1      50      4 |   30.80        0.00
GET      [GET] /api/soporte/tickets                                                     25753     0(0.00%) |      7       3     311      7 |   53.90        0.00
GET      [GET] /health                                                                  38803     0(0.00%) |      4       1      82      4 |   85.10        0.00
--------|----------------------------------------------------------------------------|-------|-------------|-------|-------|-------|-------|--------|-----------
         Aggregated                                                                     90553     0(0.00%) |      5       1     311      5 |  198.60        0.00

Type     Name                                                                          # reqs      # fails |    Avg     Min     Max    Med |   req/s  failures/s
--------|----------------------------------------------------------------------------|-------|-------------|-------|-------|-------|-------|--------|-----------
GET      [GET] /actuator/health                                                         13248     0(0.00%) |      5       2      63      4 |   30.80        0.00
GET      [GET] /api/soporte/election/status                                             12859     0(0.00%) |      4       1      50      4 |   30.00        0.00
GET      [GET] /api/soporte/tickets                                                     25867     0(0.00%) |      7       3     311      7 |   54.40        0.00
GET      [GET] /health                                                                  38981     0(0.00%) |      4       1      82      4 |   82.80        0.00
--------|----------------------------------------------------------------------------|-------|-------------|-------|-------|-------|-------|--------|-----------
         Aggregated                                                                     90955     0(0.00%) |      5       1     311      5 |  198.00        0.00

Type     Name                                                                          # reqs      # fails |    Avg     Min     Max    Med |   req/s  failures/s
--------|----------------------------------------------------------------------------|-------|-------------|-------|-------|-------|-------|--------|-----------
GET      [GET] /actuator/health                                                         13311     0(0.00%) |      5       2      63      4 |   29.80        0.00
GET      [GET] /api/soporte/election/status                                             12925     0(0.00%) |      4       1      50      4 |   30.40        0.00
GET      [GET] /api/soporte/tickets                                                     25981     0(0.00%) |      7       3     311      7 |   54.20        0.00
GET      [GET] /health                                                                  39149     0(0.00%) |      4       1      82      4 |   83.10        0.00
--------|----------------------------------------------------------------------------|-------|-------------|-------|-------|-------|-------|--------|-----------
         Aggregated                                                                     91366     0(0.00%) |      5       1     311      5 |  197.50        0.00

Type     Name                                                                          # reqs      # fails |    Avg     Min     Max    Med |   req/s  failures/s
--------|----------------------------------------------------------------------------|-------|-------------|-------|-------|-------|-------|--------|-----------
GET      [GET] /actuator/health                                                         13369     0(0.00%) |      5       2      63      4 |   29.50        0.00
GET      [GET] /api/soporte/election/status                                             12979     0(0.00%) |      4       1      50      4 |   29.60        0.00
GET      [GET] /api/soporte/tickets                                                     26088     0(0.00%) |      7       3     311      7 |   57.30        0.00
GET      [GET] /health                                                                  39319     0(0.00%) |      4       1      82      4 |   81.90        0.00
--------|----------------------------------------------------------------------------|-------|-------------|-------|-------|-------|-------|--------|-----------
         Aggregated                                                                     91755     0(0.00%) |      5       1     311      5 |  198.30        0.00

Type     Name                                                                          # reqs      # fails |    Avg     Min     Max    Med |   req/s  failures/s
--------|----------------------------------------------------------------------------|-------|-------------|-------|-------|-------|-------|--------|-----------
GET      [GET] /actuator/health                                                         13422     0(0.00%) |      5       2      63      4 |   29.90        0.00
GET      [GET] /api/soporte/election/status                                             13038     0(0.00%) |      4       1      50      4 |   29.30        0.00
GET      [GET] /api/soporte/tickets                                                     26197     0(0.00%) |      7       3     311      7 |   54.70        0.00
GET      [GET] /health                                                                  39491     0(0.00%) |      4       1      82      4 |   83.70        0.00
--------|----------------------------------------------------------------------------|-------|-------------|-------|-------|-------|-------|--------|-----------
         Aggregated                                                                     92148     0(0.00%) |      5       1     311      5 |  197.60        0.00

Type     Name                                                                          # reqs      # fails |    Avg     Min     Max    Med |   req/s  failures/s
--------|----------------------------------------------------------------------------|-------|-------------|-------|-------|-------|-------|--------|-----------
GET      [GET] /actuator/health                                                         13479     0(0.00%) |      5       2      63      4 |   30.40        0.00
GET      [GET] /api/soporte/election/status                                             13094     0(0.00%) |      4       1      50      4 |   27.80        0.00
GET      [GET] /api/soporte/tickets                                                     26305     0(0.00%) |      7       3     311      7 |   54.90        0.00
GET      [GET] /health                                                                  39669     0(0.00%) |      4       1      82      4 |   83.40        0.00
--------|----------------------------------------------------------------------------|-------|-------------|-------|-------|-------|-------|--------|-----------
         Aggregated                                                                     92547     0(0.00%) |      5       1     311      5 |  196.50        0.00

Type     Name                                                                          # reqs      # fails |    Avg     Min     Max    Med |   req/s  failures/s
--------|----------------------------------------------------------------------------|-------|-------------|-------|-------|-------|-------|--------|-----------
GET      [GET] /actuator/health                                                         13531     0(0.00%) |      5       2      63      4 |   28.30        0.00
GET      [GET] /api/soporte/election/status                                             13139     0(0.00%) |      4       1      50      4 |   28.00        0.00
GET      [GET] /api/soporte/tickets                                                     26430     0(0.00%) |      7       3     311      7 |   54.80        0.00
GET      [GET] /health                                                                  39837     0(0.00%) |      4       1      82      4 |   85.60        0.00
--------|----------------------------------------------------------------------------|-------|-------------|-------|-------|-------|-------|--------|-----------
         Aggregated                                                                     92937     0(0.00%) |      5       1     311      5 |  196.70        0.00

Type     Name                                                                          # reqs      # fails |    Avg     Min     Max    Med |   req/s  failures/s
--------|----------------------------------------------------------------------------|-------|-------------|-------|-------|-------|-------|--------|-----------
GET      [GET] /actuator/health                                                         13577     0(0.00%) |      5       2      63      4 |   27.80        0.00
GET      [GET] /api/soporte/election/status                                             13191     0(0.00%) |      4       1      50      4 |   27.40        0.00
GET      [GET] /api/soporte/tickets                                                     26543     0(0.00%) |      7       3     311      7 |   56.70        0.00
GET      [GET] /health                                                                  40026     0(0.00%) |      4       1      82      4 |   84.80        0.00
--------|----------------------------------------------------------------------------|-------|-------------|-------|-------|-------|-------|--------|-----------
         Aggregated                                                                     93337     0(0.00%) |      5       1     311      5 |  196.70        0.00

Type     Name                                                                          # reqs      # fails |    Avg     Min     Max    Med |   req/s  failures/s
--------|----------------------------------------------------------------------------|-------|-------------|-------|-------|-------|-------|--------|-----------
GET      [GET] /actuator/health                                                         13641     0(0.00%) |      5       2      63      4 |   27.30        0.00
GET      [GET] /api/soporte/election/status                                             13243     0(0.00%) |      4       1      50      4 |   27.10        0.00
GET      [GET] /api/soporte/tickets                                                     26655     0(0.00%) |      7       3     311      7 |   54.50        0.00
GET      [GET] /health                                                                  40195     0(0.00%) |      4       1      82      4 |   88.10        0.00
--------|----------------------------------------------------------------------------|-------|-------------|-------|-------|-------|-------|--------|-----------
         Aggregated                                                                     93734     0(0.00%) |      5       1     311      5 |  197.00        0.00

Type     Name                                                                          # reqs      # fails |    Avg     Min     Max    Med |   req/s  failures/s
--------|----------------------------------------------------------------------------|-------|-------------|-------|-------|-------|-------|--------|-----------
GET      [GET] /actuator/health                                                         13700     0(0.00%) |      5       2      63      4 |   27.00        0.00
GET      [GET] /api/soporte/election/status                                             13303     0(0.00%) |      4       1      50      4 |   25.70        0.00
GET      [GET] /api/soporte/tickets                                                     26761     0(0.00%) |      7       3     311      7 |   56.70        0.00
GET      [GET] /health                                                                  40374     0(0.00%) |      4       1      82      4 |   87.80        0.00
--------|----------------------------------------------------------------------------|-------|-------------|-------|-------|-------|-------|--------|-----------
         Aggregated                                                                     94138     0(0.00%) |      5       1     311      5 |  197.20        0.00

Type     Name                                                                          # reqs      # fails |    Avg     Min     Max    Med |   req/s  failures/s
--------|----------------------------------------------------------------------------|-------|-------------|-------|-------|-------|-------|--------|-----------
GET      [GET] /actuator/health                                                         13759     0(0.00%) |      5       2      63      4 |   26.80        0.00
GET      [GET] /api/soporte/election/status                                             13355     0(0.00%) |      4       1      50      4 |   27.40        0.00
GET      [GET] /api/soporte/tickets                                                     26876     0(0.00%) |      7       3     311      7 |   57.70        0.00
GET      [GET] /health                                                                  40550     0(0.00%) |      4       1      82      4 |   88.00        0.00
--------|----------------------------------------------------------------------------|-------|-------------|-------|-------|-------|-------|--------|-----------
         Aggregated                                                                     94540     0(0.00%) |      5       1     311      5 |  199.90        0.00

Type     Name                                                                          # reqs      # fails |    Avg     Min     Max    Med |   req/s  failures/s
--------|----------------------------------------------------------------------------|-------|-------------|-------|-------|-------|-------|--------|-----------
GET      [GET] /actuator/health                                                         13814     0(0.00%) |      5       2      63      4 |   28.30        0.00
GET      [GET] /api/soporte/election/status                                             13412     0(0.00%) |      4       1      50      4 |   26.10        0.00
GET      [GET] /api/soporte/tickets                                                     27007     0(0.00%) |      7       3     311      7 |   56.10        0.00
GET      [GET] /health                                                                  40695     0(0.00%) |      4       1      82      4 |   88.30        0.00
--------|----------------------------------------------------------------------------|-------|-------------|-------|-------|-------|-------|--------|-----------
         Aggregated                                                                     94928     0(0.00%) |      5       1     311      5 |  198.80        0.00

Type     Name                                                                          # reqs      # fails |    Avg     Min     Max    Med |   req/s  failures/s
--------|----------------------------------------------------------------------------|-------|-------------|-------|-------|-------|-------|--------|-----------
GET      [GET] /actuator/health                                                         13864     0(0.00%) |      5       2      63      4 |   28.30        0.00
GET      [GET] /api/soporte/election/status                                             13472     0(0.00%) |      4       1      50      4 |   26.90        0.00
GET      [GET] /api/soporte/tickets                                                     27129     0(0.00%) |      7       3     311      7 |   56.70        0.00
GET      [GET] /health                                                                  40865     0(0.00%) |      4       1      82      4 |   87.30        0.00
--------|----------------------------------------------------------------------------|-------|-------------|-------|-------|-------|-------|--------|-----------
         Aggregated                                                                     95330     0(0.00%) |      5       1     311      5 |  199.20        0.00

Type     Name                                                                          # reqs      # fails |    Avg     Min     Max    Med |   req/s  failures/s
--------|----------------------------------------------------------------------------|-------|-------------|-------|-------|-------|-------|--------|-----------
GET      [GET] /actuator/health                                                         13925     0(0.00%) |      5       2      63      4 |   28.60        0.00
GET      [GET] /api/soporte/election/status                                             13527     0(0.00%) |      4       1      50      4 |   28.00        0.00
GET      [GET] /api/soporte/tickets                                                     27237     0(0.00%) |      7       3     311      7 |   58.50        0.00
GET      [GET] /health                                                                  41044     0(0.00%) |      4       1      82      4 |   83.50        0.00
--------|----------------------------------------------------------------------------|-------|-------------|-------|-------|-------|-------|--------|-----------
         Aggregated                                                                     95733     0(0.00%) |      5       1     311      5 |  198.60        0.00

Type     Name                                                                          # reqs      # fails |    Avg     Min     Max    Med |   req/s  failures/s
--------|----------------------------------------------------------------------------|-------|-------------|-------|-------|-------|-------|--------|-----------
GET      [GET] /actuator/health                                                         14001     0(0.00%) |      5       2      63      4 |   28.10        0.00
GET      [GET] /api/soporte/election/status                                             13578     0(0.00%) |      4       1      50      4 |   28.40        0.00
GET      [GET] /api/soporte/tickets                                                     27347     0(0.00%) |      7       3     311      7 |   57.80        0.00
GET      [GET] /health                                                                  41201     0(0.00%) |      4       1      82      4 |   84.60        0.00
--------|----------------------------------------------------------------------------|-------|-------------|-------|-------|-------|-------|--------|-----------
         Aggregated                                                                     96127     0(0.00%) |      5       1     311      5 |  198.90        0.00

Type     Name                                                                          # reqs      # fails |    Avg     Min     Max    Med |   req/s  failures/s
--------|----------------------------------------------------------------------------|-------|-------------|-------|-------|-------|-------|--------|-----------
GET      [GET] /actuator/health                                                         14055     0(0.00%) |      5       2      63      4 |   29.90        0.00
GET      [GET] /api/soporte/election/status                                             13630     0(0.00%) |      4       1      50      4 |   27.40        0.00
GET      [GET] /api/soporte/tickets                                                     27454     0(0.00%) |      7       3     311      7 |   58.60        0.00
GET      [GET] /health                                                                  41391     0(0.00%) |      4       1      82      4 |   82.70        0.00
--------|----------------------------------------------------------------------------|-------|-------------|-------|-------|-------|-------|--------|-----------
         Aggregated                                                                     96530     0(0.00%) |      5       1     311      5 |  198.60        0.00

Type     Name                                                                          # reqs      # fails |    Avg     Min     Max    Med |   req/s  failures/s
--------|----------------------------------------------------------------------------|-------|-------------|-------|-------|-------|-------|--------|-----------
GET      [GET] /actuator/health                                                         14111     0(0.00%) |      5       2      63      4 |   29.60        0.00
GET      [GET] /api/soporte/election/status                                             13674     0(0.00%) |      4       1      50      4 |   27.20        0.00
GET      [GET] /api/soporte/tickets                                                     27564     0(0.00%) |      7       3     311      7 |   57.80        0.00
GET      [GET] /health                                                                  41577     0(0.00%) |      4       1      82      4 |   84.10        0.00
--------|----------------------------------------------------------------------------|-------|-------------|-------|-------|-------|-------|--------|-----------
         Aggregated                                                                     96926     0(0.00%) |      5       1     311      5 |  198.70        0.00

Type     Name                                                                          # reqs      # fails |    Avg     Min     Max    Med |   req/s  failures/s
--------|----------------------------------------------------------------------------|-------|-------------|-------|-------|-------|-------|--------|-----------
GET      [GET] /actuator/health                                                         14165     0(0.00%) |      5       2      63      4 |   29.70        0.00
GET      [GET] /api/soporte/election/status                                             13736     0(0.00%) |      4       1      50      4 |   26.00        0.00
GET      [GET] /api/soporte/tickets                                                     27675     0(0.00%) |      7       3     311      7 |   55.60        0.00
GET      [GET] /health                                                                  41751     0(0.00%) |      4       1      82      4 |   87.90        0.00
--------|----------------------------------------------------------------------------|-------|-------------|-------|-------|-------|-------|--------|-----------
         Aggregated                                                                     97327     0(0.00%) |      5       1     311      5 |  199.20        0.00

Type     Name                                                                          # reqs      # fails |    Avg     Min     Max    Med |   req/s  failures/s
--------|----------------------------------------------------------------------------|-------|-------------|-------|-------|-------|-------|--------|-----------
GET      [GET] /actuator/health                                                         14208     0(0.00%) |      5       2      63      4 |   30.10        0.00
GET      [GET] /api/soporte/election/status                                             13794     0(0.00%) |      4       1      50      4 |   26.30        0.00
GET      [GET] /api/soporte/tickets                                                     27797     0(0.00%) |      7       3     311      7 |   54.50        0.00
GET      [GET] /health                                                                  41925     0(0.00%) |      4       1      82      4 |   88.50        0.00
--------|----------------------------------------------------------------------------|-------|-------------|-------|-------|-------|-------|--------|-----------
         Aggregated                                                                     97724     0(0.00%) |      5       1     311      5 |  199.40        0.00

Type     Name                                                                          # reqs      # fails |    Avg     Min     Max    Med |   req/s  failures/s
--------|----------------------------------------------------------------------------|-------|-------------|-------|-------|-------|-------|--------|-----------
GET      [GET] /actuator/health                                                         14268     0(0.00%) |      5       2      63      4 |   28.20        0.00
GET      [GET] /api/soporte/election/status                                             13856     0(0.00%) |      4       1      50      4 |   26.60        0.00
GET      [GET] /api/soporte/tickets                                                     27912     0(0.00%) |      7       3     311      7 |   56.10        0.00
GET      [GET] /health                                                                  42090     0(0.00%) |      4       1      82      4 |   87.80        0.00
--------|----------------------------------------------------------------------------|-------|-------------|-------|-------|-------|-------|--------|-----------
         Aggregated                                                                     98126     0(0.00%) |      5       1     311      5 |  198.70        0.00

Type     Name                                                                          # reqs      # fails |    Avg     Min     Max    Med |   req/s  failures/s
--------|----------------------------------------------------------------------------|-------|-------------|-------|-------|-------|-------|--------|-----------
GET      [GET] /actuator/health                                                         14328     0(0.00%) |      5       2      63      4 |   26.60        0.00
GET      [GET] /api/soporte/election/status                                             13910     0(0.00%) |      4       1      50      4 |   27.60        0.00
GET      [GET] /api/soporte/tickets                                                     28023     0(0.00%) |      7       3     311      7 |   56.40        0.00
GET      [GET] /health                                                                  42259     0(0.00%) |      4       1      82      4 |   88.50        0.00
--------|----------------------------------------------------------------------------|-------|-------------|-------|-------|-------|-------|--------|-----------
         Aggregated                                                                     98520     0(0.00%) |      5       1     311      5 |  199.10        0.00

[2026-09-22 09:07:21,960] DESKTOP-2G72T6F/INFO/locust.main: --run-time limit reached, shutting down
[2026-09-22 09:07:22,257] DESKTOP-2G72T6F/INFO/locust.main: Shutting down (exit code 0)
Type     Name                                                                          # reqs      # fails |    Avg     Min     Max    Med |   req/s  failures/s
--------|----------------------------------------------------------------------------|-------|-------------|-------|-------|-------|-------|--------|-----------
GET      [GET] /actuator/health                                                         14359     0(0.00%) |      5       2     248      4 |   23.98        0.00
GET      [GET] /api/soporte/election/status                                             13938     0(0.00%) |      4       1      50      4 |   23.27        0.00
GET      [GET] /api/soporte/tickets                                                     28083     0(0.00%) |      7       3     311      7 |   46.89        0.00
GET      [GET] /health                                                                  42325     0(0.00%) |      4       1     245      4 |   70.68        0.00
--------|----------------------------------------------------------------------------|-------|-------------|-------|-------|-------|-------|--------|-----------
         Aggregated                                                                     98705     0(0.00%) |      5       1     311      5 |  164.82        0.00

Response time percentiles (approximated)
Type     Name                                                                                  50%    66%    75%    80%    90%    95%    98%    99%  99.9% 99.99%   100% # reqs
--------|--------------------------------------------------------------------------------|--------|------|------|------|------|------|------|------|------|------|------|------
GET      [GET] /actuator/health                                                                  4      5      6      7      8      9     11     13     31     63    250  14359
GET      [GET] /api/soporte/election/status                                                      4      5      6      6      8      9     11     13     40     50     51  13938
GET      [GET] /api/soporte/tickets                                                              7      7      8      9     11     12     16     19     38    250    310  28083
GET      [GET] /health                                                                           4      5      5      6      7      9     11     13     32     55    250  42325
--------|--------------------------------------------------------------------------------|--------|------|------|------|------|------|------|------|------|------|------|------
         Aggregated                                                                              5      6      7      7      9     10     13     15     35     63    310  98705

