Timestamp,User Count,Type,Name,Requests/s,Failures/s,50%,66%,75%,80%,90%,95%,98%,99%,99.9%,99.99%,100%,Total Request Count,Total Failure Count,Total Median Response Time,Total Average Response Time,Total Min Response Time,Total Max Response Time,Total Average Content Size

1790085443,0,,Aggregated,0.000000,0.000000,N/A,N/A,N/A,N/A,N/A,N/A,N/A,N/A,N/A,N/A,N/A,0,0,0,0.0,0,0,0

1790085444,1,GET,[GET] /health,0.000000,0.000000,0,0,0,0,0,0,0,0,0,0,0,1,0,19.857000006595626,19.857000006595626,19.857000006595626,19.857000006595626,84.0

1790085444,1,,Aggregated,0.000000,0.000000,0,0,0,0,0,0,0,0,0,0,0,1,0,19.857000006595626,19.857000006595626,19.857000006595626,19.857000006595626,84.0

1790085445,3,GET,[GET] /actuator/health,0.000000,0.000000,0,0,0,0,0,0,0,0,0,0,0,1,0,5.864300008397549,5.864300008397549,5.864300008397549,5.864300008397549,49.0

1790085445,3,GET,[GET] /health,0.000000,0.000000,8,8,8,8,8,8,8,8,8,8,8,2,0,8,13.854300006642006,7.851600006688386,19.857000006595626,84.0

1790085445,3,,Aggregated,0.000000,0.000000,8,8,8,8,8,8,8,8,8,8,8,3,0,8,11.190966673893854,5.864300008397549,19.857000006595626,72.33333333333333

1790085446,4,GET,[GET] /actuator/health,0.000000,0.000000,8,8,8,8,8,8,8,8,8,8,8,2,0,6,6.906750008056406,5.864300008397549,7.9492000077152625,49.0

1790085446,4,GET,[GET] /api/soporte/tickets,0.000000,0.000000,0,0,0,0,0,0,0,0,0,0,0,2,0,6,6.325449998257682,5.6438000028720126,7.007099993643351,84651.0

1790085446,4,GET,[GET] /health,1.000000,0.000000,7,7,8,8,8,8,8,8,8,8,8,4,0,7,9.429525001905859,3.311099993879907,19.857000006595626,84.0

1790085446,4,,Aggregated,1.000000,0.000000,7,7,8,8,8,8,8,8,8,8,8,8,0,7,8.022812502531451,3.311099993879907,19.857000006595626,21217.0

1790085447,5,GET,[GET] /actuator/health,0.500000,0.000000,8,8,8,8,8,8,8,8,8,8,8,2,0,6,6.906750008056406,5.864300008397549,7.9492000077152625,49.0

1790085447,5,GET,[GET] /api/soporte/tickets,0.000000,0.000000,7,7,7,7,7,7,7,7,7,7,7,3,0,7,6.444099999498576,5.6438000028720126,7.007099993643351,84651.0

1790085447,5,GET,[GET] /health,1.000000,0.000000,3,7,7,8,8,8,8,8,8,8,8,6,0,3,7.298016668452571,2.9808999970555305,19.857000006595626,84.0

1790085447,5,,Aggregated,1.500000,0.000000,7,7,7,8,8,8,8,8,8,8,8,11,0,7,6.993990911393087,2.9808999970555305,19.857000006595626,23141.363636363636

1790085448,6,GET,[GET] /actuator/health,0.666667,0.000000,8,8,8,8,8,8,8,8,8,8,8,2,0,6,6.906750008056406,5.864300008397549,7.9492000077152625,49.0

1790085448,6,GET,[GET] /api/soporte/election/status,0.000000,0.000000,0,0,0,0,0,0,0,0,0,0,0,1,0,3.100600006291643,3.100600006291643,3.100600006291643,3.100600006291643,78.0

1790085448,6,GET,[GET] /api/soporte/tickets,0.333333,0.000000,7,7,7,7,7,7,7,7,7,7,7,5,0,6,6.034880003426224,5.204700006288476,7.007099993643351,84651.0

1790085448,6,GET,[GET] /health,1.000000,0.000000,3,7,7,7,8,8,8,8,8,8,8,8,0,3,6.739475002177642,2.9808999970555305,19.857000006595626,84.0

1790085448,6,,Aggregated,2.000000,0.000000,6,7,7,7,8,8,8,8,8,8,8,16,0,6,6.312768753559794,2.9808999970555305,19.857000006595626,26506.4375

1790085449,7,GET,[GET] /actuator/health,0.500000,0.000000,8,8,9,9,9,9,9,9,9,9,9,5,0,6,6.397620003554039,4.2384999978821725,8.97860000259243,49.0

1790085449,7,GET,[GET] /api/soporte/election/status,0.000000,0.000000,3,3,3,3,3,3,3,3,3,3,3,1,0,3.100600006291643,3.100600006291643,3.100600006291643,3.100600006291643,78.0

1790085449,7,GET,[GET] /api/soporte/tickets,0.750000,0.000000,6,6,7,7,7,7,7,7,7,7,7,7,0,6,6.0003142862115055,5.204700006288476,7.007099993643351,84651.0

1790085449,7,GET,[GET] /health,1.250000,0.000000,4,7,7,7,7,8,8,8,8,8,8,12,0,4,6.010575002922754,2.5067000096896663,19.857000006595626,84.0

1790085449,7,,Aggregated,2.500000,0.000000,6,6,7,7,8,8,9,9,9,9,9,25,0,6,5.968712002504617,2.5067000096896663,19.857000006595626,23755.52

1790085450,8,GET,[GET] /actuator/health,0.400000,0.000000,8,8,9,9,9,9,9,9,9,9,9,5,0,6,6.397620003554039,4.2384999978821725,8.97860000259243,49.0

1790085450,8,GET,[GET] /api/soporte/election/status,0.200000,0.000000,3,3,3,3,3,3,3,3,3,3,3,1,0,3.100600006291643,3.100600006291643,3.100600006291643,3.100600006291643,78.0

1790085450,8,GET,[GET] /api/soporte/tickets,1.000000,0.000000,7,7,7,8,13,13,13,13,13,13,13,11,0,6,6.9831999995089555,5.204700006288476,13.414899993222207,84651.0

1790085450,8,GET,[GET] /health,1.400000,0.000000,4,5,7,7,7,8,8,8,8,8,8,14,0,4,5.772807144759489,2.5067000096896663,19.857000006595626,84.0

1790085450,8,,Aggregated,3.000000,0.000000,6,7,7,7,8,9,13,13,13,13,13,31,0,6,6.216877420815909,2.5067000096896663,19.857000006595626,30085.8064516129

1790085451,9,GET,[GET] /actuator/health,0.666667,0.000000,8,8,8,9,9,9,9,9,9,9,9,6,0,6,6.6423833365358105,4.2384999978821725,8.97860000259243,49.0

1790085451,9,GET,[GET] /api/soporte/election/status,0.166667,0.000000,4,4,4,4,4,4,4,4,4,4,4,2,0,3.100600006291643,3.463550005108118,3.100600006291643,3.8265000039245933,78.0

1790085451,9,GET,[GET] /api/soporte/tickets,1.000000,0.000000,6,7,7,7,8,13,13,13,13,13,13,12,0,6,6.884458332933718,5.204700006288476,13.414899993222207,84651.0

1790085451,9,GET,[GET] /health,1.666667,0.000000,4,4,5,7,7,8,8,8,8,8,8,19,0,4,5.2771684231150795,2.5067000096896663,19.857000006595626,84.0

1790085451,9,,Aggregated,3.500000,0.000000,6,6,7,7,8,9,13,13,13,13,13,39,0,6,5.888746155482622,2.5067000096896663,19.857000006595626,26098.923076923078

1790085452,10,GET,[GET] /actuator/health,0.714286,0.000000,8,8,8,9,9,9,9,9,9,9,9,6,0,6,6.6423833365358105,4.2384999978821725,8.97860000259243,49.0

1790085452,10,GET,[GET] /api/soporte/election/status,0.142857,0.000000,4,5,5,5,5,5,5,5,5,5,5,5,0,4,4.008960002101958,3.100600006291643,4.769000006490387,78.0

1790085452,10,GET,[GET] /api/soporte/tickets,1.285714,0.000000,7,7,7,7,8,13,13,13,13,13,13,16,0,7,6.8170624999766005,5.204700006288476,13.414899993222207,84651.0

1790085452,10,GET,[GET] /health,1.857143,0.000000,4,4,5,7,7,7,8,8,8,8,8,22,0,4,5.191609093427277,2.5067000096896663,19.857000006595626,84.0

1790085452,10,,Aggregated,4.000000,0.000000,6,7,7,7,8,8,13,13,13,13,13,49,0,6,5.779336736423477,2.5067000096896663,19.857000006595626,27692.816326530614

1790085453,11,GET,[GET] /actuator/health,0.625000,0.000000,8,8,8,8,9,9,9,9,9,9,9,8,0,7,6.810550003137905,4.2384999978821725,8.97860000259243,49.0

1790085453,11,GET,[GET] /api/soporte/election/status,0.250000,0.000000,4,4,5,5,5,5,5,5,5,5,5,6,0,4,3.933366669419532,3.100600006291643,4.769000006490387,78.0

1790085453,11,GET,[GET] /api/soporte/tickets,1.500000,0.000000,7,7,7,8,11,13,13,13,13,13,13,19,0,7,7.069994736842713,5.204700006288476,13.414899993222207,84651.0

1790085453,11,GET,[GET] /health,2.000000,0.000000,4,4,5,7,7,7,8,8,8,8,8,25,0,4,5.086692002369091,2.5067000096896663,19.857000006595626,84.0

1790085453,11,,Aggregated,4.375000,0.000000,6,7,7,7,8,9,11,13,13,13,13,58,0,6,5.854858622428607,2.5067000096896663,19.857000006595626,27781.53448275862

1790085454,12,GET,[GET] /actuator/health,0.666667,0.000000,7,8,8,8,9,9,9,9,9,9,9,10,0,6,6.163190002553165,3.4648000000743195,8.97860000259243,49.0

1790085454,12,GET,[GET] /api/soporte/election/status,0.444444,0.000000,4,4,5,5,5,5,5,5,5,5,5,6,0,4,3.933366669419532,3.100600006291643,4.769000006490387,78.0

1790085454,12,GET,[GET] /api/soporte/tickets,1.777778,0.000000,7,7,7,7,9,11,13,13,13,13,13,24,0,7,6.931825000719982,5.204700006288476,13.414899993222207,84651.0

1790085454,12,GET,[GET] /health,2.222222,0.000000,4,4,5,5,7,7,7,7,7,7,7,31,0,4,4.903541937951119,2.3753000132273883,19.857000006595626,84.0

1790085454,12,,Aggregated,5.111111,0.000000,5,7,7,7,8,9,11,13,13,13,13,71,0,6,5.684587325856523,2.3753000132273883,19.857000006595626,28664.591549295776

1790085455,13,GET,[GET] /actuator/health,0.700000,0.000000,7,8,8,8,9,9,9,9,9,9,9,11,0,6,6.003709093254821,3.4648000000743195,8.97860000259243,49.0

1790085455,13,GET,[GET] /api/soporte/election/status,0.500000,0.000000,4,4,5,5,5,5,5,5,5,5,5,6,0,4,3.933366669419532,3.100600006291643,4.769000006490387,78.0

1790085455,13,GET,[GET] /api/soporte/tickets,1.700000,0.000000,7,7,7,7,9,11,13,13,13,13,13,26,0,7,6.886411539408773,5.204700006288476,13.414899993222207,84651.0

1790085455,13,GET,[GET] /health,2.400000,0.000000,4,4,5,5,7,7,7,7,7,7,7,41,0,4,4.73594878198261,2.3753000132273883,19.857000006595626,84.0

1790085455,13,,Aggregated,5.300000,0.000000,5,6,7,7,7,9,11,13,13,13,13,84,0,5,5.510257144383753,2.3753000132273883,19.857000006595626,26254.488095238095

1790085456,14,GET,[GET] /actuator/health,0.900000,0.000000,5,8,8,8,9,9,9,9,9,9,9,13,0,6,6.197992310402556,3.4648000000743195,9.320700002717786,49.0

1790085456,14,GET,[GET] /api/soporte/election/status,0.600000,0.000000,4,4,5,5,5,5,5,5,5,5,5,6,0,4,3.933366669419532,3.100600006291643,4.769000006490387,78.0

1790085456,14,GET,[GET] /api/soporte/tickets,2.100000,0.000000,7,7,7,8,9,11,13,13,13,13,13,30,0,7,6.95139000066168,5.204700006288476,13.414899993222207,84651.0

1790085456,14,GET,[GET] /health,2.700000,0.000000,4,4,5,5,7,7,7,7,7,7,7,48,0,4,4.595079167908504,2.29060000856407,19.857000006595626,84.0

1790085456,14,,Aggregated,6.300000,0.000000,5,6,7,7,8,9,11,13,13,13,13,97,0,5,5.497727836404216,2.29060000856407,19.857000006595626,26233.680412371134

1790085457,15,GET,[GET] /actuator/health,1.000000,0.000000,5,7,8,8,9,9,9,9,9,9,9,14,0,5,6.134464288022302,3.4648000000743195,9.320700002717786,49.0

1790085457,15,GET,[GET] /api/soporte/election/status,0.600000,0.000000,4,4,5,5,5,5,5,5,5,5,5,7,0,4,3.9434142880574137,3.100600006291643,4.769000006490387,78.0

1790085457,15,GET,[GET] /api/soporte/tickets,2.500000,0.000000,7,7,7,8,11,11,13,13,13,13,13,34,0,7,7.045873529825578,5.204700006288476,13.414899993222207,84651.0

1790085457,15,GET,[GET] /health,3.100000,0.000000,4,4,5,5,6,7,7,7,7,7,7,55,0,4,4.549641819109886,2.29060000856407,19.857000006595626,84.0

1790085457,15,,Aggregated,7.200000,0.000000,5,6,7,7,8,9,11,13,13,13,13,110,0,5,5.484330910125705,2.29060000856407,19.857000006595626,26218.054545454546

1790085458,16,GET,[GET] /actuator/health,1.000000,0.000000,5,7,8,8,8,9,9,9,9,9,9,15,0,5,5.961840002176662,3.4648000000743195,9.320700002717786,49.0

1790085458,16,GET,[GET] /api/soporte/election/status,0.600000,0.000000,4,4,4,5,5,5,5,5,5,5,5,9,0,4,3.9900222246716215,3.100600006291643,4.769000006490387,78.0

1790085458,16,GET,[GET] /api/soporte/tickets,2.500000,0.000000,7,7,8,9,11,13,13,13,13,13,13,40,0,7,7.264835000023595,4.9273000040557235,13.414899993222207,84651.0

1790085458,16,GET,[GET] /health,3.900000,0.000000,4,4,4,5,6,7,7,38,38,38,38,62,0,4,4.975137098001376,2.29060000856407,38.40190000482835,84.0

1790085458,16,,Aggregated,8.000000,0.000000,5,6,7,7,8,11,13,13,38,38,38,126,0,5,5.749124604220029,2.29060000856407,38.40190000482835,26926.071428571428

1790085459,17,GET,[GET] /actuator/health,1.200000,0.000000,5,5,7,8,8,9,9,9,9,9,9,19,0,5,5.707089474430847,3.4648000000743195,9.320700002717786,49.0

1790085459,17,GET,[GET] /api/soporte/election/status,0.700000,0.000000,4,5,5,5,5,5,5,5,5,5,5,12,0,4,4.14259166791453,3.100600006291643,4.769000006490387,78.0

1790085459,17,GET,[GET] /api/soporte/tickets,2.900000,0.000000,7,7,9,9,11,13,13,13,13,13,13,48,0,7,7.232183333447513,4.9273000040557235,13.414899993222207,84651.0

1790085459,17,GET,[GET] /health,4.400000,0.000000,4,4,4,5,6,7,7,38,38,38,38,67,0,4,4.89117910563355,2.29060000856407,38.40190000482835,84.0

1790085459,17,,Aggregated,9.200000,0.000000,5,6,7,7,9,11,13,13,38,38,38,146,0,5,5.7054767130965,2.29060000856407,38.40190000482835,27881.801369863013

1790085460,18,GET,[GET] /actuator/health,1.200000,0.000000,5,5,7,7,8,9,9,9,9,9,9,21,0,5,5.6140380960035445,3.4648000000743195,9.320700002717786,49.0

1790085460,18,GET,[GET] /api/soporte/election/status,0.700000,0.000000,4,5,5,5,5,5,5,5,5,5,5,15,0,4,4.185579999466427,3.100600006291643,5.058099995949306,78.0

1790085460,18,GET,[GET] /api/soporte/tickets,3.100000,0.000000,7,7,9,9,11,13,13,13,13,13,13,51,0,7,7.338168627956845,4.9273000040557235,13.414899993222207,84651.0

1790085460,18,GET,[GET] /health,5.000000,0.000000,4,4,4,4,5,7,7,38,38,38,38,77,0,4,4.7142987030667145,2.2769000061089173,38.40190000482835,84.0

1790085460,18,,Aggregated,10.000000,0.000000,5,6,7,7,8,10,13,13,38,38,38,164,0,5,5.597110366890287,2.2769000061089173,38.40190000482835,26377.243902439026

1790085461,19,GET,[GET] /actuator/health,1.200000,0.000000,5,5,5,5,8,9,9,9,9,9,9,23,0,5,5.544365218552032,3.4648000000743195,9.320700002717786,49.0

1790085461,19,GET,[GET] /api/soporte/election/status,1.000000,0.000000,4,5,5,5,5,5,5,5,5,5,5,16,0,4,4.085056250005437,2.5772000080905855,5.058099995949306,78.0

1790085461,19,GET,[GET] /api/soporte/tickets,3.800000,0.000000,7,8,9,9,11,13,26,26,26,26,26,59,0,7,7.655022034206491,4.9273000040557235,26.136899992707185,84651.0

1790085461,19,GET,[GET] /health,5.400000,0.000000,4,4,4,5,5,7,7,38,38,38,38,82,0,4,4.687403660216482,2.2769000061089173,38.40190000482835,84.0

1790085461,19,,Aggregated,11.400000,0.000000,5,6,7,7,9,11,13,26,38,38,38,180,0,5,5.716081667681768,2.2769000061089173,38.40190000482835,27798.17777777778

1790085462,20,GET,[GET] /actuator/health,1.500000,0.000000,5,5,5,5,8,9,9,9,9,9,9,24,0,5,5.487504167831503,3.4648000000743195,9.320700002717786,49.0

1790085462,20,GET,[GET] /api/soporte/election/status,1.200000,0.000000,4,4,5,5,5,5,5,5,5,5,5,18,0,4,4.095611111551989,2.5772000080905855,5.058099995949306,78.0

1790085462,20,GET,[GET] /api/soporte/tickets,4.000000,0.000000,7,7,8,9,11,13,13,26,26,26,26,70,0,7,7.55606999986672,4.9273000040557235,26.136899992707185,84651.0

1790085462,20,GET,[GET] /health,5.800000,0.000000,4,4,4,4,5,7,7,38,38,38,38,91,0,4,4.598097803594371,2.2769000061089173,38.40190000482835,84.0

1790085462,20,,Aggregated,12.500000,0.000000,5,6,7,7,9,10,13,26,38,38,38,203,0,5,5.678684237210098,2.2769000061089173,38.40190000482835,29240.364532019703

1790085463,21,GET,[GET] /actuator/health,1.800000,0.000000,5,5,5,5,6,9,9,9,9,9,9,28,0,5,5.374064285985826,3.4648000000743195,9.320700002717786,49.0

1790085463,21,GET,[GET] /api/soporte/election/status,1.300000,0.000000,4,5,5,5,6,8,8,8,8,8,8,23,0,4,4.348613045294769,2.5772000080905855,7.572600006824359,78.0

1790085463,21,GET,[GET] /api/soporte/tickets,4.100000,0.000000,7,7,8,9,11,13,13,26,26,26,26,73,0,7,7.49263972600552,4.9273000040557235,26.136899992707185,84651.0

1790085463,21,GET,[GET] /health,6.300000,0.000000,4,4,4,5,5,7,7,38,38,38,38,99,0,4,4.553941415529933,2.2769000061089173,38.40190000482835,84.0

1790085463,21,,Aggregated,13.500000,0.000000,5,6,6,7,8,10,13,26,38,38,38,223,0,5,5.597734529978696,2.2769000061089173,38.40190000482835,27762.354260089687

1790085464,22,GET,[GET] /actuator/health,1.800000,0.000000,5,5,5,5,6,6,9,9,9,9,9,33,0,5,5.221406060489684,3.435199992964044,9.320700002717786,49.0

1790085464,22,GET,[GET] /api/soporte/election/status,1.200000,0.000000,4,5,5,5,6,8,8,8,8,8,8,24,0,4,4.3182250016495045,2.5772000080905855,7.572600006824359,78.0

1790085464,22,GET,[GET] /api/soporte/tickets,4.500000,0.000000,7,8,8,9,11,13,13,26,26,26,26,77,0,7,7.449157142939119,4.9273000040557235,26.136899992707185,84651.0

1790085464,22,GET,[GET] /health,6.600000,0.000000,4,4,4,4,5,7,9,38,38,38,38,111,0,4,4.486609010266031,2.2769000061089173,38.40190000482835,84.0

1790085464,22,,Aggregated,14.100000,0.000000,5,6,6,7,8,9,13,26,38,38,38,245,0,5,5.500173470128936,2.2769000061089173,38.40190000482835,26656.897959183672

1790085465,23,GET,[GET] /actuator/health,1.800000,0.000000,5,5,5,5,6,8,9,9,9,9,9,37,0,5,5.17237297301747,2.9756000003544614,9.320700002717786,49.0

1790085465,23,GET,[GET] /api/soporte/election/status,1.500000,0.000000,4,5,5,5,6,8,8,8,8,8,8,26,0,4,4.27797692436098,2.5772000080905855,7.572600006824359,78.0

1790085465,23,GET,[GET] /api/soporte/tickets,5.400000,0.000000,7,7,8,9,11,13,13,26,26,26,26,85,0,7,7.350978823652601,4.9273000040557235,26.136899992707185,84651.0

1790085465,23,GET,[GET] /health,6.900000,0.000000,4,4,4,4,5,6,9,38,38,38,38,121,0,4,4.403528100272164,2.2769000061089173,38.40190000482835,84.0

1790085465,23,,Aggregated,15.600000,0.000000,5,6,6,7,8,9,13,26,38,38,38,269,0,5,5.428495539696783,2.2769000061089173,38.40190000482835,26800.520446096656

1790085466,24,GET,[GET] /actuator/health,2.200000,0.000000,5,5,5,5,6,8,9,9,9,9,9,40,0,5,5.124944999624859,2.9756000003544614,9.320700002717786,49.0

1790085466,24,GET,[GET] /api/soporte/election/status,1.700000,0.000000,4,5,5,5,5,6,8,8,8,8,8,29,0,4,4.246875863514263,2.5772000080905855,7.572600006824359,78.0

1790085466,24,GET,[GET] /api/soporte/tickets,5.300000,0.000000,7,7,8,8,11,13,13,26,26,26,26,89,0,7,7.2671494384890085,4.848399999900721,26.136899992707185,84651.0

1790085466,24,GET,[GET] /health,7.500000,0.000000,4,4,4,4,5,6,9,38,38,38,38,131,0,4,4.381666413063134,2.2769000061089173,38.40190000482835,84.0

1790085466,24,,Aggregated,16.700000,0.000000,4,5,6,6,8,9,13,26,38,38,38,289,0,5,5.359625606102769,2.2769000061089173,38.40190000482835,26121.67820069204

1790085467,25,GET,[GET] /actuator/health,2.400000,0.000000,4,5,5,5,6,6,8,8,8,8,8,42,0,5,5.060507142583707,2.9756000003544614,9.320700002717786,49.0

1790085467,25,GET,[GET] /api/soporte/election/status,1.900000,0.000000,4,5,5,5,5,6,8,8,8,8,8,30,0,4,4.216123334481381,2.5772000080905855,7.572600006824359,78.0

1790085467,25,GET,[GET] /api/soporte/tickets,5.300000,0.000000,6,7,7,8,9,12,13,26,26,26,26,99,0,7,7.166665656970711,4.848399999900721,26.136899992707185,84651.0

1790085467,25,GET,[GET] /health,8.200000,0.000000,4,4,4,4,5,6,8,9,9,9,9,141,0,4,4.3683120574643635,2.2769000061089173,38.40190000482835,84.0

1790085467,25,,Aggregated,17.800000,0.000000,4,5,6,6,7,9,12,13,26,26,26,312,0,5,5.33479775694081,2.2769000061089173,38.40190000482835,26912.471153846152

1790085468,26,GET,[GET] /actuator/health,2.700000,0.000000,4,5,5,5,6,6,8,8,8,8,8,45,0,4,4.976155555535418,2.9756000003544614,9.320700002717786,49.0

1790085468,26,GET,[GET] /api/soporte/election/status,2.000000,0.000000,4,5,5,5,6,8,9,9,9,9,9,34,0,4,4.300073530911879,2.5772000080905855,8.832200008328073,78.0

1790085468,26,GET,[GET] /api/soporte/tickets,5.900000,0.000000,6,7,7,7,9,10,13,26,26,26,26,110,0,6,7.080447273090778,4.848399999900721,26.136899992707185,84651.0

1790085468,26,GET,[GET] /health,8.000000,0.000000,4,4,4,4,5,6,8,9,9,9,9,148,0,4,4.3400155412421775,2.2769000061089173,38.40190000482835,84.0

1790085468,26,,Aggregated,18.600000,0.000000,4,6,6,6,7,8,9,12,26,26,26,337,0,5,5.315433234996812,2.2769000061089173,38.40190000482835,27682.19287833828

1790085469,27,GET,[GET] /actuator/health,2.700000,0.000000,4,5,5,5,5,6,8,8,8,8,8,53,0,4,4.827488679987958,2.628700007335283,9.320700002717786,49.0

1790085469,27,GET,[GET] /api/soporte/election/status,2.300000,0.000000,4,4,5,5,6,8,9,9,9,9,9,36,0,4,4.286019446024309,2.5772000080905855,8.832200008328073,78.0

1790085469,27,GET,[GET] /api/soporte/tickets,5.900000,0.000000,6,7,7,8,8,9,13,26,26,26,26,120,0,7,7.1010533334629145,4.848399999900721,26.136899992707185,84651.0

1790085469,27,GET,[GET] /health,8.600000,0.000000,4,4,4,4,5,6,9,10,10,10,10,157,0,4,4.346312739523751,2.2769000061089173,38.40190000482835,84.0

1790085469,27,,Aggregated,19.500000,0.000000,4,6,6,6,7,8,9,12,26,26,26,366,0,5,5.313254372177638,2.2769000061089173,38.40190000482835,27805.226775956286

1790085470,28,GET,[GET] /actuator/health,3.000000,0.000000,4,5,5,5,6,7,8,8,8,8,8,56,0,5,4.898928572012145,2.628700007335283,9.320700002717786,49.0

1790085470,28,GET,[GET] /api/soporte/election/status,2.400000,0.000000,4,4,4,5,6,8,9,9,9,9,9,37,0,4,4.245702704301456,2.5772000080905855,8.832200008328073,78.0

1790085470,28,GET,[GET] /api/soporte/tickets,6.700000,0.000000,6,7,7,7,8,9,12,26,26,26,26,130,0,7,7.080345384803457,4.640700004529208,26.136899992707185,84651.0

1790085470,28,GET,[GET] /health,8.600000,0.000000,4,4,4,4,5,6,9,10,10,10,10,173,0,4,4.2838144514472845,2.2769000061089173,38.40190000482835,84.0

1790085470,28,,Aggregated,20.700000,0.000000,4,6,6,6,7,8,9,11,26,26,26,396,0,5,5.285292424789555,2.2769000061089173,38.40190000482835,27840.383838383837

1790085471,29,GET,[GET] /actuator/health,3.100000,0.000000,4,5,5,5,6,7,8,8,8,8,8,59,0,5,4.876981356419955,2.628700007335283,9.320700002717786,49.0

1790085471,29,GET,[GET] /api/soporte/election/status,2.400000,0.000000,4,4,5,5,6,8,9,9,9,9,9,40,0,4,4.298160001417273,2.5772000080905855,8.832200008328073,78.0

1790085471,29,GET,[GET] /api/soporte/tickets,7.200000,0.000000,6,7,7,8,8,9,10,11,11,11,11,138,0,7,7.13553478293023,4.640700004529208,26.136899992707185,84651.0

1790085471,29,GET,[GET] /health,8.700000,0.000000,4,4,4,4,5,7,9,9,10,10,10,187,0,4,4.297585027226382,2.2769000061089173,38.40190000482835,84.0

1790085471,29,,Aggregated,21.400000,0.000000,4,6,6,6,7,8,9,10,11,11,11,424,0,5,5.301935142031069,2.2769000061089173,38.40190000482835,27602.728773584906

1790085472,30,GET,[GET] /actuator/health,3.600000,0.000000,4,5,5,5,6,7,8,8,8,8,8,63,0,5,4.8091523811250685,2.628700007335283,9.320700002717786,49.0

1790085472,30,GET,[GET] /api/soporte/election/status,2.300000,0.000000,4,4,5,6,8,9,10,10,10,10,10,45,0,4,4.410646667626376,2.5772000080905855,9.516499994788319,78.0

1790085472,30,GET,[GET] /api/soporte/tickets,7.600000,0.000000,6,7,7,8,8,9,10,11,11,11,11,146,0,7,7.106468493612451,4.640700004529208,26.136899992707185,84651.0

1790085472,30,GET,[GET] /health,9.000000,0.000000,4,4,4,4,5,7,9,9,10,10,10,199,0,4,4.258978895093642,2.183599994168617,38.40190000482835,84.0

1790085472,30,,Aggregated,22.500000,0.000000,4,6,6,6,7,8,10,10,11,11,11,453,0,5,5.268293378024545,2.183599994168617,38.40190000482835,27334.12582781457

1790085473,31,GET,[GET] /actuator/health,3.400000,0.000000,4,5,5,5,6,8,9,9,9,9,9,69,0,5,4.853721739272115,2.628700007335283,9.320700002717786,49.0

1790085473,31,GET,[GET] /api/soporte/election/status,2.300000,0.000000,4,4,5,5,7,9,10,10,10,10,10,48,0,4,4.47190833407755,2.5772000080905855,9.516499994788319,78.0

1790085473,31,GET,[GET] /api/soporte/tickets,7.900000,0.000000,6,7,7,8,8,9,10,11,11,11,11,153,0,7,7.103724836971416,4.640700004529208,26.136899992707185,84651.0

1790085473,31,GET,[GET] /health,10.000000,0.000000,4,4,4,4,5,7,9,9,10,10,10,215,0,4,4.207682791355521,2.183599994168617,38.40190000482835,84.0

1790085473,31,,Aggregated,23.600000,0.000000,4,6,6,6,8,8,9,10,11,11,11,485,0,5,5.239340412873323,2.183599994168617,38.40190000482835,26756.263917525772

1790085474,32,GET,[GET] /actuator/health,3.500000,0.000000,4,5,5,5,6,8,9,9,9,9,9,74,0,4,4.787420270322646,2.628700007335283,9.320700002717786,49.0

1790085474,32,GET,[GET] /api/soporte/election/status,2.700000,0.000000,4,5,5,6,7,9,10,10,10,10,10,50,0,4,4.498308000911493,2.5772000080905855,9.516499994788319,78.0

1790085474,32,GET,[GET] /api/soporte/tickets,8.000000,0.000000,6,7,7,8,8,8,10,11,11,11,11,159,0,7,7.081868553844591,4.640700004529208,26.136899992707185,84651.0

1790085474,32,GET,[GET] /health,10.400000,0.000000,4,4,4,4,5,6,8,9,10,10,10,229,0,4,4.171970742970693,2.183599994168617,38.40190000482835,84.0

1790085474,32,,Aggregated,24.600000,0.000000,4,6,6,6,7,8,9,10,11,11,11,512,0,4,5.196450977052791,2.183599994168617,38.40190000482835,26340.373046875

1790085475,33,GET,[GET] /actuator/health,4.000000,0.000000,4,5,5,5,6,6,9,9,9,9,9,81,0,4,4.751881481404129,2.628700007335283,9.320700002717786,49.0

1790085475,33,GET,[GET] /api/soporte/election/status,2.500000,0.000000,4,5,5,6,7,9,10,10,10,10,10,53,0,4,4.514216982159887,2.5772000080905855,9.516499994788319,78.0

1790085475,33,GET,[GET] /api/soporte/tickets,7.800000,0.000000,6,7,7,8,8,9,11,11,11,11,11,167,0,7,7.077401796788741,4.640700004529208,26.136899992707185,84651.0

1790085475,33,GET,[GET] /health,11.100000,0.000000,4,4,4,4,5,6,8,9,10,10,10,243,0,4,4.124267078761717,2.183599994168617,38.40190000482835,84.0

1790085475,33,,Aggregated,25.400000,0.000000,4,5,6,6,7,8,10,10,11,11,11,544,0,4,5.162277390167326,2.183599994168617,38.40190000482835,26039.029411764706

1790085476,34,GET,[GET] /actuator/health,3.900000,0.000000,4,5,5,5,6,6,9,9,9,9,9,83,0,4,4.722263855461301,2.628700007335283,9.320700002717786,49.0

1790085476,34,GET,[GET] /api/soporte/election/status,2.500000,0.000000,4,5,5,6,7,9,10,10,10,10,10,58,0,4,4.4465000008068305,2.5772000080905855,9.516499994788319,78.0

1790085476,34,GET,[GET] /api/soporte/tickets,8.000000,0.000000,7,7,8,8,8,10,11,11,11,11,11,175,0,7,7.083002286048473,4.640700004529208,26.136899992707185,84651.0

1790085476,34,GET,[GET] /health,11.700000,0.000000,4,4,4,4,5,5,7,9,10,10,10,258,0,4,4.10739845003348,2.183599994168617,38.40190000482835,84.0

1790085476,34,,Aggregated,26.100000,0.000000,4,6,6,6,7,8,10,11,11,11,11,574,0,4,5.13776846727736,2.183599994168617,38.40190000482835,25860.95470383275

1790085477,35,GET,[GET] /actuator/health,4.300000,0.000000,4,5,5,5,6,6,9,9,9,9,9,85,0,4,4.706260000067927,2.628700007335283,9.320700002717786,49.0

1790085477,35,GET,[GET] /api/soporte/election/status,2.600000,0.000000,4,5,5,6,7,9,10,10,10,10,10,66,0,4,4.486262121645268,2.5772000080905855,9.516499994788319,78.0

1790085477,35,GET,[GET] /api/soporte/tickets,8.400000,0.000000,7,7,8,8,9,10,11,11,11,11,11,182,0,7,7.089715384878858,4.640700004529208,26.136899992707185,84651.0

1790085477,35,GET,[GET] /health,11.800000,0.000000,4,4,4,4,5,5,7,9,10,10,10,272,0,4,4.093744118108589,2.183599994168617,38.40190000482835,84.0

1790085477,35,,Aggregated,27.100000,0.000000,4,5,6,6,7,8,10,11,11,11,11,605,0,4,5.123887603649338,2.183599994168617,38.40190000482835,25518.418181818182

1790085478,36,GET,[GET] /actuator/health,4.200000,0.000000,4,5,5,5,6,6,9,9,9,9,9,94,0,4,4.5914180849881925,2.523300005123019,9.320700002717786,49.0

1790085478,36,GET,[GET] /api/soporte/election/status,3.000000,0.000000,4,5,5,5,7,9,10,10,10,10,10,71,0,4,4.453185915825626,2.5772000080905855,9.516499994788319,78.0

1790085478,36,GET,[GET] /api/soporte/tickets,8.500000,0.000000,7,7,8,8,9,10,11,11,11,11,11,192,0,7,7.06837343780838,4.640700004529208,26.136899992707185,84651.0

1790085478,36,GET,[GET] /health,12.600000,0.000000,4,4,4,4,5,5,9,10,10,10,10,285,0,4,4.09373228107334,2.183599994168617,38.40190000482835,84.0

1790085478,36,,Aggregated,28.300000,0.000000,4,5,6,6,7,9,10,11,11,11,11,642,0,4,5.095967134233054,2.183599994168617,38.40190000482835,25369.277258566977

1790085479,37,GET,[GET] /actuator/health,4.400000,0.000000,4,4,5,5,5,6,9,9,9,9,9,97,0,4,4.567322680383402,2.523300005123019,9.320700002717786,49.0

1790085479,37,GET,[GET] /api/soporte/election/status,3.200000,0.000000,4,5,5,6,7,9,10,10,10,10,10,79,0,4,4.480102532167471,2.5772000080905855,9.516499994788319,78.0

1790085479,37,GET,[GET] /api/soporte/tickets,8.600000,0.000000,7,7,8,8,9,10,11,11,11,11,11,201,0,7,7.09506815944599,4.640700004529208,26.136899992707185,84651.0

1790085479,37,GET,[GET] /health,12.700000,0.000000,4,4,4,4,5,5,7,9,10,10,10,301,0,4,4.054852492190307,2.077500001178123,38.40190000482835,84.0

1790085479,37,,Aggregated,28.900000,0.000000,4,5,6,6,7,9,10,11,11,11,11,678,0,4,5.079023156690777,2.077500001178123,38.40190000482835,25149.041297935102

1790085480,38,GET,[GET] /actuator/health,4.500000,0.000000,4,4,5,5,5,6,9,9,9,9,9,104,0,4,4.5450365382398905,2.523300005123019,9.320700002717786,49.0

1790085480,38,GET,[GET] /api/soporte/election/status,3.700000,0.000000,4,4,5,6,7,9,10,10,10,10,10,83,0,4,4.456169879960221,2.495299995644018,9.516499994788319,78.0

1790085480,38,GET,[GET] /api/soporte/tickets,8.100000,0.000000,7,7,8,8,9,10,11,11,11,11,11,210,0,7,7.088023809705018,4.640700004529208,26.136899992707185,84651.0

1790085480,38,GET,[GET] /health,13.400000,0.000000,4,4,4,4,5,5,7,9,10,10,10,312,0,4,4.048507372154302,2.077500001178123,38.40190000482835,84.0

1790085480,38,,Aggregated,29.700000,0.000000,4,5,6,6,7,9,10,10,11,11,11,709,0,4,5.06934442900401,2.077500001178123,38.40190000482835,25126.217207334274

1790085481,39,GET,[GET] /actuator/health,4.900000,0.000000,4,4,5,5,6,6,9,9,9,9,9,109,0,4,4.581786238363038,2.523300005123019,9.320700002717786,49.0

1790085481,39,GET,[GET] /api/soporte/election/status,4.000000,0.000000,4,4,5,5,7,9,10,10,10,10,10,91,0,4,4.378519780552629,2.495299995644018,9.516499994788319,78.0

1790085481,39,GET,[GET] /api/soporte/tickets,7.800000,0.000000,7,7,8,8,10,11,12,31,31,31,31,221,0,7,7.239790045515617,4.640700004529208,30.99050000309944,84651.0

1790085481,39,GET,[GET] /health,13.700000,0.000000,4,4,4,4,5,5,6,7,10,10,10,331,0,4,4.044095166419701,2.077500001178123,38.40190000482835,84.0

1790085481,39,,Aggregated,30.400000,0.000000,4,5,6,6,7,9,10,11,31,31,31,752,0,4,5.101661037441134,2.077500001178123,38.40190000482835,24931.002659574468

1790085482,40,GET,[GET] /actuator/health,4.300000,0.000000,4,5,5,5,6,8,9,9,9,9,9,112,0,4,4.635394642718893,2.523300005123019,9.320700002717786,49.0

1790085482,40,GET,[GET] /api/soporte/election/status,4.400000,0.000000,4,4,5,5,7,7,9,9,9,9,9,102,0,4,4.345398039160999,2.495299995644018,9.516499994788319,78.0

1790085482,40,GET,[GET] /api/soporte/tickets,7.900000,0.000000,7,7,8,9,10,11,12,31,31,31,31,233,0,7,7.26466952822353,4.640700004529208,30.99050000309944,84651.0

1790085482,40,GET,[GET] /health,14.400000,0.000000,4,4,4,4,5,5,6,7,10,10,10,343,0,4,4.036973178018096,2.077500001178123,38.40190000482835,84.0

1790085482,40,,Aggregated,31.000000,0.000000,4,5,6,6,8,9,10,11,31,31,31,790,0,4,5.113600759639528,2.077500001178123,38.40190000482835,25020.175949367087

1790085483,41,GET,[GET] /actuator/health,4.800000,0.000000,4,4,5,5,6,6,9,9,9,9,9,118,0,4,4.630951694645958,2.523300005123019,9.320700002717786,49.0

1790085483,41,GET,[GET] /api/soporte/election/status,4.600000,0.000000,4,4,4,5,7,7,9,9,9,9,9,106,0,4,4.341475471726812,2.495299995644018,9.516499994788319,78.0

1790085483,41,GET,[GET] /api/soporte/tickets,8.300000,0.000000,7,8,8,9,10,11,12,31,31,31,31,247,0,7,7.282819838283361,4.640700004529208,30.99050000309944,84651.0

1790085483,41,GET,[GET] /health,14.400000,0.000000,4,4,4,4,5,6,8,8,10,10,10,359,0,4,4.065999164473665,2.077500001178123,38.40190000482835,84.0

1790085483,41,,Aggregated,32.100000,0.000000,4,5,6,7,8,9,10,11,31,31,31,830,0,4,5.138793855510001,2.077500001178123,38.40190000482835,25244.581927710842

1790085484,42,GET,[GET] /actuator/health,5.100000,0.000000,4,5,5,5,6,6,9,9,9,9,9,122,0,4,4.634531147083359,2.523300005123019,9.320700002717786,49.0

1790085484,42,GET,[GET] /api/soporte/election/status,4.900000,0.000000,4,4,4,5,6,7,9,9,9,9,9,114,0,4,4.295421929814518,2.495299995644018,9.516499994788319,78.0

1790085484,42,GET,[GET] /api/soporte/tickets,8.100000,0.000000,7,8,8,9,10,11,12,31,31,31,31,261,0,7,7.271675096037066,4.640700004529208,30.99050000309944,84651.0

1790085484,42,GET,[GET] /health,14.700000,0.000000,4,4,4,4,5,6,8,8,10,10,10,378,0,4,4.062548941758919,2.077500001178123,38.40190000482835,84.0

1790085484,42,,Aggregated,32.800000,0.000000,4,5,6,7,8,9,10,11,31,31,31,875,0,4,5.129876114278367,2.077500001178123,38.40190000482835,25303.466285714287

1790085485,43,GET,[GET] /actuator/health,4.900000,0.000000,4,5,5,6,6,8,9,9,9,9,9,131,0,4,4.676212213412709,2.523300005123019,9.320700002717786,49.0

1790085485,43,GET,[GET] /api/soporte/election/status,5.800000,0.000000,4,4,4,5,6,7,9,9,9,9,9,115,0,4,4.299465217374508,2.495299995644018,9.516499994788319,78.0

1790085485,43,GET,[GET] /api/soporte/tickets,8.700000,0.000000,7,8,8,9,10,11,12,31,31,31,31,270,0,7,7.288067778076597,4.640700004529208,30.99050000309944,84651.0

1790085485,43,GET,[GET] /health,14.500000,0.000000,4,4,4,4,5,7,8,10,11,11,11,400,0,4,4.075889499908953,2.077500001178123,38.40190000482835,84.0

1790085485,43,,Aggregated,33.900000,0.000000,4,5,6,7,8,9,10,11,31,31,31,916,0,4,5.136633624453489,2.077500001178123,38.40190000482835,25005.195414847163

1790085486,44,GET,[GET] /actuator/health,5.000000,0.000000,4,5,5,5,6,8,8,9,9,9,9,145,0,4,4.589751034328746,2.3981999984243885,9.320700002717786,49.0

1790085486,44,GET,[GET] /api/soporte/election/status,6.000000,0.000000,4,4,4,5,6,9,9,10,10,10,10,120,0,4,4.324584999873575,2.495299995644018,10.082699998747557,78.0

1790085486,44,GET,[GET] /api/soporte/tickets,9.900000,0.000000,7,8,8,9,9,10,11,12,31,31,31,279,0,7,7.247790681249562,4.640700004529208,30.99050000309944,84651.0

1790085486,44,GET,[GET] /health,14.600000,0.000000,4,4,4,4,5,7,8,10,11,11,11,416,0,4,4.050154567266873,2.077500001178123,38.40190000482835,84.0

1790085486,44,,Aggregated,35.500000,0.000000,4,5,6,7,8,9,10,11,31,31,31,960,0,4,5.0952729166814,2.077500001178123,38.40190000482835,24655.247916666667

1790085487,45,GET,[GET] /actuator/health,4.600000,0.000000,4,5,5,5,6,8,8,9,9,9,9,151,0,4,4.587563576017945,2.3981999984243885,9.320700002717786,49.0

1790085487,45,GET,[GET] /api/soporte/election/status,6.400000,0.000000,4,4,4,4,5,7,9,10,10,10,10,127,0,4,4.271048818844165,2.495299995644018,10.082699998747557,78.0

1790085487,45,GET,[GET] /api/soporte/tickets,10.100000,0.000000,7,8,8,9,9,11,12,14,31,31,31,287,0,7,7.2568902441216085,4.640700004529208,30.99050000309944,84651.0

1790085487,45,GET,[GET] /health,14.900000,0.000000,4,4,4,5,5,7,8,10,11,11,11,437,0,4,4.055455377682653,2.077500001178123,38.40190000482835,84.0

1790085487,45,,Aggregated,36.000000,0.000000,4,5,6,7,8,9,10,11,31,31,31,1002,0,4,5.0799469062696,2.077500001178123,38.40190000482835,24300.249500998005

1790085488,46,GET,[GET] /actuator/health,5.300000,0.000000,4,5,5,5,6,8,8,9,9,9,9,160,0,4,4.558702499889478,2.3981999984243885,9.320700002717786,49.0

1790085488,46,GET,[GET] /api/soporte/election/status,5.900000,0.000000,4,4,4,4,6,9,9,10,10,10,10,132,0,4,4.306195454498238,2.495299995644018,10.082699998747557,78.0

1790085488,46,GET,[GET] /api/soporte/tickets,10.200000,0.000000,7,8,8,8,9,11,12,14,31,31,31,298,0,7,7.222721812291065,4.287500007194467,30.99050000309944,84651.0

1790085488,46,GET,[GET] /health,15.900000,0.000000,4,4,4,5,5,6,8,9,11,11,11,457,0,4,4.045047264891836,2.077500001178123,38.40190000482835,84.0

1790085488,46,,Aggregated,37.300000,0.000000,4,5,6,7,8,9,10,11,31,31,31,1047,0,4,5.060905348705243,2.077500001178123,38.40190000482835,24147.58548233047

1790085489,47,GET,[GET] /actuator/health,6.100000,0.000000,4,5,5,5,6,8,8,9,9,9,9,166,0,4,4.563930120420115,2.3981999984243885,9.320700002717786,49.0

1790085489,47,GET,[GET] /api/soporte/election/status,5.900000,0.000000,4,4,4,5,5,7,9,10,10,10,10,139,0,4,4.316479856170975,2.495299995644018,10.082699998747557,78.0

1790085489,47,GET,[GET] /api/soporte/tickets,10.500000,0.000000,7,8,8,9,10,11,15,31,32,32,32,310,0,7,7.318258064755825,4.287500007194467,32.189899997320026,84651.0

1790085489,47,GET,[GET] /health,15.700000,0.000000,4,4,5,5,5,6,8,9,11,11,11,484,0,4,4.03703904966511,2.077500001178123,38.40190000482835,84.0

1790085489,47,,Aggregated,38.200000,0.000000,4,5,6,7,8,9,11,12,32,32,32,1099,0,4,5.077515923666718,2.077500001178123,38.40190000482835,23932.158325750683

1790085490,48,GET,[GET] /actuator/health,6.500000,0.000000,4,5,6,6,7,8,8,9,9,9,9,173,0,4,4.6029549133775465,2.3981999984243885,9.320700002717786,49.0

1790085490,48,GET,[GET] /api/soporte/election/status,5.900000,0.000000,4,4,4,5,5,7,9,10,10,10,10,143,0,4,4.309709790269388,2.495299995644018,10.082699998747557,78.0

1790085490,48,GET,[GET] /api/soporte/tickets,10.400000,0.000000,7,8,8,9,10,11,14,15,32,32,32,323,0,7,7.32783931903988,4.287500007194467,32.189899997320026,84651.0

1790085490,48,GET,[GET] /health,16.300000,0.000000,4,4,5,5,5,6,8,9,11,11,11,502,0,4,4.044903784987296,2.077500001178123,38.40190000482835,84.0

1790085490,48,,Aggregated,39.100000,0.000000,4,5,6,7,8,9,10,11,32,32,32,1141,0,4,5.092053900207135,2.077500001178123,38.40190000482835,24017.591586327784

1790085491,49,GET,[GET] /actuator/health,6.700000,0.000000,4,5,5,6,7,8,8,9,9,9,9,184,0,4,4.586241304423311,2.3981999984243885,9.320700002717786,49.0

1790085491,49,GET,[GET] /api/soporte/election/status,5.700000,0.000000,4,4,5,5,5,8,9,10,10,10,10,148,0,4,4.33286756752578,2.495299995644018,10.082699998747557,78.0

1790085491,49,GET,[GET] /api/soporte/tickets,10.600000,0.000000,7,8,8,9,9,11,14,15,32,32,32,334,0,7,7.32262634737926,4.287500007194467,32.189899997320026,84651.0

1790085491,49,GET,[GET] /health,17.700000,0.000000,4,4,5,5,5,6,8,9,11,11,11,527,0,4,4.039742315152264,2.077500001178123,38.40190000482835,84.0

1790085491,49,,Aggregated,40.700000,0.000000,4,5,6,7,8,9,10,11,32,32,32,1193,0,4,5.079492204624996,2.077500001178123,38.40190000482835,23753.7820620285

1790085492,50,GET,[GET] /actuator/health,6.800000,0.000000,4,5,5,5,6,7,8,8,8,8,8,191,0,4,4.5514575914901565,2.3981999984243885,9.320700002717786,49.0

1790085492,50,GET,[GET] /api/soporte/election/status,5.900000,0.000000,4,4,5,5,7,8,10,10,10,10,10,150,0,4,4.329880666531001,2.495299995644018,10.082699998747557,78.0

1790085492,50,GET,[GET] /api/soporte/tickets,11.000000,0.000000,7,7,8,8,9,11,14,15,32,32,32,349,0,7,7.277463323868314,4.287500007194467,32.189899997320026,84651.0

1790085492,50,GET,[GET] /health,18.100000,0.000000,4,4,5,5,5,7,8,9,11,11,11,546,0,4,4.044730952602296,2.077500001178123,38.40190000482835,84.0

1790085492,50,,Aggregated,41.800000,0.000000,4,5,6,7,8,9,10,11,32,32,32,1236,0,4,5.070443608499325,2.077500001178123,38.40190000482835,23956.409385113267

1790085493,51,GET,[GET] /actuator/health,7.000000,0.000000,4,5,5,6,7,7,8,8,8,8,8,195,0,4,4.5459025640201824,2.3981999984243885,9.320700002717786,49.0

1790085493,51,GET,[GET] /api/soporte/election/status,6.000000,0.000000,4,5,5,5,7,8,9,10,10,10,10,159,0,4,4.360541509213248,2.495299995644018,10.082699998747557,78.0

1790085493,51,GET,[GET] /api/soporte/tickets,11.100000,0.000000,7,7,8,8,9,10,14,15,32,32,32,367,0,7,7.246924523124281,4.287500007194467,32.189899997320026,84651.0

1790085493,51,GET,[GET] /health,18.300000,0.000000,4,4,4,5,5,6,7,9,11,11,11,574,0,4,4.03027247405998,2.077500001178123,38.40190000482835,83.99477351916376

1790085493,51,,Aggregated,42.400000,0.000000,4,5,6,6,7,8,10,11,32,32,32,1295,0,4,5.060057760653191,2.077500001178123,38.40190000482835,24044.082625482624

1790085494,52,GET,[GET] /actuator/health,7.500000,0.000000,4,5,5,6,7,8,8,8,8,8,8,203,0,4,4.550514285672878,2.3981999984243885,9.320700002717786,49.0

1790085494,52,GET,[GET] /api/soporte/election/status,5.600000,0.000000,4,5,5,5,7,8,9,10,10,10,10,165,0,4,4.3464581816365495,2.2961000067880377,10.082699998747557,78.0

1790085494,52,GET,[GET] /api/soporte/tickets,11.800000,0.000000,7,7,8,8,9,10,14,15,32,32,32,381,0,7,7.2217543307402146,4.287500007194467,32.189899997320026,84651.0

1790085494,52,GET,[GET] /health,19.300000,0.000000,4,4,5,5,5,6,8,9,11,11,11,595,0,4,4.0314707565346355,2.077500001178123,38.40190000482835,83.99495798319327

1790085494,52,,Aggregated,44.200000,0.000000,4,5,6,6,7,8,10,11,32,32,32,1344,0,4,5.052926711392675,2.077500001178123,38.40190000482835,24051.209077380954

1790085495,53,GET,[GET] /actuator/health,7.900000,0.000000,4,4,5,5,6,7,8,8,8,8,8,210,0,4,4.524834285673153,2.3981999984243885,9.320700002717786,49.0

1790085495,53,GET,[GET] /api/soporte/election/status,4.900000,0.000000,4,4,5,5,7,8,9,10,10,10,10,171,0,4,4.326535087577149,2.2961000067880377,10.082699998747557,78.0

1790085495,53,GET,[GET] /api/soporte/tickets,11.500000,0.000000,6,7,7,8,9,10,14,15,32,32,32,391,0,7,7.193529667631101,4.287500007194467,32.189899997320026,84651.0

1790085495,53,GET,[GET] /health,20.300000,0.000000,4,4,5,5,5,6,7,9,11,11,11,620,0,4,4.030966935721564,2.077500001178123,38.40190000482835,83.99516129032259

1790085495,53,,Aggregated,44.600000,0.000000,4,5,6,6,7,8,10,11,32,32,32,1392,0,4,5.030116594941225,2.077500001178123,38.40190000482835,23832.07327586207

1790085496,54,GET,[GET] /actuator/health,7.700000,0.000000,4,4,5,5,6,7,8,8,8,8,8,220,0,4,4.5244063636346254,2.3981999984243885,9.320700002717786,49.0

1790085496,54,GET,[GET] /api/soporte/election/status,5.200000,0.000000,4,5,5,5,7,7,8,9,9,9,9,185,0,4,4.323742162228587,2.2961000067880377,10.082699998747557,78.0

1790085496,54,GET,[GET] /api/soporte/tickets,11.500000,0.000000,6,7,7,8,9,10,11,15,32,32,32,399,0,7,7.183237594098931,4.287500007194467,32.189899997320026,84651.0

1790085496,54,GET,[GET] /health,21.500000,0.000000,4,4,5,5,5,6,7,9,11,11,11,636,0,4,4.0128984279054185,2.0625000033760443,38.40190000482835,83.99528301886792

1790085496,54,,Aggregated,45.900000,0.000000,4,5,6,6,7,8,9,10,32,32,32,1440,0,4,5.009428402920296,2.0625000033760443,38.40190000482835,23509.98611111111

1790085497,55,GET,[GET] /actuator/health,8.000000,0.000000,4,5,5,6,6,7,8,8,8,8,8,229,0,4,4.544987772819159,2.3981999984243885,9.320700002717786,49.0

1790085497,55,GET,[GET] /api/soporte/election/status,5.200000,0.000000,4,5,5,5,6,7,8,9,9,9,9,191,0,4,4.307890052453698,2.2961000067880377,10.082699998747557,78.0

1790085497,55,GET,[GET] /api/soporte/tickets,12.000000,0.000000,6,7,7,8,9,10,11,15,32,32,32,413,0,7,7.169015738635593,4.287500007194467,32.189899997320026,84651.0

1790085497,55,GET,[GET] /health,21.600000,0.000000,4,4,5,5,5,6,7,9,11,11,11,660,0,4,3.9997353032848686,2.0625000033760443,38.40190000482835,83.99090909090908

1790085497,55,,Aggregated,46.800000,0.000000,4,5,6,6,7,8,10,11,32,32,32,1493,0,4,4.999489618364874,2.0625000033760443,38.40190000482835,23471.142665773612

1790085498,56,GET,[GET] /actuator/health,7.700000,0.000000,4,5,5,6,7,7,8,8,8,8,8,235,0,4,4.559900425560277,2.3981999984243885,9.320700002717786,49.0

1790085498,56,GET,[GET] /api/soporte/election/status,6.300000,0.000000,4,5,5,5,6,7,8,9,9,9,9,202,0,4,4.3283628713625415,2.2961000067880377,10.082699998747557,78.0

1790085498,56,GET,[GET] /api/soporte/tickets,12.100000,0.000000,7,7,8,8,9,11,12,15,18,18,18,438,0,7,7.207164383839155,4.287500007194467,32.189899997320026,84651.0

1790085498,56,GET,[GET] /health,21.700000,0.000000,4,4,4,5,5,6,7,9,11,11,11,680,0,4,3.9934482355687684,2.0625000033760443,38.40190000482835,83.99117647058823

1790085498,56,,Aggregated,47.800000,0.000000,4,5,6,6,7,8,10,11,18,18,18,1555,0,4,5.02777408381364,2.0625000033760443,38.40190000482835,23898.085530546625

1790085499,57,GET,[GET] /actuator/health,7.600000,0.000000,4,5,5,6,7,7,8,8,8,8,8,248,0,4,4.561203629148827,2.3981999984243885,9.320700002717786,49.0

1790085499,57,GET,[GET] /api/soporte/election/status,6.400000,0.000000,4,4,5,5,6,7,8,9,9,9,9,211,0,4,4.303609004800905,2.2961000067880377,10.082699998747557,78.0

1790085499,57,GET,[GET] /api/soporte/tickets,11.900000,0.000000,7,7,8,8,9,10,11,12,18,18,18,454,0,7,7.2042889870489875,4.287500007194467,32.189899997320026,84651.0

1790085499,57,GET,[GET] /health,22.500000,0.000000,4,4,4,5,5,6,7,9,11,11,11,700,0,4,3.991738571681448,2.0625000033760443,38.40190000482835,83.99142857142857

1790085499,57,,Aggregated,48.400000,0.000000,4,5,6,6,7,8,10,11,18,18,18,1613,0,4,5.024305145901522,2.0625000033760443,38.40190000482835,23880.321140731558

1790085500,58,GET,[GET] /actuator/health,7.600000,0.000000,4,5,5,5,6,7,8,8,8,8,8,253,0,4,4.545930434874693,2.3981999984243885,9.320700002717786,49.0

1790085500,58,GET,[GET] /api/soporte/election/status,6.500000,0.000000,4,4,5,5,6,7,9,11,11,11,11,221,0,4,4.296517194637489,2.2961000067880377,11.084800004027784,78.0

1790085500,58,GET,[GET] /api/soporte/tickets,13.100000,0.000000,6,7,7,8,9,10,11,12,18,18,18,467,0,7,7.182249036750695,4.287500007194467,32.189899997320026,84651.0

1790085500,58,GET,[GET] /health,22.200000,0.000000,4,4,4,5,5,6,7,9,11,11,11,724,0,4,3.987656630082339,2.0625000033760443,38.40190000482835,83.99171270718232

1790085500,58,,Aggregated,49.400000,0.000000,4,5,6,6,7,8,10,11,18,18,18,1665,0,4,5.0095041443725945,2.0625000033760443,38.40190000482835,23797.274474474474

1790085501,59,GET,[GET] /actuator/health,7.500000,0.000000,4,5,5,5,6,7,8,8,8,8,8,259,0,4,4.559724710503698,2.3981999984243885,9.320700002717786,49.0

1790085501,59,GET,[GET] /api/soporte/election/status,7.000000,0.000000,4,4,5,5,6,7,9,11,11,11,11,225,0,4,4.2882933334395705,2.2961000067880377,11.084800004027784,78.0

1790085501,59,GET,[GET] /api/soporte/tickets,14.200000,0.000000,7,7,7,8,9,10,12,12,18,18,18,487,0,7,7.176356057785126,4.287500007194467,32.189899997320026,84651.0

1790085501,59,GET,[GET] /health,21.800000,0.000000,4,4,4,5,5,6,7,7,11,11,11,753,0,4,3.9814265606163324,2.0625000033760443,38.40190000482835,83.99203187250995

1790085501,59,,Aggregated,50.500000,0.000000,4,5,6,6,7,8,10,11,18,18,18,1724,0,4,5.010866763532376,2.0625000033760443,38.40190000482835,23966.66125290023

1790085502,60,GET,[GET] /actuator/health,8.300000,0.000000,4,5,5,6,6,7,8,8,8,8,8,266,0,4,4.573389849734065,2.3981999984243885,9.320700002717786,49.0

1790085502,60,GET,[GET] /api/soporte/election/status,7.300000,0.000000,4,4,5,5,6,7,9,11,11,11,11,235,0,4,4.278507659662554,2.2961000067880377,11.084800004027784,78.0

1790085502,60,GET,[GET] /api/soporte/tickets,14.200000,0.000000,7,7,8,8,9,11,14,30,33,33,33,506,0,7,7.291221739369971,4.287500007194467,32.86849999858532,84651.0

1790085502,60,GET,[GET] /health,21.700000,0.000000,4,4,4,5,5,6,7,7,11,11,11,781,0,4,3.9743480155430495,2.0625000033760443,38.40190000482835,83.99231754161332

1790085502,60,,Aggregated,51.500000,0.000000,4,5,6,6,7,8,11,12,33,33,33,1788,0,4,5.042111297712689,2.0625000033760443,38.40190000482835,24010.27293064877

1790085503,61,GET,[GET] /actuator/health,8.000000,0.000000,4,5,5,6,6,7,8,8,8,8,8,274,0,4,4.564134671627272,2.3981999984243885,9.320700002717786,49.0

1790085503,61,GET,[GET] /api/soporte/election/status,7.700000,0.000000,4,4,4,5,5,7,9,11,11,11,11,242,0,4,4.273275206693398,2.2961000067880377,11.084800004027784,78.0

1790085503,61,GET,[GET] /api/soporte/tickets,14.400000,0.000000,7,7,8,8,10,12,18,31,33,33,33,520,0,7,7.342372692577415,4.287500007194467,32.86849999858532,84651.0

1790085503,61,GET,[GET] /health,22.700000,0.000000,4,4,4,5,5,6,7,7,11,11,11,805,0,4,3.973061987741197,2.0625000033760443,38.40190000482835,83.99254658385094

1790085503,61,,Aggregated,52.800000,0.000000,4,5,6,7,8,9,11,12,33,33,33,1841,0,4,5.052175013752088,2.0625000033760443,38.40190000482835,23964.386746333515

1790085504,62,GET,[GET] /actuator/health,7.500000,0.000000,4,5,5,5,6,7,8,9,9,9,9,282,0,4,4.566675532053568,2.3981999984243885,9.475500002736226,49.0

1790085504,62,GET,[GET] /api/soporte/election/status,7.900000,0.000000,4,4,5,5,6,7,9,11,11,11,11,253,0,4,4.286686166142677,2.2961000067880377,11.084800004027784,78.0

1790085504,62,GET,[GET] /api/soporte/tickets,14.900000,0.000000,7,7,8,8,10,12,18,31,33,33,33,543,0,7,7.317162983686128,4.287500007194467,32.86849999858532,84651.0

1790085504,62,GET,[GET] /health,22.500000,0.000000,4,4,4,5,5,6,7,7,11,11,11,835,0,4,3.986250060003301,2.0625000033760443,38.40190000482835,83.99281437125748

1790085504,62,,Aggregated,52.800000,0.000000,4,5,6,7,7,9,11,12,33,33,33,1913,0,4,5.0570164141753935,2.0625000033760443,38.40190000482835,24082.16361735494

1790085505,63,GET,[GET] /actuator/health,7.400000,0.000000,4,5,5,5,6,7,8,9,9,9,9,289,0,4,4.552793771851885,2.3981999984243885,9.475500002736226,49.0

1790085505,63,GET,[GET] /api/soporte/election/status,8.400000,0.000000,4,4,4,5,6,7,9,11,11,11,11,260,0,4,4.280827307789318,2.2961000067880377,11.084800004027784,78.0

1790085505,63,GET,[GET] /api/soporte/tickets,15.900000,0.000000,7,7,8,8,10,12,18,31,33,33,33,559,0,7,7.298768873281497,4.287500007194467,32.86849999858532,84651.0

1790085505,63,GET,[GET] /health,22.900000,0.000000,4,4,4,5,6,7,8,8,14,14,14,862,0,4,4.021658468836208,2.0625000033760443,38.40190000482835,83.99303944315545

1790085505,63,,Aggregated,54.600000,0.000000,4,6,6,7,8,9,11,14,33,33,33,1970,0,4,5.063682182939891,2.0625000033760443,38.40190000482835,24074.49340101523

1790085506,64,GET,[GET] /actuator/health,7.700000,0.000000,4,5,5,5,6,7,8,9,9,9,9,299,0,4,4.551774916592612,2.3981999984243885,9.475500002736226,49.0

1790085506,64,GET,[GET] /api/soporte/election/status,8.400000,0.000000,4,4,4,5,6,7,9,11,11,11,11,270,0,4,4.2717825926417765,2.2961000067880377,11.084800004027784,78.0

1790085506,64,GET,[GET] /api/soporte/tickets,15.300000,0.000000,7,7,8,8,10,11,18,31,33,33,33,583,0,7,7.292639622938025,4.178500006673858,32.86849999858532,84651.0

1790085506,64,GET,[GET] /health,22.700000,0.000000,4,4,5,5,6,7,8,8,14,14,14,888,0,4,4.016599549678168,2.0573999936459586,38.40190000482835,83.99324324324324

1790085506,64,,Aggregated,54.100000,0.000000,5,6,6,7,8,9,11,14,33,33,33,2040,0,4,5.065054559000761,2.0573999936459586,38.40190000482835,24245.995098039217

1790085507,65,GET,[GET] /actuator/health,7.800000,0.000000,4,5,5,5,6,7,8,9,9,9,9,306,0,4,4.541768300911226,2.3981999984243885,9.475500002736226,49.0

1790085507,65,GET,[GET] /api/soporte/election/status,8.800000,0.000000,4,4,4,5,6,7,9,11,11,11,11,278,0,4,4.245103956949763,2.2961000067880377,11.084800004027784,78.0

1790085507,65,GET,[GET] /api/soporte/tickets,16.100000,0.000000,7,7,8,8,10,11,14,31,33,33,33,600,0,7,7.258737833617488,4.178500006673858,32.86849999858532,84651.0

1790085507,65,GET,[GET] /health,23.900000,0.000000,4,4,5,5,6,7,7,8,14,14,14,921,0,4,3.995358523434679,2.0573999936459586,38.40190000482835,83.99348534201954

1790085507,65,,Aggregated,56.600000,0.000000,4,5,6,7,7,9,11,12,33,33,33,2105,0,4,5.03795149661031,2.0573999936459586,38.40190000482835,24182.724940617576

1790085508,66,GET,[GET] /actuator/health,8.000000,0.000000,4,5,5,5,6,6,7,9,9,9,9,316,0,4,4.526775000262136,2.3981999984243885,9.475500002736226,49.0

1790085508,66,GET,[GET] /api/soporte/election/status,8.400000,0.000000,4,4,4,4,6,7,7,11,11,11,11,290,0,4,4.21578793110053,2.2961000067880377,11.084800004027784,78.0

1790085508,66,GET,[GET] /api/soporte/tickets,17.400000,0.000000,7,7,8,8,9,11,14,31,33,33,33,619,0,7,7.239817124671078,4.178500006673858,32.86849999858532,84651.0

1790085508,66,GET,[GET] /health,23.900000,0.000000,4,4,4,5,5,7,8,8,14,14,14,945,0,4,3.990330899558671,2.0573999936459586,38.40190000482835,83.99365079365079

1790085508,66,,Aggregated,57.700000,0.000000,4,5,6,6,7,9,11,12,33,33,33,2170,0,4,5.025506405694161,2.0573999936459586,38.40190000482835,24201.127649769584

1790085509,67,GET,[GET] /actuator/health,7.700000,0.000000,4,5,5,5,6,7,9,10,10,10,10,325,0,4,4.560404000221752,2.3981999984243885,9.859799989499152,49.0

1790085509,67,GET,[GET] /api/soporte/election/status,8.600000,0.000000,4,4,4,4,5,7,7,11,11,11,11,296,0,4,4.201386824403213,2.2961000067880377,11.084800004027784,78.0

1790085509,67,GET,[GET] /api/soporte/tickets,18.200000,0.000000,7,7,7,8,9,11,14,31,33,33,33,641,0,7,7.216531981598018,4.178500006673858,32.86849999858532,84651.0

1790085509,67,GET,[GET] /health,24.700000,0.000000,4,4,4,5,5,6,8,8,14,14,14,970,0,4,3.982987422745113,2.0573999936459586,38.40190000482835,83.9938144329897

1790085509,67,,Aggregated,59.200000,0.000000,4,5,6,7,7,9,10,12,33,33,33,2232,0,4,5.024657975072809,2.0573999936459586,38.40190000482835,24364.595878136202

1790085510,68,GET,[GET] /actuator/health,7.700000,0.000000,4,5,5,5,6,7,9,10,10,10,10,333,0,4,4.561362763041387,2.3981999984243885,9.859799989499152,49.0

1790085510,68,GET,[GET] /api/soporte/election/status,8.600000,0.000000,4,4,4,5,5,6,7,7,7,7,7,306,0,4,4.197717320327677,2.2961000067880377,11.084800004027784,78.0

1790085510,68,GET,[GET] /api/soporte/tickets,18.300000,0.000000,7,7,7,8,9,11,14,31,33,33,33,659,0,7,7.196874962426257,4.178500006673858,32.86849999858532,84651.0

1790085510,68,GET,[GET] /health,26.100000,0.000000,4,4,4,5,5,7,8,8,14,14,14,1002,0,4,3.97918153699546,2.057200006674975,38.40190000482835,83.9940119760479

1790085510,68,,Aggregated,60.700000,0.000000,4,5,6,7,7,9,10,12,33,33,33,2300,0,4,5.014485130618002,2.057200006674975,38.40190000482835,24308.415652173913

1790085511,69,GET,[GET] /actuator/health,8.000000,0.000000,4,5,5,5,6,7,9,10,10,10,10,346,0,4,4.563831792107374,2.3981999984243885,9.859799989499152,49.0

1790085511,69,GET,[GET] /api/soporte/election/status,8.900000,0.000000,4,4,4,5,5,6,7,7,7,7,7,315,0,4,4.201802539792547,2.2961000067880377,11.084800004027784,78.0

1790085511,69,GET,[GET] /api/soporte/tickets,17.800000,0.000000,7,7,7,8,9,10,14,31,33,33,33,678,0,7,7.183982891179649,4.178500006673858,32.86849999858532,84651.0

1790085511,69,GET,[GET] /health,26.800000,0.000000,4,4,4,5,5,6,8,9,14,14,14,1029,0,4,3.981747133217809,2.057200006674975,38.40190000482835,83.99416909620992

1790085511,69,,Aggregated,61.500000,0.000000,4,5,6,6,7,8,10,12,33,33,33,2368,0,4,5.0129272805763225,2.057200006674975,38.40190000482835,24291.10304054054

1790085512,70,GET,[GET] /actuator/health,7.500000,0.000000,4,5,5,5,6,7,9,10,10,10,10,356,0,4,4.5728348316137515,2.3981999984243885,9.859799989499152,49.0

1790085512,70,GET,[GET] /api/soporte/election/status,8.600000,0.000000,4,4,4,5,5,6,7,9,9,9,9,328,0,4,4.220236280561061,2.2961000067880377,11.084800004027784,78.0

1790085512,70,GET,[GET] /api/soporte/tickets,18.700000,0.000000,7,7,7,7,9,10,11,13,13,13,13,692,0,7,7.188452890517447,4.178500006673858,32.86849999858532,84651.0

1790085512,70,GET,[GET] /health,26.800000,0.000000,4,4,5,5,6,7,9,12,16,16,16,1062,0,4,4.012908380479279,2.057200006674975,38.40190000482835,83.99435028248588

1790085512,70,,Aggregated,61.600000,0.000000,4,5,6,6,7,8,10,11,16,16,16,2438,0,4,5.02390680901788,2.057200006674975,38.40190000482835,24081.51025430681

1790085513,71,GET,[GET] /actuator/health,7.800000,0.000000,4,5,5,6,6,7,9,10,10,10,10,367,0,4,4.589210899316132,2.3981999984243885,9.859799989499152,49.0

1790085513,71,GET,[GET] /api/soporte/election/status,8.500000,0.000000,4,4,5,5,5,6,7,9,9,9,9,339,0,4,4.220925958799322,2.2961000067880377,11.084800004027784,78.0

1790085513,71,GET,[GET] /api/soporte/tickets,19.200000,0.000000,7,7,7,8,9,10,13,14,16,16,16,709,0,7,7.20773399185208,4.178500006673858,32.86849999858532,84651.0

1790085513,71,GET,[GET] /health,27.400000,0.000000,4,4,5,5,6,7,9,12,16,16,16,1089,0,4,4.018992470190163,2.057200006674975,38.40190000482835,83.99449035812673

1790085513,71,,Aggregated,62.900000,0.000000,5,5,6,6,7,9,10,12,16,16,16,2504,0,4,5.032787739753276,2.057200006674975,38.40190000482835,24022.944888178914

1790085514,72,GET,[GET] /actuator/health,8.700000,0.000000,4,5,5,5,6,7,9,10,10,10,10,378,0,4,4.577274074204816,2.3981999984243885,9.859799989499152,49.0

1790085514,72,GET,[GET] /api/soporte/election/status,8.900000,0.000000,4,4,4,5,5,6,7,9,9,9,9,349,0,4,4.205490257962937,2.2961000067880377,11.084800004027784,78.0

1790085514,72,GET,[GET] /api/soporte/tickets,19.100000,0.000000,7,7,7,8,9,10,13,16,19,19,19,733,0,7,7.216477353600842,4.178500006673858,32.86849999858532,84651.0

1790085514,72,GET,[GET] /health,27.600000,0.000000,4,4,5,5,6,7,9,12,16,16,16,1112,0,4,4.009023021628453,2.057200006674975,38.40190000482835,83.99460431654676

1790085514,72,,Aggregated,64.300000,0.000000,5,5,6,6,7,9,10,13,19,19,19,2572,0,4,5.0332959565780495,2.057200006674975,38.40190000482835,24178.97706065319

1790085515,73,GET,[GET] /actuator/health,8.900000,0.000000,5,5,5,5,6,7,9,9,10,10,10,393,0,4,4.571156997503784,2.3981999984243885,9.859799989499152,49.0

1790085515,73,GET,[GET] /api/soporte/election/status,9.300000,0.000000,4,4,4,5,5,6,7,9,9,9,9,359,0,4,4.188822841380066,2.2961000067880377,11.084800004027784,78.0

1790085515,73,GET,[GET] /api/soporte/tickets,18.500000,0.000000,7,7,7,8,9,10,13,16,19,19,19,755,0,7,7.19071125853745,4.178500006673858,32.86849999858532,84651.0

1790085515,73,GET,[GET] /health,28.500000,0.000000,4,4,4,5,5,6,8,11,16,16,16,1137,0,4,4.010636587586789,2.057200006674975,38.40190000482835,83.99472295514512

1790085515,73,,Aggregated,65.200000,0.000000,4,5,6,6,7,8,10,12,19,19,19,2644,0,4,5.026222730845834,2.057200006674975,38.40190000482835,24226.273071104388

1790085516,74,GET,[GET] /actuator/health,9.400000,0.000000,4,5,5,5,6,7,9,9,10,10,10,404,0,4,4.55171039612822,2.3981999984243885,9.859799989499152,49.0

1790085516,74,GET,[GET] /api/soporte/election/status,9.600000,0.000000,4,4,4,5,5,5,7,9,9,9,9,370,0,4,4.168286486615338,2.2961000067880377,11.084800004027784,78.0

1790085516,74,GET,[GET] /api/soporte/tickets,19.000000,0.000000,6,7,7,8,9,10,14,19,27,27,27,772,0,7,7.194824482052203,4.178500006673858,32.86849999858532,84651.0

1790085516,74,GET,[GET] /health,28.200000,0.000000,4,4,4,5,5,6,8,11,16,16,16,1170,0,4,3.9989683761671344,2.057200006674975,38.40190000482835,83.9948717948718

1790085516,74,,Aggregated,66.200000,0.000000,4,5,6,6,7,8,10,12,27,27,27,2716,0,4,5.012648932379722,2.057200006674975,38.40190000482835,24115.427835051545

1790085517,75,GET,[GET] /actuator/health,9.700000,0.000000,4,5,5,5,6,7,9,9,10,10,10,418,0,4,4.543515071888347,2.3981999984243885,9.859799989499152,49.0

1790085517,75,GET,[GET] /api/soporte/election/status,9.400000,0.000000,4,4,4,5,5,6,8,9,9,9,9,378,0,4,4.177147090053444,2.2961000067880377,11.084800004027784,78.0

1790085517,75,GET,[GET] /api/soporte/tickets,19.000000,0.000000,6,7,7,8,9,10,14,19,27,27,27,793,0,7,7.168242370915743,4.178500006673858,32.86849999858532,84651.0

1790085517,75,GET,[GET] /health,27.500000,0.000000,4,4,4,5,6,6,8,11,16,16,16,1196,0,4,3.98471998336737,1.99500001326669,38.40190000482835,83.99498327759197

1790085517,75,,Aggregated,65.600000,0.000000,4,5,6,6,7,8,10,12,27,27,27,2785,0,4,5.001182118611522,1.99500001326669,38.40190000482835,24157.510592459606

1790085518,76,GET,[GET] /actuator/health,10.200000,0.000000,4,5,5,5,6,7,9,9,10,10,10,428,0,4,4.514490187039738,2.3981999984243885,9.859799989499152,49.0

1790085518,76,GET,[GET] /api/soporte/election/status,9.700000,0.000000,4,4,4,5,5,6,8,9,9,9,9,388,0,4,4.1607283506591655,2.1791000035591424,11.084800004027784,78.0

1790085518,76,GET,[GET] /api/soporte/tickets,18.900000,0.000000,6,7,7,8,9,10,16,26,27,27,27,820,0,7,7.178791219697947,4.153200003202073,32.86849999858532,84651.0

1790085518,76,GET,[GET] /health,27.700000,0.000000,4,4,4,5,6,6,8,11,16,16,16,1219,0,4,3.98181780160302,1.99500001326669,38.40190000482835,83.99507793273175

1790085518,76,,Aggregated,66.500000,0.000000,4,5,6,6,7,9,10,13,27,27,27,2855,0,4,5.0042063399002314,1.99500001326669,38.40190000482835,24366.88126094571

1790085519,77,GET,[GET] /actuator/health,10.600000,0.000000,4,5,5,5,6,6,8,9,9,9,9,436,0,4,4.509450000130845,2.3981999984243885,9.859799989499152,49.0

1790085519,77,GET,[GET] /api/soporte/election/status,9.900000,0.000000,4,4,5,5,5,6,8,9,9,9,9,398,0,4,4.157914070436794,2.1791000035591424,11.084800004027784,78.0

1790085519,77,GET,[GET] /api/soporte/tickets,19.000000,0.000000,7,7,7,8,9,11,16,26,27,27,27,840,0,7,7.1856914287179405,4.153200003202073,32.86849999858532,84651.0

1790085519,77,GET,[GET] /health,28.100000,0.000000,4,4,4,5,6,6,9,11,16,16,16,1254,0,4,3.9724901117933276,1.99500001326669,38.40190000482835,83.99521531100478

1790085519,77,,Aggregated,67.600000,0.000000,4,5,6,6,7,9,10,13,27,27,27,2928,0,4,4.999471789755053,1.99500001326669,38.40190000482835,24338.995218579235

1790085520,78,GET,[GET] /actuator/health,11.100000,0.000000,4,5,5,5,6,6,8,9,9,9,9,452,0,4,4.496398451461187,2.3981999984243885,9.859799989499152,49.0

1790085520,78,GET,[GET] /api/soporte/election/status,10.000000,0.000000,4,4,4,5,5,6,7,8,9,9,9,411,0,4,4.132496107191498,2.1791000035591424,11.084800004027784,78.0

1790085520,78,GET,[GET] /api/soporte/tickets,19.200000,0.000000,6,7,7,8,9,11,14,19,27,27,27,865,0,7,7.156071560847643,4.153200003202073,32.86849999858532,84651.0

1790085520,78,GET,[GET] /health,27.400000,0.000000,4,4,4,5,6,6,9,11,16,16,16,1285,0,4,3.9595630351369766,1.99500001326669,38.40190000482835,83.9953307392996

1790085520,78,,Aggregated,67.700000,0.000000,4,5,6,6,7,9,10,12,27,27,27,3013,0,4,4.981370195951008,1.99500001326669,38.40190000482835,24356.208098240957

1790085521,79,GET,[GET] /actuator/health,11.000000,0.000000,4,5,5,5,6,6,8,9,9,9,9,460,0,4,4.494057174072267,2.3981999984243885,9.859799989499152,49.0

1790085521,79,GET,[GET] /api/soporte/election/status,9.700000,0.000000,4,4,4,5,5,6,7,8,9,9,9,421,0,4,4.11346983391296,2.1791000035591424,11.084800004027784,78.0

1790085521,79,GET,[GET] /api/soporte/tickets,20.200000,0.000000,6,7,7,8,9,11,14,19,27,27,27,889,0,7,7.135539932681417,4.153200003202073,32.86849999858532,84651.0

1790085521,79,GET,[GET] /health,26.900000,0.000000,3,4,4,4,6,6,9,11,16,16,16,1315,0,4,3.9502558936369376,1.99500001326669,38.40190000482835,83.99543726235741

1790085521,79,,Aggregated,67.800000,0.000000,4,5,6,6,7,9,11,12,27,27,27,3085,0,4,4.971513322670001,1.99500001326669,38.40190000482835,24447.510858995138

1790085522,80,GET,[GET] /actuator/health,11.100000,0.000000,4,5,5,5,6,6,8,9,11,11,11,473,0,4,4.509485623898698,2.3981999984243885,11.40760000271257,49.0

1790085522,80,GET,[GET] /api/soporte/election/status,10.000000,0.000000,4,4,4,5,5,6,6,7,8,8,8,434,0,4,4.116263133850569,2.1791000035591424,11.084800004027784,78.0

1790085522,80,GET,[GET] /api/soporte/tickets,19.700000,0.000000,6,7,7,8,9,10,12,19,27,27,27,909,0,7,7.139346864890529,4.153200003202073,32.86849999858532,84651.0

1790085522,80,GET,[GET] /health,28.300000,0.000000,3,4,4,4,5,6,8,10,14,14,14,1350,0,4,3.9594803705026775,1.99500001326669,38.40190000482835,83.99555555555555

1790085522,80,,Aggregated,69.100000,0.000000,4,5,6,6,7,8,10,12,27,27,27,3166,0,4,4.976124352671932,1.99500001326669,38.40190000482835,24358.238155401137

1790085523,81,GET,[GET] /actuator/health,11.900000,0.000000,4,5,5,5,6,6,8,9,11,11,11,487,0,4,4.518680287723705,2.3981999984243885,11.40760000271257,49.0

1790085523,81,GET,[GET] /api/soporte/election/status,10.500000,0.000000,4,4,4,4,5,6,6,7,8,8,8,448,0,4,4.104063393047649,2.1791000035591424,11.084800004027784,78.0

1790085523,81,GET,[GET] /api/soporte/tickets,20.300000,0.000000,6,7,7,7,9,10,12,26,27,27,27,932,0,7,7.128246995881365,4.153200003202073,32.86849999858532,84651.0

1790085523,81,GET,[GET] /health,27.800000,0.000000,3,4,4,4,5,6,8,10,14,14,14,1382,0,4,3.9572509407959897,1.99500001326669,38.40190000482835,83.99565846599131

1790085523,81,,Aggregated,70.500000,0.000000,4,5,6,6,7,8,10,12,27,27,27,3249,0,4,4.971272607124741,1.99500001326669,38.40190000482835,24336.602339181285

1790085525,82,GET,[GET] /actuator/health,11.300000,0.000000,4,5,5,5,6,6,9,11,13,13,13,495,0,4,4.5329533336270185,2.3981999984243885,12.740599995595403,49.0

1790085525,82,GET,[GET] /api/soporte/election/status,10.500000,0.000000,4,4,4,4,5,6,6,7,8,8,8,464,0,4,4.087513362249191,2.1791000035591424,11.084800004027784,78.0

1790085525,82,GET,[GET] /api/soporte/tickets,20.900000,0.000000,6,7,7,7,9,10,12,26,27,27,27,953,0,7,7.106092340105354,4.153200003202073,32.86849999858532,84651.0

1790085525,82,GET,[GET] /health,28.400000,0.000000,3,4,4,4,5,6,8,10,14,14,14,1416,0,4,3.948206991614727,1.99500001326669,38.40190000482835,83.9957627118644

1790085525,82,,Aggregated,71.100000,0.000000,4,5,6,6,7,8,10,12,27,27,27,3328,0,4,4.958889783796831,1.99500001326669,38.40190000482835,24294.407451923078

1790085526,83,GET,[GET] /actuator/health,11.900000,0.000000,4,5,5,5,6,6,11,13,13,13,13,505,0,4,4.525785148806529,2.3981999984243885,12.740599995595403,49.0

1790085526,83,GET,[GET] /api/soporte/election/status,10.800000,0.000000,4,4,4,4,5,6,6,7,8,8,8,480,0,4,4.070767916861466,2.1791000035591424,11.084800004027784,78.0

1790085526,83,GET,[GET] /api/soporte/tickets,22.100000,0.000000,6,7,7,7,9,10,12,16,26,26,26,969,0,7,7.110843034189024,4.153200003202073,32.86849999858532,84651.0

1790085526,83,GET,[GET] /health,29.200000,0.000000,3,4,4,4,5,6,7,10,14,14,14,1449,0,4,3.9434598344574208,1.99500001326669,38.40190000482835,83.99585921325051

1790085526,83,,Aggregated,74.000000,0.000000,4,5,6,6,7,8,10,12,26,26,26,3403,0,4,4.949741492947037,1.99500001326669,38.40190000482835,24158.30561269468

1790085527,84,GET,[GET] /actuator/health,11.600000,0.000000,4,5,5,5,6,6,11,13,13,13,13,517,0,4,4.522412185962726,2.3981999984243885,12.740599995595403,49.0

1790085527,84,GET,[GET] /api/soporte/election/status,11.500000,0.000000,4,4,4,4,5,6,6,7,8,8,8,494,0,4,4.0726449395019015,2.1791000035591424,11.084800004027784,78.0

1790085527,84,GET,[GET] /api/soporte/tickets,21.900000,0.000000,6,7,7,8,9,10,12,16,26,26,26,991,0,7,7.09133410708148,4.153200003202073,32.86849999858532,84651.0

1790085527,84,GET,[GET] /health,30.400000,0.000000,4,4,4,4,5,6,7,10,14,14,14,1474,0,4,3.9396044776910473,1.99500001326669,38.40190000482835,83.99592944369064

1790085527,84,,Aggregated,75.400000,0.000000,4,5,6,6,7,8,10,12,26,26,26,3476,0,4,4.943746490359902,1.99500001326669,38.40190000482835,24187.80667433832

1790085528,85,GET,[GET] /actuator/health,11.200000,0.000000,4,5,5,5,6,7,11,11,13,13,13,533,0,4,4.536829268575977,2.3981999984243885,12.740599995595403,49.0

1790085528,85,GET,[GET] /api/soporte/election/status,12.000000,0.000000,4,4,4,5,6,6,8,8,9,9,9,513,0,4,4.087084015880368,2.1791000035591424,11.084800004027784,78.0

1790085528,85,GET,[GET] /api/soporte/tickets,21.300000,0.000000,6,7,7,8,9,11,13,16,17,17,17,1013,0,7,7.119309476916108,4.153200003202073,32.86849999858532,84651.0

1790085528,85,GET,[GET] /health,30.900000,0.000000,4,4,4,4,5,6,7,10,14,14,14,1509,0,4,3.9359813122044214,1.99500001326669,38.40190000482835,83.99602385685884

1790085528,85,,Aggregated,75.400000,0.000000,4,5,6,6,7,8,11,12,17,17,17,3568,0,4,4.951250112256198,1.99500001326669,38.40190000482835,24087.540358744394

1790085529,86,GET,[GET] /actuator/health,11.200000,0.000000,4,5,5,5,6,7,11,11,13,13,13,546,0,4,4.515202014915766,2.3981999984243885,12.740599995595403,49.0

1790085529,86,GET,[GET] /api/soporte/election/status,12.300000,0.000000,4,4,4,4,5,6,8,8,9,9,9,525,0,4,4.084956762103719,2.1791000035591424,11.084800004027784,78.0

1790085529,86,GET,[GET] /api/soporte/tickets,21.700000,0.000000,6,7,7,7,9,10,12,14,17,17,17,1041,0,7,7.089067723406465,4.153200003202073,32.86849999858532,84651.0

1790085529,86,GET,[GET] /health,30.200000,0.000000,4,4,4,4,5,6,7,8,14,14,14,1548,0,4,3.9313610465611295,1.99500001326669,38.40190000482835,83.99612403100775

1790085529,86,,Aggregated,75.400000,0.000000,4,5,6,6,7,8,11,12,17,17,17,3660,0,4,4.938625409942956,1.99500001326669,38.40190000482835,24130.989344262296

1790085530,87,GET,[GET] /actuator/health,11.400000,0.000000,4,5,5,5,6,8,11,11,13,13,13,559,0,4,4.524705188095025,2.3981999984243885,12.740599995595403,49.0

1790085530,87,GET,[GET] /api/soporte/election/status,13.400000,0.000000,4,4,4,5,6,6,8,8,9,9,9,541,0,4,4.079606654553919,2.1791000035591424,11.084800004027784,78.0

1790085530,87,GET,[GET] /api/soporte/tickets,21.800000,0.000000,6,7,7,7,9,10,12,14,17,17,17,1070,0,7,7.070711495356948,4.153200003202073,32.86849999858532,84651.0

1790085530,87,GET,[GET] /health,31.200000,0.000000,4,4,4,4,5,6,7,8,14,14,14,1579,0,4,3.9249862571665104,1.99500001326669,38.40190000482835,83.99620012666244

1790085530,87,,Aggregated,77.800000,0.000000,4,5,6,6,7,8,10,12,17,17,17,3749,0,4,4.934540410871337,1.99500001326669,38.40190000482835,24214.134169111763

1790085531,88,GET,[GET] /actuator/health,11.800000,0.000000,4,5,5,5,7,8,11,11,13,13,13,570,0,4,4.529740175680592,2.3981999984243885,12.740599995595403,49.0

1790085531,88,GET,[GET] /api/soporte/election/status,13.700000,0.000000,4,4,4,5,6,6,8,8,9,9,9,548,0,4,4.0802708031383625,2.1791000035591424,11.084800004027784,78.0

1790085531,88,GET,[GET] /api/soporte/tickets,21.800000,0.000000,6,7,7,8,9,10,12,14,17,17,17,1095,0,7,7.0620147031880744,4.153200003202073,32.86849999858532,84651.0

1790085531,88,GET,[GET] /health,32.800000,0.000000,4,4,4,4,5,6,7,8,14,14,14,1620,0,4,3.918696728439421,1.99500001326669,38.40190000482835,83.9962962962963

1790085531,88,,Aggregated,80.100000,0.000000,4,5,6,6,7,8,10,12,17,17,17,3833,0,4,4.9306379077277755,1.99500001326669,38.40190000482835,24236.783981215758

1790085532,89,GET,[GET] /actuator/health,12.200000,0.000000,4,5,5,5,6,8,10,11,13,13,13,587,0,4,4.525193867277198,2.3981999984243885,12.740599995595403,49.0

1790085532,89,GET,[GET] /api/soporte/election/status,14.300000,0.000000,4,4,5,5,6,6,8,8,9,9,9,559,0,4,4.106308050321004,2.1791000035591424,11.084800004027784,78.0

1790085532,89,GET,[GET] /api/soporte/tickets,23.000000,0.000000,6,7,7,8,8,10,12,14,17,17,17,1118,0,7,7.043235509868063,4.153200003202073,32.86849999858532,84651.0

1790085532,89,GET,[GET] /health,32.300000,0.000000,3,4,4,4,5,6,7,7,9,9,9,1657,0,4,3.918415811754874,1.99500001326669,38.40190000482835,83.9963789981895

1790085532,89,,Aggregated,81.800000,0.000000,4,5,6,6,7,8,10,11,17,17,17,3921,0,4,4.927025580293669,1.99500001326669,38.40190000482835,24190.60571282836

1790085533,90,GET,[GET] /actuator/health,11.700000,0.000000,4,5,5,5,7,8,11,13,14,14,14,600,0,4,4.539449500128588,2.3981999984243885,13.944499994977377,49.0

1790085533,90,GET,[GET] /api/soporte/election/status,13.600000,0.000000,4,4,5,5,6,6,8,8,9,9,9,574,0,4,4.103355226690033,2.1791000035591424,11.084800004027784,78.0

1790085533,90,GET,[GET] /api/soporte/tickets,22.800000,0.000000,6,7,7,8,9,10,12,14,17,17,17,1150,0,7,7.04749382610949,4.153200003202073,32.86849999858532,84651.0

1790085533,90,GET,[GET] /health,33.400000,0.000000,3,4,4,4,5,6,7,8,13,13,13,1687,0,4,3.924959573231096,1.99500001326669,38.40190000482835,83.99644339063425

1790085533,90,,Aggregated,81.500000,0.000000,4,5,6,6,7,8,10,12,17,17,17,4011,0,4,4.937676464787835,1.99500001326669,38.40190000482835,24324.239341810022

1790085534,91,GET,[GET] /actuator/health,12.600000,0.000000,4,5,5,5,6,8,10,11,14,14,14,612,0,4,4.538413235399145,2.3981999984243885,13.944499994977377,49.0

1790085534,91,GET,[GET] /api/soporte/election/status,13.700000,0.000000,4,4,5,5,6,7,8,8,9,9,9,585,0,4,4.115883589987882,2.1791000035591424,11.084800004027784,78.0

1790085534,91,GET,[GET] /api/soporte/tickets,22.700000,0.000000,6,7,7,8,9,10,12,14,17,17,17,1177,0,7,7.028823449434542,3.862799989292398,32.86849999858532,84651.0

1790085534,91,GET,[GET] /health,34.000000,0.000000,3,4,4,5,5,6,7,8,13,13,13,1731,0,4,3.9201484690578376,1.99500001326669,38.40190000482835,83.99653379549393

1790085534,91,,Aggregated,83.000000,0.000000,4,5,6,6,7,8,10,12,17,17,17,4105,0,4,4.931547624879601,1.99500001326669,38.40190000482835,24325.272350791718

1790085535,92,GET,[GET] /actuator/health,12.600000,0.000000,4,5,5,5,6,8,10,11,14,14,14,627,0,4,4.537179585361699,2.3981999984243885,13.944499994977377,49.0

1790085535,92,GET,[GET] /api/soporte/election/status,14.000000,0.000000,4,5,5,5,6,8,8,8,9,9,9,603,0,4,4.124130680186984,2.1791000035591424,11.084800004027784,78.0

1790085535,92,GET,[GET] /api/soporte/tickets,24.100000,0.000000,6,7,7,8,9,10,12,13,17,17,17,1204,0,6,7.0171781561026645,3.862799989292398,32.86849999858532,84651.0

1790085535,92,GET,[GET] /health,33.700000,0.000000,3,4,4,5,5,6,7,8,13,13,13,1762,0,4,3.917756186124037,1.99500001326669,38.40190000482835,83.99659477866061

1790085535,92,,Aggregated,84.400000,0.000000,4,5,6,6,7,8,10,11,17,17,17,4196,0,4,4.929321091533055,1.99500001326669,38.40190000482835,24343.556482364158

1790085536,93,GET,[GET] /actuator/health,12.500000,0.000000,4,5,5,5,7,8,10,11,14,14,14,645,0,4,4.5495857364839205,2.3981999984243885,13.944499994977377,49.0

1790085536,93,GET,[GET] /api/soporte/election/status,13.700000,0.000000,4,5,5,5,6,8,8,8,9,9,9,613,0,4,4.120483523908718,2.1791000035591424,11.084800004027784,78.0

1790085536,93,GET,[GET] /api/soporte/tickets,24.400000,0.000000,6,7,7,8,9,10,12,14,17,17,17,1230,0,6,7.011021951171362,3.862799989292398,32.86849999858532,84651.0

1790085536,93,GET,[GET] /health,34.400000,0.000000,3,4,4,5,6,7,7,8,13,13,13,1797,0,4,3.923385086216115,1.99500001326669,38.40190000482835,83.9966611018364

1790085536,93,,Aggregated,85.000000,0.000000,4,5,6,6,7,8,10,11,17,17,17,4285,0,4,4.93213983665328,1.99500001326669,38.40190000482835,24352.64667444574

1790085537,94,GET,[GET] /actuator/health,13.200000,0.000000,4,5,5,5,6,8,10,10,14,14,14,659,0,4,4.546725796725514,2.3981999984243885,13.944499994977377,49.0

1790085537,94,GET,[GET] /api/soporte/election/status,13.800000,0.000000,4,4,5,5,6,7,8,8,8,8,8,628,0,4,4.112027707228112,2.1791000035591424,11.084800004027784,78.0

1790085537,94,GET,[GET] /api/soporte/tickets,24.900000,0.000000,6,7,7,8,9,10,11,12,14,14,14,1259,0,6,7.004552422542786,3.862799989292398,32.86849999858532,84651.0

1790085537,94,GET,[GET] /health,34.300000,0.000000,3,4,4,5,6,6,7,8,13,13,13,1841,0,4,3.921607658853208,1.99500001326669,38.40190000482835,83.99674090168386

1790085537,94,,Aggregated,86.200000,0.000000,4,5,6,6,7,8,10,11,14,14,14,4387,0,4,4.9275260770712315,1.99500001326669,38.40190000482835,24347.28105767039

1790085538,95,GET,[GET] /actuator/health,13.900000,0.000000,4,5,5,5,6,8,10,10,14,14,14,669,0,4,4.54140612859469,2.3981999984243885,13.944499994977377,49.0

1790085538,95,GET,[GET] /api/soporte/election/status,13.300000,0.000000,4,4,5,5,6,7,8,8,10,10,10,643,0,4,4.104567962851807,2.1791000035591424,11.084800004027784,78.0

1790085538,95,GET,[GET] /api/soporte/tickets,25.800000,0.000000,6,7,7,8,9,10,11,12,14,14,14,1283,0,6,6.985818394424396,3.862799989292398,32.86849999858532,84651.0

1790085538,95,GET,[GET] /health,34.600000,0.000000,3,4,4,5,6,6,7,8,13,13,13,1882,0,4,3.9150130712064346,1.99500001326669,38.40190000482835,83.99681190223167

1790085538,95,,Aggregated,87.600000,0.000000,4,5,6,6,7,8,10,11,14,14,14,4477,0,4,4.915858275675803,1.99500001326669,38.40190000482835,24312.765244583425

1790085539,96,GET,[GET] /actuator/health,14.000000,0.000000,4,5,5,5,6,8,10,10,14,14,14,677,0,4,4.543659822752925,2.3981999984243885,13.944499994977377,49.0

1790085539,96,GET,[GET] /api/soporte/election/status,13.500000,0.000000,4,4,5,5,6,7,8,8,10,10,10,660,0,4,4.091297272922627,2.1791000035591424,11.084800004027784,78.0

1790085539,96,GET,[GET] /api/soporte/tickets,26.700000,0.000000,6,7,7,8,9,10,11,13,14,14,14,1312,0,6,6.978225533613313,3.862799989292398,32.86849999858532,84651.0

1790085539,96,GET,[GET] /health,35.900000,0.000000,3,4,4,5,6,6,8,9,13,13,13,1918,0,4,3.9106540145982267,1.99500001326669,38.40190000482835,83.99687174139729

1790085539,96,,Aggregated,90.100000,0.000000,4,5,6,6,7,8,10,11,14,14,14,4567,0,4,4.911841515268826,1.99500001326669,38.40190000482835,24372.207357127216

1790085540,97,GET,[GET] /actuator/health,13.600000,0.000000,4,5,5,5,6,8,9,10,14,14,14,689,0,4,4.532977939032205,2.3981999984243885,13.944499994977377,49.0

1790085540,97,GET,[GET] /api/soporte/election/status,12.900000,0.000000,4,4,5,5,5,7,8,8,10,10,10,672,0,4,4.085396279931176,2.1791000035591424,11.084800004027784,78.0

1790085540,97,GET,[GET] /api/soporte/tickets,26.700000,0.000000,6,7,7,7,8,10,11,13,14,14,14,1344,0,6,6.9570448661341375,3.862799989292398,32.86849999858532,84651.0

1790085540,97,GET,[GET] /health,36.900000,0.000000,3,4,4,5,6,6,7,9,13,13,13,1961,0,4,3.910568638453068,1.99500001326669,38.40190000482835,83.99694033656297

1790085540,97,,Aggregated,90.100000,0.000000,4,5,6,6,7,8,10,11,14,14,14,4666,0,4,4.90516534509166,1.99500001326669,38.40190000482835,24436.74217745392

1790085541,98,GET,[GET] /actuator/health,13.100000,0.000000,4,5,5,5,6,7,9,10,14,14,14,707,0,4,4.520192220619362,2.3981999984243885,13.944499994977377,49.0

1790085541,98,GET,[GET] /api/soporte/election/status,13.500000,0.000000,4,4,4,5,5,7,8,8,10,10,10,690,0,4,4.0737843480504425,2.1791000035591424,11.084800004027784,78.0

1790085541,98,GET,[GET] /api/soporte/tickets,27.100000,0.000000,6,7,7,7,9,10,11,13,14,14,14,1361,0,6,6.947366348342029,3.862799989292398,32.86849999858532,84651.0

1790085541,98,GET,[GET] /health,36.800000,0.000000,3,4,4,5,6,6,7,8,13,13,13,2007,0,4,3.9044574987872163,1.99500001326669,38.40190000482835,83.99701046337817

1790085541,98,,Aggregated,90.600000,0.000000,4,5,6,6,7,8,10,11,14,14,14,4765,0,4,4.88946461706026,1.99500001326669,38.40190000482835,24232.33074501574

1790085542,99,GET,[GET] /actuator/health,13.100000,0.000000,4,5,5,5,6,6,8,9,10,10,10,721,0,4,4.512933703161544,2.3981999984243885,13.944499994977377,49.0

1790085542,99,GET,[GET] /api/soporte/election/status,12.900000,0.000000,4,4,4,4,5,7,8,8,10,10,10,705,0,4,4.061327943518917,2.1791000035591424,11.084800004027784,78.0

1790085542,99,GET,[GET] /api/soporte/tickets,27.200000,0.000000,6,7,7,7,8,10,11,14,37,37,37,1385,0,6,6.953873790654317,3.862799989292398,36.64859999844339,84651.0

1790085542,99,GET,[GET] /health,37.900000,0.000000,3,4,4,5,5,6,7,7,11,11,11,2050,0,4,3.9013191707227834,1.99500001326669,38.40190000482835,83.99707317073171

1790085542,99,,Aggregated,91.100000,0.000000,4,5,6,6,7,8,9,11,37,37,37,4861,0,4,4.884978584694146,1.99500001326669,38.40190000482835,24172.83439621477

1790085543,100,GET,[GET] /actuator/health,13.800000,0.000000,4,4,5,5,6,7,9,10,12,12,12,738,0,4,4.513895799435686,2.3981999984243885,13.944499994977377,49.0

1790085543,100,GET,[GET] /api/soporte/election/status,14.000000,0.000000,4,4,4,4,5,6,8,8,10,10,10,718,0,4,4.074541086625778,2.1791000035591424,11.084800004027784,78.0

1790085543,100,GET,[GET] /api/soporte/tickets,26.700000,0.000000,6,7,7,7,9,11,15,15,37,37,37,1416,0,6,6.9889527543133525,3.862799989292398,36.64859999844339,84651.0

1790085543,100,GET,[GET] /health,38.000000,0.000000,4,4,4,5,5,6,7,8,13,13,13,2091,0,4,3.909421807750396,1.99500001326669,38.40190000482835,83.99713055954089

1790085543,100,,Aggregated,92.500000,0.000000,4,5,6,6,7,8,10,13,37,37,37,4963,0,4,4.90182020961004,1.99500001326669,38.40190000482835,24205.847269796493

1790085544,101,GET,[GET] /actuator/health,13.500000,0.000000,4,5,5,5,6,7,8,9,12,12,12,754,0,4,4.52431578249967,2.3981999984243885,13.944499994977377,49.0

1790085544,101,GET,[GET] /api/soporte/election/status,14.600000,0.000000,4,4,4,4,5,5,8,8,10,10,10,733,0,4,4.0716525241634125,2.1791000035591424,11.084800004027784,78.0

1790085544,101,GET,[GET] /api/soporte/tickets,26.800000,0.000000,6,7,7,8,9,11,15,15,37,37,37,1451,0,6,6.980775120675093,3.862799989292398,36.64859999844339,84651.0

1790085544,101,GET,[GET] /health,38.800000,0.000000,4,4,4,5,6,6,7,7,13,13,13,2123,0,4,3.9111973622642076,1.99500001326669,38.40190000482835,83.99717381064531

1790085544,101,,Aggregated,93.700000,0.000000,4,5,6,6,7,8,10,13,37,37,37,5061,0,4,4.9058352302712915,1.99500001326669,38.40190000482835,24323.463149575182

1790085545,102,GET,[GET] /actuator/health,13.600000,0.000000,4,4,5,5,6,7,8,8,12,12,12,769,0,4,4.527878023424248,2.3981999984243885,13.944499994977377,49.0

1790085545,102,GET,[GET] /api/soporte/election/status,14.200000,0.000000,4,4,4,4,5,5,8,8,10,10,10,754,0,4,4.062650796113689,2.1791000035591424,11.084800004027784,78.0

1790085545,102,GET,[GET] /api/soporte/tickets,26.100000,0.000000,6,7,7,8,8,10,15,20,37,37,37,1480,0,6,6.978571283852451,3.862799989292398,36.64859999844339,84651.0

1790085545,102,GET,[GET] /health,40.100000,0.000000,4,4,4,5,5,6,7,8,13,13,13,2172,0,4,3.9091420810375728,1.99500001326669,38.40190000482835,83.99723756906077

1790085545,102,,Aggregated,94.000000,0.000000,4,5,6,6,7,8,10,13,37,37,37,5175,0,4,4.901279033893373,1.99500001326669,38.40190000482835,24263.268599033818

1790085546,103,GET,[GET] /actuator/health,14.100000,0.000000,4,4,5,5,6,7,8,8,12,12,12,784,0,4,4.527995790860067,2.3981999984243885,13.944499994977377,49.0

1790085546,103,GET,[GET] /api/soporte/election/status,14.800000,0.000000,4,4,4,4,5,6,8,8,10,10,10,761,0,4,4.059557161964268,2.1791000035591424,11.084800004027784,78.0

1790085546,103,GET,[GET] /api/soporte/tickets,27.100000,0.000000,6,7,7,7,8,10,15,20,37,37,37,1501,0,6,6.963990606314615,3.862799989292398,36.64859999844339,84651.0

1790085546,103,GET,[GET] /health,39.500000,0.000000,4,4,4,5,5,6,7,10,13,13,13,2217,0,4,3.911735047361781,1.99500001326669,38.40190000482835,83.99729364005412

1790085546,103,,Aggregated,95.500000,0.000000,4,5,6,6,7,8,10,13,37,37,37,5263,0,4,4.895409120343608,1.99500001326669,38.40190000482835,24196.303819114575

1790085547,104,GET,[GET] /actuator/health,13.900000,0.000000,4,5,5,6,6,7,8,8,12,12,12,797,0,4,4.531386198237576,2.3981999984243885,13.944499994977377,49.0

1790085547,104,GET,[GET] /api/soporte/election/status,14.800000,0.000000,4,4,4,4,5,6,8,8,8,8,8,777,0,4,4.059171943716763,2.1791000035591424,11.084800004027784,78.0

1790085547,104,GET,[GET] /api/soporte/tickets,27.400000,0.000000,6,7,7,7,8,10,15,20,37,37,37,1531,0,6,6.950613063410171,3.862799989292398,36.64859999844339,84651.0

1790085547,104,GET,[GET] /health,40.100000,0.000000,4,4,4,5,5,7,7,10,13,13,13,2260,0,4,3.910081415928836,1.99500001326669,38.40190000482835,83.99734513274336

1790085547,104,,Aggregated,96.200000,0.000000,4,5,6,6,7,8,10,13,37,37,37,5365,0,4,4.891642870520673,1.99500001326669,38.40190000482835,24210.6568499534

1790085548,105,GET,[GET] /actuator/health,13.800000,0.000000,4,4,5,6,6,7,8,11,12,12,12,810,0,4,4.53399888891583,2.3981999984243885,13.944499994977377,49.0

1790085548,105,GET,[GET] /api/soporte/election/status,14.700000,0.000000,4,4,4,5,5,6,8,8,11,11,11,792,0,4,4.069224495311812,2.1791000035591424,11.084800004027784,78.0

1790085548,105,GET,[GET] /api/soporte/tickets,26.700000,0.000000,6,7,7,8,9,11,20,31,100,100,100,1558,0,6,7.032994287609991,3.862799989292398,101.75909999816213,84651.0

1790085548,105,GET,[GET] /health,41.400000,0.000000,4,4,4,5,6,7,8,12,83,83,83,2311,0,4,3.9564625270581475,1.99500001326669,82.81900000292808,83.99740372133276

1790085548,105,,Aggregated,96.600000,0.000000,4,5,6,6,7,8,11,15,100,100,100,5471,0,4,4.934409596131698,1.99500001326669,101.75909999816213,24160.45366477792

1790085549,106,GET,[GET] /actuator/health,13.700000,0.000000,4,5,5,6,7,8,8,11,12,12,12,831,0,4,4.53540445249721,2.3981999984243885,13.944499994977377,49.0

1790085549,106,GET,[GET] /api/soporte/election/status,14.700000,0.000000,4,4,4,5,5,8,8,9,11,11,11,806,0,4,4.070091439571657,2.1791000035591424,11.084800004027784,78.0

1790085549,106,GET,[GET] /api/soporte/tickets,27.000000,0.000000,6,7,8,8,10,12,20,31,100,100,100,1578,0,6,7.031823954414308,3.862799989292398,101.75909999816213,84651.0

1790085549,106,GET,[GET] /health,42.000000,0.000000,4,4,4,5,6,7,8,10,83,83,83,2358,0,4,3.947579219698224,1.99500001326669,82.81900000292808,83.99745547073792

1790085549,106,,Aggregated,97.400000,0.000000,4,5,6,6,7,8,11,15,100,100,100,5573,0,4,4.926256020174794,1.99500001326669,101.75909999816213,24023.13493630002

1790085550,107,GET,[GET] /actuator/health,14.100000,0.000000,4,5,5,6,6,8,8,11,12,12,12,848,0,4,4.5324337264352135,2.3981999984243885,13.944499994977377,49.0

1790085550,107,GET,[GET] /api/soporte/election/status,14.700000,0.000000,4,4,4,5,6,8,8,9,11,11,11,827,0,4,4.066531560209184,2.1791000035591424,11.084800004027784,78.0

1790085550,107,GET,[GET] /api/soporte/tickets,27.400000,0.000000,6,7,8,8,10,12,22,33,100,100,100,1601,0,6,7.043774453516634,3.862799989292398,101.75909999816213,84651.0

1790085550,107,GET,[GET] /health,42.300000,0.000000,4,4,4,5,6,7,8,10,83,83,83,2410,0,4,3.9451767634808115,1.99500001326669,82.81900000292808,83.99751037344399

1790085550,107,,Aggregated,98.500000,0.000000,4,5,6,6,7,9,12,15,100,100,100,5686,0,4,4.92287799865968,1.99500001326669,101.75909999816213,23889.33221948646

1790085551,108,GET,[GET] /actuator/health,15.200000,0.000000,4,5,5,6,7,8,9,11,12,12,12,871,0,4,4.535418714151528,2.3981999984243885,13.944499994977377,49.0

1790085551,108,GET,[GET] /api/soporte/election/status,14.500000,0.000000,4,4,5,5,6,7,8,9,11,11,11,841,0,4,4.058686088350232,2.1791000035591424,11.084800004027784,78.0

1790085551,108,GET,[GET] /api/soporte/tickets,26.500000,0.000000,6,7,8,8,11,13,22,32,100,100,100,1630,0,6,7.0682985889793235,3.862799989292398,101.75909999816213,84651.0

1790085551,108,GET,[GET] /health,43.100000,0.000000,4,4,5,5,6,7,9,12,83,83,83,2455,0,4,3.953689979645376,1.99500001326669,82.81900000292808,83.99755600814665

1790085551,108,,Aggregated,99.200000,0.000000,4,5,6,6,8,9,13,15,100,100,100,5797,0,4,4.932092513436989,1.99500001326669,101.75909999816213,23856.41210971192

1790085552,109,GET,[GET] /actuator/health,15.700000,0.000000,4,5,6,6,7,8,9,11,11,11,11,887,0,4,4.539342051832081,2.3981999984243885,13.944499994977377,49.0

1790085552,109,GET,[GET] /api/soporte/election/status,15.400000,0.000000,4,4,4,5,6,6,8,9,11,11,11,854,0,4,4.0568475413779055,2.1791000035591424,11.084800004027784,78.0

1790085552,109,GET,[GET] /api/soporte/tickets,25.600000,0.000000,6,7,8,8,11,13,22,32,100,100,100,1656,0,6,7.0649810990605895,3.862799989292398,101.75909999816213,84651.0

1790085552,109,GET,[GET] /health,44.400000,0.000000,4,4,4,5,6,7,9,10,83,83,83,2508,0,4,3.9537578150018677,1.99500001326669,82.81900000292808,83.99760765550239

1790085552,109,,Aggregated,101.100000,0.000000,4,5,6,6,8,9,12,15,100,100,100,5905,0,4,4.929140982282948,1.99500001326669,101.75909999816213,23793.869093988145

1790085553,110,GET,[GET] /actuator/health,15.900000,0.000000,4,5,5,6,7,8,9,11,25,25,25,906,0,4,4.571275827743444,2.3432000016327947,25.458999996772036,49.0

1790085553,110,GET,[GET] /api/soporte/election/status,14.900000,0.000000,4,4,4,5,6,7,9,9,11,11,11,871,0,4,4.0602453505794385,2.1791000035591424,11.084800004027784,78.0

1790085553,110,GET,[GET] /api/soporte/tickets,26.400000,0.000000,6,7,8,8,11,13,20,32,100,100,100,1681,0,6,7.069297263575432,3.862799989292398,101.75909999816213,84651.0

1790085553,110,GET,[GET] /health,44.900000,0.000000,4,4,4,5,6,7,9,11,83,83,83,2558,0,4,3.959780922588032,1.99500001326669,82.81900000292808,83.99765441751369

1790085553,110,,Aggregated,102.100000,0.000000,4,5,6,6,8,9,12,15,100,100,100,6016,0,4,4.935282230774724,1.99500001326669,101.75909999816213,23707.700964095744

1790085554,111,GET,[GET] /actuator/health,16.600000,0.000000,4,5,6,6,7,8,9,11,25,25,25,921,0,4,4.571501845744819,2.3432000016327947,25.458999996772036,49.0

1790085554,111,GET,[GET] /api/soporte/election/status,14.900000,0.000000,4,4,5,5,6,7,9,9,11,11,11,890,0,4,4.063048314995111,2.1791000035591424,11.084800004027784,78.0

1790085554,111,GET,[GET] /api/soporte/tickets,26.700000,0.000000,6,7,8,8,11,13,20,32,100,100,100,1719,0,6,7.064831879061992,3.862799989292398,101.75909999816213,84651.0

1790085554,111,GET,[GET] /health,46.100000,0.000000,4,4,4,5,6,7,9,11,83,83,83,2599,0,4,3.95598945747149,1.99500001326669,82.81900000292808,83.99769141977684

1790085554,111,,Aggregated,104.300000,0.000000,4,5,6,6,8,9,12,15,100,100,100,6129,0,4,4.935964888293783,1.99500001326669,101.75909999816213,23796.366128242782

1790085555,112,GET,[GET] /actuator/health,17.000000,0.000000,4,5,6,6,7,8,9,11,25,25,25,939,0,4,4.56859169321651,2.3432000016327947,25.458999996772036,49.0

1790085555,112,GET,[GET] /api/soporte/election/status,15.400000,0.000000,4,4,5,5,6,6,9,9,11,11,11,901,0,4,4.065337514237461,2.1791000035591424,11.084800004027784,78.0

1790085555,112,GET,[GET] /api/soporte/tickets,26.300000,0.000000,6,7,8,8,11,13,15,32,100,100,100,1747,0,6,7.06219032635073,3.862799989292398,101.75909999816213,84651.0

1790085555,112,GET,[GET] /health,45.600000,0.000000,4,4,4,5,6,7,9,11,83,83,83,2648,0,4,3.9477851208139985,1.99500001326669,82.81900000292808,83.99773413897282

1790085555,112,,Aggregated,104.300000,0.000000,4,5,6,6,8,9,12,15,100,100,100,6235,0,4,4.930899470779222,1.99500001326669,101.75909999816213,23772.896872493984

1790085556,113,GET,[GET] /actuator/health,16.500000,0.000000,4,5,5,6,7,8,9,11,25,25,25,957,0,4,4.561005956021331,2.3432000016327947,25.458999996772036,49.0

1790085556,113,GET,[GET] /api/soporte/election/status,15.200000,0.000000,4,4,5,5,6,7,9,9,11,11,11,913,0,4,4.0618444691301985,2.1791000035591424,11.084800004027784,78.0

1790085556,113,GET,[GET] /api/soporte/tickets,26.300000,0.000000,7,7,8,8,11,13,15,32,100,100,100,1786,0,6,7.057736058309982,3.862799989292398,101.75909999816213,84651.0

1790085556,113,GET,[GET] /health,46.900000,0.000000,4,4,4,5,6,7,9,11,83,83,83,2691,0,4,3.9473165737318627,1.99500001326669,82.81900000292808,83.99777034559644

1790085556,113,,Aggregated,104.900000,0.000000,4,5,6,6,8,9,12,15,100,100,100,6347,0,4,4.931572743072689,1.99500001326669,101.75909999816213,23874.402237277453

1790085557,114,GET,[GET] /actuator/health,17.100000,0.000000,4,5,5,6,6,8,9,11,25,25,25,975,0,4,4.553784615291545,2.3432000016327947,25.458999996772036,49.0

1790085557,114,GET,[GET] /api/soporte/election/status,14.700000,0.000000,4,4,5,5,6,6,8,9,9,9,9,922,0,4,4.055497939618852,2.1791000035591424,11.084800004027784,78.0

1790085557,114,GET,[GET] /api/soporte/tickets,26.500000,0.000000,6,7,7,8,10,12,13,18,33,33,33,1824,0,6,7.037499232522174,3.862799989292398,101.75909999816213,84651.0

1790085557,114,GET,[GET] /health,48.200000,0.000000,4,4,4,5,6,7,8,9,17,17,17,2738,0,4,3.945466362266576,1.99500001326669,82.81900000292808,83.99780861943024

1790085557,114,,Aggregated,106.500000,0.000000,4,5,6,6,7,9,11,13,32,33,33,6459,0,4,4.9261796872958925,1.99500001326669,101.75909999816213,23959.297259637715

1790085558,115,GET,[GET] /actuator/health,17.200000,0.000000,4,5,5,6,6,7,9,11,25,25,25,992,0,4,4.53857651201918,2.3432000016327947,25.458999996772036,49.0

1790085558,115,GET,[GET] /api/soporte/election/status,15.000000,0.000000,4,4,5,5,6,6,7,8,9,9,9,941,0,4,4.049528586967946,2.1791000035591424,11.084800004027784,78.0

1790085558,115,GET,[GET] /api/soporte/tickets,28.400000,0.000000,6,7,7,8,10,12,13,18,33,33,33,1859,0,6,7.033340398104415,3.862799989292398,101.75909999816213,84651.0

1790085558,115,GET,[GET] /health,47.200000,0.000000,4,4,4,5,6,7,8,9,17,17,17,2787,0,4,3.947395945427888,1.99500001326669,82.81900000292808,83.9978471474704

1790085558,115,,Aggregated,107.800000,0.000000,4,5,6,6,7,9,11,13,32,33,33,6579,0,4,4.9231260982282254,1.99500001326669,101.75909999816213,23973.600395196838

1790085559,116,GET,[GET] /actuator/health,17.900000,0.000000,4,5,5,6,7,8,9,11,25,25,25,1012,0,4,4.54737727267791,2.3432000016327947,25.458999996772036,49.0

1790085559,116,GET,[GET] /api/soporte/election/status,14.700000,0.000000,4,4,5,5,6,6,8,9,10,10,10,956,0,4,4.060883263945429,2.1791000035591424,11.084800004027784,78.0

1790085559,116,GET,[GET] /api/soporte/tickets,28.800000,0.000000,6,7,7,8,10,12,14,18,32,32,32,1890,0,6,7.034211269884417,3.862799989292398,101.75909999816213,84651.0

1790085559,116,GET,[GET] /health,47.700000,0.000000,4,4,5,5,6,6,8,9,17,17,17,2830,0,4,3.949079363928349,1.9823000038741156,82.81900000292808,83.99787985865724

1790085559,116,,Aggregated,109.100000,0.000000,4,5,6,6,7,9,11,13,25,32,32,6688,0,4,4.927437814037178,1.9823000038741156,101.75909999816213,23976.11543062201

1790085560,117,GET,[GET] /actuator/health,18.100000,0.000000,4,5,5,6,7,8,9,11,25,25,25,1031,0,4,4.550079825379078,2.3432000016327947,25.458999996772036,49.0

1790085560,117,GET,[GET] /api/soporte/election/status,14.800000,0.000000,4,4,5,5,6,6,8,9,10,10,10,973,0,4,4.065657657078077,2.1791000035591424,11.084800004027784,78.0

1790085560,117,GET,[GET] /api/soporte/tickets,29.900000,0.000000,6,7,7,8,9,11,12,15,33,33,33,1925,0,6,7.042839740291117,3.862799989292398,101.75909999816213,84651.0

1790085560,117,GET,[GET] /health,47.200000,0.000000,4,4,5,5,6,6,8,9,17,17,17,2877,0,4,3.9542200208476412,1.9823000038741156,82.81900000292808,83.99791449426486

1790085560,117,,Aggregated,110.000000,0.000000,5,5,6,6,7,8,11,12,25,33,33,6806,0,4,4.933995695025252,1.9823000038741156,101.75909999816213,23996.657361151923

1790085561,118,GET,[GET] /actuator/health,18.000000,0.000000,4,5,5,6,6,7,9,25,32,32,32,1048,0,4,4.57314045798524,2.3432000016327947,32.10070000204723,49.0

1790085561,118,GET,[GET] /api/soporte/election/status,14.800000,0.000000,4,4,5,5,6,6,8,9,10,10,10,990,0,4,4.068598182148164,2.1791000035591424,11.084800004027784,78.0

1790085561,118,GET,[GET] /api/soporte/tickets,30.600000,0.000000,6,7,7,8,9,11,14,18,33,33,33,1956,0,6,7.054423415157416,3.862799989292398,101.75909999816213,84651.0

1790085561,118,GET,[GET] /health,47.500000,0.000000,4,4,5,5,6,6,8,12,33,33,33,2933,0,4,3.9780516535840484,1.9823000038741156,82.81900000292808,83.99795431299012

1790085561,118,,Aggregated,110.900000,0.000000,5,5,6,6,7,8,11,14,33,33,33,6927,0,4,4.949709989938665,1.9823000038741156,101.75909999816213,23957.311101486936

1790085562,119,GET,[GET] /actuator/health,18.000000,0.000000,4,5,5,5,6,7,8,9,32,32,32,1064,0,4,4.5683485901477106,2.3432000016327947,32.10070000204723,49.0

1790085562,119,GET,[GET] /api/soporte/election/status,14.400000,0.000000,4,4,5,5,6,6,8,9,10,10,10,1007,0,4,4.075173088686394,2.1791000035591424,11.084800004027784,78.0

1790085562,119,GET,[GET] /api/soporte/tickets,31.900000,0.000000,7,7,8,8,10,12,15,20,33,33,33,1988,0,6,7.072294114729796,3.862799989292398,101.75909999816213,84651.0

1790085562,119,GET,[GET] /health,46.800000,0.000000,4,4,5,5,6,7,8,9,33,33,33,2988,0,4,3.984113119138301,1.9823000038741156,82.81900000292808,83.99799196787149

1790085562,119,,Aggregated,111.100000,0.000000,5,5,6,6,8,9,11,15,33,33,33,7047,0,4,4.956530850048594,1.9823000038741156,101.75909999816213,23934.703561799346

1790085563,120,GET,[GET] /actuator/health,17.800000,0.000000,4,5,5,5,6,7,8,11,32,32,32,1077,0,4,4.570391921947724,2.3432000016327947,32.10070000204723,49.0

1790085563,120,GET,[GET] /api/soporte/election/status,15.200000,0.000000,4,4,5,5,6,7,9,10,35,35,35,1024,0,4,4.112048730789297,2.1791000035591424,34.63520000514109,78.0

1790085563,120,GET,[GET] /api/soporte/tickets,32.800000,0.000000,7,7,8,8,10,12,19,32,33,33,33,2023,0,6,7.107228324310076,3.862799989292398,101.75909999816213,84651.0

1790085563,120,GET,[GET] /health,46.800000,0.000000,4,4,5,5,6,7,8,12,33,33,33,3039,0,4,3.993641757129717,1.9823000038741156,82.81900000292808,83.99802566633761

1790085563,120,,Aggregated,112.600000,0.000000,5,6,6,6,8,9,12,20,33,35,35,7163,0,4,4.9766369119450555,1.9823000038741156,101.75909999816213,23961.59262878682

1790085564,121,GET,[GET] /actuator/health,17.300000,0.000000,4,5,5,5,6,8,8,11,32,32,32,1094,0,4,4.570986837256356,2.3432000016327947,32.10070000204723,49.0

1790085564,121,GET,[GET] /api/soporte/election/status,15.000000,0.000000,4,5,5,5,6,8,9,10,35,35,35,1036,0,4,4.121029150889581,2.1791000035591424,34.63520000514109,78.0

1790085564,121,GET,[GET] /api/soporte/tickets,32.800000,0.000000,7,7,8,8,10,13,19,32,33,33,33,2062,0,6,7.121486663497681,3.862799989292398,101.75909999816213,84651.0

1790085564,121,GET,[GET] /health,46.700000,0.000000,4,4,5,5,6,7,8,12,33,33,33,3092,0,4,3.998125355696102,1.9823000038741156,82.81900000292808,83.9980595084088

1790085564,121,,Aggregated,111.800000,0.000000,5,6,6,7,8,9,13,20,33,35,35,7284,0,4,4.985825768839185,1.9823000038741156,101.75909999816213,24017.641131246568

1790085565,122,GET,[GET] /actuator/health,16.800000,0.000000,4,5,5,6,7,8,12,27,32,32,32,1107,0,4,4.6119327009147595,2.3432000016327947,32.10070000204723,49.0

1790085565,122,GET,[GET] /api/soporte/election/status,15.000000,0.000000,4,5,5,5,6,8,9,10,35,35,35,1047,0,4,4.121854155010401,2.1791000035591424,34.63520000514109,78.0

1790085565,122,GET,[GET] /api/soporte/tickets,33.700000,0.000000,7,7,8,9,11,14,21,33,33,33,33,2101,0,6,7.166478819684123,3.862799989292398,101.75909999816213,84651.0

1790085565,122,GET,[GET] /health,48.000000,0.000000,4,4,5,5,6,8,9,12,33,33,33,3152,0,4,4.01647731594374,1.9823000038741156,82.81900000292808,83.9980964467005

1790085565,122,,Aggregated,113.500000,0.000000,5,6,6,7,8,10,15,29,33,35,35,7407,0,4,5.013865168113884,1.9823000038741156,101.75909999816213,24065.400567031185

1790085566,123,GET,[GET] /actuator/health,17.400000,0.000000,4,5,5,6,7,8,12,27,32,32,32,1124,0,4,4.606226690293139,2.3432000016327947,32.10070000204723,49.0

1790085566,123,GET,[GET] /api/soporte/election/status,14.900000,0.000000,4,5,5,5,6,8,9,10,35,35,35,1059,0,4,4.120623701884358,2.1791000035591424,34.63520000514109,78.0

1790085566,123,GET,[GET] /api/soporte/tickets,33.900000,0.000000,7,7,8,9,11,14,21,33,33,33,33,2146,0,6,7.154778052236786,3.862799989292398,101.75909999816213,84651.0

1790085566,123,GET,[GET] /health,48.600000,0.000000,4,4,5,5,6,8,9,12,33,33,33,3208,0,4,4.016862531120422,1.9823000038741156,82.81900000292808,83.99812967581047

1790085566,123,,Aggregated,114.800000,0.000000,5,6,6,7,8,10,15,29,33,35,35,7537,0,4,5.012788642711885,1.9823000038741156,101.75909999816213,24156.586174870637

1790085567,124,GET,[GET] /actuator/health,16.900000,0.000000,4,5,5,6,7,8,12,27,32,32,32,1144,0,4,4.606776485937322,2.3432000016327947,32.10070000204723,49.0

1790085567,124,GET,[GET] /api/soporte/election/status,14.800000,0.000000,4,5,5,5,6,8,10,10,35,35,35,1080,0,4,4.120068518790908,2.1791000035591424,34.63520000514109,78.0

1790085567,124,GET,[GET] /api/soporte/tickets,35.400000,0.000000,7,8,8,9,11,14,21,33,33,33,33,2179,0,6,7.163377329099157,3.862799989292398,101.75909999816213,84651.0

1790085567,124,GET,[GET] /health,49.500000,0.000000,4,4,5,5,6,8,10,12,33,33,33,3255,0,4,4.012884884744027,1.9823000038741156,82.81900000292808,83.99815668202766

1790085567,124,,Aggregated,116.600000,0.000000,5,6,6,7,8,10,14,29,33,35,35,7658,0,4,5.0131582397695675,1.9823000038741156,101.75909999816213,24140.537868895273

1790085568,125,GET,[GET] /actuator/health,16.500000,0.000000,4,5,5,6,7,8,12,27,32,32,32,1164,0,4,4.6021223367001625,2.3432000016327947,32.10070000204723,49.0

1790085568,125,GET,[GET] /api/soporte/election/status,14.600000,0.000000,4,4,5,5,6,8,9,10,35,35,35,1098,0,4,4.118480601368446,2.1791000035591424,34.63520000514109,78.0

1790085568,125,GET,[GET] /api/soporte/tickets,35.600000,0.000000,7,8,8,9,11,14,21,33,33,33,33,2220,0,6,7.158131306392648,3.862799989292398,101.75909999816213,84651.0

1790085568,125,GET,[GET] /health,51.500000,0.000000,4,4,5,5,6,8,10,12,33,33,33,3295,0,4,4.010126433964665,1.9823000038741156,82.81900000292808,83.99817905918057

1790085568,125,,Aggregated,118.200000,0.000000,5,6,6,7,8,10,14,29,33,35,35,7777,0,4,5.01265014791395,1.9823000038741156,101.75909999816213,24218.165616561655

1790085569,126,GET,[GET] /actuator/health,16.600000,0.000000,4,5,5,6,7,8,12,27,32,32,32,1182,0,4,4.601455414492413,2.3432000016327947,32.10070000204723,49.0

1790085569,126,GET,[GET] /api/soporte/election/status,15.500000,0.000000,4,5,5,5,6,8,9,10,35,35,35,1115,0,4,4.125505022669625,2.1791000035591424,34.63520000514109,78.0

1790085569,126,GET,[GET] /api/soporte/tickets,35.700000,0.000000,7,8,8,9,11,14,19,32,33,33,33,2258,0,6,7.1561527901699895,3.862799989292398,101.75909999816213,84651.0

1790085569,126,GET,[GET] /health,51.400000,0.000000,4,4,5,5,6,8,11,12,33,33,33,3351,0,4,4.009155326746997,1.9823000038741156,82.81900000292808,83.99820948970456

1790085569,126,,Aggregated,119.200000,0.000000,5,6,6,7,8,10,14,27,33,35,35,7906,0,4,5.0129181508145315,1.9823000038741156,101.75909999816213,24230.75183405009

1790085570,127,GET,[GET] /actuator/health,17.000000,0.000000,4,5,6,6,8,9,14,27,32,32,32,1190,0,4,4.606184537755815,2.3432000016327947,32.10070000204723,49.0

1790085570,127,GET,[GET] /api/soporte/election/status,15.600000,0.000000,4,5,5,5,7,8,9,10,35,35,35,1135,0,4,4.130289427531444,2.1791000035591424,34.63520000514109,78.0

1790085570,127,GET,[GET] /api/soporte/tickets,35.600000,0.000000,7,8,8,9,11,14,19,32,33,33,33,2292,0,6,7.146080759234371,3.862799989292398,101.75909999816213,84651.0

1790085570,127,GET,[GET] /health,51.200000,0.000000,4,4,5,5,7,8,11,27,33,33,33,3412,0,4,4.024840035139681,1.9823000038741156,82.81900000292808,83.99824150058616

1790085570,127,,Aggregated,119.400000,0.000000,5,6,6,7,8,11,15,27,33,35,35,8029,0,4,5.016914858667254,1.9823000038741156,101.75909999816213,24218.898243865984

1790085571,128,GET,[GET] /actuator/health,16.900000,0.000000,4,5,6,6,8,9,12,14,27,27,27,1210,0,4,4.60787471068719,2.3432000016327947,32.10070000204723,49.0

1790085571,128,GET,[GET] /api/soporte/election/status,15.400000,0.000000,4,5,5,5,6,8,9,10,35,35,35,1162,0,4,4.127508261834216,2.1791000035591424,34.63520000514109,78.0

1790085571,128,GET,[GET] /api/soporte/tickets,36.500000,0.000000,7,8,8,9,11,14,19,32,33,33,33,2320,0,6,7.152161120769772,3.862799989292398,101.75909999816213,84651.0

1790085571,128,GET,[GET] /health,51.200000,0.000000,4,4,5,5,6,8,10,24,32,32,32,3461,0,4,4.028263189803986,1.9823000038741156,82.81900000292808,83.99826639699509

1790085571,128,,Aggregated,120.000000,0.000000,5,6,6,7,8,10,14,24,33,35,35,8153,0,4,5.017358726883396,1.9823000038741156,101.75909999816213,24142.15184594628

1790085572,129,GET,[GET] /actuator/health,16.300000,0.000000,4,5,6,6,8,9,11,14,27,27,27,1232,0,4,4.608604788924597,2.3432000016327947,32.10070000204723,49.0

1790085572,129,GET,[GET] /api/soporte/election/status,16.500000,0.000000,4,5,5,5,6,7,8,10,11,11,11,1174,0,4,4.133316354561927,2.1791000035591424,34.63520000514109,78.0

1790085572,129,GET,[GET] /api/soporte/tickets,36.100000,0.000000,7,7,8,9,10,13,17,19,33,33,33,2347,0,6,7.14408312747004,3.862799989292398,101.75909999816213,84651.0

1790085572,129,GET,[GET] /health,52.600000,0.000000,4,4,5,5,6,8,9,11,32,32,32,3527,0,4,4.025585426682467,1.9823000038741156,82.81900000292808,83.99829883753898

1790085572,129,,Aggregated,121.500000,0.000000,5,6,6,7,8,10,12,17,32,33,33,8280,0,4,5.01156007249904,1.9823000038741156,101.75909999816213,24048.80422705314

1790085573,130,GET,[GET] /actuator/health,16.200000,0.000000,4,5,6,6,8,10,12,15,27,27,27,1252,0,4,4.626801677310699,2.3432000016327947,32.10070000204723,49.0

1790085573,130,GET,[GET] /api/soporte/election/status,16.800000,0.000000,4,4,5,5,6,7,10,12,22,22,22,1190,0,4,4.1560172271120415,2.154400004656054,34.63520000514109,78.0

1790085573,130,GET,[GET] /api/soporte/tickets,35.900000,0.000000,7,8,8,9,10,13,17,30,33,33,33,2383,0,6,7.159965631654728,3.862799989292398,101.75909999816213,84651.0

1790085573,130,GET,[GET] /health,53.600000,0.000000,4,4,5,5,6,8,11,13,32,32,32,3579,0,4,4.042466918104479,1.9823000038741156,82.81900000292808,83.99832355406538

1790085573,130,,Aggregated,122.500000,0.000000,5,6,6,7,8,10,13,19,33,33,33,8404,0,4,5.029581556447582,1.9823000038741156,101.75909999816213,24057.3692289386

1790085574,131,GET,[GET] /actuator/health,16.400000,0.000000,4,5,6,6,7,8,10,10,15,15,15,1276,0,4,4.627439655154359,2.3432000016327947,32.10070000204723,49.0

1790085574,131,GET,[GET] /api/soporte/election/status,16.900000,0.000000,4,4,5,5,6,8,10,12,22,22,22,1207,0,4,4.156536040003948,2.154400004656054,34.63520000514109,78.0

1790085574,131,GET,[GET] /api/soporte/tickets,36.200000,0.000000,7,7,8,8,10,11,15,18,33,33,33,2427,0,6,7.163723691860047,3.862799989292398,101.75909999816213,84651.0

1790085574,131,GET,[GET] /health,53.900000,0.000000,4,4,5,5,6,8,10,24,32,32,32,3632,0,4,4.043448595787831,1.9823000038741156,82.81900000292808,83.99834801762114

1790085574,131,,Aggregated,123.400000,0.000000,5,6,6,7,8,9,12,17,33,33,33,8542,0,4,5.033214083388839,1.9823000038741156,101.75909999816213,24105.564153594005

1790085575,132,GET,[GET] /actuator/health,17.600000,0.000000,4,5,6,6,7,9,10,15,17,17,17,1303,0,4,4.635529163457845,2.3432000016327947,32.10070000204723,49.0

1790085575,132,GET,[GET] /api/soporte/election/status,16.800000,0.000000,4,4,5,5,6,8,11,13,22,22,22,1222,0,4,4.16508101494377,2.154400004656054,34.63520000514109,78.0

1790085575,132,GET,[GET] /api/soporte/tickets,36.200000,0.000000,6,7,8,8,10,11,15,18,33,33,33,2468,0,6,7.160561588381317,3.862799989292398,101.75909999816213,84651.0

1790085575,132,GET,[GET] /health,54.000000,0.000000,4,4,5,5,6,8,10,16,27,27,27,3684,0,4,4.044224294208565,1.9823000038741156,82.81900000292808,83.99837133550488

1790085575,132,,Aggregated,124.600000,0.000000,5,6,6,7,8,10,12,17,32,33,33,8677,0,4,5.036419476804921,1.9823000038741156,101.75909999816213,24131.298951250432

1790085576,133,GET,[GET] /actuator/health,17.200000,0.000000,4,5,6,6,7,9,10,15,17,17,17,1319,0,4,4.640919029564576,2.3432000016327947,32.10070000204723,49.0

1790085576,133,GET,[GET] /api/soporte/election/status,16.800000,0.000000,4,4,5,5,7,8,11,13,22,22,22,1233,0,4,4.169242741480215,2.154400004656054,34.63520000514109,78.0

1790085576,133,GET,[GET] /api/soporte/tickets,36.600000,0.000000,6,7,8,8,9,11,15,18,33,33,33,2514,0,6,7.1561185760360475,3.862799989292398,101.75909999816213,84651.0

1790085576,133,GET,[GET] /health,53.500000,0.000000,4,4,5,5,6,8,10,13,27,27,27,3746,0,4,4.048351521583688,1.8852999928640202,82.81900000292808,83.99839829151094

1790085576,133,,Aggregated,124.100000,0.000000,5,6,6,7,8,9,12,17,32,33,33,8812,0,4,5.040587312783465,1.8852999928640202,101.75909999816213,24204.27564684521

1790085577,134,GET,[GET] /actuator/health,18.700000,0.000000,4,5,5,6,7,9,10,15,17,17,17,1336,0,4,4.633838473043675,2.3432000016327947,32.10070000204723,49.0

1790085577,134,GET,[GET] /api/soporte/election/status,17.200000,0.000000,4,4,5,5,7,8,11,13,22,22,22,1255,0,4,4.1615694822730545,2.154400004656054,34.63520000514109,78.0

1790085577,134,GET,[GET] /api/soporte/tickets,36.200000,0.000000,6,7,8,8,9,11,16,18,33,33,33,2550,0,6,7.144820392211698,3.862799989292398,101.75909999816213,84651.0

1790085577,134,GET,[GET] /health,53.100000,0.000000,4,4,5,5,6,8,10,13,27,27,27,3797,0,4,4.044870450323894,1.8852999928640202,82.81900000292808,83.9984198051093

1790085577,134,,Aggregated,125.200000,0.000000,5,6,6,7,8,9,12,17,32,33,33,8938,0,4,5.033703625000973,1.8852999928640202,101.75909999816213,24204.782501678226

1790085578,135,GET,[GET] /actuator/health,19.400000,0.000000,4,5,6,6,8,9,10,15,17,17,17,1354,0,4,4.641439143301829,2.3432000016327947,32.10070000204723,49.0

1790085578,135,GET,[GET] /api/soporte/election/status,17.200000,0.000000,4,4,5,5,7,8,11,13,22,22,22,1276,0,4,4.172324529985115,2.154400004656054,34.63520000514109,78.0

1790085578,135,GET,[GET] /api/soporte/tickets,36.700000,0.000000,6,7,8,9,10,11,17,19,33,33,33,2587,0,6,7.154349903406651,3.862799989292398,101.75909999816213,84651.0

1790085578,135,GET,[GET] /health,53.400000,0.000000,4,4,5,5,6,8,10,13,27,27,27,3854,0,4,4.048477400051801,1.8852999928640202,82.81900000292808,83.99844317592112

1790085578,135,,Aggregated,126.700000,0.000000,5,6,6,7,8,9,12,17,32,33,33,9071,0,4,5.040186285988791,1.8852999928640202,101.75909999816213,24195.98070774997

1790085579,136,GET,[GET] /actuator/health,19.000000,0.000000,4,5,6,6,7,8,10,15,17,17,17,1373,0,4,4.6432819373773215,2.3432000016327947,32.10070000204723,49.0

1790085579,136,GET,[GET] /api/soporte/election/status,17.300000,0.000000,4,4,5,6,7,9,11,13,22,22,22,1293,0,4,4.172249420167217,2.154400004656054,34.63520000514109,78.0

1790085579,136,GET,[GET] /api/soporte/tickets,36.600000,0.000000,6,7,8,8,10,11,16,19,33,33,33,2627,0,6,7.14919337649766,3.862799989292398,101.75909999816213,84651.0

1790085579,136,GET,[GET] /health,53.900000,0.000000,4,4,5,5,6,8,9,12,25,25,25,3911,0,4,4.0471352338870075,1.8852999928640202,82.81900000292808,83.99846586550754

1790085579,136,,Aggregated,126.800000,0.000000,5,6,6,7,8,9,12,15,32,33,33,9204,0,4,5.0390288461632675,1.8852999928640202,101.75909999816213,24214.996305953933

1790085580,137,GET,[GET] /actuator/health,19.000000,0.000000,4,5,5,6,7,8,10,15,17,17,17,1392,0,4,4.637939152322862,2.3432000016327947,32.10070000204723,49.0

1790085580,137,GET,[GET] /api/soporte/election/status,17.600000,0.000000,4,4,5,6,7,9,11,13,22,22,22,1311,0,4,4.170224027681355,2.154400004656054,34.63520000514109,78.0

1790085580,137,GET,[GET] /api/soporte/tickets,36.300000,0.000000,6,7,8,8,9,11,15,18,33,33,33,2657,0,6,7.139042077531418,3.7757000100100413,101.75909999816213,84651.0

1790085580,137,GET,[GET] /health,55.400000,0.000000,4,4,5,5,6,7,10,12,25,25,25,3977,0,4,4.043934976040626,1.8852999928640202,82.81900000292808,83.99849132511943

1790085580,137,,Aggregated,128.300000,0.000000,5,6,6,7,8,9,12,13,27,33,33,9337,0,4,5.030988454539813,1.8852999928640202,101.75909999816213,24142.897611652566

1790085581,138,GET,[GET] /actuator/health,18.900000,0.000000,4,5,6,6,7,8,13,15,17,17,17,1409,0,4,4.644706245597946,2.3432000016327947,32.10070000204723,49.0

1790085581,138,GET,[GET] /api/soporte/election/status,18.300000,0.000000,4,4,5,6,7,9,10,13,22,22,22,1331,0,4,4.173784147476418,2.154400004656054,34.63520000514109,78.0

1790085581,138,GET,[GET] /api/soporte/tickets,36.800000,0.000000,6,7,8,8,9,11,13,18,33,33,33,2702,0,6,7.13164152480126,3.7757000100100413,101.75909999816213,84651.0

1790085581,138,GET,[GET] /health,56.300000,0.000000,4,4,5,5,6,8,10,12,25,25,25,4033,0,4,4.045252566264334,1.8852999928640202,82.81900000292808,83.99851227374162

1790085581,138,,Aggregated,130.300000,0.000000,5,6,6,7,8,9,12,13,27,33,33,9475,0,4,5.032601245392684,1.8852999928640202,101.75909999816213,24194.050343007915

1790085582,139,GET,[GET] /actuator/health,19.500000,0.000000,4,5,5,6,7,8,10,13,17,17,17,1424,0,4,4.647483778110276,2.3432000016327947,32.10070000204723,49.0

1790085582,139,GET,[GET] /api/soporte/election/status,17.400000,0.000000,4,4,5,6,7,8,9,10,13,13,13,1343,0,4,4.173633805133731,2.154400004656054,34.63520000514109,78.0

1790085582,139,GET,[GET] /api/soporte/tickets,37.000000,0.000000,6,7,8,8,9,11,13,16,27,27,27,2758,0,6,7.124461240037079,3.7757000100100413,101.75909999816213,84651.0

1790085582,139,GET,[GET] /health,56.700000,0.000000,4,4,5,5,6,7,9,10,16,16,16,4098,0,4,4.042610248838601,1.8852999928640202,82.81900000292808,83.99853587115666

1790085582,139,,Aggregated,130.600000,0.000000,5,6,6,7,8,9,11,13,19,27,27,9623,0,4,5.033678478653901,1.8852999928640202,101.75909999816213,24315.30853164294

1790085583,140,GET,[GET] /actuator/health,20.000000,0.000000,4,5,6,6,7,8,13,16,17,17,17,1449,0,4,4.651681642495806,2.2941999923205003,32.10070000204723,49.0

1790085583,140,GET,[GET] /api/soporte/election/status,16.600000,0.000000,4,5,5,6,8,9,10,11,13,13,13,1367,0,4,4.187953401832646,2.154400004656054,34.63520000514109,78.0

1790085583,140,GET,[GET] /api/soporte/tickets,37.600000,0.000000,6,7,8,8,9,11,13,16,27,27,27,2795,0,6,7.127778604631862,3.7757000100100413,101.75909999816213,84651.0

1790085583,140,GET,[GET] /health,56.800000,0.000000,4,4,5,5,6,7,9,11,16,16,16,4152,0,4,4.052209007648918,1.8852999928640202,82.81900000292808,83.9985549132948

1790085583,140,,Aggregated,131.000000,0.000000,5,6,6,7,8,9,11,13,19,27,27,9763,0,4,5.040677250843594,1.8852999928640202,101.75909999816213,24288.224316296222

1790085584,141,GET,[GET] /actuator/health,19.400000,0.000000,4,5,6,6,7,9,13,16,17,17,17,1470,0,4,4.657296666653342,2.2941999923205003,32.10070000204723,49.0

1790085584,141,GET,[GET] /api/soporte/election/status,17.000000,0.000000,4,5,5,6,7,9,10,11,13,13,13,1388,0,4,4.191405835954566,2.154400004656054,34.63520000514109,78.0

1790085584,141,GET,[GET] /api/soporte/tickets,40.200000,0.000000,6,7,8,8,9,10,13,16,27,27,27,2831,0,6,7.127198657696225,3.7757000100100413,101.75909999816213,84651.0

1790085584,141,GET,[GET] /health,56.700000,0.000000,4,4,5,5,6,8,9,11,16,16,16,4219,0,4,4.052095543923044,1.8852999928640202,82.81900000292808,83.99857786205261

1790085584,141,,Aggregated,133.300000,0.000000,5,6,6,7,8,9,11,13,19,27,27,9908,0,4,5.04004722446858,1.8852999928640202,101.75909999816213,24241.18540573274

1790085585,142,GET,[GET] /actuator/health,19.500000,0.000000,4,5,6,6,7,9,12,13,16,16,16,1492,0,4,4.674554557640411,2.2941999923205003,32.10070000204723,49.0

1790085585,142,GET,[GET] /api/soporte/election/status,17.100000,0.000000,4,5,5,5,7,9,10,11,11,11,11,1403,0,4,4.192303136374114,2.154400004656054,34.63520000514109,78.0

1790085585,142,GET,[GET] /api/soporte/tickets,40.900000,0.000000,6,7,8,8,9,11,13,16,32,32,32,2873,0,6,7.139376157294946,3.7757000100100413,101.75909999816213,84651.0

1790085585,142,GET,[GET] /health,56.700000,0.000000,4,4,5,5,6,8,9,10,14,14,14,4288,0,4,4.057625886155199,1.8852999928640202,82.81900000292808,83.99790111940298

1790085585,142,,Aggregated,134.200000,0.000000,5,6,6,7,8,9,11,13,27,32,32,10056,0,4,5.048405350047161,1.8852999928640202,101.75909999816213,24238.767700875098

1790085586,143,GET,[GET] /actuator/health,19.600000,0.000000,4,5,6,6,7,9,12,13,16,16,16,1510,0,4,4.665730331137018,2.2941999923205003,32.10070000204723,49.0

1790085586,143,GET,[GET] /api/soporte/election/status,17.900000,0.000000,4,5,5,6,7,8,10,11,11,11,11,1416,0,4,4.190961087800334,2.154400004656054,34.63520000514109,78.0

1790085586,143,GET,[GET] /api/soporte/tickets,40.100000,0.000000,6,7,8,8,9,11,13,16,32,32,32,2911,0,6,7.129422054241809,3.7757000100100413,101.75909999816213,84651.0

1790085586,143,GET,[GET] /health,58.100000,0.000000,4,4,5,5,6,7,9,10,14,14,14,4357,0,4,4.056222859713495,1.8852999928640202,82.81900000292808,83.99724581133808

1790085586,143,,Aggregated,135.700000,0.000000,5,6,6,7,8,9,11,12,27,32,32,10194,0,4,5.042805993722952,1.8852999928640202,101.75909999816213,24226.944771434177

1790085587,144,GET,[GET] /actuator/health,19.100000,0.000000,4,5,6,6,7,9,12,13,16,16,16,1534,0,4,4.667014602354756,2.2941999923205003,32.10070000204723,49.0

1790085587,144,GET,[GET] /api/soporte/election/status,18.100000,0.000000,4,4,5,5,7,9,10,11,19,19,19,1432,0,4,4.209135963948389,2.154400004656054,34.63520000514109,78.0

1790085587,144,GET,[GET] /api/soporte/tickets,40.200000,0.000000,7,7,8,8,10,11,16,27,43,43,43,2953,0,6,7.159713951868552,3.7757000100100413,101.75909999816213,84651.0

1790085587,144,GET,[GET] /health,59.600000,0.000000,4,4,5,5,6,8,9,10,16,16,16,4418,0,4,4.063628836529226,1.8852999928640202,82.81900000292808,83.9972838388411

1790085587,144,,Aggregated,137.000000,0.000000,5,6,6,7,8,9,12,13,34,43,43,10337,0,4,5.057795356490301,1.8852999928640202,101.75909999816213,24236.46754377479

1790085588,145,GET,[GET] /actuator/health,18.700000,0.000000,4,5,6,6,7,9,12,13,16,16,16,1554,0,4,4.672742728464185,2.2941999923205003,32.10070000204723,49.0

1790085588,145,GET,[GET] /api/soporte/election/status,18.200000,0.000000,4,5,5,6,7,9,10,11,19,19,19,1453,0,4,4.215676462759215,2.154400004656054,34.63520000514109,78.0

1790085588,145,GET,[GET] /api/soporte/tickets,39.600000,0.000000,6,7,8,8,10,12,16,32,43,43,43,2994,0,6,7.168996392744351,3.7757000100100413,101.75909999816213,84651.0

1790085588,145,GET,[GET] /health,60.200000,0.000000,4,4,5,5,7,8,9,10,16,16,16,4483,0,4,4.073277849623993,1.8852999928640202,82.81900000292808,83.99732322105733

1790085588,145,,Aggregated,136.700000,0.000000,5,6,6,7,8,10,12,14,34,43,43,10484,0,4,5.065938563540961,1.8852999928640202,101.75909999816213,24228.45612361694

1790085589,146,GET,[GET] /actuator/health,19.400000,0.000000,4,5,6,6,7,9,13,16,32,32,32,1576,0,4,4.688802601550623,2.2941999923205003,32.25160000147298,49.0

1790085589,146,GET,[GET] /api/soporte/election/status,17.300000,0.000000,4,5,5,6,7,9,10,11,19,19,19,1471,0,4,4.219407410181858,2.154400004656054,34.63520000514109,78.0

1790085589,146,GET,[GET] /api/soporte/tickets,40.200000,0.000000,7,7,8,8,10,12,21,32,43,43,43,3045,0,6,7.182256847257574,3.7757000100100413,101.75909999816213,84651.0

1790085589,146,GET,[GET] /health,61.700000,0.000000,4,4,5,5,7,8,10,11,31,31,31,4547,0,4,4.081893644134285,1.8852999928640202,82.81900000292808,83.99736089729493

1790085589,146,,Aggregated,138.600000,0.000000,5,6,6,7,8,10,12,16,34,43,43,10639,0,4,5.0781693486417145,1.8852999928640202,101.75909999816213,24281.99953003102

1790085590,147,GET,[GET] /actuator/health,19.500000,0.000000,4,5,6,6,7,9,12,16,32,32,32,1599,0,4,4.677515322131162,2.2941999923205003,32.25160000147298,49.0

1790085590,147,GET,[GET] /api/soporte/election/status,17.700000,0.000000,4,5,5,6,7,9,10,11,19,19,19,1488,0,4,4.218736357782496,2.154400004656054,34.63520000514109,78.0

1790085590,147,GET,[GET] /api/soporte/tickets,40.400000,0.000000,6,7,8,8,10,12,21,32,43,43,43,3087,0,6,7.165949951382654,3.7757000100100413,101.75909999816213,84651.0

1790085590,147,GET,[GET] /health,61.900000,0.000000,4,4,5,5,6,8,9,11,31,31,31,4618,0,4,4.074728150680527,1.8852999928640202,82.81900000292808,83.99740147249892

1790085590,147,,Aggregated,139.500000,0.000000,5,6,6,7,8,10,12,16,34,43,43,10792,0,4,5.0681253521338965,1.8852999928640202,101.75909999816213,24267.971830985916

1790085591,148,GET,[GET] /actuator/health,20.100000,0.000000,4,5,5,6,7,9,12,13,32,32,32,1621,0,4,4.668192782297884,2.2941999923205003,32.25160000147298,49.0

1790085591,148,GET,[GET] /api/soporte/election/status,17.500000,0.000000,4,5,5,6,7,9,10,11,19,19,19,1506,0,4,4.211876759896408,2.154400004656054,34.63520000514109,78.0

1790085591,148,GET,[GET] /api/soporte/tickets,40.700000,0.000000,6,7,8,8,10,12,21,32,43,43,43,3133,0,6,7.153063134340515,3.7757000100100413,101.75909999816213,84651.0

1790085591,148,GET,[GET] /health,62.700000,0.000000,4,4,5,5,6,8,9,11,31,31,31,4678,0,4,4.071682300093982,1.8852999928640202,82.81900000292808,83.99743480119709

1790085591,148,,Aggregated,141.000000,0.000000,5,6,6,7,8,10,12,16,34,43,43,10938,0,4,5.0619952002411175,1.8852999928640202,101.75909999816213,24300.73322362406

1790085592,149,GET,[GET] /actuator/health,20.600000,0.000000,4,5,5,6,7,9,12,13,32,32,32,1638,0,4,4.662587179544581,2.2941999923205003,32.25160000147298,49.0

1790085592,149,GET,[GET] /api/soporte/election/status,17.500000,0.000000,4,5,5,6,7,9,10,11,19,19,19,1532,0,4,4.219246344928014,2.154400004656054,34.63520000514109,78.0

1790085592,149,GET,[GET] /api/soporte/tickets,42.200000,0.000000,6,7,8,8,10,12,19,32,43,43,43,3183,0,6,7.156954571112478,3.7757000100100413,101.75909999816213,84651.0

1790085592,149,GET,[GET] /health,63.300000,0.000000,4,4,5,5,7,8,10,12,31,31,31,4728,0,4,4.076439086249698,1.8852999928640202,82.81900000292808,83.99746192893402

1790085592,149,,Aggregated,143.600000,0.000000,5,6,6,7,8,10,12,16,34,43,43,11081,0,4,5.067700893435911,1.8852999928640202,101.75909999816213,24369.734771230032

1790085593,150,GET,[GET] /actuator/health,20.400000,0.000000,4,5,6,6,7,9,12,13,32,32,32,1666,0,4,4.689946698746979,2.2941999923205003,32.25160000147298,49.0

1790085593,150,GET,[GET] /api/soporte/election/status,17.600000,0.000000,4,5,5,6,7,9,10,11,19,19,19,1556,0,4,4.2317719154527795,2.154400004656054,34.63520000514109,78.0

1790085593,150,GET,[GET] /api/soporte/tickets,42.500000,0.000000,7,7,8,9,11,13,19,32,43,43,43,3229,0,6,7.178822421757507,3.7757000100100413,101.75909999816213,84651.0

1790085593,150,GET,[GET] /health,63.200000,0.000000,4,4,5,5,7,9,10,10,31,31,31,4793,0,4,4.089788983900204,1.8852999928640202,82.81900000292808,83.99749634884206

1790085593,150,,Aggregated,143.700000,0.000000,5,6,6,7,9,10,13,16,34,43,43,11244,0,4,5.085455754201855,1.8852999928640202,101.75909999816213,24363.543311988615

1790085594,151,GET,[GET] /actuator/health,21.000000,0.000000,4,5,6,6,7,9,12,13,32,32,32,1688,0,4,4.686462914746892,2.2941999923205003,32.25160000147298,49.0

1790085594,151,GET,[GET] /api/soporte/election/status,17.800000,0.000000,4,5,5,6,7,8,10,10,19,19,19,1582,0,4,4.229092920598175,2.154400004656054,34.63520000514109,78.0

1790085594,151,GET,[GET] /api/soporte/tickets,42.500000,0.000000,6,7,8,8,11,13,21,32,43,43,43,3274,0,6,7.178402474004383,3.7757000100100413,101.75909999816213,84651.0

1790085594,151,GET,[GET] /health,62.600000,0.000000,4,4,5,5,7,9,10,11,31,31,31,4844,0,4,4.090220891801896,1.8852999928640202,82.81900000292808,83.99690338563171

1790085594,151,,Aggregated,143.900000,0.000000,5,6,6,7,8,10,13,19,34,43,43,11388,0,4,5.085730075540727,1.8852999928640202,101.75909999816213,24390.61845802599

1790085595,152,GET,[GET] /actuator/health,20.700000,0.000000,4,5,6,6,8,9,10,13,32,32,32,1711,0,4,4.696357159629439,2.2941999923205003,32.25160000147298,49.0

1790085595,152,GET,[GET] /api/soporte/election/status,18.700000,0.000000,4,5,5,6,7,8,10,10,19,19,19,1604,0,4,4.237707294511377,2.154400004656054,34.63520000514109,78.0

1790085595,152,GET,[GET] /api/soporte/tickets,43.100000,0.000000,6,7,8,8,11,13,21,32,43,43,43,3316,0,6,7.185696682716713,3.7757000100100413,101.75909999816213,84651.0

1790085595,152,GET,[GET] /health,63.400000,0.000000,4,4,5,5,7,9,10,10,31,31,31,4906,0,4,4.093366408440086,1.8852999928640202,82.81900000292808,83.99694251936404

1790085595,152,,Aggregated,145.900000,0.000000,5,6,6,7,8,10,13,19,34,43,43,11537,0,4,5.091668145984043,1.8852999928640202,101.75909999816213,24384.480887579095

1790085596,153,GET,[GET] /actuator/health,21.900000,0.000000,4,5,6,6,8,9,10,13,32,32,32,1734,0,4,4.708792041558714,2.2941999923205003,32.25160000147298,49.0

1790085596,153,GET,[GET] /api/soporte/election/status,18.800000,0.000000,4,5,5,6,7,8,10,10,10,10,10,1617,0,4,4.239421026844124,2.154400004656054,34.63520000514109,78.0

1790085596,153,GET,[GET] /api/soporte/tickets,43.600000,0.000000,7,7,8,8,11,12,14,24,34,34,34,3355,0,6,7.193152488805437,3.7757000100100413,101.75909999816213,84651.0

1790085596,153,GET,[GET] /health,62.400000,0.000000,4,4,5,6,7,8,10,10,31,31,31,4978,0,4,4.103295500182564,1.8852999928640202,82.81900000292808,83.99698674166332

1790085596,153,,Aggregated,146.700000,0.000000,5,6,6,7,8,10,12,14,32,34,34,11684,0,4,5.099231496090449,1.8852999928640202,101.75909999816213,24360.94950359466

1790085597,154,GET,[GET] /actuator/health,21.600000,0.000000,4,5,6,6,8,9,10,13,32,32,32,1758,0,4,4.706518771378503,2.2941999923205003,32.25160000147298,49.0

1790085597,154,GET,[GET] /api/soporte/election/status,19.700000,0.000000,4,5,5,6,7,8,9,10,10,10,10,1639,0,4,4.236387004522147,2.09280000126455,34.63520000514109,78.0

1790085597,154,GET,[GET] /api/soporte/tickets,43.600000,0.000000,6,7,8,8,10,12,14,24,34,34,34,3394,0,6,7.1883776959211,3.7757000100100413,101.75909999816213,84651.0

1790085597,154,GET,[GET] /health,61.000000,0.000000,4,4,5,5,7,8,10,10,31,31,31,5049,0,4,4.098039572187804,1.8852999928640202,82.81900000292808,83.99702911467617

1790085597,154,,Aggregated,145.900000,0.000000,5,6,6,7,8,10,12,14,32,34,34,11840,0,4,5.0933998311172,1.8852999928640202,101.75909999816213,24319.559037162162

1790085598,155,GET,[GET] /actuator/health,22.400000,0.000000,4,5,6,6,8,9,10,13,15,15,15,1779,0,4,4.724452107986529,2.2941999923205003,32.25160000147298,49.0

1790085598,155,GET,[GET] /api/soporte/election/status,20.300000,0.000000,4,5,5,6,7,8,9,10,10,10,10,1662,0,4,4.23732262361851,2.09280000126455,34.63520000514109,78.0

1790085598,155,GET,[GET] /api/soporte/tickets,43.800000,0.000000,7,8,8,9,11,12,14,17,32,32,32,3438,0,6,7.208446742280537,3.7757000100100413,101.75909999816213,84651.0

1790085598,155,GET,[GET] /health,61.500000,0.000000,4,4,5,6,7,9,10,13,33,33,33,5118,0,4,4.1268748339299615,1.8852999928640202,82.81900000292808,83.99706916764362

1790085598,155,,Aggregated,148.000000,0.000000,5,6,7,7,9,10,13,14,32,33,33,11997,0,4,5.113879786661334,1.8852999928640202,101.75909999816213,24312.481620405102

1790085599,156,GET,[GET] /actuator/health,22.300000,0.000000,4,5,6,7,8,9,10,13,15,15,15,1798,0,4,4.725193326001548,2.2941999923205003,32.25160000147298,49.0

1790085599,156,GET,[GET] /api/soporte/election/status,20.600000,0.000000,4,5,5,6,7,8,9,10,13,13,13,1680,0,4,4.2428148812004585,2.09280000126455,34.63520000514109,78.0

1790085599,156,GET,[GET] /api/soporte/tickets,44.000000,0.000000,7,8,8,9,11,12,14,17,32,32,32,3481,0,6,7.207501666168792,3.7757000100100413,101.75909999816213,84651.0

1790085599,156,GET,[GET] /health,61.500000,0.000000,4,5,5,6,7,9,10,13,33,33,33,5186,0,4,4.131359949887367,1.8852999928640202,82.81900000292808,83.99710759737755

1790085599,156,,Aggregated,148.400000,0.000000,5,6,7,7,9,10,13,14,32,33,33,12145,0,4,5.1163748539001235,1.8852999928640202,101.75909999816213,24316.581473857554

1790085600,157,GET,[GET] /actuator/health,22.500000,0.000000,4,5,6,7,8,9,11,13,15,15,15,1822,0,4,4.7266582876807295,2.2941999923205003,32.25160000147298,49.0

1790085600,157,GET,[GET] /api/soporte/election/status,19.900000,0.000000,4,5,5,6,7,8,9,10,13,13,13,1709,0,4,4.250730719929452,2.09280000126455,34.63520000514109,78.0

1790085600,157,GET,[GET] /api/soporte/tickets,44.000000,0.000000,7,8,8,9,11,12,14,17,32,32,32,3533,0,6,7.200608463059204,3.7757000100100413,101.75909999816213,84651.0

1790085600,157,GET,[GET] /health,63.000000,0.000000,4,5,5,6,7,9,10,13,33,33,33,5249,0,4,4.128376071658467,1.8852999928640202,82.81900000292808,83.9971423128215

1790085600,157,,Aggregated,149.400000,0.000000,5,6,7,7,9,10,13,14,32,33,33,12313,0,4,5.115411833073758,1.8852999928640202,101.75909999816213,24343.008527572485

1790085601,158,GET,[GET] /actuator/health,22.300000,0.000000,5,5,6,7,8,9,11,13,15,15,15,1842,0,4,4.726351465866572,2.2941999923205003,32.25160000147298,49.0

1790085601,158,GET,[GET] /api/soporte/election/status,21.100000,0.000000,4,5,5,6,7,8,9,10,13,13,13,1730,0,4,4.251306011786313,2.09280000126455,34.63520000514109,78.0

1790085601,158,GET,[GET] /api/soporte/tickets,44.100000,0.000000,7,8,8,9,11,13,15,18,33,33,33,3585,0,6,7.205152635992215,3.7757000100100413,101.75909999816213,84651.0

1790085601,158,GET,[GET] /health,62.500000,0.000000,4,5,5,6,7,8,10,13,33,33,33,5310,0,4,4.1290939360026755,1.8852999928640202,82.81900000292808,83.99717514124293

1790085601,158,,Aggregated,150.000000,0.000000,5,6,7,7,9,10,13,15,33,33,33,12467,0,4,5.118846538920578,1.8852999928640202,101.75909999816213,24396.01010668164

1790085602,159,GET,[GET] /actuator/health,22.100000,0.000000,4,5,6,7,8,9,11,11,15,15,15,1863,0,4,4.723459044643538,2.2941999923205003,32.25160000147298,49.0

1790085602,159,GET,[GET] /api/soporte/election/status,21.400000,0.000000,4,5,5,6,7,8,9,10,13,13,13,1758,0,4,4.250043288032329,2.09280000126455,34.63520000514109,78.0

1790085602,159,GET,[GET] /api/soporte/tickets,43.900000,0.000000,7,8,8,9,10,12,15,18,33,33,33,3634,0,6,7.2033296367733035,3.7757000100100413,101.75909999816213,84651.0

1790085602,159,GET,[GET] /health,62.600000,0.000000,4,5,5,6,7,8,10,13,33,33,33,5373,0,4,4.134682840141055,1.8852999928640202,82.81900000292808,83.99720826353992

1790085602,159,,Aggregated,150.000000,0.000000,5,6,7,7,8,10,12,15,33,33,33,12628,0,4,5.1206787377766725,1.8852999928640202,101.75909999816213,24414.116407982263

1790085603,160,GET,[GET] /actuator/health,22.100000,0.000000,5,5,6,7,8,9,10,11,15,15,15,1883,0,4,4.728477748382423,2.2941999923205003,32.25160000147298,49.0

1790085603,160,GET,[GET] /api/soporte/election/status,22.200000,0.000000,4,5,5,6,7,8,9,11,13,13,13,1773,0,4,4.25314388063205,2.09280000126455,34.63520000514109,78.0

1790085603,160,GET,[GET] /api/soporte/tickets,44.900000,0.000000,7,8,8,9,10,12,15,18,33,33,33,3685,0,6,7.206578751707044,3.7757000100100413,101.75909999816213,84651.0

1790085603,160,GET,[GET] /health,62.600000,0.000000,4,5,5,6,7,8,10,13,33,33,33,5441,0,4,4.140794081979934,1.8852999928640202,82.81900000292808,83.99724315383202

1790085603,160,,Aggregated,151.800000,0.000000,5,6,7,7,9,10,12,14,33,33,33,12782,0,5,5.126807307202159,1.8852999928640202,101.75909999816213,24458.341808793615

1790085604,161,GET,[GET] /actuator/health,22.700000,0.000000,5,6,6,7,8,9,11,11,15,15,15,1902,0,4,4.74054426928833,2.2941999923205003,32.25160000147298,49.0

1790085604,161,GET,[GET] /api/soporte/election/status,22.300000,0.000000,4,5,5,6,7,8,10,12,13,13,13,1802,0,4,4.256969978000189,2.09280000126455,34.63520000514109,78.0

1790085604,161,GET,[GET] /api/soporte/tickets,44.400000,0.000000,7,8,8,9,10,12,15,18,33,33,33,3731,0,6,7.20786839990038,3.7757000100100413,101.75909999816213,84651.0

1790085604,161,GET,[GET] /health,63.600000,0.000000,4,5,6,6,7,9,10,13,33,33,33,5521,0,4,4.148448650610732,1.8852999928640202,82.81900000292808,83.99728310088751

1790085604,161,,Aggregated,153.000000,0.000000,5,6,7,7,9,10,12,15,33,33,33,12956,0,5,5.131500239317144,1.8852999928640202,101.75909999816213,24431.181228774312

1790085605,162,GET,[GET] /actuator/health,22.200000,0.000000,4,6,6,7,8,9,11,15,54,54,54,1922,0,4,4.770338085441148,2.2941999923205003,54.19399999664165,49.0

1790085605,162,GET,[GET] /api/soporte/election/status,21.700000,0.000000,4,5,5,6,7,9,11,13,47,47,47,1829,0,4,4.290729469854623,2.09280000126455,47.44650000066031,78.0

1790085605,162,GET,[GET] /api/soporte/tickets,45.200000,0.000000,7,7,8,9,10,12,15,17,33,33,33,3771,0,6,7.208503792099293,3.7757000100100413,101.75909999816213,84651.0

1790085605,162,GET,[GET] /health,63.900000,0.000000,4,5,6,6,7,9,11,13,48,48,48,5589,0,4,4.16926480587314,1.8852999928640202,82.81900000292808,83.99731615673645

1790085605,162,,Aggregated,153.000000,0.000000,5,6,7,7,9,10,13,16,48,54,54,13111,0,5,5.14847248879669,1.8852999928640202,101.75909999816213,24401.283044771564

1790085606,163,GET,[GET] /actuator/health,21.000000,0.000000,5,6,7,7,8,9,12,15,54,54,54,1952,0,4,4.786934170184753,2.2941999923205003,54.19399999664165,49.0

1790085606,163,GET,[GET] /api/soporte/election/status,21.600000,0.000000,4,5,5,5,7,9,11,13,47,47,47,1858,0,4,4.285615446868734,2.09280000126455,47.44650000066031,78.0

1790085606,163,GET,[GET] /api/soporte/tickets,45.800000,0.000000,7,7,8,9,10,12,15,16,33,33,33,3823,0,6,7.210625765108776,3.7757000100100413,101.75909999816213,84651.0

1790085606,163,GET,[GET] /health,67.000000,0.000000,4,5,6,6,7,9,12,13,48,48,48,5657,0,4,4.179626109255053,1.8852999928640202,82.81900000292808,83.99734841788934

1790085606,163,,Aggregated,155.400000,0.000000,5,6,7,7,9,10,13,15,48,54,54,13290,0,5,5.155540722388971,1.8852999928640202,101.75909999816213,24404.553649360423

1790085607,164,GET,[GET] /actuator/health,20.900000,0.000000,4,6,6,7,8,9,11,12,54,54,54,1983,0,4,4.788542763597216,2.2941999923205003,54.19399999664165,49.0

1790085607,164,GET,[GET] /api/soporte/election/status,21.600000,0.000000,4,5,5,5,7,9,11,13,47,47,47,1883,0,4,4.289328784001356,2.09280000126455,47.44650000066031,78.0

1790085607,164,GET,[GET] /api/soporte/tickets,45.700000,0.000000,6,7,8,9,10,12,14,15,33,33,33,3866,0,6,7.208172684949192,3.7757000100100413,101.75909999816213,84651.0

1790085607,164,GET,[GET] /health,68.200000,0.000000,4,5,5,6,7,9,10,12,48,48,48,5725,0,4,4.177594672493011,1.8852999928640202,82.81900000292808,83.9968558951965

1790085607,164,,Aggregated,156.400000,0.000000,5,6,7,7,9,10,12,14,48,54,54,13457,0,5,5.153898454374964,1.8852999928640202,101.75909999816213,24372.86832131976

1790085608,165,GET,[GET] /actuator/health,21.000000,0.000000,5,6,6,7,8,9,11,12,54,54,54,2009,0,4,4.795061921472061,2.2941999923205003,54.19399999664165,49.0

1790085608,165,GET,[GET] /api/soporte/election/status,22.900000,0.000000,4,5,5,6,7,9,11,13,47,47,47,1901,0,4,4.2879357181753655,2.09280000126455,47.44650000066031,78.0

1790085608,165,GET,[GET] /api/soporte/tickets,46.100000,0.000000,6,7,8,9,10,12,15,15,33,33,33,3903,0,6,7.205450345909629,3.7757000100100413,101.75909999816213,84651.0

1790085608,165,GET,[GET] /health,67.800000,0.000000,4,5,5,6,7,9,10,12,48,48,48,5794,0,4,4.185088315500467,1.8852999928640202,82.81900000292808,83.9968933379358

1790085608,165,,Aggregated,157.800000,0.000000,5,6,7,7,9,10,12,14,48,54,54,13607,0,5,5.1558697435572665,1.8852999928640202,101.75909999816213,24334.993018299403

1790085609,166,GET,[GET] /actuator/health,21.300000,0.000000,5,6,6,7,8,9,11,12,54,54,54,2031,0,4,4.8011247170270535,2.2941999923205003,54.19399999664165,49.0

1790085609,166,GET,[GET] /api/soporte/election/status,24.200000,0.000000,4,5,5,6,7,9,10,12,47,47,47,1928,0,4,4.306724844520952,2.09280000126455,47.44650000066031,78.0

1790085609,166,GET,[GET] /api/soporte/tickets,45.900000,0.000000,7,7,8,9,10,13,15,15,33,33,33,3952,0,6,7.210458071905871,3.7757000100100413,101.75909999816213,84651.0

1790085609,166,GET,[GET] /health,67.300000,0.000000,4,5,6,6,7,9,11,12,48,48,48,5865,0,4,4.191963273659408,1.8852999928640202,82.81900000292808,83.99693094629156

1790085609,166,,Aggregated,158.700000,0.000000,5,6,7,7,9,10,13,15,48,54,54,13776,0,5,5.163766311026624,1.8852999928640202,101.75909999816213,24338.218423344948

1790085610,167,GET,[GET] /actuator/health,22.400000,0.000000,5,6,6,7,8,9,11,12,54,54,54,2059,0,4,4.79046444890399,2.2941999923205003,54.19399999664165,49.0

1790085610,167,GET,[GET] /api/soporte/election/status,24.500000,0.000000,4,5,5,6,7,9,10,12,47,47,47,1950,0,4,4.301387589889018,2.09280000126455,47.44650000066031,78.0

1790085610,167,GET,[GET] /api/soporte/tickets,47.200000,0.000000,7,7,8,9,10,13,15,15,30,30,30,3997,0,6,7.204315911971697,3.7757000100100413,101.75909999816213,84651.0

1790085610,167,GET,[GET] /health,66.200000,0.000000,4,5,6,6,7,9,10,12,48,48,48,5937,0,4,4.189113407451351,1.8852999928640202,82.81900000292808,83.99696816574027

1790085610,167,,Aggregated,160.300000,0.000000,5,6,7,7,9,10,12,14,48,54,54,13943,0,5,5.157978132451154,1.8852999928640202,101.75909999816213,24320.571469554616

1790085611,168,GET,[GET] /actuator/health,22.700000,0.000000,5,6,6,7,8,9,11,12,54,54,54,2085,0,4,4.794736498951738,2.2941999923205003,54.19399999664165,49.0

1790085611,168,GET,[GET] /api/soporte/election/status,24.000000,0.000000,4,5,5,6,7,9,10,12,47,47,47,1983,0,4,4.3025030258582015,2.09280000126455,47.44650000066031,78.0

1790085611,168,GET,[GET] /api/soporte/tickets,45.800000,0.000000,6,7,8,9,10,12,14,15,30,30,30,4028,0,6,7.201349255267904,3.7757000100100413,101.75909999816213,84651.0

1790085611,168,GET,[GET] /health,67.500000,0.000000,4,5,5,6,7,9,11,12,48,48,48,6007,0,4,4.190206342600006,1.8852999928640202,82.81900000292808,83.99700349592142

1790085611,168,,Aggregated,160.000000,0.000000,5,6,7,7,9,10,12,14,48,54,54,14103,0,5,5.155392001759097,1.8852999928640202,101.75909999816213,24231.414379919166

1790085612,169,GET,[GET] /actuator/health,23.200000,0.000000,5,6,6,7,8,9,11,12,54,54,54,2100,0,4,4.794025476335913,2.2941999923205003,54.19399999664165,49.0

1790085612,169,GET,[GET] /api/soporte/election/status,24.400000,0.000000,4,5,5,6,7,9,10,12,47,47,47,2011,0,4,4.297892839531414,2.09280000126455,47.44650000066031,78.0

1790085612,169,GET,[GET] /api/soporte/tickets,45.600000,0.000000,6,7,8,9,10,12,14,15,16,16,16,4081,0,6,7.194005415409576,3.7757000100100413,101.75909999816213,84651.0

1790085612,169,GET,[GET] /health,67.800000,0.000000,4,5,5,6,7,9,11,12,48,48,48,6079,0,4,4.188707435435925,1.8852999928640202,82.81900000292808,83.99703898667543

1790085612,169,,Aggregated,161.000000,0.000000,5,6,6,7,9,10,12,14,48,54,54,14271,0,5,5.152575474802365,1.8852999928640202,101.75909999816213,24261.16649148623

1790085613,170,GET,[GET] /actuator/health,23.700000,0.000000,5,6,6,7,8,9,11,12,54,54,54,2123,0,4,4.803030475906307,2.2941999923205003,54.19399999664165,49.0

1790085613,170,GET,[GET] /api/soporte/election/status,23.900000,0.000000,4,5,5,6,7,8,10,11,47,47,47,2036,0,4,4.310554174993604,2.09280000126455,47.44650000066031,78.0

1790085613,170,GET,[GET] /api/soporte/tickets,45.200000,0.000000,7,7,8,9,10,12,15,15,23,23,23,4122,0,6,7.20567028148208,3.7757000100100413,101.75909999816213,84651.0

1790085613,170,GET,[GET] /health,69.200000,0.000000,4,5,5,6,7,9,11,12,48,48,48,6158,0,4,4.201308151990303,1.8852999928640202,82.81900000292808,83.99707697304319

1790085613,170,,Aggregated,162.000000,0.000000,5,6,6,7,8,10,12,15,48,54,54,14439,0,5,5.162861036142495,1.8852999928640202,101.75909999816213,24219.925964401966

1790085614,171,GET,[GET] /actuator/health,23.700000,0.000000,5,6,6,7,8,9,11,12,54,54,54,2146,0,4,4.798032618978908,2.2941999923205003,54.19399999664165,49.0

1790085614,171,GET,[GET] /api/soporte/election/status,24.800000,0.000000,4,5,5,6,7,9,10,11,47,47,47,2055,0,4,4.315787056097569,2.09280000126455,47.44650000066031,78.0

1790085614,171,GET,[GET] /api/soporte/tickets,43.700000,0.000000,7,7,8,9,10,12,15,15,23,23,23,4166,0,6,7.198254752826241,3.7757000100100413,101.75909999816213,84651.0

1790085614,171,GET,[GET] /health,70.100000,0.000000,4,5,5,6,7,9,11,12,48,48,48,6244,0,4,4.2013017776949315,1.8852999928640202,82.81900000292808,83.99711723254325

1790085614,171,,Aggregated,162.300000,0.000000,5,6,6,7,9,10,12,15,48,54,54,14611,0,5,5.159563205859319,1.8852999928640202,101.75909999816213,24190.40366846896

1790085615,172,GET,[GET] /actuator/health,23.100000,0.000000,4,5,6,6,8,9,11,12,17,17,17,2172,0,4,4.800365699961806,2.2941999923205003,54.19399999664165,49.0

1790085615,172,GET,[GET] /api/soporte/election/status,26.000000,0.000000,4,5,5,6,7,8,10,11,11,11,11,2078,0,4,4.317910394728414,2.09280000126455,47.44650000066031,78.0

1790085615,172,GET,[GET] /api/soporte/tickets,43.300000,0.000000,6,7,8,8,10,11,14,15,23,23,23,4209,0,6,7.192052078948505,3.7757000100100413,101.75909999816213,84651.0

1790085615,172,GET,[GET] /health,70.400000,0.000000,4,5,5,6,7,8,10,11,16,16,16,6316,0,4,4.201163806195136,1.8852999928640202,82.81900000292808,83.99715009499684

1790085615,172,,Aggregated,162.800000,0.000000,5,6,6,7,8,10,11,13,20,23,23,14775,0,5,5.157692717481247,1.8852999928640202,101.75909999816213,24168.872893401014

1790085616,173,GET,[GET] /actuator/health,24.900000,0.000000,4,5,6,6,8,9,11,12,14,14,14,2200,0,4,4.807911727435897,2.2941999923205003,54.19399999664165,49.0

1790085616,173,GET,[GET] /api/soporte/election/status,25.700000,0.000000,4,5,6,6,8,9,10,11,11,11,11,2111,0,4,4.334527712094953,2.09280000126455,47.44650000066031,78.0

1790085616,173,GET,[GET] /api/soporte/tickets,43.100000,0.000000,6,7,8,8,10,12,14,15,23,23,23,4257,0,6,7.194904768691942,3.7757000100100413,101.75909999816213,84651.0

1790085616,173,GET,[GET] /health,70.100000,0.000000,4,5,5,6,7,8,10,11,16,16,16,6382,0,4,4.21086786273547,1.8852999928640202,82.81900000292808,83.99717956753369

1790085616,173,,Aggregated,163.800000,0.000000,5,6,6,7,8,10,11,13,20,23,23,14950,0,5,5.165890441531157,1.8852999928640202,101.75909999816213,24158.383612040132

1790085617,174,GET,[GET] /actuator/health,24.500000,0.000000,4,5,6,6,8,9,11,13,14,14,14,2232,0,4,4.810647491193708,2.2941999923205003,54.19399999664165,49.0

1790085617,174,GET,[GET] /api/soporte/election/status,25.300000,0.000000,4,5,6,6,8,9,10,11,13,13,13,2133,0,4,4.34097416794963,2.09280000126455,47.44650000066031,78.0

1790085617,174,GET,[GET] /api/soporte/tickets,43.000000,0.000000,6,7,8,8,10,12,15,15,23,23,23,4298,0,6,7.194523150373788,3.7757000100100413,101.75909999816213,84651.0

1790085617,174,GET,[GET] /health,71.600000,0.000000,4,5,5,6,7,8,11,11,16,16,16,6449,0,4,4.211286525048878,1.8852999928640202,82.81900000292808,83.99720886959219

1790085617,174,,Aggregated,164.400000,0.000000,5,6,6,7,8,10,12,14,20,23,23,15112,0,5,5.166576919066151,1.8852999928640202,101.75909999816213,24129.661064055057

1790085618,175,GET,[GET] /actuator/health,25.000000,0.000000,4,5,6,6,8,9,11,13,14,14,14,2259,0,4,4.805188490677555,2.2941999923205003,54.19399999664165,49.0

1790085618,175,GET,[GET] /api/soporte/election/status,24.900000,0.000000,4,5,6,6,8,9,10,11,13,13,13,2154,0,4,4.34208635108164,2.039900005911477,47.44650000066031,78.0

1790085618,175,GET,[GET] /api/soporte/tickets,42.900000,0.000000,6,7,8,9,10,12,15,15,30,30,30,4348,0,6,7.199179806879397,3.7757000100100413,101.75909999816213,84651.0

1790085618,175,GET,[GET] /health,71.700000,0.000000,4,4,5,6,7,8,10,11,16,16,16,6528,0,4,4.205855147070977,1.8852999928640202,82.81900000292808,83.99724264705883

1790085618,175,,Aggregated,164.500000,0.000000,5,6,6,7,8,10,12,14,23,30,30,15289,0,5,5.164865655115535,1.8852999928640202,101.75909999816213,24127.777160049707

1790085619,176,GET,[GET] /actuator/health,25.400000,0.000000,4,5,6,6,7,9,12,14,15,15,15,2285,0,4,4.804920525341275,2.2941999923205003,54.19399999664165,49.0

1790085619,176,GET,[GET] /api/soporte/election/status,24.900000,0.000000,4,5,6,6,8,9,11,13,14,14,14,2178,0,4,4.351681910102293,2.039900005911477,47.44650000066031,78.0

1790085619,176,GET,[GET] /api/soporte/tickets,43.400000,0.000000,6,7,8,9,10,12,15,18,30,30,30,4408,0,6,7.211240449253153,3.7757000100100413,101.75909999816213,84651.0

1790085619,176,GET,[GET] /health,71.100000,0.000000,4,5,5,6,7,9,10,11,16,16,16,6602,0,4,4.217027370507154,1.8852999928640202,82.81900000292808,83.99727355346864

1790085619,176,,Aggregated,164.800000,0.000000,5,6,6,7,9,10,12,14,23,30,30,15473,0,5,5.175801021198458,1.8852999928640202,101.75909999816213,24169.715439798358

1790085620,177,GET,[GET] /actuator/health,25.000000,0.000000,4,5,6,6,7,9,12,14,15,15,15,2302,0,4,4.804571850722345,2.2941999923205003,54.19399999664165,49.0

1790085620,177,GET,[GET] /api/soporte/election/status,25.200000,0.000000,4,5,6,6,8,9,11,13,14,14,14,2205,0,4,4.352957732545723,2.039900005911477,47.44650000066031,78.0

1790085620,177,GET,[GET] /api/soporte/tickets,43.500000,0.000000,6,7,8,9,10,12,15,18,30,30,30,4460,0,6,7.201689596476755,3.7757000100100413,101.75909999816213,84651.0

1790085620,177,GET,[GET] /health,73.000000,0.000000,4,5,5,6,7,9,11,14,32,32,32,6683,0,4,4.232913900962164,1.8852999928640202,82.81900000292808,83.99730659883286

1790085620,177,,Aggregated,166.700000,0.000000,5,6,6,7,8,10,13,15,31,32,32,15650,0,5,5.17996775725512,1.8852999928640202,101.75909999816213,24178.249329073482

1790085621,178,GET,[GET] /actuator/health,25.100000,0.000000,4,5,6,6,7,9,12,14,15,15,15,2327,0,4,4.806972625865229,2.2941999923205003,54.19399999664165,49.0

1790085621,178,GET,[GET] /api/soporte/election/status,24.300000,0.000000,4,5,6,6,8,9,11,13,14,14,14,2223,0,4,4.353901079732374,2.039900005911477,47.44650000066031,78.0

1790085621,178,GET,[GET] /api/soporte/tickets,45.100000,0.000000,6,7,8,9,10,12,15,18,30,30,30,4520,0,6,7.20025066377951,3.7757000100100413,101.75909999816213,84651.0

1790085621,178,GET,[GET] /health,72.800000,0.000000,4,5,5,6,7,9,11,14,32,32,32,6751,0,4,4.232764879302699,1.8852999928640202,82.81900000292808,83.99733372833654

1790085621,178,,Aggregated,167.300000,0.000000,5,6,6,7,9,10,13,15,31,32,32,15821,0,5,5.182041343852434,1.8852999928640202,101.75909999816213,24238.48069022186

1790085622,179,GET,[GET] /actuator/health,24.900000,0.000000,4,5,6,6,7,9,12,14,15,15,15,2347,0,4,4.807481124998279,2.2941999923205003,54.19399999664165,49.0

1790085622,179,GET,[GET] /api/soporte/election/status,24.400000,0.000000,4,5,6,6,8,9,11,13,14,14,14,2247,0,4,4.3527278149490956,2.039900005911477,47.44650000066031,78.0

1790085622,179,GET,[GET] /api/soporte/tickets,46.200000,0.000000,6,7,8,9,10,12,15,18,32,32,32,4576,0,6,7.202436167027861,3.7757000100100413,101.75909999816213,84651.0

1790085622,179,GET,[GET] /health,72.800000,0.000000,4,5,5,6,7,9,11,14,32,32,32,6822,0,4,4.23161676930368,1.8852999928640202,82.81900000292808,83.99736147757255

1790085622,179,,Aggregated,168.300000,0.000000,5,6,6,7,9,10,13,15,32,32,32,15992,0,5,5.183227557595722,1.8852999928640202,101.75909999816213,24276.280327663833

1790085623,180,GET,[GET] /actuator/health,24.400000,0.000000,4,5,6,6,8,9,13,14,27,27,27,2364,0,4,4.8250135365384965,2.2941999923205003,54.19399999664165,49.0

1790085623,180,GET,[GET] /api/soporte/election/status,25.500000,0.000000,4,5,6,6,8,9,11,14,18,18,18,2273,0,4,4.375475363051367,2.039900005911477,47.44650000066031,78.0

1790085623,180,GET,[GET] /api/soporte/tickets,46.200000,0.000000,7,7,8,9,10,12,15,18,32,32,32,4630,0,6,7.211108013035098,3.7757000100100413,101.75909999816213,84651.0

1790085623,180,GET,[GET] /health,73.000000,0.000000,4,5,5,6,7,9,11,14,32,32,32,6905,0,4,4.251128848691678,1.8852999928640202,82.81900000292808,83.99739319333816

1790085623,180,,Aggregated,169.100000,0.000000,5,6,7,7,9,10,13,15,32,32,32,16172,0,5,5.199929650084177,1.8852999928640202,101.75909999816213,24289.343433094236

1790085624,181,GET,[GET] /actuator/health,24.200000,0.000000,4,5,6,6,8,9,13,14,27,27,27,2393,0,4,4.823674216621403,2.2941999923205003,54.19399999664165,49.0

1790085624,181,GET,[GET] /api/soporte/election/status,23.900000,0.000000,4,5,6,7,8,9,11,14,18,18,18,2289,0,4,4.377116513850325,2.039900005911477,47.44650000066031,78.0

1790085624,181,GET,[GET] /api/soporte/tickets,48.500000,0.000000,7,8,8,9,11,13,15,17,32,32,32,4691,0,6,7.218153293627363,3.7757000100100413,101.75909999816213,84651.0

1790085624,181,GET,[GET] /health,73.200000,0.000000,4,5,6,6,8,9,11,15,32,32,32,6971,0,4,4.255486845529793,1.8852999928640202,82.81900000292808,83.99741787404963

1790085624,181,,Aggregated,169.800000,0.000000,5,6,7,7,9,11,14,16,32,32,32,16344,0,5,5.206046745054611,1.8852999928640202,101.75909999816213,24350.170460107685

1790085625,182,GET,[GET] /actuator/health,24.800000,0.000000,4,6,6,6,8,9,13,15,27,27,27,2419,0,4,4.8393657711372935,2.2941999923205003,54.19399999664165,49.0

1790085625,182,GET,[GET] /api/soporte/election/status,23.100000,0.000000,4,5,6,6,8,9,11,14,18,18,18,2318,0,4,4.380452717971862,2.039900005911477,47.44650000066031,78.0

1790085625,182,GET,[GET] /api/soporte/tickets,49.800000,0.000000,7,8,8,9,11,13,18,26,32,32,32,4744,0,6,7.238450990802322,3.7757000100100413,101.75909999816213,84651.0

1790085625,182,GET,[GET] /health,73.100000,0.000000,4,5,6,6,8,9,12,15,32,32,32,7049,0,4,4.269600184447624,1.8852999928640202,82.81900000292808,83.99744644630444

1790085625,182,,Aggregated,170.800000,0.000000,5,6,7,7,9,11,14,18,32,32,32,16530,0,5,5.220564936550358,1.8852999928640202,101.75909999816213,24348.2018753781

1790085626,183,GET,[GET] /actuator/health,23.600000,0.000000,4,6,6,6,8,9,13,15,27,27,27,2440,0,4,4.841949303429784,2.2941999923205003,54.19399999664165,49.0

1790085626,183,GET,[GET] /api/soporte/election/status,23.700000,0.000000,4,5,6,6,8,9,11,14,18,18,18,2337,0,4,4.381160034351901,2.039900005911477,47.44650000066031,78.0

1790085626,183,GET,[GET] /api/soporte/tickets,50.700000,0.000000,7,8,8,9,11,13,18,26,32,32,32,4796,0,6,7.229031505504783,3.7757000100100413,101.75909999816213,84651.0

1790085626,183,GET,[GET] /health,74.100000,0.000000,4,5,6,6,7,9,12,15,32,32,32,7138,0,4,4.270295404889299,1.8852999928640202,82.81900000292808,83.99747828523395

1790085626,183,,Aggregated,172.100000,0.000000,5,6,7,7,9,11,14,18,32,32,32,16711,0,5,5.218414876497506,1.8852999928640202,101.75909999816213,24348.48997666208

1790085627,184,GET,[GET] /actuator/health,24.600000,0.000000,4,6,6,6,8,9,11,15,27,27,27,2472,0,4,4.8393097897962996,2.2941999923205003,54.19399999664165,49.0

1790085627,184,GET,[GET] /api/soporte/election/status,23.500000,0.000000,4,5,6,6,7,9,11,14,18,18,18,2355,0,4,4.380966454487039,2.039900005911477,47.44650000066031,78.0

1790085627,184,GET,[GET] /api/soporte/tickets,53.100000,0.000000,7,8,8,9,10,13,17,20,32,32,32,4833,0,6,7.222834781787498,3.7757000100100413,101.75909999816213,84651.0

1790085627,184,GET,[GET] /health,72.900000,0.000000,4,5,6,6,8,9,12,15,32,32,32,7223,0,4,4.268359296705382,1.8852999928640202,82.81900000292808,83.99750796068116

1790085627,184,,Aggregated,174.100000,0.000000,5,6,7,7,9,10,14,18,32,32,32,16883,0,5,5.213425901864324,1.8852999928640202,101.75909999816213,24286.5494876503

1790085628,185,GET,[GET] /actuator/health,24.200000,0.000000,4,6,6,6,8,9,11,15,27,27,27,2498,0,4,4.836597478138054,2.2941999923205003,54.19399999664165,49.0

1790085628,185,GET,[GET] /api/soporte/election/status,23.300000,0.000000,4,5,6,6,8,9,11,14,18,18,18,2380,0,4,4.383789327861634,2.039900005911477,47.44650000066031,78.0

1790085628,185,GET,[GET] /api/soporte/tickets,53.400000,0.000000,7,7,8,9,10,13,17,20,32,32,32,4894,0,6,7.229979239961016,3.7757000100100413,101.75909999816213,84651.0

1790085628,185,GET,[GET] /health,73.700000,0.000000,4,5,6,6,8,9,12,15,32,32,32,7300,0,4,4.271398945227154,1.8852999928640202,82.81900000292808,83.99753424657534

1790085628,185,,Aggregated,174.600000,0.000000,5,6,7,7,9,10,14,17,32,32,32,17072,0,5,5.217898887138412,1.8852999928640202,101.75909999816213,24320.71333177132

1790085629,186,GET,[GET] /actuator/health,23.800000,0.000000,5,6,6,6,8,9,11,15,27,27,27,2527,0,4,4.832989988285332,2.2941999923205003,54.19399999664165,49.0

1790085629,186,GET,[GET] /api/soporte/election/status,22.200000,0.000000,4,5,6,6,8,9,10,11,18,18,18,2412,0,4,4.389160986830269,2.039900005911477,47.44650000066031,78.0

1790085629,186,GET,[GET] /api/soporte/tickets,53.800000,0.000000,7,8,8,9,11,13,17,20,32,32,32,4940,0,6,7.234918724776501,3.7757000100100413,101.75909999816213,84651.0

1790085629,186,GET,[GET] /health,76.800000,0.000000,4,5,6,6,7,9,11,15,32,32,32,7380,0,4,4.271548374010289,1.8852999928640202,82.81900000292808,83.99756097560976

1790085629,186,,Aggregated,176.600000,0.000000,5,6,7,7,9,10,13,17,32,32,32,17259,0,5,5.218387363185786,1.8852999928640202,101.75909999816213,24283.434787647024

1790085630,187,GET,[GET] /actuator/health,23.500000,0.000000,5,5,6,6,7,9,11,15,27,27,27,2552,0,4,4.82780282146339,2.2941999923205003,54.19399999664165,49.0

1790085630,187,GET,[GET] /api/soporte/election/status,22.600000,0.000000,4,5,6,6,8,9,10,11,18,18,18,2449,0,4,4.391210126686668,2.039900005911477,47.44650000066031,78.0

1790085630,187,GET,[GET] /api/soporte/tickets,53.500000,0.000000,7,8,8,9,11,13,17,20,32,32,32,4994,0,6,7.232185923191122,3.7757000100100413,101.75909999816213,84651.0

1790085630,187,GET,[GET] /health,76.400000,0.000000,4,5,6,6,7,9,10,12,24,24,24,7450,0,4,4.272454859082972,1.8852999928640202,82.81900000292808,83.99758389261746

1790085630,187,,Aggregated,176.000000,0.000000,5,6,7,7,9,10,13,16,28,32,32,17445,0,5,5.217652714314407,1.8852999928640202,101.75909999816213,24287.12788764689

1790085631,188,GET,[GET] /actuator/health,24.000000,0.000000,4,5,6,6,7,8,11,15,27,27,27,2575,0,4,4.8224070680992295,2.2941999923205003,54.19399999664165,49.0

1790085631,188,GET,[GET] /api/soporte/election/status,22.500000,0.000000,4,5,6,6,8,9,10,11,18,18,18,2474,0,4,4.392017178754484,2.039900005911477,47.44650000066031,78.0

1790085631,188,GET,[GET] /api/soporte/tickets,53.400000,0.000000,7,7,8,9,11,13,17,20,32,32,32,5046,0,6,7.225137435681008,3.7757000100100413,101.75909999816213,84651.0

1790085631,188,GET,[GET] /health,77.300000,0.000000,4,5,6,6,7,9,10,12,24,24,24,7531,0,4,4.275635851838137,1.8852999928640202,82.81900000292808,83.99760987916612

1790085631,188,,Aggregated,177.200000,0.000000,5,6,7,7,9,10,13,16,28,32,32,17626,0,5,5.2162377057320715,1.8852999928640202,101.75909999816213,24288.022183138546

1790085632,189,GET,[GET] /actuator/health,24.100000,0.000000,4,5,6,6,7,9,11,15,27,27,27,2593,0,4,4.826840416644925,2.2941999923205003,54.19399999664165,49.0

1790085632,189,GET,[GET] /api/soporte/election/status,24.100000,0.000000,4,5,6,6,8,9,10,10,18,18,18,2499,0,4,4.395329451875384,2.039900005911477,47.44650000066031,78.0

1790085632,189,GET,[GET] /api/soporte/tickets,52.500000,0.000000,7,8,8,9,11,13,18,26,38,38,38,5092,0,6,7.23881288303784,3.7757000100100413,101.75909999816213,84651.0

1790085632,189,GET,[GET] /health,77.600000,0.000000,4,5,6,6,8,9,10,12,24,24,24,7627,0,4,4.278619693212525,1.8852999928640202,82.81900000292808,83.99763996328832

1790085632,189,,Aggregated,178.300000,0.000000,5,6,7,7,9,10,13,16,28,38,38,17811,0,5,5.221098933308488,1.8852999928640202,101.75909999816213,24254.9840547976

1790085633,190,GET,[GET] /actuator/health,24.700000,0.000000,4,5,6,6,7,8,11,11,15,15,15,2619,0,4,4.832343069981005,2.2941999923205003,54.19399999664165,49.0

1790085633,190,GET,[GET] /api/soporte/election/status,24.100000,0.000000,4,5,6,6,7,8,10,10,12,12,12,2524,0,4,4.399798019091913,2.039900005911477,47.44650000066031,78.0

1790085633,190,GET,[GET] /api/soporte/tickets,53.700000,0.000000,7,8,8,9,11,13,18,26,38,38,38,5138,0,6,7.248056228197053,3.7757000100100413,101.75909999816213,84651.0

1790085633,190,GET,[GET] /health,77.700000,0.000000,4,5,6,6,7,9,10,11,16,16,16,7715,0,4,4.286047764123542,1.8852999928640202,82.81900000292808,83.99766688269605

1790085633,190,,Aggregated,180.200000,0.000000,5,6,7,7,9,10,12,15,28,38,38,17996,0,5,5.227182046074563,1.8852999928640202,101.75909999816213,24222.60963547455

1790085634,191,GET,[GET] /actuator/health,25.000000,0.000000,4,5,6,6,7,8,10,11,11,11,11,2646,0,4,4.830755253310279,2.2941999923205003,54.19399999664165,49.0

1790085634,191,GET,[GET] /api/soporte/election/status,25.200000,0.000000,4,5,5,6,7,8,10,10,12,12,12,2549,0,4,4.396898116968118,1.9994999893242493,47.44650000066031,78.0

1790085634,191,GET,[GET] /api/soporte/tickets,52.400000,0.000000,7,7,8,9,10,12,14,17,38,38,38,5198,0,6,7.241260542616553,3.7757000100100413,101.75909999816213,84651.0

1790085634,191,GET,[GET] /health,78.200000,0.000000,4,5,5,6,7,8,9,10,12,12,12,7794,0,4,4.2825175134946445,1.8852999928640202,82.81900000292808,83.99769053117782

1790085634,191,,Aggregated,180.800000,0.000000,5,6,6,7,8,10,11,13,26,38,38,18187,0,5,5.223944878270679,1.8852999928640202,101.75909999816213,24248.037169406718

1790085635,192,GET,[GET] /actuator/health,24.400000,0.000000,4,5,5,6,7,8,10,11,13,13,13,2677,0,4,4.835835375520757,2.2941999923205003,54.19399999664165,49.0

1790085635,192,GET,[GET] /api/soporte/election/status,25.100000,0.000000,4,5,5,6,7,8,10,12,29,29,29,2571,0,4,4.408250058414226,1.9994999893242493,47.44650000066031,78.0

1790085635,192,GET,[GET] /api/soporte/tickets,50.600000,0.000000,7,7,8,9,10,12,15,19,38,38,38,5246,0,6,7.2453196150542505,3.7757000100100413,101.75909999816213,84651.0

1790085635,192,GET,[GET] /health,80.700000,0.000000,4,5,5,6,7,8,10,12,30,30,30,7876,0,4,4.301292305772434,1.8852999928640202,82.81900000292808,83.99771457592686

1790085635,192,,Aggregated,180.800000,0.000000,5,6,6,7,8,10,12,14,35,38,38,18370,0,5,5.234897501431156,1.8852999928640202,101.75909999816213,24228.221175830156

1790085636,193,GET,[GET] /actuator/health,25.300000,0.000000,4,5,5,6,7,8,9,11,13,13,13,2707,0,4,4.827324418274462,2.2941999923205003,54.19399999664165,49.0

1790085636,193,GET,[GET] /api/soporte/election/status,25.000000,0.000000,4,5,5,6,7,8,10,12,29,29,29,2604,0,4,4.407322887935364,1.9994999893242493,47.44650000066031,78.0

1790085636,193,GET,[GET] /api/soporte/tickets,50.900000,0.000000,7,8,8,9,10,12,15,19,38,38,38,5312,0,6,7.243782454920675,3.7757000100100413,101.75909999816213,84651.0

1790085636,193,GET,[GET] /health,80.400000,0.000000,4,5,5,6,7,8,10,12,30,30,30,7948,0,4,4.299289003566483,1.8852999928640202,82.81900000292808,83.99773527931555

1790085636,193,,Aggregated,181.600000,0.000000,5,6,7,7,8,10,12,14,35,38,38,18571,0,5,5.233641559492633,1.8852999928640202,101.75909999816213,24267.378224112865

1790085637,194,GET,[GET] /actuator/health,25.800000,0.000000,4,5,5,6,7,8,11,11,13,13,13,2737,0,4,4.83140105963876,2.2941999923205003,54.19399999664165,49.0

1790085637,194,GET,[GET] /api/soporte/election/status,25.600000,0.000000,4,5,6,6,7,8,10,12,29,29,29,2640,0,4,4.4112552652498405,1.9994999893242493,47.44650000066031,78.0

1790085637,194,GET,[GET] /api/soporte/tickets,49.500000,0.000000,7,7,8,9,10,12,14,19,38,38,38,5368,0,6,7.236566039582626,3.7757000100100413,101.75909999816213,84651.0

1790085637,194,GET,[GET] /health,81.700000,0.000000,4,5,5,6,7,8,10,12,30,30,30,8023,0,4,4.301501732576874,1.8852999928640202,82.81900000292808,83.99775645020566

1790085637,194,,Aggregated,182.600000,0.000000,5,6,7,7,8,10,12,14,35,38,38,18768,0,5,5.233700634134413,1.8852999928640202,101.75909999816213,24265.79896632566

1790085638,195,GET,[GET] /actuator/health,25.900000,0.000000,4,5,5,6,7,8,11,11,13,13,13,2775,0,4,4.8299861262156,2.2941999923205003,54.19399999664165,49.0

1790085638,195,GET,[GET] /api/soporte/election/status,26.200000,0.000000,4,5,5,6,7,8,10,13,29,29,29,2662,0,4,4.408154733390072,1.9994999893242493,47.44650000066031,78.0

1790085638,195,GET,[GET] /api/soporte/tickets,50.100000,0.000000,7,7,8,9,10,12,15,21,38,38,38,5431,0,6,7.2349781809089,3.7757000100100413,101.75909999816213,84651.0

1790085638,195,GET,[GET] /health,81.400000,0.000000,4,5,5,6,7,8,10,13,30,30,30,8104,0,4,4.301060920581782,1.8852999928640202,82.81900000292808,83.99777887462982

1790085638,195,,Aggregated,183.600000,0.000000,5,6,7,7,8,10,12,14,35,38,38,18972,0,5,5.233327198052058,1.8852999928640202,101.75909999816213,24286.522770398482

1790085639,196,GET,[GET] /actuator/health,26.300000,0.000000,4,5,6,6,7,9,11,11,13,13,13,2804,0,4,4.832415549298276,2.2941999923205003,54.19399999664165,49.0

1790085639,196,GET,[GET] /api/soporte/election/status,27.100000,0.000000,4,5,5,6,7,8,10,13,29,29,29,2694,0,4,4.410022643022533,1.9994999893242493,47.44650000066031,78.0

1790085639,196,GET,[GET] /api/soporte/tickets,51.800000,0.000000,6,7,8,8,10,12,14,21,38,38,38,5474,0,6,7.231340902545241,3.7757000100100413,101.75909999816213,84651.0

1790085639,196,GET,[GET] /health,79.600000,0.000000,4,5,6,6,7,8,10,13,30,30,30,8190,0,4,4.302434200294184,1.8852999928640202,82.81900000292808,83.9978021978022

1790085639,196,,Aggregated,184.800000,0.000000,5,6,7,7,8,10,12,14,35,38,38,19162,0,5,5.231812462241785,1.8852999928640202,101.75909999816213,24236.251122012316

1790085640,197,GET,[GET] /actuator/health,26.900000,0.000000,4,5,6,7,8,9,11,11,13,13,13,2843,0,4,4.832703025081942,2.2941999923205003,54.19399999664165,49.0

1790085640,197,GET,[GET] /api/soporte/election/status,28.000000,0.000000,4,5,5,6,7,8,10,13,29,29,29,2713,0,4,4.410914227899521,1.9994999893242493,47.44650000066031,78.0

1790085640,197,GET,[GET] /api/soporte/tickets,52.000000,0.000000,6,7,8,8,10,12,14,21,38,38,38,5533,0,6,7.223268498213653,3.7757000100100413,101.75909999816213,84651.0

1790085640,197,GET,[GET] /health,80.100000,0.000000,4,5,5,6,7,8,10,13,30,30,30,8267,0,4,4.302162755584565,1.8852999928640202,82.81900000292808,83.99782266844079

1790085640,197,,Aggregated,187.000000,0.000000,5,6,6,7,8,10,12,14,35,38,38,19356,0,5,5.230342483035395,1.8852999928640202,101.75909999816213,24251.876110766687

1790085641,198,GET,[GET] /actuator/health,26.900000,0.000000,5,5,6,7,8,9,11,11,13,13,13,2876,0,4,4.836148365896144,2.2941999923205003,54.19399999664165,49.0

1790085641,198,GET,[GET] /api/soporte/election/status,28.500000,0.000000,4,5,6,6,7,8,10,13,29,29,29,2740,0,4,4.413620365063837,1.9994999893242493,47.44650000066031,78.0

1790085641,198,GET,[GET] /api/soporte/tickets,53.500000,0.000000,6,7,8,9,10,12,15,26,38,38,38,5598,0,6,7.226232100870843,3.7757000100100413,101.75909999816213,84651.0

1790085641,198,GET,[GET] /health,79.000000,0.000000,4,5,5,6,7,8,10,13,30,30,30,8343,0,4,4.302146673905723,1.8852999928640202,82.81900000292808,83.99784250269687

1790085641,198,,Aggregated,187.900000,0.000000,5,6,7,7,8,10,12,14,35,38,38,19557,0,5,5.23328422056873,1.8852999928640202,101.75909999816213,24284.488213938745

1790085642,199,GET,[GET] /actuator/health,28.400000,0.000000,4,5,6,6,8,9,10,11,13,13,13,2906,0,4,4.828690364890757,2.2941999923205003,54.19399999664165,49.0

1790085642,199,GET,[GET] /api/soporte/election/status,27.300000,0.000000,4,5,5,6,7,8,10,13,29,29,29,2764,0,4,4.41012840098511,1.9994999893242493,47.44650000066031,78.0

1790085642,199,GET,[GET] /api/soporte/tickets,53.400000,0.000000,6,7,8,8,10,11,14,16,35,35,35,5653,0,6,7.2261476916127245,3.7757000100100413,101.75909999816213,84651.0

1790085642,199,GET,[GET] /health,81.000000,0.000000,4,5,5,6,7,8,10,13,30,30,30,8429,0,4,4.30141394002097,1.8852999928640202,82.81900000292808,83.99786451536363

1790085642,199,,Aggregated,190.100000,0.000000,5,6,6,7,8,10,12,14,35,35,35,19752,0,5,5.231257599322543,1.8852999928640202,101.75909999816213,24280.989621304172

1790085643,200,GET,[GET] /actuator/health,29.400000,0.000000,5,5,6,6,8,9,11,11,13,13,13,2945,0,4,4.844167029009958,2.2941999923205003,54.19399999664165,49.0

1790085643,200,GET,[GET] /api/soporte/election/status,26.500000,0.000000,4,5,6,6,7,9,10,14,29,29,29,2803,0,4,4.422156368283428,1.9994999893242493,47.44650000066031,78.0

1790085643,200,GET,[GET] /api/soporte/tickets,53.800000,0.000000,6,7,8,9,10,12,14,16,35,35,35,5693,0,6,7.231498630020704,3.7757000100100413,101.75909999816213,84651.0

1790085643,200,GET,[GET] /health,80.500000,0.000000,4,5,5,6,7,8,10,13,30,30,30,8512,0,4,4.308736231256002,1.8852999928640202,82.81900000292808,83.99788533834587

1790085643,200,,Aggregated,190.200000,0.000000,5,6,6,7,8,10,12,14,35,35,35,19953,0,5,5.237621445491492,1.8852999928640202,101.75909999816213,24206.68931990177

1790085644,200,GET,[GET] /actuator/health,29.500000,0.000000,5,5,6,6,8,9,11,11,17,17,17,2971,0,4,4.847135611047898,2.2941999923205003,54.19399999664165,49.0

1790085644,200,GET,[GET] /api/soporte/election/status,26.300000,0.000000,4,5,6,6,7,9,10,13,14,14,14,2825,0,4,4.423934690380238,1.9994999893242493,47.44650000066031,78.0

1790085644,200,GET,[GET] /api/soporte/tickets,54.600000,0.000000,6,7,8,9,10,11,14,15,35,35,35,5754,0,6,7.228402693902587,3.7757000100100413,101.75909999816213,84651.0

1790085644,200,GET,[GET] /health,80.800000,0.000000,4,5,5,6,7,8,9,11,22,22,22,8596,0,4,4.309027233640819,1.8852999928640202,82.81900000292808,83.99790600279199

1790085644,200,,Aggregated,191.200000,0.000000,5,6,6,7,8,10,12,14,26,35,35,20146,0,5,5.238314434718527,1.8852999928640202,101.75909999816213,24231.600764419734

1790085645,200,GET,[GET] /actuator/health,31.800000,0.000000,4,5,6,6,8,9,11,11,17,17,17,2998,0,4,4.847223015494795,2.2941999923205003,54.19399999664165,49.0

1790085645,200,GET,[GET] /api/soporte/election/status,26.700000,0.000000,4,5,6,6,7,8,10,12,14,14,14,2848,0,4,4.4252202248439,1.9994999893242493,47.44650000066031,78.0

1790085645,200,GET,[GET] /api/soporte/tickets,55.700000,0.000000,6,7,8,8,10,11,14,15,35,35,35,5802,0,6,7.227867114919883,3.7757000100100413,101.75909999816213,84651.0

1790085645,200,GET,[GET] /health,80.000000,0.000000,4,5,5,6,7,8,9,10,14,14,14,8697,0,4,4.3098329539426885,1.8852999928640202,82.81900000292808,83.99793032080028

1790085645,200,,Aggregated,194.200000,0.000000,5,6,6,7,8,10,11,13,26,35,35,20345,0,5,5.2373410667001,1.8852999928640202,101.75909999816213,24194.87235192922

1790085646,200,GET,[GET] /actuator/health,32.400000,0.000000,5,5,6,6,8,9,11,11,17,17,17,3046,0,4,4.8431607683668325,2.2941999923205003,54.19399999664165,49.0

1790085646,200,GET,[GET] /api/soporte/election/status,27.600000,0.000000,4,5,6,6,7,9,10,12,14,14,14,2872,0,4,4.425857938846311,1.9994999893242493,47.44650000066031,78.0

1790085646,200,GET,[GET] /api/soporte/tickets,54.400000,0.000000,6,7,8,9,10,11,14,15,26,26,26,5847,0,6,7.228371712118791,3.7757000100100413,101.75909999816213,84651.0

1790085646,200,GET,[GET] /health,79.900000,0.000000,4,5,5,6,7,8,9,10,14,14,14,8780,0,4,4.310173701643699,1.8752000032691285,82.81900000292808,83.99794988610478

1790085646,200,,Aggregated,194.300000,0.000000,5,6,6,7,8,10,11,13,21,26,26,20545,0,5,5.235869856510209,1.8752000032691285,101.75909999816213,24145.299050863956

1790085647,200,GET,[GET] /actuator/health,32.200000,0.000000,5,5,6,6,8,9,10,11,17,17,17,3068,0,4,4.841442829347974,2.2941999923205003,54.19399999664165,49.0

1790085647,200,GET,[GET] /api/soporte/election/status,27.700000,0.000000,4,5,6,6,7,8,10,12,14,14,14,2907,0,4,4.423638562218954,1.9994999893242493,47.44650000066031,78.0

1790085647,200,GET,[GET] /api/soporte/tickets,55.600000,0.000000,6,7,8,9,10,12,14,16,26,26,26,5900,0,6,7.229917000126295,3.7757000100100413,101.75909999816213,84651.0

1790085647,200,GET,[GET] /health,79.500000,0.000000,4,5,5,6,7,8,9,9,14,14,14,8879,0,4,4.3122565604665235,1.8752000032691285,82.81900000292808,83.99797274467845

1790085647,200,,Aggregated,195.000000,0.000000,5,6,6,7,8,10,11,13,21,26,26,20754,0,5,5.235525691526331,1.8752000032691285,101.75909999816213,24118.907005878384

1790085648,200,GET,[GET] /actuator/health,32.400000,0.000000,5,5,6,7,8,9,11,13,17,17,17,3105,0,4,4.8532569083672366,2.2941999923205003,54.19399999664165,49.0

1790085648,200,GET,[GET] /api/soporte/election/status,26.700000,0.000000,4,5,6,6,7,8,10,12,45,45,45,2927,0,4,4.439231021645001,1.9994999893242493,47.44650000066031,78.0

1790085648,200,GET,[GET] /api/soporte/tickets,54.700000,0.000000,7,8,8,9,10,12,14,17,56,56,56,5956,0,6,7.252046121686718,3.7757000100100413,101.75909999816213,84651.0

1790085648,200,GET,[GET] /health,82.000000,0.000000,4,5,5,6,7,8,9,12,55,55,55,8972,0,4,4.3372813419907725,1.8752000032691285,82.81900000292808,83.99799375835934

1790085648,200,,Aggregated,195.800000,0.000000,5,6,7,7,9,10,12,14,55,56,56,20960,0,5,5.256215019176645,1.8752000032691285,101.75909999816213,24108.560925572518

1790085649,200,GET,[GET] /actuator/health,33.600000,0.000000,5,5,6,6,8,9,11,13,17,17,17,3136,0,4,4.852609343269789,2.2941999923205003,54.19399999664165,49.0

1790085649,200,GET,[GET] /api/soporte/election/status,26.700000,0.000000,4,5,6,6,8,9,10,12,45,45,45,2954,0,4,4.44213720390262,1.9994999893242493,47.44650000066031,78.0

1790085649,200,GET,[GET] /api/soporte/tickets,53.100000,0.000000,7,8,9,9,10,12,15,19,56,56,56,6008,0,6,7.255431175215347,3.7757000100100413,101.75909999816213,84651.0

1790085649,200,GET,[GET] /health,84.100000,0.000000,4,5,5,6,7,8,10,12,55,55,55,9062,0,4,4.338422588861263,1.8752000032691285,82.81900000292808,83.99801368351358

1790085649,200,,Aggregated,197.500000,0.000000,5,6,7,7,9,10,12,14,55,56,56,21160,0,5,5.257338005755055,1.8752000032691285,101.75909999816213,24089.247353497165

1790085650,200,GET,[GET] /actuator/health,32.700000,0.000000,4,5,6,6,8,9,12,13,17,17,17,3171,0,4,4.850340649799921,2.2941999923205003,54.19399999664165,49.0

1790085650,200,GET,[GET] /api/soporte/election/status,26.100000,0.000000,4,5,6,6,7,9,10,12,45,45,45,2975,0,4,4.4411292774338635,1.9994999893242493,47.44650000066031,78.0

1790085650,200,GET,[GET] /api/soporte/tickets,52.800000,0.000000,7,8,9,9,10,13,15,19,56,56,56,6054,0,6,7.254028791008067,3.7757000100100413,101.75909999816213,84651.0

1790085650,200,GET,[GET] /health,85.200000,0.000000,4,5,6,6,8,9,11,13,55,55,55,9158,0,4,4.348151747154063,1.8752000032691285,82.81900000292808,83.99803450535052

1790085650,200,,Aggregated,196.800000,0.000000,5,6,7,7,9,10,13,14,55,56,56,21358,0,5,5.259343281303542,1.8752000032691285,101.75909999816213,24048.779707837813

1790085651,200,GET,[GET] /actuator/health,33.000000,0.000000,4,5,6,6,8,9,12,13,17,17,17,3197,0,4,4.849748576955466,2.2941999923205003,54.19399999664165,49.0

1790085651,200,GET,[GET] /api/soporte/election/status,26.300000,0.000000,4,5,6,6,7,8,10,12,45,45,45,3012,0,4,4.439982901828068,1.9994999893242493,47.44650000066031,78.0

1790085651,200,GET,[GET] /api/soporte/tickets,52.300000,0.000000,7,8,8,9,10,12,15,17,56,56,56,6112,0,6,7.245363040051202,3.7757000100100413,101.75909999816213,84651.0

1790085651,200,GET,[GET] /health,87.700000,0.000000,4,5,5,6,7,9,10,13,55,55,55,9233,0,4,4.343142239837684,1.8752000032691285,82.81900000292808,83.99805047113614

1790085651,200,,Aggregated,199.300000,0.000000,5,6,7,7,9,10,13,14,55,56,56,21554,0,5,5.254791031922012,1.8752000032691285,101.75909999816213,24058.367588382665

1790085652,200,GET,[GET] /actuator/health,32.200000,0.000000,5,5,6,6,8,9,12,13,17,17,17,3221,0,4,4.85071378471405,2.2941999923205003,54.19399999664165,49.0

1790085652,200,GET,[GET] /api/soporte/election/status,26.000000,0.000000,4,5,6,6,7,8,10,12,45,45,45,3046,0,4,4.438619304102139,1.9994999893242493,47.44650000066031,78.0

1790085652,200,GET,[GET] /api/soporte/tickets,52.800000,0.000000,7,8,8,9,10,12,16,19,56,56,56,6181,0,6,7.242224850475109,3.7757000100100413,101.75909999816213,84651.0

1790085652,200,GET,[GET] /health,86.200000,0.000000,4,5,6,6,7,9,11,13,55,55,55,9307,0,4,4.344361383942655,1.8752000032691285,82.81900000292808,83.99806597184914

1790085652,200,,Aggregated,197.200000,0.000000,5,6,7,7,9,10,13,14,55,56,56,21755,0,5,5.2558651667202945,1.8752000032691285,101.75909999816213,24105.03415306826

1790085653,200,GET,[GET] /actuator/health,32.300000,0.000000,4,5,6,6,8,9,12,14,17,17,17,3245,0,4,4.85693981526337,2.2941999923205003,54.19399999664165,49.0

1790085653,200,GET,[GET] /api/soporte/election/status,26.200000,0.000000,4,5,6,6,7,8,9,14,45,45,45,3077,0,4,4.450522814526988,1.9994999893242493,47.44650000066031,78.0

1790085653,200,GET,[GET] /api/soporte/tickets,51.300000,0.000000,7,8,8,9,10,12,17,19,56,56,56,6246,0,6,7.251506660375731,3.7757000100100413,101.75909999816213,84651.0

1790085653,200,GET,[GET] /health,88.900000,0.000000,4,5,6,6,8,9,11,13,55,55,55,9386,0,4,4.350974227607028,1.8752000032691285,82.81900000292808,83.99808225015981

1790085653,200,,Aggregated,198.700000,0.000000,5,6,7,7,9,10,13,16,55,56,56,21954,0,5,5.264925895137814,1.8752000032691285,101.75909999816213,24137.631547781726

1790085654,200,GET,[GET] /actuator/health,32.300000,0.000000,4,5,6,6,8,9,12,13,14,14,14,3268,0,4,4.857021297582592,2.2941999923205003,54.19399999664165,49.0

1790085654,200,GET,[GET] /api/soporte/election/status,27.400000,0.000000,4,5,6,6,7,9,10,14,45,45,45,3112,0,4,4.456339974387405,1.9994999893242493,47.44650000066031,78.0

1790085654,200,GET,[GET] /api/soporte/tickets,52.100000,0.000000,7,8,8,9,10,13,17,19,56,56,56,6305,0,6,7.25434789859716,3.7757000100100413,101.75909999816213,84651.0

1790085654,200,GET,[GET] /health,88.500000,0.000000,4,5,6,6,8,9,12,13,55,55,55,9483,0,4,4.358265074386001,1.8752000032691285,82.81900000292808,83.99810186649795

1790085654,200,,Aggregated,200.300000,0.000000,5,6,7,7,9,10,13,16,55,56,56,22168,0,5,5.269260501707464,1.8752000032691285,101.75909999816213,24130.457280765066

1790085655,200,GET,[GET] /actuator/health,31.100000,0.000000,4,5,6,7,8,9,11,13,14,14,14,3295,0,4,4.867255569200529,2.2941999923205003,54.19399999664165,49.0

1790085655,200,GET,[GET] /api/soporte/election/status,28.000000,0.000000,4,5,6,6,7,9,11,14,45,45,45,3137,0,4,4.463980076600393,1.9994999893242493,47.44650000066031,78.0

1790085655,200,GET,[GET] /api/soporte/tickets,54.100000,0.000000,7,8,8,9,11,13,17,20,56,56,56,6370,0,6,7.259330439660552,3.7757000100100413,101.75909999816213,84651.0

1790085655,200,GET,[GET] /health,87.100000,0.000000,4,5,6,6,8,9,12,13,55,55,55,9560,0,4,4.365216851504834,1.8752000032691285,82.81900000292808,83.99811715481171

1790085655,200,,Aggregated,200.300000,0.000000,5,6,7,7,9,11,14,16,55,56,56,22362,0,5,5.277458214910791,1.8752000032691285,101.75909999816213,24167.607235488776

1790085656,200,GET,[GET] /actuator/health,30.000000,0.000000,4,5,6,7,8,9,11,13,14,14,14,3327,0,4,4.86527556373244,2.2941999923205003,54.19399999664165,49.0

1790085656,200,GET,[GET] /api/soporte/election/status,27.800000,0.000000,4,5,6,6,8,9,13,14,45,45,45,3166,0,4,4.472989892700024,1.9994999893242493,47.44650000066031,78.0

1790085656,200,GET,[GET] /api/soporte/tickets,55.600000,0.000000,7,8,8,9,11,13,17,19,56,56,56,6434,0,7,7.264021961551214,3.7757000100100413,101.75909999816213,84651.0

1790085656,200,GET,[GET] /health,87.300000,0.000000,4,5,6,6,8,9,12,13,55,55,55,9648,0,4,4.368156830470443,1.8752000032691285,82.81900000292808,83.9981343283582

1790085656,200,,Aggregated,200.700000,0.000000,5,6,7,7,9,11,14,16,55,56,56,22575,0,5,5.281459676714306,1.8752000032691285,101.75909999816213,24180.062857142857

1790085657,200,GET,[GET] /actuator/health,29.000000,0.000000,4,6,6,7,8,10,11,13,14,14,14,3352,0,4,4.866910143356848,2.2941999923205003,54.19399999664165,49.0

1790085657,200,GET,[GET] /api/soporte/election/status,28.500000,0.000000,4,5,6,6,8,9,13,14,45,45,45,3183,0,4,4.4735504870576985,1.9994999893242493,47.44650000066031,78.0

1790085657,200,GET,[GET] /api/soporte/tickets,54.800000,0.000000,7,8,8,9,11,13,17,20,56,56,56,6488,0,7,7.2656709310478025,3.7757000100100413,101.75909999816213,84651.0

1790085657,200,GET,[GET] /health,88.200000,0.000000,4,5,6,6,8,9,12,13,55,55,55,9741,0,4,4.370194384604486,1.8752000032691285,82.81900000292808,83.99815214043733

1790085657,200,,Aggregated,200.500000,0.000000,5,6,7,8,9,11,14,16,55,56,56,22764,0,5,5.2830315630779845,1.8752000032691285,101.75909999816213,24180.56738710244

1790085658,200,GET,[GET] /actuator/health,29.200000,0.000000,4,5,6,6,8,9,10,13,14,14,14,3377,0,4,4.86901758974689,2.2941999923205003,54.19399999664165,49.0

1790085658,200,GET,[GET] /api/soporte/election/status,29.100000,0.000000,4,5,6,6,8,10,13,14,19,19,19,3211,0,4,4.481655216535246,1.9994999893242493,47.44650000066031,78.0

1790085658,200,GET,[GET] /api/soporte/tickets,57.800000,0.000000,7,8,8,9,11,12,15,18,35,35,35,6545,0,7,7.261536073434466,3.7757000100100413,101.75909999816213,84651.0

1790085658,200,GET,[GET] /health,86.400000,0.000000,4,5,6,6,8,9,11,13,17,17,17,9836,0,4,4.366656923593097,1.8752000032691285,82.81900000292808,83.99816998779991

1790085658,200,,Aggregated,202.500000,0.000000,5,6,7,7,9,11,13,14,33,35,35,22969,0,5,5.281486281595202,1.8752000032691285,101.75909999816213,24175.32030127563

1790085659,200,GET,[GET] /actuator/health,27.900000,0.000000,5,6,6,7,8,9,10,13,14,14,14,3407,0,4,4.873403463636729,2.2941999923205003,54.19399999664165,49.0

1790085659,200,GET,[GET] /api/soporte/election/status,28.900000,0.000000,4,5,6,6,8,10,13,14,19,19,19,3244,0,4,4.4845261406590895,1.9994999893242493,47.44650000066031,78.0

1790085659,200,GET,[GET] /api/soporte/tickets,58.000000,0.000000,7,8,8,9,11,12,15,17,33,33,33,6609,0,7,7.256946754520466,3.7757000100100413,101.75909999816213,84651.0

1790085659,200,GET,[GET] /health,85.800000,0.000000,4,5,6,6,8,9,11,13,17,17,17,9912,0,4,4.371986460910377,1.8752000032691285,82.81900000292808,83.99818401937046

1790085659,200,,Aggregated,200.600000,0.000000,5,6,7,7,9,11,13,14,23,33,33,23172,0,5,5.284299124032359,1.8752000032691285,101.75909999816213,24197.782841360262

1790085660,200,GET,[GET] /actuator/health,28.100000,0.000000,5,6,6,7,8,9,10,11,14,14,14,3444,0,4,4.875076655234247,2.2941999923205003,54.19399999664165,49.0

1790085660,200,GET,[GET] /api/soporte/election/status,27.700000,0.000000,4,5,6,6,8,10,13,14,19,19,19,3272,0,4,4.484219376634045,1.9994999893242493,47.44650000066031,78.0

1790085660,200,GET,[GET] /api/soporte/tickets,58.800000,0.000000,7,8,8,9,11,13,17,18,33,33,33,6663,0,7,7.267617124506833,3.7757000100100413,101.75909999816213,84651.0

1790085660,200,GET,[GET] /health,85.200000,0.000000,4,5,6,6,8,9,11,12,26,26,26,9998,0,4,4.379910552170755,1.8752000032691285,82.81900000292808,83.99819963992799

1790085660,200,,Aggregated,199.800000,0.000000,5,6,7,7,9,11,13,15,26,33,33,23377,0,5,5.290525234297197,1.8752000032691285,101.75909999816213,24181.605809128632

1790085661,200,GET,[GET] /actuator/health,27.300000,0.000000,5,6,6,7,9,10,11,13,14,14,14,3478,0,4,4.881066503927901,2.2941999923205003,54.19399999664165,49.0

1790085661,200,GET,[GET] /api/soporte/election/status,28.400000,0.000000,4,5,6,7,9,10,13,14,46,46,46,3299,0,4,4.497891876430118,1.9994999893242493,47.44650000066031,78.0

1790085661,200,GET,[GET] /api/soporte/tickets,59.000000,0.000000,7,8,8,9,12,13,17,18,33,33,33,6725,0,7,7.275809650633962,3.7757000100100413,101.75909999816213,84651.0

1790085661,200,GET,[GET] /health,85.300000,0.000000,4,5,6,6,8,10,12,13,48,48,48,10079,0,4,4.399432969602799,1.8752000032691285,82.81900000292808,83.99821410854251

1790085661,200,,Aggregated,200.000000,0.000000,5,6,7,8,9,12,14,16,46,48,48,23581,0,5,5.304550248172012,1.8752000032691285,101.75909999816213,24195.42585132098

1790085662,200,GET,[GET] /actuator/health,27.200000,0.000000,5,5,6,7,9,10,11,13,14,14,14,3507,0,4,4.882424494043575,2.2941999923205003,54.19399999664165,49.0

1790085662,200,GET,[GET] /api/soporte/election/status,29.100000,0.000000,4,5,6,7,9,10,13,15,46,46,46,3329,0,4,4.509787563936836,1.9994999893242493,47.44650000066031,78.0

1790085662,200,GET,[GET] /api/soporte/tickets,60.000000,0.000000,7,8,9,9,12,14,16,20,33,33,33,6768,0,7,7.288649010127949,3.7757000100100413,101.75909999816213,84651.0

1790085662,200,GET,[GET] /health,85.100000,0.000000,4,5,6,7,8,10,12,13,48,48,48,10178,0,4,4.406749518643556,1.8752000032691285,82.81900000292808,83.99823147966201

1790085662,200,,Aggregated,201.400000,0.000000,5,6,7,8,9,12,14,16,46,48,48,23782,0,5,5.311463232791885,1.8752000032691285,101.75909999816213,24144.496131528045

1790085663,200,GET,[GET] /actuator/health,27.100000,0.000000,5,5,6,7,9,10,11,13,14,14,14,3530,0,4,4.888444362786531,2.2941999923205003,54.19399999664165,49.0

1790085663,200,GET,[GET] /api/soporte/election/status,29.400000,0.000000,4,5,6,7,9,10,13,15,46,46,46,3350,0,4,4.512158179209991,1.9994999893242493,47.44650000066031,78.0

1790085663,200,GET,[GET] /api/soporte/tickets,60.900000,0.000000,7,8,9,9,12,14,16,20,33,33,33,6829,0,7,7.293705798885412,3.7757000100100413,101.75909999816213,84651.0

1790085663,200,GET,[GET] /health,83.300000,0.000000,4,5,6,7,8,10,12,14,48,48,48,10263,0,4,4.411978817185785,1.8752000032691285,82.81900000292808,83.99824612686349

1790085663,200,,Aggregated,200.700000,0.000000,5,6,7,8,10,12,14,16,46,48,48,23972,0,5,5.317069664706997,1.8752000032691285,101.75909999816213,24168.948064408476

1790085664,200,GET,[GET] /actuator/health,28.000000,0.000000,5,6,6,7,9,10,12,13,14,14,14,3569,0,4,4.894000896783623,2.2941999923205003,54.19399999664165,49.0

1790085664,200,GET,[GET] /api/soporte/election/status,28.200000,0.000000,4,5,6,7,9,11,13,15,46,46,46,3377,0,4,4.517381492563369,1.9994999893242493,47.44650000066031,78.0

1790085664,200,GET,[GET] /api/soporte/tickets,60.200000,0.000000,7,8,9,9,12,13,16,20,33,33,33,6894,0,7,7.2961425008207685,3.7757000100100413,101.75909999816213,84651.0

1790085664,200,GET,[GET] /health,83.700000,0.000000,4,5,6,7,8,10,12,14,48,48,48,10354,0,4,4.417670697389035,1.8752000032691285,82.81900000292808,83.99826154143327

1790085664,200,,Aggregated,200.100000,0.000000,5,6,7,8,10,12,14,16,46,48,48,24194,0,5,5.3220656072758405,1.8752000032691285,101.75909999816213,24175.084690419113

1790085665,200,GET,[GET] /actuator/health,28.600000,0.000000,5,5,6,7,8,10,12,13,14,14,14,3595,0,4,4.893694631605583,2.2941999923205003,54.19399999664165,49.0

1790085665,200,GET,[GET] /api/soporte/election/status,28.000000,0.000000,4,5,6,7,8,10,13,14,46,46,46,3407,0,4,4.51918952169426,1.9994999893242493,47.44650000066031,78.0

1790085665,200,GET,[GET] /api/soporte/tickets,57.100000,0.000000,7,8,9,9,12,13,15,19,33,33,33,6946,0,7,7.29268432200455,3.7757000100100413,101.75909999816213,84651.0

1790085665,200,GET,[GET] /health,87.200000,0.000000,4,5,6,6,8,10,12,14,48,48,48,10438,0,4,4.417560854636448,1.8752000032691285,82.81900000292808,83.99827553171106

1790085665,200,,Aggregated,200.900000,0.000000,5,6,7,7,9,11,13,15,46,48,48,24386,0,5,5.32088888716367,1.8752000032691285,101.75909999816213,24165.69019109325

1790085666,200,GET,[GET] /actuator/health,28.400000,0.000000,5,5,6,7,9,10,12,13,14,14,14,3626,0,4,4.892299669239534,2.2941999923205003,54.19399999664165,49.0

1790085666,200,GET,[GET] /api/soporte/election/status,26.900000,0.000000,4,5,6,6,8,10,13,14,46,46,46,3448,0,4,4.5182371811011155,1.9994999893242493,47.44650000066031,78.0

1790085666,200,GET,[GET] /api/soporte/tickets,58.000000,0.000000,7,8,9,9,12,13,15,19,33,33,33,7003,0,7,7.289940539865953,3.7757000100100413,101.75909999816213,84651.0

1790085666,200,GET,[GET] /health,86.600000,0.000000,4,5,6,6,8,10,12,14,48,48,48,10508,0,4,4.416792415367832,1.8752000032691285,82.81900000292808,83.99828701941378

1790085666,200,,Aggregated,199.900000,0.000000,5,6,7,7,9,11,13,15,46,48,48,24585,0,5,5.319563502235739,1.8752000032691285,101.75909999816213,24166.77750660972

1790085667,200,GET,[GET] /actuator/health,30.000000,0.000000,5,5,6,6,8,10,12,13,14,14,14,3648,0,4,4.888335362019253,2.2941999923205003,54.19399999664165,49.0

1790085667,200,GET,[GET] /api/soporte/election/status,26.100000,0.000000,4,5,6,6,8,10,13,14,46,46,46,3474,0,4,4.515749366856655,1.9994999893242493,47.44650000066031,78.0

1790085667,200,GET,[GET] /api/soporte/tickets,58.600000,0.000000,7,8,9,9,12,13,15,18,26,26,26,7057,0,7,7.283787388511074,3.7757000100100413,101.75909999816213,84651.0

1790085667,200,GET,[GET] /health,86.300000,0.000000,4,5,6,6,8,10,12,14,48,48,48,10600,0,4,4.411145452903375,1.8752000032691285,82.81900000292808,83.99830188679245

1790085667,200,,Aggregated,201.000000,0.000000,5,6,7,7,9,11,13,15,46,48,48,24779,0,5,5.314184999499766,1.8752000032691285,101.75909999816213,24162.484886395738

1790085668,200,GET,[GET] /actuator/health,29.500000,0.000000,4,5,6,6,8,10,11,13,14,14,14,3681,0,4,4.8852229830665985,2.2941999923205003,54.19399999664165,49.0

1790085668,200,GET,[GET] /api/soporte/election/status,26.400000,0.000000,4,5,6,6,8,10,11,13,46,46,46,3501,0,4,4.520460154385509,1.9994999893242493,47.44650000066031,78.0

1790085668,200,GET,[GET] /api/soporte/tickets,56.200000,0.000000,7,8,9,9,11,13,15,18,26,26,26,7124,0,7,7.282111468376968,3.7757000100100413,101.75909999816213,84651.0

1790085668,200,GET,[GET] /health,86.400000,0.000000,4,5,6,6,8,10,12,14,48,48,48,10676,0,4,4.409324260097686,1.8752000032691285,82.81900000292808,83.99831397527164

1790085668,200,,Aggregated,198.500000,0.000000,5,6,7,7,9,11,13,15,46,48,48,24982,0,5,5.314240040937165,1.8752000032691285,101.75909999816213,24193.576855335843

1790085669,200,GET,[GET] /actuator/health,29.700000,0.000000,4,5,6,6,8,10,11,13,14,14,14,3709,0,4,4.885348099398814,2.2941999923205003,54.19399999664165,49.0

1790085669,200,GET,[GET] /api/soporte/election/status,28.000000,0.000000,4,5,6,6,8,10,11,13,46,46,46,3527,0,4,4.522392855265194,1.9994999893242493,47.44650000066031,78.0

1790085669,200,GET,[GET] /api/soporte/tickets,56.500000,0.000000,7,8,9,9,11,13,15,18,26,26,26,7182,0,7,7.279074617196863,3.7757000100100413,101.75909999816213,84651.0

1790085669,200,GET,[GET] /health,85.000000,0.000000,4,5,6,6,8,10,12,14,48,48,48,10752,0,4,4.40845387841667,1.8352000042796135,82.81900000292808,83.99832589285714

1790085669,200,,Aggregated,199.200000,0.000000,5,6,7,7,9,11,13,15,46,48,48,25170,0,5,5.313796015202004,1.8352000042796135,101.75909999816213,24208.32256654748

1790085670,200,GET,[GET] /actuator/health,29.200000,0.000000,4,5,6,6,8,9,11,12,14,14,14,3735,0,4,4.886136921213059,2.2941999923205003,54.19399999664165,49.0

1790085670,200,GET,[GET] /api/soporte/election/status,28.800000,0.000000,4,5,6,6,8,9,11,15,46,46,46,3561,0,4,4.524169250360072,1.9994999893242493,47.44650000066031,78.0

1790085670,200,GET,[GET] /api/soporte/tickets,56.500000,0.000000,7,8,8,9,11,12,14,15,26,26,26,7237,0,7,7.276202197134385,3.7757000100100413,101.75909999816213,84651.0

1790085670,200,GET,[GET] /health,85.800000,0.000000,4,5,5,6,8,9,11,13,48,48,48,10831,0,4,4.406664140033527,1.8352000042796135,82.81900000292808,83.99833810359154

1790085670,200,,Aggregated,200.300000,0.000000,5,6,7,7,9,10,13,14,46,48,48,25364,0,5,5.3125194252731305,1.8352000042796135,101.75909999816213,24207.13791200126

1790085671,200,GET,[GET] /actuator/health,30.000000,0.000000,4,5,6,6,7,9,10,12,14,14,14,3766,0,4,4.888236006556845,2.2941999923205003,54.19399999664165,49.0

1790085671,200,GET,[GET] /api/soporte/election/status,28.500000,0.000000,4,5,6,6,8,9,11,13,15,15,15,3589,0,4,4.524489050026797,1.9994999893242493,47.44650000066031,78.0

1790085671,200,GET,[GET] /api/soporte/tickets,57.200000,0.000000,7,8,8,9,10,12,14,15,26,26,26,7306,0,7,7.278816041703157,3.7757000100100413,101.75909999816213,84651.0

1790085671,200,GET,[GET] /health,83.200000,0.000000,4,5,5,6,7,9,11,12,17,17,17,10913,0,4,4.409503628760351,1.8352000042796135,82.81900000292808,83.99835059103822

1790085671,200,,Aggregated,198.900000,0.000000,5,6,7,7,9,10,12,14,22,26,26,25574,0,5,5.315845432962549,1.8352000042796135,101.75909999816213,24237.168843356532

1790085672,200,GET,[GET] /actuator/health,29.800000,0.000000,4,5,6,6,7,9,10,10,13,13,13,3787,0,4,4.88716094551947,2.2941999923205003,54.19399999664165,49.0

1790085672,200,GET,[GET] /api/soporte/election/status,27.800000,0.000000,4,5,5,6,7,8,10,11,15,15,15,3615,0,4,4.522550899182307,1.9994999893242493,47.44650000066031,78.0

1790085672,200,GET,[GET] /api/soporte/tickets,56.800000,0.000000,7,8,8,9,10,11,13,14,21,21,21,7366,0,7,7.275936125542477,3.7757000100100413,101.75909999816213,84651.0

1790085672,200,GET,[GET] /health,82.800000,0.000000,4,5,5,6,7,8,10,12,15,15,15,10995,0,4,4.4076180355402075,1.8352000042796135,82.81900000292808,83.99836289222374

1790085672,200,,Aggregated,197.200000,0.000000,5,6,7,7,8,10,12,13,18,21,21,25763,0,5,5.314326972896663,1.8352000042796135,101.75909999816213,24256.894034079884

1790085674,200,GET,[GET] /actuator/health,28.800000,0.000000,4,5,6,6,7,8,9,10,10,10,10,3814,0,4,4.889271578573066,2.2941999923205003,54.19399999664165,49.0

1790085674,200,GET,[GET] /api/soporte/election/status,28.500000,0.000000,4,5,5,6,7,8,9,10,15,15,15,3642,0,4,4.524946897455744,1.9994999893242493,47.44650000066031,78.0

1790085674,200,GET,[GET] /api/soporte/tickets,56.800000,0.000000,7,7,8,8,10,12,14,18,30,30,30,7416,0,7,7.285932483909338,3.7757000100100413,101.75909999816213,84651.0

1790085674,200,GET,[GET] /health,82.900000,0.000000,4,5,5,5,7,8,9,12,14,14,14,11090,0,4,4.411643985637102,1.8352000042796135,82.81900000292808,83.99837691614067

1790085674,200,,Aggregated,197.000000,0.000000,5,6,6,7,8,9,12,13,29,30,30,25962,0,5,5.318740678784324,1.8352000042796135,101.75909999816213,24234.431861952085

1790085675,200,GET,[GET] /actuator/health,27.600000,0.000000,4,5,6,6,8,9,10,10,15,15,15,3836,0,4,4.896716866711278,2.2941999923205003,54.19399999664165,49.0

1790085675,200,GET,[GET] /api/soporte/election/status,28.300000,0.000000,4,5,5,6,7,8,9,13,46,46,46,3674,0,4,4.540500190663461,1.9994999893242493,47.44650000066031,78.0

1790085675,200,GET,[GET] /api/soporte/tickets,59.800000,0.000000,7,8,8,9,10,12,16,19,49,49,49,7471,0,7,7.300292544598246,3.7757000100100413,101.75909999816213,84651.0

1790085675,200,GET,[GET] /health,81.000000,0.000000,4,5,5,6,7,8,11,13,47,47,47,11180,0,4,4.42211541151783,1.8352000042796135,82.81900000292808,83.99838998211091

1790085675,200,,Aggregated,196.700000,0.000000,5,6,7,7,8,10,13,15,47,49,49,26161,0,5,5.33027558207503,1.8352000042796135,101.75909999816213,24228.479759948015

1790085676,200,GET,[GET] /actuator/health,27.600000,0.000000,4,5,6,7,8,9,10,10,15,15,15,3853,0,4,4.901754736746902,2.2941999923205003,54.19399999664165,49.0

1790085676,200,GET,[GET] /api/soporte/election/status,28.300000,0.000000,4,5,6,6,7,8,12,15,46,46,46,3699,0,4,4.545283184781954,1.9994999893242493,47.44650000066031,78.0

1790085676,200,GET,[GET] /api/soporte/tickets,59.800000,0.000000,7,8,8,9,10,13,18,19,49,49,49,7543,0,7,7.299055614567861,3.7757000100100413,101.75909999816213,84651.0

1790085676,200,GET,[GET] /health,81.000000,0.000000,4,5,5,6,7,9,12,14,47,47,47,11261,0,4,4.425742456339652,1.8352000042796135,82.81900000292808,83.99840156291626

1790085676,200,,Aggregated,196.700000,0.000000,5,6,7,7,9,10,13,16,47,49,49,26356,0,5,5.334440954724558,1.8352000042796135,101.75909999816213,24280.836166337835

1790085677,200,GET,[GET] /actuator/health,26.600000,0.000000,4,5,6,7,8,9,10,10,15,15,15,3885,0,4,4.897494234422316,2.2941999923205003,54.19399999664165,49.0

1790085677,200,GET,[GET] /api/soporte/election/status,29.600000,0.000000,4,5,6,6,7,9,9,15,46,46,46,3728,0,4,4.545237714738064,1.9994999893242493,47.44650000066031,78.0

1790085677,200,GET,[GET] /api/soporte/tickets,57.300000,0.000000,7,8,8,9,10,13,18,19,49,49,49,7594,0,7,7.2987212800547265,3.7757000100100413,101.75909999816213,84651.0

1790085677,200,GET,[GET] /health,82.100000,0.000000,4,5,6,6,7,9,12,14,47,47,47,11349,0,4,4.427870032673324,1.8352000042796135,82.81900000292808,83.99841395717684

1790085677,200,,Aggregated,195.600000,0.000000,5,6,7,7,9,10,14,16,47,49,49,26556,0,5,5.334003528498996,1.8352000042796135,101.75909999816213,24260.963285133304

1790085678,200,GET,[GET] /actuator/health,25.700000,0.000000,4,5,6,7,8,9,10,10,15,15,15,3909,0,4,4.892605142163394,2.2941999923205003,54.19399999664165,49.0

1790085678,200,GET,[GET] /api/soporte/election/status,29.200000,0.000000,4,5,6,6,7,8,9,15,46,46,46,3758,0,4,4.540898749481405,1.9994999893242493,47.44650000066031,78.0

1790085678,200,GET,[GET] /api/soporte/tickets,59.600000,0.000000,7,8,8,9,10,13,18,20,49,49,49,7641,0,7,7.298133163290968,3.7757000100100413,101.75909999816213,84651.0

1790085678,200,GET,[GET] /health,82.000000,0.000000,4,5,6,6,7,9,12,14,47,47,47,11437,0,4,4.424176086453864,1.8352000042796135,82.81900000292808,83.99842616070647

1790085678,200,,Aggregated,196.500000,0.000000,5,6,7,7,9,10,14,16,47,49,49,26745,0,5,5.330126319040828,1.8352000042796135,101.75909999816213,24238.685586090858

1790085679,200,GET,[GET] /actuator/health,25.900000,0.000000,5,5,6,7,7,9,10,10,15,15,15,3939,0,4,4.889568596272283,2.2941999923205003,54.19399999664165,49.0

1790085679,200,GET,[GET] /api/soporte/election/status,27.900000,0.000000,4,5,5,6,7,8,9,15,46,46,46,3789,0,4,4.53652937467681,1.9994999893242493,47.44650000066031,78.0

1790085679,200,GET,[GET] /api/soporte/tickets,58.900000,0.000000,7,8,8,9,10,13,18,20,49,49,49,7698,0,7,7.295531670652571,3.7757000100100413,101.75909999816213,84651.0

1790085679,200,GET,[GET] /health,83.500000,0.000000,4,5,6,6,7,8,12,14,47,47,47,11530,0,4,4.422239549077885,1.8352000042796135,82.81900000292808,83.99843885516044

1790085679,200,,Aggregated,196.200000,0.000000,5,6,7,7,8,10,13,16,47,49,49,26956,0,5,5.327138496175934,1.8352000042796135,101.75909999816213,24228.388967205818

1790085680,200,GET,[GET] /actuator/health,26.100000,0.000000,5,5,6,7,8,9,11,11,16,16,16,3969,0,4,4.8957814816590535,2.2941999923205003,54.19399999664165,49.0

1790085680,200,GET,[GET] /api/soporte/election/status,28.300000,0.000000,4,5,6,6,7,9,10,13,46,46,46,3812,0,4,4.543505509096053,1.9994999893242493,47.44650000066031,78.0

1790085680,200,GET,[GET] /api/soporte/tickets,58.300000,0.000000,7,8,8,9,11,13,18,19,49,49,49,7751,0,7,7.296865694840029,3.7757000100100413,101.75909999816213,84651.0

1790085680,200,GET,[GET] /health,82.700000,0.000000,4,5,6,6,7,9,12,14,47,47,47,11615,0,4,4.426313474035878,1.8352000042796135,82.81900000292808,83.99845027981058

1790085680,200,,Aggregated,195.400000,0.000000,5,6,7,7,9,10,13,16,47,49,49,27147,0,5,5.331006619626873,1.8352000042796135,101.75909999816213,24223.573875566362

1790085681,200,GET,[GET] /actuator/health,25.800000,0.000000,4,5,6,6,7,9,11,11,16,16,16,4002,0,4,4.89044570234058,2.2941999923205003,54.19399999664165,49.0

1790085681,200,GET,[GET] /api/soporte/election/status,28.600000,0.000000,4,5,6,6,7,9,10,13,46,46,46,3839,0,4,4.537345558903698,1.9994999893242493,47.44650000066031,78.0

1790085681,200,GET,[GET] /api/soporte/tickets,57.200000,0.000000,6,8,8,9,11,13,19,30,49,49,49,7801,0,7,7.2958454173531635,3.7757000100100413,101.75909999816213,84651.0

1790085681,200,GET,[GET] /health,85.300000,0.000000,4,5,6,6,7,9,12,15,47,47,47,11698,0,4,4.433811326803298,1.8352000042796135,82.81900000292808,83.9984612754317

1790085681,200,,Aggregated,196.900000,0.000000,5,6,7,7,8,10,14,18,47,49,49,27340,0,5,5.331823273705753,1.8352000042796135,101.75909999816213,24207.776335040235

1790085682,200,GET,[GET] /actuator/health,25.900000,0.000000,4,5,6,6,7,9,11,14,16,16,16,4043,0,4,4.8904142717531895,2.2941999923205003,54.19399999664165,49.0

1790085682,200,GET,[GET] /api/soporte/election/status,28.500000,0.000000,4,5,6,6,7,9,10,13,46,46,46,3857,0,4,4.5379946332986645,1.9994999893242493,47.44650000066031,78.0

1790085682,200,GET,[GET] /api/soporte/tickets,56.700000,0.000000,7,7,8,9,10,13,19,30,49,49,49,7863,0,7,7.294382322370199,3.7757000100100413,101.75909999816213,84651.0

1790085682,200,GET,[GET] /health,86.100000,0.000000,4,5,6,6,7,9,12,15,47,47,47,11781,0,4,4.433500899831359,1.8352000042796135,82.81900000292808,83.99847211611917

1790085682,200,,Aggregated,197.200000,0.000000,5,6,7,7,8,10,14,18,47,49,49,27544,0,5,5.3318977818414615,1.8352000042796135,101.75909999816213,24219.407203020623

1790085683,200,GET,[GET] /actuator/health,26.600000,0.000000,4,5,6,6,7,9,11,14,16,16,16,4069,0,4,4.889829024499502,2.2941999923205003,54.19399999664165,49.0

1790085683,200,GET,[GET] /api/soporte/election/status,27.700000,0.000000,4,5,5,6,7,9,10,13,46,46,46,3877,0,4,4.535528295225275,1.9994999893242493,47.44650000066031,78.0

1790085683,200,GET,[GET] /api/soporte/tickets,56.000000,0.000000,6,7,8,8,10,12,16,19,49,49,49,7932,0,7,7.287446898738092,3.7757000100100413,101.75909999816213,84651.0

1790085683,200,GET,[GET] /health,86.200000,0.000000,4,5,6,6,7,8,12,15,47,47,47,11869,0,4,4.432215966040174,1.8352000042796135,82.81900000292808,83.99848344426658

1790085683,200,,Aggregated,196.500000,0.000000,5,6,7,7,8,10,14,16,47,49,49,27747,0,5,5.329980091649484,1.8352000042796135,101.75909999816213,24253.090316070207

1790085684,200,GET,[GET] /actuator/health,27.500000,0.000000,4,5,6,7,7,10,11,14,19,19,19,4102,0,4,4.900738591101818,2.2941999923205003,54.19399999664165,49.0

1790085684,200,GET,[GET] /api/soporte/election/status,26.700000,0.000000,4,5,5,6,7,8,9,10,15,15,15,3910,0,4,4.536403734137213,1.9994999893242493,47.44650000066031,78.0

1790085684,200,GET,[GET] /api/soporte/tickets,55.400000,0.000000,6,7,8,8,10,12,16,19,35,35,35,7988,0,7,7.293329419221165,3.7757000100100413,101.75909999816213,84651.0

1790085684,200,GET,[GET] /health,86.400000,0.000000,4,5,6,6,7,9,10,15,37,37,37,11950,0,4,4.440581288783437,1.8352000042796135,82.81900000292808,83.99849372384938

1790085684,200,,Aggregated,196.000000,0.000000,5,6,7,7,8,10,12,16,35,37,37,27950,0,5,5.336823975058207,1.8352000042796135,101.75909999816213,24246.939105545618

1790085685,200,GET,[GET] /actuator/health,28.200000,0.000000,4,5,6,6,7,9,12,14,19,19,19,4139,0,4,4.904496110333756,2.2941999923205003,54.19399999664165,49.0

1790085685,200,GET,[GET] /api/soporte/election/status,25.800000,0.000000,4,5,6,6,7,8,10,10,11,11,11,3937,0,4,4.542063576454392,1.9994999893242493,47.44650000066031,78.0

1790085685,200,GET,[GET] /api/soporte/tickets,55.800000,0.000000,7,7,8,9,10,12,14,20,35,35,35,8039,0,7,7.294849695329862,3.7757000100100413,101.75909999816213,84651.0

1790085685,200,GET,[GET] /health,86.400000,0.000000,4,5,5,6,7,8,10,13,37,37,37,12025,0,4,4.439560657044245,1.8352000042796135,82.81900000292808,83.99825363825364

1790085685,200,,Aggregated,196.200000,0.000000,5,6,6,7,8,10,12,14,35,37,37,28140,0,5,5.337982491218414,1.8352000042796135,101.75909999816213,24237.0065742715

1790085686,200,GET,[GET] /actuator/health,28.800000,0.000000,4,5,6,7,8,10,13,14,19,19,19,4164,0,4,4.908465321970895,2.2941999923205003,54.19399999664165,49.0

1790085686,200,GET,[GET] /api/soporte/election/status,26.600000,0.000000,4,5,6,6,7,9,10,11,11,11,11,3970,0,4,4.5494225190076225,1.9994999893242493,47.44650000066031,78.0

1790085686,200,GET,[GET] /api/soporte/tickets,56.700000,0.000000,6,7,8,9,10,12,15,18,35,35,35,8099,0,7,7.2975102482760565,3.7757000100100413,101.75909999816213,84651.0

1790085686,200,GET,[GET] /health,85.800000,0.000000,4,5,5,6,7,8,10,12,37,37,37,12110,0,4,4.440849537643566,1.8352000042796135,82.81900000292808,83.99826589595375

1790085686,200,,Aggregated,197.900000,0.000000,5,6,7,7,8,10,12,15,35,37,37,28343,0,5,5.341046480711231,1.8352000042796135,101.75909999816213,24243.0005292312

1790085687,200,GET,[GET] /actuator/health,29.900000,0.000000,4,6,6,7,8,10,13,14,19,19,19,4193,0,4,4.908137276578694,2.2941999923205003,54.19399999664165,49.0

1790085687,200,GET,[GET] /api/soporte/election/status,26.000000,0.000000,4,5,6,6,7,10,10,11,13,13,13,4005,0,4,4.550347465799555,1.9994999893242493,47.44650000066031,78.0

1790085687,200,GET,[GET] /api/soporte/tickets,56.500000,0.000000,7,7,8,9,10,12,15,17,35,35,35,8151,0,7,7.2956242547933785,3.7757000100100413,101.75909999816213,84651.0

1790085687,200,GET,[GET] /health,84.300000,0.000000,4,5,6,6,7,9,10,12,37,37,37,12203,0,4,4.443414840683702,1.8352000042796135,82.81900000292808,83.99827911169385

1790085687,200,,Aggregated,196.700000,0.000000,5,6,7,7,9,10,12,14,35,37,37,28552,0,5,5.340907320079355,1.8352000042796135,101.75909999816213,24220.130954048753

1790085688,200,GET,[GET] /actuator/health,30.800000,0.000000,5,6,6,7,8,11,14,16,19,19,19,4217,0,4,4.9150458621537805,2.2941999923205003,54.19399999664165,49.0

1790085688,200,GET,[GET] /api/soporte/election/status,27.000000,0.000000,4,5,6,6,8,10,11,13,50,50,50,4037,0,4,4.566557096975877,1.9994999893242493,49.91040000459179,78.0

1790085688,200,GET,[GET] /api/soporte/tickets,55.500000,0.000000,6,7,8,9,10,12,16,18,50,50,50,8201,0,7,7.301897390668798,3.7757000100100413,101.75909999816213,84651.0

1790085688,200,GET,[GET] /health,84.500000,0.000000,4,5,6,6,8,9,11,15,37,37,37,12294,0,4,4.446469529921027,1.8352000042796135,82.81900000292808,83.99829184968277

1790085688,200,,Aggregated,197.800000,0.000000,5,6,7,7,9,11,14,16,50,50,50,28749,0,5,5.346610188281958,1.8352000042796135,101.75909999816213,24201.782496782496

1790085689,200,GET,[GET] /actuator/health,30.400000,0.000000,4,6,6,7,8,10,14,14,19,19,19,4240,0,4,4.9158809199757085,2.2941999923205003,54.19399999664165,49.0

1790085689,200,GET,[GET] /api/soporte/election/status,27.400000,0.000000,4,5,6,6,8,10,12,13,50,50,50,4065,0,4,4.572232620042278,1.9994999893242493,49.91040000459179,78.0

1790085689,200,GET,[GET] /api/soporte/tickets,55.200000,0.000000,6,7,8,9,11,13,16,18,50,50,50,8263,0,7,7.302794856697677,3.7757000100100413,101.75909999816213,84651.0

1790085689,200,GET,[GET] /health,84.400000,0.000000,4,5,6,6,8,9,11,15,37,37,37,12373,0,4,4.449950456711893,1.8352000042796135,82.81900000292808,83.99830275600097

1790085689,200,,Aggregated,197.400000,0.000000,5,6,7,7,9,11,14,16,50,50,50,28941,0,5,5.349908144257559,1.8352000042796135,101.75909999816213,24222.913997443073

1790085690,200,GET,[GET] /actuator/health,30.800000,0.000000,5,6,7,7,9,11,14,14,19,19,19,4274,0,4,4.921906738580208,2.2941999923205003,54.19399999664165,49.0

1790085690,200,GET,[GET] /api/soporte/election/status,27.900000,0.000000,4,5,6,6,8,10,12,13,50,50,50,4085,0,4,4.572463843437434,1.9994999893242493,49.91040000459179,78.0

1790085690,200,GET,[GET] /api/soporte/tickets,55.200000,0.000000,6,7,8,9,11,13,16,18,50,50,50,8316,0,7,7.301738047246616,3.7757000100100413,101.75909999816213,84651.0

1790085690,200,GET,[GET] /health,84.800000,0.000000,4,5,6,6,8,9,11,13,22,22,22,12466,0,4,4.449005767757884,1.8352000042796135,82.81900000292808,83.9983154179368

1790085690,200,,Aggregated,198.700000,0.000000,5,6,7,7,9,11,14,15,50,50,50,29141,0,5,5.349758199886976,1.8352000042796135,101.75909999816213,24211.00494149137

1790085691,200,GET,[GET] /actuator/health,29.900000,0.000000,5,6,7,7,9,11,13,14,19,19,19,4310,0,4,4.925047007123043,2.2941999923205003,54.19399999664165,49.0

1790085691,200,GET,[GET] /api/soporte/election/status,27.800000,0.000000,4,5,6,6,9,10,12,13,50,50,50,4124,0,4,4.572652861391033,1.9994999893242493,49.91040000459179,78.0

1790085691,200,GET,[GET] /api/soporte/tickets,56.300000,0.000000,6,7,8,9,11,14,16,18,50,50,50,8361,0,7,7.301612139809942,3.7757000100100413,101.75909999816213,84651.0

1790085691,200,GET,[GET] /health,83.900000,0.000000,4,5,6,6,8,9,11,12,22,22,22,12547,0,4,4.449953423193833,1.8352000042796135,82.81900000292808,83.99808719215748

1790085691,200,,Aggregated,197.900000,0.000000,5,6,7,7,9,11,14,15,50,50,50,29342,0,5,5.349564368578859,1.8352000042796135,101.75909999816213,24175.373082952763

1790085692,200,GET,[GET] /actuator/health,30.000000,0.000000,5,6,7,7,9,11,13,14,19,19,19,4342,0,4,4.926326485645761,2.2941999923205003,54.19399999664165,49.0

1790085692,200,GET,[GET] /api/soporte/election/status,27.100000,0.000000,4,5,6,6,8,10,12,13,50,50,50,4156,0,4,4.5738989173198705,1.9994999893242493,49.91040000459179,78.0

1790085692,200,GET,[GET] /api/soporte/tickets,56.100000,0.000000,6,8,8,9,11,14,16,18,50,50,50,8412,0,7,7.297074857453582,3.7757000100100413,101.75909999816213,84651.0

1790085692,200,GET,[GET] /health,84.400000,0.000000,4,5,6,6,8,9,11,12,22,22,22,12643,0,4,4.454529281088468,1.8352000042796135,82.81900000292808,83.99810171636479

1790085692,200,,Aggregated,197.600000,0.000000,5,6,7,7,9,11,14,15,50,50,50,29553,0,5,5.349739143327456,1.8352000042796135,101.75909999816213,24149.261530132306

1790085693,200,GET,[GET] /actuator/health,30.000000,0.000000,5,6,6,7,8,11,13,14,31,31,31,4373,0,4,4.931734553085167,2.2941999923205003,54.19399999664165,49.0

1790085693,200,GET,[GET] /api/soporte/election/status,28.300000,0.000000,4,5,6,6,9,11,12,16,50,50,50,4181,0,4,4.5818675676534415,1.9994999893242493,49.91040000459179,78.0

1790085693,200,GET,[GET] /api/soporte/tickets,55.700000,0.000000,6,7,8,9,11,14,16,18,50,50,50,8456,0,7,7.302967277786543,3.7757000100100413,101.75909999816213,84651.0

1790085693,200,GET,[GET] /health,84.200000,0.000000,4,5,6,6,8,10,11,15,32,32,32,12733,0,4,4.461484889714955,1.8352000042796135,82.81900000292808,83.99811513390402

1790085693,200,,Aggregated,198.200000,0.000000,5,6,7,7,9,11,14,16,50,50,50,29743,0,5,5.3553858690348655,1.8352000042796135,101.75909999816213,24120.59304710352

1790085694,200,GET,[GET] /actuator/health,29.400000,0.000000,5,6,6,7,9,11,13,14,31,31,31,4405,0,4,4.929890533639372,2.2941999923205003,54.19399999664165,49.0

1790085694,200,GET,[GET] /api/soporte/election/status,29.600000,0.000000,4,5,6,6,9,11,12,16,50,50,50,4204,0,4,4.582726570010982,1.9994999893242493,49.91040000459179,78.0

1790085694,200,GET,[GET] /api/soporte/tickets,54.100000,0.000000,6,7,8,9,11,14,16,18,50,50,50,8509,0,7,7.3076694677415315,3.7757000100100413,101.75909999816213,84651.0

1790085694,200,GET,[GET] /health,84.800000,0.000000,4,5,6,6,8,10,12,15,32,32,32,12823,0,4,4.464609483014128,1.8352000042796135,82.81900000292808,83.99812836309756

1790085694,200,,Aggregated,197.900000,0.000000,5,6,7,7,9,11,14,16,50,50,50,29941,0,5,5.357623232447495,1.8352000042796135,101.75909999816213,24111.29300958552

1790085695,200,GET,[GET] /actuator/health,30.100000,0.000000,5,6,6,7,9,10,12,14,31,31,31,4437,0,4,4.936093328967767,2.2941999923205003,54.19399999664165,49.0

1790085695,200,GET,[GET] /api/soporte/election/status,30.300000,0.000000,4,5,6,6,9,11,12,16,50,50,50,4231,0,4,4.586313732055597,1.9994999893242493,49.91040000459179,78.0

1790085695,200,GET,[GET] /api/soporte/tickets,51.900000,0.000000,6,7,8,9,11,14,16,18,50,50,50,8551,0,7,7.309763045374359,3.7757000100100413,101.75909999816213,84651.0

1790085695,200,GET,[GET] /health,85.300000,0.000000,4,5,6,6,8,10,12,15,32,32,32,12921,0,4,4.467473663074251,1.8352000042796135,82.81900000292808,83.99814255862549

1790085695,200,,Aggregated,197.600000,0.000000,5,6,7,7,9,11,14,16,50,50,50,30140,0,5,5.359527223043655,1.8352000042796135,101.75909999816213,24070.453616456536

1790085696,200,GET,[GET] /actuator/health,29.900000,0.000000,5,6,6,7,9,10,12,14,31,31,31,4461,0,4,4.938989710968674,2.2941999923205003,54.19399999664165,49.0

1790085696,200,GET,[GET] /api/soporte/election/status,29.400000,0.000000,4,5,6,7,9,11,12,22,50,50,50,4257,0,4,4.594568851379718,1.9994999893242493,49.91040000459179,78.0

1790085696,200,GET,[GET] /api/soporte/tickets,52.000000,0.000000,7,8,9,9,11,14,18,23,50,50,50,8605,0,7,7.319297617779453,3.7757000100100413,101.75909999816213,84651.0

1790085696,200,GET,[GET] /health,86.600000,0.000000,4,5,6,6,8,10,13,15,32,32,32,13013,0,4,4.475551832831405,1.8352000042796135,82.81900000292808,83.99815569046338

1790085696,200,,Aggregated,197.900000,0.000000,5,6,7,8,9,11,15,18,50,50,50,30336,0,5,5.3670498649321585,1.8352000042796135,101.75909999816213,24065.979628164558

1790085697,200,GET,[GET] /actuator/health,29.900000,0.000000,5,6,6,7,9,10,12,13,31,31,31,4484,0,4,4.945061686151224,2.2941999923205003,54.19399999664165,49.0

1790085697,200,GET,[GET] /api/soporte/election/status,29.300000,0.000000,4,5,6,6,8,11,12,14,27,27,27,4279,0,4,4.596622248265938,1.9994999893242493,49.91040000459179,78.0

1790085697,200,GET,[GET] /api/soporte/tickets,51.400000,0.000000,7,8,9,9,11,14,19,23,30,30,30,8669,0,7,7.324989722113353,3.7757000100100413,101.75909999816213,84651.0

1790085697,200,GET,[GET] /health,88.100000,0.000000,4,5,6,6,8,10,13,15,32,32,32,13108,0,4,4.4772581858845175,1.8352000042796135,82.81900000292808,83.99794018919744

1790085697,200,,Aggregated,198.700000,0.000000,5,6,7,8,9,11,14,19,31,32,32,30540,0,5,5.371016352410182,1.8352000042796135,101.75909999816213,24082.974525212834

1790085698,200,GET,[GET] /actuator/health,29.900000,0.000000,5,6,6,7,9,10,11,13,31,31,31,4513,0,4,4.943609616820356,2.2941999923205003,54.19399999664165,49.0

1790085698,200,GET,[GET] /api/soporte/election/status,28.600000,0.000000,4,5,6,6,8,11,12,14,27,27,27,4304,0,4,4.595065985221208,1.9994999893242493,49.91040000459179,78.0

1790085698,200,GET,[GET] /api/soporte/tickets,50.100000,0.000000,7,8,9,9,11,14,19,23,30,30,30,8733,0,7,7.321466231649554,3.7757000100100413,101.75909999816213,84651.0

1790085698,200,GET,[GET] /health,89.600000,0.000000,4,5,6,6,8,10,13,16,32,32,32,13184,0,4,4.476974499437665,1.8352000042796135,82.81900000292808,83.9979520631068

1790085698,200,,Aggregated,198.200000,0.000000,5,6,7,7,9,11,14,19,31,32,32,30734,0,5,5.370289275808033,1.8352000042796135,101.75909999816213,24107.550627969023

1790085699,200,GET,[GET] /actuator/health,28.700000,0.000000,5,6,6,7,9,10,12,13,31,31,31,4536,0,4,4.947897090107284,2.2941999923205003,54.19399999664165,49.0

1790085699,200,GET,[GET] /api/soporte/election/status,27.200000,0.000000,4,5,6,6,8,11,12,14,27,27,27,4333,0,4,4.595864020389441,1.9994999893242493,49.91040000459179,78.0

1790085699,200,GET,[GET] /api/soporte/tickets,51.400000,0.000000,7,8,9,9,12,14,20,23,30,30,30,8798,0,7,7.327148886221958,3.7757000100100413,101.75909999816213,84651.0

1790085699,200,GET,[GET] /health,89.700000,0.000000,4,5,6,6,8,10,13,16,32,32,32,13269,0,4,4.479219383568614,1.8352000042796135,82.81900000292808,83.99796518200317

1790085699,200,,Aggregated,197.000000,0.000000,5,6,7,7,9,12,14,19,31,32,32,30936,0,5,5.374209914100944,1.8352000042796135,101.75909999816213,24128.339313421257

1790085700,200,GET,[GET] /actuator/health,29.000000,0.000000,5,6,6,7,9,10,11,13,31,31,31,4561,0,4,4.9459272967961345,2.2941999923205003,54.19399999664165,49.0

1790085700,200,GET,[GET] /api/soporte/election/status,26.500000,0.000000,4,5,6,6,8,11,12,15,27,27,27,4366,0,4,4.598908154008189,1.9994999893242493,49.91040000459179,78.0

1790085700,200,GET,[GET] /api/soporte/tickets,53.100000,0.000000,7,8,9,9,12,14,19,23,30,30,30,8864,0,7,7.326538571870459,3.7757000100100413,101.75909999816213,84651.0

1790085700,200,GET,[GET] /health,88.800000,0.000000,4,5,6,6,8,10,13,16,32,32,32,13351,0,4,4.480788180702961,1.8352000042796135,82.81900000292808,83.99797767957456

1790085700,200,,Aggregated,197.400000,0.000000,5,6,7,7,9,12,14,19,31,32,32,31142,0,5,5.375462343546076,1.8352000042796135,101.75909999816213,24148.47980219639

1790085701,200,GET,[GET] /actuator/health,29.500000,0.000000,5,6,6,7,9,10,11,13,31,31,31,4589,0,4,4.949369230930685,2.2941999923205003,54.19399999664165,49.0

1790085701,200,GET,[GET] /api/soporte/election/status,26.300000,0.000000,4,5,6,6,8,11,12,15,27,27,27,4399,0,4,4.598742828023074,1.9994999893242493,49.91040000459179,78.0

1790085701,200,GET,[GET] /api/soporte/tickets,51.900000,0.000000,7,8,9,9,12,14,22,25,38,38,38,8911,0,7,7.335261620587081,3.7757000100100413,101.75909999816213,84651.0

1790085701,200,GET,[GET] /health,88.600000,0.000000,4,5,6,6,8,10,13,16,38,38,38,13429,0,4,4.486022161036152,1.8352000042796135,82.81900000292808,83.99798942586939

1790085701,200,,Aggregated,196.300000,0.000000,5,6,7,8,10,12,15,22,38,38,38,31328,0,5,5.380165762347433,1.8352000042796135,101.75909999816213,24132.439127936672

1790085702,200,GET,[GET] /actuator/health,29.000000,0.000000,5,6,6,7,9,10,13,13,31,31,31,4614,0,4,4.950499653367467,2.2941999923205003,54.19399999664165,49.0

1790085702,200,GET,[GET] /api/soporte/election/status,27.700000,0.000000,4,5,6,6,8,11,12,15,27,27,27,4422,0,4,4.599089665425906,1.9994999893242493,49.91040000459179,78.0

1790085702,200,GET,[GET] /api/soporte/tickets,54.000000,0.000000,7,8,9,10,12,15,22,25,38,38,38,8965,0,7,7.335344852316201,3.7757000100100413,101.75909999816213,84651.0

1790085702,200,GET,[GET] /health,87.200000,0.000000,4,5,6,6,8,10,13,16,38,38,38,13523,0,4,4.483405945475434,1.8352000042796135,82.81900000292808,83.99800340161207

1790085702,200,,Aggregated,197.900000,0.000000,5,6,7,8,10,12,15,22,38,38,38,31524,0,5,5.3790523126135605,1.8352000042796135,101.75909999816213,24127.74781119147

1790085703,200,GET,[GET] /actuator/health,28.600000,0.000000,5,6,7,7,9,10,11,13,19,19,19,4633,0,4,4.954349212305996,2.2941999923205003,54.19399999664165,49.0

1790085703,200,GET,[GET] /api/soporte/election/status,26.800000,0.000000,4,5,6,6,8,10,11,12,22,22,22,4454,0,4,4.598867040985131,1.9994999893242493,49.91040000459179,78.0

1790085703,200,GET,[GET] /api/soporte/tickets,54.300000,0.000000,7,8,9,9,12,13,22,24,38,38,38,9018,0,7,7.333581348521075,3.7757000100100413,101.75909999816213,84651.0

1790085703,200,GET,[GET] /health,88.100000,0.000000,4,5,6,6,8,9,11,14,38,38,38,13619,0,4,4.487830317988044,1.8352000042796135,82.81900000292808,83.99801747558558

1790085703,200,,Aggregated,197.800000,0.000000,5,6,7,7,9,11,14,17,38,38,38,31724,0,5,5.380495883331347,1.8352000042796135,101.75909999816213,24117.422645315848

1790085704,200,GET,[GET] /actuator/health,27.100000,0.000000,5,6,6,7,8,10,11,13,19,19,19,4665,0,4,4.955711618568304,2.2941999923205003,54.19399999664165,49.0

1790085704,200,GET,[GET] /api/soporte/election/status,26.600000,0.000000,4,5,6,6,8,10,11,12,22,22,22,4485,0,4,4.604441315614968,1.9994999893242493,49.91040000459179,78.0

1790085704,200,GET,[GET] /api/soporte/tickets,55.800000,0.000000,7,8,9,9,12,13,22,24,38,38,38,9073,0,7,7.33628002876442,3.7757000100100413,101.75909999816213,84651.0

1790085704,200,GET,[GET] /health,88.100000,0.000000,4,5,6,6,8,10,11,14,38,38,38,13701,0,4,4.492073308564289,1.8352000042796135,82.81900000292808,83.99802934092402

1790085704,200,,Aggregated,197.600000,0.000000,5,6,7,7,9,11,14,17,38,38,38,31924,0,5,5.383951857623518,1.8352000042796135,101.75909999816213,24112.510806916427

1790085705,200,GET,[GET] /actuator/health,25.700000,0.000000,5,6,6,7,8,10,11,13,19,19,19,4705,0,4,4.95450405963656,2.2941999923205003,54.19399999664165,49.0

1790085705,200,GET,[GET] /api/soporte/election/status,27.400000,0.000000,4,5,6,6,7,9,11,12,15,15,15,4507,0,4,4.6025552253183015,1.9994999893242493,49.91040000459179,78.0

1790085705,200,GET,[GET] /api/soporte/tickets,56.500000,0.000000,7,8,9,9,12,13,22,25,38,38,38,9132,0,7,7.3419828625730075,3.7757000100100413,101.75909999816213,84651.0

1790085705,200,GET,[GET] /health,88.000000,0.000000,4,5,6,6,8,9,11,13,38,38,38,13780,0,4,4.491448882482818,1.8352000042796135,82.81900000292808,83.99804063860668

1790085705,200,,Aggregated,197.600000,0.000000,5,6,7,7,9,11,13,16,38,38,38,32124,0,5,5.385188989625499,1.8352000042796135,101.75909999816213,24118.183165234714

1790085706,200,GET,[GET] /actuator/health,26.100000,0.000000,5,5,6,7,8,10,11,13,19,19,19,4733,0,4,4.957032220714784,2.2941999923205003,54.19399999664165,49.0

1790085706,200,GET,[GET] /api/soporte/election/status,27.500000,0.000000,4,5,6,6,8,9,11,12,15,15,15,4537,0,4,4.6077381971593745,1.9994999893242493,49.91040000459179,78.0

1790085706,200,GET,[GET] /api/soporte/tickets,56.200000,0.000000,7,8,9,9,12,13,17,26,38,38,38,9189,0,7,7.344443758946394,3.7757000100100413,101.75909999816213,84651.0

1790085706,200,GET,[GET] /health,86.100000,0.000000,4,5,6,6,8,9,11,12,38,38,38,13859,0,4,4.492719467540439,1.8352000042796135,82.81900000292808,83.99805180748972

1790085706,200,,Aggregated,195.900000,0.000000,5,6,7,7,9,11,13,16,38,38,38,32318,0,5,5.387698326095567,1.8352000042796135,101.75909999816213,24123.026517730057

1790085707,200,GET,[GET] /actuator/health,26.500000,0.000000,5,6,6,7,8,10,11,13,19,19,19,4759,0,4,4.958885291151311,2.2941999923205003,54.19399999664165,49.0

1790085707,200,GET,[GET] /api/soporte/election/status,27.700000,0.000000,4,5,6,7,8,9,11,12,15,15,15,4565,0,4,4.606901862102496,1.9994999893242493,49.91040000459179,78.0

1790085707,200,GET,[GET] /api/soporte/tickets,56.900000,0.000000,7,8,9,9,11,13,18,26,38,38,38,9254,0,7,7.3442965313356305,3.7757000100100413,101.75909999816213,84651.0

1790085707,200,GET,[GET] /health,86.000000,0.000000,4,5,6,6,8,9,11,12,38,38,38,13941,0,4,4.490862118979022,1.8352000042796135,82.81900000292808,83.99806326662363

1790085707,200,,Aggregated,197.100000,0.000000,5,6,7,7,9,11,13,16,38,38,38,32519,0,5,5.3876524801732355,1.8352000042796135,101.75909999816213,24143.443279313633

1790085708,200,GET,[GET] /actuator/health,26.700000,0.000000,5,6,6,7,8,9,11,11,19,19,19,4782,0,4,4.963217231410615,2.2941999923205003,54.19399999664165,49.0

1790085708,200,GET,[GET] /api/soporte/election/status,27.300000,0.000000,4,5,6,7,8,9,11,12,15,15,15,4602,0,4,4.606249043996244,1.9994999893242493,49.91040000459179,78.0

1790085708,200,GET,[GET] /api/soporte/tickets,57.700000,0.000000,7,8,8,9,11,13,18,26,38,38,38,9311,0,7,7.341100279339924,3.7757000100100413,101.75909999816213,84651.0

1790085708,200,GET,[GET] /health,83.800000,0.000000,4,5,6,6,8,9,11,12,38,38,38,14033,0,4,4.491325297563484,1.8352000042796135,82.81900000292808,83.99807596379962

1790085708,200,,Aggregated,195.500000,0.000000,5,6,7,7,9,10,13,16,38,38,38,32728,0,5,5.387185758455105,1.8352000042796135,101.75909999816213,24137.05328770472

1790085709,200,GET,[GET] /actuator/health,27.600000,0.000000,5,6,7,7,8,10,11,12,19,19,19,4817,0,4,4.969935001170083,2.2941999923205003,54.19399999664165,49.0

1790085709,200,GET,[GET] /api/soporte/election/status,28.700000,0.000000,4,5,6,7,8,9,10,11,13,13,13,4626,0,4,4.606048357220137,1.9994999893242493,49.91040000459179,78.0

1790085709,200,GET,[GET] /api/soporte/tickets,57.400000,0.000000,7,8,9,9,11,13,19,28,38,38,38,9365,0,7,7.347087912539068,3.7757000100100413,101.75909999816213,84651.0

1790085709,200,GET,[GET] /health,83.400000,0.000000,4,5,6,6,8,9,11,13,38,38,38,14126,0,4,4.49557246217703,1.8352000042796135,82.81900000292808,83.99808863089339

1790085709,200,,Aggregated,197.100000,0.000000,5,6,7,7,9,11,13,16,38,38,38,32934,0,5,5.391318743632044,1.8352000042796135,101.75909999816213,24125.221139248195

1790085710,200,GET,[GET] /actuator/health,27.000000,0.000000,5,6,7,7,8,10,12,14,19,19,19,4848,0,4,4.974542780644805,2.2941999923205003,54.19399999664165,49.0

1790085710,200,GET,[GET] /api/soporte/election/status,29.300000,0.000000,4,5,6,7,8,9,11,12,13,13,13,4659,0,4,4.6058707449084055,1.9994999893242493,49.91040000459179,78.0

1790085710,200,GET,[GET] /api/soporte/tickets,57.400000,0.000000,7,8,9,9,11,13,18,23,33,33,33,9412,0,7,7.3481327774008784,3.7757000100100413,101.75909999816213,84651.0

1790085710,200,GET,[GET] /health,83.700000,0.000000,4,5,6,6,8,9,11,13,16,16,16,14207,0,4,4.498400380147401,1.8352000042796135,82.81900000292808,83.9980995284015

1790085710,200,,Aggregated,197.400000,0.000000,5,6,7,7,9,11,13,16,33,33,33,33126,0,5,5.392885802775629,1.8352000042796135,101.75909999816213,24105.824035500817

1790085711,200,GET,[GET] /actuator/health,27.200000,0.000000,5,6,6,7,8,10,11,12,14,14,14,4881,0,4,4.972253390792982,2.2941999923205003,54.19399999664165,49.0

1790085711,200,GET,[GET] /api/soporte/election/status,29.000000,0.000000,4,5,6,7,8,9,10,11,13,13,13,4688,0,4,4.606987713418598,1.9994999893242493,49.91040000459179,78.0

1790085711,200,GET,[GET] /api/soporte/tickets,57.000000,0.000000,7,8,8,9,11,13,17,20,33,33,33,9467,0,7,7.346651801094386,3.7757000100100413,101.75909999816213,84651.0

1790085711,200,GET,[GET] /health,85.100000,0.000000,4,5,6,6,8,9,12,14,16,16,16,14289,0,4,4.5000203583716125,1.8352000042796135,82.81900000292808,83.99811043460004

1790085711,200,,Aggregated,198.300000,0.000000,5,6,7,7,9,11,13,15,33,33,33,33325,0,5,5.392908348168025,1.8352000042796135,101.75909999816213,24101.90844711178

1790085712,200,GET,[GET] /actuator/health,28.400000,0.000000,5,6,6,7,8,9,11,12,14,14,14,4912,0,4,4.970978603505915,2.2941999923205003,54.19399999664165,49.0

1790085712,200,GET,[GET] /api/soporte/election/status,29.100000,0.000000,4,5,6,7,8,9,10,11,13,13,13,4723,0,4,4.6135619310797225,1.9994999893242493,49.91040000459179,78.0

1790085712,200,GET,[GET] /api/soporte/tickets,55.500000,0.000000,7,8,8,9,11,13,17,20,33,33,33,9527,0,7,7.346220520723838,3.7757000100100413,101.75909999816213,84651.0

1790085712,200,GET,[GET] /health,85.100000,0.000000,4,5,6,6,8,9,11,13,16,16,16,14372,0,4,4.5008328208162975,1.8352000042796135,82.81900000292808,83.99812134706373

1790085712,200,,Aggregated,198.100000,0.000000,5,6,7,7,9,11,13,15,33,33,33,33534,0,5,5.393949785370621,1.8352000042796135,101.75909999816213,24103.488399833004

1790085713,200,GET,[GET] /actuator/health,28.200000,0.000000,5,6,6,7,8,10,12,12,14,14,14,4935,0,4,4.974541398271397,2.2941999923205003,54.19399999664165,49.0

1790085713,200,GET,[GET] /api/soporte/election/status,29.500000,0.000000,4,5,6,7,8,9,10,13,16,16,16,4751,0,4,4.614238918216695,1.9994999893242493,49.91040000459179,78.0

1790085713,200,GET,[GET] /api/soporte/tickets,55.600000,0.000000,7,8,9,9,11,13,19,23,33,33,33,9588,0,7,7.355326178654706,3.7757000100100413,101.75909999816213,84651.0

1790085713,200,GET,[GET] /health,84.900000,0.000000,4,5,6,6,8,10,12,14,19,19,19,14454,0,4,4.504600103826957,1.8352000042796135,82.81900000292808,83.99813200498131

1790085713,200,,Aggregated,198.200000,0.000000,5,6,7,7,9,11,14,17,33,33,33,33728,0,5,5.399192605626572,1.8352000042796135,101.75909999816213,24118.248636148008

1790085714,200,GET,[GET] /actuator/health,29.800000,0.000000,5,6,6,7,8,10,12,12,14,14,14,4954,0,4,4.974453169260549,2.2941999923205003,54.19399999664165,49.0

1790085714,200,GET,[GET] /api/soporte/election/status,29.300000,0.000000,4,5,6,7,8,10,11,16,39,39,39,4783,0,4,4.627584424085009,1.9994999893242493,49.91040000459179,78.0

1790085714,200,GET,[GET] /api/soporte/tickets,55.100000,0.000000,7,8,9,9,12,16,20,23,55,55,55,9654,0,7,7.37560850434794,3.7757000100100413,101.75909999816213,84651.0

1790085714,200,GET,[GET] /health,84.700000,0.000000,4,5,6,6,8,10,12,15,39,39,39,14522,0,4,4.508477372312205,1.8352000042796135,82.81900000292808,83.99814075196254

1790085714,200,,Aggregated,198.900000,0.000000,5,6,7,7,9,11,15,19,53,55,55,33913,0,5,5.409530569475074,1.8352000042796135,101.75909999816213,24151.693893197298

1790085715,200,GET,[GET] /actuator/health,29.600000,0.000000,5,6,6,7,8,10,12,12,14,14,14,4979,0,4,4.97399775065111,2.2941999923205003,54.19399999664165,49.0

1790085715,200,GET,[GET] /api/soporte/election/status,29.500000,0.000000,4,5,6,7,8,9,10,16,39,39,39,4810,0,4,4.631345821286163,1.9994999893242493,49.91040000459179,78.0

1790085715,200,GET,[GET] /api/soporte/tickets,56.600000,0.000000,7,8,9,9,12,15,20,25,55,55,55,9716,0,7,7.377837072971825,3.7757000100100413,101.75909999816213,84651.0

1790085715,200,GET,[GET] /health,83.800000,0.000000,4,5,6,6,8,10,12,15,39,39,39,14614,0,4,4.511430977194878,1.8352000042796135,82.81900000292808,83.99794717394279

1790085715,200,,Aggregated,199.500000,0.000000,5,6,7,7,9,11,15,19,53,55,55,34119,0,5,5.412099578023931,1.8352000042796135,101.75909999816213,24160.022655998124

1790085716,200,GET,[GET] /actuator/health,28.500000,0.000000,5,6,6,7,8,9,12,12,14,14,14,5010,0,4,4.974716028051396,2.2941999923205003,54.19399999664165,49.0

1790085716,200,GET,[GET] /api/soporte/election/status,29.600000,0.000000,4,5,6,7,8,10,10,16,39,39,39,4835,0,4,4.633742978360798,1.9994999893242493,49.91040000459179,78.0

1790085716,200,GET,[GET] /api/soporte/tickets,57.300000,0.000000,7,8,9,9,11,14,20,23,55,55,55,9777,0,7,7.3792382326901835,3.7757000100100413,101.75909999816213,84651.0

1790085716,200,GET,[GET] /health,83.200000,0.000000,4,5,6,6,8,10,12,15,39,39,39,14707,0,4,4.509586156310561,1.8352000042796135,82.81900000292808,83.99796015502822

1790085716,200,,Aggregated,198.600000,0.000000,5,6,7,7,9,11,14,19,53,55,55,34329,0,5,5.412239517690096,1.8352000042796135,101.75909999816213,24162.976055230272

1790085717,200,GET,[GET] /actuator/health,27.200000,0.000000,5,6,6,7,8,9,12,12,14,14,14,5031,0,4,4.972048797566347,2.2941999923205003,54.19399999664165,49.0

1790085717,200,GET,[GET] /api/soporte/election/status,29.800000,0.000000,4,5,6,6,8,10,11,16,39,39,39,4870,0,4,4.633276016511538,1.9994999893242493,49.91040000459179,78.0

1790085717,200,GET,[GET] /api/soporte/tickets,58.400000,0.000000,7,8,9,9,12,14,20,23,55,55,55,9829,0,7,7.377103449079769,3.7757000100100413,101.75909999816213,84651.0

1790085717,200,GET,[GET] /health,82.500000,0.000000,4,5,6,6,8,10,12,15,39,39,39,14788,0,4,4.50932643365124,1.8352000042796135,82.81900000292808,83.99797132810387

1790085717,200,,Aggregated,197.900000,0.000000,5,6,7,7,9,11,15,19,53,55,55,34518,0,5,5.410855229237125,1.8352000042796135,101.75909999816213,24158.503389535894

1790085718,200,GET,[GET] /actuator/health,27.400000,0.000000,5,5,6,6,8,9,11,12,14,14,14,5061,0,4,4.974262853295734,2.2941999923205003,54.19399999664165,49.0

1790085718,200,GET,[GET] /api/soporte/election/status,30.000000,0.000000,4,6,6,7,8,10,11,16,39,39,39,4903,0,4,4.635948337839484,1.9994999893242493,49.91040000459179,78.0

1790085718,200,GET,[GET] /api/soporte/tickets,58.000000,0.000000,7,8,9,9,12,14,20,23,55,55,55,9885,0,7,7.379913110888154,3.7757000100100413,101.75909999816213,84651.0

1790085718,200,GET,[GET] /health,84.100000,0.000000,4,5,6,6,8,10,11,13,39,39,39,14876,0,4,4.511718022375205,1.8352000042796135,82.81900000292808,83.99798332885184

1790085718,200,,Aggregated,199.500000,0.000000,5,6,7,7,9,11,14,18,53,55,55,34725,0,5,5.413147801380552,1.8352000042796135,101.75909999816213,24151.335118790495

1790085719,200,GET,[GET] /actuator/health,27.300000,0.000000,5,5,6,6,8,9,11,12,18,18,18,5091,0,4,4.98019031635117,2.2941999923205003,54.19399999664165,49.0

1790085719,200,GET,[GET] /api/soporte/election/status,29.800000,0.000000,5,6,6,7,8,10,10,16,39,39,39,4927,0,4,4.638241607561989,1.9994999893242493,49.91040000459179,78.0

1790085719,200,GET,[GET] /api/soporte/tickets,58.200000,0.000000,7,8,9,9,12,14,20,23,55,55,55,9944,0,7,7.382974185553103,3.7757000100100413,101.75909999816213,84651.0

1790085719,200,GET,[GET] /health,83.900000,0.000000,4,5,6,6,8,10,11,13,39,39,39,14966,0,4,4.512704757493695,1.8352000042796135,82.81900000292808,83.99799545636776

1790085719,200,,Aggregated,199.200000,0.000000,5,6,7,8,9,11,14,18,53,55,55,34928,0,5,5.415718048636979,1.8352000042796135,101.75909999816213,24154.27230302336

1790085720,200,GET,[GET] /actuator/health,27.500000,0.000000,5,5,6,7,8,9,11,12,18,18,18,5112,0,4,4.981796322482212,2.2941999923205003,54.19399999664165,49.0

1790085720,200,GET,[GET] /api/soporte/election/status,29.700000,0.000000,5,6,6,7,8,9,10,16,39,39,39,4946,0,4,4.639593793062522,1.9994999893242493,49.91040000459179,78.0

1790085720,200,GET,[GET] /api/soporte/tickets,56.800000,0.000000,7,8,9,9,12,14,20,23,55,55,55,9995,0,7,7.380759790015028,3.7757000100100413,101.75909999816213,84651.0

1790085720,200,GET,[GET] /health,84.200000,0.000000,4,5,6,6,8,9,11,13,39,39,39,15061,0,4,4.513036285814058,1.8352000042796135,82.81900000292808,83.99800810039174

1790085720,200,,Aggregated,198.200000,0.000000,5,6,7,8,9,11,14,18,53,55,55,35114,0,5,5.4153872330939805,1.8352000042796135,101.75909999816213,24149.573247137894

1790085721,200,GET,[GET] /actuator/health,28.100000,0.000000,5,5,6,7,8,11,12,12,18,18,18,5141,0,4,4.985494417526592,2.2941999923205003,54.19399999664165,49.0

1790085721,200,GET,[GET] /api/soporte/election/status,30.400000,0.000000,4,5,6,7,8,9,10,16,39,39,39,4972,0,4,4.637816774034449,1.9994999893242493,49.91040000459179,78.0

1790085721,200,GET,[GET] /api/soporte/tickets,56.900000,0.000000,7,8,9,9,11,15,20,23,55,55,55,10056,0,7,7.382259795278367,3.7757000100100413,101.75909999816213,84651.0

1790085721,200,GET,[GET] /health,82.800000,0.000000,4,5,6,6,8,9,11,13,39,39,39,15155,0,4,4.511119947254922,1.8352000042796135,82.81900000292808,83.99802045529528

1790085721,200,,Aggregated,198.200000,0.000000,5,6,7,8,9,11,14,18,53,55,55,35324,0,5,5.415345915042779,1.8352000042796135,101.75909999816213,24152.507388744198

1790085722,200,GET,[GET] /actuator/health,26.500000,0.000000,4,5,6,7,8,10,12,12,18,18,18,5169,0,4,4.980984774704113,2.2941999923205003,54.19399999664165,49.0

1790085722,200,GET,[GET] /api/soporte/election/status,29.000000,0.000000,4,5,6,7,7,9,10,13,39,39,39,4995,0,4,4.635961201305649,1.9994999893242493,49.91040000459179,78.0

1790085722,200,GET,[GET] /api/soporte/tickets,57.000000,0.000000,7,8,8,9,11,13,18,23,55,55,55,10116,0,7,7.3761964018697315,3.7757000100100413,101.75909999816213,84651.0

1790085722,200,GET,[GET] /health,85.800000,0.000000,4,5,6,6,8,9,11,13,39,39,39,15234,0,4,4.50712909285869,1.8352000042796135,82.81900000292808,83.9980307207562

1790085722,200,,Aggregated,198.300000,0.000000,5,6,7,7,9,11,13,17,53,55,55,35514,0,5,5.411458689612287,1.8352000042796135,101.75909999816213,24166.58312214901

1790085723,200,GET,[GET] /actuator/health,26.300000,0.000000,4,6,7,7,9,10,12,13,18,18,18,5198,0,4,4.993242131665937,2.2941999923205003,54.19399999664165,49.0

1790085723,200,GET,[GET] /api/soporte/election/status,28.100000,0.000000,4,5,6,7,8,9,11,13,16,16,16,5032,0,4,4.64484858913919,1.9994999893242493,49.91040000459179,78.0

1790085723,200,GET,[GET] /api/soporte/tickets,58.000000,0.000000,7,8,8,9,11,13,17,19,34,34,34,10181,0,7,7.383202131550862,3.7757000100100413,101.75909999816213,84651.0

1790085723,200,GET,[GET] /health,84.800000,0.000000,4,5,6,6,7,9,10,11,16,16,16,15315,0,4,4.511823832878215,1.8352000042796135,82.81900000292808,83.99804113614104

1790085723,200,,Aggregated,197.200000,0.000000,5,6,7,7,9,10,13,15,32,34,34,35726,0,5,5.418874590012796,1.8352000042796135,101.75909999816213,24177.502631136987

1790085724,200,GET,[GET] /actuator/health,25.300000,0.000000,5,6,7,7,9,10,12,13,18,18,18,5231,0,4,4.99070596452437,2.2941999923205003,54.19399999664165,49.0

1790085724,200,GET,[GET] /api/soporte/election/status,27.400000,0.000000,4,5,6,7,7,9,11,12,13,13,13,5067,0,4,4.643486777291624,1.9994999893242493,49.91040000459179,78.0

1790085724,200,GET,[GET] /api/soporte/tickets,58.700000,0.000000,7,8,8,9,10,12,16,18,32,32,32,10235,0,7,7.378994255134691,3.7757000100100413,101.75909999816213,84651.0

1790085724,200,GET,[GET] /health,86.200000,0.000000,4,5,6,6,7,8,10,10,13,13,13,15394,0,4,4.510749421886719,1.8352000042796135,82.81900000292808,83.99805118877485

1790085724,200,,Aggregated,197.600000,0.000000,5,6,7,7,9,10,12,14,25,32,32,35927,0,5,5.416467091680111,1.8352000042796135,101.75909999816213,24169.777493250203

1790085725,200,GET,[GET] /actuator/health,26.200000,0.000000,5,6,7,7,9,10,12,13,18,18,18,5262,0,4,4.992561117521911,2.2941999923205003,54.19399999664165,49.0

1790085725,200,GET,[GET] /api/soporte/election/status,27.600000,0.000000,4,5,6,6,7,9,11,12,13,13,13,5104,0,4,4.642447864513247,1.9994999893242493,49.91040000459179,78.0

1790085725,200,GET,[GET] /api/soporte/tickets,58.100000,0.000000,7,8,8,9,10,12,15,17,32,32,32,10279,0,7,7.376375668971469,3.7757000100100413,101.75909999816213,84651.0

1790085725,200,GET,[GET] /health,85.900000,0.000000,4,5,6,6,7,8,10,10,13,13,13,15484,0,4,4.508448546922799,1.8352000042796135,82.81900000292808,83.9980625161457

1790085725,200,,Aggregated,197.800000,0.000000,5,6,7,7,9,10,12,13,23,32,32,36129,0,5,5.413836344841713,1.8352000042796135,101.75909999816213,24138.06651166653

1790085726,200,GET,[GET] /actuator/health,27.100000,0.000000,5,6,7,7,9,10,12,13,18,18,18,5294,0,4,4.990958556925096,2.2941999923205003,54.19399999664165,49.0

1790085726,200,GET,[GET] /api/soporte/election/status,28.300000,0.000000,4,5,6,6,8,9,11,12,13,13,13,5128,0,4,4.642473713054829,1.9994999893242493,49.91040000459179,78.0

1790085726,200,GET,[GET] /api/soporte/tickets,57.300000,0.000000,7,7,8,9,10,12,15,17,32,32,32,10331,0,7,7.372225825313224,3.7757000100100413,101.75909999816213,84651.0

1790085726,200,GET,[GET] /health,86.700000,0.000000,4,5,5,6,7,8,9,10,13,13,13,15571,0,4,4.506138687336309,1.8352000042796135,82.81900000292808,83.99807334146811

1790085726,200,,Aggregated,199.400000,0.000000,5,6,7,7,9,10,12,13,23,32,32,36324,0,5,5.411196187169122,1.8352000042796135,101.75909999816213,24129.963798039862

1790085727,200,GET,[GET] /actuator/health,27.600000,0.000000,5,6,7,7,9,10,12,13,18,18,18,5319,0,4,4.9923562888521085,2.2941999923205003,54.19399999664165,49.0

1790085727,200,GET,[GET] /api/soporte/election/status,29.200000,0.000000,4,5,6,6,8,9,11,12,36,36,36,5164,0,4,4.64578113874856,1.9994999893242493,49.91040000459179,78.0

1790085727,200,GET,[GET] /api/soporte/tickets,55.800000,0.000000,7,7,8,8,10,12,15,17,41,41,41,10382,0,7,7.372751059655159,3.7757000100100413,101.75909999816213,84651.0

1790085727,200,GET,[GET] /health,85.600000,0.000000,4,5,5,6,7,8,10,11,37,37,37,15647,0,4,4.51101427113568,1.8352000042796135,82.81900000292808,83.99789096951493

1790085727,200,,Aggregated,198.200000,0.000000,5,6,7,7,8,10,12,14,37,41,41,36512,0,5,5.413915937300114,1.8352000042796135,101.75909999816213,24124.24463190184

1790085728,200,GET,[GET] /actuator/health,28.300000,0.000000,5,6,7,7,9,10,11,12,13,13,13,5341,0,4,4.9916643138695775,2.2941999923205003,54.19399999664165,49.0

1790085728,200,GET,[GET] /api/soporte/election/status,29.100000,0.000000,4,5,6,6,7,9,10,12,36,36,36,5193,0,4,4.642824648662398,1.9994999893242493,49.91040000459179,78.0

1790085728,200,GET,[GET] /api/soporte/tickets,55.300000,0.000000,7,7,8,8,10,11,14,16,41,41,41,10448,0,7,7.370791529605076,3.7757000100100413,101.75909999816213,84651.0

1790085728,200,GET,[GET] /health,85.000000,0.000000,4,5,5,6,7,8,10,10,37,37,37,15738,0,4,4.509599097756273,1.8352000042796135,82.81900000292808,83.99790316431567

1790085728,200,,Aggregated,197.700000,0.000000,5,6,7,7,8,10,12,13,37,41,41,36720,0,5,5.412657080683096,1.8352000042796135,101.75909999816213,24140.042755991286

1790085729,200,GET,[GET] /actuator/health,28.600000,0.000000,4,5,6,7,8,9,11,12,13,13,13,5368,0,4,4.98886078621337,2.2941999923205003,54.19399999664165,49.0

1790085729,200,GET,[GET] /api/soporte/election/status,29.400000,0.000000,4,5,6,6,7,8,10,12,36,36,36,5224,0,4,4.642162748947314,1.9994999893242493,49.91040000459179,78.0

1790085729,200,GET,[GET] /api/soporte/tickets,54.200000,0.000000,6,7,8,8,10,11,14,16,41,41,41,10510,0,7,7.368190104789149,3.7757000100100413,101.75909999816213,84651.0

1790085729,200,GET,[GET] /health,85.800000,0.000000,4,5,5,6,7,8,9,10,37,37,37,15820,0,4,4.5063927307513465,1.8352000042796135,82.81900000292808,83.99791403286979

1790085729,200,,Aggregated,198.000000,0.000000,5,6,7,7,8,10,11,13,37,41,41,36922,0,5,5.410369803984464,1.8352000042796135,101.75909999816213,24150.407913980824

1790085730,200,GET,[GET] /actuator/health,28.100000,0.000000,4,5,7,7,8,9,10,13,13,13,13,5403,0,4,4.993222172936193,2.2941999923205003,54.19399999664165,49.0

1790085730,200,GET,[GET] /api/soporte/election/status,29.100000,0.000000,4,5,6,6,7,8,10,12,36,36,36,5254,0,4,4.643074476670307,1.9994999893242493,49.91040000459179,78.0

1790085730,200,GET,[GET] /api/soporte/tickets,55.500000,0.000000,6,7,8,8,10,11,13,14,41,41,41,10573,0,7,7.365517611015721,3.7757000100100413,101.75909999816213,84651.0

1790085730,200,GET,[GET] /health,84.900000,0.000000,4,5,5,6,7,8,9,10,37,37,37,15896,0,4,4.506523433592996,1.8352000042796135,82.81900000292808,83.99792400603926

1790085730,200,,Aggregated,197.600000,0.000000,5,6,7,7,8,9,11,13,37,41,41,37126,0,5,5.410882047687969,1.8352000042796135,101.75909999816213,24161.63370683618

1790085731,200,GET,[GET] /actuator/health,27.200000,0.000000,5,6,7,7,8,9,10,13,13,13,13,5430,0,4,4.992251381283183,2.2941999923205003,54.19399999664165,49.0

1790085731,200,GET,[GET] /api/soporte/election/status,29.300000,0.000000,4,5,6,6,7,9,10,11,36,36,36,5286,0,4,4.64130594029723,1.9994999893242493,49.91040000459179,78.0

1790085731,200,GET,[GET] /api/soporte/tickets,56.500000,0.000000,6,7,8,8,10,11,13,14,41,41,41,10636,0,7,7.361382944836381,3.7757000100100413,101.75909999816213,84651.0

1790085731,200,GET,[GET] /health,85.200000,0.000000,4,5,5,6,7,8,10,11,37,37,37,15978,0,4,4.504747146099885,1.8352000042796135,82.81900000292808,83.99793466015771

1790085731,200,,Aggregated,198.200000,0.000000,5,6,7,7,8,10,11,13,37,41,41,37330,0,5,5.408904020960154,1.8352000042796135,101.75909999816213,24172.743986070185

1790085732,200,GET,[GET] /actuator/health,28.300000,0.000000,4,5,6,7,8,9,10,13,13,13,13,5462,0,4,4.990493134440482,2.2941999923205003,54.19399999664165,49.0

1790085732,200,GET,[GET] /api/soporte/election/status,29.600000,0.000000,4,5,5,6,7,8,10,12,36,36,36,5320,0,4,4.637191879775951,1.9994999893242493,49.91040000459179,78.0

1790085732,200,GET,[GET] /api/soporte/tickets,57.700000,0.000000,6,7,8,8,10,11,13,15,41,41,41,10694,0,7,7.359371965711797,3.7757000100100413,101.75909999816213,84651.0

1790085732,200,GET,[GET] /health,83.000000,0.000000,4,5,5,6,7,8,9,10,37,37,37,16052,0,4,4.503422227782037,1.8352000042796135,82.81900000292808,83.99794418141042

1790085732,200,,Aggregated,198.600000,0.000000,5,6,7,7,8,10,11,13,37,41,41,37528,0,5,5.407109137241558,1.8352000042796135,101.75909999816213,24176.314405244084

1790085733,200,GET,[GET] /actuator/health,28.800000,0.000000,4,5,6,7,8,9,10,13,15,15,15,5491,0,4,4.996629320765816,2.2941999923205003,54.19399999664165,49.0

1790085733,200,GET,[GET] /api/soporte/election/status,30.600000,0.000000,4,5,5,6,7,8,10,14,36,36,36,5350,0,4,4.6458670467999985,1.9994999893242493,49.91040000459179,78.0

1790085733,200,GET,[GET] /api/soporte/tickets,57.600000,0.000000,6,7,8,9,10,12,13,18,41,41,41,10752,0,7,7.3692922434233985,3.7757000100100413,101.75909999816213,84651.0

1790085733,200,GET,[GET] /health,82.500000,0.000000,4,4,5,6,7,8,10,13,37,37,37,16138,0,4,4.50689776306237,1.8352000042796135,82.81900000292808,83.99795513694386

1790085733,200,,Aggregated,199.500000,0.000000,5,6,7,7,8,10,12,15,37,41,41,37731,0,5,5.413554546720045,1.8352000042796135,101.75909999816213,24176.657655508734

1790085734,200,GET,[GET] /actuator/health,28.800000,0.000000,4,5,6,7,8,9,10,13,15,15,15,5521,0,4,4.9936130955152205,2.2941999923205003,54.19399999664165,49.0

1790085734,200,GET,[GET] /api/soporte/election/status,31.600000,0.000000,4,5,5,6,7,8,10,14,36,36,36,5377,0,4,4.644788264897364,1.9994999893242493,49.91040000459179,78.0

1790085734,200,GET,[GET] /api/soporte/tickets,57.100000,0.000000,6,7,8,9,10,12,13,18,41,41,41,10806,0,7,7.368102137823584,3.7757000100100413,101.75909999816213,84651.0

1790085734,200,GET,[GET] /health,80.600000,0.000000,4,4,5,6,7,8,11,13,37,37,37,16217,0,4,4.505948221024676,1.8352000042796135,82.81900000292808,83.99796509835357

1790085734,200,,Aggregated,198.100000,0.000000,5,6,7,7,8,10,12,15,37,41,41,37921,0,5,5.41223697693551,1.8352000042796135,101.75909999816213,24176.33596160439

1790085735,200,GET,[GET] /actuator/health,29.100000,0.000000,5,6,7,7,8,9,11,13,15,15,15,5557,0,4,4.998702483418091,2.2941999923205003,54.19399999664165,49.0

1790085735,200,GET,[GET] /api/soporte/election/status,31.400000,0.000000,4,5,5,6,7,8,10,14,36,36,36,5407,0,4,4.645300443936027,1.9994999893242493,49.91040000459179,78.0

1790085735,200,GET,[GET] /api/soporte/tickets,56.500000,0.000000,7,7,8,9,10,12,13,18,41,41,41,10864,0,7,7.365790105054744,3.7757000100100413,101.75909999816213,84651.0

1790085735,200,GET,[GET] /health,81.600000,0.000000,4,5,5,6,7,8,11,13,37,37,37,16312,0,4,4.506464884771124,1.8352000042796135,82.81900000292808,83.99797694948504

1790085735,200,,Aggregated,198.600000,0.000000,5,6,7,7,8,10,12,15,37,41,41,38140,0,5,5.412331623031404,1.8352000042796135,101.75909999816213,24166.562087047718

1790085736,200,GET,[GET] /actuator/health,29.200000,0.000000,4,6,6,7,8,9,11,13,15,15,15,5582,0,4,4.996793604512741,2.2941999923205003,54.19399999664165,49.0

1790085736,200,GET,[GET] /api/soporte/election/status,31.000000,0.000000,4,5,5,6,7,8,10,14,36,36,36,5442,0,4,4.640997298855085,1.9994999893242493,49.91040000459179,78.0

1790085736,200,GET,[GET] /api/soporte/tickets,57.000000,0.000000,7,7,8,9,10,12,13,18,41,41,41,10921,0,7,7.363255260620835,3.7757000100100413,101.75909999816213,84651.0

1790085736,200,GET,[GET] /health,81.800000,0.000000,4,5,5,6,7,8,11,13,37,37,37,16392,0,4,4.504377336526576,1.8352000042796135,82.81900000292808,83.9979868228404

1790085736,200,,Aggregated,199.000000,0.000000,5,6,7,7,8,10,12,15,37,41,41,38337,0,5,5.4098722696701165,1.8352000042796135,101.75909999816213,24168.517620053735

1790085737,200,GET,[GET] /actuator/health,29.800000,0.000000,4,6,7,7,8,9,11,13,15,15,15,5612,0,4,4.998690074915266,2.2941999923205003,54.19399999664165,49.0

1790085737,200,GET,[GET] /api/soporte/election/status,29.800000,0.000000,4,5,5,6,7,8,10,12,19,19,19,5476,0,4,4.64313743615008,1.9994999893242493,49.91040000459179,78.0

1790085737,200,GET,[GET] /api/soporte/tickets,57.700000,0.000000,7,7,8,9,10,12,13,17,33,33,33,10970,0,7,7.362612935391496,3.7757000100100413,101.75909999816213,84651.0

1790085737,200,GET,[GET] /health,82.700000,0.000000,4,5,5,6,7,8,11,12,19,19,19,16480,0,4,4.503570030359238,1.8352000042796135,82.81900000292808,83.99799757281554

1790085737,200,,Aggregated,200.000000,0.000000,5,6,7,7,8,10,12,13,22,33,33,38538,0,5,5.409340580786425,1.8352000042796135,101.75909999816213,24150.393715293994

1790085738,200,GET,[GET] /actuator/health,28.500000,0.000000,4,6,6,7,8,9,10,13,15,15,15,5635,0,4,4.995803052426552,2.2941999923205003,54.19399999664165,49.0

1790085738,200,GET,[GET] /api/soporte/election/status,31.000000,0.000000,4,5,5,6,7,8,10,12,19,19,19,5505,0,4,4.639951862005384,1.9994999893242493,49.91040000459179,78.0

1790085738,200,GET,[GET] /api/soporte/tickets,58.900000,0.000000,7,7,8,8,10,11,13,17,33,33,33,11016,0,7,7.358736674043556,3.7757000100100413,101.75909999816213,84651.0

1790085738,200,GET,[GET] /health,82.200000,0.000000,4,5,5,6,7,8,11,12,19,19,19,16577,0,4,4.498313711786756,1.8352000042796135,82.81900000292808,83.99800928998009

1790085738,200,,Aggregated,200.600000,0.000000,5,6,7,7,8,10,12,13,22,33,33,38733,0,5,5.404349645065348,1.8352000042796135,101.75909999816213,24129.64025507965

1790085739,200,GET,[GET] /actuator/health,28.500000,0.000000,5,6,6,7,8,10,11,13,15,15,15,5666,0,4,4.998966219619843,2.2941999923205003,54.19399999664165,49.0

1790085739,200,GET,[GET] /api/soporte/election/status,30.700000,0.000000,4,5,5,6,7,8,10,12,19,19,19,5527,0,4,4.636056269284915,1.9994999893242493,49.91040000459179,78.0

1790085739,200,GET,[GET] /api/soporte/tickets,58.500000,0.000000,7,7,8,8,10,11,13,17,33,33,33,11065,0,7,7.358555942278278,3.7757000100100413,101.75909999816213,84651.0

1790085739,200,GET,[GET] /health,83.000000,0.000000,4,4,5,5,7,8,11,12,19,19,19,16663,0,4,4.49684686433066,1.8352000042796135,82.81900000292808,83.99801956430414

1790085739,200,,Aggregated,200.700000,0.000000,5,6,6,7,8,10,12,13,22,33,33,38921,0,5,5.403278600302014,1.8352000042796135,101.75909999816213,24119.927905243956

1790085740,200,GET,[GET] /actuator/health,29.100000,0.000000,5,6,6,7,8,10,11,13,15,15,15,5703,0,4,5.001736752644364,2.2941999923205003,54.19399999664165,49.0

1790085740,200,GET,[GET] /api/soporte/election/status,31.000000,0.000000,4,5,5,6,7,8,11,14,32,32,32,5551,0,4,4.641538984023647,1.9994999893242493,49.91040000459179,78.0

1790085740,200,GET,[GET] /api/soporte/tickets,56.900000,0.000000,7,7,8,9,10,12,14,17,33,33,33,11128,0,7,7.358311268983394,3.7757000100100413,101.75909999816213,84651.0

1790085740,200,GET,[GET] /health,83.800000,0.000000,4,5,5,6,7,8,11,13,34,34,34,16729,0,4,4.499500077730583,1.8352000042796135,82.81900000292808,83.99802737760774

1790085740,200,,Aggregated,200.800000,0.000000,5,6,7,7,8,10,12,14,33,34,34,39111,0,5,5.406292659411629,1.8352000042796135,101.75909999816213,24139.345861778016

1790085741,200,GET,[GET] /actuator/health,29.300000,0.000000,5,6,6,7,8,10,11,13,15,15,15,5739,0,4,5.006257553639054,2.2941999923205003,54.19399999664165,49.0

1790085741,200,GET,[GET] /api/soporte/election/status,30.400000,0.000000,4,5,5,6,7,8,11,14,32,32,32,5580,0,4,4.642047078915543,1.9994999893242493,49.91040000459179,78.0

1790085741,200,GET,[GET] /api/soporte/tickets,55.600000,0.000000,7,7,8,9,10,12,15,18,33,33,33,11186,0,7,7.3601794565744365,3.7757000100100413,101.75909999816213,84651.0

1790085741,200,GET,[GET] /health,83.900000,0.000000,4,5,5,6,7,8,11,13,34,34,34,16809,0,4,4.499358778057822,1.8352000042796135,82.81900000292808,83.9980367660182

1790085741,200,,Aggregated,199.200000,0.000000,5,6,7,7,8,10,12,15,33,34,34,39314,0,5,5.407595866670876,1.8352000042796135,101.75909999816213,24139.860100727477

1790085742,200,GET,[GET] /actuator/health,29.900000,0.000000,5,6,7,7,9,10,11,13,15,15,15,5765,0,4,5.007654327895886,2.2941999923205003,54.19399999664165,49.0

1790085742,200,GET,[GET] /api/soporte/election/status,30.200000,0.000000,4,5,5,6,7,9,11,14,32,32,32,5611,0,4,4.642450917910368,1.9994999893242493,49.91040000459179,78.0

1790085742,200,GET,[GET] /api/soporte/tickets,54.800000,0.000000,7,8,8,9,11,12,15,18,33,33,33,11248,0,7,7.359247439659211,3.7757000100100413,101.75909999816213,84651.0

1790085742,200,GET,[GET] /health,82.700000,0.000000,4,5,5,6,7,8,10,13,34,34,34,16891,0,4,4.499427742606465,1.8352000042796135,82.81900000292808,83.99786868746669

1790085742,200,,Aggregated,197.600000,0.000000,5,6,7,7,8,10,12,15,33,34,34,39515,0,5,5.407935429643616,1.8352000042796135,101.75909999816213,24150.15561179299

1790085743,200,GET,[GET] /actuator/health,30.000000,0.000000,5,6,7,7,9,10,12,14,14,14,14,5794,0,4,5.016539437399734,2.249700002721511,54.19399999664165,49.0

1790085743,200,GET,[GET] /api/soporte/election/status,29.900000,0.000000,4,5,5,6,7,9,12,16,32,32,32,5645,0,4,4.652157821156336,1.9994999893242493,49.91040000459179,78.0

1790085743,200,GET,[GET] /api/soporte/tickets,54.400000,0.000000,7,8,8,9,11,12,15,18,27,27,27,11310,0,7,7.367858921425132,3.7757000100100413,101.75909999816213,84651.0

1790085743,200,GET,[GET] /health,83.100000,0.000000,4,5,5,6,7,9,10,11,34,34,34,16971,0,4,4.504212032307711,1.8352000042796135,82.81900000292808,83.99787873431147

1790085743,200,,Aggregated,197.400000,0.000000,5,6,7,7,9,10,13,15,32,34,34,39720,0,5,5.415375810733484,1.8352000042796135,101.75909999816213,24157.919284994965

1790085744,200,GET,[GET] /actuator/health,30.400000,0.000000,5,6,7,7,9,10,12,14,14,14,14,5822,0,4,5.017544795651025,2.249700002721511,54.19399999664165,49.0

1790085744,200,GET,[GET] /api/soporte/election/status,29.800000,0.000000,4,5,6,6,7,9,14,16,32,32,32,5670,0,4,4.656031093553178,1.9994999893242493,49.91040000459179,78.0

1790085744,200,GET,[GET] /api/soporte/tickets,55.600000,0.000000,7,8,8,9,10,12,15,18,27,27,27,11360,0,7,7.36557585398874,3.7757000100100413,101.75909999816213,84651.0

1790085744,200,GET,[GET] /health,83.700000,0.000000,4,5,5,6,7,8,10,12,34,34,34,17057,0,4,4.505757958632237,1.8352000042796135,82.81900000292808,83.9978894295597

1790085744,200,,Aggregated,199.500000,0.000000,5,6,7,7,9,10,13,15,32,34,34,39909,0,5,5.415808396663132,1.8352000042796135,101.75909999816213,24149.832118068607

1790085745,200,GET,[GET] /actuator/health,30.100000,0.000000,5,6,7,7,9,10,13,14,14,14,14,5854,0,4,5.017517816931134,2.249700002721511,54.19399999664165,49.0

1790085745,200,GET,[GET] /api/soporte/election/status,29.400000,0.000000,4,5,6,6,7,10,14,16,32,32,32,5707,0,4,4.6518708078495195,1.9994999893242493,49.91040000459179,78.0

1790085745,200,GET,[GET] /api/soporte/tickets,54.500000,0.000000,7,8,8,9,10,13,16,18,27,27,27,11410,0,7,7.3674288958122425,3.7757000100100413,101.75909999816213,84651.0

1790085745,200,GET,[GET] /health,83.300000,0.000000,4,5,5,6,7,9,11,12,34,34,34,17132,0,4,4.507629488703186,1.8352000042796135,82.81900000292808,83.99789866915714

1790085745,200,,Aggregated,197.300000,0.000000,5,6,7,7,9,10,13,15,32,34,34,40103,0,5,5.416249360456643,1.8352000042796135,101.75909999816213,24138.81639777573

1790085746,200,GET,[GET] /actuator/health,29.800000,0.000000,5,6,7,7,9,10,13,14,14,14,14,5882,0,4,5.018250782091964,2.249700002721511,54.19399999664165,49.0

1790085746,200,GET,[GET] /api/soporte/election/status,28.500000,0.000000,4,5,6,6,7,10,14,16,32,32,32,5732,0,4,4.650759385971398,1.9994999893242493,49.91040000459179,78.0

1790085746,200,GET,[GET] /api/soporte/tickets,55.500000,0.000000,7,8,9,9,11,13,17,19,39,39,39,11467,0,7,7.373239748951927,3.7757000100100413,101.75909999816213,84651.0

1790085746,200,GET,[GET] /health,81.800000,0.000000,4,5,5,6,7,9,11,12,34,34,34,17217,0,4,4.510356055091754,1.8352000042796135,82.81900000292808,83.99790904338735

1790085746,200,,Aggregated,195.600000,0.000000,5,6,7,7,9,11,13,16,34,39,39,40298,0,5,5.419108747391917,1.8352000042796135,101.75909999816213,24142.00513673135

1790085747,200,GET,[GET] /actuator/health,29.300000,0.000000,5,6,7,7,9,10,13,14,14,14,14,5910,0,4,5.014902250470445,2.249700002721511,54.19399999664165,49.0

1790085747,200,GET,[GET] /api/soporte/election/status,29.900000,0.000000,4,5,6,6,8,10,14,16,32,32,32,5761,0,4,4.648037580347867,1.9994999893242493,49.91040000459179,78.0

1790085747,200,GET,[GET] /api/soporte/tickets,55.600000,0.000000,7,8,9,9,11,13,17,19,39,39,39,11532,0,7,7.370928581442636,3.7757000100100413,101.75909999816213,84651.0

1790085747,200,GET,[GET] /health,81.700000,0.000000,4,5,5,6,7,9,11,12,34,34,34,17300,0,4,4.508707895983486,1.8352000042796135,82.81900000292808,83.99791907514451

1790085747,200,,Aggregated,196.500000,0.000000,5,6,7,7,9,11,13,16,34,39,39,40503,0,5,5.4173175271554,1.8352000042796135,101.75909999816213,24155.925338863788

1790085748,200,GET,[GET] /actuator/health,30.000000,0.000000,5,6,6,7,9,10,13,14,14,14,14,5944,0,4,5.020246450244075,2.249700002721511,54.19399999664165,49.0

1790085748,200,GET,[GET] /api/soporte/election/status,29.000000,0.000000,4,5,6,6,8,10,14,16,32,32,32,5789,0,4,4.650638935987282,1.9994999893242493,49.91040000459179,78.0

1790085748,200,GET,[GET] /api/soporte/tickets,54.100000,0.000000,7,8,9,9,12,14,17,19,39,39,39,11585,0,7,7.374688381628432,3.7757000100100413,101.75909999816213,84651.0

1790085748,200,GET,[GET] /health,82.900000,0.000000,4,5,6,6,8,9,11,12,34,34,34,17387,0,4,4.510452660063877,1.8352000042796135,82.81900000292808,83.99792948754816

1790085748,200,,Aggregated,196.000000,0.000000,5,6,7,7,9,11,14,16,34,39,39,40705,0,5,5.420019629096601,1.8352000042796135,101.75909999816213,24146.544773369365

1790085749,200,GET,[GET] /actuator/health,30.300000,0.000000,5,6,6,7,9,10,12,14,14,14,14,5976,0,4,5.0201892738048075,2.249700002721511,54.19399999664165,49.0

1790085749,200,GET,[GET] /api/soporte/election/status,28.600000,0.000000,4,5,6,7,8,10,14,16,32,32,32,5811,0,4,4.654072053077733,1.9994999893242493,49.91040000459179,78.0

1790085749,200,GET,[GET] /api/soporte/tickets,56.300000,0.000000,7,8,9,9,11,14,17,19,39,39,39,11643,0,7,7.374861101187114,3.7757000100100413,101.75909999816213,84651.0

1790085749,200,GET,[GET] /health,80.900000,0.000000,4,5,6,6,8,9,11,12,34,34,34,17478,0,4,4.509772382453795,1.8352000042796135,82.81900000292808,83.99794026776519

1790085749,200,,Aggregated,196.100000,0.000000,5,6,7,7,9,11,14,16,34,39,39,40908,0,5,5.420278999274989,1.8352000042796135,101.75909999816213,24147.00770020534

1790085750,200,GET,[GET] /actuator/health,30.300000,0.000000,5,6,6,7,9,10,12,14,14,14,14,6002,0,4,5.019256514544233,2.249700002721511,54.19399999664165,49.0

1790085750,200,GET,[GET] /api/soporte/election/status,28.600000,0.000000,4,5,6,6,8,10,13,14,23,23,23,5840,0,4,4.653472551436694,1.9994999893242493,49.91040000459179,78.0

1790085750,200,GET,[GET] /api/soporte/tickets,57.000000,0.000000,7,8,9,9,11,13,17,19,39,39,39,11702,0,7,7.372184942838451,3.7757000100100413,101.75909999816213,84651.0

1790085750,200,GET,[GET] /health,80.200000,0.000000,4,5,6,6,8,9,11,12,15,15,15,17560,0,4,4.508972596838387,1.8352000042796135,82.81900000292808,83.99794988610478

1790085750,200,,Aggregated,196.100000,0.000000,5,6,7,7,9,11,13,15,23,39,39,41104,0,5,5.419149579171429,1.8352000042796135,101.75909999816213,24153.625535227715

1790085751,200,GET,[GET] /actuator/health,30.600000,0.000000,5,6,6,7,8,9,12,14,14,14,14,6035,0,4,5.017964142553031,2.249700002721511,54.19399999664165,49.0

1790085751,200,GET,[GET] /api/soporte/election/status,28.300000,0.000000,4,5,6,6,8,10,13,14,23,23,23,5861,0,4,4.652330233814033,1.9994999893242493,49.91040000459179,78.0

1790085751,200,GET,[GET] /api/soporte/tickets,57.500000,0.000000,7,8,9,9,11,13,16,19,39,39,39,11764,0,7,7.371841712099954,3.7757000100100413,101.75909999816213,84651.0

1790085751,200,GET,[GET] /health,80.700000,0.000000,4,5,6,6,8,9,11,12,15,15,15,17649,0,4,4.509798634516312,1.8352000042796135,82.81900000292808,83.99796022437532

1790085751,200,,Aggregated,197.100000,0.000000,5,6,7,7,9,10,13,15,23,39,39,41309,0,5,5.419315478525596,1.8352000042796135,101.75909999816213,24161.071848749667

1790085752,200,GET,[GET] /actuator/health,29.700000,0.000000,5,6,6,7,8,9,12,14,14,14,14,6063,0,4,5.01547758540075,2.249700002721511,54.19399999664165,49.0

1790085752,200,GET,[GET] /api/soporte/election/status,28.700000,0.000000,4,5,6,6,8,10,13,14,23,23,23,5894,0,4,4.650353868410177,1.9994999893242493,49.91040000459179,78.0

1790085752,200,GET,[GET] /api/soporte/tickets,57.300000,0.000000,7,8,9,9,11,13,16,18,39,39,39,11821,0,7,7.372422223264668,3.7757000100100413,101.75909999816213,84651.0

1790085752,200,GET,[GET] /health,82.100000,0.000000,4,5,6,6,8,9,11,12,15,15,15,17722,0,4,4.509756500424173,1.8352000042796135,82.81900000292808,83.99796862656585

1790085752,200,,Aggregated,197.800000,0.000000,5,6,7,7,9,11,13,15,23,39,39,41500,0,5,5.41902009885357,1.8352000042796135,101.75909999816213,24166.383180722893

1790085753,200,GET,[GET] /actuator/health,30.100000,0.000000,5,5,6,7,8,9,12,13,18,18,18,6091,0,4,5.020837744272977,2.249700002721511,54.19399999664165,49.0

1790085753,200,GET,[GET] /api/soporte/election/status,27.900000,0.000000,4,5,6,6,8,10,11,14,40,40,40,5923,0,4,4.659512949585994,1.9994999893242493,49.91040000459179,78.0

1790085753,200,GET,[GET] /api/soporte/tickets,58.200000,0.000000,7,8,9,9,11,14,16,20,39,39,39,11869,0,7,7.380113236266792,3.7757000100100413,101.75909999816213,84651.0

1790085753,200,GET,[GET] /health,82.800000,0.000000,4,5,6,6,8,9,11,12,17,17,17,17813,0,4,4.515207511394294,1.8352000042796135,82.81900000292808,83.99797900409813

1790085753,200,,Aggregated,199.000000,0.000000,5,6,7,7,9,11,14,16,39,40,40,41696,0,5,5.425080902304337,1.8352000042796135,101.75909999816213,24150.504316960858

1790085754,200,GET,[GET] /actuator/health,30.000000,0.000000,5,5,6,7,8,9,12,13,18,18,18,6123,0,4,5.021080908119199,2.249700002721511,54.19399999664165,49.0

1790085754,200,GET,[GET] /api/soporte/election/status,27.600000,0.000000,4,5,6,6,8,9,10,14,40,40,40,5944,0,4,4.658917126576378,1.9994999893242493,49.91040000459179,78.0

1790085754,200,GET,[GET] /api/soporte/tickets,56.700000,0.000000,7,8,9,9,11,14,16,20,39,39,39,11925,0,7,7.377570431971868,3.7757000100100413,101.75909999816213,84651.0

1790085754,200,GET,[GET] /health,82.300000,0.000000,4,5,6,6,7,9,11,12,17,17,17,17907,0,4,4.513010001700419,1.8352000042796135,82.81900000292808,83.9979896130005

1790085754,200,,Aggregated,196.600000,0.000000,5,6,7,7,9,11,13,16,39,40,40,41899,0,5,5.4232482709014,1.8352000042796135,101.75909999816213,24146.900546552424

1790085755,200,GET,[GET] /actuator/health,30.200000,0.000000,5,5,6,7,8,9,12,13,18,18,18,6155,0,4,5.0240898294766625,2.249700002721511,54.19399999664165,49.0

1790085755,200,GET,[GET] /api/soporte/election/status,28.100000,0.000000,4,5,6,6,8,8,10,14,40,40,40,5984,0,4,4.662308740026835,1.9994999893242493,49.91040000459179,78.0

1790085755,200,GET,[GET] /api/soporte/tickets,57.800000,0.000000,7,8,9,9,11,14,16,20,31,31,31,11973,0,7,7.378738728915065,3.7757000100100413,101.75909999816213,84651.0

1790085755,200,GET,[GET] /health,82.400000,0.000000,4,5,6,6,7,9,11,11,17,17,17,17991,0,4,4.514411761460332,1.8352000042796135,82.81900000292808,83.99799899949976

1790085755,200,,Aggregated,198.500000,0.000000,5,6,7,7,9,10,13,16,31,40,40,42103,0,5,5.424481609445464,1.8352000042796135,101.75909999816213,24126.688787022304

1790085756,200,GET,[GET] /actuator/health,30.100000,0.000000,5,5,6,7,8,9,12,13,18,18,18,6185,0,4,5.022185982289486,2.249700002721511,54.19399999664165,49.0

1790085756,200,GET,[GET] /api/soporte/election/status,28.200000,0.000000,4,5,6,7,8,9,11,14,40,40,40,6012,0,4,4.665372970778451,1.9994999893242493,49.91040000459179,78.0

1790085756,200,GET,[GET] /api/soporte/tickets,56.300000,0.000000,7,8,9,9,11,13,16,19,31,31,31,12025,0,7,7.376649197614064,3.7757000100100413,101.75909999816213,84651.0

1790085756,200,GET,[GET] /health,84.400000,0.000000,4,5,6,6,8,9,11,11,17,17,17,18074,0,4,4.515013942704148,1.8352000042796135,82.81900000292808,83.99800818855815

1790085756,200,,Aggregated,199.000000,0.000000,5,6,7,7,9,10,13,15,31,40,40,42296,0,5,5.424130206225752,1.8352000042796135,101.75909999816213,24120.92055986382

1790085757,200,GET,[GET] /actuator/health,29.700000,0.000000,5,5,6,6,8,9,12,13,18,18,18,6208,0,4,5.021292976874806,2.249700002721511,54.19399999664165,49.0

1790085757,200,GET,[GET] /api/soporte/election/status,27.600000,0.000000,4,5,6,7,8,9,11,14,40,40,40,6044,0,4,4.662327399124361,1.9994999893242493,49.91040000459179,78.0

1790085757,200,GET,[GET] /api/soporte/tickets,55.600000,0.000000,7,7,8,9,11,13,15,19,31,31,31,12079,0,7,7.374509843642918,3.7757000100100413,101.75909999816213,84651.0

1790085757,200,GET,[GET] /health,86.200000,0.000000,4,5,6,6,7,9,11,11,17,17,17,18172,0,4,4.5123403588127795,1.8352000042796135,82.81900000292808,83.99801893022232

1790085757,200,,Aggregated,199.100000,0.000000,5,6,7,7,9,10,13,15,31,40,40,42503,0,5,5.421411359255936,1.8352000042796135,101.75909999816213,24111.273674799428

1790085758,200,GET,[GET] /actuator/health,30.000000,0.000000,4,5,6,6,7,8,12,16,23,23,23,6230,0,4,5.02076882832894,2.249700002721511,54.19399999664165,49.0

1790085758,200,GET,[GET] /api/soporte/election/status,28.100000,0.000000,4,5,6,6,7,9,11,16,40,40,40,6071,0,4,4.6617008401184705,1.9994999893242493,49.91040000459179,78.0

1790085758,200,GET,[GET] /api/soporte/tickets,56.000000,0.000000,6,7,8,8,10,12,16,19,31,31,31,12136,0,7,7.37027209141373,3.7757000100100413,101.75909999816213,84651.0

1790085758,200,GET,[GET] /health,84.100000,0.000000,4,5,5,6,7,8,11,11,17,17,17,18252,0,4,4.50969100922398,1.8352000042796135,82.81900000292808,83.99802761341223

1790085758,200,,Aggregated,198.200000,0.000000,5,6,7,7,8,10,13,16,31,40,40,42689,0,5,5.419126191819945,1.8352000042796135,101.75909999816213,24119.479866007638

1790085759,200,GET,[GET] /actuator/health,29.800000,0.000000,4,5,6,6,8,9,13,16,23,23,23,6257,0,4,5.024262442143962,2.249700002721511,54.19399999664165,49.0

1790085759,200,GET,[GET] /api/soporte/election/status,28.200000,0.000000,4,5,6,6,7,9,12,16,40,40,40,6097,0,4,4.66372061675227,1.9994999893242493,49.91040000459179,78.0

1790085759,200,GET,[GET] /api/soporte/tickets,54.000000,0.000000,6,7,8,9,11,13,16,19,31,31,31,12193,0,7,7.370173624328594,3.7757000100100413,101.75909999816213,84651.0

1790085759,200,GET,[GET] /health,86.800000,0.000000,4,5,6,6,7,8,11,11,17,17,17,18347,0,4,4.5111307352878445,1.8352000042796135,82.81900000292808,83.99803782634763

1790085759,200,,Aggregated,198.800000,0.000000,5,6,7,7,8,10,13,16,31,40,40,42894,0,5,5.420379477376742,1.8352000042796135,101.75909999816213,24116.9607404299

1790085760,200,GET,[GET] /actuator/health,29.100000,0.000000,5,5,6,6,8,10,13,16,23,23,23,6286,0,4,5.024974053528772,2.249700002721511,54.19399999664165,49.0

1790085760,200,GET,[GET] /api/soporte/election/status,28.000000,0.000000,4,5,6,6,8,9,12,16,40,40,40,6122,0,4,4.665663165686817,1.9994999893242493,49.91040000459179,78.0

1790085760,200,GET,[GET] /api/soporte/tickets,54.300000,0.000000,6,7,8,9,11,14,16,19,31,31,31,12248,0,7,7.374027261712108,3.7757000100100413,101.75909999816213,84651.0

1790085760,200,GET,[GET] /health,88.000000,0.000000,4,5,6,6,7,9,11,12,17,17,17,18442,0,4,4.513101496604395,1.8352000042796135,82.81900000292808,83.99804793406355

1790085760,200,,Aggregated,199.400000,0.000000,5,6,7,7,9,11,14,16,31,40,40,43098,0,5,5.4224762286566595,1.8352000042796135,101.75909999816213,24111.09726669451

1790085761,200,GET,[GET] /actuator/health,29.200000,0.000000,5,5,6,6,8,10,13,16,23,23,23,6307,0,4,5.023154907323598,2.249700002721511,54.19399999664165,49.0

1790085761,200,GET,[GET] /api/soporte/election/status,28.500000,0.000000,4,5,6,6,8,10,12,16,40,40,40,6152,0,4,4.666883160003607,1.9994999893242493,49.91040000459179,78.0

1790085761,200,GET,[GET] /api/soporte/tickets,54.800000,0.000000,6,7,8,9,11,14,16,19,31,31,31,12308,0,7,7.374426787574132,3.7757000100100413,101.75909999816213,84651.0

1790085761,200,GET,[GET] /health,87.100000,0.000000,4,5,6,6,7,9,11,12,17,17,17,18525,0,4,4.5136754710031495,1.8352000042796135,82.81900000292808,83.99805668016194

1790085761,200,,Aggregated,199.600000,0.000000,5,6,7,7,9,11,14,16,31,40,40,43292,0,5,5.422987762233851,1.8352000042796135,101.75909999816213,24120.610528504112

1790085762,200,GET,[GET] /actuator/health,28.700000,0.000000,5,5,6,7,8,10,13,16,23,23,23,6328,0,4,5.023214238389382,2.249700002721511,54.19399999664165,49.0

1790085762,200,GET,[GET] /api/soporte/election/status,28.000000,0.000000,4,5,6,7,8,10,13,16,40,40,40,6189,0,4,4.67047222497178,1.9994999893242493,49.91040000459179,78.0

1790085762,200,GET,[GET] /api/soporte/tickets,54.400000,0.000000,7,7,8,8,11,14,16,19,24,24,24,12364,0,7,7.37426228578278,3.7757000100100413,101.75909999816213,84651.0

1790085762,200,GET,[GET] /health,86.900000,0.000000,4,5,6,6,7,9,11,14,17,17,17,18607,0,4,4.515336341176755,1.8352000042796135,82.81900000292808,83.99806524426292

1790085762,200,,Aggregated,198.000000,0.000000,5,6,7,7,9,11,14,16,24,40,40,43488,0,5,5.424132967774387,1.8352000042796135,101.75909999816213,24121.153651582044

1790085763,200,GET,[GET] /actuator/health,27.100000,0.000000,5,5,6,7,8,10,13,13,23,23,23,6362,0,4,5.028814822473349,2.249700002721511,54.19399999664165,49.0

1790085763,200,GET,[GET] /api/soporte/election/status,28.400000,0.000000,4,5,6,6,8,9,12,14,16,16,16,6219,0,4,4.67192706228031,1.9994999893242493,49.91040000459179,78.0

1790085763,200,GET,[GET] /api/soporte/tickets,53.700000,0.000000,7,7,8,8,10,13,16,17,30,30,30,12415,0,7,7.375911639262448,3.7757000100100413,101.75909999816213,84651.0

1790085763,200,GET,[GET] /health,87.700000,0.000000,4,5,5,6,8,9,11,13,17,17,17,18687,0,4,4.519214716132004,1.8352000042796135,82.81900000292808,83.99807352705089

1790085763,200,,Aggregated,196.900000,0.000000,5,6,7,7,9,10,13,15,24,30,30,43683,0,5,5.42706642636034,1.8352000042796135,101.75909999816213,24112.553098459353

1790085764,200,GET,[GET] /actuator/health,26.900000,0.000000,5,5,6,6,8,10,13,13,23,23,23,6393,0,4,5.02732005326405,2.249700002721511,54.19399999664165,49.0

1790085764,200,GET,[GET] /api/soporte/election/status,29.600000,0.000000,4,5,6,6,8,9,12,14,16,16,16,6241,0,4,4.669261656846427,1.9994999893242493,49.91040000459179,78.0

1790085764,200,GET,[GET] /api/soporte/tickets,54.300000,0.000000,6,7,8,8,10,13,16,17,30,30,30,12476,0,7,7.371134458278733,3.7757000100100413,101.75909999816213,84651.0

1790085764,200,GET,[GET] /health,87.600000,0.000000,4,5,5,6,7,9,11,13,17,17,17,18775,0,4,4.5174448362347945,1.8352000042796135,82.81900000292808,83.99808255659121

1790085764,200,,Aggregated,198.400000,0.000000,5,6,6,7,8,10,13,15,24,30,30,43885,0,5,5.424582873480445,1.8352000042796135,101.75909999816213,24119.47123162812

1790085765,200,GET,[GET] /actuator/health,26.400000,0.000000,5,5,6,6,9,10,13,13,23,23,23,6419,0,4,5.027348636935373,2.249700002721511,54.19399999664165,49.0

1790085765,200,GET,[GET] /api/soporte/election/status,29.300000,0.000000,4,5,6,6,8,10,12,14,16,16,16,6265,0,4,4.675657941003948,1.9994999893242493,49.91040000459179,78.0

1790085765,200,GET,[GET] /api/soporte/tickets,54.100000,0.000000,7,7,8,8,10,13,16,17,30,30,30,12544,0,7,7.36976344080399,3.7757000100100413,101.75909999816213,84651.0

1790085765,200,GET,[GET] /health,87.900000,0.000000,4,5,5,6,7,9,11,13,17,17,17,18856,0,4,4.5187318678559185,1.8352000042796135,82.81900000292808,83.99809079338142

1790085765,200,,Aggregated,197.700000,0.000000,5,6,7,7,8,10,13,15,24,30,30,44084,0,5,5.426346715420886,1.8352000042796135,101.75909999816213,24141.39399782234

1790085766,200,GET,[GET] /actuator/health,26.900000,0.000000,5,5,6,6,9,10,13,14,36,36,36,6450,0,4,5.0325455349579435,2.249700002721511,54.19399999664165,49.0

1790085766,200,GET,[GET] /api/soporte/election/status,29.200000,0.000000,4,5,6,6,8,10,12,14,16,16,16,6291,0,4,4.677170147896011,1.9994999893242493,49.91040000459179,78.0

1790085766,200,GET,[GET] /api/soporte/tickets,54.400000,0.000000,7,7,8,8,10,13,16,17,38,38,38,12608,0,7,7.370136302461336,3.7757000100100413,101.75909999816213,84651.0

1790085766,200,GET,[GET] /health,87.700000,0.000000,4,5,5,6,7,9,11,14,37,37,37,18929,0,4,4.521854096906834,1.8352000042796135,82.81900000292808,83.99809815626816

1790085766,200,,Aggregated,198.200000,0.000000,5,6,7,7,9,10,14,16,37,38,38,44278,0,5,5.429352066549405,1.8352000042796135,101.75909999816213,24158.19495008808

1790085767,200,GET,[GET] /actuator/health,26.900000,0.000000,5,5,6,6,8,10,12,13,36,36,36,6484,0,4,5.032025863742129,2.249700002721511,54.19399999664165,49.0

1790085767,200,GET,[GET] /api/soporte/election/status,28.600000,0.000000,4,5,6,6,8,10,12,13,16,16,16,6327,0,4,4.67446932201804,1.9994999893242493,49.91040000459179,78.0

1790085767,200,GET,[GET] /api/soporte/tickets,55.500000,0.000000,6,7,8,8,10,13,16,17,38,38,38,12659,0,7,7.366327134953288,3.7757000100100413,101.75909999816213,84651.0

1790085767,200,GET,[GET] /health,85.200000,0.000000,4,5,6,6,7,9,11,14,37,37,37,19011,0,4,4.519221750581657,1.8352000042796135,82.81900000292808,83.9981063594761

1790085767,200,,Aggregated,196.200000,0.000000,5,6,7,7,9,10,13,16,37,38,38,44481,0,5,5.426323216712611,1.8352000042796135,101.75909999816213,24145.2557046829

1790085768,200,GET,[GET] /actuator/health,26.000000,0.000000,5,5,6,6,8,10,10,13,36,36,36,6512,0,4,5.032967644429182,2.249700002721511,54.19399999664165,49.0

1790085768,200,GET,[GET] /api/soporte/election/status,27.200000,0.000000,4,5,6,6,8,10,11,13,16,16,16,6356,0,4,4.674685431148859,1.9994999893242493,49.91040000459179,78.0

1790085768,200,GET,[GET] /api/soporte/tickets,56.900000,0.000000,6,7,8,8,10,13,15,17,38,38,38,12717,0,7,7.3640105843582475,3.7757000100100413,101.75909999816213,84651.0

1790085768,200,GET,[GET] /health,86.200000,0.000000,4,5,6,6,7,9,11,14,37,37,37,19107,0,4,4.51876522218238,1.8352000042796135,82.81900000292808,83.99811587376354

1790085768,200,,Aggregated,196.300000,0.000000,5,6,7,7,9,10,13,15,37,38,38,44692,0,5,5.42547112687791,1.8352000042796135,101.75909999816213,24141.3804484024

1790085769,200,GET,[GET] /actuator/health,26.500000,0.000000,5,5,6,6,8,9,10,12,36,36,36,6540,0,4,5.034118990905761,2.249700002721511,54.19399999664165,49.0

1790085769,200,GET,[GET] /api/soporte/election/status,28.500000,0.000000,4,5,6,6,8,10,12,14,16,16,16,6383,0,4,4.67788104345612,1.9994999893242493,49.91040000459179,78.0

1790085769,200,GET,[GET] /api/soporte/tickets,58.300000,0.000000,7,7,8,8,10,11,14,16,38,38,38,12777,0,7,7.362014307057952,3.7757000100100413,101.75909999816213,84651.0

1790085769,200,GET,[GET] /health,83.800000,0.000000,4,5,5,6,7,9,11,14,37,37,37,19189,0,4,4.51852952734429,1.8352000042796135,82.81900000292808,83.99812392516546

1790085769,200,,Aggregated,197.100000,0.000000,5,6,7,7,8,10,13,14,37,38,38,44889,0,5,5.425662696927825,1.8352000042796135,101.75909999816213,24148.811535119963

1790085770,200,GET,[GET] /actuator/health,27.600000,0.000000,5,6,6,7,8,10,11,13,36,36,36,6570,0,4,5.036146864610408,2.249700002721511,54.19399999664165,49.0

1790085770,200,GET,[GET] /api/soporte/election/status,28.200000,0.000000,4,5,6,6,8,10,12,14,16,16,16,6407,0,4,4.67815760893513,1.9994999893242493,49.91040000459179,78.0

1790085770,200,GET,[GET] /api/soporte/tickets,57.800000,0.000000,7,7,8,8,10,11,14,16,38,38,38,12833,0,7,7.361674059167002,3.7757000100100413,101.75909999816213,84651.0

1790085770,200,GET,[GET] /health,83.100000,0.000000,4,5,6,6,7,9,11,14,37,37,37,19266,0,4,4.518907925891624,1.8352000042796135,82.81900000292808,83.99797570850203

1790085770,200,,Aggregated,196.700000,0.000000,5,6,7,7,8,10,13,14,37,38,38,45076,0,5,5.42625973916177,1.8352000042796135,101.75909999816213,24154.0124234626

1790085771,200,GET,[GET] /actuator/health,27.300000,0.000000,5,6,6,7,8,10,11,13,36,36,36,6596,0,4,5.035745088011679,2.249700002721511,54.19399999664165,49.0

1790085771,200,GET,[GET] /api/soporte/election/status,27.600000,0.000000,4,5,6,6,8,10,11,14,24,24,24,6440,0,4,4.68127133547947,1.9994999893242493,49.91040000459179,78.0

1790085771,200,GET,[GET] /api/soporte/tickets,57.300000,0.000000,6,7,8,8,10,11,15,19,46,46,46,12884,0,7,7.367820482875786,3.7757000100100413,101.75909999816213,84651.0

1790085771,200,GET,[GET] /health,84.000000,0.000000,4,5,6,6,7,9,10,13,37,37,37,19363,0,4,4.519826116834405,1.8352000042796135,82.81900000292808,83.9979858493002

1790085771,200,,Aggregated,196.200000,0.000000,5,6,7,7,8,10,13,14,41,46,46,45283,0,5,5.428252417080341,1.8352000042796135,101.75909999816213,24139.201488417286

1790085772,200,GET,[GET] /actuator/health,28.000000,0.000000,5,6,6,7,8,9,11,13,36,36,36,6619,0,4,5.034347167333657,2.249700002721511,54.19399999664165,49.0

1790085772,200,GET,[GET] /api/soporte/election/status,28.600000,0.000000,4,5,6,6,8,10,11,14,24,24,24,6477,0,4,4.679999814801194,1.9994999893242493,49.91040000459179,78.0

1790085772,200,GET,[GET] /api/soporte/tickets,58.300000,0.000000,6,7,8,8,10,11,15,18,46,46,46,12937,0,7,7.366535216920532,3.7757000100100413,101.75909999816213,84651.0

1790085772,200,GET,[GET] /health,83.500000,0.000000,4,5,5,6,7,9,11,13,37,37,37,19438,0,4,4.51759321433859,1.8352000042796135,82.81900000292808,83.99799362074288

1790085772,200,,Aggregated,198.400000,0.000000,5,6,7,7,8,10,13,14,41,46,46,45471,0,5,5.426503611151355,1.8352000042796135,101.75909999816213,24138.292032284313

1790085773,200,GET,[GET] /actuator/health,28.900000,0.000000,5,6,6,7,8,9,11,13,36,36,36,6646,0,4,5.036615693735524,2.249700002721511,54.19399999664165,49.0

1790085773,200,GET,[GET] /api/soporte/election/status,28.800000,0.000000,4,5,6,6,8,10,13,14,24,24,24,6506,0,4,4.686524654231091,1.9994999893242493,49.91040000459179,78.0

1790085773,200,GET,[GET] /api/soporte/tickets,58.000000,0.000000,7,7,8,9,10,12,15,17,46,46,46,12997,0,7,7.372200254003383,3.7757000100100413,101.75909999816213,84651.0

1790085773,200,GET,[GET] /health,82.400000,0.000000,4,5,5,6,7,8,10,14,37,37,37,19527,0,4,4.520389025469878,1.8352000042796135,82.81900000292808,83.99800276540175

1790085773,200,,Aggregated,198.100000,0.000000,5,6,7,7,9,10,13,15,41,46,46,45676,0,5,5.4306419236059655,1.8352000042796135,101.75909999816213,24141.39587529556

1790085774,200,GET,[GET] /actuator/health,28.400000,0.000000,5,5,6,6,8,9,11,13,36,36,36,6681,0,4,5.0339874869917764,2.249700002721511,54.19399999664165,49.0

1790085774,200,GET,[GET] /api/soporte/election/status,28.500000,0.000000,4,5,6,6,8,10,12,14,24,24,24,6530,0,4,4.6872812864367255,1.9994999893242493,49.91040000459179,78.0

1790085774,200,GET,[GET] /api/soporte/tickets,57.100000,0.000000,7,7,8,9,10,12,16,18,46,46,46,13051,0,7,7.37099533379051,3.7757000100100413,101.75909999816213,84651.0

1790085774,200,GET,[GET] /health,83.400000,0.000000,4,5,5,6,7,8,10,12,37,37,37,19620,0,4,4.518570759444093,1.8352000042796135,82.81900000292808,83.99785932721713

1790085774,200,,Aggregated,197.400000,0.000000,5,6,7,7,9,10,13,15,41,46,46,45882,0,5,5.428996896443418,1.8352000042796135,101.75909999816213,24132.883222178632

1790085775,200,GET,[GET] /actuator/health,28.800000,0.000000,5,5,6,7,8,9,11,13,36,36,36,6709,0,4,5.032629900224586,2.249700002721511,54.19399999664165,49.0

1790085775,200,GET,[GET] /api/soporte/election/status,28.600000,0.000000,4,5,6,6,8,10,11,14,24,24,24,6562,0,4,4.6881657117385265,1.9994999893242493,49.91040000459179,78.0

1790085775,200,GET,[GET] /api/soporte/tickets,56.800000,0.000000,7,7,8,9,11,13,16,18,46,46,46,13110,0,7,7.370655095447975,3.7757000100100413,101.75909999816213,84651.0

1790085775,200,GET,[GET] /health,82.700000,0.000000,4,5,5,6,7,8,11,12,37,37,37,19705,0,4,4.518160639445565,1.8352000042796135,82.81900000292808,83.99771631565592

1790085775,200,,Aggregated,196.900000,0.000000,5,6,7,7,9,10,13,15,41,46,46,46086,0,5,5.428705053652579,1.8352000042796135,101.75909999816213,24134.66914030291

1790085776,200,GET,[GET] /actuator/health,28.600000,0.000000,5,5,6,6,8,9,11,13,15,15,15,6740,0,4,5.032947255286059,2.249700002721511,54.19399999664165,49.0

1790085776,200,GET,[GET] /api/soporte/election/status,29.000000,0.000000,4,5,6,7,8,10,11,14,24,24,24,6587,0,4,4.691587308399745,1.9994999893242493,49.91040000459179,78.0

1790085776,200,GET,[GET] /api/soporte/tickets,57.300000,0.000000,7,7,8,9,11,13,16,19,46,46,46,13172,0,7,7.374688407331026,3.7757000100100413,101.75909999816213,84651.0

1790085776,200,GET,[GET] /health,83.000000,0.000000,4,5,6,6,7,9,11,11,17,17,17,19789,0,4,4.519719581603056,1.8352000042796135,82.81900000292808,83.99772600939916

1790085776,200,,Aggregated,197.900000,0.000000,5,6,7,7,9,11,13,15,41,46,46,46288,0,5,5.431335910014783,1.8352000042796135,101.75909999816213,24142.958196508815

1790085777,200,GET,[GET] /actuator/health,28.200000,0.000000,4,5,6,7,8,9,11,13,15,15,15,6768,0,4,5.033323758960306,2.249700002721511,54.19399999664165,49.0

1790085777,200,GET,[GET] /api/soporte/election/status,28.900000,0.000000,4,6,6,7,8,10,12,14,24,24,24,6620,0,4,4.692045241768234,1.9994999893242493,49.91040000459179,78.0

1790085777,200,GET,[GET] /api/soporte/tickets,56.800000,0.000000,7,8,8,9,11,13,16,19,46,46,46,13225,0,7,7.373892922598749,3.7757000100100413,101.75909999816213,84651.0

1790085777,200,GET,[GET] /health,85.400000,0.000000,4,5,6,6,7,9,11,11,17,17,17,19870,0,4,4.522828943147864,1.8352000042796135,82.81900000292808,83.99773527931555

1790085777,200,,Aggregated,199.300000,0.000000,5,6,7,7,9,11,13,15,41,46,46,46483,0,5,5.432420878662427,1.8352000042796135,101.75909999816213,24138.42699481531

1790085778,200,GET,[GET] /actuator/health,29.100000,0.000000,4,5,6,7,8,9,11,13,15,15,15,6797,0,4,5.031561277127501,2.249700002721511,54.19399999664165,49.0

1790085778,200,GET,[GET] /api/soporte/election/status,30.000000,0.000000,5,6,6,7,9,10,12,14,24,24,24,6660,0,4,4.69479219227487,1.9994999893242493,49.91040000459179,78.0

1790085778,200,GET,[GET] /api/soporte/tickets,56.300000,0.000000,7,8,9,9,11,13,16,19,46,46,46,13272,0,7,7.374463735787604,3.7757000100100413,101.75909999816213,84651.0

1790085778,200,GET,[GET] /health,85.100000,0.000000,4,5,6,6,7,9,11,11,17,17,17,19955,0,4,4.5225272513355765,1.8352000042796135,82.81900000292808,83.99774492608368

1790085778,200,,Aggregated,200.500000,0.000000,5,6,7,7,9,11,13,15,41,46,46,46684,0,5,5.432005655105835,1.8352000042796135,101.75909999816213,24119.97215320024

1790085779,200,GET,[GET] /actuator/health,28.800000,0.000000,4,5,5,6,7,9,11,13,15,15,15,6828,0,4,5.030320035244851,2.249700002721511,54.19399999664165,49.0

1790085779,200,GET,[GET] /api/soporte/election/status,28.600000,0.000000,4,5,6,7,8,9,11,13,24,24,24,6683,0,4,4.693304369367354,1.9994999893242493,49.91040000459179,78.0

1790085779,200,GET,[GET] /api/soporte/tickets,56.200000,0.000000,7,8,9,9,11,13,16,32,52,52,52,13337,0,7,7.377421781618457,3.7757000100100413,101.75909999816213,84651.0

1790085779,200,GET,[GET] /health,85.000000,0.000000,4,5,6,6,7,9,11,11,49,49,49,20028,0,4,4.523327062132859,1.8352000042796135,82.81900000292808,83.99775314559616

1790085779,200,,Aggregated,198.600000,0.000000,5,6,7,7,9,10,13,15,49,52,52,46876,0,5,5.433446689200788,1.8352000042796135,101.75909999816213,24138.760559774724

1790085780,200,GET,[GET] /actuator/health,28.500000,0.000000,4,5,6,6,7,9,13,16,63,63,63,6865,0,4,5.040695877737353,2.249700002721511,63.11669999558944,49.0

1790085780,200,GET,[GET] /api/soporte/election/status,29.000000,0.000000,4,5,6,7,8,9,12,14,16,16,16,6714,0,4,4.696729341740593,1.9994999893242493,49.91040000459179,78.0

1790085780,200,GET,[GET] /api/soporte/tickets,56.100000,0.000000,7,8,8,9,11,13,15,16,65,65,65,13393,0,7,7.380125879296929,3.7757000100100413,101.75909999816213,84651.0

1790085780,200,GET,[GET] /health,85.100000,0.000000,4,5,6,6,7,9,11,14,63,63,63,20119,0,4,4.530441458345978,1.8352000042796135,82.81900000292808,83.99776330831553

1790085780,200,,Aggregated,198.700000,0.000000,5,6,7,7,9,11,13,16,63,65,65,47091,0,5,5.439005236733129,1.8352000042796135,101.75909999816213,24129.46998364868

1790085781,200,GET,[GET] /actuator/health,28.500000,0.000000,4,5,6,6,8,9,13,16,63,63,63,6892,0,4,5.042302495738829,2.249700002721511,63.11669999558944,49.0

1790085781,200,GET,[GET] /api/soporte/election/status,30.400000,0.000000,5,5,6,7,8,9,12,14,16,16,16,6745,0,4,4.696873610144898,1.9994999893242493,49.91040000459179,78.0

1790085781,200,GET,[GET] /api/soporte/tickets,55.900000,0.000000,7,8,8,9,11,13,14,16,65,65,65,13437,0,7,7.3785679914747275,3.7757000100100413,101.75909999816213,84651.0

1790085781,200,GET,[GET] /health,82.800000,0.000000,4,5,6,6,7,9,11,14,63,63,63,20216,0,4,4.529200410590692,1.8352000042796135,82.81900000292808,83.99777404036406

1790085781,200,,Aggregated,197.600000,0.000000,5,6,7,7,9,10,13,16,63,65,65,47290,0,5,5.437515223155143,1.8352000042796135,101.75909999816213,24106.9444702897

1790085782,200,GET,[GET] /actuator/health,28.600000,0.000000,5,5,6,6,8,9,11,16,63,63,63,6925,0,4,5.04457529250529,2.249700002721511,63.11669999558944,49.0

1790085782,200,GET,[GET] /api/soporte/election/status,30.400000,0.000000,5,5,6,6,8,9,12,14,16,16,16,6771,0,4,4.697018210084243,1.9994999893242493,49.91040000459179,78.0

1790085782,200,GET,[GET] /api/soporte/tickets,55.400000,0.000000,7,8,8,9,10,12,14,16,65,65,65,13492,0,7,7.37570720436864,3.7757000100100413,101.75909999816213,84651.0

1790085782,200,GET,[GET] /health,83.500000,0.000000,4,5,6,6,7,9,11,14,63,63,63,20299,0,4,4.527586083078926,1.8352000042796135,82.81900000292808,83.9977831420267

1790085782,200,,Aggregated,197.900000,0.000000,5,6,7,7,9,10,13,16,63,65,65,47487,0,5,5.436344803900864,1.8352000042796135,101.75909999816213,24105.20407690526

1790085783,200,GET,[GET] /actuator/health,29.100000,0.000000,5,5,6,7,8,10,12,16,63,63,63,6947,0,4,5.048522873262821,2.249700002721511,63.11669999558944,49.0

1790085783,200,GET,[GET] /api/soporte/election/status,30.200000,0.000000,4,5,6,6,8,9,11,16,16,16,16,6810,0,4,4.700062525769416,1.9994999893242493,49.91040000459179,78.0

1790085783,200,GET,[GET] /api/soporte/tickets,54.600000,0.000000,7,8,8,9,10,13,15,28,65,65,65,13551,0,7,7.380247989176934,3.7757000100100413,101.75909999816213,84651.0

1790085783,200,GET,[GET] /health,84.300000,0.000000,4,5,6,6,7,9,11,14,63,63,63,20375,0,4,4.530052304317163,1.8352000042796135,82.81900000292808,83.99779141104294

1790085783,200,,Aggregated,198.200000,0.000000,5,6,7,7,9,10,13,16,63,65,65,47683,0,5,5.43986474011378,1.8352000042796135,101.75909999816213,24111.082335423525

1790085784,200,GET,[GET] /actuator/health,29.600000,0.000000,5,5,6,7,8,10,12,16,63,63,63,6977,0,4,5.0468280637193015,2.249700002721511,63.11669999558944,49.0

1790085784,200,GET,[GET] /api/soporte/election/status,29.400000,0.000000,4,5,6,6,8,9,11,16,16,16,16,6836,0,4,4.699357826287883,1.9994999893242493,49.91040000459179,78.0

1790085784,200,GET,[GET] /api/soporte/tickets,54.500000,0.000000,7,7,8,9,10,13,15,19,65,65,65,13613,0,7,7.377924763190082,3.7757000100100413,101.75909999816213,84651.0

1790085784,200,GET,[GET] /health,84.800000,0.000000,4,5,6,6,7,9,11,14,63,63,63,20463,0,4,4.529737687554474,1.8352000042796135,82.81900000292808,83.99780090895763

1790085784,200,,Aggregated,198.300000,0.000000,5,6,7,7,9,10,13,16,63,65,65,47889,0,5,5.438915859650594,1.8352000042796135,101.75909999816213,24117.187475203074

1790085785,200,GET,[GET] /actuator/health,30.300000,0.000000,5,5,6,7,8,10,11,16,63,63,63,7006,0,4,5.046438352922144,2.249700002721511,63.11669999558944,49.0

1790085785,200,GET,[GET] /api/soporte/election/status,29.100000,0.000000,4,5,6,6,7,9,11,16,16,16,16,6862,0,4,4.6999924658308645,1.9994999893242493,49.91040000459179,78.0

1790085785,200,GET,[GET] /api/soporte/tickets,55.300000,0.000000,7,7,8,9,10,12,13,16,65,65,65,13686,0,7,7.374330520337467,3.7757000100100413,101.75909999816213,84651.0

1790085785,200,GET,[GET] /health,85.000000,0.000000,4,5,5,6,7,9,11,14,63,63,63,20536,0,4,4.529290153894136,1.8352000042796135,82.81900000292808,83.99780872613947

1790085785,200,,Aggregated,199.700000,0.000000,5,6,7,7,9,10,13,16,63,65,65,48090,0,5,5.438662622225254,1.8352000042796135,101.75909999816213,24145.084113121233

1790085786,200,GET,[GET] /actuator/health,29.300000,0.000000,5,5,6,6,8,10,11,16,63,63,63,7043,0,4,5.045889237622611,2.249700002721511,63.11669999558944,49.0

1790085786,200,GET,[GET] /api/soporte/election/status,30.600000,0.000000,4,5,6,6,8,9,11,16,16,16,16,6889,0,4,4.702585643858964,1.9994999893242493,49.91040000459179,78.0

1790085786,200,GET,[GET] /api/soporte/tickets,55.400000,0.000000,7,7,8,8,10,12,13,16,65,65,65,13743,0,7,7.372567911036873,3.7757000100100413,101.75909999816213,84651.0

1790085786,200,GET,[GET] /health,83.800000,0.000000,4,5,5,6,7,9,11,14,63,63,63,20601,0,4,4.528231814012014,1.8352000042796135,82.81900000292808,83.99781564001748

1790085786,200,,Aggregated,199.100000,0.000000,5,6,7,7,9,10,13,15,63,65,65,48276,0,5,5.438346482785684,1.8352000042796135,101.75909999816213,24152.199457287265

1790085787,200,GET,[GET] /actuator/health,29.800000,0.000000,5,5,6,7,8,10,12,16,63,63,63,7072,0,4,5.049172879040369,2.249700002721511,63.11669999558944,49.0

1790085787,200,GET,[GET] /api/soporte/election/status,30.000000,0.000000,4,5,6,6,8,9,11,16,16,16,16,6917,0,4,4.703411551326574,1.9994999893242493,49.91040000459179,78.0

1790085787,200,GET,[GET] /api/soporte/tickets,55.400000,0.000000,7,7,8,9,10,12,13,16,65,65,65,13795,0,7,7.3736352375048595,3.7757000100100413,101.75909999816213,84651.0

1790085787,200,GET,[GET] /health,82.600000,0.000000,4,5,5,6,7,9,11,14,63,63,63,20694,0,4,4.5304173770384235,1.8352000042796135,82.81900000292808,83.9978254566541

1790085787,200,,Aggregated,197.800000,0.000000,5,6,7,7,9,10,13,15,63,65,65,48478,0,5,5.439849077992328,1.8352000042796135,101.75909999816213,24142.597673171334

1790085788,200,GET,[GET] /actuator/health,29.300000,0.000000,5,6,6,7,8,10,12,16,63,63,63,7095,0,4,5.047114150889232,2.249700002721511,63.11669999558944,49.0

1790085788,200,GET,[GET] /api/soporte/election/status,29.400000,0.000000,4,5,6,6,8,9,11,16,16,16,16,6940,0,4,4.704319510164554,1.9994999893242493,49.91040000459179,78.0

1790085788,200,GET,[GET] /api/soporte/tickets,56.800000,0.000000,7,7,8,8,10,12,13,16,65,65,65,13850,0,7,7.370786180612353,3.7757000100100413,101.75909999816213,84651.0

1790085788,200,GET,[GET] /health,81.500000,0.000000,4,5,5,6,7,8,11,14,63,63,63,20788,0,4,4.530297258055155,1.8352000042796135,82.81900000292808,83.99783528959014

1790085788,200,,Aggregated,197.000000,0.000000,5,6,7,7,8,10,13,15,63,65,65,48673,0,5,5.43871263951334,1.8352000042796135,101.75909999816213,24141.75152548641

1790085789,200,GET,[GET] /actuator/health,30.100000,0.000000,5,6,6,7,8,10,11,12,12,12,12,7119,0,4,5.045880882221402,2.249700002721511,63.11669999558944,49.0

1790085789,200,GET,[GET] /api/soporte/election/status,29.600000,0.000000,4,5,6,6,8,9,10,11,16,16,16,6972,0,4,4.701895238181353,1.9994999893242493,49.91040000459179,78.0

1790085789,200,GET,[GET] /api/soporte/tickets,56.200000,0.000000,7,7,8,8,10,11,13,14,28,28,28,13906,0,7,7.368608456893329,3.7757000100100413,101.75909999816213,84651.0

1790085789,200,GET,[GET] /health,80.200000,0.000000,4,5,5,6,7,8,10,11,18,18,18,20875,0,4,4.531470629961013,1.8352000042796135,82.81900000292808,83.9977005988024

1790085789,200,,Aggregated,196.100000,0.000000,5,6,7,7,8,10,11,13,19,28,28,48872,0,5,5.437992269666258,1.8352000042796135,101.75909999816213,24140.67165247995

1790085790,200,GET,[GET] /actuator/health,29.900000,0.000000,5,6,6,7,8,10,11,12,12,12,12,7147,0,4,5.045928011820659,2.249700002721511,63.11669999558944,49.0

1790085790,200,GET,[GET] /api/soporte/election/status,29.100000,0.000000,4,5,6,6,8,9,10,11,16,16,16,6996,0,4,4.703029459785574,1.9994999893242493,49.91040000459179,78.0

1790085790,200,GET,[GET] /api/soporte/tickets,56.600000,0.000000,6,7,8,8,10,11,13,14,28,28,28,13976,0,7,7.365183421683225,3.7757000100100413,101.75909999816213,84651.0

1790085790,200,GET,[GET] /health,81.300000,0.000000,4,5,5,6,7,8,10,11,18,18,18,20949,0,4,4.530942679861081,1.8352000042796135,82.81900000292808,83.99770872118

1790085790,200,,Aggregated,196.900000,0.000000,5,6,7,7,8,10,11,13,19,28,28,49068,0,5,5.43776317157815,1.8352000042796135,101.75909999816213,24165.197990543737

1790085791,200,GET,[GET] /actuator/health,29.500000,0.000000,5,5,6,6,8,9,11,12,12,12,12,7176,0,4,5.044931298834043,2.249700002721511,63.11669999558944,49.0

1790085791,200,GET,[GET] /api/soporte/election/status,28.100000,0.000000,4,5,6,6,8,9,10,11,16,16,16,7027,0,4,4.700803586264076,1.9994999893242493,49.91040000459179,78.0

1790085791,200,GET,[GET] /api/soporte/tickets,57.000000,0.000000,6,7,8,8,10,12,13,15,28,28,28,14029,0,7,7.3645346283718185,3.7757000100100413,101.75909999816213,84651.0

1790085791,200,GET,[GET] /health,83.500000,0.000000,4,5,6,6,7,8,10,11,18,18,18,21039,0,4,4.5300447217278546,1.8352000042796135,82.81900000292808,83.99771852274348

1790085791,200,,Aggregated,198.100000,0.000000,5,6,7,7,8,10,12,13,19,28,28,49271,0,5,5.436456353696319,1.8352000042796135,101.75909999816213,24156.924702157456

1790085792,200,GET,[GET] /actuator/health,28.900000,0.000000,5,5,6,6,8,9,11,11,12,12,12,7207,0,4,5.0438406966029365,2.249700002721511,63.11669999558944,49.0

1790085792,200,GET,[GET] /api/soporte/election/status,28.400000,0.000000,4,5,6,6,8,9,10,11,16,16,16,7057,0,4,4.701805824095977,1.9994999893242493,49.91040000459179,78.0

1790085792,200,GET,[GET] /api/soporte/tickets,57.100000,0.000000,6,7,8,8,10,11,13,15,36,36,36,14085,0,7,7.364985190018809,3.7757000100100413,101.75909999816213,84651.0

1790085792,200,GET,[GET] /health,83.700000,0.000000,4,5,5,6,7,8,10,11,18,18,18,21128,0,4,4.527642668516196,1.8352000042796135,82.81900000292808,83.99772813328285

1790085792,200,,Aggregated,198.100000,0.000000,5,6,7,7,8,10,11,13,28,36,36,49477,0,5,5.435403405681181,1.8352000042796135,101.75909999816213,24152.386523030902

1790085793,200,GET,[GET] /actuator/health,28.000000,0.000000,5,5,6,6,8,9,10,11,12,12,12,7227,0,4,5.0467942161943515,2.249700002721511,63.11669999558944,49.0

1790085793,200,GET,[GET] /api/soporte/election/status,28.200000,0.000000,4,5,6,6,8,9,10,11,14,14,14,7085,0,4,4.704452632418186,1.9994999893242493,49.91040000459179,78.0

1790085793,200,GET,[GET] /api/soporte/tickets,59.000000,0.000000,7,7,8,8,10,12,13,16,36,36,36,14144,0,7,7.371392364352254,3.7757000100100413,101.75909999816213,84651.0

1790085793,200,GET,[GET] /health,82.600000,0.000000,4,5,6,6,8,8,10,11,14,14,14,21216,0,4,4.5319099641966885,1.8352000042796135,82.81900000292808,83.99773755656109

1790085793,200,,Aggregated,197.800000,0.000000,5,6,7,7,8,10,11,13,29,36,36,49672,0,5,5.439970287141945,1.8352000042796135,101.75909999816213,24158.330508133356

1790085794,200,GET,[GET] /actuator/health,28.100000,0.000000,5,5,6,6,8,9,10,11,12,12,12,7257,0,4,5.04688189340875,2.249700002721511,63.11669999558944,49.0

1790085794,200,GET,[GET] /api/soporte/election/status,28.100000,0.000000,4,5,6,6,8,9,10,11,14,14,14,7117,0,4,4.7048766194629845,1.9994999893242493,49.91040000459179,78.0

1790085794,200,GET,[GET] /api/soporte/tickets,59.100000,0.000000,6,7,8,9,11,12,13,16,36,36,36,14193,0,7,7.370332044067302,3.7757000100100413,101.75909999816213,84651.0

1790085794,200,GET,[GET] /health,81.300000,0.000000,4,5,6,6,8,8,10,11,14,14,14,21297,0,4,4.531819683542228,1.8352000042796135,82.81900000292808,83.99774616143118

1790085794,200,,Aggregated,196.600000,0.000000,5,6,7,7,9,10,12,13,29,36,36,49864,0,5,5.439417521719705,1.8352000042796135,101.75909999816213,24148.70973046687

1790085795,200,GET,[GET] /actuator/health,27.500000,0.000000,5,6,6,6,8,9,12,12,14,14,14,7285,0,4,5.051185092727373,2.249700002721511,63.11669999558944,49.0

1790085795,200,GET,[GET] /api/soporte/election/status,28.000000,0.000000,4,5,6,6,8,9,11,12,14,14,14,7150,0,4,4.707448363737236,1.9994999893242493,49.91040000459179,78.0

1790085795,200,GET,[GET] /api/soporte/tickets,59.200000,0.000000,7,7,8,9,11,12,14,18,36,36,36,14236,0,7,7.371783886023758,3.7757000100100413,101.75909999816213,84651.0

1790085795,200,GET,[GET] /health,81.800000,0.000000,4,5,6,6,8,9,11,12,15,15,15,21393,0,4,4.535311358877012,1.8352000042796135,82.81900000292808,83.99775627541719

1790085795,200,,Aggregated,196.500000,0.000000,5,6,7,7,9,10,12,13,29,36,36,50064,0,5,5.441530251340889,1.8352000042796135,101.75909999816213,24125.185063119206

1790085796,200,GET,[GET] /actuator/health,27.500000,0.000000,5,6,6,7,8,10,12,12,14,14,14,7308,0,4,5.0525027778492255,2.249700002721511,63.11669999558944,49.0

1790085796,200,GET,[GET] /api/soporte/election/status,26.900000,0.000000,4,5,6,6,8,9,11,12,14,14,14,7178,0,4,4.7056217053225255,1.9994999893242493,49.91040000459179,78.0

1790085796,200,GET,[GET] /api/soporte/tickets,58.700000,0.000000,7,7,8,9,11,13,14,18,36,36,36,14298,0,7,7.373193670543331,3.7757000100100413,101.75909999816213,84651.0

1790085796,200,GET,[GET] /health,82.700000,0.000000,4,5,6,6,8,9,11,13,17,17,17,21489,0,4,4.536561971262496,1.8352000042796135,82.81900000292808,83.99776629903671

1790085796,200,,Aggregated,195.800000,0.000000,5,6,7,7,9,11,13,14,29,36,36,50273,0,5,5.442459097392548,1.8352000042796135,101.75909999816213,24129.512899568355

1790085797,200,GET,[GET] /actuator/health,27.700000,0.000000,5,6,6,6,8,9,12,12,14,14,14,7341,0,4,5.051367797376689,2.249700002721511,63.11669999558944,49.0

1790085797,200,GET,[GET] /api/soporte/election/status,28.500000,0.000000,4,5,6,6,8,9,11,12,19,19,19,7214,0,4,4.704637649134517,1.9994999893242493,49.91040000459179,78.0

1790085797,200,GET,[GET] /api/soporte/tickets,57.700000,0.000000,7,7,8,9,11,13,15,18,36,36,36,14343,0,7,7.373986564969904,3.7757000100100413,101.75909999816213,84651.0

1790085797,200,GET,[GET] /health,83.900000,0.000000,4,5,6,6,8,9,11,13,17,17,17,21564,0,4,4.535391968118686,1.8352000042796135,82.81900000292808,83.99777406789093

1790085797,200,,Aggregated,197.800000,0.000000,5,6,7,7,9,10,13,14,29,36,36,50462,0,5,5.441473360217062,1.8352000042796135,101.75909999816213,24114.839324640325

1790085798,200,GET,[GET] /actuator/health,27.700000,0.000000,5,6,6,7,8,10,12,13,14,14,14,7372,0,4,5.055938198659854,2.249700002721511,63.11669999558944,49.0

1790085798,200,GET,[GET] /api/soporte/election/status,28.900000,0.000000,4,5,6,6,8,9,11,12,19,19,19,7238,0,4,4.702819176688776,1.9994999893242493,49.91040000459179,78.0

1790085798,200,GET,[GET] /api/soporte/tickets,54.800000,0.000000,7,7,8,9,11,13,15,18,36,36,36,14389,0,7,7.370169150142616,3.7757000100100413,101.75909999816213,84651.0

1790085798,200,GET,[GET] /health,85.900000,0.000000,4,5,6,6,8,9,12,13,17,17,17,21650,0,4,4.535138189403999,1.8352000042796135,82.81900000292808,83.99778290993072

1790085798,200,,Aggregated,197.300000,0.000000,5,6,7,7,9,11,13,14,29,36,36,50649,0,5,5.440314464320964,1.8352000042796135,101.75909999816213,24102.896069024067

1790085799,200,GET,[GET] /actuator/health,26.400000,0.000000,5,6,6,7,8,10,12,13,14,14,14,7407,0,4,5.05669420825529,2.249700002721511,63.11669999558944,49.0

1790085799,200,GET,[GET] /api/soporte/election/status,29.000000,0.000000,4,5,6,6,8,9,11,12,19,19,19,7263,0,4,4.705206127064884,1.9994999893242493,49.91040000459179,78.0

1790085799,200,GET,[GET] /api/soporte/tickets,55.100000,0.000000,7,8,8,9,11,13,15,18,36,36,36,14444,0,7,7.371598726214444,3.7757000100100413,101.75909999816213,84651.0

1790085799,200,GET,[GET] /health,88.200000,0.000000,4,5,6,6,8,9,11,13,17,17,17,21736,0,4,4.536632250669776,1.8352000042796135,82.81900000292808,83.9977916820022

1790085799,200,,Aggregated,198.700000,0.000000,5,6,7,7,9,11,13,14,29,36,36,50850,0,5,5.441739561522495,1.8352000042796135,101.75909999816213,24099.39581120944

1790085800,200,GET,[GET] /actuator/health,27.100000,0.000000,5,6,6,7,8,10,12,13,14,14,14,7440,0,4,5.05338717748698,2.249700002721511,63.11669999558944,49.0

1790085800,200,GET,[GET] /api/soporte/election/status,29.400000,0.000000,4,5,6,6,8,9,12,12,19,19,19,7290,0,4,4.704816159246098,1.9994999893242493,49.91040000459179,78.0

1790085800,200,GET,[GET] /api/soporte/tickets,54.400000,0.000000,7,8,8,9,11,13,16,18,36,36,36,14494,0,7,7.37210676151661,3.7757000100100413,101.75909999816213,84651.0

1790085800,200,GET,[GET] /health,86.700000,0.000000,4,5,6,6,8,9,11,13,20,20,20,21827,0,4,4.536232111632353,1.8352000042796135,82.81900000292808,83.99766344435791

1790085800,200,,Aggregated,197.600000,0.000000,5,6,7,7,9,11,13,15,29,36,36,51051,0,5,5.440813384721715,1.8352000042796135,101.75909999816213,24087.641593700417

1790085801,200,GET,[GET] /actuator/health,27.600000,0.000000,5,6,6,7,8,10,12,14,14,14,14,7467,0,4,5.0516276015154284,2.249700002721511,63.11669999558944,49.0

1790085801,200,GET,[GET] /api/soporte/election/status,29.300000,0.000000,4,5,6,6,8,9,12,12,19,19,19,7314,0,4,4.707976182782128,1.9994999893242493,49.91040000459179,78.0

1790085801,200,GET,[GET] /api/soporte/tickets,53.200000,0.000000,7,8,9,9,11,13,16,18,36,36,36,14546,0,7,7.373238546773727,3.7757000100100413,101.75909999816213,84651.0

1790085801,200,GET,[GET] /health,86.100000,0.000000,4,5,5,6,8,9,11,13,20,20,20,21910,0,4,4.535256969451013,1.8352000042796135,82.81900000292808,83.99767229575536

1790085801,200,,Aggregated,196.200000,0.000000,5,6,7,7,9,11,13,15,29,36,36,51237,0,5,5.440858153354539,1.8352000042796135,101.75909999816213,24086.30891738392

1790085802,200,GET,[GET] /actuator/health,28.400000,0.000000,5,6,6,7,8,11,12,14,14,14,14,7492,0,4,5.05344018961065,2.249700002721511,63.11669999558944,49.0

1790085802,200,GET,[GET] /api/soporte/election/status,28.700000,0.000000,4,5,6,6,8,10,12,14,19,19,19,7340,0,4,4.710052384309676,1.9994999893242493,49.91040000459179,78.0

1790085802,200,GET,[GET] /api/soporte/tickets,52.300000,0.000000,7,8,9,9,11,14,17,18,30,30,30,14607,0,7,7.377830663471588,3.7757000100100413,101.75909999816213,84651.0

1790085802,200,GET,[GET] /health,86.500000,0.000000,4,5,6,6,8,10,12,15,30,30,30,21996,0,4,4.5397042326172805,1.8352000042796135,82.81900000292808,83.99768139661757

1790085802,200,,Aggregated,195.900000,0.000000,5,6,7,7,9,11,14,16,30,30,30,51435,0,5,5.444842329218921,1.8352000042796135,101.75909999816213,24094.184854670944

1790085803,200,GET,[GET] /actuator/health,29.100000,0.000000,5,6,6,7,8,11,13,14,15,15,15,7526,0,4,5.058070117007971,2.249700002721511,63.11669999558944,49.0

1790085803,200,GET,[GET] /api/soporte/election/status,29.300000,0.000000,4,5,6,7,8,10,12,12,19,19,19,7373,0,4,4.714560640286183,1.9994999893242493,49.91040000459179,78.0

1790085803,200,GET,[GET] /api/soporte/tickets,50.800000,0.000000,7,8,8,9,11,14,17,20,32,32,32,14671,0,7,7.380375216505385,3.7757000100100413,101.75909999816213,84651.0

1790085803,200,GET,[GET] /health,86.500000,0.000000,4,5,6,6,8,10,13,16,30,30,30,22068,0,4,4.545279603982434,1.8352000042796135,82.81900000292808,83.99768896139206

1790085803,200,,Aggregated,195.700000,0.000000,5,6,7,7,9,11,14,17,30,32,32,51638,0,5,5.449672845645975,1.8352000042796135,101.75909999816213,24104.580928773383

1790085804,200,GET,[GET] /actuator/health,28.700000,0.000000,5,6,6,7,9,11,12,14,15,15,15,7562,0,4,5.058836339674809,2.249700002721511,63.11669999558944,49.0

1790085804,200,GET,[GET] /api/soporte/election/status,29.100000,0.000000,4,5,6,6,8,9,12,12,19,19,19,7402,0,4,4.714284436745071,1.9994999893242493,49.91040000459179,78.0

1790085804,200,GET,[GET] /api/soporte/tickets,51.700000,0.000000,7,8,8,9,11,14,17,20,32,32,32,14725,0,7,7.3776022140122475,3.7757000100100413,101.75909999816213,84651.0

1790085804,200,GET,[GET] /health,87.200000,0.000000,4,5,6,6,8,10,13,16,30,30,30,22148,0,4,4.545223957046407,1.8352000042796135,82.81900000292808,83.9976973090121

1790085804,200,,Aggregated,196.700000,0.000000,5,6,7,7,9,11,14,17,30,32,32,51837,0,5,5.44886599539715,1.8352000042796135,101.75909999816213,24100.43501745857

1790085805,200,GET,[GET] /actuator/health,28.500000,0.000000,5,5,6,7,8,10,12,13,15,15,15,7592,0,4,5.056874776155468,2.249700002721511,63.11669999558944,49.0

1790085805,200,GET,[GET] /api/soporte/election/status,28.300000,0.000000,4,5,6,6,8,9,11,12,19,19,19,7427,0,4,4.7139976169148525,1.9994999893242493,49.91040000459179,78.0

1790085805,200,GET,[GET] /api/soporte/tickets,51.700000,0.000000,7,8,8,9,11,14,17,20,32,32,32,14780,0,7,7.376616082637204,3.7757000100100413,101.75909999816213,84651.0

1790085805,200,GET,[GET] /health,86.400000,0.000000,4,5,6,6,8,10,12,16,30,30,30,22238,0,4,4.544707977366968,1.8352000042796135,82.81900000292808,83.99770662829391

1790085805,200,,Aggregated,194.900000,0.000000,5,6,7,7,9,11,14,17,30,32,32,52037,0,5,5.447936185857436,1.8352000042796135,101.75909999816213,24097.48899821281

1790085806,200,GET,[GET] /actuator/health,29.800000,0.000000,5,6,6,7,8,10,12,14,30,30,30,7616,0,4,5.060150105120418,2.249700002721511,63.11669999558944,49.0

1790085806,200,GET,[GET] /api/soporte/election/status,28.700000,0.000000,5,6,6,7,8,9,11,17,26,26,26,7452,0,4,4.717750644233401,1.9994999893242493,49.91040000459179,78.0

1790085806,200,GET,[GET] /api/soporte/tickets,52.000000,0.000000,7,8,8,9,10,13,17,20,32,32,32,14831,0,7,7.3742955229831955,3.7757000100100413,101.75909999816213,84651.0

1790085806,200,GET,[GET] /health,85.700000,0.000000,4,5,6,6,8,9,12,15,30,30,30,22316,0,4,4.545266199172908,1.8352000042796135,82.81900000292808,83.99771464420147

1790085806,200,,Aggregated,196.200000,0.000000,5,6,7,7,9,10,14,17,30,32,32,52215,0,5,5.448532383482348,1.8352000042796135,101.75909999816213,24098.2076797855

1790085807,200,GET,[GET] /actuator/health,30.400000,0.000000,4,6,6,7,8,10,12,14,30,30,30,7638,0,4,5.058720293346687,2.249700002721511,63.11669999558944,49.0

1790085807,200,GET,[GET] /api/soporte/election/status,27.700000,0.000000,5,5,6,6,8,9,11,12,26,26,26,7477,0,4,4.716021198449047,1.9994999893242493,49.91040000459179,78.0

1790085807,200,GET,[GET] /api/soporte/tickets,52.900000,0.000000,7,8,8,9,10,13,17,20,34,34,34,14887,0,7,7.375281950784396,3.7757000100100413,101.75909999816213,84651.0

1790085807,200,GET,[GET] /health,83.200000,0.000000,4,5,6,6,8,9,11,15,30,30,30,22416,0,4,4.54472011066909,1.8352000042796135,82.81900000292808,83.99772483940043

1790085807,200,,Aggregated,194.200000,0.000000,5,6,7,7,9,10,14,17,32,34,34,52418,0,5,5.4479465928396955,1.8352000042796135,101.75909999816213,24095.535846464954

1790085808,200,GET,[GET] /actuator/health,30.600000,0.000000,4,5,6,7,8,10,12,15,30,30,30,7674,0,4,5.061158548412453,2.249700002721511,63.11669999558944,49.0

1790085808,200,GET,[GET] /api/soporte/election/status,27.300000,0.000000,5,6,6,6,8,9,11,12,26,26,26,7503,0,4,4.716763134856505,1.9994999893242493,49.91040000459179,78.0

1790085808,200,GET,[GET] /api/soporte/tickets,53.900000,0.000000,7,8,8,9,10,13,17,20,34,34,34,14948,0,7,7.376088995270045,3.7757000100100413,101.75909999816213,84651.0

1790085808,200,GET,[GET] /health,83.700000,0.000000,4,5,6,6,8,9,11,15,30,30,30,22487,0,4,4.545817303366184,1.8352000042796135,82.81900000292808,83.9977320229466

1790085808,200,,Aggregated,195.500000,0.000000,5,6,7,7,9,10,14,17,32,34,34,52612,0,5,5.449493965320412,1.8352000042796135,101.75909999816213,24105.019102105984

1790085809,200,GET,[GET] /actuator/health,30.500000,0.000000,4,6,6,7,8,10,11,15,30,30,30,7710,0,4,5.061843022114498,2.249700002721511,63.11669999558944,49.0

1790085809,200,GET,[GET] /api/soporte/election/status,26.800000,0.000000,5,6,6,6,8,9,11,13,26,26,26,7528,0,4,4.718321851863103,1.9994999893242493,49.91040000459179,78.0

1790085809,200,GET,[GET] /api/soporte/tickets,53.400000,0.000000,7,8,8,9,11,13,18,21,34,34,34,14994,0,7,7.378707563110074,3.7757000100100413,101.75909999816213,84651.0

1790085809,200,GET,[GET] /health,83.300000,0.000000,4,5,6,6,8,9,11,15,30,30,30,22579,0,4,4.546736547272358,1.8352000042796135,82.81900000292808,83.99774126400638

1790085809,200,,Aggregated,194.000000,0.000000,5,6,7,7,9,10,14,17,32,34,34,52811,0,5,5.450444837315393,1.8352000042796135,101.75909999816213,24088.13794474636

1790085810,200,GET,[GET] /actuator/health,29.600000,0.000000,4,6,6,7,8,10,11,15,30,30,30,7734,0,4,5.061582557601732,2.249700002721511,63.11669999558944,49.0

1790085810,200,GET,[GET] /api/soporte/election/status,26.400000,0.000000,5,6,6,6,8,9,11,13,26,26,26,7553,0,4,4.718698808529805,1.9994999893242493,49.91040000459179,78.0

1790085810,200,GET,[GET] /api/soporte/tickets,54.100000,0.000000,7,8,8,9,11,13,17,21,34,34,34,15053,0,7,7.3780201688219655,3.7757000100100413,101.75909999816213,84651.0

1790085810,200,GET,[GET] /health,84.200000,0.000000,4,5,6,7,8,9,11,15,30,30,30,22670,0,4,4.547595584514966,1.8352000042796135,82.81900000292808,83.9977503308337

1790085810,200,,Aggregated,194.300000,0.000000,5,6,7,7,9,10,14,17,32,34,34,53010,0,5,5.450706302651363,1.8352000042796135,101.75909999816213,24092.13039049236

1790085811,200,GET,[GET] /actuator/health,29.900000,0.000000,5,6,6,7,8,10,11,15,30,30,30,7754,0,4,5.060153017856337,2.249700002721511,63.11669999558944,49.0

1790085811,200,GET,[GET] /api/soporte/election/status,26.400000,0.000000,5,5,6,6,8,9,11,13,26,26,26,7579,0,4,4.718135136666331,1.9994999893242493,49.91040000459179,78.0

1790085811,200,GET,[GET] /api/soporte/tickets,55.800000,0.000000,7,8,8,9,10,12,18,21,34,34,34,15108,0,7,7.376502528544551,3.7757000100100413,101.75909999816213,84651.0

1790085811,200,GET,[GET] /health,83.100000,0.000000,4,5,6,7,8,9,11,15,30,30,30,22759,0,4,4.548072885489966,1.8352000042796135,82.81900000292808,83.99775912825696

1790085811,200,,Aggregated,195.200000,0.000000,5,6,7,7,9,10,14,17,32,34,34,53200,0,5,5.450168490664838,1.8352000042796135,101.75909999816213,24093.799266917293

1790085812,200,GET,[GET] /actuator/health,29.800000,0.000000,5,6,6,7,8,9,11,15,30,30,30,7785,0,4,5.060604457344125,2.249700002721511,63.11669999558944,49.0

1790085812,200,GET,[GET] /api/soporte/election/status,26.400000,0.000000,5,5,6,6,8,9,9,11,26,26,26,7610,0,4,4.718063009303778,1.9994999893242493,49.91040000459179,78.0

1790085812,200,GET,[GET] /api/soporte/tickets,55.000000,0.000000,7,7,8,9,10,12,14,20,34,34,34,15170,0,7,7.374408477341952,3.7757000100100413,101.75909999816213,84651.0

1790085812,200,GET,[GET] /health,83.300000,0.000000,4,5,6,7,8,9,10,11,27,27,27,22847,0,4,4.5474926030041285,1.8352000042796135,82.81900000292808,83.99776775944325

1790085812,200,,Aggregated,194.500000,0.000000,5,6,7,7,9,10,12,14,32,34,34,53412,0,5,5.449479617002518,1.8352000042796135,101.75909999816213,24096.641428892384

1790085813,200,GET,[GET] /actuator/health,29.200000,0.000000,5,6,6,7,8,9,10,11,30,30,30,7812,0,4,5.061152713829815,2.249700002721511,63.11669999558944,49.0

1790085813,200,GET,[GET] /api/soporte/election/status,25.800000,0.000000,4,5,6,6,8,9,13,40,45,45,45,7636,0,4,4.735722695237951,1.9994999893242493,49.91040000459179,78.0

1790085813,200,GET,[GET] /api/soporte/tickets,55.900000,0.000000,7,8,8,9,10,12,16,24,39,39,39,15228,0,7,7.3828601721359055,3.7757000100100413,101.75909999816213,84651.0

1790085813,200,GET,[GET] /health,84.800000,0.000000,4,5,6,7,8,9,12,21,43,43,43,22933,0,4,4.559057663662878,1.8352000042796135,82.81900000292808,83.99777613046702

1790085813,200,,Aggregated,195.700000,0.000000,5,6,7,7,9,10,13,24,43,45,45,53609,0,5,5.459508060276107,1.8352000042796135,101.75909999816213,24099.873995038146

1790085814,200,GET,[GET] /actuator/health,28.900000,0.000000,5,6,6,7,8,9,10,12,30,30,30,7846,0,4,5.061803887389349,2.216799999587238,63.11669999558944,49.0

1790085814,200,GET,[GET] /api/soporte/election/status,25.800000,0.000000,4,5,6,6,8,9,26,40,45,45,45,7652,0,4,4.735176908107654,1.9994999893242493,49.91040000459179,78.0

1790085814,200,GET,[GET] /api/soporte/tickets,55.600000,0.000000,7,8,8,9,11,12,17,24,39,39,39,15281,0,7,7.382039434677236,3.7757000100100413,101.75909999816213,84651.0

1790085814,200,GET,[GET] /health,84.400000,0.000000,4,5,6,7,8,9,12,21,43,43,43,23029,0,4,4.559934295923812,1.8352000042796135,82.81900000292808,83.99778540101612

1790085814,200,,Aggregated,194.700000,0.000000,5,6,7,7,9,10,13,24,43,45,45,53808,0,5,5.459488524075025,1.8352000042796135,101.75909999816213,24094.328464168895

1790085815,200,GET,[GET] /actuator/health,29.300000,0.000000,5,6,6,7,8,9,11,12,30,30,30,7870,0,4,5.063032770067944,2.216799999587238,63.11669999558944,49.0

1790085815,200,GET,[GET] /api/soporte/election/status,26.900000,0.000000,4,5,6,6,8,9,13,40,45,45,45,7679,0,4,4.736266727552067,1.9994999893242493,49.91040000459179,78.0

1790085815,200,GET,[GET] /api/soporte/tickets,56.200000,0.000000,7,8,8,9,11,12,14,24,39,39,39,15354,0,7,7.381598449996577,3.7757000100100413,101.75909999816213,84651.0

1790085815,200,GET,[GET] /health,85.300000,0.000000,4,5,6,7,8,9,12,21,43,43,43,23111,0,4,4.561535476649628,1.8352000042796135,82.81900000292808,83.99779325862144

1790085815,200,,Aggregated,197.700000,0.000000,5,6,7,7,9,11,13,24,43,45,45,54014,0,5,5.461076185866703,1.8352000042796135,101.75909999816213,24117.031121561078

1790085816,200,GET,[GET] /actuator/health,28.800000,0.000000,5,6,6,7,8,9,11,11,16,16,16,7906,0,4,5.063708980571199,2.216799999587238,63.11669999558944,49.0

1790085816,200,GET,[GET] /api/soporte/election/status,26.100000,0.000000,4,5,6,6,8,9,11,40,45,45,45,7708,0,4,4.734818163063959,1.9994999893242493,49.91040000459179,78.0

1790085816,200,GET,[GET] /api/soporte/tickets,55.400000,0.000000,7,8,8,9,11,12,14,23,39,39,39,15408,0,7,7.379270359628036,3.7757000100100413,101.75909999816213,84651.0

1790085816,200,GET,[GET] /health,86.000000,0.000000,4,5,6,7,8,9,12,19,43,43,43,23198,0,4,4.560696210917259,1.8352000042796135,82.81900000292808,83.99780153461505

1790085816,200,,Aggregated,196.300000,0.000000,5,6,7,7,9,11,13,19,43,45,45,54220,0,5,5.459765584715977,1.8352000042796135,101.75909999816213,24109.918978236812

1790085817,200,GET,[GET] /actuator/health,28.100000,0.000000,5,5,6,7,8,9,10,11,12,12,12,7928,0,4,5.061900416299329,2.216799999587238,63.11669999558944,49.0

1790085817,200,GET,[GET] /api/soporte/election/status,25.000000,0.000000,4,5,6,6,8,9,13,40,45,45,45,7732,0,4,4.736764808704314,1.9994999893242493,49.91040000459179,78.0

1790085817,200,GET,[GET] /api/soporte/tickets,55.700000,0.000000,7,8,8,9,11,12,16,31,39,39,39,15462,0,7,7.381970644232071,3.7757000100100413,101.75909999816213,84651.0

1790085817,200,GET,[GET] /health,88.500000,0.000000,4,5,6,7,8,9,12,19,43,43,43,23296,0,4,4.560930271331877,1.8352000042796135,82.81900000292808,83.99781078296704

1790085817,200,,Aggregated,197.300000,0.000000,5,6,7,7,9,11,13,22,43,45,45,54418,0,5,5.460451940596614,1.8352000042796135,101.75909999816213,24106.40124591128

1790085818,200,GET,[GET] /actuator/health,27.700000,0.000000,5,5,6,7,8,9,10,11,12,12,12,7948,0,4,5.061129491747183,2.216799999587238,63.11669999558944,49.0

1790085818,200,GET,[GET] /api/soporte/election/status,25.500000,0.000000,4,5,6,6,8,9,13,40,45,45,45,7758,0,4,4.736286504366857,1.9994999893242493,49.91040000459179,78.0

1790085818,200,GET,[GET] /api/soporte/tickets,57.300000,0.000000,7,7,8,9,11,12,16,24,39,39,39,15530,0,7,7.380261558343748,3.7757000100100413,101.75909999816213,84651.0

1790085818,200,GET,[GET] /health,86.700000,0.000000,4,5,6,7,8,9,11,19,43,43,43,23381,0,4,4.559722308755686,1.8352000042796135,82.81900000292808,83.99781874171336

1790085818,200,,Aggregated,197.200000,0.000000,5,6,7,7,9,11,13,21,43,45,45,54617,0,5,5.459770716139293,1.8352000042796135,101.75909999816213,24124.147408316094

1790085819,200,GET,[GET] /actuator/health,28.600000,0.000000,5,5,6,7,8,9,11,31,32,32,32,7976,0,4,5.071591361638958,2.216799999587238,63.11669999558944,49.0

1790085819,200,GET,[GET] /api/soporte/election/status,25.500000,0.000000,4,5,6,6,8,9,11,40,45,45,45,7792,0,4,4.736798485738315,1.9994999893242493,49.91040000459179,78.0

1790085819,200,GET,[GET] /api/soporte/tickets,57.100000,0.000000,7,7,8,9,11,12,16,31,39,39,39,15581,0,7,7.382116378993562,3.7757000100100413,101.75909999816213,84651.0

1790085819,200,GET,[GET] /health,87.500000,0.000000,4,5,6,7,8,9,12,25,43,43,43,23469,0,4,4.561302859136834,1.8352000042796135,82.81900000292808,83.99782692061869

1790085819,200,,Aggregated,198.700000,0.000000,5,6,7,7,9,11,14,26,43,45,45,54818,0,5,5.462259086495062,1.8352000042796135,101.75909999816213,24114.655332190156

1790085820,200,GET,[GET] /actuator/health,28.300000,0.000000,5,5,6,7,8,9,11,31,32,32,32,8000,0,4,5.07084432504962,2.216799999587238,63.11669999558944,49.0

1790085820,200,GET,[GET] /api/soporte/election/status,25.600000,0.000000,4,5,6,6,8,8,11,40,45,45,45,7820,0,4,4.734667468147398,1.9994999893242493,49.91040000459179,78.0

1790085820,200,GET,[GET] /api/soporte/tickets,57.200000,0.000000,7,7,8,9,11,13,16,31,39,39,39,15634,0,7,7.383526781448176,3.7757000100100413,101.75909999816213,84651.0

1790085820,200,GET,[GET] /health,87.500000,0.000000,4,5,6,6,8,9,12,25,43,43,43,23551,0,4,4.560632707785519,1.8352000042796135,82.81900000292808,83.99783448685831

1790085820,200,,Aggregated,198.600000,0.000000,5,6,7,7,9,11,14,26,43,45,45,55005,0,5,5.461928421116756,1.8352000042796135,101.75909999816213,24114.42463412417

1790085821,200,GET,[GET] /actuator/health,27.100000,0.000000,5,5,6,7,8,9,11,31,32,32,32,8022,0,4,5.06879813019056,2.216799999587238,63.11669999558944,49.0

1790085821,200,GET,[GET] /api/soporte/election/status,25.400000,0.000000,4,5,6,6,8,9,11,40,45,45,45,7843,0,4,4.733523154521284,1.9994999893242493,49.91040000459179,78.0

1790085821,200,GET,[GET] /api/soporte/tickets,57.800000,0.000000,7,8,8,9,11,13,16,24,39,39,39,15697,0,7,7.381726852339264,3.7757000100100413,101.75909999816213,84651.0

1790085821,200,GET,[GET] /health,88.700000,0.000000,4,5,6,6,8,9,12,25,43,43,43,23637,0,4,4.559665752889212,1.8352000042796135,82.81900000292808,83.9977154461226

1790085821,200,,Aggregated,199.000000,0.000000,5,6,7,7,9,11,14,26,43,45,45,55199,0,5,5.460872597393265,1.8352000042796135,101.75909999816213,24126.4702802587

1790085822,200,GET,[GET] /actuator/health,26.600000,0.000000,5,5,6,7,8,9,11,31,32,32,32,8053,0,4,5.068565727107581,2.216799999587238,63.11669999558944,49.0

1790085822,200,GET,[GET] /api/soporte/election/status,26.200000,0.000000,4,5,6,6,8,9,11,40,45,45,45,7877,0,4,4.735093614432134,1.9994999893242493,49.91040000459179,78.0

1790085822,200,GET,[GET] /api/soporte/tickets,58.400000,0.000000,7,8,8,9,11,13,16,24,39,39,39,15754,0,7,7.381144649054435,3.7757000100100413,101.75909999816213,84651.0

1790085822,200,GET,[GET] /health,88.100000,0.000000,4,5,6,6,8,9,12,25,43,43,43,23711,0,4,4.560644974954158,1.8352000042796135,82.81900000292808,83.99772257601957

1790085822,200,,Aggregated,199.300000,0.000000,5,6,7,7,9,11,14,26,43,45,45,55395,0,5,5.461422475017978,1.8352000042796135,101.75909999816213,24128.39655203538

1790085823,200,GET,[GET] /actuator/health,26.700000,0.000000,5,5,6,7,8,10,11,31,32,32,32,8080,0,4,5.071486410934716,2.216799999587238,63.11669999558944,49.0

1790085823,200,GET,[GET] /api/soporte/election/status,26.400000,0.000000,4,5,6,6,8,9,9,11,13,13,13,7908,0,4,4.739161431573954,1.9994999893242493,49.91040000459179,78.0

1790085823,200,GET,[GET] /api/soporte/tickets,58.000000,0.000000,7,8,8,9,11,13,15,19,36,36,36,15809,0,7,7.3835920172788665,3.7757000100100413,101.75909999816213,84651.0

1790085823,200,GET,[GET] /health,87.100000,0.000000,4,5,6,6,8,9,11,14,35,35,35,23800,0,4,4.564973462237037,1.8352000042796135,82.81900000292808,83.9976050420168

1790085823,200,,Aggregated,198.200000,0.000000,5,6,7,7,9,10,13,16,35,36,36,55597,0,5,5.464835753793234,1.8352000042796135,101.75909999816213,24124.674820583845

1790085824,200,GET,[GET] /actuator/health,26.700000,0.000000,5,5,6,7,8,10,13,31,32,32,32,8116,0,4,5.070515869934455,2.216799999587238,63.11669999558944,49.0

1790085824,200,GET,[GET] /api/soporte/election/status,26.600000,0.000000,4,5,6,6,8,9,9,11,13,13,13,7939,0,4,4.738549754484771,1.9994999893242493,49.91040000459179,78.0

1790085824,200,GET,[GET] /api/soporte/tickets,58.500000,0.000000,7,8,8,9,11,13,16,20,36,36,36,15852,0,7,7.383945155258396,3.7757000100100413,101.75909999816213,84651.0

1790085824,200,GET,[GET] /health,87.100000,0.000000,4,5,5,6,8,9,11,14,35,35,35,23903,0,4,4.565987457691604,1.8352000042796135,82.81900000292808,83.99761536208844

1790085824,200,,Aggregated,198.900000,0.000000,5,6,7,7,9,10,13,16,35,36,36,55810,0,5,5.464302994151606,1.8352000042796135,101.75909999816213,24098.05362838201

1790085826,200,GET,[GET] /actuator/health,26.600000,0.000000,4,5,6,6,8,10,13,31,32,32,32,8140,0,4,5.0692730221615765,2.216799999587238,63.11669999558944,49.0

1790085826,200,GET,[GET] /api/soporte/election/status,26.600000,0.000000,4,5,6,6,7,9,9,11,13,13,13,7971,0,4,4.736413624493312,1.9994999893242493,49.91040000459179,78.0

1790085826,200,GET,[GET] /api/soporte/tickets,57.500000,0.000000,7,8,8,9,10,13,16,19,36,36,36,15914,0,7,7.382109538850012,3.7757000100100413,101.75909999816213,84651.0

1790085826,200,GET,[GET] /health,85.500000,0.000000,4,5,6,6,8,9,11,14,35,35,35,23978,0,4,4.567024518358646,1.8352000042796135,82.81900000292808,83.99762282091918

1790085826,200,,Aggregated,196.200000,0.000000,5,6,7,7,9,10,13,16,35,36,36,56003,0,5,5.464079433310611,1.8352000042796135,101.75909999816213,24108.89964823313

1790085827,200,GET,[GET] /actuator/health,27.000000,0.000000,4,5,6,6,8,9,13,31,32,32,32,8165,0,4,5.067336521785041,2.216799999587238,63.11669999558944,49.0

1790085827,200,GET,[GET] /api/soporte/election/status,28.500000,0.000000,4,5,6,6,7,8,9,10,12,12,12,8000,0,4,4.735107500109734,1.9994999893242493,49.91040000459179,78.0

1790085827,200,GET,[GET] /api/soporte/tickets,56.200000,0.000000,7,8,8,9,10,13,14,16,36,36,36,15972,0,7,7.381233633936725,3.7757000100100413,101.75909999816213,84651.0

1790085827,200,GET,[GET] /health,86.500000,0.000000,4,5,6,6,8,9,11,14,35,35,35,24068,0,4,4.567185104745954,1.8352000042796135,82.81900000292808,83.99763171015456

1790085827,200,,Aggregated,198.200000,0.000000,5,6,7,7,9,10,13,15,35,36,36,56205,0,5,5.463423848474615,1.8352000042796135,101.75909999816213,24109.803611778312

1790085828,200,GET,[GET] /actuator/health,26.700000,0.000000,5,5,6,7,8,9,13,31,32,32,32,8193,0,4,5.0685325766357785,2.216799999587238,63.11669999558944,49.0

1790085828,200,GET,[GET] /api/soporte/election/status,28.800000,0.000000,4,5,6,6,7,9,9,10,12,12,12,8029,0,4,4.734985764223845,1.9994999893242493,49.91040000459179,78.0

1790085828,200,GET,[GET] /api/soporte/tickets,55.500000,0.000000,7,8,8,9,10,12,14,16,36,36,36,16042,0,7,7.3797434609945505,3.699399996548891,101.75909999816213,84651.0

1790085828,200,GET,[GET] /health,86.400000,0.000000,4,5,6,6,8,9,11,14,35,35,35,24146,0,4,4.567118098274103,1.8352000042796135,82.81900000292808,83.99763936055662

1790085828,200,,Aggregated,197.400000,0.000000,5,6,7,7,9,10,13,15,35,36,36,56410,0,5,5.463697328550457,1.8352000042796135,101.75909999816213,24127.411239141995

1790085829,200,GET,[GET] /actuator/health,25.800000,0.000000,4,5,6,7,8,9,10,11,14,14,14,8228,0,4,5.0667859747635795,2.216799999587238,63.11669999558944,49.0

1790085829,200,GET,[GET] /api/soporte/election/status,29.100000,0.000000,4,5,6,6,7,9,9,11,12,12,12,8056,0,4,4.7362607250438025,1.9994999893242493,49.91040000459179,78.0

1790085829,200,GET,[GET] /api/soporte/tickets,56.200000,0.000000,7,8,9,9,10,12,14,16,32,32,32,16099,0,7,7.382611298915193,3.699399996548891,101.75909999816213,84651.0

1790085829,200,GET,[GET] /health,86.000000,0.000000,4,5,6,6,8,9,11,13,19,19,19,24233,0,4,4.568870866215992,1.8352000042796135,82.81900000292808,83.99764783559608

1790085829,200,,Aggregated,197.100000,0.000000,5,6,7,7,9,10,12,14,28,32,32,56616,0,5,5.465150106039908,1.8352000042796135,101.75909999816213,24125.044227780134

1790085830,200,GET,[GET] /actuator/health,26.500000,0.000000,4,5,6,6,8,8,10,11,14,14,14,8248,0,4,5.0653823715262085,2.216799999587238,63.11669999558944,49.0

1790085830,200,GET,[GET] /api/soporte/election/status,29.400000,0.000000,4,5,6,6,7,9,9,11,12,12,12,8086,0,4,4.734912701085713,1.9994999893242493,49.91040000459179,78.0

1790085830,200,GET,[GET] /api/soporte/tickets,57.400000,0.000000,7,8,8,9,10,11,13,14,32,32,32,16170,0,7,7.381079672312114,3.699399996548891,101.75909999816213,84651.0

1790085830,200,GET,[GET] /health,84.700000,0.000000,4,5,6,6,8,9,11,13,19,19,19,24311,0,4,4.566575850483023,1.8352000042796135,82.81900000292808,83.99765538233721

1790085830,200,,Aggregated,198.000000,0.000000,5,6,7,7,9,10,12,13,28,32,32,56815,0,5,5.463977148705569,1.8352000042796135,101.75909999816213,24146.503511396637

1790085831,200,GET,[GET] /actuator/health,28.000000,0.000000,4,5,6,6,8,9,10,11,14,14,14,8283,0,4,5.063179150105686,2.216799999587238,63.11669999558944,49.0

1790085831,200,GET,[GET] /api/soporte/election/status,29.400000,0.000000,4,5,6,6,7,9,10,11,12,12,12,8106,0,4,4.734756427455579,1.9994999893242493,49.91040000459179,78.0

1790085831,200,GET,[GET] /api/soporte/tickets,56.400000,0.000000,7,8,8,9,10,12,13,16,33,33,33,16218,0,7,7.381455592627541,3.699399996548891,101.75909999816213,84651.0

1790085831,200,GET,[GET] /health,84.700000,0.000000,4,5,6,6,8,9,11,13,19,19,19,24397,0,4,4.566644931799904,1.8352000042796135,82.81900000292808,83.99766364716973

1790085831,200,,Aggregated,198.500000,0.000000,5,6,7,7,9,10,12,13,32,33,33,57004,0,5,5.463531185594626,1.8352000042796135,101.75909999816213,24137.908637990316

1790085832,200,GET,[GET] /actuator/health,27.100000,0.000000,4,5,6,6,7,9,10,11,14,14,14,8319,0,4,5.060865693022493,2.216799999587238,63.11669999558944,49.0

1790085832,200,GET,[GET] /api/soporte/election/status,29.200000,0.000000,4,5,6,6,7,9,10,11,12,12,12,8130,0,4,4.7337119189387575,1.9994999893242493,49.91040000459179,78.0

1790085832,200,GET,[GET] /api/soporte/tickets,58.400000,0.000000,7,8,8,9,10,11,13,16,33,33,33,16275,0,7,7.379027735864845,3.699399996548891,101.75909999816213,84651.0

1790085832,200,GET,[GET] /health,83.500000,0.000000,4,5,6,6,8,9,11,13,19,19,19,24479,0,4,4.565131880434513,1.8352000042796135,82.81900000292808,83.9976714735079

1790085832,200,,Aggregated,198.200000,0.000000,5,6,7,7,9,10,12,13,32,33,33,57203,0,5,5.461775768816024,1.8352000042796135,101.75909999816213,24138.47132143419

1790085833,200,GET,[GET] /actuator/health,28.000000,0.000000,4,5,6,6,7,8,10,11,12,12,12,8350,0,4,5.061462287455421,2.216799999587238,63.11669999558944,49.0

1790085833,200,GET,[GET] /api/soporte/election/status,28.500000,0.000000,4,5,6,6,7,9,11,12,12,12,12,8160,0,4,4.735870919238568,1.9994999893242493,49.91040000459179,78.0

1790085833,200,GET,[GET] /api/soporte/tickets,57.800000,0.000000,7,8,8,9,10,11,14,15,33,33,33,16332,0,7,7.380246418150251,3.699399996548891,101.75909999816213,84651.0

1790085833,200,GET,[GET] /health,84.300000,0.000000,4,5,6,6,8,9,10,11,27,27,27,24561,0,4,4.566548251341035,1.8352000042796135,82.81900000292808,83.99767924758764

1790085833,200,,Aggregated,198.600000,0.000000,5,6,7,7,9,10,11,13,32,33,33,57403,0,5,5.463148143888935,1.8352000042796135,101.75909999816213,24138.613469679283

1790085834,200,GET,[GET] /actuator/health,29.400000,0.000000,4,5,6,6,8,9,10,11,12,12,12,8375,0,4,5.063940811971786,2.216799999587238,63.11669999558944,49.0

1790085834,200,GET,[GET] /api/soporte/election/status,28.100000,0.000000,4,5,6,6,8,10,11,12,15,15,15,8188,0,4,4.738376355760438,1.9994999893242493,49.91040000459179,78.0

1790085834,200,GET,[GET] /api/soporte/tickets,57.300000,0.000000,7,8,8,9,10,12,14,16,33,33,33,16396,0,7,7.382321304048625,3.699399996548891,101.75909999816213,84651.0

1790085834,200,GET,[GET] /health,83.700000,0.000000,4,5,5,6,7,9,10,11,27,27,27,24634,0,4,4.566716927873597,1.8352000042796135,82.81900000292808,83.99768612486807

1790085834,200,,Aggregated,198.500000,0.000000,5,6,7,7,9,10,12,14,32,33,33,57593,0,5,5.464993572198871,1.8352000042796135,101.75909999816213,24153.21365443717

1790085835,200,GET,[GET] /actuator/health,29.700000,0.000000,4,5,6,6,8,9,11,12,13,13,13,8409,0,4,5.065341408048745,2.216799999587238,63.11669999558944,49.0

1790085835,200,GET,[GET] /api/soporte/election/status,27.900000,0.000000,4,5,6,6,8,10,11,12,15,15,15,8217,0,4,4.738986394180817,1.9994999893242493,49.91040000459179,78.0

1790085835,200,GET,[GET] /api/soporte/tickets,57.500000,0.000000,7,8,8,9,11,12,15,16,33,33,33,16443,0,7,7.384056115136714,3.699399996548891,101.75909999816213,84651.0

1790085835,200,GET,[GET] /health,84.500000,0.000000,4,5,5,6,7,9,10,11,27,27,27,24730,0,4,4.567570917964337,1.8352000042796135,82.81900000292808,83.9976951071573

1790085835,200,,Aggregated,199.600000,0.000000,5,6,7,7,9,10,12,14,32,33,33,57799,0,5,5.465609623068162,1.8352000042796135,101.75909999816213,24136.1723040191

1790085836,200,GET,[GET] /actuator/health,29.100000,0.000000,5,5,6,7,8,9,11,12,13,13,13,8436,0,4,5.066485123315356,2.216799999587238,63.11669999558944,49.0

1790085836,200,GET,[GET] /api/soporte/election/status,27.900000,0.000000,4,5,6,7,8,10,11,12,15,15,15,8248,0,4,4.741595356569221,1.9994999893242493,49.91040000459179,78.0

1790085836,200,GET,[GET] /api/soporte/tickets,58.000000,0.000000,7,8,8,9,11,12,16,17,33,33,33,16495,0,7,7.386451173154616,3.699399996548891,101.75909999816213,84651.0

1790085836,200,GET,[GET] /health,83.000000,0.000000,4,5,6,6,7,9,10,11,27,27,27,24823,0,4,4.569907207078911,1.8352000042796135,82.81900000292808,83.99770374249688

1790085836,200,,Aggregated,198.000000,0.000000,5,6,7,7,9,10,12,15,32,33,33,58002,0,5,5.467533286848324,1.8352000042796135,101.75909999816213,24127.78917968346

1790085837,200,GET,[GET] /actuator/health,29.000000,0.000000,5,5,6,7,8,9,11,12,13,13,13,8461,0,4,5.067613757274164,2.216799999587238,63.11669999558944,49.0

1790085837,200,GET,[GET] /api/soporte/election/status,27.700000,0.000000,4,5,6,7,8,10,11,12,15,15,15,8270,0,4,4.742636578108275,1.9994999893242493,49.91040000459179,78.0

1790085837,200,GET,[GET] /api/soporte/tickets,58.900000,0.000000,7,8,8,9,11,13,16,17,33,33,33,16565,0,7,7.3837357984407115,3.699399996548891,101.75909999816213,84651.0

1790085837,200,GET,[GET] /health,81.800000,0.000000,4,5,6,6,7,9,10,11,27,27,27,24906,0,4,4.569635336921429,1.8352000042796135,82.81900000292808,83.99771139484461

1790085837,200,,Aggregated,197.400000,0.000000,5,6,7,7,9,10,12,15,32,33,33,58202,0,5,5.467537296034288,1.8352000042796135,101.75909999816213,24146.859403456925

1790085838,200,GET,[GET] /actuator/health,29.400000,0.000000,5,5,6,7,8,9,10,12,13,13,13,8493,0,4,5.065163676001726,2.216799999587238,63.11669999558944,49.0

1790085838,200,GET,[GET] /api/soporte/election/status,27.400000,0.000000,4,5,6,6,8,10,11,11,15,15,15,8292,0,4,4.741316980341884,1.9994999893242493,49.91040000459179,78.0

1790085838,200,GET,[GET] /api/soporte/tickets,57.700000,0.000000,7,8,8,9,11,13,15,17,33,33,33,16630,0,7,7.383399717452344,3.699399996548891,101.75909999816213,84651.0

1790085838,200,GET,[GET] /health,83.800000,0.000000,4,5,5,6,7,9,10,11,27,27,27,24984,0,4,4.567877769829465,1.8352000042796135,82.81900000292808,83.99771853986552

1790085838,200,,Aggregated,198.300000,0.000000,5,6,7,7,9,10,12,15,30,33,33,58399,0,5,5.466587287520838,1.8352000042796135,101.75909999816213,24159.791469032003

1790085839,200,GET,[GET] /actuator/health,29.300000,0.000000,5,6,6,7,8,9,11,12,20,20,20,8521,0,4,5.066625267019833,2.216799999587238,63.11669999558944,49.0

1790085839,200,GET,[GET] /api/soporte/election/status,26.900000,0.000000,4,5,6,7,8,10,11,11,15,15,15,8324,0,4,4.741133649807543,1.9994999893242493,49.91040000459179,78.0

1790085839,200,GET,[GET] /api/soporte/tickets,58.600000,0.000000,7,8,8,9,11,13,16,18,35,35,35,16695,0,7,7.385396585877782,3.699399996548891,101.75909999816213,84651.0

1790085839,200,GET,[GET] /health,83.700000,0.000000,4,5,6,6,7,9,10,11,27,27,27,25072,0,4,4.5689798022281,1.8352000042796135,82.81900000292808,83.99772654754308

1790085839,200,,Aggregated,198.500000,0.000000,5,6,7,7,9,10,13,15,33,35,35,58612,0,5,5.4680025933932725,1.8352000042796135,101.75909999816213,24166.062188630316

1790085840,200,GET,[GET] /actuator/health,30.000000,0.000000,5,6,6,7,8,9,11,12,20,20,20,8543,0,4,5.0661889851692825,2.216799999587238,63.11669999558944,49.0

1790085840,200,GET,[GET] /api/soporte/election/status,26.300000,0.000000,4,5,6,7,8,9,10,11,15,15,15,8355,0,4,4.74103551178868,1.9994999893242493,49.91040000459179,78.0

1790085840,200,GET,[GET] /api/soporte/tickets,58.100000,0.000000,7,8,8,9,11,13,16,18,35,35,35,16753,0,7,7.38567615957027,3.699399996548891,101.75909999816213,84651.0

1790085840,200,GET,[GET] /health,83.100000,0.000000,4,5,5,6,7,9,10,11,27,27,27,25150,0,4,4.568785459302976,1.8352000042796135,82.81900000292808,83.99761431411531

1790085840,200,,Aggregated,197.500000,0.000000,5,6,7,7,9,10,12,15,30,35,35,58801,0,5,5.468087127838747,1.8352000042796135,101.75909999816213,24172.0555772861

1790085841,200,GET,[GET] /actuator/health,28.800000,0.000000,5,6,7,7,8,9,11,13,20,20,20,8568,0,4,5.067307072861921,2.216799999587238,63.11669999558944,49.0

1790085841,200,GET,[GET] /api/soporte/election/status,26.800000,0.000000,5,6,6,7,8,9,10,11,15,15,15,8393,0,4,4.742083534020213,1.9994999893242493,49.91040000459179,78.0

1790085841,200,GET,[GET] /api/soporte/tickets,59.000000,0.000000,7,8,9,9,11,13,16,18,35,35,35,16817,0,7,7.388086198562177,3.699399996548891,101.75909999816213,84651.0

1790085841,200,GET,[GET] /health,82.700000,0.000000,4,5,6,6,7,9,10,11,27,27,27,25236,0,4,4.568916214989988,1.8352000042796135,82.81900000292808,83.99762244412744

1790085841,200,,Aggregated,197.300000,0.000000,5,6,7,7,9,10,13,15,30,35,35,59014,0,5,5.46927185589894,1.8352000042796135,101.75909999816213,24176.80748635917

1790085842,200,GET,[GET] /actuator/health,29.500000,0.000000,5,6,7,7,8,9,11,13,20,20,20,8595,0,4,5.065496311844838,2.216799999587238,63.11669999558944,49.0

1790085842,200,GET,[GET] /api/soporte/election/status,26.400000,0.000000,4,5,6,7,8,8,9,10,15,15,15,8418,0,4,4.739149311126711,1.9994999893242493,49.91040000459179,78.0

1790085842,200,GET,[GET] /api/soporte/tickets,58.500000,0.000000,7,8,8,9,11,12,16,18,35,35,35,16877,0,7,7.384589749436702,3.699399996548891,101.75909999816213,84651.0

1790085842,200,GET,[GET] /health,83.300000,0.000000,4,5,5,6,7,8,10,11,18,18,18,25315,0,4,4.5665550701726785,1.8352000042796135,82.81900000292808,83.99762986371717

1790085842,200,,Aggregated,197.700000,0.000000,5,6,7,7,9,10,12,15,30,35,35,59205,0,5,5.46683831608877,1.8352000042796135,101.75909999816213,24184.766252850266

1790085843,200,GET,[GET] /actuator/health,28.100000,0.000000,5,5,7,7,8,9,11,14,20,20,20,8624,0,4,5.066182537141016,2.216799999587238,63.11669999558944,49.0

1790085843,200,GET,[GET] /api/soporte/election/status,27.900000,0.000000,4,5,6,6,8,8,9,9,11,11,11,8440,0,4,4.738326990644925,1.9994999893242493,49.91040000459179,78.0

1790085843,200,GET,[GET] /api/soporte/tickets,59.600000,0.000000,7,7,8,9,11,12,16,18,35,35,35,16939,0,7,7.3837251609501156,3.699399996548891,101.75909999816213,84651.0

1790085843,200,GET,[GET] /health,82.700000,0.000000,4,5,5,6,7,8,10,11,18,18,18,25403,0,4,4.566675601361956,1.8352000042796135,82.81900000292808,83.9976380742432

1790085843,200,,Aggregated,198.300000,0.000000,5,6,7,7,9,10,12,15,29,35,35,59406,0,5,5.466828583040082,1.8352000042796135,101.75909999816213,24191.461754704913

1790085844,200,GET,[GET] /actuator/health,27.500000,0.000000,4,5,7,7,8,9,11,14,20,20,20,8642,0,4,5.068160391148471,2.216799999587238,63.11669999558944,49.0

1790085844,200,GET,[GET] /api/soporte/election/status,28.800000,0.000000,4,5,6,6,8,8,9,11,16,16,16,8472,0,4,4.741046848568582,1.9994999893242493,49.91040000459179,78.0

1790085844,200,GET,[GET] /api/soporte/tickets,60.000000,0.000000,7,7,9,9,11,12,16,18,35,35,35,16997,0,7,7.38761932701714,3.699399996548891,101.75909999816213,84651.0

1790085844,200,GET,[GET] /health,83.100000,0.000000,4,5,5,6,7,9,10,11,18,18,18,25482,0,4,4.567409359598414,1.8352000042796135,82.81900000292808,83.99752766658818

1790085844,200,,Aggregated,199.400000,0.000000,5,6,7,7,9,10,12,15,33,35,35,59593,0,5,5.469086671320041,1.8352000042796135,101.75909999816213,24198.106254090246

1790085845,200,GET,[GET] /actuator/health,26.900000,0.000000,5,5,6,7,9,9,12,14,20,20,20,8664,0,4,5.070842486179971,2.216799999587238,63.11669999558944,49.0

1790085845,200,GET,[GET] /api/soporte/election/status,28.000000,0.000000,4,5,6,6,8,8,10,12,17,17,17,8502,0,4,4.740451035174946,1.9994999893242493,49.91040000459179,78.0

1790085845,200,GET,[GET] /api/soporte/tickets,60.500000,0.000000,7,7,9,9,11,12,15,18,35,35,35,17052,0,7,7.387175187736594,3.699399996548891,101.75909999816213,84651.0

1790085845,200,GET,[GET] /health,83.000000,0.000000,4,5,5,6,7,8,10,11,18,18,18,25581,0,4,4.569499616953764,1.8352000042796135,82.81900000292808,83.99753723466635

1790085845,200,,Aggregated,198.400000,0.000000,5,6,7,7,9,10,13,15,33,35,35,59799,0,5,5.4699171391478,1.8352000042796135,101.75909999816213,24192.800632117593

1790085846,200,GET,[GET] /actuator/health,26.600000,0.000000,5,6,7,7,9,10,12,14,20,20,20,8692,0,4,5.074658433069875,2.216799999587238,63.11669999558944,49.0

1790085846,200,GET,[GET] /api/soporte/election/status,28.300000,0.000000,4,5,6,6,7,8,10,12,17,17,17,8524,0,4,4.7410360747396645,1.9994999893242493,49.91040000459179,78.0

1790085846,200,GET,[GET] /api/soporte/tickets,59.500000,0.000000,7,8,9,9,11,12,15,18,35,35,35,17120,0,7,7.385711220865581,3.699399996548891,101.75909999816213,84651.0

1790085846,200,GET,[GET] /health,84.200000,0.000000,4,5,6,6,7,8,10,11,34,34,34,25673,0,4,4.572837183085483,1.8352000042796135,82.81900000292808,83.9975460600631

1790085846,200,,Aggregated,198.600000,0.000000,5,6,7,7,9,10,12,15,34,35,35,60009,0,5,5.471901676480138,1.8352000042796135,101.75909999816213,24204.242180339617

1790085847,200,GET,[GET] /actuator/health,25.500000,0.000000,5,6,7,7,9,10,12,14,20,20,20,8719,0,4,5.072954467283922,2.216799999587238,63.11669999558944,49.0

1790085847,200,GET,[GET] /api/soporte/election/status,27.800000,0.000000,4,5,6,6,8,8,10,12,17,17,17,8549,0,4,4.741327547206613,1.9994999893242493,49.91040000459179,78.0

1790085847,200,GET,[GET] /api/soporte/tickets,60.200000,0.000000,7,7,8,9,11,12,15,18,35,35,35,17179,0,7,7.381939164169471,3.699399996548891,101.75909999816213,84651.0

1790085847,200,GET,[GET] /health,84.400000,0.000000,4,5,6,6,7,8,10,11,34,34,34,25752,0,4,4.571260519624194,1.8352000042796135,82.81900000292808,83.99755358807083

1790085847,200,,Aggregated,197.900000,0.000000,5,6,7,7,9,10,12,15,34,35,35,60199,0,5,5.470159520987847,1.8352000042796135,101.75909999816213,24210.97837173375

1790085848,200,GET,[GET] /actuator/health,25.400000,0.000000,5,6,7,7,9,10,12,14,17,17,17,8745,0,4,5.073154739873591,2.216799999587238,63.11669999558944,49.0

1790085848,200,GET,[GET] /api/soporte/election/status,27.200000,0.000000,4,5,6,6,7,8,10,12,17,17,17,8582,0,4,4.739882218720669,1.9994999893242493,49.91040000459179,78.0

1790085848,200,GET,[GET] /api/soporte/tickets,61.600000,0.000000,7,7,8,9,10,12,15,17,35,35,35,17237,0,7,7.381048541005282,3.699399996548891,101.75909999816213,84651.0

1790085848,200,GET,[GET] /health,83.900000,0.000000,4,5,6,6,7,8,10,11,34,34,34,25839,0,4,4.569933426263158,1.8352000042796135,82.81900000292808,83.99756182514803

1790085848,200,,Aggregated,198.100000,0.000000,5,6,7,7,9,10,12,15,34,35,35,60403,0,5,5.469133170600419,1.8352000042796135,101.75909999816213,24210.678294124464

1790085849,200,GET,[GET] /actuator/health,25.600000,0.000000,5,6,6,7,8,9,12,14,17,17,17,8774,0,4,5.072070321424141,2.216799999587238,63.11669999558944,49.0

1790085849,200,GET,[GET] /api/soporte/election/status,27.600000,0.000000,4,5,5,6,7,8,10,12,17,17,17,8616,0,4,4.737791736429882,1.9994999893242493,49.91040000459179,78.0

1790085849,200,GET,[GET] /api/soporte/tickets,61.400000,0.000000,7,7,8,9,10,12,16,17,34,34,34,17295,0,7,7.382527377922088,3.699399996548891,101.75909999816213,84651.0

1790085849,200,GET,[GET] /health,83.800000,0.000000,4,5,5,6,7,8,10,11,34,34,34,25930,0,4,4.568798607841023,1.8352000042796135,82.81900000292808,83.99757038179715

1790085849,200,,Aggregated,198.400000,0.000000,5,6,7,7,9,10,12,15,34,34,34,60615,0,5,5.468496535572639,1.8352000042796135,101.75909999816213,24207.194192856554

1790085850,200,GET,[GET] /actuator/health,24.900000,0.000000,5,6,6,7,8,9,12,12,17,17,17,8805,0,4,5.072829505982124,2.216799999587238,63.11669999558944,49.0

1790085850,200,GET,[GET] /api/soporte/election/status,28.500000,0.000000,4,5,5,6,7,8,10,12,17,17,17,8650,0,4,4.73666769954392,1.9994999893242493,49.91040000459179,78.0

1790085850,200,GET,[GET] /api/soporte/tickets,61.300000,0.000000,6,7,8,9,10,12,15,18,36,36,36,17345,0,7,7.38375773428041,3.699399996548891,101.75909999816213,84651.0

1790085850,200,GET,[GET] /health,84.700000,0.000000,4,5,6,6,7,8,10,11,34,34,34,26021,0,4,4.569229975840566,1.8352000042796135,82.81900000292808,83.99746358710273

1790085850,200,,Aggregated,199.400000,0.000000,5,6,6,7,8,10,12,15,34,36,36,60821,0,5,5.468598847497881,1.8352000042796135,101.75909999816213,24194.989197809966

1790085851,200,GET,[GET] /actuator/health,25.200000,0.000000,5,6,6,7,8,10,12,12,17,17,17,8829,0,4,5.072585683560545,2.216799999587238,63.11669999558944,49.0

1790085851,200,GET,[GET] /api/soporte/election/status,29.100000,0.000000,4,5,5,6,7,8,10,12,17,17,17,8679,0,4,4.7368253717087345,1.9994999893242493,49.91040000459179,78.0

1790085851,200,GET,[GET] /api/soporte/tickets,59.800000,0.000000,7,8,8,9,10,12,16,18,36,36,36,17412,0,7,7.383822450099353,3.699399996548891,101.75909999816213,84651.0

1790085851,200,GET,[GET] /health,85.300000,0.000000,4,5,6,6,7,8,10,11,34,34,34,26107,0,4,4.570106860281533,1.8352000042796135,82.81900000292808,83.99747194239093

1790085851,200,,Aggregated,199.400000,0.000000,5,6,7,7,9,10,12,15,34,36,36,61027,0,5,5.469311332749702,1.8352000042796135,101.75909999816213,24206.428580792108

1790085852,200,GET,[GET] /actuator/health,25.700000,0.000000,5,6,6,7,8,10,12,12,14,14,14,8856,0,4,5.072270009054817,2.216799999587238,63.11669999558944,49.0

1790085852,200,GET,[GET] /api/soporte/election/status,29.700000,0.000000,4,5,5,6,7,8,10,12,17,17,17,8701,0,4,4.735170072525601,1.9994999893242493,49.91040000459179,78.0

1790085852,200,GET,[GET] /api/soporte/tickets,58.100000,0.000000,7,8,8,9,10,12,15,18,36,36,36,17467,0,7,7.381737900103421,3.699399996548891,101.75909999816213,84651.0

1790085852,200,GET,[GET] /health,86.400000,0.000000,4,5,6,6,7,8,10,11,34,34,34,26204,0,4,4.569823420141763,1.8352000042796135,82.81900000292808,83.9974813005648

1790085852,200,,Aggregated,199.900000,0.000000,5,6,7,7,9,10,12,14,34,36,36,61228,0,5,5.468171535959625,1.8352000042796135,101.75909999816213,24203.186597635067

1790085853,200,GET,[GET] /actuator/health,26.000000,0.000000,5,6,6,7,8,9,11,12,14,14,14,8885,0,4,5.072194597656725,2.216799999587238,63.11669999558944,49.0

1790085853,200,GET,[GET] /api/soporte/election/status,29.100000,0.000000,4,5,5,6,7,8,9,10,17,17,17,8731,0,4,4.73585296083304,1.9994999893242493,49.91040000459179,78.0

1790085853,200,GET,[GET] /api/soporte/tickets,59.000000,0.000000,7,7,8,9,10,12,14,16,36,36,36,17518,0,7,7.381547950741054,3.699399996548891,101.75909999816213,84651.0

1790085853,200,GET,[GET] /health,86.600000,0.000000,4,5,6,6,7,8,9,10,34,34,34,26289,0,4,4.5699854730652785,1.8352000042796135,82.81900000292808,83.99748944425426

1790085853,200,,Aggregated,200.700000,0.000000,5,6,7,7,8,10,12,13,34,36,36,61423,0,5,5.468073625575244,1.8352000042796135,101.75909999816213,24196.812448105757

1790085854,200,GET,[GET] /actuator/health,25.300000,0.000000,5,6,6,7,8,9,10,12,12,12,12,8922,0,4,5.073926619613228,2.216799999587238,63.11669999558944,49.0

1790085854,200,GET,[GET] /api/soporte/election/status,28.100000,0.000000,4,5,5,6,7,8,9,10,11,11,11,8763,0,4,4.735750359581823,1.9994999893242493,49.91040000459179,78.0

1790085854,200,GET,[GET] /api/soporte/tickets,57.600000,0.000000,7,8,8,9,10,12,14,16,36,36,36,17572,0,7,7.383534031472289,3.699399996548891,101.75909999816213,84651.0

1790085854,200,GET,[GET] /health,87.800000,0.000000,4,5,6,6,7,8,9,10,34,34,34,26373,0,4,4.570233564683866,1.8352000042796135,82.81900000292808,83.99749744056422

1790085854,200,,Aggregated,198.800000,0.000000,5,6,7,7,8,10,12,13,34,36,36,61630,0,5,5.468816866844773,1.8352000042796135,101.75909999816213,24189.896641246145

1790085855,200,GET,[GET] /actuator/health,26.200000,0.000000,5,6,6,6,8,9,10,11,12,12,12,8951,0,4,5.072683588451991,2.216799999587238,63.11669999558944,49.0

1790085855,200,GET,[GET] /api/soporte/election/status,28.600000,0.000000,4,5,5,6,7,8,9,10,11,11,11,8793,0,4,4.736774491192108,1.9994999893242493,49.91040000459179,78.0

1790085855,200,GET,[GET] /api/soporte/tickets,57.400000,0.000000,7,7,8,9,10,12,14,16,36,36,36,17630,0,7,7.3825039478709975,3.699399996548891,101.75909999816213,84651.0

1790085855,200,GET,[GET] /health,88.500000,0.000000,4,5,5,6,7,8,9,10,12,12,12,26451,0,4,4.568887475004254,1.8352000042796135,82.81900000292808,83.99750482023364

1790085855,200,,Aggregated,200.700000,0.000000,5,6,6,7,8,10,11,12,34,36,36,61825,0,5,5.468034550806133,1.8352000042796135,101.75909999816213,24193.180768297614

1790085856,200,GET,[GET] /actuator/health,27.600000,0.000000,5,6,6,6,8,9,10,11,12,12,12,8987,0,4,5.071631200645517,2.216799999587238,63.11669999558944,49.0

1790085856,200,GET,[GET] /api/soporte/election/status,28.700000,0.000000,4,5,6,6,7,8,9,10,11,11,11,8817,0,4,4.737829851542784,1.9994999893242493,49.91040000459179,78.0

1790085856,200,GET,[GET] /api/soporte/tickets,57.600000,0.000000,7,8,8,9,11,12,14,17,36,36,36,17689,0,7,7.383345689462051,3.699399996548891,101.75909999816213,84651.0

1790085856,200,GET,[GET] /health,88.000000,0.000000,4,5,5,6,7,8,9,10,12,12,12,26538,0,4,4.5698177557166435,1.8352000042796135,82.81900000292808,83.99751300022609

1790085856,200,,Aggregated,201.900000,0.000000,5,6,7,7,8,10,11,12,34,36,36,62031,0,5,5.468717591258508,1.8352000042796135,101.75909999816213,24193.528300365946

1790085857,200,GET,[GET] /actuator/health,28.400000,0.000000,4,6,6,6,8,9,10,11,12,12,12,9017,0,4,5.0697357990654055,2.216799999587238,63.11669999558944,49.0

1790085857,200,GET,[GET] /api/soporte/election/status,29.400000,0.000000,4,5,6,6,7,8,9,10,11,11,11,8840,0,4,4.738244536321988,1.9994999893242493,49.91040000459179,78.0

1790085857,200,GET,[GET] /api/soporte/tickets,57.900000,0.000000,7,8,9,9,11,12,15,22,36,36,36,17751,0,7,7.384756554611487,3.699399996548891,101.75909999816213,84651.0

1790085857,200,GET,[GET] /health,87.400000,0.000000,4,5,5,6,7,8,9,10,12,12,12,26626,0,4,4.567862904726458,1.8352000042796135,82.81900000292808,83.99752121986029

1790085857,200,,Aggregated,203.100000,0.000000,5,6,7,7,9,10,12,13,34,36,36,62234,0,5,5.468242772494365,1.8352000042796135,101.75909999816213,24199.11578879712

1790085858,200,GET,[GET] /actuator/health,29.000000,0.000000,4,6,6,7,8,9,10,11,12,12,12,9046,0,4,5.0692090869088675,2.216799999587238,63.11669999558944,49.0

1790085858,200,GET,[GET] /api/soporte/election/status,29.600000,0.000000,4,5,6,6,8,9,9,10,14,14,14,8863,0,4,4.739283651258481,1.9994999893242493,49.91040000459179,78.0

1790085858,200,GET,[GET] /api/soporte/tickets,56.300000,0.000000,7,8,8,9,11,12,14,17,36,36,36,17805,0,7,7.383444762756479,3.699399996548891,101.75909999816213,84651.0

1790085858,200,GET,[GET] /health,86.600000,0.000000,4,5,6,6,7,8,9,10,14,14,14,26711,0,4,4.56830527128039,1.8352000042796135,82.81900000292808,83.99752910785818

1790085858,200,,Aggregated,201.500000,0.000000,5,6,7,7,9,10,12,13,34,36,36,62425,0,5,5.468106888319281,1.8352000042796135,101.75909999816213,24198.466655987184

1790085859,200,GET,[GET] /actuator/health,29.500000,0.000000,4,5,6,6,8,9,10,11,28,28,28,9075,0,4,5.070216969719039,2.216799999587238,63.11669999558944,49.0

1790085859,200,GET,[GET] /api/soporte/election/status,29.200000,0.000000,4,5,6,6,8,9,9,10,14,14,14,8877,0,4,4.738063478775141,1.9994999893242493,49.91040000459179,78.0

1790085859,200,GET,[GET] /api/soporte/tickets,56.500000,0.000000,7,7,8,9,10,12,14,16,34,34,34,17849,0,7,7.381371852816689,3.699399996548891,101.75909999816213,84651.0

1790085859,200,GET,[GET] /health,85.700000,0.000000,4,5,5,6,7,8,9,10,14,14,14,26806,0,4,4.566413791735766,1.8352000042796135,82.81900000292808,83.99753786465716

1790085859,200,,Aggregated,200.900000,0.000000,5,6,7,7,8,10,11,13,31,34,34,62607,0,5,5.466312118508812,1.8352000042796135,101.75909999816213,24187.781206574346

1790085860,200,GET,[GET] /actuator/health,29.800000,0.000000,4,6,6,6,8,9,10,11,28,28,28,9105,0,4,5.07044953325168,2.216799999587238,63.11669999558944,49.0

1790085860,200,GET,[GET] /api/soporte/election/status,28.300000,0.000000,4,5,6,6,8,9,10,10,14,14,14,8912,0,4,4.737388038718717,1.9994999893242493,49.91040000459179,78.0

1790085860,200,GET,[GET] /api/soporte/tickets,55.900000,0.000000,7,8,8,9,10,12,14,16,310,310,310,17915,0,7,7.398407033261807,3.699399996548891,311.45700000342913,84651.0

1790085860,200,GET,[GET] /health,85.800000,0.000000,4,5,5,6,7,8,9,10,14,14,14,26896,0,4,4.566971869473831,1.8352000042796135,82.81900000292808,83.99754610350982

1790085860,200,,Aggregated,199.800000,0.000000,5,6,7,7,8,10,11,12,34,310,310,62828,0,5,5.471474224924734,1.8352000042796135,311.45700000342913,24191.811676322657

1790085861,200,GET,[GET] /actuator/health,30.200000,0.000000,4,5,6,6,8,9,10,11,28,28,28,9144,0,4,5.068265048143862,2.216799999587238,63.11669999558944,49.0

1790085861,200,GET,[GET] /api/soporte/election/status,26.300000,0.000000,4,5,6,6,8,9,10,10,14,14,14,8928,0,4,4.735968470105299,1.9994999893242493,49.91040000459179,78.0

1790085861,200,GET,[GET] /api/soporte/tickets,55.100000,0.000000,7,7,8,9,10,12,14,16,310,310,310,17971,0,7,7.395168081958353,3.699399996548891,311.45700000342913,84651.0

1790085861,200,GET,[GET] /health,88.100000,0.000000,4,5,5,6,7,8,9,10,14,14,14,26976,0,4,4.564024336497094,1.8352000042796135,82.81900000292808,83.99755338078292

1790085861,200,,Aggregated,199.700000,0.000000,5,6,7,7,8,10,11,13,34,310,310,63019,0,5,5.468900303139478,1.8352000042796135,311.45700000342913,24193.869769434616

1790085862,200,GET,[GET] /actuator/health,29.600000,0.000000,4,5,6,6,7,8,10,11,28,28,28,9181,0,4,5.065852456181387,2.216799999587238,63.11669999558944,49.0

1790085862,200,GET,[GET] /api/soporte/election/status,25.400000,0.000000,4,5,6,6,8,9,10,10,14,14,14,8958,0,4,4.7362711320728,1.9994999893242493,49.91040000459179,78.0

1790085862,200,GET,[GET] /api/soporte/tickets,56.800000,0.000000,7,7,8,9,10,11,14,16,310,310,310,18030,0,7,7.3945475374871785,3.699399996548891,311.45700000342913,84651.0

1790085862,200,GET,[GET] /health,87.500000,0.000000,4,5,5,6,7,8,9,10,14,14,14,27050,0,4,4.563792739420172,1.8352000042796135,82.81900000292808,83.99756007393715

1790085862,200,,Aggregated,199.300000,0.000000,5,6,7,7,8,9,11,13,34,310,310,63219,0,5,5.468472989188676,1.8352000042796135,311.45700000342913,24196.495626314874

1790085863,200,GET,[GET] /actuator/health,30.900000,0.000000,4,5,6,6,7,9,10,11,28,28,28,9201,0,4,5.064558189346358,2.216799999587238,63.11669999558944,49.0

1790085863,200,GET,[GET] /api/soporte/election/status,24.700000,0.000000,4,5,6,6,8,9,9,10,14,14,14,8978,0,4,4.735911238702861,1.9994999893242493,49.91040000459179,78.0

1790085863,200,GET,[GET] /api/soporte/tickets,55.600000,0.000000,7,7,8,9,10,11,13,15,310,310,310,18100,0,7,7.392474541484664,3.699399996548891,311.45700000342913,84651.0

1790085863,200,GET,[GET] /health,86.200000,0.000000,4,5,5,6,7,8,9,10,14,14,14,27128,0,4,4.564659189815363,1.8352000042796135,82.81900000292808,83.99756708935418

1790085863,200,,Aggregated,197.400000,0.000000,5,6,7,7,8,9,11,12,34,310,310,63407,0,5,5.468668675436998,1.8352000042796135,311.45700000342913,24218.350008674122

1790085864,200,GET,[GET] /actuator/health,32.700000,0.000000,4,5,6,6,8,9,10,12,28,28,28,9230,0,4,5.068901050949047,2.216799999587238,63.11669999558944,49.0

1790085864,200,GET,[GET] /api/soporte/election/status,25.200000,0.000000,4,5,6,6,8,9,10,14,14,14,14,9010,0,4,4.73862415106673,1.9994999893242493,49.91040000459179,78.0

1790085864,200,GET,[GET] /api/soporte/tickets,56.600000,0.000000,7,7,8,9,10,11,14,18,310,310,310,18154,0,7,7.393556450414771,3.699399996548891,311.45700000342913,84651.0

1790085864,200,GET,[GET] /health,84.600000,0.000000,4,5,5,6,7,9,10,11,14,14,14,27212,0,4,4.56712988392198,1.8352000042796135,82.81900000292808,83.99746435396149

1790085864,200,,Aggregated,199.100000,0.000000,5,6,7,7,9,10,11,14,34,310,310,63606,0,5,5.470935485700808,1.8352000042796135,311.45700000342913,24214.61879382448

1790085865,200,GET,[GET] /actuator/health,31.400000,0.000000,4,5,6,6,7,9,10,12,28,28,28,9257,0,4,5.066281052206655,2.216799999587238,63.11669999558944,49.0

1790085865,200,GET,[GET] /api/soporte/election/status,24.800000,0.000000,4,5,6,6,8,9,12,14,14,14,14,9039,0,4,4.740857982201453,1.9994999893242493,49.91040000459179,78.0

1790085865,200,GET,[GET] /api/soporte/tickets,58.200000,0.000000,7,7,8,9,10,11,14,18,310,310,310,18222,0,7,7.393569569797395,3.699399996548891,311.45700000342913,84651.0

1790085865,200,GET,[GET] /health,83.500000,0.000000,4,5,6,6,8,9,10,11,18,18,18,27283,0,4,4.567958127818982,1.8352000042796135,82.81900000292808,83.99747095260786

1790085865,200,,Aggregated,197.900000,0.000000,5,6,7,7,9,10,12,14,34,310,310,63801,0,5,5.471770118078546,1.8352000042796135,311.45700000342913,24230.981646055705

1790085866,200,GET,[GET] /actuator/health,31.000000,0.000000,4,5,6,6,7,9,11,12,28,28,28,9286,0,4,5.0658056429394644,2.216799999587238,63.11669999558944,49.0

1790085866,200,GET,[GET] /api/soporte/election/status,24.600000,0.000000,4,5,6,6,8,9,12,14,14,14,14,9077,0,4,4.738968657169683,1.9994999893242493,49.91040000459179,78.0

1790085866,200,GET,[GET] /api/soporte/tickets,57.700000,0.000000,7,7,8,9,10,11,14,18,310,310,310,18288,0,7,7.394242087757894,3.699399996548891,311.45700000342913,84651.0

1790085866,200,GET,[GET] /health,84.600000,0.000000,4,5,6,6,8,9,10,11,18,18,18,27362,0,4,4.567338019926524,1.8352000042796135,82.81900000292808,83.99747825451355

1790085866,200,,Aggregated,197.900000,0.000000,5,6,7,7,9,10,12,14,28,310,310,64013,0,5,5.471608765463436,1.8352000042796135,311.45700000342913,24238.183603330574

1790085867,200,GET,[GET] /actuator/health,30.400000,0.000000,4,5,6,6,8,9,11,12,28,28,28,9313,0,4,5.064983506963355,2.216799999587238,63.11669999558944,49.0

1790085867,200,GET,[GET] /api/soporte/election/status,24.800000,0.000000,4,5,5,6,8,9,10,14,14,14,14,9106,0,4,4.737531550750981,1.9994999893242493,49.91040000459179,78.0

1790085867,200,GET,[GET] /api/soporte/tickets,58.900000,0.000000,7,8,8,9,10,12,15,18,310,310,310,18336,0,7,7.394306855415016,3.699399996548891,311.45700000342913,84651.0

1790085867,200,GET,[GET] /health,82.200000,0.000000,4,5,5,6,7,8,10,11,18,18,18,27451,0,4,4.566365993999189,1.8352000042796135,82.81900000292808,83.99748643036683

1790085867,200,,Aggregated,196.300000,0.000000,5,6,7,7,9,10,12,14,28,310,310,64206,0,5,5.470570929564988,1.8352000042796135,311.45700000342913,24228.781671494875

1790085868,200,GET,[GET] /actuator/health,29.900000,0.000000,4,5,6,6,7,9,11,12,28,28,28,9342,0,4,5.062571761982083,2.216799999587238,63.11669999558944,49.0

1790085868,200,GET,[GET] /api/soporte/election/status,25.500000,0.000000,4,5,6,6,8,9,10,14,14,14,14,9132,0,4,4.736427715850953,1.9994999893242493,49.91040000459179,78.0

1790085868,200,GET,[GET] /api/soporte/tickets,60.100000,0.000000,7,7,8,9,10,11,14,18,310,310,310,18399,0,7,7.391546214515613,3.699399996548891,311.45700000342913,84651.0

1790085868,200,GET,[GET] /health,81.600000,0.000000,4,5,5,6,7,8,10,11,18,18,18,27547,0,4,4.565153730031127,1.8352000042796135,82.81900000292808,83.99749519003885

1790085868,200,,Aggregated,197.100000,0.000000,5,6,7,7,9,10,12,14,28,310,310,64420,0,5,5.4688132863028205,1.8352000042796135,311.45700000342913,24231.25864638311

1790085869,200,GET,[GET] /actuator/health,29.900000,0.000000,4,5,6,6,7,9,10,12,14,14,14,9363,0,4,5.0619947453195,2.216799999587238,63.11669999558944,49.0

1790085869,200,GET,[GET] /api/soporte/election/status,26.400000,0.000000,4,5,5,6,8,9,10,14,14,14,14,9156,0,4,4.735991776013639,1.9994999893242493,49.91040000459179,78.0

1790085869,200,GET,[GET] /api/soporte/tickets,59.200000,0.000000,6,7,8,9,10,12,15,18,310,310,310,18448,0,7,7.390501300999796,3.699399996548891,311.45700000342913,84651.0

1790085869,200,GET,[GET] /health,82.900000,0.000000,4,5,5,6,7,8,10,11,18,18,18,27640,0,4,4.564442981229463,1.8352000042796135,82.81900000292808,83.99750361794501

1790085869,200,,Aggregated,198.400000,0.000000,5,6,7,7,9,10,12,14,20,310,310,64607,0,5,5.467818804520159,1.8352000042796135,311.45700000342913,24225.49095299271

1790085870,200,GET,[GET] /actuator/health,29.300000,0.000000,4,5,6,6,8,9,11,12,14,14,14,9396,0,4,5.0642957961263315,2.216799999587238,63.11669999558944,49.0

1790085870,200,GET,[GET] /api/soporte/election/status,26.500000,0.000000,4,5,6,6,8,9,10,14,14,14,14,9179,0,4,4.735837324462522,1.9994999893242493,49.91040000459179,78.0

1790085870,200,GET,[GET] /api/soporte/tickets,58.900000,0.000000,7,8,8,9,10,12,15,18,32,32,32,18501,0,7,7.391962239920568,3.699399996548891,311.45700000342913,84651.0

1790085870,200,GET,[GET] /health,83.200000,0.000000,4,5,5,6,7,9,10,11,18,18,18,27730,0,4,4.565359891857742,1.8352000042796135,82.81900000292808,83.99740353407861

1790085870,200,,Aggregated,197.900000,0.000000,5,6,7,7,9,10,12,14,20,32,32,64806,0,5,5.468791428318831,1.8352000042796135,311.45700000342913,24220.50064808814

1790085871,200,GET,[GET] /actuator/health,28.700000,0.000000,4,5,6,6,8,9,11,12,14,14,14,9441,0,4,5.0646188433921235,2.216799999587238,63.11669999558944,49.0

1790085871,200,GET,[GET] /api/soporte/election/status,27.500000,0.000000,4,5,5,6,8,9,10,14,14,14,14,9206,0,4,4.735483337087909,1.9994999893242493,49.91040000459179,78.0

1790085871,200,GET,[GET] /api/soporte/tickets,59.500000,0.000000,7,8,8,9,10,12,15,16,32,32,32,18554,0,7,7.391704866916189,3.699399996548891,311.45700000342913,84651.0

1790085871,200,GET,[GET] /health,82.200000,0.000000,4,5,6,6,7,9,10,11,18,18,18,27802,0,4,4.564783681076142,1.8352000042796135,82.81900000292808,83.9974102582548

1790085871,200,,Aggregated,197.900000,0.000000,5,6,7,7,9,10,12,14,20,32,32,65003,0,5,5.468451211540056,1.8352000042796135,311.45700000342913,24216.276587234435

1790085872,200,GET,[GET] /actuator/health,29.100000,0.000000,5,6,6,7,8,10,11,12,14,14,14,9462,0,4,5.067137497405393,2.216799999587238,63.11669999558944,49.0

1790085872,200,GET,[GET] /api/soporte/election/status,27.600000,0.000000,4,5,6,6,8,9,10,14,15,15,15,9235,0,4,4.736850276259687,1.9994999893242493,49.91040000459179,78.0

1790085872,200,GET,[GET] /api/soporte/tickets,58.000000,0.000000,7,8,8,9,10,14,16,17,32,32,32,18610,0,7,7.3933688393787556,3.699399996548891,311.45700000342913,84651.0

1790085872,200,GET,[GET] /health,82.200000,0.000000,4,5,6,6,8,9,11,13,37,37,37,27905,0,4,4.57025870278518,1.8352000042796135,82.81900000292808,83.99741981723706

1790085872,200,,Aggregated,196.900000,0.000000,5,6,7,7,9,10,14,15,36,37,37,65212,0,5,5.4715961863425004,1.8352000042796135,311.45700000342913,24211.54121940747

1790085873,200,GET,[GET] /actuator/health,29.300000,0.000000,4,5,6,6,8,9,10,11,12,12,12,9487,0,4,5.065519416088547,2.216799999587238,63.11669999558944,49.0

1790085873,200,GET,[GET] /api/soporte/election/status,27.800000,0.000000,4,5,5,6,8,9,10,11,15,15,15,9263,0,4,4.73576909222099,1.9994999893242493,49.91040000459179,78.0

1790085873,200,GET,[GET] /api/soporte/tickets,57.900000,0.000000,7,7,8,9,10,12,15,16,32,32,32,18658,0,7,7.391986917184293,3.699399996548891,311.45700000342913,84651.0

1790085873,200,GET,[GET] /health,82.800000,0.000000,4,5,6,6,7,8,11,12,37,37,37,28006,0,4,4.5696706170513695,1.8352000042796135,82.81900000292808,83.99742912233093

1790085873,200,,Aggregated,197.800000,0.000000,5,6,7,7,8,10,12,14,36,37,37,65414,0,5,5.470111887419211,1.8352000042796135,311.45700000342913,24199.073088329715

1790085874,200,GET,[GET] /actuator/health,28.000000,0.000000,4,6,6,7,8,9,11,12,14,14,14,9521,0,4,5.06630938982175,2.216799999587238,63.11669999558944,49.0

1790085874,200,GET,[GET] /api/soporte/election/status,27.800000,0.000000,4,5,6,6,7,9,10,11,15,15,15,9289,0,4,4.738294542061522,1.9994999893242493,49.91040000459179,78.0

1790085874,200,GET,[GET] /api/soporte/tickets,58.000000,0.000000,7,8,8,9,10,13,15,16,32,32,32,18708,0,7,7.3922477496740875,3.699399996548891,311.45700000342913,84651.0

1790085874,200,GET,[GET] /health,83.900000,0.000000,4,5,6,6,7,8,10,12,37,37,37,28103,0,4,4.5702739814648305,1.8352000042796135,82.81900000292808,83.9974379959435

1790085874,200,,Aggregated,197.700000,0.000000,5,6,7,7,8,10,12,14,36,37,37,65621,0,5,5.470549523837054,1.8352000042796135,311.45700000342913,24187.418036908915

1790085875,200,GET,[GET] /actuator/health,28.200000,0.000000,4,6,6,7,8,9,11,12,14,14,14,9544,0,4,5.066399759063615,2.216799999587238,63.11669999558944,49.0

1790085875,200,GET,[GET] /api/soporte/election/status,28.200000,0.000000,4,5,6,6,8,9,10,11,15,15,15,9317,0,4,4.736017097910411,1.9994999893242493,49.91040000459179,78.0

1790085875,200,GET,[GET] /api/soporte/tickets,55.100000,0.000000,7,7,8,9,10,13,15,16,32,32,32,18760,0,7,7.39254649258516,3.699399996548891,311.45700000342913,84651.0

1790085875,200,GET,[GET] /health,86.600000,0.000000,4,5,6,6,7,8,10,12,37,37,37,28193,0,4,4.56953746678632,1.8352000042796135,82.81900000292808,83.99744617458234

1790085875,200,,Aggregated,198.100000,0.000000,5,6,7,7,8,10,12,14,36,37,37,65814,0,5,5.469844297622675,1.8352000042796135,311.45700000342913,24183.536663931685

1790085876,200,GET,[GET] /actuator/health,28.300000,0.000000,4,6,6,7,8,10,12,13,18,18,18,9573,0,4,5.068830095111469,2.216799999587238,63.11669999558944,49.0

1790085876,200,GET,[GET] /api/soporte/election/status,28.100000,0.000000,4,5,6,6,8,9,13,15,15,15,15,9342,0,4,4.7393241277191045,1.9994999893242493,49.91040000459179,78.0

1790085876,200,GET,[GET] /api/soporte/tickets,55.500000,0.000000,7,7,8,9,11,13,16,16,32,32,32,18819,0,7,7.393536309095498,3.699399996548891,311.45700000342913,84651.0

1790085876,200,GET,[GET] /health,87.000000,0.000000,4,5,6,6,7,9,12,14,37,37,37,28282,0,4,4.572487260485664,1.8352000042796135,82.81900000292808,83.997348136624

1790085876,200,,Aggregated,198.900000,0.000000,5,6,7,7,9,11,14,15,36,37,37,66016,0,5,5.472260073369754,1.8352000042796135,311.45700000342913,24185.35711039748

1790085877,200,GET,[GET] /actuator/health,28.800000,0.000000,5,6,6,7,9,10,12,14,18,18,18,9606,0,4,5.07091176353426,2.216799999587238,63.11669999558944,49.0

1790085877,200,GET,[GET] /api/soporte/election/status,27.200000,0.000000,4,5,6,6,8,9,13,15,15,15,15,9367,0,4,4.740545468260809,1.9994999893242493,49.91040000459179,78.0

1790085877,200,GET,[GET] /api/soporte/tickets,53.300000,0.000000,7,7,8,9,11,14,16,16,32,32,32,18881,0,7,7.392842259459275,3.699399996548891,311.45700000342913,84651.0

1790085877,200,GET,[GET] /health,89.600000,0.000000,4,5,6,6,7,9,12,14,37,37,37,28370,0,4,4.571859125873703,1.8352000042796135,82.81900000292808,83.9973563623546

1790085877,200,,Aggregated,198.900000,0.000000,5,6,7,7,9,11,14,15,36,37,37,66224,0,5,5.472393179264264,1.8352000042796135,311.45700000342913,24188.811548683258

1790085878,200,GET,[GET] /actuator/health,28.900000,0.000000,5,6,6,7,8,10,12,14,18,18,18,9633,0,4,5.068414439998182,2.1606000082101673,63.11669999558944,49.0

1790085878,200,GET,[GET] /api/soporte/election/status,26.600000,0.000000,4,5,6,6,8,9,13,15,15,15,15,9397,0,4,4.739790507737145,1.9994999893242493,49.91040000459179,78.0

1790085878,200,GET,[GET] /api/soporte/tickets,52.400000,0.000000,7,8,8,9,11,14,16,16,32,32,32,18931,0,7,7.39150709951098,3.699399996548891,311.45700000342913,84651.0

1790085878,200,GET,[GET] /health,91.900000,0.000000,4,5,6,6,7,9,12,14,37,37,37,28450,0,4,4.570339100210525,1.8352000042796135,82.81900000292808,83.99736379613357

1790085878,200,,Aggregated,199.800000,0.000000,5,6,7,7,9,11,14,15,36,37,37,66411,0,5,5.470759603131111,1.8352000042796135,311.45700000342913,24184.589736640013

1790085879,200,GET,[GET] /actuator/health,29.100000,0.000000,4,6,6,7,8,10,12,14,18,18,18,9659,0,4,5.068486675691599,2.1606000082101673,63.11669999558944,49.0

1790085879,200,GET,[GET] /api/soporte/election/status,25.800000,0.000000,4,5,6,6,8,9,13,15,15,15,15,9424,0,4,4.7364218592138645,1.9994999893242493,49.91040000459179,78.0

1790085879,200,GET,[GET] /api/soporte/tickets,53.300000,0.000000,7,8,8,9,11,13,15,16,26,26,26,18987,0,7,7.393051382569648,3.699399996548891,311.45700000342913,84651.0

1790085879,200,GET,[GET] /health,91.800000,0.000000,4,5,6,6,7,9,12,14,37,37,37,28547,0,4,4.569494542372549,1.8352000042796135,82.81900000292808,83.99737275370441

1790085879,200,,Aggregated,200.000000,0.000000,5,6,7,7,9,11,14,15,36,37,37,66617,0,5,5.470222010953596,1.8352000042796135,311.45700000342913,24181.136541723583

1790085880,200,GET,[GET] /actuator/health,29.000000,0.000000,4,5,6,7,8,10,12,14,18,18,18,9685,0,4,5.06711310279295,2.1606000082101673,63.11669999558944,49.0

1790085880,200,GET,[GET] /api/soporte/election/status,26.200000,0.000000,4,5,6,6,8,9,13,15,15,15,15,9450,0,4,4.7359027514507055,1.9994999893242493,49.91040000459179,78.0

1790085880,200,GET,[GET] /api/soporte/tickets,53.100000,0.000000,7,7,8,9,11,13,15,16,26,26,26,19049,0,7,7.391012032172708,3.699399996548891,311.45700000342913,84651.0

1790085880,200,GET,[GET] /health,91.500000,0.000000,4,5,6,6,7,9,12,14,37,37,37,28626,0,4,4.568994155704907,1.8352000042796135,82.81900000292808,83.997380004192

1790085880,200,,Aggregated,199.800000,0.000000,5,6,7,7,9,11,14,15,36,37,37,66810,0,5,5.469431017868963,1.8352000042796135,311.45700000342913,24189.98762161353

1790085881,200,GET,[GET] /actuator/health,29.400000,0.000000,4,5,6,7,8,10,12,14,18,18,18,9711,0,4,5.068353568177793,2.1606000082101673,63.11669999558944,49.0

1790085881,200,GET,[GET] /api/soporte/election/status,26.300000,0.000000,4,5,5,6,8,9,13,15,15,15,15,9480,0,4,4.734708797588479,1.9994999893242493,49.91040000459179,78.0

1790085881,200,GET,[GET] /api/soporte/tickets,53.700000,0.000000,7,7,8,9,11,13,14,16,26,26,26,19099,0,7,7.391184831711082,3.699399996548891,311.45700000342913,84651.0

1790085881,200,GET,[GET] /health,89.600000,0.000000,4,5,6,6,7,9,12,14,37,37,37,28718,0,4,4.569685169628033,1.8352000042796135,82.81900000292808,83.99738839752072

1790085881,200,,Aggregated,199.000000,0.000000,5,6,7,7,9,11,14,15,36,37,37,67008,0,5,5.469500338824337,1.8352000042796135,311.45700000342913,24181.843436604584

1790085882,200,GET,[GET] /actuator/health,28.800000,0.000000,4,5,6,7,8,10,12,14,18,18,18,9736,0,4,5.068604889132785,2.1606000082101673,63.11669999558944,49.0

1790085882,200,GET,[GET] /api/soporte/election/status,26.700000,0.000000,4,5,6,6,8,9,13,14,15,15,15,9509,0,4,4.734734146718801,1.9994999893242493,49.91040000459179,78.0

1790085882,200,GET,[GET] /api/soporte/tickets,54.500000,0.000000,7,8,8,9,11,13,14,16,26,26,26,19149,0,7,7.3909741710187875,3.699399996548891,311.45700000342913,84651.0

1790085882,200,GET,[GET] /health,89.600000,0.000000,4,5,6,6,7,9,10,12,17,17,17,28809,0,4,4.569433763799653,1.8352000042796135,82.81900000292808,83.99739664688119

1790085882,200,,Aggregated,199.600000,0.000000,5,6,7,7,9,10,13,14,26,26,26,67203,0,5,5.469117537965401,1.8352000042796135,311.45700000342913,24174.82323705787

1790085883,200,GET,[GET] /actuator/health,27.400000,0.000000,4,5,6,7,8,10,13,15,18,18,18,9772,0,4,5.06889088217508,2.1606000082101673,63.11669999558944,49.0

1790085883,200,GET,[GET] /api/soporte/election/status,27.400000,0.000000,4,5,5,6,7,8,13,14,15,15,15,9534,0,4,4.733306775868995,1.9994999893242493,49.91040000459179,78.0

1790085883,200,GET,[GET] /api/soporte/tickets,54.400000,0.000000,7,8,8,9,11,13,15,17,28,28,28,19212,0,7,7.392787950281549,3.699399996548891,311.45700000342913,84651.0

1790085883,200,GET,[GET] /health,90.100000,0.000000,4,5,6,6,7,8,11,13,17,17,17,28894,0,4,4.570185692574077,1.8352000042796135,82.81900000292808,83.99740430539212

1790085883,200,,Aggregated,199.300000,0.000000,5,6,7,7,9,10,13,15,26,28,28,67412,0,5,5.469971755826772,1.8352000042796135,311.45700000342913,24179.14485551534

1790085884,200,GET,[GET] /actuator/health,27.400000,0.000000,4,5,6,7,8,10,13,15,18,18,18,9798,0,4,5.071097928208335,2.1606000082101673,63.11669999558944,49.0

1790085884,200,GET,[GET] /api/soporte/election/status,27.300000,0.000000,4,5,6,6,7,8,10,14,15,15,15,9560,0,4,4.734119728154799,1.9994999893242493,49.91040000459179,78.0

1790085884,200,GET,[GET] /api/soporte/tickets,53.900000,0.000000,7,8,8,9,10,13,15,17,28,28,28,19272,0,7,7.390619027644252,3.699399996548891,311.45700000342913,84651.0

1790085884,200,GET,[GET] /health,90.400000,0.000000,4,5,6,6,7,9,11,13,17,17,17,28986,0,4,4.571209832376234,1.8352000042796135,82.81900000292808,83.99741254398675

1790085884,200,,Aggregated,199.000000,0.000000,5,6,7,7,9,10,13,15,26,28,28,67616,0,5,5.470271832166391,1.8352000042796135,311.45700000342913,24181.474843232372

1790085885,200,GET,[GET] /actuator/health,27.800000,0.000000,4,5,6,7,8,9,11,13,16,16,16,9827,0,4,5.069802472836837,2.1606000082101673,63.11669999558944,49.0

1790085885,200,GET,[GET] /api/soporte/election/status,27.300000,0.000000,4,5,6,6,7,8,9,10,14,14,14,9581,0,4,4.734891629390243,1.9994999893242493,49.91040000459179,78.0

1790085885,200,GET,[GET] /api/soporte/tickets,55.000000,0.000000,7,8,8,9,10,12,15,16,28,28,28,19343,0,7,7.389615049417646,3.699399996548891,311.45700000342913,84651.0

1790085885,200,GET,[GET] /health,88.600000,0.000000,4,5,6,6,7,8,10,10,15,15,15,29067,0,4,4.571144067196275,1.8352000042796135,82.81900000292808,83.99741975436062

1790085885,200,,Aggregated,198.700000,0.000000,5,6,7,7,8,10,12,14,26,28,28,67818,0,5,5.470416616589035,1.8352000042796135,311.45700000342913,24198.21709575629

1790085886,200,GET,[GET] /actuator/health,28.000000,0.000000,4,5,6,7,8,10,11,13,52,52,52,9853,0,4,5.076709986865403,2.1606000082101673,63.11669999558944,49.0

1790085886,200,GET,[GET] /api/soporte/election/status,26.400000,0.000000,4,5,6,6,7,8,9,10,51,51,51,9610,0,4,4.742396441340988,1.9994999893242493,50.95859999710228,78.0

1790085886,200,GET,[GET] /api/soporte/tickets,55.500000,0.000000,7,8,8,9,10,12,15,18,55,55,55,19408,0,7,7.395725149470748,3.699399996548891,311.45700000342913,84651.0

1790085886,200,GET,[GET] /health,88.200000,0.000000,4,5,6,6,7,8,10,11,15,15,15,29143,0,4,4.572275901630911,1.8352000042796135,82.81900000292808,83.99742648320351

1790085886,200,,Aggregated,198.100000,0.000000,5,6,7,7,9,10,13,14,54,55,55,68014,0,5,5.475068715323751,1.8352000042796135,311.45700000342913,24209.52924397918

1790085887,200,GET,[GET] /actuator/health,27.800000,0.000000,4,5,6,7,8,10,11,13,52,52,52,9889,0,4,5.074844281586043,2.1606000082101673,63.11669999558944,49.0

1790085887,200,GET,[GET] /api/soporte/election/status,26.700000,0.000000,4,5,6,6,7,8,10,10,51,51,51,9637,0,4,4.741503694229712,1.9994999893242493,50.95859999710228,78.0

1790085887,200,GET,[GET] /api/soporte/tickets,56.500000,0.000000,7,8,8,9,10,12,15,18,55,55,55,19466,0,7,7.394399743191647,3.699399996548891,311.45700000342913,84651.0

1790085887,200,GET,[GET] /health,87.400000,0.000000,4,5,6,6,7,8,10,11,15,15,15,29227,0,4,4.571109823150478,1.8352000042796135,82.81900000292808,83.99733123481712

1790085887,200,,Aggregated,198.400000,0.000000,5,6,7,7,9,10,12,15,54,55,55,68219,0,5,5.473815482550077,1.8352000042796135,311.45700000342913,24208.909585306148

1790085888,200,GET,[GET] /actuator/health,28.400000,0.000000,5,5,6,7,8,10,11,13,52,52,52,9920,0,4,5.074586350864622,2.1606000082101673,63.11669999558944,49.0

1790085888,200,GET,[GET] /api/soporte/election/status,26.300000,0.000000,4,5,6,6,7,8,9,10,51,51,51,9666,0,4,4.739899234561398,1.9994999893242493,50.95859999710228,78.0

1790085888,200,GET,[GET] /api/soporte/tickets,58.700000,0.000000,7,8,8,9,10,12,15,18,55,55,55,19513,0,7,7.3927328243225,3.699399996548891,311.45700000342913,84651.0

1790085888,200,GET,[GET] /health,85.400000,0.000000,4,5,6,6,7,8,10,11,15,15,15,29312,0,4,4.570703189860641,1.8352000042796135,82.81900000292808,83.99733897379913

1790085888,200,,Aggregated,198.800000,0.000000,5,6,7,7,9,10,12,14,54,55,55,68411,0,5,5.472608353978857,1.8352000042796135,311.45700000342913,24199.28258613381

1790085889,200,GET,[GET] /actuator/health,27.600000,0.000000,4,5,6,7,8,10,11,13,52,52,52,9947,0,4,5.074462179609791,2.1606000082101673,63.11669999558944,49.0

1790085889,200,GET,[GET] /api/soporte/election/status,27.000000,0.000000,4,5,6,6,8,8,10,11,51,51,51,9692,0,4,4.73967127541056,1.9994999893242493,50.95859999710228,78.0

1790085889,200,GET,[GET] /api/soporte/tickets,58.300000,0.000000,6,7,8,9,10,13,15,17,55,55,55,19584,0,7,7.391518944089161,3.699399996548891,311.45700000342913,84651.0

1790085889,200,GET,[GET] /health,84.400000,0.000000,4,5,6,6,7,8,10,11,15,15,15,29405,0,4,4.569450933553725,1.8352000042796135,82.81900000292808,83.99734738989967

1790085889,200,,Aggregated,197.300000,0.000000,5,6,7,7,9,10,13,14,54,55,55,68628,0,5,5.472005318587852,1.8352000042796135,311.45700000342913,24210.50453167803

1790085890,200,GET,[GET] /actuator/health,28.100000,0.000000,4,5,6,7,8,10,11,13,52,52,52,9977,0,4,5.072889425744018,2.1606000082101673,63.11669999558944,49.0

1790085890,200,GET,[GET] /api/soporte/election/status,27.200000,0.000000,4,5,6,6,8,8,9,10,51,51,51,9717,0,4,4.738247947029564,1.9994999893242493,50.95859999710228,78.0

1790085890,200,GET,[GET] /api/soporte/tickets,57.600000,0.000000,6,7,8,9,10,13,15,17,55,55,55,19637,0,7,7.390935448443037,3.699399996548891,311.45700000342913,84651.0

1790085890,200,GET,[GET] /health,84.500000,0.000000,4,5,6,6,7,9,10,11,15,15,15,29485,0,4,4.56935658474432,1.8352000042796135,82.81900000292808,83.99735458707818

1790085890,200,,Aggregated,197.400000,0.000000,5,6,7,7,9,10,13,15,54,55,55,68816,0,5,5.471359152002391,1.8352000042796135,311.45700000342913,24209.706289235062

1790085891,200,GET,[GET] /actuator/health,28.500000,0.000000,4,5,6,7,8,10,11,13,52,52,52,10007,0,4,5.072964434962637,2.1606000082101673,63.11669999558944,49.0

1790085891,200,GET,[GET] /api/soporte/election/status,26.800000,0.000000,4,5,6,6,8,8,10,11,51,51,51,9739,0,4,4.738998767975757,1.9994999893242493,50.95859999710228,78.0

1790085891,200,GET,[GET] /api/soporte/tickets,58.500000,0.000000,6,7,8,9,11,13,16,17,55,55,55,19691,0,7,7.393034005439908,3.699399996548891,311.45700000342913,84651.0

1790085891,200,GET,[GET] /health,85.000000,0.000000,4,5,6,6,7,9,10,11,15,15,15,29581,0,4,4.569210723144464,1.8352000042796135,82.81900000292808,83.99736317230655

1790085891,200,,Aggregated,198.800000,0.000000,5,6,7,7,9,10,13,15,54,55,55,69018,0,5,5.47185254722595,1.8352000042796135,311.45700000342913,24205.244313077746

1790085892,200,GET,[GET] /actuator/health,28.600000,0.000000,5,5,6,7,8,10,11,13,52,52,52,10033,0,4,5.071618040525438,2.1606000082101673,63.11669999558944,49.0

1790085892,200,GET,[GET] /api/soporte/election/status,26.100000,0.000000,4,5,6,6,8,8,10,11,51,51,51,9763,0,4,4.736590269518926,1.9994999893242493,50.95859999710228,78.0

1790085892,200,GET,[GET] /api/soporte/tickets,59.000000,0.000000,6,7,8,9,11,13,16,17,55,55,55,19751,0,7,7.390381449101082,3.699399996548891,311.45700000342913,84651.0

1790085892,200,GET,[GET] /health,84.800000,0.000000,4,5,6,6,7,9,10,11,15,15,15,29660,0,4,4.569238779544994,1.8352000042796135,82.81900000292808,83.99737019554956

1790085892,200,,Aggregated,198.500000,0.000000,5,6,7,7,9,10,13,15,54,55,55,69207,0,5,5.470803832045964,1.8352000042796135,311.45700000342913,24212.67204184548

1790085893,200,GET,[GET] /actuator/health,29.300000,0.000000,5,5,6,6,8,10,11,13,52,52,52,10055,0,4,5.074760377975431,2.1606000082101673,63.11669999558944,49.0

1790085893,200,GET,[GET] /api/soporte/election/status,25.400000,0.000000,4,5,6,6,8,8,11,13,51,51,51,9789,0,4,4.737438574044955,1.9994999893242493,50.95859999710228,78.0

1790085893,200,GET,[GET] /api/soporte/tickets,59.000000,0.000000,6,7,8,9,11,13,16,18,55,55,55,19815,0,7,7.395901413130011,3.699399996548891,311.45700000342913,84651.0

1790085893,200,GET,[GET] /health,85.200000,0.000000,4,5,6,6,7,8,10,11,16,16,16,29752,0,4,4.570054638385475,1.8352000042796135,82.81900000292808,83.99727749394998

1790085893,200,,Aggregated,198.900000,0.000000,5,6,7,7,9,10,13,16,54,55,55,69411,0,5,5.473477603035324,1.8352000042796135,311.45700000342913,24219.71861808647

1790085894,200,GET,[GET] /actuator/health,29.400000,0.000000,4,5,6,6,8,10,11,13,52,52,52,10082,0,4,5.073224271031919,2.1606000082101673,63.11669999558944,49.0

1790085894,200,GET,[GET] /api/soporte/election/status,25.200000,0.000000,4,5,6,6,8,8,11,13,51,51,51,9821,0,4,4.736518623493415,1.9994999893242493,50.95859999710228,78.0

1790085894,200,GET,[GET] /api/soporte/tickets,58.600000,0.000000,7,7,9,9,11,13,16,18,55,55,55,19861,0,7,7.394806676457986,3.699399996548891,311.45700000342913,84651.0

1790085894,200,GET,[GET] /health,84.500000,0.000000,4,5,5,6,7,8,10,11,16,16,16,29832,0,4,4.568221061317446,1.8352000042796135,82.81900000292808,83.99728479485117

1790085894,200,,Aggregated,197.700000,0.000000,5,6,7,7,9,10,13,16,54,55,55,69596,0,5,5.4717659435057575,1.8352000042796135,311.45700000342913,24211.439939076958

1790085895,200,GET,[GET] /actuator/health,28.500000,0.000000,4,5,6,6,8,9,11,13,14,14,14,10123,0,4,5.073482663295504,2.1606000082101673,63.11669999558944,49.0

1790085895,200,GET,[GET] /api/soporte/election/status,24.900000,0.000000,4,5,5,6,7,8,10,13,16,16,16,9845,0,4,4.7360640224797175,1.9994999893242493,50.95859999710228,78.0

1790085895,200,GET,[GET] /api/soporte/tickets,59.200000,0.000000,6,7,8,9,11,13,16,17,32,32,32,19910,0,7,7.394685092976956,3.699399996548891,311.45700000342913,84651.0

1790085895,200,GET,[GET] /health,84.700000,0.000000,4,5,5,6,7,8,9,11,16,16,16,29927,0,4,4.568793190139657,1.8352000042796135,82.81900000292808,83.997293413974

1790085895,200,,Aggregated,197.300000,0.000000,5,6,6,7,8,10,13,14,22,32,32,69805,0,5,5.471583257708387,1.8352000042796135,311.45700000342913,24198.540706253134

1790085896,200,GET,[GET] /actuator/health,28.200000,0.000000,5,5,6,6,8,9,11,13,14,14,14,10152,0,4,5.074355309353329,2.1606000082101673,63.11669999558944,49.0

1790085896,200,GET,[GET] /api/soporte/election/status,25.200000,0.000000,4,5,5,6,7,8,10,13,16,16,16,9875,0,4,4.73627877481211,1.9994999893242493,50.95859999710228,78.0

1790085896,200,GET,[GET] /api/soporte/tickets,59.300000,0.000000,6,7,8,9,11,13,16,17,32,32,32,19965,0,7,7.393069762140255,3.699399996548891,311.45700000342913,84651.0

1790085896,200,GET,[GET] /health,83.800000,0.000000,4,5,5,6,7,8,10,11,16,16,16,30011,0,4,4.569343577397946,1.8352000042796135,82.81900000292808,83.99720102629036

1790085896,200,,Aggregated,196.500000,0.000000,5,6,6,7,9,10,13,14,22,32,32,70003,0,5,5.471462878794402,1.8352000042796135,311.45700000342913,24196.759467451397

1790085897,200,GET,[GET] /actuator/health,28.700000,0.000000,5,5,6,6,8,9,11,13,14,14,14,10176,0,4,5.071977338893016,2.1606000082101673,63.11669999558944,49.0

1790085897,200,GET,[GET] /api/soporte/election/status,25.900000,0.000000,4,5,5,6,7,8,11,13,16,16,16,9894,0,4,4.736079351254196,1.9994999893242493,50.95859999710228,78.0

1790085897,200,GET,[GET] /api/soporte/tickets,58.400000,0.000000,6,7,8,9,11,13,16,17,32,32,32,20030,0,7,7.392320154824022,3.699399996548891,311.45700000342913,84651.0

1790085897,200,GET,[GET] /health,84.700000,0.000000,4,5,5,6,7,8,10,11,16,16,16,30094,0,4,4.567904366361411,1.8287999992026016,82.81900000292808,83.99720874592943

1790085897,200,,Aggregated,197.700000,0.000000,5,6,6,7,9,10,13,15,31,32,32,70194,0,5,5.470637051660965,1.8287999992026016,311.45700000342913,24209.443798615266

1790085898,200,GET,[GET] /actuator/health,29.100000,0.000000,4,5,6,6,7,9,11,13,18,18,18,10212,0,4,5.072448002409961,2.1606000082101673,63.11669999558944,49.0

1790085898,200,GET,[GET] /api/soporte/election/status,26.200000,0.000000,4,5,5,6,7,8,10,13,16,16,16,9924,0,4,4.734812243172705,1.9994999893242493,50.95859999710228,78.0

1790085898,200,GET,[GET] /api/soporte/tickets,55.600000,0.000000,6,7,8,9,11,13,16,19,32,32,32,20086,0,7,7.394141581257768,3.699399996548891,311.45700000342913,84651.0

1790085898,200,GET,[GET] /health,85.700000,0.000000,4,5,5,6,7,8,9,11,18,18,18,30186,0,4,4.5679309945397195,1.6982999950414523,82.81900000292808,83.9971178692109

1790085898,200,,Aggregated,196.600000,0.000000,5,6,6,7,9,10,13,16,31,32,32,70408,0,5,5.470889792412453,1.6982999950414523,311.45700000342913,24203.357331553234

1790085899,200,GET,[GET] /actuator/health,28.800000,0.000000,4,5,6,6,8,9,13,14,19,19,19,10245,0,4,5.0732142704331284,2.1606000082101673,63.11669999558944,49.0

1790085899,200,GET,[GET] /api/soporte/election/status,25.400000,0.000000,4,5,5,6,7,9,13,14,47,47,47,9948,0,4,4.741230800281274,1.9994999893242493,50.95859999710228,78.0

1790085899,200,GET,[GET] /api/soporte/tickets,55.600000,0.000000,7,8,9,9,11,14,20,24,58,58,58,20146,0,7,7.4003543830627345,3.699399996548891,311.45700000342913,84651.0

1790085899,200,GET,[GET] /health,86.700000,0.000000,4,5,6,6,7,9,11,15,45,45,45,30261,0,4,4.57072099075188,1.6982999950414523,82.81900000292808,83.99712501239219

1790085899,200,,Aggregated,196.500000,0.000000,5,6,7,7,9,11,15,18,47,58,58,70600,0,5,5.475112910823088,1.6982999950414523,311.45700000342913,24209.61518413598

1790085900,200,GET,[GET] /actuator/health,29.300000,0.000000,4,5,6,6,7,9,13,14,19,19,19,10269,0,4,5.072147531463983,2.1606000082101673,63.11669999558944,49.0

1790085900,200,GET,[GET] /api/soporte/election/status,25.100000,0.000000,4,5,6,6,7,8,12,14,47,47,47,9980,0,4,4.742114358838054,1.9994999893242493,50.95859999710228,78.0

1790085900,200,GET,[GET] /api/soporte/tickets,57.100000,0.000000,7,8,9,9,11,13,20,24,58,58,58,20190,0,7,7.402219915858951,3.699399996548891,311.45700000342913,84651.0

1790085900,200,GET,[GET] /health,87.300000,0.000000,4,5,6,6,7,8,11,15,45,45,45,30352,0,4,4.571064855729616,1.6982999950414523,82.81900000292808,83.9971336320506

1790085900,200,,Aggregated,198.800000,0.000000,5,6,7,7,9,11,14,18,47,58,58,70791,0,5,5.475328288964769,1.6982999950414523,311.45700000342913,24197.070136034243

1790085901,200,GET,[GET] /actuator/health,29.200000,0.000000,4,5,6,6,7,9,13,14,19,19,19,10303,0,4,5.07152914690002,2.1606000082101673,63.11669999558944,49.0

1790085901,200,GET,[GET] /api/soporte/election/status,25.300000,0.000000,4,5,6,6,8,8,12,14,47,47,47,10016,0,4,4.740318849955087,1.9994999893242493,50.95859999710228,78.0

1790085901,200,GET,[GET] /api/soporte/tickets,55.700000,0.000000,7,8,9,9,11,14,20,24,58,58,58,20246,0,7,7.401860915789869,3.699399996548891,311.45700000342913,84651.0

1790085901,200,GET,[GET] /health,86.000000,0.000000,4,5,5,6,7,8,11,15,45,45,45,30427,0,4,4.569918562496335,1.6982999950414523,82.81900000292808,83.9971406974069

1790085901,200,,Aggregated,196.200000,0.000000,5,6,7,7,9,11,14,18,47,58,58,70992,0,5,5.474391292030352,1.6982999950414523,311.45700000342913,24195.487125309894

1790085902,200,GET,[GET] /actuator/health,29.300000,0.000000,4,5,6,6,8,9,13,14,19,19,19,10330,0,4,5.070535498599108,2.1606000082101673,63.11669999558944,49.0

1790085902,200,GET,[GET] /api/soporte/election/status,26.000000,0.000000,4,5,6,6,8,8,12,14,47,47,47,10054,0,4,4.7388582754301956,1.9994999893242493,50.95859999710228,78.0

1790085902,200,GET,[GET] /api/soporte/tickets,56.000000,0.000000,7,8,9,9,11,14,20,24,58,58,58,20298,0,7,7.400231953941141,3.699399996548891,311.45700000342913,84651.0

1790085902,200,GET,[GET] /health,85.800000,0.000000,4,5,6,6,7,8,11,16,45,45,45,30505,0,4,4.570193371611752,1.6982999950414523,82.81900000292808,83.9971480085232

1790085902,200,,Aggregated,197.100000,0.000000,5,6,7,7,9,11,14,18,47,58,58,71187,0,5,5.473566378746368,1.6982999950414523,311.45700000342913,24191.196608931405

1790085903,200,GET,[GET] /actuator/health,29.200000,0.000000,4,5,6,6,8,9,11,13,19,19,19,10360,0,4,5.072436669935406,2.1606000082101673,63.11669999558944,49.0

1790085903,200,GET,[GET] /api/soporte/election/status,27.000000,0.000000,4,5,6,7,8,9,12,12,47,47,47,10077,0,4,4.740224481611167,1.9994999893242493,50.95859999710228,78.0

1790085903,200,GET,[GET] /api/soporte/tickets,55.000000,0.000000,7,8,8,9,11,13,19,22,58,58,58,20357,0,7,7.40244625932675,3.699399996548891,311.45700000342913,84651.0

1790085903,200,GET,[GET] /health,86.200000,0.000000,4,5,5,6,7,9,12,16,45,45,45,30592,0,4,4.572470704791778,1.6982999950414523,82.81900000292808,83.9970580543933

1790085903,200,,Aggregated,197.400000,0.000000,5,6,7,7,9,11,14,18,47,58,58,71386,0,5,5.475727850052269,1.6982999950414523,311.45700000342913,24193.871221247864

1790085904,200,GET,[GET] /actuator/health,29.600000,0.000000,4,5,6,6,8,9,11,13,19,19,19,10388,0,4,5.073207913026879,2.1606000082101673,63.11669999558944,49.0

1790085904,200,GET,[GET] /api/soporte/election/status,28.800000,0.000000,4,5,6,7,8,9,12,13,47,47,47,10110,0,4,4.741789564904796,1.9994999893242493,50.95859999710228,78.0

1790085904,200,GET,[GET] /api/soporte/tickets,55.200000,0.000000,7,8,8,9,11,13,19,22,58,58,58,20404,0,7,7.40145371501341,3.699399996548891,311.45700000342913,84651.0

1790085904,200,GET,[GET] /health,85.000000,0.000000,4,5,6,6,7,9,12,16,45,45,45,30687,0,4,4.573046723400583,1.6982999950414523,82.81900000292808,83.99706716199042

1790085904,200,,Aggregated,198.600000,0.000000,5,6,7,7,9,11,14,18,47,58,58,71589,0,5,5.475594332981855,1.6982999950414523,311.45700000342913,24181.00845101901

1790085905,200,GET,[GET] /actuator/health,30.400000,0.000000,4,5,6,6,8,9,13,15,19,19,19,10409,0,4,5.076388692530413,2.1606000082101673,63.11669999558944,49.0

1790085905,200,GET,[GET] /api/soporte/election/status,29.300000,0.000000,4,5,6,7,8,11,13,14,47,47,47,10141,0,4,4.745965181061439,1.9994999893242493,50.95859999710228,78.0

1790085905,200,GET,[GET] /api/soporte/tickets,55.100000,0.000000,7,8,9,9,12,14,21,24,58,58,58,20462,0,7,7.404903831545451,3.699399996548891,311.45700000342913,84651.0

1790085905,200,GET,[GET] /health,84.200000,0.000000,4,5,6,6,8,11,14,16,45,45,45,30774,0,4,4.579839985085847,1.6982999950414523,82.81900000292808,83.99707545330473

1790085905,200,,Aggregated,199.000000,0.000000,5,6,7,7,9,12,15,19,47,58,58,71786,0,5,5.48056864435695,1.6982999950414523,311.45700000342913,24183.193477836903

1790085906,200,GET,[GET] /actuator/health,30.700000,0.000000,5,6,6,7,9,10,13,15,19,19,19,10434,0,4,5.079044287954953,2.1606000082101673,63.11669999558944,49.0

1790085906,200,GET,[GET] /api/soporte/election/status,29.300000,0.000000,4,5,6,7,8,11,13,14,47,47,47,10168,0,4,4.7464139654960835,1.9994999893242493,50.95859999710228,78.0

1790085906,200,GET,[GET] /api/soporte/tickets,54.200000,0.000000,7,8,9,9,12,15,21,25,58,58,58,20526,0,7,7.4088023288029445,3.699399996548891,311.45700000342913,84651.0

1790085906,200,GET,[GET] /health,84.800000,0.000000,4,5,6,6,8,11,15,16,45,45,45,30852,0,4,4.5801932484462995,1.6982999950414523,82.81900000292808,83.99708284714119

1790085906,200,,Aggregated,199.000000,0.000000,5,6,7,8,10,12,16,20,47,58,58,71980,0,5,5.482599110916374,1.6982999950414523,311.45700000342913,24193.418644067795

1790085907,200,GET,[GET] /actuator/health,29.400000,0.000000,5,6,6,7,9,10,13,14,19,19,19,10461,0,4,5.078672603058248,2.1606000082101673,63.11669999558944,49.0

1790085907,200,GET,[GET] /api/soporte/election/status,29.100000,0.000000,4,5,6,7,8,11,13,14,47,47,47,10195,0,4,4.746500853475769,1.9994999893242493,50.95859999710228,78.0

1790085907,200,GET,[GET] /api/soporte/tickets,53.800000,0.000000,7,8,9,9,12,15,21,24,58,58,58,20589,0,7,7.409154864294717,3.699399996548891,311.45700000342913,84651.0

1790085907,200,GET,[GET] /health,85.400000,0.000000,4,5,6,6,8,11,13,16,45,45,45,30937,0,4,4.578816478684038,1.6982999950414523,82.81900000292808,83.99709086207454

1790085907,200,,Aggregated,197.700000,0.000000,5,6,7,8,9,12,15,19,47,58,58,72182,0,5,5.48226019234421,1.6982999950414523,311.45700000342913,24199.74309384611

1790085908,200,GET,[GET] /actuator/health,28.100000,0.000000,5,6,6,7,9,10,12,13,15,15,15,10486,0,4,5.081721886374751,2.1606000082101673,63.11669999558944,49.0

1790085908,200,GET,[GET] /api/soporte/election/status,29.600000,0.000000,4,5,6,7,8,10,13,13,16,16,16,10221,0,4,4.74845871256743,1.9994999893242493,50.95859999710228,78.0

1790085908,200,GET,[GET] /api/soporte/tickets,55.400000,0.000000,7,8,9,9,12,15,20,24,37,37,37,20647,0,7,7.411359321013646,3.699399996548891,311.45700000342913,84651.0

1790085908,200,GET,[GET] /health,84.400000,0.000000,4,5,6,6,8,10,13,15,20,20,20,31027,0,4,4.579887175719372,1.6982999950414523,82.81900000292808,83.99709930060915

1790085908,200,,Aggregated,197.500000,0.000000,5,6,7,8,9,12,15,17,35,37,37,72381,0,5,5.48408321940414,1.6982999950414523,311.45700000342913,24201.1912932952

1790085909,200,GET,[GET] /actuator/health,28.400000,0.000000,5,6,6,7,9,11,13,14,16,16,16,10519,0,4,5.0825824603619525,2.1606000082101673,63.11669999558944,49.0

1790085909,200,GET,[GET] /api/soporte/election/status,30.200000,0.000000,4,5,6,7,8,11,13,14,17,17,17,10249,0,4,4.75232566115065,1.9994999893242493,50.95859999710228,78.0

1790085909,200,GET,[GET] /api/soporte/tickets,55.700000,0.000000,7,8,9,9,12,14,18,21,37,37,37,20703,0,7,7.413469067335683,3.699399996548891,311.45700000342913,84651.0

1790085909,200,GET,[GET] /health,83.700000,0.000000,4,5,6,7,8,11,13,15,20,20,20,31111,0,4,4.582087229632909,1.6982999950414523,82.81900000292808,83.99710713252547

1790085909,200,,Aggregated,198.000000,0.000000,5,6,7,8,10,12,15,16,31,37,37,72582,0,5,5.486272581409171,1.6982999950414523,311.45700000342913,24199.632691300874

1790085910,200,GET,[GET] /actuator/health,27.300000,0.000000,5,6,7,7,9,10,13,14,16,16,16,10549,0,4,5.0847958954014745,2.1606000082101673,63.11669999558944,49.0

1790085910,200,GET,[GET] /api/soporte/election/status,29.700000,0.000000,4,5,6,7,8,11,13,14,17,17,17,10273,0,4,4.752028764829581,1.9994999893242493,50.95859999710228,78.0

1790085910,200,GET,[GET] /api/soporte/tickets,54.800000,0.000000,7,8,9,9,12,14,18,21,37,37,37,20757,0,7,7.412033776605557,3.699399996548891,311.45700000342913,84651.0

1790085910,200,GET,[GET] /health,83.800000,0.000000,4,5,6,7,8,11,13,15,20,20,20,31194,0,4,4.582493303235572,1.6982999950414523,82.81900000292808,83.99711482977496

1790085910,200,,Aggregated,195.600000,0.000000,5,6,7,8,10,12,14,16,31,37,37,72773,0,5,5.486306523076092,1.6982999950414523,311.45700000342913,24199.073942258805

1790085911,200,GET,[GET] /actuator/health,27.100000,0.000000,5,6,7,7,9,10,13,14,16,16,16,10584,0,4,5.083824574885388,2.1606000082101673,63.11669999558944,49.0

1790085911,200,GET,[GET] /api/soporte/election/status,30.000000,0.000000,4,5,6,7,8,11,13,14,17,17,17,10297,0,4,4.750638904644314,1.9994999893242493,50.95859999710228,78.0

1790085911,200,GET,[GET] /api/soporte/tickets,55.700000,0.000000,7,8,9,9,12,14,18,21,37,37,37,20817,0,7,7.410424359947666,3.699399996548891,311.45700000342913,84651.0

1790085911,200,GET,[GET] /health,84.100000,0.000000,4,5,6,7,8,10,13,15,20,20,20,31276,0,4,4.581222004129405,1.6982999950414523,82.81900000292808,83.99712239416806

1790085911,200,,Aggregated,196.900000,0.000000,5,6,7,8,10,12,14,16,31,37,37,72974,0,5,5.485099232656717,1.6982999950414523,311.45700000342913,24202.16437361252

1790085912,200,GET,[GET] /actuator/health,27.600000,0.000000,5,6,7,7,9,10,13,15,29,29,29,10614,0,4,5.085323648070389,2.1606000082101673,63.11669999558944,49.0

1790085912,200,GET,[GET] /api/soporte/election/status,29.600000,0.000000,4,5,6,7,8,11,13,14,17,17,17,10329,0,4,4.748401616911139,1.9994999893242493,50.95859999710228,78.0

1790085912,200,GET,[GET] /api/soporte/tickets,55.100000,0.000000,7,8,9,9,12,14,19,22,37,37,37,20867,0,7,7.409770671442197,3.699399996548891,311.45700000342913,84651.0

1790085912,200,GET,[GET] /health,83.800000,0.000000,4,5,6,7,8,10,13,15,20,20,20,31353,0,4,4.580014671677662,1.6982999950414523,82.81900000292808,83.99703377667208

1790085912,200,,Aggregated,196.100000,0.000000,5,6,7,8,10,12,15,17,37,37,37,73163,0,5,5.484175745988933,1.6982999950414523,311.45700000342913,24197.6371116548

1790085913,200,GET,[GET] /actuator/health,28.600000,0.000000,5,6,7,8,9,11,14,16,29,29,29,10646,0,4,5.0905074958400105,2.1606000082101673,63.11669999558944,49.0

1790085913,200,GET,[GET] /api/soporte/election/status,28.500000,0.000000,4,5,6,7,8,11,14,16,33,33,33,10355,0,4,4.752619864897131,1.9994999893242493,50.95859999710228,78.0

1790085913,200,GET,[GET] /api/soporte/tickets,56.100000,0.000000,7,8,9,9,12,15,19,21,37,37,37,20911,0,7,7.412856506190658,3.699399996548891,311.45700000342913,84651.0

1790085913,200,GET,[GET] /health,82.800000,0.000000,4,5,6,7,8,10,13,15,20,20,20,31451,0,4,4.582648764782896,1.6982999950414523,82.81900000292808,83.99704301929987

1790085913,200,,Aggregated,196.000000,0.000000,5,6,7,8,9,12,15,17,37,37,37,73363,0,5,5.487044562025302,1.6982999950414523,311.45700000342913,24182.601529381296

1790085914,200,GET,[GET] /actuator/health,27.400000,0.000000,5,6,7,7,9,10,13,16,29,29,29,10679,0,4,5.090785682250681,2.1606000082101673,63.11669999558944,49.0

1790085914,200,GET,[GET] /api/soporte/election/status,26.700000,0.000000,4,5,6,7,8,9,12,16,33,33,33,10386,0,4,4.751961891110353,1.9994999893242493,50.95859999710228,78.0

1790085914,200,GET,[GET] /api/soporte/tickets,57.200000,0.000000,7,8,9,9,11,15,19,21,37,37,37,20947,0,7,7.411604941084765,3.699399996548891,311.45700000342913,84651.0

1790085914,200,GET,[GET] /health,84.300000,0.000000,4,5,6,6,8,10,12,14,20,20,20,31539,0,4,4.58239059580918,1.6982999950414523,82.81900000292808,83.99705126985637

1790085914,200,,Aggregated,195.600000,0.000000,5,6,7,7,9,11,15,17,37,37,37,73551,0,5,5.485897978327357,1.6982999950414523,311.45700000342913,24162.37792824027

1790085915,200,GET,[GET] /actuator/health,28.100000,0.000000,5,6,7,7,9,10,12,16,29,29,29,10709,0,4,5.091806788756527,2.1606000082101673,63.11669999558944,49.0

1790085915,200,GET,[GET] /api/soporte/election/status,27.100000,0.000000,4,5,6,6,8,9,11,15,33,33,33,10413,0,4,4.7507317008620875,1.9994999893242493,50.95859999710228,78.0

1790085915,200,GET,[GET] /api/soporte/tickets,55.200000,0.000000,7,8,8,9,11,13,17,20,37,37,37,21000,0,7,7.412064319093978,3.699399996548891,311.45700000342913,84651.0

1790085915,200,GET,[GET] /health,84.500000,0.000000,4,5,6,6,8,9,11,12,18,18,18,31619,0,4,4.583041026003442,1.6982999950414523,82.81900000292808,83.99705873051013

1790085915,200,,Aggregated,194.900000,0.000000,5,6,7,7,9,11,13,16,33,37,37,73741,0,5,5.486256668665287,1.6982999950414523,311.45700000342913,24161.10248030268

1790085916,200,GET,[GET] /actuator/health,28.100000,0.000000,5,6,6,7,9,10,12,16,29,29,29,10741,0,4,5.091160888261093,2.1606000082101673,63.11669999558944,49.0

1790085916,200,GET,[GET] /api/soporte/election/status,27.300000,0.000000,4,5,6,6,8,9,11,15,33,33,33,10436,0,4,4.751319988603014,1.9994999893242493,50.95859999710228,78.0

1790085916,200,GET,[GET] /api/soporte/tickets,53.900000,0.000000,7,8,8,9,11,13,15,18,37,37,37,21054,0,7,7.41147924864894,3.699399996548891,311.45700000342913,84651.0

1790085916,200,GET,[GET] /health,85.500000,0.000000,4,5,5,6,8,9,11,12,18,18,18,31712,0,4,4.582987670318951,1.6982999950414523,82.81900000292808,83.99706735620585

1790085916,200,,Aggregated,194.800000,0.000000,5,6,7,7,9,11,13,15,33,37,37,73943,0,5,5.485927317042624,1.6982999950414523,311.45700000342913,24157.069445383608

1790085917,200,GET,[GET] /actuator/health,29.800000,0.000000,5,6,7,7,9,9,11,14,29,29,29,10774,0,4,5.090472099576294,2.1606000082101673,63.11669999558944,49.0

1790085917,200,GET,[GET] /api/soporte/election/status,27.100000,0.000000,4,5,6,6,7,9,11,15,33,33,33,10458,0,4,4.751547906010135,1.9994999893242493,50.95859999710228,78.0

1790085917,200,GET,[GET] /api/soporte/tickets,53.700000,0.000000,7,8,8,9,11,12,15,17,37,37,37,21122,0,7,7.410975684171663,3.699399996548891,311.45700000342913,84651.0

1790085917,200,GET,[GET] /health,83.500000,0.000000,4,5,5,6,8,9,10,12,18,18,18,31789,0,4,4.582553899182127,1.6982999950414523,82.81900000292808,83.99707445971877

1790085917,200,,Aggregated,194.100000,0.000000,5,6,7,7,9,10,13,15,33,37,37,74143,0,5,5.485964537502711,1.6982999950414523,311.45700000342913,24169.675559391984

1790085918,200,GET,[GET] /actuator/health,29.800000,0.000000,5,6,6,7,8,9,11,14,29,29,29,10798,0,4,5.088809825970571,2.1606000082101673,63.11669999558944,49.0

1790085918,200,GET,[GET] /api/soporte/election/status,27.000000,0.000000,4,5,6,6,7,8,9,11,33,33,33,10481,0,4,4.751267417328866,1.9994999893242493,50.95859999710228,78.0

1790085918,200,GET,[GET] /api/soporte/tickets,53.000000,0.000000,7,7,8,9,10,12,14,16,37,37,37,21180,0,7,7.409876661996514,3.699399996548891,311.45700000342913,84651.0

1790085918,200,GET,[GET] /health,84.500000,0.000000,4,5,5,6,8,9,10,12,18,18,18,31877,0,4,4.582278119053089,1.6982999950414523,82.81900000292808,83.99698842425573

1790085918,200,,Aggregated,194.300000,0.000000,5,6,7,7,9,10,12,14,33,37,37,74336,0,5,5.485329713785993,1.6982999950414523,311.45700000342913,24173.110901851054

1790085919,200,GET,[GET] /actuator/health,30.800000,0.000000,5,6,6,7,8,9,10,14,29,29,29,10825,0,4,5.087538328021496,2.1606000082101673,63.11669999558944,49.0

1790085919,200,GET,[GET] /api/soporte/election/status,25.700000,0.000000,4,5,6,6,7,8,9,11,33,33,33,10513,0,4,4.749794169221196,1.9994999893242493,50.95859999710228,78.0

1790085919,200,GET,[GET] /api/soporte/tickets,52.300000,0.000000,7,7,8,9,10,11,14,16,37,37,37,21229,0,7,7.407645927793534,3.699399996548891,311.45700000342913,84651.0

1790085919,200,GET,[GET] /health,85.200000,0.000000,4,5,5,6,7,9,10,12,18,18,18,31971,0,4,4.580952269276176,1.6982999950414523,82.81900000292808,83.9969972787839

1790085919,200,,Aggregated,194.000000,0.000000,5,6,7,7,8,10,12,14,33,37,37,74538,0,5,5.483400800987586,1.6982999950414523,311.45700000342913,24163.406396737235

1790085920,200,GET,[GET] /actuator/health,31.200000,0.000000,4,6,6,7,8,9,11,14,29,29,29,10848,0,4,5.086621036211118,2.1606000082101673,63.11669999558944,49.0

1790085920,200,GET,[GET] /api/soporte/election/status,26.300000,0.000000,4,5,6,6,7,8,9,15,33,33,33,10540,0,4,4.7490778843436745,1.9994999893242493,50.95859999710228,78.0

1790085920,200,GET,[GET] /api/soporte/tickets,53.500000,0.000000,7,7,8,9,10,12,16,18,37,37,37,21290,0,7,7.409573964357778,3.699399996548891,311.45700000342913,84651.0

1790085920,200,GET,[GET] /health,83.500000,0.000000,4,5,5,6,7,9,11,14,23,23,23,32059,0,4,4.582226454384618,1.6982999950414523,82.81900000292808,83.99700552107052

1790085920,200,,Aggregated,194.500000,0.000000,5,6,7,7,9,10,13,16,33,37,37,74737,0,5,5.484383551709248,1.6982999950414523,311.45700000342913,24168.301135983515

1790085921,200,GET,[GET] /actuator/health,31.000000,0.000000,4,6,6,6,8,9,10,11,18,18,18,10883,0,4,5.085740016614033,2.1606000082101673,63.11669999558944,49.0

1790085921,200,GET,[GET] /api/soporte/election/status,25.400000,0.000000,4,5,6,6,7,8,11,15,33,33,33,10563,0,4,4.748901685218399,1.9994999893242493,50.95859999710228,78.0

1790085921,200,GET,[GET] /api/soporte/tickets,53.000000,0.000000,7,7,8,9,10,12,16,18,29,29,29,21347,0,7,7.408881346384026,3.699399996548891,311.45700000342913,84651.0

1790085921,200,GET,[GET] /health,85.300000,0.000000,4,5,5,6,7,9,11,14,23,23,23,32156,0,4,4.580593114852066,1.6982999950414523,82.81900000292808,83.99701455404902

1790085921,200,,Aggregated,194.700000,0.000000,5,6,7,7,8,10,13,15,29,33,33,74949,0,5,5.4832179135707655,1.6982999950414523,311.45700000342913,24164.47298829871

1790085922,200,GET,[GET] /actuator/health,30.400000,0.000000,5,6,6,6,8,9,10,11,18,18,18,10905,0,4,5.086243796498956,2.1606000082101673,63.11669999558944,49.0

1790085922,200,GET,[GET] /api/soporte/election/status,26.100000,0.000000,4,5,6,6,7,8,9,11,15,15,15,10595,0,4,4.748704804238521,1.9994999893242493,50.95859999710228,78.0

1790085922,200,GET,[GET] /api/soporte/tickets,53.400000,0.000000,7,7,8,9,10,12,16,20,29,29,29,21404,0,7,7.407810203759044,3.699399996548891,311.45700000342913,84651.0

1790085922,200,GET,[GET] /health,86.500000,0.000000,4,5,5,6,7,9,11,14,23,23,23,32228,0,4,4.579069948528064,1.6982999950414523,82.81900000292808,83.99702122378056

1790085922,200,,Aggregated,196.400000,0.000000,5,6,7,7,8,10,12,15,29,29,29,75132,0,5,5.4824715421411545,1.6982999950414523,311.45700000342913,24169.965061491774

1790085923,200,GET,[GET] /actuator/health,29.200000,0.000000,4,5,6,6,8,9,10,11,15,15,15,10937,0,4,5.087467568878115,2.1606000082101673,63.11669999558944,49.0

1790085923,200,GET,[GET] /api/soporte/election/status,26.600000,0.000000,4,5,6,6,7,8,10,11,15,15,15,10620,0,4,4.7490291337967365,1.9994999893242493,50.95859999710228,78.0

1790085923,200,GET,[GET] /api/soporte/tickets,52.800000,0.000000,7,7,8,9,10,11,16,20,29,29,29,21457,0,7,7.4082892296814284,3.699399996548891,311.45700000342913,84651.0

1790085923,200,GET,[GET] /health,87.600000,0.000000,4,5,5,6,7,9,11,12,23,23,23,32320,0,4,4.5804434591959176,1.6982999950414523,82.81900000292808,83.9970297029703

1790085923,200,,Aggregated,196.200000,0.000000,5,6,7,7,8,10,12,15,29,29,29,75334,0,5,5.483260105718902,1.6982999950414523,311.45700000342913,24164.860010088407

1790085924,200,GET,[GET] /actuator/health,29.800000,0.000000,4,5,6,6,8,9,10,12,15,15,15,10966,0,4,5.086789567829813,2.1606000082101673,63.11669999558944,49.0

1790085924,200,GET,[GET] /api/soporte/election/status,27.000000,0.000000,4,5,6,6,7,8,11,11,15,15,15,10645,0,4,4.7486928417958705,1.9994999893242493,50.95859999710228,78.0

1790085924,200,GET,[GET] /api/soporte/tickets,52.500000,0.000000,7,7,8,9,10,12,14,20,29,29,29,21523,0,7,7.40803035363506,3.699399996548891,311.45700000342913,84651.0

1790085924,200,GET,[GET] /health,87.100000,0.000000,4,5,5,6,7,9,11,12,23,23,23,32394,0,4,4.580826480249913,1.6982999950414523,82.81900000292808,83.99703648823856

1790085924,200,,Aggregated,196.400000,0.000000,5,6,7,7,8,10,12,14,29,29,29,75528,0,5,5.48360740393287,1.6982999950414523,311.45700000342913,24176.8895906154

1790085925,200,GET,[GET] /actuator/health,29.000000,0.000000,4,5,6,6,8,9,11,13,33,33,33,11001,0,4,5.089943905177405,2.1606000082101673,63.11669999558944,49.0

1790085925,200,GET,[GET] /api/soporte/election/status,26.600000,0.000000,4,5,6,6,7,8,11,11,15,15,15,10669,0,4,4.750344746547358,1.9994999893242493,50.95859999710228,78.0

1790085925,200,GET,[GET] /api/soporte/tickets,54.500000,0.000000,7,7,8,9,10,12,17,21,34,34,34,21585,0,7,7.411372805249025,3.699399996548891,311.45700000342913,84651.0

1790085925,200,GET,[GET] /health,86.100000,0.000000,4,5,5,6,7,8,11,12,23,23,23,32469,0,4,4.582143115009118,1.6982999950414523,82.81900000292808,83.99704333364132

1790085925,200,,Aggregated,196.200000,0.000000,5,6,7,7,8,10,13,16,33,34,34,75724,0,5,5.486080870058392,1.6982999950414523,311.45700000342913,24183.75106967408

1790085926,200,GET,[GET] /actuator/health,28.800000,0.000000,5,5,6,6,8,9,11,13,33,33,33,11033,0,4,5.0912292305715585,2.1606000082101673,63.11669999558944,49.0

1790085926,200,GET,[GET] /api/soporte/election/status,26.400000,0.000000,4,5,6,6,7,8,11,11,15,15,15,10690,0,4,4.751293657707097,1.9994999893242493,50.95859999710228,78.0

1790085926,200,GET,[GET] /api/soporte/tickets,54.700000,0.000000,7,8,8,9,11,13,18,21,34,34,34,21627,0,7,7.4122339946040805,3.699399996548891,311.45700000342913,84651.0

1790085926,200,GET,[GET] /health,85.000000,0.000000,4,5,5,6,7,8,11,12,23,23,23,32568,0,4,4.581434902394273,1.6982999950414523,82.81900000292808,83.99705232129698

1790085926,200,,Aggregated,194.900000,0.000000,5,6,7,7,9,10,13,16,33,34,34,75918,0,5,5.485858660716352,1.6982999950414523,311.45700000342913,24168.93529861166

1790085927,200,GET,[GET] /actuator/health,28.300000,0.000000,5,5,6,6,8,9,11,13,33,33,33,11066,0,4,5.0909441443053485,2.1606000082101673,63.11669999558944,49.0

1790085927,200,GET,[GET] /api/soporte/election/status,25.500000,0.000000,4,5,6,6,7,9,11,13,15,15,15,10717,0,4,4.752005001477118,1.9994999893242493,50.95859999710228,78.0

1790085927,200,GET,[GET] /api/soporte/tickets,57.400000,0.000000,7,7,8,9,11,13,18,25,34,34,34,21688,0,7,7.413970117173725,3.699399996548891,311.45700000342913,84651.0

1790085927,200,GET,[GET] /health,85.400000,0.000000,4,5,5,6,7,9,11,12,23,23,23,32654,0,4,4.581458663604714,1.6982999950414523,82.81900000292808,83.99706008452257

1790085927,200,,Aggregated,196.600000,0.000000,5,6,7,7,9,10,13,16,33,34,34,76125,0,5,5.486512454572418,1.6982999950414523,311.45700000342913,24171.190646962234

1790085928,200,GET,[GET] /actuator/health,29.700000,0.000000,5,6,6,7,8,9,11,13,33,33,33,11094,0,4,5.091176212444793,2.1606000082101673,63.11669999558944,49.0

1790085928,200,GET,[GET] /api/soporte/election/status,24.900000,0.000000,4,5,6,6,8,10,11,13,15,15,15,10735,0,4,4.753466939989457,1.9994999893242493,50.95859999710228,78.0

1790085928,200,GET,[GET] /api/soporte/tickets,57.900000,0.000000,7,8,8,9,11,13,19,25,34,34,34,21742,0,7,7.413561185782751,3.699399996548891,311.45700000342913,84651.0

1790085928,200,GET,[GET] /health,84.000000,0.000000,4,5,5,6,8,9,11,12,23,23,23,32748,0,4,4.581746424251346,1.6982999950414523,82.81900000292808,83.9970685232686

1790085928,200,,Aggregated,196.500000,0.000000,5,6,7,7,9,11,13,17,33,34,34,76319,0,5,5.486689496774342,1.6982999950414523,311.45700000342913,24169.783592552314

1790085929,200,GET,[GET] /actuator/health,29.000000,0.000000,5,5,6,6,8,10,11,13,33,33,33,11131,0,4,5.0918773516127835,2.1606000082101673,63.11669999558944,49.0

1790085929,200,GET,[GET] /api/soporte/election/status,25.900000,0.000000,4,5,6,6,8,9,11,11,13,13,13,10767,0,4,4.753335302382369,1.9994999893242493,50.95859999710228,78.0

1790085929,200,GET,[GET] /api/soporte/tickets,56.700000,0.000000,7,7,8,9,11,13,18,20,34,34,34,21809,0,7,7.413321298603666,3.699399996548891,311.45700000342913,84651.0

1790085929,200,GET,[GET] /health,84.400000,0.000000,4,5,5,6,8,9,10,11,19,19,19,32818,0,4,4.583120921486774,1.6982999950414523,82.81900000292808,83.99707477603754

1790085929,200,,Aggregated,196.000000,0.000000,5,6,7,7,9,10,12,15,33,34,34,76525,0,5,5.487655466895174,1.6982999950414523,311.45700000342913,24178.967918980725

1790085930,200,GET,[GET] /actuator/health,29.700000,0.000000,5,6,6,7,8,10,11,13,33,33,33,11148,0,4,5.09242663264639,2.1606000082101673,63.11669999558944,49.0

1790085930,200,GET,[GET] /api/soporte/election/status,25.400000,0.000000,5,5,6,7,9,10,12,12,13,13,13,10797,0,4,4.755577966170996,1.9994999893242493,50.95859999710228,78.0

1790085930,200,GET,[GET] /api/soporte/tickets,56.200000,0.000000,7,8,8,9,11,13,17,20,34,34,34,21870,0,7,7.413746140886149,3.699399996548891,311.45700000342913,84651.0

1790085930,200,GET,[GET] /health,86.900000,0.000000,4,5,6,6,8,9,11,12,19,19,19,32915,0,4,4.585520829447912,1.6982999950414523,82.81900000292808,83.99708339662767

1790085930,200,,Aggregated,198.200000,0.000000,5,6,7,7,9,11,13,16,33,34,34,76730,0,5,5.489214044102024,1.6982999950414523,311.45700000342913,24181.813527955168

1790085931,200,GET,[GET] /actuator/health,30.000000,0.000000,5,5,6,7,8,10,11,13,33,33,33,11182,0,4,5.0915561885903164,2.1606000082101673,63.11669999558944,49.0

1790085931,200,GET,[GET] /api/soporte/election/status,25.800000,0.000000,4,5,6,7,9,10,12,12,13,13,13,10823,0,4,4.7555839231940995,1.9994999893242493,50.95859999710228,78.0

1790085931,200,GET,[GET] /api/soporte/tickets,56.700000,0.000000,7,8,8,9,11,13,17,20,34,34,34,21929,0,7,7.412666665197655,3.699399996548891,311.45700000342913,84651.0

1790085931,200,GET,[GET] /health,86.100000,0.000000,4,5,6,6,8,9,11,12,19,19,19,32993,0,4,4.584968105393935,1.6982999950414523,82.81900000292808,83.9970902918801

1790085931,200,,Aggregated,198.600000,0.000000,5,6,7,8,9,11,13,15,33,34,34,76927,0,5,5.488679996671236,1.6982999950414523,311.45700000342913,24184.9442588428

1790085932,200,GET,[GET] /actuator/health,30.300000,0.000000,5,5,6,7,8,10,11,13,33,33,33,11213,0,4,5.090153910712813,2.1606000082101673,63.11669999558944,49.0

1790085932,200,GET,[GET] /api/soporte/election/status,25.500000,0.000000,4,5,6,7,9,10,12,12,13,13,13,10846,0,4,4.755085893488659,1.9994999893242493,50.95859999710228,78.0

1790085932,200,GET,[GET] /api/soporte/tickets,56.600000,0.000000,7,8,8,9,11,13,16,20,34,34,34,21982,0,7,7.411639250344434,3.699399996548891,311.45700000342913,84651.0

1790085932,200,GET,[GET] /health,84.800000,0.000000,4,5,6,6,8,9,11,12,19,19,19,33076,0,4,4.584259723100652,1.6982999950414523,82.81900000292808,83.99709759342122

1790085932,200,,Aggregated,197.200000,0.000000,5,6,7,7,9,11,13,15,33,34,34,77117,0,5,5.487780722849038,1.6982999950414523,311.45700000342913,24183.66890568876

1790085933,200,GET,[GET] /actuator/health,29.700000,0.000000,5,5,6,6,8,11,11,12,33,33,33,11242,0,4,5.091658299306841,2.1606000082101673,63.11669999558944,49.0

1790085933,200,GET,[GET] /api/soporte/election/status,25.700000,0.000000,4,5,6,7,9,10,12,13,14,14,14,10884,0,4,4.757070966631476,1.9994999893242493,50.95859999710228,78.0

1790085933,200,GET,[GET] /api/soporte/tickets,57.800000,0.000000,7,8,8,9,11,13,16,20,35,35,35,22041,0,7,7.412665060621069,3.699399996548891,311.45700000342913,84651.0

1790085933,200,GET,[GET] /health,84.100000,0.000000,4,5,6,6,8,9,11,12,18,18,18,33148,0,4,4.585125009088208,1.6982999950414523,82.81900000292808,83.99710389767105

1790085933,200,,Aggregated,197.300000,0.000000,5,6,7,7,9,11,13,15,34,35,35,77315,0,5,5.489059786639454,1.6982999950414523,311.45700000342913,24186.468822350125

1790085934,200,GET,[GET] /actuator/health,30.000000,0.000000,5,5,6,7,8,11,11,12,33,33,33,11264,0,4,5.091707794813322,2.1606000082101673,63.11669999558944,49.0

1790085934,200,GET,[GET] /api/soporte/election/status,25.100000,0.000000,4,5,6,7,8,10,12,13,14,14,14,10911,0,4,4.753676418369542,1.9994999893242493,50.95859999710228,78.0

1790085934,200,GET,[GET] /api/soporte/tickets,57.400000,0.000000,7,8,8,9,11,12,15,20,35,35,35,22102,0,7,7.411467057330225,3.699399996548891,311.45700000342913,84651.0

1790085934,200,GET,[GET] /health,83.600000,0.000000,4,5,6,6,8,9,11,12,16,16,16,33235,0,4,4.584386306641198,1.6982999950414523,82.81900000292808,83.99711147886265

1790085934,200,,Aggregated,196.100000,0.000000,5,6,7,7,9,11,12,14,34,35,35,77512,0,5,5.488062284600322,1.6982999950414523,311.45700000342913,24191.751470740015

1790085935,200,GET,[GET] /actuator/health,31.000000,0.000000,5,5,6,7,9,11,11,12,14,14,14,11295,0,4,5.091477299757966,2.1606000082101673,63.11669999558944,49.0

1790085935,200,GET,[GET] /api/soporte/election/status,25.500000,0.000000,4,5,6,6,8,10,12,12,14,14,14,10932,0,4,4.7529407977315135,1.9994999893242493,50.95859999710228,78.0

1790085935,200,GET,[GET] /api/soporte/tickets,56.600000,0.000000,7,8,8,9,10,12,14,17,35,35,35,22172,0,7,7.409705457386398,3.699399996548891,311.45700000342913,84651.0

1790085935,200,GET,[GET] /health,83.800000,0.000000,4,5,6,6,8,9,11,12,16,16,16,33311,0,4,4.584327201263171,1.6982999950414523,82.81900000292808,83.9971180691063

1790085935,200,,Aggregated,196.900000,0.000000,5,6,7,7,9,11,12,14,32,35,35,77710,0,5,5.487889559953878,1.6982999950414523,311.45700000342913,24206.48759490413

1790085936,200,GET,[GET] /actuator/health,29.700000,0.000000,4,5,6,6,8,11,11,12,14,14,14,11323,0,4,5.090288748630175,2.1606000082101673,63.11669999558944,49.0

1790085936,200,GET,[GET] /api/soporte/election/status,26.100000,0.000000,4,5,6,6,8,10,12,12,14,14,14,10961,0,4,4.753741529130416,1.9994999893242493,50.95859999710228,78.0

1790085936,200,GET,[GET] /api/soporte/tickets,58.700000,0.000000,7,7,8,9,10,12,14,17,35,35,35,22229,0,7,7.409699604171565,3.699399996548891,311.45700000342913,84651.0

1790085936,200,GET,[GET] /health,82.100000,0.000000,4,5,6,6,8,9,11,12,16,16,16,33403,0,4,4.584269865021597,1.6982999950414523,82.81900000292808,83.99712600664611

1790085936,200,,Aggregated,196.600000,0.000000,5,6,7,7,9,11,12,14,32,35,35,77916,0,5,5.487726259099339,1.6982999950414523,311.45700000342913,24204.561579136505

1790085937,200,GET,[GET] /actuator/health,29.500000,0.000000,4,5,6,6,8,9,11,12,14,14,14,11350,0,4,5.088686925173934,2.1606000082101673,63.11669999558944,49.0

1790085937,200,GET,[GET] /api/soporte/election/status,26.500000,0.000000,4,5,6,6,8,9,11,12,14,14,14,10995,0,4,4.750323383435478,1.9994999893242493,50.95859999710228,78.0

1790085937,200,GET,[GET] /api/soporte/tickets,58.000000,0.000000,7,7,8,8,10,12,14,16,35,35,35,22274,0,7,7.407582225962955,3.699399996548891,311.45700000342913,84651.0

1790085937,200,GET,[GET] /health,84.100000,0.000000,4,5,6,6,7,9,11,12,16,16,16,33485,0,4,4.582393976447471,1.6982999950414523,82.81900000292808,83.99713304464686

1790085937,200,,Aggregated,198.100000,0.000000,5,6,7,7,9,10,12,14,20,35,35,78104,0,5,5.485306143142984,1.6982999950414523,311.45700000342913,24195.211231178942

1790085938,200,GET,[GET] /actuator/health,28.500000,0.000000,4,5,6,6,7,9,12,13,14,14,14,11375,0,4,5.089823305563346,2.1606000082101673,63.11669999558944,49.0

1790085938,200,GET,[GET] /api/soporte/election/status,26.400000,0.000000,4,5,6,6,8,9,12,12,14,14,14,11030,0,4,4.750885738972097,1.9994999893242493,50.95859999710228,78.0

1790085938,200,GET,[GET] /api/soporte/tickets,58.500000,0.000000,7,7,8,8,10,12,15,17,35,35,35,22327,0,7,7.409433439385357,3.699399996548891,311.45700000342913,84651.0

1790085938,200,GET,[GET] /health,83.900000,0.000000,4,5,5,6,7,9,11,14,27,27,27,33571,0,4,4.583943704426976,1.6982999950414523,82.81900000292808,83.99714038902624

1790085938,200,,Aggregated,197.300000,0.000000,5,6,7,7,9,10,12,14,30,35,35,78303,0,5,5.4865969925050155,1.6982999950414523,311.45700000342913,24191.16074735323

1790085939,200,GET,[GET] /actuator/health,28.700000,0.000000,4,5,6,6,7,9,12,13,14,14,14,11407,0,4,5.087063163040467,2.1606000082101673,63.11669999558944,49.0

1790085939,200,GET,[GET] /api/soporte/election/status,26.400000,0.000000,4,5,5,6,7,9,11,12,14,14,14,11062,0,4,4.7501210993339855,1.9994999893242493,50.95859999710228,78.0

1790085939,200,GET,[GET] /api/soporte/tickets,59.400000,0.000000,6,7,8,8,10,12,15,17,35,35,35,22382,0,7,7.407045000500601,3.699399996548891,311.45700000342913,84651.0

1790085939,200,GET,[GET] /health,83.300000,0.000000,4,5,5,6,7,9,11,14,27,27,27,33644,0,4,4.583061217491133,1.6982999950414523,82.81900000292808,83.99714659374628

1790085939,200,,Aggregated,197.800000,0.000000,5,6,6,7,8,10,12,14,30,35,35,78495,0,5,5.4850749971859525,1.6982999950414523,311.45700000342913,24191.432078476337

1790085940,200,GET,[GET] /actuator/health,27.600000,0.000000,4,5,6,6,8,11,12,13,14,14,14,11439,0,4,5.090127922086916,2.1606000082101673,63.11669999558944,49.0

1790085940,200,GET,[GET] /api/soporte/election/status,27.700000,0.000000,4,5,5,6,7,8,10,12,14,14,14,11096,0,4,4.750520232592189,1.9994999893242493,50.95859999710228,78.0

1790085940,200,GET,[GET] /api/soporte/tickets,58.400000,0.000000,6,7,8,8,10,12,15,16,35,35,35,22429,0,7,7.4079682911070766,3.699399996548891,311.45700000342913,84651.0

1790085940,200,GET,[GET] /health,81.800000,0.000000,4,5,5,6,7,8,11,13,27,27,27,33738,0,4,4.582774636943013,1.6982999950414523,82.81900000292808,83.99715454383781

1790085940,200,,Aggregated,195.500000,0.000000,5,6,6,7,8,10,12,14,30,35,35,78702,0,5,5.485308090061487,1.6982999950414523,311.45700000342913,24178.51101623847

1790085941,200,GET,[GET] /actuator/health,27.400000,0.000000,4,5,6,6,8,11,12,13,14,14,14,11464,0,4,5.089838738723604,2.1606000082101673,63.11669999558944,49.0

1790085941,200,GET,[GET] /api/soporte/election/status,29.500000,0.000000,4,5,5,6,7,8,10,12,14,14,14,11116,0,4,4.750282061960979,1.9994999893242493,50.95859999710228,78.0

1790085941,200,GET,[GET] /api/soporte/tickets,57.500000,0.000000,6,7,8,8,10,12,15,16,35,35,35,22486,0,7,7.406817170741228,3.699399996548891,311.45700000342913,84651.0

1790085941,200,GET,[GET] /health,81.300000,0.000000,4,5,5,6,7,9,11,12,27,27,27,33815,0,4,4.5823788585285,1.6982999950414523,82.81900000292808,83.99716102321455

1790085941,200,,Aggregated,195.700000,0.000000,5,6,6,7,8,10,12,14,30,35,35,78881,0,5,5.484931462632499,1.6982999950414523,311.45700000342913,24184.93089590649

1790085942,200,GET,[GET] /actuator/health,27.700000,0.000000,4,5,6,6,8,9,12,13,14,14,14,11499,0,4,5.088540212257239,2.1606000082101673,63.11669999558944,49.0

1790085942,200,GET,[GET] /api/soporte/election/status,29.400000,0.000000,4,5,5,6,7,8,10,12,14,14,14,11147,0,4,4.749251574483377,1.9994999893242493,50.95859999710228,78.0

1790085942,200,GET,[GET] /api/soporte/tickets,57.000000,0.000000,6,7,8,8,10,12,14,16,30,30,30,22551,0,7,7.404460662554616,3.699399996548891,311.45700000342913,84651.0

1790085942,200,GET,[GET] /health,81.300000,0.000000,4,5,5,6,7,9,11,12,27,27,27,33895,0,4,4.5820338516361145,1.6982999950414523,82.81900000292808,83.99716772385308

1790085942,200,,Aggregated,195.400000,0.000000,5,6,6,7,8,10,12,14,29,30,30,79092,0,5,5.483981452030388,1.6982999950414523,311.45700000342913,24190.116598391745

1790085943,200,GET,[GET] /actuator/health,28.700000,0.000000,4,5,6,6,8,9,12,13,14,14,14,11526,0,4,5.089403418417744,2.1606000082101673,63.11669999558944,49.0

1790085943,200,GET,[GET] /api/soporte/election/status,29.500000,0.000000,4,5,5,6,7,8,10,10,12,12,12,11178,0,4,4.750167901305875,1.9994999893242493,50.95859999710228,78.0

1790085943,200,GET,[GET] /api/soporte/tickets,55.700000,0.000000,6,7,8,8,11,12,14,16,30,30,30,22609,0,7,7.405192834764263,3.699399996548891,311.45700000342913,84651.0

1790085943,200,GET,[GET] /health,81.300000,0.000000,4,5,5,6,7,9,11,12,27,27,27,33973,0,4,4.58259231746345,1.6982999950414523,82.81900000292808,83.99717422659171

1790085943,200,,Aggregated,195.200000,0.000000,5,6,6,7,8,10,12,14,29,30,30,79286,0,5,5.484779837598706,1.6982999950414523,311.45700000342913,24192.98177484045

1790085944,200,GET,[GET] /actuator/health,28.600000,0.000000,4,5,6,6,8,10,12,13,14,14,14,11552,0,4,5.088768905875251,2.1606000082101673,63.11669999558944,49.0

1790085944,200,GET,[GET] /api/soporte/election/status,30.200000,0.000000,4,5,5,6,7,8,10,10,12,12,12,11204,0,4,4.7473149233120315,1.9994999893242493,50.95859999710228,78.0

1790085944,200,GET,[GET] /api/soporte/tickets,56.200000,0.000000,6,7,8,8,10,12,14,16,30,30,30,22673,0,7,7.403064168888298,3.699399996548891,311.45700000342913,84651.0

1790085944,200,GET,[GET] /health,81.100000,0.000000,4,5,5,6,7,9,11,12,27,27,27,34054,0,4,4.582342964151947,1.6982999950414523,82.81900000292808,83.99718094790627

1790085944,200,,Aggregated,196.100000,0.000000,5,6,6,7,8,10,12,14,29,30,30,79483,0,5,5.483828692977036,1.6982999950414523,311.45700000342913,24201.307487135615

1790085945,200,GET,[GET] /actuator/health,27.700000,0.000000,4,5,6,7,8,10,12,13,14,14,14,11575,0,4,5.089528691208394,2.1606000082101673,63.11669999558944,49.0

1790085945,200,GET,[GET] /api/soporte/election/status,29.600000,0.000000,4,5,6,6,8,8,10,10,12,12,12,11231,0,4,4.748676395764218,1.9994999893242493,50.95859999710228,78.0

1790085945,200,GET,[GET] /api/soporte/tickets,57.100000,0.000000,6,7,8,8,10,12,15,16,30,30,30,22727,0,7,7.403607233737315,3.699399996548891,311.45700000342913,84651.0

1790085945,200,GET,[GET] /health,82.100000,0.000000,4,5,5,6,7,9,11,12,27,27,27,34147,0,4,4.582601221224464,1.6982999950414523,82.81900000292808,83.99718862564794

1790085945,200,,Aggregated,196.500000,0.000000,5,6,7,7,8,10,12,14,29,30,30,79680,0,5,5.484281434536457,1.6982999950414523,311.45700000342913,24198.979944779116

1790085946,200,GET,[GET] /actuator/health,28.900000,0.000000,4,5,6,7,8,10,12,13,14,14,14,11606,0,4,5.088924091051492,2.1606000082101673,63.11669999558944,49.0

1790085946,200,GET,[GET] /api/soporte/election/status,29.100000,0.000000,4,5,6,6,8,9,10,10,12,12,12,11265,0,4,4.751120710238714,1.9994999893242493,50.95859999710228,78.0

1790085946,200,GET,[GET] /api/soporte/tickets,57.100000,0.000000,6,7,8,9,11,12,15,16,30,30,30,22778,0,7,7.403936188477751,3.699399996548891,311.45700000342913,84651.0

1790085946,200,GET,[GET] /health,82.600000,0.000000,4,5,5,6,7,9,11,12,27,27,27,34229,0,4,4.582658944204438,1.6982999950414523,82.81900000292808,83.99719536065909

1790085946,200,,Aggregated,197.700000,0.000000,5,6,7,7,9,10,12,14,29,30,30,79878,0,5,5.484490339065858,1.6982999950414523,311.45700000342913,24193.18187736298

1790085947,200,GET,[GET] /actuator/health,28.600000,0.000000,4,5,6,7,8,10,11,12,14,14,14,11626,0,4,5.088957113431688,2.1606000082101673,63.11669999558944,49.0

1790085947,200,GET,[GET] /api/soporte/election/status,29.400000,0.000000,4,5,6,7,8,9,10,10,12,12,12,11292,0,4,4.751923972799235,1.9994999893242493,50.95859999710228,78.0

1790085947,200,GET,[GET] /api/soporte/tickets,56.500000,0.000000,7,7,8,9,11,12,14,15,30,30,30,22828,0,7,7.404155217329774,3.699399996548891,311.45700000342913,84651.0

1790085947,200,GET,[GET] /health,81.000000,0.000000,4,5,5,6,7,9,11,12,27,27,27,34325,0,4,4.5817758718479045,1.6982999950414523,82.81900000292808,83.99720320466133

1790085947,200,,Aggregated,195.500000,0.000000,5,6,7,7,9,10,12,14,29,30,30,80071,0,5,5.484063556143787,1.6982999950414523,311.45700000342913,24187.866793221016

1790085948,200,GET,[GET] /actuator/health,27.900000,0.000000,4,5,6,7,8,10,11,12,14,14,14,11649,0,4,5.090358219653896,2.1606000082101673,63.11669999558944,49.0

1790085948,200,GET,[GET] /api/soporte/election/status,30.000000,0.000000,4,5,6,7,8,9,10,10,12,12,12,11320,0,4,4.752252358731527,1.9994999893242493,50.95859999710228,78.0

1790085948,200,GET,[GET] /api/soporte/tickets,55.200000,0.000000,7,7,8,9,11,12,14,15,28,28,28,22898,0,7,7.405037802484444,3.699399996548891,311.45700000342913,84651.0

1790085948,200,GET,[GET] /health,82.800000,0.000000,4,5,5,6,7,9,11,11,18,18,18,34407,0,4,4.58170970736043,1.6982999950414523,82.81900000292808,83.99720987008457

1790085948,200,,Aggregated,196.000000,0.000000,5,6,7,7,9,10,12,13,20,28,28,80274,0,5,5.48492066053801,1.6982999950414523,311.45700000342913,24200.643433739442

1790085949,200,GET,[GET] /actuator/health,27.900000,0.000000,4,5,6,7,8,10,11,12,14,14,14,11689,0,4,5.089528565382484,2.1606000082101673,63.11669999558944,49.0

1790085949,200,GET,[GET] /api/soporte/election/status,30.600000,0.000000,4,5,6,7,8,9,10,10,12,12,12,11346,0,4,4.751268059305891,1.9994999893242493,50.95859999710228,78.0

1790085949,200,GET,[GET] /api/soporte/tickets,55.000000,0.000000,7,7,8,9,11,12,14,15,28,28,28,22948,0,7,7.405425095927018,3.699399996548891,311.45700000342913,84651.0

1790085949,200,GET,[GET] /health,82.300000,0.000000,4,5,5,6,7,9,11,11,18,18,18,34483,0,4,4.58114763509943,1.6982999950414523,82.81900000292808,83.99721601948787

1790085949,200,,Aggregated,195.800000,0.000000,5,6,7,7,9,10,12,13,20,28,28,80466,0,5,5.484438095644214,1.6982999950414523,311.45700000342913,24195.627631546242

1790085950,200,GET,[GET] /actuator/health,27.700000,0.000000,4,5,6,7,8,9,11,12,14,14,14,11719,0,4,5.089687917122489,2.1606000082101673,63.11669999558944,49.0

1790085950,200,GET,[GET] /api/soporte/election/status,29.500000,0.000000,4,5,6,6,8,9,9,10,12,12,12,11371,0,4,4.750588092594312,1.9994999893242493,50.95859999710228,78.0

1790085950,200,GET,[GET] /api/soporte/tickets,55.000000,0.000000,7,7,8,9,11,12,14,15,28,28,28,23005,0,7,7.404969671869258,3.699399996548891,311.45700000342913,84651.0

1790085950,200,GET,[GET] /health,83.300000,0.000000,4,5,5,6,7,9,11,12,18,18,18,34570,0,4,4.582074911803374,1.6982999950414523,82.81900000292808,83.99722302574486

1790085950,200,,Aggregated,195.500000,0.000000,5,6,7,7,9,10,12,13,20,28,28,80665,0,5,5.484641999678216,1.6982999950414523,311.45700000342913,24195.8867910494

1790085951,200,GET,[GET] /actuator/health,27.100000,0.000000,4,5,6,7,8,9,11,12,14,14,14,11741,0,4,5.089211106442906,2.1606000082101673,63.11669999558944,49.0

1790085951,200,GET,[GET] /api/soporte/election/status,28.500000,0.000000,4,5,6,7,8,9,10,11,15,15,15,11402,0,4,4.751734879922657,1.9994999893242493,50.95859999710228,78.0

1790085951,200,GET,[GET] /api/soporte/tickets,57.200000,0.000000,7,7,8,9,11,12,15,18,34,34,34,23070,0,7,7.407177832741925,3.699399996548891,311.45700000342913,84651.0

1790085951,200,GET,[GET] /health,82.900000,0.000000,4,5,6,6,7,9,11,12,27,27,27,34647,0,4,4.582033339134331,1.6982999950414523,82.81900000292808,83.9972291973331

1790085951,200,,Aggregated,195.700000,0.000000,5,6,7,7,9,10,12,14,33,34,34,80860,0,5,5.4856419787777355,1.6982999950414523,311.45700000342913,24205.707234726688

1790085952,200,GET,[GET] /actuator/health,27.900000,0.000000,4,5,6,7,8,9,11,12,14,14,14,11773,0,4,5.086988431221257,2.1606000082101673,63.11669999558944,49.0

1790085952,200,GET,[GET] /api/soporte/election/status,28.100000,0.000000,4,5,6,7,8,9,10,11,15,15,15,11436,0,4,4.750209505149874,1.9994999893242493,50.95859999710228,78.0

1790085952,200,GET,[GET] /api/soporte/tickets,55.700000,0.000000,7,7,8,9,11,13,15,18,34,34,34,23122,0,7,7.406142388265115,3.699399996548891,311.45700000342913,84651.0

1790085952,200,GET,[GET] /health,82.200000,0.000000,4,5,5,6,7,9,11,12,27,27,27,34720,0,4,4.580572099682541,1.6982999950414523,82.81900000292808,83.99723502304147

1790085952,200,,Aggregated,193.900000,0.000000,5,6,7,7,9,10,12,14,33,34,34,81051,0,5,5.484137127291528,1.6982999950414523,311.45700000342913,24203.102873499403

1790085953,200,GET,[GET] /actuator/health,27.700000,0.000000,4,5,6,7,8,9,10,12,13,13,13,11808,0,4,5.086323492608597,2.1606000082101673,63.11669999558944,49.0

1790085953,200,GET,[GET] /api/soporte/election/status,27.500000,0.000000,4,5,6,7,8,9,10,13,15,15,15,11461,0,4,4.752001954527018,1.9994999893242493,50.95859999710228,78.0

1790085953,200,GET,[GET] /api/soporte/tickets,56.800000,0.000000,7,8,9,9,11,13,15,25,34,34,34,23177,0,7,7.4101659318119,3.699399996548891,311.45700000342913,84651.0

1790085953,200,GET,[GET] /health,82.500000,0.000000,4,5,6,6,7,9,11,13,27,27,27,34802,0,4,4.583180127607564,1.6982999950414523,82.81900000292808,83.99724153784265

1790085953,200,,Aggregated,194.500000,0.000000,5,6,7,7,9,10,13,15,33,34,34,81248,0,5,5.4865504726782115,1.6982999950414523,311.45700000342913,24201.85172558094

1790085954,200,GET,[GET] /actuator/health,27.300000,0.000000,4,5,6,7,8,9,10,12,13,13,13,11842,0,4,5.086669946014172,2.1606000082101673,63.11669999558944,49.0

1790085954,200,GET,[GET] /api/soporte/election/status,27.900000,0.000000,4,5,6,7,8,10,11,14,15,15,15,11488,0,4,4.751082651537192,1.9994999893242493,50.95859999710228,78.0

1790085954,200,GET,[GET] /api/soporte/tickets,57.200000,0.000000,7,8,8,9,11,13,15,25,34,34,34,23242,0,7,7.407156621700037,3.699399996548891,311.45700000342913,84651.0

1790085954,200,GET,[GET] /health,82.800000,0.000000,4,5,6,6,7,9,11,13,27,27,27,34876,0,4,4.582563811818307,1.6982999950414523,82.81900000292808,83.99724739075582

1790085954,200,,Aggregated,195.200000,0.000000,5,6,7,7,9,10,13,15,33,34,34,81448,0,5,5.485652351243574,1.6982999950414523,311.45700000342913,24210.101561732637

1790085955,200,GET,[GET] /actuator/health,28.000000,0.000000,4,5,6,7,8,9,10,12,13,13,13,11873,0,4,5.086892975717301,2.1606000082101673,63.11669999558944,49.0

1790085955,200,GET,[GET] /api/soporte/election/status,28.500000,0.000000,4,5,6,6,8,9,11,14,15,15,15,11518,0,4,4.751066530718438,1.9994999893242493,50.95859999710228,78.0

1790085955,200,GET,[GET] /api/soporte/tickets,56.200000,0.000000,7,8,8,9,11,13,15,25,34,34,34,23297,0,7,7.406714662900453,3.699399996548891,311.45700000342913,84651.0

1790085955,200,GET,[GET] /health,81.400000,0.000000,4,5,6,6,7,9,11,13,27,27,27,34965,0,4,4.5834834892324725,1.6982999950414523,82.81900000292808,83.9972543972544

1790085955,200,,Aggregated,194.100000,0.000000,5,6,7,7,9,10,13,15,33,34,34,81653,0,5,5.485838809402125,1.6982999950414523,311.45700000342913,24206.477312529852

1790085956,200,GET,[GET] /actuator/health,28.100000,0.000000,4,5,6,7,8,9,10,12,13,13,13,11900,0,4,5.0856610000592815,2.1606000082101673,63.11669999558944,49.0

1790085956,200,GET,[GET] /api/soporte/election/status,28.200000,0.000000,4,5,6,6,8,9,11,14,15,15,15,11555,0,4,4.75105713551161,1.9994999893242493,50.95859999710228,78.0

1790085956,200,GET,[GET] /api/soporte/tickets,56.200000,0.000000,7,7,8,9,10,13,15,28,34,34,34,23362,0,7,7.406897333343414,3.699399996548891,311.45700000342913,84651.0

1790085956,200,GET,[GET] /health,82.800000,0.000000,4,5,6,6,7,9,11,13,27,27,27,35038,0,4,4.582719210598961,1.6982999950414523,82.81900000292808,83.99726011758662

1790085956,200,,Aggregated,195.300000,0.000000,5,6,7,7,9,10,13,15,33,34,34,81855,0,5,5.485640245605978,1.6982999950414523,311.45700000342913,24214.087691649867

1790085957,200,GET,[GET] /actuator/health,28.700000,0.000000,4,5,6,7,8,9,10,12,13,13,13,11929,0,4,5.0845113421616945,2.1606000082101673,63.11669999558944,49.0

1790085957,200,GET,[GET] /api/soporte/election/status,28.100000,0.000000,4,5,6,6,7,9,11,14,15,15,15,11594,0,4,4.749100241584292,1.9994999893242493,50.95859999710228,78.0

1790085957,200,GET,[GET] /api/soporte/tickets,55.900000,0.000000,7,7,8,9,10,13,16,28,34,34,34,23420,0,7,7.406078847205451,3.699399996548891,311.45700000342913,84651.0

1790085957,200,GET,[GET] /health,81.500000,0.000000,4,5,6,6,7,9,11,13,27,27,27,35111,0,4,4.582294249693881,1.6982999950414523,82.81900000292808,83.99726581413232

1790085957,200,,Aggregated,194.200000,0.000000,5,6,7,7,9,10,13,15,33,34,34,82054,0,5,5.484845394546623,1.6982999950414523,311.45700000342913,24215.32772320667

1790085958,200,GET,[GET] /actuator/health,29.900000,0.000000,4,5,6,7,8,9,9,10,12,12,12,11959,0,4,5.083919625440168,2.1606000082101673,63.11669999558944,49.0

1790085958,200,GET,[GET] /api/soporte/election/status,28.400000,0.000000,4,5,6,6,7,8,11,14,15,15,15,11617,0,4,4.748115778680799,1.9994999893242493,50.95859999710228,78.0

1790085958,200,GET,[GET] /api/soporte/tickets,56.800000,0.000000,7,7,8,9,10,13,17,31,34,34,34,23483,0,7,7.406204441575313,3.699399996548891,311.45700000342913,84651.0

1790085958,200,GET,[GET] /health,81.000000,0.000000,4,5,6,6,7,9,11,13,27,27,27,35194,0,4,4.582343766010518,1.6982999950414523,82.81900000292808,83.99727226231744

1790085958,200,,Aggregated,196.000000,0.000000,5,6,7,7,8,10,13,15,33,34,34,82253,0,5,5.484886401761164,1.6982999950414523,311.45700000342913,24221.70315976317

1790085959,200,GET,[GET] /actuator/health,29.200000,0.000000,4,5,6,7,8,9,10,12,13,13,13,11992,0,4,5.0850335474200135,2.1606000082101673,63.11669999558944,49.0

1790085959,200,GET,[GET] /api/soporte/election/status,28.900000,0.000000,4,5,6,6,7,9,11,14,15,15,15,11642,0,4,4.747277529716224,1.9540000066626817,50.95859999710228,78.0

1790085959,200,GET,[GET] /api/soporte/tickets,57.500000,0.000000,7,7,8,9,10,13,17,31,34,34,34,23535,0,7,7.40680994695105,3.699399996548891,311.45700000342913,84651.0

1790085959,200,GET,[GET] /health,80.000000,0.000000,4,5,6,6,7,9,11,14,27,27,27,35289,0,4,4.581999464449529,1.6982999950414523,82.81900000292808,83.9972796055428

1790085959,200,,Aggregated,195.600000,0.000000,5,6,7,7,8,10,13,16,33,34,34,82458,0,5,5.484743487643036,1.6982999950414523,311.45700000342913,24215.008234495137

1790085960,200,GET,[GET] /actuator/health,29.700000,0.000000,4,5,6,7,8,9,11,12,15,15,15,12026,0,4,5.088100291089863,2.1606000082101673,63.11669999558944,49.0

1790085960,200,GET,[GET] /api/soporte/election/status,30.100000,0.000000,4,5,5,6,7,8,11,13,14,14,14,11671,0,4,4.747028832229378,1.9540000066626817,50.95859999710228,78.0

1790085960,200,GET,[GET] /api/soporte/tickets,58.700000,0.000000,7,7,8,9,10,13,17,31,34,34,34,23581,0,7,7.406350366884171,3.699399996548891,311.45700000342913,84651.0

1790085960,200,GET,[GET] /health,78.200000,0.000000,4,5,5,6,7,8,11,13,27,27,27,35380,0,4,4.581437049207093,1.6982999950414523,82.81900000292808,83.99728660260034

1790085960,200,,Aggregated,196.700000,0.000000,5,6,7,7,8,10,13,16,33,34,34,82658,0,5,5.484435365046799,1.6982999950414523,311.45700000342913,24203.666517457474

1790085961,200,GET,[GET] /actuator/health,30.600000,0.000000,5,5,6,7,8,9,11,12,15,15,15,12052,0,4,5.088576352527649,2.1606000082101673,63.11669999558944,49.0

1790085961,200,GET,[GET] /api/soporte/election/status,29.700000,0.000000,4,5,5,6,7,8,11,13,14,14,14,11697,0,4,4.745217372061118,1.9540000066626817,50.95859999710228,78.0

1790085961,200,GET,[GET] /api/soporte/tickets,57.800000,0.000000,7,7,8,9,10,13,15,21,32,32,32,23632,0,7,7.405138210965028,3.699399996548891,311.45700000342913,84651.0

1790085961,200,GET,[GET] /health,78.500000,0.000000,4,5,5,6,7,9,11,13,19,19,19,35469,0,4,4.5800578674605035,1.6982999950414523,82.81900000292808,83.99729341114777

1790085961,200,,Aggregated,196.600000,0.000000,5,6,7,7,8,10,13,15,32,32,32,82850,0,5,5.4831699276299855,1.6982999950414523,311.45700000342913,24199.81467712734

1790085962,200,GET,[GET] /actuator/health,30.100000,0.000000,5,6,7,7,8,9,11,12,15,15,15,12087,0,4,5.0911531894308135,2.1606000082101673,63.11669999558944,49.0

1790085962,200,GET,[GET] /api/soporte/election/status,29.500000,0.000000,4,5,5,6,7,8,11,13,14,14,14,11726,0,4,4.744836909517965,1.9540000066626817,50.95859999710228,78.0

1790085962,200,GET,[GET] /api/soporte/tickets,58.500000,0.000000,7,7,8,9,10,13,15,21,32,32,32,23684,0,7,7.405255670558322,3.699399996548891,311.45700000342913,84651.0

1790085962,200,GET,[GET] /health,80.700000,0.000000,4,5,5,6,7,9,11,13,19,19,19,35549,0,4,4.580112264789545,1.6982999950414523,82.81900000292808,83.9972995020957

1790085962,200,,Aggregated,198.800000,0.000000,5,6,7,7,9,10,13,15,32,32,32,83046,0,5,5.483457510345648,1.6982999950414523,311.45700000342913,24195.833574163717

1790085963,200,GET,[GET] /actuator/health,30.500000,0.000000,5,6,7,7,8,9,11,12,15,15,15,12122,0,4,5.092133567117153,2.1606000082101673,63.11669999558944,49.0

1790085963,200,GET,[GET] /api/soporte/election/status,29.700000,0.000000,4,5,6,6,7,9,10,11,14,14,14,11751,0,4,4.7486837036009835,1.9540000066626817,50.95859999710228,78.0

1790085963,200,GET,[GET] /api/soporte/tickets,57.500000,0.000000,7,7,8,9,10,12,15,17,34,34,34,23735,0,7,7.408300004276348,3.699399996548891,311.45700000342913,84651.0

1790085963,200,GET,[GET] /health,80.700000,0.000000,4,5,5,6,7,9,10,12,19,19,19,35639,0,4,4.580620149302031,1.6982999950414523,82.81900000292808,83.9973063217262

1790085963,200,,Aggregated,198.400000,0.000000,5,6,7,7,8,10,12,13,32,34,34,83247,0,5,5.48504267305829,1.6982999950414523,311.45700000342913,24189.407678354775

1790085964,200,GET,[GET] /actuator/health,30.700000,0.000000,5,6,6,7,8,9,11,12,15,15,15,12146,0,4,5.0912380043300605,2.1606000082101673,63.11669999558944,49.0

1790085964,200,GET,[GET] /api/soporte/election/status,29.300000,0.000000,4,5,5,6,7,8,10,11,13,13,13,11772,0,4,4.7478049780002864,1.9540000066626817,50.95859999710228,78.0

1790085964,200,GET,[GET] /api/soporte/tickets,56.400000,0.000000,7,8,8,9,10,13,15,17,34,34,34,23784,0,7,7.407551021758298,3.699399996548891,311.45700000342913,84651.0

1790085964,200,GET,[GET] /health,82.000000,0.000000,4,5,5,6,7,8,10,12,19,19,19,35742,0,4,4.5794671003574585,1.6982999950414523,82.81900000292808,83.99723014940406

1790085964,200,,Aggregated,198.400000,0.000000,5,6,7,7,9,10,12,13,32,34,34,83444,0,5,5.483795642635635,1.6982999950414523,311.45700000342913,24182.145906236517

1790085965,200,GET,[GET] /actuator/health,30.600000,0.000000,5,6,7,7,8,10,12,13,44,44,44,12175,0,4,5.095403474377654,2.1606000082101673,63.11669999558944,49.0

1790085965,200,GET,[GET] /api/soporte/election/status,28.800000,0.000000,4,5,6,6,8,9,10,11,46,46,46,11809,0,4,4.75349914480976,1.9540000066626817,50.95859999710228,78.0

1790085965,200,GET,[GET] /api/soporte/tickets,56.100000,0.000000,7,8,8,9,10,13,16,17,34,34,34,23845,0,7,7.4086322038770875,3.699399996548891,311.45700000342913,84651.0

1790085965,200,GET,[GET] /health,82.900000,0.000000,4,5,5,6,7,9,10,12,45,45,45,35827,0,4,4.581582881649786,1.6982999950414523,82.81900000292808,83.99723672090882

1790085965,200,,Aggregated,198.400000,0.000000,5,6,7,7,9,10,13,14,45,46,46,83656,0,5,5.486442257625543,1.6982999950414523,311.45700000342913,24182.72617624558

1790085966,200,GET,[GET] /actuator/health,31.200000,0.000000,5,6,7,7,9,10,11,13,44,44,44,12208,0,4,5.097265743819635,2.1606000082101673,63.11669999558944,49.0

1790085966,200,GET,[GET] /api/soporte/election/status,28.900000,0.000000,4,5,6,6,8,9,10,11,46,46,46,11836,0,4,4.754505027122918,1.9540000066626817,50.95859999710228,78.0

1790085966,200,GET,[GET] /api/soporte/tickets,54.900000,0.000000,7,8,8,9,10,13,14,17,34,34,34,23899,0,7,7.4084394535947276,3.699399996548891,311.45700000342913,84651.0

1790085966,200,GET,[GET] /health,83.400000,0.000000,4,5,5,6,7,9,10,12,45,45,45,35908,0,4,4.581650133698356,1.6982999950414523,82.81900000292808,83.99724295421633

1790085966,200,,Aggregated,198.400000,0.000000,5,6,7,7,9,10,12,13,45,46,46,83851,0,5,5.486803129406661,1.6982999950414523,311.45700000342913,24181.128692561808

1790085967,200,GET,[GET] /actuator/health,30.500000,0.000000,5,6,7,7,9,10,11,13,44,44,44,12234,0,4,5.097417794714341,2.1606000082101673,63.11669999558944,49.0

1790085967,200,GET,[GET] /api/soporte/election/status,28.200000,0.000000,4,5,6,7,8,9,10,11,46,46,46,11863,0,4,4.753138118607796,1.9540000066626817,50.95859999710228,78.0

1790085967,200,GET,[GET] /api/soporte/tickets,53.900000,0.000000,7,8,8,9,10,12,14,17,34,34,34,23958,0,7,7.406700776418933,3.699399996548891,311.45700000342913,84651.0

1790085967,200,GET,[GET] /health,86.100000,0.000000,4,5,5,6,7,9,10,11,45,45,45,35986,0,4,4.580932718301525,1.6982999950414523,82.81900000292808,83.9972489301395

1790085967,200,,Aggregated,198.700000,0.000000,5,6,7,7,9,10,12,13,45,46,46,84041,0,5,5.485982660889602,1.6982999950414523,311.45700000342913,24186.00638973834

1790085968,200,GET,[GET] /actuator/health,29.500000,0.000000,5,6,7,7,9,10,11,13,44,44,44,12268,0,4,5.096861900924599,2.1606000082101673,63.11669999558944,49.0

1790085968,200,GET,[GET] /api/soporte/election/status,28.700000,0.000000,4,5,6,7,8,9,10,11,46,46,46,11889,0,4,4.753544974433726,1.9540000066626817,50.95859999710228,78.0

1790085968,200,GET,[GET] /api/soporte/tickets,54.200000,0.000000,7,8,8,9,11,12,13,16,34,34,34,24005,0,7,7.40473007712574,3.699399996548891,311.45700000342913,84651.0

1790085968,200,GET,[GET] /health,85.500000,0.000000,4,5,5,6,7,9,10,11,45,45,45,36076,0,4,4.580133033064492,1.6982999950414523,82.81900000292808,83.99725579332521

1790085968,200,,Aggregated,197.900000,0.000000,5,6,7,7,9,10,12,13,45,46,46,84238,0,5,5.484776737384833,1.6982999950414523,311.45700000342913,24176.808732401056

1790085969,200,GET,[GET] /actuator/health,30.900000,0.000000,5,6,7,7,9,10,11,12,44,44,44,12299,0,4,5.096557354297263,2.1606000082101673,63.11669999558944,49.0

1790085969,200,GET,[GET] /api/soporte/election/status,27.900000,0.000000,4,5,6,7,8,9,10,11,46,46,46,11920,0,4,4.752054815523156,1.9540000066626817,50.95859999710228,78.0

1790085969,200,GET,[GET] /api/soporte/tickets,53.700000,0.000000,7,8,8,9,10,12,13,15,34,34,34,24056,0,7,7.403235912097553,3.699399996548891,311.45700000342913,84651.0

1790085969,200,GET,[GET] /health,86.400000,0.000000,4,5,5,6,7,9,10,11,45,45,45,36165,0,4,4.579147523874295,1.6982999950414523,82.81900000292808,83.99726254666113

1790085969,200,,Aggregated,198.900000,0.000000,5,6,7,7,9,10,12,13,45,46,46,84440,0,5,5.483469512125422,1.6982999950414523,311.45700000342913,24170.23481762198

1790085970,200,GET,[GET] /actuator/health,30.500000,0.000000,5,6,6,7,8,9,10,11,44,44,44,12330,0,4,5.094609781061144,2.1606000082101673,63.11669999558944,49.0

1790085970,200,GET,[GET] /api/soporte/election/status,26.700000,0.000000,4,5,6,6,8,9,10,11,46,46,46,11943,0,4,4.749838851294228,1.9540000066626817,50.95859999710228,78.0

1790085970,200,GET,[GET] /api/soporte/tickets,53.400000,0.000000,7,7,8,9,10,12,13,15,34,34,34,24108,0,7,7.400085664567432,3.699399996548891,311.45700000342913,84651.0

1790085970,200,GET,[GET] /health,86.800000,0.000000,4,5,5,6,7,9,10,11,45,45,45,36258,0,4,4.577908144435296,1.6982999950414523,82.81900000292808,83.99718682773457

1790085970,200,,Aggregated,197.400000,0.000000,5,6,7,7,8,10,11,13,45,46,46,84639,0,5,5.4812902173208276,1.6982999950414523,311.45700000342913,24165.545457767697

1790085972,200,GET,[GET] /actuator/health,30.900000,0.000000,4,5,6,7,8,9,10,11,44,44,44,12350,0,4,5.093318008135972,2.1606000082101673,63.11669999558944,49.0

1790085972,200,GET,[GET] /api/soporte/election/status,26.700000,0.000000,4,5,6,6,8,9,10,11,46,46,46,11977,0,4,4.7485710946784945,1.9540000066626817,50.95859999710228,78.0

1790085972,200,GET,[GET] /api/soporte/tickets,51.800000,0.000000,7,7,8,9,10,12,13,13,17,17,17,24158,0,7,7.399431774210545,3.699399996548891,311.45700000342913,84651.0

1790085972,200,GET,[GET] /health,87.600000,0.000000,4,5,5,6,7,8,10,11,45,45,45,36353,0,4,4.576667158168224,1.6982999950414523,82.81900000292808,83.99719417929744

1790085972,200,,Aggregated,197.000000,0.000000,5,6,6,7,8,10,11,12,45,46,46,84838,0,5,5.479940208440927,1.6982999950414523,311.45700000342913,24158.888281194748

1790085973,200,GET,[GET] /actuator/health,30.300000,0.000000,4,5,6,6,8,10,10,11,44,44,44,12376,0,4,5.092943810638275,2.1606000082101673,63.11669999558944,49.0

1790085973,200,GET,[GET] /api/soporte/election/status,27.000000,0.000000,4,5,5,6,7,8,9,10,46,46,46,12001,0,4,4.74689480051552,1.9540000066626817,50.95859999710228,78.0

1790085973,200,GET,[GET] /api/soporte/tickets,52.000000,0.000000,6,7,8,8,10,11,13,13,16,16,16,24220,0,7,7.398789756455682,3.699399996548891,311.45700000342913,84651.0

1790085973,200,GET,[GET] /health,87.500000,0.000000,4,5,5,6,7,8,9,10,45,45,45,36439,0,4,4.575412577209344,1.6982999950414523,82.81900000292808,83.99720080133922

1790085973,200,,Aggregated,196.800000,0.000000,5,6,6,7,8,9,11,12,45,46,46,85036,0,5,5.47909007836368,1.6982999950414523,311.45700000342913,24164.477350769084

1790085974,200,GET,[GET] /actuator/health,29.500000,0.000000,4,5,6,6,8,10,11,11,44,44,44,12403,0,4,5.0923118842533475,2.1606000082101673,63.11669999558944,49.0

1790085974,200,GET,[GET] /api/soporte/election/status,27.600000,0.000000,4,5,5,6,7,9,9,10,46,46,46,12028,0,4,4.746587080233205,1.9540000066626817,50.95859999710228,78.0

1790085974,200,GET,[GET] /api/soporte/tickets,51.800000,0.000000,6,7,8,8,10,11,13,13,16,16,16,24280,0,7,7.399256816365082,3.699399996548891,311.45700000342913,84651.0

1790085974,200,GET,[GET] /health,87.500000,0.000000,4,5,5,6,7,8,9,10,45,45,45,36521,0,4,4.5753811998845375,1.6982999950414523,82.81900000292808,83.99720708633389

1790085974,200,,Aggregated,196.400000,0.000000,5,6,6,7,8,10,11,12,45,46,46,85232,0,5,5.47920201337252,1.6982999950414523,311.45700000342913,24168.620623709405

1790085975,200,GET,[GET] /actuator/health,28.700000,0.000000,4,5,6,6,8,10,11,11,13,13,13,12435,0,4,5.093666562157734,2.1606000082101673,63.11669999558944,49.0

1790085975,200,GET,[GET] /api/soporte/election/status,27.200000,0.000000,4,5,5,6,7,8,9,10,18,18,18,12062,0,4,4.747912452415842,1.9540000066626817,50.95859999710228,78.0

1790085975,200,GET,[GET] /api/soporte/tickets,52.700000,0.000000,6,7,8,8,10,11,12,13,21,21,21,24341,0,7,7.399951394820259,3.699399996548891,311.45700000342913,84651.0

1790085975,200,GET,[GET] /health,88.300000,0.000000,4,5,5,6,7,8,9,10,11,11,11,36593,0,4,4.5763551854453235,1.6982999950414523,82.81900000292808,83.99721258164129

1790085975,200,,Aggregated,196.900000,0.000000,5,6,6,7,8,9,11,12,18,21,21,85431,0,5,5.480374172183305,1.6982999950414523,311.45700000342913,24172.886329318397

1790085976,200,GET,[GET] /actuator/health,27.800000,0.000000,4,5,6,6,8,9,11,11,13,13,13,12463,0,4,5.094360779943852,2.1606000082101673,63.11669999558944,49.0

1790085976,200,GET,[GET] /api/soporte/election/status,27.400000,0.000000,4,5,5,6,7,8,9,10,18,18,18,12092,0,4,4.748510263068444,1.9540000066626817,50.95859999710228,78.0

1790085976,200,GET,[GET] /api/soporte/tickets,54.100000,0.000000,6,7,8,8,10,11,12,13,21,21,21,24388,0,7,7.399042246243187,3.699399996548891,311.45700000342913,84651.0

1790085976,200,GET,[GET] /health,86.800000,0.000000,4,5,5,6,7,8,9,10,11,11,11,36693,0,4,4.576141743683341,1.6982999950414523,82.81900000292808,83.99722017823564

1790085976,200,,Aggregated,196.100000,0.000000,5,6,6,7,8,9,11,12,18,21,21,85636,0,5,5.479824090380395,1.6982999950414523,311.45700000342913,24161.620825353824

1790085977,200,GET,[GET] /actuator/health,28.500000,0.000000,4,5,6,6,8,9,11,11,13,13,13,12492,0,4,5.093956107940794,2.1606000082101673,63.11669999558944,49.0

1790085977,200,GET,[GET] /api/soporte/election/status,28.700000,0.000000,4,5,5,6,7,8,9,10,18,18,18,12127,0,4,4.747990830465582,1.9298999977763742,50.95859999710228,78.0

1790085977,200,GET,[GET] /api/soporte/tickets,55.000000,0.000000,7,7,8,8,10,11,12,13,21,21,21,24435,0,7,7.39735836715201,3.699399996548891,311.45700000342913,84651.0

1790085977,200,GET,[GET] /health,84.000000,0.000000,4,5,5,6,7,8,9,10,11,11,11,36782,0,4,4.575470289845254,1.6982999950414523,82.81900000292808,83.99722690446414

1790085977,200,,Aggregated,196.200000,0.000000,5,6,6,7,8,9,11,12,18,21,21,85836,0,5,5.478610191573465,1.6982999950414523,311.45700000342913,24151.810254438697

1790085978,200,GET,[GET] /actuator/health,28.800000,0.000000,4,5,6,6,7,9,11,12,13,13,13,12518,0,4,5.093069356161355,2.1606000082101673,63.11669999558944,49.0

1790085978,200,GET,[GET] /api/soporte/election/status,28.300000,0.000000,4,5,5,6,7,8,9,10,18,18,18,12153,0,4,4.745822726985977,1.9298999977763742,50.95859999710228,78.0

1790085978,200,GET,[GET] /api/soporte/tickets,53.900000,0.000000,7,7,8,8,10,11,12,14,21,21,21,24495,0,7,7.396803274195129,3.699399996548891,311.45700000342913,84651.0

1790085978,200,GET,[GET] /health,86.300000,0.000000,4,5,5,6,7,8,9,10,12,12,12,36867,0,4,4.573705856213767,1.6982999950414523,82.81900000292808,83.99723329807145

1790085978,200,,Aggregated,197.300000,0.000000,5,6,6,7,8,9,11,12,18,21,21,86033,0,5,5.477369565212547,1.6982999950414523,311.45700000342913,24155.664535701417

1790085979,200,GET,[GET] /actuator/health,28.100000,0.000000,4,5,6,6,7,9,11,12,13,13,13,12541,0,4,5.092364173547169,2.1606000082101673,63.11669999558944,49.0

1790085979,200,GET,[GET] /api/soporte/election/status,28.600000,0.000000,4,5,5,6,7,9,10,18,45,45,45,12177,0,4,4.7525637103590554,1.9298999977763742,50.95859999710228,78.0

1790085979,200,GET,[GET] /api/soporte/tickets,53.200000,0.000000,7,7,8,8,10,11,13,14,48,48,48,24568,0,7,7.396716720994244,3.699399996548891,311.45700000342913,84651.0

1790085979,200,GET,[GET] /health,87.200000,0.000000,4,5,5,6,7,8,10,11,38,38,38,36957,0,4,4.5741933355251785,1.6982999950414523,82.81900000292808,83.99724003571718

1790085979,200,,Aggregated,197.100000,0.000000,5,6,6,7,8,10,11,12,45,48,48,86243,0,5,5.47877864758749,1.6982999950414523,311.45700000342913,24168.620861983003

1790085980,200,GET,[GET] /actuator/health,28.100000,0.000000,4,5,6,6,8,9,11,12,13,13,13,12568,0,4,5.092215253063482,2.1606000082101673,63.11669999558944,49.0

1790085980,200,GET,[GET] /api/soporte/election/status,28.900000,0.000000,4,5,6,6,7,9,10,18,45,45,45,12210,0,4,4.751648697875054,1.9298999977763742,50.95859999710228,78.0

1790085980,200,GET,[GET] /api/soporte/tickets,53.200000,0.000000,7,7,8,8,10,12,13,14,48,48,48,24617,0,7,7.395671483178005,3.699399996548891,311.45700000342913,84651.0

1790085980,200,GET,[GET] /health,87.600000,0.000000,4,5,5,6,7,8,10,10,38,38,38,37042,0,4,4.573606163304919,1.6982999950414523,82.81900000292808,83.99724636898655

1790085980,200,,Aggregated,197.800000,0.000000,5,6,7,7,8,10,11,12,45,48,48,86437,0,5,5.4778781806875525,1.6982999950414523,311.45700000342913,24162.49181484781

1790085981,200,GET,[GET] /actuator/health,27.100000,0.000000,4,5,6,7,8,10,12,13,14,14,14,12598,0,4,5.093983679989956,2.1606000082101673,63.11669999558944,49.0

1790085981,200,GET,[GET] /api/soporte/election/status,28.500000,0.000000,4,5,6,6,8,9,12,18,45,45,45,12242,0,4,4.755341757966132,1.9298999977763742,50.95859999710228,78.0

1790085981,200,GET,[GET] /api/soporte/tickets,55.600000,0.000000,7,8,8,9,10,12,13,15,48,48,48,24679,0,7,7.396488974488074,3.699399996548891,311.45700000342913,84651.0

1790085981,200,GET,[GET] /health,87.300000,0.000000,4,5,5,6,7,8,10,11,38,38,38,37124,0,4,4.574717352686796,1.6982999950414523,82.81900000292808,83.99725245124448

1790085981,200,,Aggregated,198.500000,0.000000,5,6,7,7,9,10,12,13,45,48,48,86643,0,5,5.479480842123087,1.6982999950414523,311.45700000342913,24165.74357997761

1790085982,200,GET,[GET] /actuator/health,26.600000,0.000000,4,5,6,7,8,10,12,13,14,14,14,12627,0,4,5.093367997186723,2.1606000082101673,63.11669999558944,49.0

1790085982,200,GET,[GET] /api/soporte/election/status,28.900000,0.000000,4,5,6,6,8,9,12,18,45,45,45,12267,0,4,4.754725605369844,1.9298999977763742,50.95859999710228,78.0

1790085982,200,GET,[GET] /api/soporte/tickets,55.800000,0.000000,7,7,8,9,10,12,13,13,48,48,48,24732,0,7,7.394971991809559,3.699399996548891,311.45700000342913,84651.0

1790085982,200,GET,[GET] /health,87.200000,0.000000,4,5,6,6,7,8,10,11,38,38,38,37209,0,4,4.574932836171072,1.6982999950414523,82.81900000292808,83.99725872772716

1790085982,200,,Aggregated,198.500000,0.000000,5,6,7,7,8,10,12,13,45,48,48,86835,0,5,5.47891172803676,1.6982999950414523,311.45700000342913,24164.098980825704

1790085983,200,GET,[GET] /actuator/health,26.100000,0.000000,4,5,6,7,8,10,11,13,14,14,14,12654,0,4,5.093627461708459,2.1606000082101673,63.11669999558944,49.0

1790085983,200,GET,[GET] /api/soporte/election/status,29.700000,0.000000,4,5,6,7,8,9,12,18,45,45,45,12288,0,4,4.755552783289356,1.9298999977763742,50.95859999710228,78.0

1790085983,200,GET,[GET] /api/soporte/tickets,56.500000,0.000000,7,7,8,8,10,12,13,15,48,48,48,24784,0,7,7.394665614971239,3.699399996548891,311.45700000342913,84651.0

1790085983,200,GET,[GET] /health,86.000000,0.000000,4,5,6,6,7,8,11,11,38,38,38,37303,0,4,4.5753223467559305,1.6982999950414523,82.81900000292808,83.99726563547168

1790085983,200,,Aggregated,198.300000,0.000000,5,6,7,7,8,10,12,13,45,48,48,87029,0,5,5.479020057727908,1.6982999950414523,311.45700000342913,24160.937664456676

1790085984,200,GET,[GET] /actuator/health,27.500000,0.000000,4,5,6,7,9,11,12,14,15,15,15,12695,0,4,5.096568412791392,2.1606000082101673,63.11669999558944,49.0

1790085984,200,GET,[GET] /api/soporte/election/status,28.700000,0.000000,4,6,6,7,8,10,13,20,45,45,45,12324,0,4,4.760398507064694,1.9298999977763742,50.95859999710228,78.0

1790085984,200,GET,[GET] /api/soporte/tickets,57.200000,0.000000,7,8,8,9,11,12,15,16,48,48,48,24837,0,7,7.397709550326085,3.699399996548891,311.45700000342913,84651.0

1790085984,200,GET,[GET] /health,84.900000,0.000000,4,5,6,6,7,9,11,12,38,38,38,37393,0,4,4.578494988393491,1.6982999950414523,82.81900000292808,83.99719198780521

1790085984,200,,Aggregated,198.300000,0.000000,5,6,7,7,9,11,13,15,45,48,48,87249,0,5,5.482110538847422,1.6982999950414523,311.45700000342913,24151.579055347338

1790085985,200,GET,[GET] /actuator/health,27.700000,0.000000,4,5,6,6,9,11,12,14,15,15,15,12720,0,4,5.095041855371313,2.1606000082101673,63.11669999558944,49.0

1790085985,200,GET,[GET] /api/soporte/election/status,28.500000,0.000000,4,5,6,7,8,11,13,20,45,45,45,12350,0,4,4.760447425185938,1.9298999977763742,50.95859999710228,78.0

1790085985,200,GET,[GET] /api/soporte/tickets,55.900000,0.000000,7,8,8,9,11,13,15,18,48,48,48,24890,0,7,7.399979534008166,3.699399996548891,311.45700000342913,84651.0

1790085985,200,GET,[GET] /health,85.600000,0.000000,4,5,6,6,8,10,12,14,38,38,38,37478,0,4,4.579980356503247,1.6982999950414523,82.81900000292808,83.99719835636907

1790085985,200,,Aggregated,197.700000,0.000000,5,6,7,7,9,11,14,16,45,48,48,87438,0,5,5.483136079323193,1.6982999950414523,311.45700000342913,24150.804192685104

1790085986,200,GET,[GET] /actuator/health,28.600000,0.000000,4,5,6,7,9,11,12,14,15,15,15,12750,0,4,5.094933788262435,2.1606000082101673,63.11669999558944,49.0

1790085986,200,GET,[GET] /api/soporte/election/status,29.600000,0.000000,4,5,6,7,8,11,17,20,45,45,45,12373,0,4,4.760390253050245,1.9298999977763742,50.95859999710228,78.0

1790085986,200,GET,[GET] /api/soporte/tickets,55.300000,0.000000,7,8,8,9,11,13,15,18,48,48,48,24940,0,7,7.399773015295258,3.699399996548891,311.45700000342913,84651.0

1790085986,200,GET,[GET] /health,86.200000,0.000000,4,5,6,6,8,10,12,14,38,38,38,37569,0,4,4.579668631079571,1.6982999950414523,82.81900000292808,83.99720514253774

1790085986,200,,Aggregated,199.700000,0.000000,5,6,7,7,9,11,14,17,45,48,48,87632,0,5,5.48275315186038,1.6982999950414523,311.45700000342913,24145.762678017163

1790085987,200,GET,[GET] /actuator/health,28.400000,0.000000,4,5,6,7,9,10,12,14,15,15,15,12780,0,4,5.093717605658453,2.1606000082101673,63.11669999558944,49.0

1790085987,200,GET,[GET] /api/soporte/election/status,29.000000,0.000000,4,6,6,7,9,11,17,20,45,45,45,12396,0,4,4.762551750648064,1.9298999977763742,50.95859999710228,78.0

1790085987,200,GET,[GET] /api/soporte/tickets,55.100000,0.000000,7,8,9,9,11,13,17,21,48,48,48,25000,0,7,7.40249112405756,3.699399996548891,311.45700000342913,84651.0

1790085987,200,GET,[GET] /health,88.200000,0.000000,4,5,6,6,8,10,12,16,38,38,38,37642,0,4,4.579944840899211,1.6982999950414523,82.81900000292808,83.99721056266935

1790085987,200,,Aggregated,200.700000,0.000000,5,6,7,7,9,11,15,18,45,48,48,87818,0,5,5.484010844062897,1.6982999950414523,311.45700000342913,24152.56474754606

1790085988,200,GET,[GET] /actuator/health,28.600000,0.000000,4,5,6,7,9,10,12,14,15,15,15,12815,0,4,5.093158330106828,2.1606000082101673,63.11669999558944,49.0

1790085988,200,GET,[GET] /api/soporte/election/status,27.500000,0.000000,4,6,6,7,8,11,14,17,20,20,20,12426,0,4,4.761616014893085,1.9298999977763742,50.95859999710228,78.0

1790085988,200,GET,[GET] /api/soporte/tickets,54.900000,0.000000,7,8,9,9,12,14,18,23,41,41,41,25054,0,7,7.404786668851646,3.699399996548891,311.45700000342913,84651.0

1790085988,200,GET,[GET] /health,86.900000,0.000000,4,5,6,6,8,10,12,16,19,19,19,37733,0,4,4.581066986486737,1.6982999950414523,82.81900000292808,83.99713778390269

1790085988,200,,Aggregated,197.900000,0.000000,5,6,7,7,9,12,15,18,32,41,41,88028,0,5,5.484772917752234,1.6982999950414523,311.45700000342913,24147.007554414504

1790085989,200,GET,[GET] /actuator/health,28.700000,0.000000,4,5,6,7,9,11,12,14,15,15,15,12841,0,4,5.093451553638721,2.1606000082101673,63.11669999558944,49.0

1790085989,200,GET,[GET] /api/soporte/election/status,26.900000,0.000000,4,5,6,7,8,11,14,17,20,20,20,12457,0,4,4.759975596134816,1.9298999977763742,50.95859999710228,78.0

1790085989,200,GET,[GET] /api/soporte/tickets,55.700000,0.000000,7,8,9,10,12,15,18,23,41,41,41,25111,0,7,7.405802341656581,3.699399996548891,311.45700000342913,84651.0

1790085989,200,GET,[GET] /health,85.000000,0.000000,4,5,6,6,8,10,12,16,19,19,19,37816,0,4,4.581020898590243,1.6982999950414523,82.81900000292808,83.99714406600381

1790085989,200,,Aggregated,196.300000,0.000000,5,6,7,8,10,12,15,18,32,41,41,88225,0,5,5.484874086752658,1.6982999950414523,311.45700000342913,24147.90084443185

1790085990,200,GET,[GET] /actuator/health,29.500000,0.000000,4,5,6,7,9,10,11,14,15,15,15,12865,0,4,5.0935961212822605,2.1606000082101673,63.11669999558944,49.0

1790085990,200,GET,[GET] /api/soporte/election/status,26.800000,0.000000,4,5,6,6,8,10,14,17,20,20,20,12490,0,4,4.759211112978636,1.9298999977763742,50.95859999710228,78.0

1790085990,200,GET,[GET] /api/soporte/tickets,55.700000,0.000000,7,8,9,10,12,15,19,23,41,41,41,25166,0,7,7.4058307200769615,3.699399996548891,311.45700000342913,84651.0

1790085990,200,GET,[GET] /health,85.900000,0.000000,4,5,6,6,8,10,12,16,21,21,21,37909,0,4,4.581378263768858,1.6982999950414523,82.81900000292808,83.99715107230473

1790085990,200,,Aggregated,197.900000,0.000000,5,6,7,7,9,11,15,18,32,41,41,88430,0,5,5.4848158476090685,1.6982999950414523,311.45700000342913,24144.70110822119

1790085991,200,GET,[GET] /actuator/health,29.800000,0.000000,4,5,6,7,9,10,11,14,15,15,15,12896,0,4,5.093285592457792,2.1606000082101673,63.11669999558944,49.0

1790085991,200,GET,[GET] /api/soporte/election/status,27.800000,0.000000,4,5,6,7,8,10,14,17,20,20,20,12512,0,4,4.759335182312554,1.9298999977763742,50.95859999710228,78.0

1790085991,200,GET,[GET] /api/soporte/tickets,53.800000,0.000000,7,8,9,10,12,15,19,23,41,41,41,25220,0,7,7.406368588482621,3.699399996548891,311.45700000342913,84651.0

1790085991,200,GET,[GET] /health,85.500000,0.000000,4,5,6,6,8,10,12,16,21,21,21,38000,0,4,4.58053171582402,1.6982999950414523,82.81900000292808,83.997

1790085991,200,,Aggregated,196.900000,0.000000,5,6,7,7,9,12,15,18,32,41,41,88628,0,5,5.484504149978278,1.6982999950414523,311.45700000342913,24142.46001263709

1790085992,200,GET,[GET] /actuator/health,29.300000,0.000000,4,5,6,7,8,10,12,15,35,35,35,12930,0,4,5.095854787341368,2.1606000082101673,63.11669999558944,49.0

1790085992,200,GET,[GET] /api/soporte/election/status,27.500000,0.000000,4,5,6,7,8,10,14,17,20,20,20,12541,0,4,4.760047348785526,1.9298999977763742,50.95859999710228,78.0

1790085992,200,GET,[GET] /api/soporte/tickets,54.700000,0.000000,7,8,9,10,12,15,19,23,41,41,41,25277,0,7,7.405442489279247,3.699399996548891,311.45700000342913,84651.0

1790085992,200,GET,[GET] /health,85.800000,0.000000,4,5,6,6,8,10,12,16,21,21,21,38083,0,4,4.580156702500752,1.6982999950414523,82.81900000292808,83.99700653835045

1790085992,200,,Aggregated,197.300000,0.000000,5,6,7,7,9,12,15,18,35,41,41,88831,0,5,5.484556446559093,1.6982999950414523,311.45700000342913,24141.729272438675

1790085993,200,GET,[GET] /actuator/health,29.800000,0.000000,4,5,6,7,8,10,11,12,35,35,35,12957,0,4,5.095224519593885,2.1606000082101673,63.11669999558944,49.0

1790085993,200,GET,[GET] /api/soporte/election/status,27.100000,0.000000,4,5,6,7,8,9,11,14,19,19,19,12573,0,4,4.761113226844508,1.9298999977763742,50.95859999710228,78.0

1790085993,200,GET,[GET] /api/soporte/tickets,54.000000,0.000000,7,8,9,9,12,14,19,23,41,41,41,25325,0,7,7.404863498578637,3.699399996548891,311.45700000342913,84651.0

1790085993,200,GET,[GET] /health,87.000000,0.000000,4,5,6,6,7,9,11,16,21,21,21,38168,0,4,4.579690130513581,1.6982999950414523,82.81900000292808,83.99701320477887

1790085993,200,,Aggregated,197.900000,0.000000,5,6,7,7,9,11,14,18,35,41,41,89023,0,5,5.484044367235886,1.6982999950414523,311.45700000342913,24135.427473798907

1790085994,200,GET,[GET] /actuator/health,30.200000,0.000000,4,6,7,7,9,10,12,15,35,35,35,12989,0,4,5.099647347786296,2.1606000082101673,63.11669999558944,49.0

1790085994,200,GET,[GET] /api/soporte/election/status,27.300000,0.000000,4,5,6,7,8,9,13,14,17,17,17,12609,0,4,4.7640470220594695,1.9298999977763742,50.95859999710228,78.0

1790085994,200,GET,[GET] /api/soporte/tickets,53.600000,0.000000,7,8,9,9,12,13,18,21,41,41,41,25375,0,7,7.407171298582864,3.699399996548891,311.45700000342913,84651.0

1790085994,200,GET,[GET] /health,87.000000,0.000000,4,5,5,6,7,9,11,12,21,21,21,38255,0,4,4.580962054671603,1.6982999950414523,82.81900000292808,83.99701999738596

1790085994,200,,Aggregated,198.100000,0.000000,5,6,7,7,9,11,14,16,35,41,41,89228,0,5,5.486067864398467,1.6982999950414523,311.45700000342913,24127.542856502445

1790085995,200,GET,[GET] /actuator/health,30.000000,0.000000,4,5,7,7,9,10,12,15,35,35,35,13021,0,4,5.098994439778518,2.1606000082101673,63.11669999558944,49.0

1790085995,200,GET,[GET] /api/soporte/election/status,28.300000,0.000000,4,5,6,7,8,9,13,14,17,17,17,12638,0,4,4.763518547331577,1.9298999977763742,50.95859999710228,78.0

1790085995,200,GET,[GET] /api/soporte/tickets,54.200000,0.000000,7,8,9,9,12,13,18,21,41,41,41,25434,0,7,7.406302673646059,3.699399996548891,311.45700000342913,84651.0

1790085995,200,GET,[GET] /health,86.000000,0.000000,4,5,5,6,8,9,11,12,21,21,21,38329,0,4,4.580112784091527,1.6982999950414523,82.81900000292808,83.99702575073704

1790085995,200,,Aggregated,198.500000,0.000000,5,6,7,7,9,11,14,16,35,41,41,89422,0,5,5.485433104879006,1.6982999950414523,311.45700000342913,24131.162901746775

1790085996,200,GET,[GET] /actuator/health,29.600000,0.000000,4,6,7,7,9,10,12,15,35,35,35,13046,0,4,5.0997547984324845,2.1606000082101673,63.11669999558944,49.0

1790085996,200,GET,[GET] /api/soporte/election/status,28.000000,0.000000,4,5,6,7,8,9,13,14,17,17,17,12670,0,4,4.762883386043374,1.9298999977763742,50.95859999710228,78.0

1790085996,200,GET,[GET] /api/soporte/tickets,53.700000,0.000000,7,8,9,9,12,13,17,25,41,41,41,25492,0,7,7.407852769556835,3.699399996548891,311.45700000342913,84651.0

1790085996,200,GET,[GET] /health,86.100000,0.000000,4,5,6,6,8,9,10,12,21,21,21,38414,0,4,4.580850968432898,1.6982999950414523,82.81900000292808,83.9970323319623

1790085996,200,,Aggregated,197.400000,0.000000,5,6,7,8,9,11,13,16,35,41,41,89622,0,5,5.486230228118586,1.6982999950414523,311.45700000342913,24132.21606302024

1790085997,200,GET,[GET] /actuator/health,29.600000,0.000000,5,6,7,7,9,10,12,15,35,35,35,13075,0,4,5.0999439311953685,2.1606000082101673,63.11669999558944,49.0

1790085997,200,GET,[GET] /api/soporte/election/status,28.400000,0.000000,4,5,6,6,8,9,10,13,13,13,13,12699,0,4,4.762041184438178,1.9298999977763742,50.95859999710228,78.0

1790085997,200,GET,[GET] /api/soporte/tickets,53.900000,0.000000,7,8,9,9,11,13,14,17,30,30,30,25552,0,7,7.407011893454743,3.699399996548891,311.45700000342913,84651.0

1790085997,200,GET,[GET] /health,84.400000,0.000000,4,5,5,6,8,9,10,11,21,21,21,38497,0,4,4.579857053833047,1.6982999950414523,82.81900000292808,83.99703873029067

1790085997,200,,Aggregated,196.300000,0.000000,5,6,7,7,9,11,12,14,30,35,35,89823,0,5,5.485562192361937,1.6982999950414523,311.45700000342913,24134.878405308216

1790085998,200,GET,[GET] /actuator/health,29.500000,0.000000,5,6,7,7,8,10,12,15,35,35,35,13103,0,4,5.099993062683188,2.1606000082101673,63.11669999558944,49.0

1790085998,200,GET,[GET] /api/soporte/election/status,29.700000,0.000000,4,5,6,7,8,9,10,13,13,13,13,12736,0,4,4.761108998205308,1.9298999977763742,50.95859999710228,78.0

1790085998,200,GET,[GET] /api/soporte/tickets,54.700000,0.000000,7,8,9,9,11,13,14,19,30,30,30,25598,0,7,7.405859922711976,3.699399996548891,311.45700000342913,84651.0

1790085998,200,GET,[GET] /health,84.000000,0.000000,4,5,5,6,8,9,10,11,21,21,21,38590,0,4,4.580085418541939,1.6982999950414523,82.81900000292808,83.99704586680487

1790085998,200,,Aggregated,197.900000,0.000000,5,6,7,7,9,10,12,14,30,35,35,90027,0,5,5.4848366812689,1.6982999950414523,311.45700000342913,24123.576249347418

1790085999,200,GET,[GET] /actuator/health,29.000000,0.000000,5,6,7,7,9,10,12,15,35,35,35,13138,0,4,5.100441665421004,2.1606000082101673,63.11669999558944,49.0

1790085999,200,GET,[GET] /api/soporte/election/status,30.200000,0.000000,4,5,6,7,8,9,10,13,13,13,13,12765,0,4,4.761077164209663,1.9298999977763742,50.95859999710228,78.0

1790085999,200,GET,[GET] /api/soporte/tickets,54.700000,0.000000,7,7,8,9,11,12,14,16,30,30,30,25657,0,7,7.40511251516854,3.699399996548891,311.45700000342913,84651.0

1790085999,200,GET,[GET] /health,85.200000,0.000000,4,5,6,6,7,9,10,11,12,12,12,38670,0,4,4.579679736269545,1.6982999950414523,82.81900000292808,83.99705197827774

1790085999,200,,Aggregated,199.100000,0.000000,5,6,7,7,9,10,12,14,30,35,35,90230,0,5,5.484583174162252,1.6982999950414523,311.45700000342913,24124.773412390557

1790086000,200,GET,[GET] /actuator/health,28.800000,0.000000,4,6,7,7,9,10,12,15,35,35,35,13172,0,4,5.101196796256774,2.1606000082101673,63.11669999558944,49.0

1790086000,200,GET,[GET] /api/soporte/election/status,30.800000,0.000000,4,5,6,7,8,9,10,13,15,15,15,12789,0,4,4.760681046302008,1.9298999977763742,50.95859999710228,78.0

1790086000,200,GET,[GET] /api/soporte/tickets,53.900000,0.000000,7,7,9,9,12,13,15,16,30,30,30,25717,0,7,7.406787222523392,3.699399996548891,311.45700000342913,84651.0

1790086000,200,GET,[GET] /health,85.100000,0.000000,4,5,6,6,8,9,10,11,19,19,19,38748,0,4,4.580178783460218,1.6982999950414523,82.81900000292808,83.99705791266646

1790086000,200,,Aggregated,198.600000,0.000000,5,6,7,7,9,11,13,14,30,35,35,90426,0,5,5.485484579707177,1.6982999950414523,311.45700000342913,24128.762247583658

1790086001,200,GET,[GET] /actuator/health,29.500000,0.000000,4,6,7,7,9,10,12,14,16,16,16,13202,0,4,5.100218254834684,2.1606000082101673,63.11669999558944,49.0

1790086001,200,GET,[GET] /api/soporte/election/status,30.500000,0.000000,4,5,6,6,8,9,10,13,15,15,15,12817,0,4,4.759113060869598,1.9298999977763742,50.95859999710228,78.0

1790086001,200,GET,[GET] /api/soporte/tickets,54.400000,0.000000,6,7,8,9,11,13,14,16,30,30,30,25769,0,7,7.405046455109216,3.699399996548891,311.45700000342913,84651.0

1790086001,200,GET,[GET] /health,84.700000,0.000000,4,5,5,6,7,8,10,11,19,19,19,38834,0,4,4.578328493112344,1.6982999950414523,82.81900000292808,83.99706442807849

1790086001,200,,Aggregated,199.100000,0.000000,5,6,7,7,9,10,13,14,30,30,30,90622,0,5,5.483724529415896,1.6982999950414523,311.45700000342913,24125.269636512105

1790086002,200,GET,[GET] /actuator/health,30.800000,0.000000,5,6,7,7,9,10,12,14,16,16,16,13229,0,4,5.099100408219439,2.1606000082101673,63.11669999558944,49.0

1790086002,200,GET,[GET] /api/soporte/election/status,30.000000,0.000000,4,5,5,6,7,8,10,13,15,15,15,12845,0,4,4.7580783574305565,1.9298999977763742,50.95859999710228,78.0

1790086002,200,GET,[GET] /api/soporte/tickets,54.400000,0.000000,7,7,8,9,11,13,14,16,30,30,30,25821,0,7,7.404570826136866,3.699399996548891,311.45700000342913,84651.0

1790086002,200,GET,[GET] /health,82.800000,0.000000,4,5,6,6,7,8,10,11,19,19,19,38918,0,4,4.577891644006864,1.6982999950414523,82.81900000292808,83.99699367901742

1790086002,200,,Aggregated,198.000000,0.000000,5,6,7,7,9,10,13,14,30,30,30,90813,0,5,5.4830181373225155,1.6982999950414523,311.45700000342913,24123.11670135333

1790086003,200,GET,[GET] /actuator/health,30.300000,0.000000,4,5,6,7,8,9,11,12,14,14,14,13251,0,4,5.098474311397623,2.1606000082101673,63.11669999558944,49.0

1790086003,200,GET,[GET] /api/soporte/election/status,29.800000,0.000000,4,5,5,6,7,8,9,10,15,15,15,12868,0,4,4.758005105779835,1.9298999977763742,50.95859999710228,78.0

1790086003,200,GET,[GET] /api/soporte/tickets,54.400000,0.000000,6,7,8,9,11,13,14,16,30,30,30,25892,0,7,7.403023505395883,3.699399996548891,311.45700000342913,84651.0

1790086003,200,GET,[GET] /health,82.300000,0.000000,4,5,5,6,7,8,10,11,19,19,19,39012,0,4,4.57708245159204,1.6982999950414523,82.81900000292808,83.99700092279299

1790086003,200,,Aggregated,196.800000,0.000000,5,6,6,7,8,10,12,14,28,30,30,91023,0,5,5.482417828512834,1.6982999950414523,311.45700000342913,24133.610032629116

1790086004,200,GET,[GET] /actuator/health,29.800000,0.000000,4,5,6,7,8,10,11,12,18,18,18,13288,0,4,5.099068219471929,2.1606000082101673,63.11669999558944,49.0

1790086004,200,GET,[GET] /api/soporte/election/status,30.400000,0.000000,4,5,5,6,7,8,9,11,15,15,15,12905,0,4,4.7589521504167225,1.9298999977763742,50.95859999710228,78.0

1790086004,200,GET,[GET] /api/soporte/tickets,54.200000,0.000000,6,7,8,9,11,13,15,19,30,30,30,25950,0,7,7.404648316055666,3.699399996548891,311.45700000342913,84651.0

1790086004,200,GET,[GET] /health,83.100000,0.000000,4,5,5,6,7,8,10,13,21,21,21,39081,0,4,4.579074243275537,1.6982999950414523,82.81900000292808,83.99700621785523

1790086004,200,,Aggregated,197.500000,0.000000,5,6,6,7,8,10,13,15,28,30,30,91224,0,5,5.484040606688663,1.6982999950414523,311.45700000342913,24134.370768657373

1790086005,200,GET,[GET] /actuator/health,29.900000,0.000000,4,5,6,7,8,10,12,16,44,44,44,13321,0,4,5.102254050022818,2.1606000082101673,63.11669999558944,49.0

1790086005,200,GET,[GET] /api/soporte/election/status,29.300000,0.000000,4,5,5,6,7,8,11,16,20,20,20,12932,0,4,4.76178066819872,1.9298999977763742,50.95859999710228,78.0

1790086005,200,GET,[GET] /api/soporte/tickets,55.500000,0.000000,6,7,8,9,11,13,15,19,62,62,62,25989,0,7,7.410595721328432,3.699399996548891,311.45700000342913,84651.0

1790086005,200,GET,[GET] /health,83.400000,0.000000,4,5,5,6,7,8,14,16,58,58,58,39178,0,4,4.5838641355190735,1.6982999950414523,82.81900000292808,83.99701363009852

1790086005,200,,Aggregated,198.100000,0.000000,5,6,6,7,8,11,14,18,62,62,62,91420,0,5,5.488154398430002,1.6982999950414523,311.45700000342913,24118.870039378693

1790086006,200,GET,[GET] /actuator/health,29.500000,0.000000,5,5,6,7,8,10,12,16,44,44,44,13352,0,4,5.102984414351236,2.1606000082101673,63.11669999558944,49.0

1790086006,200,GET,[GET] /api/soporte/election/status,29.600000,0.000000,4,5,6,6,7,8,11,16,20,20,20,12965,0,4,4.762761002786568,1.9298999977763742,50.95859999710228,78.0

1790086006,200,GET,[GET] /api/soporte/tickets,57.300000,0.000000,6,7,8,9,11,13,15,19,62,62,62,26045,0,7,7.410484872395376,3.699399996548891,311.45700000342913,84651.0

1790086006,200,GET,[GET] /health,81.900000,0.000000,4,5,6,6,7,8,14,16,58,58,58,39260,0,4,4.584189640890929,1.6982999950414523,82.81900000292808,83.99701986754967

1790086006,200,,Aggregated,198.300000,0.000000,5,6,6,7,8,11,14,18,62,62,62,91622,0,5,5.488481020982526,1.6982999950414523,311.45700000342913,24117.554037239963

1790086007,200,GET,[GET] /actuator/health,29.700000,0.000000,5,5,6,7,8,10,12,16,44,44,44,13378,0,4,5.104046643771697,2.1606000082101673,63.11669999558944,49.0

1790086007,200,GET,[GET] /api/soporte/election/status,29.300000,0.000000,4,5,6,6,7,9,14,16,20,20,20,12986,0,4,4.764093962817529,1.9298999977763742,50.95859999710228,78.0

1790086007,200,GET,[GET] /api/soporte/tickets,55.800000,0.000000,7,8,8,9,11,13,15,19,62,62,62,26108,0,7,7.411144220220133,3.699399996548891,311.45700000342913,84651.0

1790086007,200,GET,[GET] /health,84.400000,0.000000,4,5,6,6,7,8,14,16,58,58,58,39342,0,4,4.583722751800584,1.6982999950414523,82.81900000292808,83.99702607899954

1790086007,200,,Aggregated,199.200000,0.000000,5,6,7,7,9,11,15,18,62,62,62,91814,0,5,5.489047792323306,1.6982999950414523,311.45700000342913,24125.31148844403

1790086008,200,GET,[GET] /actuator/health,29.900000,0.000000,5,5,6,6,8,10,12,16,44,44,44,13406,0,4,5.1032393555388555,2.1606000082101673,63.11669999558944,49.0

1790086008,200,GET,[GET] /api/soporte/election/status,29.300000,0.000000,4,5,6,6,7,9,14,16,20,20,20,13015,0,4,4.763692186026728,1.9298999977763742,50.95859999710228,78.0

1790086008,200,GET,[GET] /api/soporte/tickets,54.700000,0.000000,7,8,8,9,11,13,15,19,62,62,62,26148,0,7,7.410093965178416,3.699399996548891,311.45700000342913,84651.0

1790086008,200,GET,[GET] /health,83.700000,0.000000,4,5,5,6,7,8,14,16,58,58,58,39438,0,4,4.581592991564936,1.6982999950414523,82.81900000292808,83.99703331811958

1790086008,200,,Aggregated,197.600000,0.000000,5,6,6,7,9,11,15,18,62,62,62,92007,0,5,5.487207299491505,1.6982999950414523,311.45700000342913,24111.633756127252

1790086009,200,GET,[GET] /actuator/health,30.300000,0.000000,5,6,6,6,8,10,12,16,44,44,44,13431,0,4,5.103493194876807,2.1606000082101673,63.11669999558944,49.0

1790086009,200,GET,[GET] /api/soporte/election/status,28.700000,0.000000,4,5,6,6,7,9,14,16,20,20,20,13045,0,4,4.762725550108423,1.9298999977763742,50.95859999710228,78.0

1790086009,200,GET,[GET] /api/soporte/tickets,55.400000,0.000000,7,8,8,9,11,13,16,19,62,62,62,26211,0,7,7.409704906393911,3.699399996548891,311.45700000342913,84651.0

1790086009,200,GET,[GET] /health,83.600000,0.000000,4,5,5,6,7,9,14,18,58,58,58,39522,0,4,4.582072966987584,1.6982999950414523,82.81900000292808,83.99703962350084

1790086009,200,,Aggregated,198.000000,0.000000,5,6,7,7,9,11,15,18,62,62,62,92209,0,5,5.4873519396623855,1.6982999950414523,311.45700000342913,24116.764318016678

1790086010,200,GET,[GET] /actuator/health,30.400000,0.000000,5,5,6,6,8,10,12,16,44,44,44,13461,0,4,5.103301730953892,2.1606000082101673,63.11669999558944,49.0

1790086010,200,GET,[GET] /api/soporte/election/status,27.800000,0.000000,4,5,6,6,7,9,12,16,20,20,20,13074,0,4,4.761371722590603,1.9298999977763742,50.95859999710228,78.0

1790086010,200,GET,[GET] /api/soporte/tickets,54.900000,0.000000,7,8,8,9,11,13,15,19,62,62,62,26264,0,7,7.410149771609984,3.699399996548891,311.45700000342913,84651.0

1790086010,200,GET,[GET] /health,83.400000,0.000000,4,5,5,6,7,9,14,16,58,58,58,39613,0,4,4.582746886156269,1.6982999950414523,82.81900000292808,83.99704642415368

1790086010,200,,Aggregated,196.500000,0.000000,5,6,7,7,9,11,14,17,62,62,62,92412,0,5,5.487406879024291,1.6982999950414523,311.45700000342913,24112.459420854433

1790086011,200,GET,[GET] /actuator/health,29.100000,0.000000,5,6,6,6,8,10,13,16,44,44,44,13490,0,4,5.103600459626643,2.1606000082101673,63.11669999558944,49.0

1790086011,200,GET,[GET] /api/soporte/election/status,28.000000,0.000000,4,5,6,6,7,9,12,16,20,20,20,13102,0,4,4.760215303094398,1.9298999977763742,50.95859999710228,78.0

1790086011,200,GET,[GET] /api/soporte/tickets,55.300000,0.000000,7,8,8,9,11,13,15,19,62,62,62,26327,0,7,7.408501629563332,3.699399996548891,311.45700000342913,84651.0

1790086011,200,GET,[GET] /health,84.200000,0.000000,4,5,5,6,7,9,14,18,58,58,58,39692,0,4,4.5824150106129995,1.6982999950414523,82.81900000292808,83.99705230273103

1790086011,200,,Aggregated,196.600000,0.000000,5,6,7,7,9,11,14,17,62,62,62,92611,0,5,5.486872510870968,1.6982999950414523,311.45700000342913,24118.342896632148

1790086012,200,GET,[GET] /actuator/health,28.300000,0.000000,5,5,6,6,8,10,13,16,44,44,44,13512,0,4,5.102776028744975,2.1606000082101673,63.11669999558944,49.0

1790086012,200,GET,[GET] /api/soporte/election/status,28.000000,0.000000,4,5,6,6,8,9,12,16,20,20,20,13125,0,4,4.760236525802784,1.9298999977763742,50.95859999710228,78.0

1790086012,200,GET,[GET] /api/soporte/tickets,54.800000,0.000000,7,8,8,9,11,13,15,19,62,62,62,26393,0,7,7.409463134220955,3.699399996548891,311.45700000342913,84651.0

1790086012,200,GET,[GET] /health,85.600000,0.000000,4,5,6,6,8,10,14,18,58,58,58,39784,0,4,4.5827900362264975,1.6982999950414523,82.81900000292808,83.99705911924391

1790086012,200,,Aggregated,196.700000,0.000000,5,6,7,7,9,11,15,17,62,62,62,92814,0,5,5.487388684942921,1.6982999950414523,311.45700000342913,24125.901480380115

1790086013,200,GET,[GET] /actuator/health,28.600000,0.000000,5,5,6,7,8,10,13,16,44,44,44,13538,0,4,5.103883092063655,2.1606000082101673,63.11669999558944,49.0

1790086013,200,GET,[GET] /api/soporte/election/status,28.600000,0.000000,4,5,6,6,8,9,12,16,20,20,20,13152,0,4,4.760746669795268,1.9298999977763742,50.95859999710228,78.0

1790086013,200,GET,[GET] /api/soporte/tickets,55.300000,0.000000,7,8,8,9,11,12,15,18,62,62,62,26448,0,7,7.409220459072228,3.699399996548891,311.45700000342913,84651.0

1790086013,200,GET,[GET] /health,86.500000,0.000000,4,5,6,6,7,9,12,16,58,58,58,39868,0,4,4.5835622705238634,1.6982999950414523,82.81900000292808,83.99706531554129

1790086013,200,,Aggregated,199.000000,0.000000,5,6,7,7,9,11,14,16,62,62,62,93006,0,5,5.4878850053146335,1.6982999950414523,311.45700000342913,24126.267778422898

1790086014,200,GET,[GET] /actuator/health,27.800000,0.000000,5,5,6,7,8,10,12,13,17,17,17,13563,0,4,5.1045493032747355,2.1606000082101673,63.11669999558944,49.0

1790086014,200,GET,[GET] /api/soporte/election/status,27.400000,0.000000,4,5,6,6,8,9,11,12,16,16,16,13176,0,4,4.762558257527161,1.9298999977763742,50.95859999710228,78.0

1790086014,200,GET,[GET] /api/soporte/tickets,56.700000,0.000000,7,8,9,9,11,12,14,15,18,18,18,26506,0,7,7.4111701841678395,3.699399996548891,311.45700000342913,84651.0

1790086014,200,GET,[GET] /health,84.800000,0.000000,4,5,6,6,7,9,11,13,19,19,19,39967,0,4,4.585082605683048,1.6982999950414523,82.81900000292808,83.99707258488253

1790086014,200,,Aggregated,196.700000,0.000000,5,6,7,7,9,11,13,14,18,19,19,93212,0,5,5.4893891688235446,1.6982999950414523,311.45700000342913,24125.743809809897

1790086015,200,GET,[GET] /actuator/health,28.000000,0.000000,5,5,6,7,8,9,12,13,17,17,17,13590,0,4,5.1051881825091385,2.1606000082101673,63.11669999558944,49.0

1790086015,200,GET,[GET] /api/soporte/election/status,27.900000,0.000000,4,5,6,6,8,9,11,12,16,16,16,13200,0,4,4.761511424333024,1.9298999977763742,50.95859999710228,78.0

1790086015,200,GET,[GET] /api/soporte/tickets,55.800000,0.000000,7,8,9,9,11,12,14,15,18,18,18,26556,0,7,7.410809990266604,3.699399996548891,311.45700000342913,84651.0

1790086015,200,GET,[GET] /health,85.200000,0.000000,4,5,6,6,7,9,11,13,19,19,19,40049,0,4,4.585212801850919,1.6982999950414523,82.81900000292808,83.99707857874104

1790086015,200,,Aggregated,196.900000,0.000000,5,6,7,7,9,11,13,14,18,19,19,93395,0,5,5.489224431761256,1.6982999950414523,311.45700000342913,24123.898120884416

1790086016,200,GET,[GET] /actuator/health,27.300000,0.000000,5,5,6,7,8,9,10,13,17,17,17,13620,0,4,5.106330506623502,2.1606000082101673,63.11669999558944,49.0

1790086016,200,GET,[GET] /api/soporte/election/status,27.100000,0.000000,4,5,5,6,8,9,10,11,13,13,13,13222,0,4,4.7611878612298755,1.9298999977763742,50.95859999710228,78.0

1790086016,200,GET,[GET] /api/soporte/tickets,54.500000,0.000000,7,8,8,9,11,12,14,15,18,18,18,26617,0,7,7.4103821693489635,3.699399996548891,311.45700000342913,84651.0

1790086016,200,GET,[GET] /health,88.100000,0.000000,4,5,6,6,8,9,11,13,19,19,19,40148,0,4,4.585659833648922,1.6982999950414523,82.81900000292808,83.99708578260436

1790086016,200,,Aggregated,197.000000,0.000000,5,6,7,7,9,10,13,14,18,19,19,93607,0,5,5.489417037233239,1.6982999950414523,311.45700000342913,24124.549211063277

1790086017,200,GET,[GET] /actuator/health,26.600000,0.000000,5,6,7,7,8,10,12,13,17,17,17,13653,0,4,5.107712121890392,2.1606000082101673,63.11669999558944,49.0

1790086017,200,GET,[GET] /api/soporte/election/status,26.500000,0.000000,4,5,5,6,8,9,10,11,13,13,13,13253,0,4,4.760376405428921,1.9298999977763742,50.95859999710228,78.0

1790086017,200,GET,[GET] /api/soporte/tickets,56.100000,0.000000,7,8,9,9,11,12,14,15,18,18,18,26676,0,7,7.40995850583306,3.699399996548891,311.45700000342913,84651.0

1790086017,200,GET,[GET] /health,87.200000,0.000000,4,5,6,6,8,9,11,13,19,19,19,40222,0,4,4.58624872212489,1.6982999950414523,82.81900000292808,83.99709114414996

1790086017,200,,Aggregated,196.400000,0.000000,5,6,7,7,9,11,13,14,18,19,19,93804,0,5,5.489755354827396,1.6982999950414523,311.45700000342913,24127.236983497507

1790086018,200,GET,[GET] /actuator/health,27.000000,0.000000,5,6,7,7,8,10,13,17,45,45,45,13685,0,4,5.110933942286916,2.1606000082101673,63.11669999558944,49.0

1790086018,200,GET,[GET] /api/soporte/election/status,25.700000,0.000000,4,5,5,6,7,9,10,11,13,13,13,13289,0,4,4.76020158033968,1.9298999977763742,50.95859999710228,78.0

1790086018,200,GET,[GET] /api/soporte/tickets,56.700000,0.000000,7,8,9,10,11,13,15,17,57,57,57,26734,0,7,7.413474822383955,3.699399996548891,311.45700000342913,84651.0

1790086018,200,GET,[GET] /health,87.800000,0.000000,4,5,6,7,8,10,12,14,43,43,43,40311,0,4,4.588779799591095,1.6982999950414523,82.81900000292808,83.99709756642108

1790086018,200,,Aggregated,197.200000,0.000000,5,6,7,8,9,11,13,15,45,57,57,94019,0,5,5.4922046416603,1.6982999950414523,311.45700000342913,24124.410470224102

1790086019,200,GET,[GET] /actuator/health,27.200000,0.000000,5,6,7,7,8,10,13,17,45,45,45,13715,0,4,5.109493700341414,2.1606000082101673,63.11669999558944,49.0

1790086019,200,GET,[GET] /api/soporte/election/status,26.100000,0.000000,4,5,6,6,8,9,11,11,13,13,13,13308,0,4,4.761433273301064,1.9298999977763742,50.95859999710228,78.0

1790086019,200,GET,[GET] /api/soporte/tickets,56.400000,0.000000,7,8,9,10,12,13,15,17,57,57,57,26778,0,7,7.412999746118381,3.699399996548891,311.45700000342913,84651.0

1790086019,200,GET,[GET] /health,87.800000,0.000000,4,5,6,6,8,10,12,14,43,43,43,40409,0,4,4.58789829991523,1.6982999950414523,82.81900000292808,83.99710460540969

1790086019,200,,Aggregated,197.500000,0.000000,5,6,7,7,9,11,13,15,45,57,57,94210,0,5,5.491344333978406,1.6982999950414523,311.45700000342913,24115.155248912004

1790086020,200,GET,[GET] /actuator/health,26.800000,0.000000,5,6,7,7,9,11,13,17,45,45,45,13743,0,4,5.113015673449641,2.1606000082101673,63.11669999558944,49.0

1790086020,200,GET,[GET] /api/soporte/election/status,27.400000,0.000000,4,5,6,6,8,10,11,11,13,13,13,13330,0,4,4.763532250644782,1.9298999977763742,50.95859999710228,78.0

1790086020,200,GET,[GET] /api/soporte/tickets,57.700000,0.000000,7,8,9,10,12,13,16,18,57,57,57,26832,0,7,7.413778294629871,3.699399996548891,311.45700000342913,84651.0

1790086020,200,GET,[GET] /health,88.000000,0.000000,4,5,6,7,8,10,12,14,43,43,43,40496,0,4,4.5903914880804795,1.6982999950414523,82.81900000292808,83.99711082576057

1790086020,200,,Aggregated,199.900000,0.000000,5,6,7,8,10,11,13,16,45,57,57,94401,0,5,5.493427529413133,1.6982999950414523,311.45700000342913,24114.896304064576

1790086021,200,GET,[GET] /actuator/health,27.700000,0.000000,5,6,7,7,9,11,13,17,45,45,45,13765,0,4,5.11181999275095,2.1606000082101673,63.11669999558944,49.0

1790086021,200,GET,[GET] /api/soporte/election/status,26.600000,0.000000,4,5,6,7,8,9,11,11,13,13,13,13364,0,4,4.762692779189492,1.9298999977763742,50.95859999710228,78.0

1790086021,200,GET,[GET] /api/soporte/tickets,56.300000,0.000000,7,8,9,9,11,13,16,18,57,57,57,26895,0,7,7.411818233930505,3.699399996548891,311.45700000342913,84651.0

1790086021,200,GET,[GET] /health,87.800000,0.000000,4,5,6,6,8,9,12,14,43,43,43,40579,0,4,4.589052238876361,1.6982999950414523,82.81900000292808,83.99711673525715

1790086021,200,,Aggregated,198.400000,0.000000,5,6,7,7,9,11,13,15,45,57,57,94603,0,5,5.492139051660413,1.6982999950414523,311.45700000342913,24119.89092312083

1790086022,200,GET,[GET] /actuator/health,28.300000,0.000000,5,6,7,7,8,11,13,17,45,45,45,13795,0,4,5.112015425892192,2.1606000082101673,63.11669999558944,49.0

1790086022,200,GET,[GET] /api/soporte/election/status,26.100000,0.000000,4,5,6,6,8,9,11,11,12,12,12,13400,0,4,4.762697164262488,1.9298999977763742,50.95859999710228,78.0

1790086022,200,GET,[GET] /api/soporte/tickets,56.100000,0.000000,7,8,9,9,11,13,15,18,57,57,57,26958,0,7,7.411892173068455,3.699399996548891,311.45700000342913,84651.0

1790086022,200,GET,[GET] /health,88.300000,0.000000,4,5,6,6,8,9,12,13,43,43,43,40645,0,4,4.5887391659817,1.6982999950414523,82.81900000292808,83.99712141714848

1790086022,200,,Aggregated,198.800000,0.000000,5,6,7,7,9,11,13,15,45,57,57,94798,0,5,5.492304557102531,1.6982999950414523,311.45700000342913,24126.636384733854

1790086023,200,GET,[GET] /actuator/health,28.000000,0.000000,5,6,7,7,8,10,12,17,45,45,45,13824,0,4,5.111849479181661,2.1606000082101673,63.11669999558944,49.0

1790086023,200,GET,[GET] /api/soporte/election/status,26.000000,0.000000,4,5,6,6,8,9,11,11,12,12,12,13424,0,4,4.7625470352441415,1.9298999977763742,50.95859999710228,78.0

1790086023,200,GET,[GET] /api/soporte/tickets,56.600000,0.000000,7,7,8,9,11,13,16,18,57,57,57,27033,0,7,7.411970905987102,3.699399996548891,311.45700000342913,84651.0

1790086023,200,GET,[GET] /health,87.300000,0.000000,4,5,6,6,8,9,12,14,43,43,43,40726,0,4,4.588489618459537,1.6982999950414523,82.81900000292808,83.99712714236605

1790086023,200,,Aggregated,197.900000,0.000000,5,6,7,7,9,11,13,16,45,57,57,95007,0,5,5.49261924178489,1.6982999950414523,311.45700000342913,24140.49278474218

1790086024,200,GET,[GET] /actuator/health,28.300000,0.000000,5,6,6,7,8,10,12,17,45,45,45,13844,0,4,5.111593231741655,2.1606000082101673,63.11669999558944,49.0

1790086024,200,GET,[GET] /api/soporte/election/status,26.900000,0.000000,4,5,6,7,8,9,11,11,12,12,12,13452,0,4,4.763521141921388,1.9298999977763742,50.95859999710228,78.0

1790086024,200,GET,[GET] /api/soporte/tickets,56.700000,0.000000,7,7,8,9,11,13,16,18,57,57,57,27092,0,7,7.412465528627334,3.699399996548891,311.45700000342913,84651.0

1790086024,200,GET,[GET] /health,87.300000,0.000000,4,5,6,6,8,10,12,14,43,43,43,40810,0,4,4.589305319809918,1.6982999950414523,82.81900000292808,83.99713305562362

1790086024,200,,Aggregated,199.200000,0.000000,5,6,7,7,9,11,14,16,45,57,57,95198,0,5,5.493307099985004,1.6982999950414523,311.45700000342913,24144.62937246581

1790086025,200,GET,[GET] /actuator/health,28.300000,0.000000,4,5,6,7,8,11,12,17,45,45,45,13874,0,4,5.110198335031568,2.1606000082101673,63.11669999558944,49.0

1790086025,200,GET,[GET] /api/soporte/election/status,27.100000,0.000000,4,5,6,6,8,9,11,11,12,12,12,13484,0,4,4.763306155533135,1.9298999977763742,50.95859999710228,78.0

1790086025,200,GET,[GET] /api/soporte/tickets,57.600000,0.000000,7,7,8,9,11,13,17,18,57,57,57,27145,0,7,7.412147459992594,3.699399996548891,311.45700000342913,84651.0

1790086025,200,GET,[GET] /health,85.600000,0.000000,4,5,5,6,8,10,12,14,43,43,43,40891,0,4,4.589127693168641,1.6982999950414523,82.81900000292808,83.9971387346849

1790086025,200,,Aggregated,198.600000,0.000000,5,6,7,7,9,11,14,16,45,57,57,95394,0,5,5.492841008913502,1.6982999950414523,311.45700000342913,24142.165125689247

1790086026,200,GET,[GET] /actuator/health,27.900000,0.000000,4,5,6,6,8,11,12,17,45,45,45,13907,0,4,5.111141209471679,2.1606000082101673,63.11669999558944,49.0

1790086026,200,GET,[GET] /api/soporte/election/status,26.900000,0.000000,4,5,6,6,8,9,11,11,12,12,12,13510,0,4,4.763381265821913,1.9298999977763742,50.95859999710228,78.0

1790086026,200,GET,[GET] /api/soporte/tickets,58.400000,0.000000,7,7,8,9,11,13,17,18,57,57,57,27203,0,7,7.410612671452634,3.699399996548891,311.45700000342913,84651.0

1790086026,200,GET,[GET] /health,84.400000,0.000000,4,5,5,6,8,10,12,14,43,43,43,40987,0,4,4.590131592976155,1.6982999950414523,82.81900000292808,83.99714543635787

1790086026,200,,Aggregated,197.600000,0.000000,5,6,7,7,9,11,14,16,45,57,57,95607,0,5,5.492908906295735,1.6982999950414523,311.45700000342913,24139.85552313115

1790086027,200,GET,[GET] /actuator/health,28.600000,0.000000,4,5,6,6,8,11,12,17,45,45,45,13942,0,4,5.108981430217925,2.1606000082101673,63.11669999558944,49.0

1790086027,200,GET,[GET] /api/soporte/election/status,28.000000,0.000000,4,5,6,7,8,9,11,11,12,12,12,13532,0,4,4.76253273731124,1.9298999977763742,50.95859999710228,78.0

1790086027,200,GET,[GET] /api/soporte/tickets,58.500000,0.000000,7,7,8,9,11,13,16,18,57,57,57,27259,0,7,7.410542862966238,3.699399996548891,311.45700000342913,84651.0

1790086027,200,GET,[GET] /health,83.500000,0.000000,4,5,5,6,8,10,12,14,43,43,43,41070,0,4,4.589912697867238,1.6982999950414523,82.81900000292808,83.99715120525931

1790086027,200,,Aggregated,198.600000,0.000000,5,6,7,7,9,11,13,16,45,57,57,95803,0,5,5.492392873964262,1.6982999950414523,311.45700000342913,24140.058515912864

1790086028,200,GET,[GET] /actuator/health,28.000000,0.000000,4,5,6,6,8,10,12,12,13,13,13,13978,0,4,5.1083439047107655,2.1606000082101673,63.11669999558944,49.0

1790086028,200,GET,[GET] /api/soporte/election/status,28.600000,0.000000,4,5,6,6,8,9,11,11,12,12,12,13557,0,4,4.76082581701548,1.9298999977763742,50.95859999710228,78.0

1790086028,200,GET,[GET] /api/soporte/tickets,58.400000,0.000000,6,7,8,9,10,13,15,18,21,21,21,27312,0,7,7.409517889630403,3.699399996548891,311.45700000342913,84651.0

1790086028,200,GET,[GET] /health,84.200000,0.000000,4,5,5,6,8,9,11,12,18,18,18,41150,0,4,4.589177096024722,1.6982999950414523,82.81900000292808,83.9971567436209

1790086028,200,,Aggregated,199.200000,0.000000,5,6,7,7,9,11,12,15,19,21,21,95997,0,5,5.491425115413282,1.6982999950414523,311.45700000342913,24138.118514120233

1790086029,200,GET,[GET] /actuator/health,28.100000,0.000000,4,5,6,6,8,10,11,12,12,12,12,14010,0,4,5.108874039978738,2.1606000082101673,63.11669999558944,49.0

1790086029,200,GET,[GET] /api/soporte/election/status,28.400000,0.000000,4,5,6,6,7,8,9,11,11,11,11,13588,0,4,4.760124102240889,1.9298999977763742,50.95859999710228,78.0

1790086029,200,GET,[GET] /api/soporte/tickets,57.800000,0.000000,6,7,8,8,10,11,15,16,21,21,21,27366,0,7,7.407643853746969,3.699399996548891,311.45700000342913,84651.0

1790086029,200,GET,[GET] /health,84.600000,0.000000,4,5,5,6,7,9,11,12,21,21,21,41234,0,4,4.588917150929213,1.6982999950414523,82.81900000292808,83.99716253577145

1790086029,200,,Aggregated,198.900000,0.000000,5,6,6,7,8,10,12,14,21,21,21,96198,0,5,5.490684661889084,1.6982999950414523,311.45700000342913,24135.316316347533

1790086030,200,GET,[GET] /actuator/health,30.200000,0.000000,5,5,6,6,7,9,11,12,12,12,12,14038,0,4,5.108620316292027,2.1606000082101673,63.11669999558944,49.0

1790086030,200,GET,[GET] /api/soporte/election/status,26.700000,0.000000,4,5,6,6,7,8,9,11,11,11,11,13611,0,4,4.760489148576067,1.9298999977763742,50.95859999710228,78.0

1790086030,200,GET,[GET] /api/soporte/tickets,57.700000,0.000000,6,7,8,8,10,12,15,17,32,32,32,27422,0,7,7.408050510602322,3.699399996548891,311.45700000342913,84651.0

1790086030,200,GET,[GET] /health,83.700000,0.000000,4,5,5,6,7,9,10,12,21,21,21,41339,0,4,4.588145192224637,1.6982999950414523,82.81900000292808,83.99716974285784

1790086030,200,,Aggregated,198.300000,0.000000,5,6,7,7,8,10,12,14,21,32,32,96410,0,5,5.4903301006585155,1.6982999950414523,311.45700000342913,24131.53823254849

1790086031,200,GET,[GET] /actuator/health,29.900000,0.000000,5,5,6,6,7,9,11,12,12,12,12,14059,0,4,5.108798200446487,2.1606000082101673,63.11669999558944,49.0

1790086031,200,GET,[GET] /api/soporte/election/status,27.400000,0.000000,4,5,6,6,8,9,11,11,40,40,40,13644,0,4,4.764166021786955,1.9298999977763742,50.95859999710228,78.0

1790086031,200,GET,[GET] /api/soporte/tickets,58.600000,0.000000,6,7,8,9,11,13,16,19,38,38,38,27475,0,7,7.412285568762284,3.699399996548891,311.45700000342913,84651.0

1790086031,200,GET,[GET] /health,82.700000,0.000000,4,5,5,6,8,9,11,13,41,41,41,41440,0,4,4.590335079667977,1.6982999950414523,82.81900000292808,83.99717664092664

1790086031,200,,Aggregated,198.600000,0.000000,5,6,7,7,9,10,13,15,40,41,41,96618,0,5,5.492795408769826,1.6982999950414523,311.45700000342913,24126.1482435985

1790086032,200,GET,[GET] /actuator/health,29.200000,0.000000,4,5,6,6,7,8,11,12,14,14,14,14095,0,4,5.108347194049684,2.1606000082101673,63.11669999558944,49.0

1790086032,200,GET,[GET] /api/soporte/election/status,28.000000,0.000000,4,5,6,6,8,9,11,11,40,40,40,13657,0,4,4.763803053470572,1.9298999977763742,50.95859999710228,78.0

1790086032,200,GET,[GET] /api/soporte/tickets,59.000000,0.000000,7,7,8,9,11,13,15,17,38,38,38,27533,0,7,7.412661315575713,3.699399996548891,311.45700000342913,84651.0

1790086032,200,GET,[GET] /health,83.500000,0.000000,4,5,5,6,7,9,11,13,41,41,41,41517,0,4,4.5893195799656885,1.6982999950414523,82.81900000292808,83.99718187730328

1790086032,200,,Aggregated,199.700000,0.000000,5,6,7,7,9,10,13,15,40,41,41,96802,0,5,5.492541445471782,1.6982999950414523,311.45700000342913,24131.104677589305

1790086033,200,GET,[GET] /actuator/health,29.600000,0.000000,5,5,6,7,8,10,12,14,19,19,19,14123,0,4,5.11113107697325,2.1606000082101673,63.11669999558944,49.0

1790086033,200,GET,[GET] /api/soporte/election/status,27.200000,0.000000,4,5,6,6,7,9,11,12,40,40,40,13690,0,4,4.765036406223897,1.9298999977763742,50.95859999710228,78.0

1790086033,200,GET,[GET] /api/soporte/tickets,57.800000,0.000000,7,8,8,9,11,12,16,21,38,38,38,27585,0,7,7.413664332126919,3.699399996548891,311.45700000342913,84651.0

1790086033,200,GET,[GET] /health,84.100000,0.000000,4,5,5,6,7,9,11,14,41,41,41,41614,0,4,4.591329163296924,1.6982999950414523,82.81900000292808,83.99718844619599

1790086033,200,,Aggregated,198.700000,0.000000,5,6,7,7,9,10,13,16,40,41,41,97012,0,5,5.494035325572688,1.6982999950414523,311.45700000342913,24124.367511235723

1790086034,200,GET,[GET] /actuator/health,29.300000,0.000000,5,5,6,7,8,10,12,14,19,19,19,14147,0,4,5.112396974632504,2.1606000082101673,63.11669999558944,49.0

1790086034,200,GET,[GET] /api/soporte/election/status,26.600000,0.000000,4,5,6,6,7,9,12,12,40,40,40,13716,0,4,4.765264304549084,1.9298999977763742,50.95859999710228,78.0

1790086034,200,GET,[GET] /api/soporte/tickets,56.800000,0.000000,7,8,8,9,11,13,16,17,38,38,38,27644,0,7,7.413659018295141,3.699399996548891,311.45700000342913,84651.0

1790086034,200,GET,[GET] /health,86.400000,0.000000,4,5,6,6,8,9,12,15,41,41,41,41696,0,4,4.592991996869023,1.6982999950414523,82.81900000292808,83.99719397544129

1790086034,200,,Aggregated,199.100000,0.000000,5,6,7,7,9,11,13,17,40,41,41,97203,0,5,5.495077614934961,1.6982999950414523,311.45700000342913,24128.449142516176

1790086035,200,GET,[GET] /actuator/health,29.700000,0.000000,5,6,6,7,8,9,12,14,19,19,19,14174,0,4,5.112483053488143,2.1606000082101673,63.11669999558944,49.0

1790086035,200,GET,[GET] /api/soporte/election/status,26.000000,0.000000,4,5,6,6,7,9,12,12,40,40,40,13747,0,4,4.766086288007497,1.9298999977763742,50.95859999710228,78.0

1790086035,200,GET,[GET] /api/soporte/tickets,55.600000,0.000000,7,8,8,9,11,13,16,22,38,38,38,27695,0,7,7.414364195767799,3.699399996548891,311.45700000342913,84651.0

1790086035,200,GET,[GET] /health,87.900000,0.000000,4,5,6,6,7,9,12,16,41,41,41,41788,0,4,4.593186783321156,1.6982999950414523,82.81900000292808,83.99720015315401

1790086035,200,,Aggregated,199.200000,0.000000,5,6,7,7,9,11,13,17,40,41,41,97404,0,5,5.49530438898396,1.6982999950414523,311.45700000342913,24123.098763911134

1790086036,200,GET,[GET] /actuator/health,30.600000,0.000000,5,6,6,7,8,10,12,14,19,19,19,14191,0,4,5.112604228040583,2.1606000082101673,63.11669999558944,49.0

1790086036,200,GET,[GET] /api/soporte/election/status,26.800000,0.000000,4,5,6,6,7,9,12,12,40,40,40,13779,0,4,4.766805929404903,1.9298999977763742,50.95859999710228,78.0

1790086036,200,GET,[GET] /api/soporte/tickets,54.900000,0.000000,7,8,8,9,11,12,16,22,38,38,38,27758,0,7,7.413507053889096,3.699399996548891,311.45700000342913,84651.0

1790086036,200,GET,[GET] /health,88.100000,0.000000,4,5,6,6,7,9,12,16,41,41,41,41878,0,4,4.592930834839453,1.6982999950414523,82.81900000292808,83.99720617030421

1790086036,200,,Aggregated,200.400000,0.000000,5,6,7,7,9,11,13,17,40,41,41,97606,0,5,5.49517111452835,1.6982999950414523,311.45700000342913,24127.92465627113

1790086037,200,GET,[GET] /actuator/health,30.100000,0.000000,5,6,7,7,8,11,14,15,19,19,19,14220,0,4,5.114601962031756,2.1606000082101673,63.11669999558944,49.0

1790086037,200,GET,[GET] /api/soporte/election/status,26.300000,0.000000,4,5,6,7,8,9,12,12,40,40,40,13807,0,4,4.766838907890912,1.9298999977763742,50.95859999710228,78.0

1790086037,200,GET,[GET] /api/soporte/tickets,54.500000,0.000000,7,8,9,9,11,12,16,22,38,38,38,27826,0,7,7.412785096739367,3.699399996548891,311.45700000342913,84651.0

1790086037,200,GET,[GET] /health,88.500000,0.000000,4,5,6,6,7,9,13,16,41,41,41,41954,0,4,4.593026610131175,1.6982999950414523,82.81900000292808,83.99721123134862

1790086037,200,,Aggregated,199.400000,0.000000,5,6,7,7,9,11,14,17,40,41,41,97807,0,5,5.4956125962830304,1.6982999950414523,311.45700000342913,24137.295602564234

1790086038,200,GET,[GET] /actuator/health,29.100000,0.000000,5,6,7,7,8,11,14,15,19,19,19,14257,0,4,5.114383278394152,2.1606000082101673,63.11669999558944,49.0

1790086038,200,GET,[GET] /api/soporte/election/status,26.300000,0.000000,4,5,6,7,8,9,12,12,40,40,40,13833,0,4,4.765740280576922,1.9298999977763742,50.95859999710228,78.0

1790086038,200,GET,[GET] /api/soporte/tickets,55.100000,0.000000,7,8,9,9,11,13,16,26,38,38,38,27880,0,7,7.414286058172958,3.699399996548891,311.45700000342913,84651.0

1790086038,200,GET,[GET] /health,88.700000,0.000000,4,5,6,6,7,9,12,15,41,41,41,42033,0,4,4.592793445661976,1.6982999950414523,82.81900000292808,83.9972164727714

1790086038,200,,Aggregated,199.200000,0.000000,5,6,7,7,9,11,14,17,40,41,41,98003,0,5,5.495744312976724,1.6982999950414523,311.45700000342913,24135.77239472261

1790086039,200,GET,[GET] /actuator/health,28.200000,0.000000,5,6,7,7,8,11,14,15,19,19,19,14278,0,4,5.114878351316732,2.1606000082101673,63.11669999558944,49.0

1790086039,200,GET,[GET] /api/soporte/election/status,26.600000,0.000000,4,5,6,7,8,10,12,12,40,40,40,13868,0,4,4.768076153822672,1.9298999977763742,50.95859999710228,78.0

1790086039,200,GET,[GET] /api/soporte/tickets,56.100000,0.000000,7,8,9,10,12,14,17,26,38,38,38,27934,0,7,7.4168891566516395,3.699399996548891,311.45700000342913,84651.0

1790086039,200,GET,[GET] /health,87.800000,0.000000,4,5,6,6,8,9,13,15,41,41,41,42123,0,4,4.592933245531284,1.6982999950414523,82.81900000292808,83.99722242005555

1790086039,200,,Aggregated,198.700000,0.000000,5,6,7,7,10,12,14,17,40,41,41,98203,0,5,5.496832296413901,1.6982999950414523,311.45700000342913,24133.280806085353

1790086040,200,GET,[GET] /actuator/health,26.900000,0.000000,5,6,7,7,8,11,14,15,19,19,19,14306,0,4,5.1144774919728295,2.1606000082101673,63.11669999558944,49.0

1790086040,200,GET,[GET] /api/soporte/election/status,26.900000,0.000000,4,5,6,7,8,10,12,12,40,40,40,13892,0,4,4.768700863894056,1.9298999977763742,50.95859999710228,78.0

1790086040,200,GET,[GET] /api/soporte/tickets,56.200000,0.000000,7,8,9,10,12,13,17,26,38,38,38,27993,0,7,7.417524209691726,3.699399996548891,311.45700000342913,84651.0

1790086040,200,GET,[GET] /health,87.300000,0.000000,4,5,6,6,8,9,13,15,41,41,41,42209,0,4,4.5932792366922355,1.6982999950414523,82.81900000292808,83.99722807931957

1790086040,200,,Aggregated,197.300000,0.000000,5,6,7,7,9,12,14,17,40,41,41,98400,0,5,5.4972661169189285,1.6982999950414523,311.45700000342913,24135.82776422764

1790086041,200,GET,[GET] /actuator/health,26.600000,0.000000,5,6,7,7,8,11,13,15,19,19,19,14340,0,4,5.1139242468725135,2.1606000082101673,63.11669999558944,49.0

1790086041,200,GET,[GET] /api/soporte/election/status,27.600000,0.000000,4,5,6,7,8,10,12,12,14,14,14,13919,0,4,4.767990552571058,1.9298999977763742,50.95859999710228,78.0

1790086041,200,GET,[GET] /api/soporte/tickets,56.400000,0.000000,7,8,9,9,11,13,15,17,34,34,34,28042,0,7,7.415914781469237,3.699399996548891,311.45700000342913,84651.0

1790086041,200,GET,[GET] /health,88.500000,0.000000,4,5,6,6,7,9,12,14,20,20,20,42293,0,4,4.591991953786554,1.6982999950414523,82.81900000292808,83.99723358475399

1790086041,200,,Aggregated,199.100000,0.000000,5,6,7,7,9,11,13,15,30,34,34,98594,0,5,5.4959280707227975,1.6982999950414523,311.45700000342913,24130.516857009556

